ym,rank,ticker,company,permno,score,pctile,n_universe
199601,1,PCAM,PHYSICIAN CORP OF AMERICA,78996,335.50635,1.0,4629
199601,2,SIII,SONICBLUE INC,79009,324.76556,0.9997839706200043,4629
199601,3,SHVA,SHIVA CORP,81106,311.2566,0.9995679412400087,4629
199601,4,ALSC,ALLIANCE SEMICONDUCTOR CORP,79935,307.71625,0.9993519118600129,4629
199601,5,TRID,TRIDENT MICROSYSTEMS INC,78208,307.16797,0.9991358824800173,4629
199601,6,QDEK,QUARTERDECK CORP,76698,306.03128,0.9989198531000216,4629
199601,7,CVTY,COVENTRY HEALTH CARE INC,76619,303.47745,0.998703823720026,4629
199601,8,ASND,ASCEND COMMUNICATIONS INC,80506,301.90897,0.9984877943400302,4629
199601,9,CUBE,C CUBE MICROSYSTEMS INC NEW,80441,301.63196,0.9982717649600346,4629
199601,10,NETM,NETMANAGE INC,79612,301.27438,0.9980557355800389,4629
199601,11,SYBS,SYBASE INC,76792,300.43335,0.9978397062000433,4629
199601,12,BVAS,SYNOVIS LIFE TECHNOLOGIES INC,11132,300.2916,0.9976236768200475,4629
199601,13,PRMS,PREMISYS COMMUNICATIONS INC,81578,300.2428,0.9974076474400518,4629
199601,14,ORG,ORGANOGENESIS INC,10928,298.65018,0.9971916180600562,4629
199601,15,CLST,CELLSTAR CORP,79950,293.09918,0.9969755886800605,4629
199601,16,ADTN,ADTRAN HOLDINGS INC,80791,292.25012,0.9967595593000648,4629
199601,17,CSCC,CASCADE COMMUNICATIONS CORP,80743,291.5047,0.9965435299200691,4629
199601,18,ISSI,INTEGRATED SILICON SOLUTION INC,81256,290.15405,0.9963275005400735,4629
199601,19,WNDR,WONDERWARE CORP,79429,289.07343,0.9961114711600778,4629
199601,20,PSIX,PSINET INC,81639,287.28326,0.995895441780082,4629
199601,21,PTEC,PHOENIX TECHNOLOGIES LTD,11917,287.2558,0.9956794124000864,4629
199601,22,MISS,MISSISSIPPI CHEMICAL CORP,80829,286.90244,0.9954633830200907,4629
199601,23,PLAT,PLATINUM TECHNOLOGY INTL INC,76620,286.5253,0.9952473536400951,4629
199601,24,ALTC,ALANTEC CORP,80222,286.1295,0.9950313242600993,4629
199601,25,DELL,DELL INC,11081,285.2139,0.9948152948801037,4629
199602,1,PSIX,PSINET INC,81639,330.35614,1.0,4651
199602,2,MERQ,MERCURY INTERACTIVE CORP,79718,325.3779,0.9997849924747366,4651
199602,3,PCAM,PHYSICIAN CORP OF AMERICA,78996,323.34717,0.9995699849494732,4651
199602,4,NFLD,NORTHFIELD LABORATORIES INC,80559,321.06628,0.9993549774242099,4651
199602,5,GCR,GAYLORD CONTAINER CORP IL,75295,319.00256,0.9991399698989465,4651
199602,6,AVID,AVID TECHNOLOGY INC,78955,318.74115,0.9989249623736831,4651
199602,7,CMOS,CREDENCE SYSTEMS CORP,79683,314.7772,0.9987099548484197,4651
199602,8,SGIH,SCIENTIFIC GAMES HOLDINGS CORP,79526,309.4932,0.9984949473231564,4651
199602,9,CLST,CELLSTAR CORP,79950,305.40082,0.998279939797893,4651
199602,10,STAC,PREVIO INC,77581,301.3168,0.9980649322726295,4651
199602,11,TV,GRUPO TELEVISA SA,80089,297.01178,0.9978499247473661,4651
199602,12,ALSC,ALLIANCE SEMICONDUCTOR CORP,79935,293.8374,0.9976349172221027,4651
199602,13,GVIL,ONEWORLD SYSTEMS INC,80244,290.56848,0.9974199096968394,4651
199602,14,MU,MICRON TECHNOLOGY INC,53613,289.5901,0.997204902171576,4651
199602,15,IOMG,IOMEGA CORP,45891,287.96298,0.9969898946463126,4651
199602,16,IPEC,INTEGRATED PROCESS EQUIP CORP,77851,287.39685,0.9967748871210492,4651
199602,17,LIPO,LIPOSOME COMPANY INC,10513,287.25082,0.9965598795957858,4651
199602,18,CYRX,CYRIX CORP,79377,286.45508,0.9963448720705225,4651
199602,19,PSQL,EPICOR SOFTWARE CORP,78008,282.48428,0.9961298645452591,4651
199602,20,CEPH,CEPHALON INC,76625,279.95648,0.9959148570199957,4651
199602,21,ODSI,INTRUSION INC,77624,279.69452,0.9956998494947323,4651
199602,22,MAGN,GENAERA CORP,77171,279.57504,0.995484841969469,4651
199602,23,STAT,I STAT CORP,77356,278.85944,0.9952698344442056,4651
199602,24,PLAT,PLATINUM TECHNOLOGY INTL INC,76620,277.987,0.9950548269189422,4651
199602,25,NEOP,NAVIDEA BIOPHARMACEUTICALS INC,78066,277.43393,0.9948398193936788,4651
199603,1,OAKT,OAK TECHNOLOGY INC,81265,335.88293,1.0,4689
199603,2,NFLD,NORTHFIELD LABORATORIES INC,80559,299.90762,0.999786734911495,4689
199603,3,SUBM,SUBMICRON SYSTEMS CORP,79623,294.54974,0.99957346982299,4689
199603,4,ATIS,ADVANCED TISSUE SCIENCES INC,11895,290.58105,0.999360204734485,4689
199603,5,SPOT,PANAMSAT CORP,82283,288.58154,0.99914693964598,4689
199603,6,NSCP,NETSCAPE COMMUNICATIONS CORP,82200,288.47665,0.998933674557475,4689
199603,7,NPIX,NETWORK PERIPHERALS INC,80652,288.25864,0.9987204094689699,4689
199603,8,SCLN,SCICLONE PHARMACEUTICALS INC,77413,287.06558,0.998507144380465,4689
199603,9,INTU,INTUIT INC,78975,287.06406,0.9982938792919599,4689
199603,10,MU,MICRON TECHNOLOGY INC,53613,285.53177,0.9980806142034548,4689
199603,11,SGIH,SCIENTIFIC GAMES HOLDINGS CORP,79526,285.3088,0.9978673491149499,4689
199603,12,STAT,I STAT CORP,77356,284.6248,0.9976540840264448,4689
199603,13,CDCO,CIDCO INC,80313,284.40405,0.9974408189379399,4689
199603,14,CLST,CELLSTAR CORP,79950,283.9247,0.9972275538494348,4689
199603,15,SHVA,SHIVA CORP,81106,283.30023,0.9970142887609298,4689
199603,16,DLGC,DIALOGIC CORP,80442,282.84775,0.9968010236724248,4689
199603,17,NEOP,NAVIDEA BIOPHARMACEUTICALS INC,78066,282.57144,0.9965877585839198,4689
199603,18,GILD,GILEAD SCIENCES INC,77274,281.7103,0.9963744934954148,4689
199603,19,CUBE,C CUBE MICROSYSTEMS INC NEW,80441,281.3429,0.9961612284069098,4689
199603,20,MEDI,MEDIMMUNE INC,76656,280.48962,0.9959479633184047,4689
199603,21,CSCC,CASCADE COMMUNICATIONS CORP,80743,277.9033,0.9957346982298998,4689
199603,22,NETC,NETCOM ON LINE COMM SVCS INC,81169,276.9369,0.9955214331413947,4689
199603,23,STRM,STRATACOM INC,77793,276.81577,0.9953081680528898,4689
199603,24,PCTL,PICTURETEL CORP,91003,276.60672,0.9950949029643847,4689
199603,25,ADAX,APPLIED DIGITAL ACCESS INC,80302,276.4403,0.9948816378758797,4689
199604,1,OAKT,OAK TECHNOLOGY INC,81265,353.723,1.0,4810
199604,2,APLX,APPLIX INC,81137,329.56195,0.9997920997920998,4810
199604,3,ISLI,INTERSOLV,75528,322.35663,0.9995841995841996,4810
199604,4,RIDE,RIDE INC,80572,311.14798,0.9993762993762993,4810
199604,5,GANDF,GANDALF TECHNOLOGIES INC,78425,308.0276,0.9991683991683992,4810
199604,6,SERA,P M C SIERRA INC,76624,303.67578,0.998960498960499,4810
199604,7,CVTY,COVENTRY HEALTH CARE INC,76619,302.57468,0.9987525987525988,4810
199604,8,PHYN,PHYSICIAN RELIANCE NETWORK INC,81099,301.48508,0.9985446985446985,4810
199604,9,GART,GARTNER INC,79698,301.1855,0.9983367983367983,4810
199604,10,RXR,REVCO D S INC NEW,77641,296.11243,0.9981288981288982,4810
199604,11,SIII,SONICBLUE INC,79009,295.42242,0.997920997920998,4810
199604,12,PAIR,PAIRGAIN TECHNOLOGIES INC,79616,294.36584,0.9977130977130977,4810
199604,13,DLGC,DIALOGIC CORP,80442,291.66058,0.9975051975051975,4810
199604,14,ALSC,ALLIANCE SEMICONDUCTOR CORP,79935,291.18646,0.9972972972972973,4810
199604,15,THDO,3DO CO THE,79197,289.27844,0.9970893970893971,4810
199604,16,SDTI,R S A SEC INC,81178,289.05243,0.9968814968814969,4810
199604,17,VVUS,VIVUS INC,80485,288.5654,0.9966735966735967,4810
199604,18,WNDR,WONDERWARE CORP,79429,288.2307,0.9964656964656965,4810
199604,19,AVID,AVID TECHNOLOGY INC,78955,287.60977,0.9962577962577963,4810
199604,20,DIMD,DIAMOND MULTIMEDIA SYSTEMS INC,81550,287.02606,0.996049896049896,4810
199604,21,SPYN,SPINE TECH INC,81751,286.9704,0.9958419958419958,4810
199604,22,NETM,NETMANAGE INC,79612,286.4845,0.9956340956340957,4810
199604,23,ADAX,APPLIED DIGITAL ACCESS INC,80302,286.44818,0.9954261954261955,4810
199604,24,FORE,FORE SYSTEMS INC,80526,284.15,0.9952182952182952,4810
199604,25,CERN,CERNER CORP,10909,283.15137,0.995010395010395,4810
199605,1,OAKT,OAK TECHNOLOGY INC,81265,324.13464,1.0,4862
199605,2,VVUS,VIVUS INC,80485,319.1863,0.9997943233237351,4862
199605,3,APLX,APPLIX INC,81137,317.6118,0.9995886466474702,4862
199605,4,PSIX,PSINET INC,81639,308.16824,0.9993829699712052,4862
199605,5,MU,MICRON TECHNOLOGY INC,53613,306.97543,0.9991772932949403,4862
199605,6,DSLGF,DISCREET LOGIC INC,81699,306.24765,0.9989716166186754,4862
199605,7,EGGS,EGGHEAD COM INC,11964,306.10214,0.9987659399424106,4862
199605,8,LIPO,LIPOSOME COMPANY INC,10513,303.71143,0.9985602632661457,4862
199605,9,GVIL,ONEWORLD SYSTEMS INC,80244,299.61264,0.9983545865898807,4862
199605,10,SDTI,R S A SEC INC,81178,299.2933,0.9981489099136158,4862
199605,11,SSAX,SYSTEM SOFTWARE ASSOC INC,11103,298.9263,0.9979432332373509,4862
199605,12,GANDF,GANDALF TECHNOLOGIES INC,78425,298.30792,0.997737556561086,4862
199605,13,APAC,A P A C CUSTOMER SERVICES INC,82471,297.34708,0.9975318798848211,4862
199605,14,QCOM,QUALCOMM INC,77178,295.71597,0.9973262032085561,4862
199605,15,THDO,3DO CO THE,79197,295.0343,0.9971205265322912,4862
199605,16,CATP,CAMBRIDGE TECHNOLOGY PRTNRS INC,79075,294.2666,0.9969148498560263,4862
199605,17,SEVL,LEARN2 COM INC,81008,291.59976,0.9967091731797614,4862
199605,18,SPYN,SPINE TECH INC,81751,291.39468,0.9965034965034965,4862
199605,19,OFIS,U S OFFICE PRODUCTS CO,81266,290.96802,0.9962978198272316,4862
199605,20,DSPC,D S P COMMUNICATIONS INC,81482,290.92987,0.9960921431509667,4862
199605,21,CHMD,CHRONIMED INC,77427,288.5482,0.9958864664747018,4862
199605,22,FORT,FORT HOWARD CORP NEW,81487,287.60583,0.9956807897984369,4862
199605,23,GART,GARTNER INC,79698,285.88608,0.995475113122172,4862
199605,24,NOVL,NOVELL INC,90609,285.44366,0.995269436445907,4862
199605,25,ADAX,APPLIED DIGITAL ACCESS INC,80302,285.06522,0.9950637597696421,4862
199606,1,OLGC,CAPSTONE HOLDING CORP,78836,350.57562,1.0,4901
199606,2,NETM,NETMANAGE INC,79612,333.02554,0.9997959600081616,4901
199606,3,PLAT,PLATINUM TECHNOLOGY INTL INC,76620,323.57822,0.9995919200163232,4901
199606,4,LISB,LONG ISLAND BANCORP INC,80457,322.6266,0.9993878800244848,4901
199606,5,FORE,FORE SYSTEMS INC,80526,315.6844,0.9991838400326464,4901
199606,6,CYRX,CYRIX CORP,79377,314.22586,0.998979800040808,4901
199606,7,SPYG,SPYGLASS INC,81750,309.8477,0.9987757600489696,4901
199606,8,IOMG,IOMEGA CORP,45891,308.97864,0.9985717200571312,4901
199606,9,COPY,ANIXA BIOSCIENCES INC,27167,306.12976,0.9983676800652928,4901
199606,10,MU,MICRON TECHNOLOGY INC,53613,305.46863,0.9981636400734544,4901
199606,11,MADGF,MADGE NETWORKS NV,79504,303.00238,0.997959600081616,4901
199606,12,CTSC,ASENSUS SURGICAL INC,76908,302.11566,0.9977555600897776,4901
199606,13,EGGS,EGGHEAD COM INC,11964,300.0896,0.9975515200979392,4901
199606,14,ADAX,APPLIED DIGITAL ACCESS INC,80302,300.05524,0.9973474801061007,4901
199606,15,APLX,APPLIX INC,81137,299.37943,0.9971434401142624,4901
199606,16,CATP,CAMBRIDGE TECHNOLOGY PRTNRS INC,79075,298.85355,0.996939400122424,4901
199606,17,CRUS,CIRRUS LOGIC INC,75603,292.97076,0.9967353601305856,4901
199606,18,FTPS,F T P SOFTWARE INC,79829,291.20703,0.9965313201387472,4901
199606,19,ASTF,M P S GROUP INC,80797,291.04816,0.9963272801469087,4901
199606,20,ACTN,ACTION PERFORMANCE COS INC,79069,290.77197,0.9961232401550704,4901
199606,21,NPIX,NETWORK PERIPHERALS INC,80652,290.5631,0.995919200163232,4901
199606,22,OSTX,OSTEX INTERNATIONAL INC,81221,289.98798,0.9957151601713936,4901
199606,23,VJET,AIRTRAN HOLDINGS INC,80670,289.95056,0.9955111201795552,4901
199606,24,IMPX,I M P INC,11401,289.86172,0.9953070801877167,4901
199606,25,RAIN,RAINFOREST CAFE INC,81581,289.38397,0.9951030401958784,4901
199607,1,OSTX,OSTEX INTERNATIONAL INC,81221,338.07367,1.0,4953
199607,2,PHYN,PHYSICIAN RELIANCE NETWORK INC,81099,328.11972,0.9997981021603068,4953
199607,3,APLX,APPLIX INC,81137,317.25217,0.9995962043206138,4953
199607,4,SPYG,SPYGLASS INC,81750,316.56033,0.9993943064809206,4953
199607,5,FORE,FORE SYSTEMS INC,80526,315.26797,0.9991924086412275,4953
199607,6,HNCS,H N C SOFTWARE INC,81712,311.34607,0.9989905108015344,4953
199607,7,NETM,NETMANAGE INC,79612,311.143,0.9987886129618413,4953
199607,8,IOMG,IOMEGA CORP,45891,304.9461,0.9985867151221481,4953
199607,9,NSCP,NETSCAPE COMMUNICATIONS CORP,82200,304.7292,0.9983848172824551,4953
199607,10,FTPS,F T P SOFTWARE INC,79829,302.41827,0.9981829194427619,4953
199607,11,MU,MICRON TECHNOLOGY INC,53613,301.84583,0.9979810216030689,4953
199607,12,SHVA,SHIVA CORP,81106,298.40045,0.9977791237633757,4953
199607,13,SDTI,R S A SEC INC,81178,295.9511,0.9975772259236826,4953
199607,14,PRMS,PREMISYS COMMUNICATIONS INC,81578,292.20218,0.9973753280839895,4953
199607,15,CNXS,C N S INC,11411,290.89673,0.9971734302442964,4953
199607,16,TWA,TRANS WORLD AIRLINES INC,81924,290.75668,0.9969715324046032,4953
199607,17,RENO,RENO AIR INC,79028,290.60574,0.9967696345649102,4953
199607,18,OLGC,CAPSTONE HOLDING CORP,78836,289.28616,0.996567736725217,4953
199607,19,VVUS,VIVUS INC,80485,288.15372,0.9963658388855239,4953
199607,20,NXCO,NEUREX CORP,80108,287.45502,0.9961639410458308,4953
199607,21,QTRN,QUINTILES TRANSNATIONAL CORP,80470,286.96442,0.9959620432061377,4953
199607,22,PCMS,P COM INC,81502,286.34552,0.9957601453664445,4953
199607,23,RISC,RESCORP INC,83164,285.52853,0.9955582475267515,4953
199607,24,HLIT,HARMONIC INC,81621,284.85605,0.9953563496870583,4953
199607,25,CSCC,CASCADE COMMUNICATIONS CORP,80743,282.9757,0.9951544518473653,4953
199608,1,PMTS,P M T SERVICES INC,80836,333.35648,1.0,4971
199608,2,ESOL,EMPLOYEE SOLUTIONS INC,79486,311.25366,0.99979883323275,4971
199608,3,VVUS,VIVUS INC,80485,304.01013,0.9995976664654999,4971
199608,4,CTXS,CITRIX SYSTEMS INC,82686,302.44037,0.9993964996982498,4971
199608,5,PGSAY,PETROLEUM GEO SERVICES A S A,79184,302.19876,0.9991953329309998,4971
199608,6,CHMD,CHRONIMED INC,77427,298.18878,0.9989941661637497,4971
199608,7,DOCI,DECISIONONE CORP,83370,296.09665,0.9987929993964997,4971
199608,8,RXN,REXENE CORP NEW,77903,293.41476,0.9985918326292497,4971
199608,9,SPYG,SPYGLASS INC,81750,292.83685,0.9983906658619996,4971
199608,10,CPWR,COMPUWARE CORP,78139,292.69037,0.9981894990947495,4971
199608,11,PCMS,P COM INC,81502,291.8789,0.9979883323274995,4971
199608,12,PETM,PETSMART INC,79411,291.52954,0.9977871655602495,4971
199608,13,DJT,TRUMP HOTELS & CASINO RESRTS INC,81676,291.28732,0.9975859987929994,4971
199608,14,STAY,EXTENDED STAY AMERICA INC,82751,289.9321,0.9973848320257493,4971
199608,15,GLBL,GLOBAL INDUSTRIES LTD,78889,289.7911,0.9971836652584993,4971
199608,16,NSCP,NETSCAPE COMMUNICATIONS CORP,82200,289.0089,0.9969824984912492,4971
199608,17,APLX,APPLIX INC,81137,288.84912,0.9967813317239992,4971
199608,18,SHVA,SHIVA CORP,81106,287.49728,0.9965801649567492,4971
199608,19,OFIS,U S OFFICE PRODUCTS CO,81266,287.46124,0.996378998189499,4971
199608,20,PIXR,PIXAR,82606,286.59253,0.996177831422249,4971
199608,21,CELL,BRIGHTPOINT INC,80439,284.5393,0.995976664654999,4971
199608,22,ANET,A C T NETWORKS INC,81599,282.50424,0.995775497887749,4971
199608,23,HCIA,H C I A INC,81252,282.14264,0.9955743311204989,4971
199608,24,ADSK,AUTODESK INC,85631,282.0305,0.9953731643532489,4971
199608,25,WSTL,WESTELL TECHNOLOGIES INC,82762,281.93298,0.9951719975859988,4971
199609,1,CELL,BRIGHTPOINT INC,80439,327.8504,1.0,4947
199609,2,DOCI,DECISIONONE CORP,83370,310.5859,0.9997978572872448,4947
199609,3,AVID,AVID TECHNOLOGY INC,78955,301.81522,0.9995957145744896,4947
199609,4,PGMS,STILLWATER MINING CO,81173,301.55814,0.9993935718617344,4947
199609,5,CTXS,CITRIX SYSTEMS INC,82686,300.63242,0.9991914291489792,4947
199609,6,OAKT,OAK TECHNOLOGY INC,81265,299.99164,0.998989286436224,4947
199609,7,BAY,BAY NETWORKS INC,76754,297.56964,0.9987871437234688,4947
199609,8,SMRT,STEIN MART INC,77530,296.71735,0.9985850010107136,4947
199609,9,ADT,A D T LTD,76805,295.31702,0.9983828582979584,4947
199609,10,VRTY,VERITY INC,82535,292.53833,0.9981807155852032,4947
199609,11,MCAF,MCAFEE INC,77976,287.2514,0.997978572872448,4947
199609,12,OCAI,O C A INC,81172,284.54025,0.9977764301596928,4947
199609,13,ESOL,EMPLOYEE SOLUTIONS INC,79486,284.20178,0.9975742874469375,4947
199609,14,NSCP,NETSCAPE COMMUNICATIONS CORP,82200,284.0865,0.9973721447341823,4947
199609,15,MGXI,MICROGRAFX INC,76267,282.977,0.9971700020214271,4947
199609,16,LOR,LORAL SPACE & COMMUNICATIONS LTD,83342,282.85095,0.9969678593086719,4947
199609,17,MOVI,MOVIE GALLERY INC,80831,282.80353,0.9967657165959167,4947
199609,18,THTX,THERATX INC,80666,280.85754,0.9965635738831615,4947
199609,19,APLX,APPLIX INC,81137,280.3552,0.9963614311704063,4947
199609,20,CYRX,CYRIX CORP,79377,280.17096,0.9961592884576511,4947
199609,21,SPYN,SPINE TECH INC,81751,280.08035,0.9959571457448959,4947
199609,22,MU,MICRON TECHNOLOGY INC,53613,279.74323,0.9957550030321407,4947
199609,23,VJET,AIRTRAN HOLDINGS INC,80670,279.60855,0.9955528603193855,4947
199609,24,SPYG,SPYGLASS INC,81750,279.1412,0.9953507176066303,4947
199609,25,OREX,MICROTEK MEDICAL HOLDINGS INC,81001,278.79492,0.9951485748938751,4947
199610,1,APLX,APPLIX INC,81137,328.1699,1.0,4963
199610,2,OO,OAKLEY INC,81920,324.58423,0.999798508966351,4963
199610,3,TXCC,TRANSWITCH CORP,81756,320.6919,0.999597017932702,4963
199610,4,SIII,SONICBLUE INC,79009,320.19904,0.999395526899053,4963
199610,5,SPYG,SPYGLASS INC,81750,317.53116,0.999194035865404,4963
199610,6,BAY,BAY NETWORKS INC,76754,316.75574,0.998992544831755,4963
199610,7,OAKT,OAK TECHNOLOGY INC,81265,313.40765,0.998791053798106,4963
199610,8,TQNT,TRIQUINT SEMICONDUCTOR INC,80049,307.53372,0.998589562764457,4963
199610,9,OLM,ARCADIA FINANCIAL LTD,77297,306.7143,0.998388071730808,4963
199610,10,SYBS,SYBASE INC,76792,306.5744,0.9981865806971589,4963
199610,11,PSQL,EPICOR SOFTWARE CORP,78008,300.43646,0.99798508966351,4963
199610,12,NSCP,NETSCAPE COMMUNICATIONS CORP,82200,299.80692,0.997783598629861,4963
199610,13,LOR,LORAL SPACE & COMMUNICATIONS LTD,83342,298.549,0.997582107596212,4963
199610,14,ESST,E S S TECHNOLOGY INC,82488,298.15826,0.9973806165625629,4963
199610,15,AMRN,AMERIN CORP,82548,297.92487,0.997179125528914,4963
199610,16,HLIT,HARMONIC INC,81621,297.65338,0.996977634495265,4963
199610,17,DIMD,DIAMOND MULTIMEDIA SYSTEMS INC,81550,297.464,0.9967761434616159,4963
199610,18,ITRI,ITRON INC,79839,296.56436,0.996574652427967,4963
199610,19,SHVA,SHIVA CORP,81106,296.121,0.996373161394318,4963
199610,20,TCSI,T C S I CORP,76740,294.4102,0.996171670360669,4963
199610,21,FRTE,FORTE SOFTWARE INC,83263,294.22308,0.9959701793270199,4963
199610,22,MADGF,MADGE NETWORKS NV,79504,293.8486,0.995768688293371,4963
199610,23,IOMG,IOMEGA CORP,45891,293.16263,0.995567197259722,4963
199610,24,CELL,BRIGHTPOINT INC,80439,292.78522,0.9953657062260729,4963
199610,25,VFI,VERIFONE INC,76142,292.37054,0.9951642151924239,4963
199611,1,APLX,APPLIX INC,81137,318.55316,1.0,4998
199611,2,ESOL,EMPLOYEE SOLUTIONS INC,79486,317.9248,0.9997999199679872,4998
199611,3,ABRX,A B R INFORMATION SERVICES INC,80499,314.58508,0.9995998399359743,4998
199611,4,MLR,MILLER INDUSTRIES INC TENN,80828,313.8481,0.9993997599039616,4998
199611,5,ENCD,E N C A D INC,79962,312.48267,0.9991996798719488,4998
199611,6,DJT,TRUMP HOTELS & CASINO RESRTS INC,81676,311.53714,0.998999599839936,4998
199611,7,WSTL,WESTELL TECHNOLOGIES INC,82762,303.6701,0.9987995198079231,4998
199611,8,RAIN,RAINFOREST CAFE INC,81581,301.71045,0.9985994397759104,4998
199611,9,OO,OAKLEY INC,81920,297.81998,0.9983993597438976,4998
199611,10,DISH,DISH NETWORK CORP,81696,293.8548,0.9981992797118847,4998
199611,11,ATCT,AEGIS COMMUNICATIONS GROUP INC,10386,292.97192,0.9979991996798719,4998
199611,12,FRTE,FORTE SOFTWARE INC,83263,292.5949,0.9977991196478592,4998
199611,13,ATIS,ADVANCED TISSUE SCIENCES INC,11895,292.37494,0.9975990396158463,4998
199611,14,NSIX,NEUROMEDICAL SYSTEMS INC,82729,290.10944,0.9973989595838335,4998
199611,15,ANET,A C T NETWORKS INC,81599,288.65244,0.9971988795518207,4998
199611,16,LOR,LORAL SPACE & COMMUNICATIONS LTD,83342,288.49292,0.996998799519808,4998
199611,17,SDTI,R S A SEC INC,81178,288.23386,0.9967987194877951,4998
199611,18,SPYG,SPYGLASS INC,81750,287.0626,0.9965986394557823,4998
199611,19,EAGL,EAGLE HARDWARE & GARDEN INC,77784,286.32285,0.9963985594237695,4998
199611,20,RXT,RENAL TREATMENT CENTERS INC,79418,286.22693,0.9961984793917567,4998
199611,21,CEPH,CEPHALON INC,76625,285.01242,0.9959983993597439,4998
199611,22,GADZ,GADZOOKS INC,82492,282.51117,0.9957983193277311,4998
199611,23,GWRX,GEOWORKS CORP,80631,282.27618,0.9955982392957183,4998
199611,24,MICA,MICROAGE INC,11484,281.42047,0.9953981592637055,4998
199611,25,SYNX,ENTRADA NETWORKS INC,82620,281.36105,0.9951980792316927,4998
199612,1,SPYN,SPINE TECH INC,81751,312.44965,1.0,5010
199612,2,CPU,COMPUSA INC,77179,310.3393,0.9998003992015968,5010
199612,3,CSDS,CASINO DATA SYSTEMS,79078,309.27536,0.9996007984031936,5010
199612,4,DSPC,D S P COMMUNICATIONS INC,81482,304.2038,0.9994011976047904,5010
199612,5,GTIS,ATARI INC,82704,302.15338,0.9992015968063872,5010
199612,6,ESOL,EMPLOYEE SOLUTIONS INC,79486,301.85165,0.999001996007984,5010
199612,7,PAIR,PAIRGAIN TECHNOLOGIES INC,79616,301.55292,0.9988023952095808,5010
199612,8,OO,OAKLEY INC,81920,301.03317,0.9986027944111776,5010
199612,9,QCOM,QUALCOMM INC,77178,298.9848,0.9984031936127744,5010
199612,10,ATIS,ADVANCED TISSUE SCIENCES INC,11895,295.01135,0.9982035928143712,5010
199612,11,INCY,INCYTE CORP,79906,294.83636,0.998003992015968,5010
199612,12,INSO,EBT INTERNATIONAL INC,80334,294.80832,0.9978043912175649,5010
199612,13,WWCA,WESTERN WIRELESS CORP,83581,294.66354,0.9976047904191617,5010
199612,14,APLX,APPLIX INC,81137,292.15903,0.9974051896207585,5010
199612,15,OAKT,OAK TECHNOLOGY INC,81265,291.516,0.9972055888223553,5010
199612,16,MWHS,MICRO WAREHOUSE INC,78180,290.15356,0.9970059880239521,5010
199612,17,VNTV,VANTIVE CORP,82227,289.46008,0.9968063872255489,5010
199612,18,FORE,FORE SYSTEMS INC,80526,289.38394,0.9966067864271457,5010
199612,19,ABRX,A B R INFORMATION SERVICES INC,80499,288.42993,0.9964071856287425,5010
199612,20,THTX,THERATX INC,80666,288.30554,0.9962075848303393,5010
199612,21,IOM,IOMEGA CORP,45891,288.04642,0.9960079840319361,5010
199612,22,VVUS,VIVUS INC,80485,286.25854,0.9958083832335329,5010
199612,23,DJT,TRUMP HOTELS & CASINO RESRTS INC,81676,284.86423,0.9956087824351297,5010
199612,24,USSB,U S SATELLITE BROADCASTING INC,83180,284.7774,0.9954091816367265,5010
199612,25,NSCP,NETSCAPE COMMUNICATIONS CORP,82200,282.77908,0.9952095808383233,5010
199701,1,APLX,APPLIX INC,81137,330.8988,1.0,5023
199701,2,CLFY,CLARIFY INC,82562,320.21103,0.9998009157873781,5023
199701,3,FORE,FORE SYSTEMS INC,80526,317.73605,0.9996018315747561,5023
199701,4,CTN,CENTENNIAL TECHNOLOGIES INC,80414,314.7714,0.9994027473621342,5023
199701,5,PSQL,EPICOR SOFTWARE CORP,78008,312.13776,0.9992036631495123,5023
199701,6,CHPS,CHIPS & TECHNOLOGIES INC,10738,305.72653,0.9990045789368903,5023
199701,7,NSCP,NETSCAPE COMMUNICATIONS CORP,82200,304.1073,0.9988054947242684,5023
199701,8,AOL,TIME WARNER INC NEW,77418,301.38034,0.9986064105116464,5023
199701,9,WCII,WINSTAR COMMUNICATIONS INC,76979,300.06256,0.9984073262990245,5023
199701,10,SPYN,SPINE TECH INC,81751,299.76883,0.9982082420864026,5023
199701,11,ANET,A C T NETWORKS INC,81599,294.0872,0.9980091578737806,5023
199701,12,CPU,COMPUSA INC,77179,293.8462,0.9978100736611587,5023
199701,13,PRMS,PREMISYS COMMUNICATIONS INC,81578,292.48026,0.9976109894485368,5023
199701,14,SYNX,ENTRADA NETWORKS INC,82620,292.22534,0.9974119052359148,5023
199701,15,CUBE,C CUBE MICROSYSTEMS INC NEW,80441,291.21518,0.9972128210232929,5023
199701,16,IDTC,I D T CORP,83275,290.60464,0.997013736810671,5023
199701,17,CTSC,ASENSUS SURGICAL INC,76908,289.53284,0.996814652598049,5023
199701,18,SCOP,SCOPUS TECHNOLOGY INC,82612,287.90594,0.9966155683854271,5023
199701,19,OAKT,OAK TECHNOLOGY INC,81265,287.55023,0.9964164841728052,5023
199701,20,BAY,BAY NETWORKS INC,76754,286.69617,0.9962173999601831,5023
199701,21,FHPC,F H P INTERNATIONAL CORP,10451,286.16306,0.9960183157475612,5023
199701,22,ISIP,IONIS PHARMACEUTICALS INC,76661,285.2016,0.9958192315349392,5023
199701,23,MADGF,MADGE NETWORKS NV,79504,284.9733,0.9956201473223173,5023
199701,24,HLYW,HOLLYWOOD ENTERTAINMENT CORP,79392,284.61346,0.9954210631096954,5023
199701,25,URMD,UROMED CORP,80372,283.7032,0.9952219788970734,5023
199702,1,SCOP,SCOPUS TECHNOLOGY INC,82612,327.48422,1.0,4999
199702,2,CHK,CHESAPEAKE ENERGY CORP,78877,314.87903,0.9997999599919984,4999
199702,3,CTXS,CITRIX SYSTEMS INC,82686,313.68668,0.9995999199839968,4999
199702,4,MLR,MILLER INDUSTRIES INC TENN,80828,308.04388,0.9993998799759952,4999
199702,5,CTN,CENTENNIAL TECHNOLOGIES INC,80414,306.93243,0.9991998399679936,4999
199702,6,IMNT,IMNET SYSTEMS INC,81871,301.86935,0.998999799959992,4999
199702,7,NSCP,NETSCAPE COMMUNICATIONS CORP,82200,299.1029,0.9987997599519904,4999
199702,8,AFCI,ADVANCED FIBRE COMM INC,84047,297.4887,0.9985997199439888,4999
199702,9,PERI,PERIPHONICS CORP,81503,297.3645,0.9983996799359872,4999
199702,10,ASI,M P S GROUP INC,80797,292.4287,0.9981996399279855,4999
199702,11,SYNX,ENTRADA NETWORKS INC,82620,291.91217,0.997999599919984,4999
199702,12,LSST,LONE STAR TECHNOLOGIES INC,89675,291.10873,0.9977995599119824,4999
199702,13,FORE,FORE SYSTEMS INC,80526,287.65472,0.9975995199039808,4999
199702,14,CATP,CAMBRIDGE TECHNOLOGY PRTNRS INC,79075,286.67365,0.9973994798959792,4999
199702,15,ANAD,ANADIGICS INC,81539,286.339,0.9971994398879775,4999
199702,16,PLAT,PLATINUM TECHNOLOGY INTL INC,76620,284.85864,0.996999399879976,4999
199702,17,CUBE,C CUBE MICROSYSTEMS INC NEW,80441,284.6306,0.9967993598719744,4999
199702,18,MEDA,PER SE TECHNOLOGIES INC,77032,284.583,0.9965993198639728,4999
199702,19,PRXL,PAREXEL INTERNATIONAL CORP,82607,284.14944,0.9963992798559712,4999
199702,20,ABRX,A B R INFORMATION SERVICES INC,80499,283.74164,0.9961992398479695,4999
199702,21,DSPC,D S P COMMUNICATIONS INC,81482,281.6118,0.995999199839968,4999
199702,22,ESOL,EMPLOYEE SOLUTIONS INC,79486,280.46335,0.9957991598319664,4999
199702,23,OO,OAKLEY INC,81920,279.82324,0.9955991198239648,4999
199702,24,VVUS,VIVUS INC,80485,279.78265,0.9953990798159632,4999
199702,25,ADTN,ADTRAN HOLDINGS INC,80791,278.97174,0.9951990398079615,4999
199703,1,VVUS,VIVUS INC,80485,316.0992,1.0,4995
199703,2,ESOL,EMPLOYEE SOLUTIONS INC,79486,306.9783,0.9997997997997998,4995
199703,3,PRXL,PAREXEL INTERNATIONAL CORP,82607,301.34,0.9995995995995997,4995
199703,4,FORE,FORE SYSTEMS INC,80526,299.03754,0.9993993993993994,4995
199703,5,CYRX,CYRIX CORP,79377,298.7789,0.9991991991991992,4995
199703,6,SGI,SILICON GRAPHICS INC,10791,297.63156,0.998998998998999,4995
199703,7,PCMS,P COM INC,81502,296.73572,0.9987987987987988,4995
199703,8,BAY,BAY NETWORKS INC,76754,294.82367,0.9985985985985986,4995
199703,9,ASND,ASCEND COMMUNICATIONS INC,80506,292.55933,0.9983983983983984,4995
199703,10,AVNT,AVANT CORP,81683,290.4833,0.9981981981981982,4995
199703,11,CUBE,C CUBE MICROSYSTEMS INC NEW,80441,290.2645,0.997997997997998,4995
199703,12,ANAD,ANADIGICS INC,81539,290.2083,0.9977977977977978,4995
199703,13,MLR,MILLER INDUSTRIES INC TENN,80828,289.32678,0.9975975975975976,4995
199703,14,ABRX,A B R INFORMATION SERVICES INC,80499,288.3515,0.9973973973973974,4995
199703,15,TRID,TRIDENT MICROSYSTEMS INC,78208,288.062,0.9971971971971972,4995
199703,16,TLSP,TELESPECTRUM WORLDWIDE INC,83915,287.29993,0.996996996996997,4995
199703,17,INTS,INTEGRATED SYSTEMS INC,76096,287.2809,0.9967967967967968,4995
199703,18,CTXS,CITRIX SYSTEMS INC,82686,286.85114,0.9965965965965966,4995
199703,19,IMNT,IMNET SYSTEMS INC,81871,285.8399,0.9963963963963964,4995
199703,20,TALK,TALK AMERICA HOLDINGS INC,82285,283.9676,0.9961961961961961,4995
199703,21,MDRX,MEDICIS PHARMACEUTICAL CORP,76391,283.76065,0.995995995995996,4995
199703,22,SNC,SNYDER COMMUNICATIONS INC,83998,283.71954,0.9957957957957958,4995
199703,23,SFAM,SPEEDFAM I P E C INC,82522,283.44113,0.9955955955955956,4995
199703,24,SAVLY,SAVILLE SYSTEMS PLC,82611,282.85788,0.9953953953953953,4995
199703,25,TREE,DOUBLETREE CORP,80771,280.01315,0.9951951951951952,4995
199704,1,AVNT,AVANT CORP,81683,333.843,1.0,5311
199704,2,URMD,UROMED CORP,80372,330.7164,0.9998117115420825,5311
199704,3,FRTE,FORTE SOFTWARE INC,83263,325.6399,0.999623423084165,5311
199704,4,ZITL,FORTEL CORP,84241,324.4652,0.9994351346262474,5311
199704,5,ESST,E S S TECHNOLOGY INC,82488,313.55228,0.9992468461683299,5311
199704,6,AWRE,AWARE INC,83844,311.29938,0.9990585577104123,5311
199704,7,NCR,N C R VOYIX CORP,84372,310.7923,0.9988702692524948,5311
199704,8,CLFY,CLARIFY INC,82562,309.3204,0.9986819807945773,5311
199704,9,SCOP,SCOPUS TECHNOLOGY INC,82612,306.99478,0.9984936923366597,5311
199704,10,SNC,SNYDER COMMUNICATIONS INC,83998,303.41904,0.9983054038787422,5311
199704,11,CHK,CHESAPEAKE ENERGY CORP,78877,302.48965,0.9981171154208247,5311
199704,12,VSVR,EZENIA INC,81650,299.8298,0.9979288269629072,5311
199704,13,NSCP,NETSCAPE COMMUNICATIONS CORP,82200,299.7895,0.9977405385049897,5311
199704,14,CSRV,COMPUSERVE INC DEL,83367,299.03986,0.9975522500470722,5311
199704,15,SIII,SONICBLUE INC,79009,294.3252,0.9973639615891546,5311
199704,16,AAPL,APPLE INC,14593,291.82013,0.997175673131237,5311
199704,17,LGTO,LEGATO SYSTEMS INC,81877,290.9787,0.9969873846733195,5311
199704,18,MLIN,MICRO LINEAR CORP,80993,289.22232,0.996799096215402,5311
199704,19,TTEC,T T E C HOLDINGS INC,83916,288.75037,0.9966108077574845,5311
199704,20,CDN,CADENCE DESIGN SYSTEMS INC,11403,287.49988,0.9964225192995669,5311
199704,21,VVUS,VIVUS INC,80485,286.67078,0.9962342308416494,5311
199704,22,RMDY,REMEDY CORP,81506,286.31973,0.9960459423837319,5311
199704,23,DSPC,D S P COMMUNICATIONS INC,81482,286.1329,0.9958576539258144,5311
199704,24,WLP,WELLPOINT HEALTH NETWRKS INC NEW,83583,286.0238,0.9956693654678969,5311
199704,25,SDLI,S D L INC,81509,283.547,0.9954810770099793,5311
199705,1,MUEI,WEB COM INC,75993,348.3456,1.0,5427
199705,2,IFMX,ASCENTIAL SOFTWARE CORP,10691,316.97125,0.9998157361341441,5427
199705,3,CYTC,CYTYC CORP,83251,306.8995,0.9996314722682882,5427
199705,4,NSCP,NETSCAPE COMMUNICATIONS CORP,82200,306.73483,0.9994472084024323,5427
199705,5,FORE,FORE SYSTEMS INC,80526,303.6234,0.9992629445365764,5427
199705,6,DISH,DISH NETWORK CORP,81696,302.5025,0.9990786806707205,5427
199705,7,ESCMF,LUMENIS LTD,82818,297.3459,0.9988944168048646,5427
199705,8,ENCD,E N C A D INC,79962,293.95688,0.9987101529390087,5427
199705,9,CUBE,C CUBE MICROSYSTEMS INC NEW,80441,291.34906,0.9985258890731528,5427
199705,10,FRTE,FORTE SOFTWARE INC,83263,291.15894,0.9983416252072969,5427
199705,11,DDIM,DATA DIMENSIONS INC,83252,290.72684,0.998157361341441,5427
199705,12,NCR,N C R VOYIX CORP,84372,290.33832,0.997973097475585,5427
199705,13,MICA,MICROAGE INC,11484,288.04297,0.9977888336097291,5427
199705,14,IOM,IOMEGA CORP,45891,286.8028,0.9976045697438732,5427
199705,15,CEPH,CEPHALON INC,76625,285.70682,0.9974203058780173,5427
199705,16,VSIO,VISIO CORP,82623,282.50293,0.9972360420121614,5427
199705,17,LIN,LINENS N THINGS INC,84169,281.49677,0.9970517781463055,5427
199705,18,VSVR,EZENIA INC,81650,280.7645,0.9968675142804496,5427
199705,19,FLC,FALCON DRILLING INC,81866,279.8442,0.9966832504145937,5427
199705,20,LEH,LEHMAN BROTHERS HOLDINGS INC,80599,279.73215,0.9964989865487378,5427
199705,21,BCN,BEACON PROPERTIES CORP,80591,276.7231,0.9963147226828819,5427
199705,22,ENBX,EINSTEIN NOAH BAGEL CORP,83865,276.30634,0.996130458817026,5427
199705,23,VVUS,VIVUS INC,80485,275.89026,0.9959461949511701,5427
199705,24,OO,OAKLEY INC,81920,274.8666,0.9957619310853142,5427
199705,25,CLFY,CLARIFY INC,82562,273.37082,0.9955776672194583,5427
199706,1,FORE,FORE SYSTEMS INC,80526,354.7243,1.0,5415
199706,2,VVUS,VIVUS INC,80485,348.51443,0.9998153277931672,5415
199706,3,GTW,GATEWAY INC,79973,343.12778,0.9996306555863342,5415
199706,4,LIPO,LIPOSOME COMPANY INC,10513,313.57748,0.9994459833795014,5415
199706,5,MUEI,WEB COM INC,75993,303.8023,0.9992613111726685,5415
199706,6,UGLY,UGLY DUCKLING CORP,83703,302.067,0.9990766389658357,5415
199706,7,CUBE,C CUBE MICROSYSTEMS INC NEW,80441,300.87976,0.9988919667590028,5415
199706,8,NCR,N C R VOYIX CORP,84372,300.851,0.9987072945521699,5415
199706,9,CY,CYPRESS SEMICONDUCTOR CORP,10302,300.6292,0.9985226223453371,5415
199706,10,DDIM,DATA DIMENSIONS INC,83252,298.84753,0.9983379501385041,5415
199706,11,CYRX,CYRIX CORP,79377,298.12387,0.9981532779316713,5415
199706,12,ESON,ENDOSONICS CORP,77387,298.0666,0.9979686057248384,5415
199706,13,LGTO,LEGATO SYSTEMS INC,81877,296.1915,0.9977839335180055,5415
199706,14,OO,OAKLEY INC,81920,296.07953,0.9975992613111727,5415
199706,15,SCOP,SCOPUS TECHNOLOGY INC,82612,295.0271,0.9974145891043398,5415
199706,16,MATK,MARTEK BIOSCIENCES CORP,79847,294.3231,0.997229916897507,5415
199706,17,HERB,HERBALIFE INTERNATIONAL INC,11490,292.59024,0.997045244690674,5415
199706,18,INVX,INNOVEX INC,88990,285.54926,0.9968605724838412,5415
199706,19,IFMX,ASCENTIAL SOFTWARE CORP,10691,285.30658,0.9966759002770084,5415
199706,20,ZITL,FORTEL CORP,84241,284.96057,0.9964912280701754,5415
199706,21,APOL,APOLLO EDUCATION GROUP INC,81138,283.8273,0.9963065558633426,5415
199706,22,TALK,TALK AMERICA HOLDINGS INC,82285,282.96524,0.9961218836565097,5415
199706,23,ESCMF,LUMENIS LTD,82818,282.66113,0.9959372114496768,5415
199706,24,INCY,INCYTE CORP,79906,282.5262,0.9957525392428439,5415
199706,25,SGI,SILICON GRAPHICS INC,10791,282.24286,0.9955678670360111,5415
199707,1,LGTO,LEGATO SYSTEMS INC,81877,324.78253,1.0,5448
199707,2,TSA,SPORTS AUTHORITY INC,81064,314.5674,0.9998164464023495,5448
199707,3,VVUS,VIVUS INC,80485,309.61984,0.999632892804699,5448
199707,4,TISX,TRUSTED INFORMATION SYSTEMS INC,84135,303.3291,0.9994493392070485,5448
199707,5,CLFY,CLARIFY INC,82562,298.35712,0.9992657856093979,5448
199707,6,ESST,E S S TECHNOLOGY INC,82488,296.06827,0.9990822320117474,5448
199707,7,PRST,PRESSTEK INC,75730,294.3825,0.998898678414097,5448
199707,8,JBIL,JABIL INC,79094,292.071,0.9987151248164464,5448
199707,9,MLIN,MICRO LINEAR CORP,80993,291.72714,0.9985315712187959,5448
199707,10,AVNT,AVANT CORP,81683,290.15634,0.9983480176211453,5448
199707,11,NSCP,NETSCAPE COMMUNICATIONS CORP,82200,288.47632,0.9981644640234949,5448
199707,12,CYTC,CYTYC CORP,83251,287.8268,0.9979809104258444,5448
199707,13,WTSLA,WET SEAL INC,76217,287.07565,0.9977973568281938,5448
199707,14,OEI,OCEAN ENERGY INC,81153,285.8235,0.9976138032305433,5448
199707,15,HGSI,HUMAN GENOME SCIENCES INC,79977,285.60846,0.9974302496328928,5448
199707,16,ALSC,ALLIANCE SEMICONDUCTOR CORP,79935,285.15317,0.9972466960352423,5448
199707,17,GTW,GATEWAY INC,79973,284.3286,0.9970631424375918,5448
199707,18,IPIC,INDEVUS PHARMACEUTICALS INC,76374,284.07883,0.9968795888399412,5448
199707,19,DAVX,CONCERTO SOFTWARE INC,11277,283.58694,0.9966960352422908,5448
199707,20,GART,GARTNER INC,79698,283.01373,0.9965124816446402,5448
199707,21,QKTN,QUICKTURN DESIGN SYSTEMS INC,80026,282.9361,0.9963289280469897,5448
199707,22,ZOLT,ZOLTEK COMPANIES INC,78062,282.88095,0.9961453744493393,5448
199707,23,CFWY,CONSOLIDATED FREIGHTWAYS CORP,84200,281.87766,0.9959618208516887,5448
199707,24,ANAD,ANADIGICS INC,81539,279.7037,0.9957782672540382,5448
199707,25,PLC,P L C SYSTEMS INC,77568,279.41986,0.9955947136563876,5448
199708,1,AWA,AMERICA WEST HOLDINGS CORP,80778,313.00198,1.0,5440
199708,2,MLNM,MILLENNIUM PHARMACEUTICALS INC,83531,300.71463,0.9998161764705882,5440
199708,3,IFMX,ASCENTIAL SOFTWARE CORP,10691,299.6534,0.9996323529411765,5440
199708,4,AVNT,AVANT CORP,81683,299.5452,0.9994485294117647,5440
199708,5,FORE,FORE SYSTEMS INC,80526,298.31287,0.9992647058823529,5440
199708,6,USAD,U S A DETERGENTS INC,82222,297.5953,0.9990808823529411,5440
199708,7,MDRX,MEDICIS PHARMACEUTICAL CORP,76391,297.2033,0.9988970588235294,5440
199708,8,FTL,FRUIT OF THE LOOM INC,71984,294.71945,0.9987132352941176,5440
199708,9,PRXL,PAREXEL INTERNATIONAL CORP,82607,294.0658,0.9985294117647059,5440
199708,10,NOVL,NOVELL INC,90609,292.40598,0.9983455882352941,5440
199708,11,USCS,U S C S INTERNATIONAL INC,83705,291.5775,0.9981617647058824,5440
199708,12,ICII,IMPERIAL CREDIT INDUSTRIES INC,77617,287.8778,0.9979779411764705,5440
199708,13,GTW,GATEWAY INC,79973,286.9853,0.9977941176470588,5440
199708,14,CYMI,CYMER INC,83928,283.99475,0.997610294117647,5440
199708,15,NSCP,NETSCAPE COMMUNICATIONS CORP,82200,283.1804,0.9974264705882353,5440
199708,16,AVIR,AVIRON,84192,282.77396,0.9972426470588235,5440
199708,17,DDIM,DATA DIMENSIONS INC,83252,282.44647,0.9970588235294118,5440
199708,18,QCOM,QUALCOMM INC,77178,281.26236,0.996875,5440
199708,19,SEBL,SIEBEL SYSTEMS INC,83693,280.0162,0.9966911764705882,5440
199708,20,VVUS,VIVUS INC,80485,278.46432,0.9965073529411764,5440
199708,21,CPU,COMPUSA INC,77179,278.15253,0.9963235294117647,5440
199708,22,ENBX,EINSTEIN NOAH BAGEL CORP,83865,278.04675,0.9961397058823529,5440
199708,23,FSH,FISHER SCIENTIFIC INTL INC,77150,277.78735,0.9959558823529412,5440
199708,24,BCGI,BOSTON COMMUNICATION GROUP INC,83625,277.4829,0.9957720588235294,5440
199708,25,CEPH,CEPHALON INC,76625,277.24783,0.9955882352941177,5440
199709,1,CYMI,CYMER INC,83928,346.8623,1.0,5414
199709,2,IPIC,INDEVUS PHARMACEUTICALS INC,76374,335.42017,0.999815293683044,5414
199709,3,GTW,GATEWAY INC,79973,333.30066,0.9996305873660879,5414
199709,4,FORE,FORE SYSTEMS INC,80526,330.9392,0.9994458810491319,5414
199709,5,VVUS,VIVUS INC,80485,303.33142,0.9992611747321758,5414
199709,6,SYBS,SYBASE INC,76792,301.65408,0.9990764684152198,5414
199709,7,GLFD,GUILFORD PHARMACEUTICALS INC,80629,298.00137,0.9988917620982638,5414
199709,8,PERI,PERIPHONICS CORP,81503,292.00092,0.9987070557813077,5414
199709,9,MERQ,MERCURY INTERACTIVE CORP,79718,291.75912,0.9985223494643517,5414
199709,10,MAPX,MAPICS INC,76259,289.3078,0.9983376431473956,5414
199709,11,AWRE,AWARE INC,83844,288.99548,0.9981529368304396,5414
199709,12,ASND,ASCEND COMMUNICATIONS INC,80506,288.03442,0.9979682305134836,5414
199709,13,PWAV,POWERWAVE TECHNOLOGIES INC,84330,287.35406,0.9977835241965275,5414
199709,14,IHS,INTEGRATED HEALTH SERVICES INC,76626,287.0876,0.9975988178795715,5414
199709,15,SIII,SONICBLUE INC,79009,283.57086,0.9974141115626154,5414
199709,16,SCOP,SCOPUS TECHNOLOGY INC,82612,283.4068,0.9972294052456594,5414
199709,17,ISSI,INTEGRATED SILICON SOLUTION INC,81256,283.1555,0.9970446989287034,5414
199709,18,MLNM,MILLENNIUM PHARMACEUTICALS INC,83531,281.93448,0.9968599926117473,5414
199709,19,PGNS,PATHOGENESIS CORP,82604,281.75174,0.9966752862947913,5414
199709,20,ZITL,FORTEL CORP,84241,281.65607,0.9964905799778352,5414
199709,21,COF,CAPITAL ONE FINANCIAL CORP,81055,281.41782,0.9963058736608792,5414
199709,22,AHG,APRIA HEALTHCARE GROUP INC,76653,281.02686,0.9961211673439232,5414
199709,23,CYTC,CYTYC CORP,83251,280.78537,0.9959364610269671,5414
199709,24,UGLY,UGLY DUCKLING CORP,83703,278.945,0.9957517547100111,5414
199709,25,CY,CYPRESS SEMICONDUCTOR CORP,10302,278.82278,0.995567048393055,5414
199710,1,TALK,TALK AMERICA HOLDINGS INC,82285,312.62924,1.0,5446
199710,2,FORE,FORE SYSTEMS INC,80526,312.2809,0.9998163789937569,5446
199710,3,AFCI,ADVANCED FIBRE COMM INC,84047,310.98175,0.9996327579875137,5446
199710,4,SMOD,SMART MODULAR TECHNOLOGIES INC,82616,310.8075,0.9994491369812707,5446
199710,5,IMN,GLASSBRIDGE ENTERPRISES INC,83602,304.39185,0.9992655159750276,5446
199710,6,INCY,INCYTE CORP,79906,303.49643,0.9990818949687844,5446
199710,7,SYBS,SYBASE INC,76792,301.3034,0.9988982739625413,5446
199710,8,CYMI,CYMER INC,83928,300.603,0.9987146529562982,5446
199710,9,ODIS,EXCELON CORP,83776,299.91315,0.9985310319500551,5446
199710,10,AVNT,AVANT CORP,81683,295.32776,0.998347410943812,5446
199710,11,APEX,APEX INC,84510,294.01227,0.9981637899375688,5446
199710,12,MDRX,MEDICIS PHARMACEUTICAL CORP,76391,292.17514,0.9979801689313258,5446
199710,13,PWAV,POWERWAVE TECHNOLOGIES INC,84330,292.0324,0.9977965479250827,5446
199710,14,SNDK,SANDISK CORP,82618,291.3559,0.9976129269188395,5446
199710,15,GTW,GATEWAY INC,79973,291.17944,0.9974293059125964,5446
199710,16,VVUS,VIVUS INC,80485,291.14557,0.9972456849063532,5446
199710,17,NEOP,NAVIDEA BIOPHARMACEUTICALS INC,78066,289.92282,0.9970620639001102,5446
199710,18,IOM,IOMEGA CORP,45891,289.8361,0.9968784428938671,5446
199710,19,NETG,NETWORK GENERAL CORP,75448,288.48755,0.9966948218876239,5446
199710,20,MERQ,MERCURY INTERACTIVE CORP,79718,288.31665,0.9965112008813808,5446
199710,21,HLYW,HOLLYWOOD ENTERTAINMENT CORP,79392,286.58392,0.9963275798751378,5446
199710,22,TSEMF,TOWER SEMICONDUCTOR LTD,81013,285.77097,0.9961439588688946,5446
199710,23,PCMS,P COM INC,81502,283.99512,0.9959603378626515,5446
199710,24,AEIS,ADVANCED ENERGY INDUSTRIES INC,82547,283.56732,0.9957767168564083,5446
199710,25,ASND,ASCEND COMMUNICATIONS INC,80506,283.34543,0.9955930958501653,5446
199711,1,NOI,N O V INC,84032,337.73456,1.0,5457
199711,2,CYMI,CYMER INC,83928,315.37363,0.9998167491295583,5457
199711,3,DDIM,DATA DIMENSIONS INC,83252,312.9353,0.9996334982591167,5457
199711,4,SIGR,SUNTERRA CORP,83901,304.33182,0.999450247388675,5457
199711,5,TALK,TALK AMERICA HOLDINGS INC,82285,303.89777,0.9992669965182335,5457
199711,6,CUBE,C CUBE MICROSYSTEMS INC NEW,80441,297.4852,0.9990837456477918,5457
199711,7,SMMT,INNOVEDA INC,84125,289.93668,0.9989004947773502,5457
199711,8,AVNT,AVANT CORP,81683,287.83295,0.9987172439069085,5457
199711,9,FGII,FRIEDE GOLDMAN HALTER INC,85180,287.25488,0.998533993036467,5457
199711,10,OFIS,U S OFFICE PRODUCTS CO,81266,287.06113,0.9983507421660253,5457
199711,11,NSCP,NETSCAPE COMMUNICATIONS CORP,82200,287.02063,0.9981674912955837,5457
199711,12,SMOD,SMART MODULAR TECHNOLOGIES INC,82616,285.1681,0.997984240425142,5457
199711,13,AFCI,ADVANCED FIBRE COMM INC,84047,284.11258,0.9978009895547004,5457
199711,14,ASND,ASCEND COMMUNICATIONS INC,80506,283.97714,0.9976177386842587,5457
199711,15,PWAV,POWERWAVE TECHNOLOGIES INC,84330,283.34354,0.9974344878138172,5457
199711,16,WSTL,WESTELL TECHNOLOGIES INC,82762,282.68515,0.9972512369433755,5457
199711,17,VVUS,VIVUS INC,80485,282.5592,0.9970679860729339,5457
199711,18,IMNX,IMMUNEX CORP NEW,43610,282.46265,0.9968847352024922,5457
199711,19,ICST,INTEGRATED CIRCUIT SYSTEMS INC,76704,279.44785,0.9967014843320505,5457
199711,20,PTEN,PATTERSON U T I ENERGY INC,79857,279.40973,0.996518233461609,5457
199711,21,WDC,WESTERN DIGITAL CORP,66384,276.58624,0.9963349825911673,5457
199711,22,LOR,LORAL SPACE & COMMUNICATIONS LTD,83342,275.71826,0.9961517317207257,5457
199711,23,DMIC,STRATEX NETWORKS INC,11347,275.6868,0.995968480850284,5457
199711,24,GTW,GATEWAY INC,79973,274.89545,0.9957852299798424,5457
199711,25,HLYW,HOLLYWOOD ENTERTAINMENT CORP,79392,274.25934,0.9956019791094007,5457
199712,1,IOM,IOMEGA CORP,45891,311.65985,1.0,5463
199712,2,AVNT,AVANT CORP,81683,309.29172,0.9998169503935567,5463
199712,3,DDIM,DATA DIMENSIONS INC,83252,308.12762,0.9996339007871133,5463
199712,4,SMOD,SMART MODULAR TECHNOLOGIES INC,82616,298.17184,0.99945085118067,5463
199712,5,VVUS,VIVUS INC,80485,297.78268,0.9992678015742266,5463
199712,6,CYMI,CYMER INC,83928,297.71075,0.9990847519677832,5463
199712,7,GTW,GATEWAY INC,79973,292.72562,0.9989017023613399,5463
199712,8,UGLY,UGLY DUCKLING CORP,83703,292.58136,0.9987186527548966,5463
199712,9,SIGR,SUNTERRA CORP,83901,291.47125,0.9985356031484532,5463
199712,10,RXSD,REXALL SUNDOWN INC,79305,291.0455,0.9983525535420099,5463
199712,11,GADZ,GADZOOKS INC,82492,287.96133,0.9981695039355666,5463
199712,12,CENT,CENTRAL GARDEN & PET CO,77780,287.5553,0.9979864543291231,5463
199712,13,AFCI,ADVANCED FIBRE COMM INC,84047,286.19794,0.9978034047226798,5463
199712,14,WSTL,WESTELL TECHNOLOGIES INC,82762,284.86414,0.9976203551162365,5463
199712,15,TSIX,TRANSITION SYSTEMS INC MASS,83423,284.85275,0.9974373055097931,5463
199712,16,ENCD,E N C A D INC,79962,284.75027,0.9972542559033498,5463
199712,17,OSU,O SULLIVAN INDUSTRIES HLDNGS INC,80184,283.1869,0.9970712062969065,5463
199712,18,DWRX,DATAWORKS CORP,82484,282.64844,0.9968881566904632,5463
199712,19,JNY,JONES GROUP INC,76638,282.27618,0.9967051070840197,5463
199712,20,BROD,BRODERBUND SOFTWARE INC,77094,281.56635,0.9965220574775764,5463
199712,21,JBIL,JABIL INC,79094,281.21436,0.996339007871133,5463
199712,22,CUBE,C CUBE MICROSYSTEMS INC NEW,80441,281.10394,0.9961559582646897,5463
199712,23,IRIC,INFORMATION RESOURCES INC,44194,279.38672,0.9959729086582464,5463
199712,24,FORE,FORE SYSTEMS INC,80526,278.21832,0.9957898590518031,5463
199712,25,BCGI,BOSTON COMMUNICATION GROUP INC,83625,278.19003,0.9956068094453597,5463
199801,1,NSCP,NETSCAPE COMMUNICATIONS CORP,82200,321.62296,1.0,5394
199801,2,PWAV,POWERWAVE TECHNOLOGIES INC,84330,309.4643,0.9998146088246199,5394
199801,3,IMCC,I M C MORTGAGE CO,83667,308.1023,0.9996292176492398,5394
199801,4,GERN,GERON CORP,83756,303.65872,0.9994438264738599,5394
199801,5,PDLI,P D L BIOPHARMA INC,77292,302.48273,0.9992584352984798,5394
199801,6,TALK,TALK AMERICA HOLDINGS INC,82285,301.1184,0.9990730441230997,5394
199801,7,RMBS,RAMBUS INC,84827,298.0326,0.9988876529477196,5394
199801,8,TSA,SPORTS AUTHORITY INC,81064,295.8187,0.9987022617723397,5394
199801,9,REV,REVLON INC,82859,288.31662,0.9985168705969596,5394
199801,10,DIMD,DIAMOND MULTIMEDIA SYSTEMS INC,81550,288.18,0.9983314794215795,5394
199801,11,PRRC,PRECISION RESPONSE CORP,83784,287.3255,0.9981460882461994,5394
199801,12,CTV,COMMSCOPE INC,85231,283.65326,0.9979606970708195,5394
199801,13,BSNX,BASIN EXPLORATION INC,77596,278.88217,0.9977753058954394,5394
199801,14,VVUS,VIVUS INC,80485,276.09567,0.9975899147200593,5394
199801,15,PSUN,PACIFIC SUNWEAR OF CA INC,78999,275.64206,0.9974045235446792,5394
199801,16,DDIM,DATA DIMENSIONS INC,83252,274.7184,0.9972191323692993,5394
199801,17,AVNT,AVANT CORP,81683,273.85742,0.9970337411939192,5394
199801,18,FORE,FORE SYSTEMS INC,80526,273.27994,0.9968483500185391,5394
199801,19,SQNT,SEQUENT COMPUTER SYSTEMS INC,11283,273.0362,0.996662958843159,5394
199801,20,PDX,PEDIATRIX MEDICAL GROUP INC,82272,272.66876,0.9964775676677791,5394
199801,21,IOM,IOMEGA CORP,45891,271.2011,0.996292176492399,5394
199801,22,PCYC,PHARMACYCLICS INC,82513,270.90936,0.9961067853170189,5394
199801,23,JA,JOHN ALDEN FINANCIAL CORP,77924,270.3512,0.9959213941416388,5394
199801,24,AWRE,AWARE INC,83844,269.8285,0.9957360029662589,5394
199801,25,BCHE,BIOCHEM PHARMA INC,76889,269.5012,0.9955506117908788,5394
199802,1,EUSA,E G L INC,82697,318.10782,1.0,5402
199802,2,DDIM,DATA DIMENSIONS INC,83252,316.57333,0.9998148833765272,5402
199802,3,NSCP,NETSCAPE COMMUNICATIONS CORP,82200,314.5271,0.9996297667530544,5402
199802,4,IFMX,ASCENTIAL SOFTWARE CORP,10691,314.1543,0.9994446501295816,5402
199802,5,TALK,TALK AMERICA HOLDINGS INC,82285,309.04898,0.9992595335061089,5402
199802,6,CKFR,CHECKFREE CORP NEW,82255,296.9192,0.9990744168826361,5402
199802,7,CYTC,CYTYC CORP,83251,294.5633,0.9988893002591632,5402
199802,8,LBOR,TRUEBLUE INC,83671,285.22665,0.9987041836356905,5402
199802,9,AFCI,ADVANCED FIBRE COMM INC,84047,284.43124,0.9985190670122177,5402
199802,10,ISLI,INTERSOLV,75528,280.20572,0.998333950388745,5402
199802,11,CHSE,C H S ELECTRONICS INC,81548,280.12457,0.9981488337652721,5402
199802,12,PCMS,P COM INC,81502,280.12442,0.9979637171417993,5402
199802,13,SMOD,SMART MODULAR TECHNOLOGIES INC,82616,279.79224,0.9977786005183266,5402
199802,14,SBGI,SINCLAIR INC,81740,278.74277,0.9975934838948538,5402
199802,15,RMBS,RAMBUS INC,84827,278.4529,0.9974083672713809,5402
199802,16,RL,RALPH LAUREN CORP,85072,277.47513,0.9972232506479082,5402
199802,17,CYMI,CYMER INC,83928,275.2984,0.9970381340244354,5402
199802,18,AWRE,AWARE INC,83844,274.13904,0.9968530174009627,5402
199802,19,CIEN,CIENA CORP,84519,274.0421,0.9966679007774898,5402
199802,20,MANU,MANUGISTICS GROUP INC,79505,271.00568,0.996482784154017,5402
199802,21,AVNT,AVANT CORP,81683,269.367,0.9962976675305443,5402
199802,22,HQ,HAMBRECHT & QUIST GROUP,83823,269.25385,0.9961125509070714,5402
199802,23,VVUS,VIVUS INC,80485,268.74487,0.9959274342835986,5402
199802,24,TMAR,TRICO MARINE SERVICES INC,83568,267.92273,0.9957423176601259,5402
199802,25,PWAV,POWERWAVE TECHNOLOGIES INC,84330,267.52576,0.9955572010366531,5402
199803,1,TALK,TALK AMERICA HOLDINGS INC,82285,340.84665,1.0,5372
199803,2,NSCP,NETSCAPE COMMUNICATIONS CORP,82200,326.67642,0.9998138495904692,5372
199803,3,CLCX,COMPUTER LEARNING CENTERS INC,81607,322.0202,0.9996276991809382,5372
199803,4,JBIL,JABIL INC,79094,304.02325,0.9994415487714073,5372
199803,5,FPAM,F P A MEDICAL MANAGEMENT INC,80982,298.0246,0.9992553983618764,5372
199803,6,RXSD,REXALL SUNDOWN INC,79305,296.3208,0.9990692479523455,5372
199803,7,ENML,ENAMELON INC,84077,296.1498,0.9988830975428146,5372
199803,8,CELL,BRIGHTPOINT INC,80439,292.69565,0.9986969471332837,5372
199803,9,NIN,NINE WEST GROUP INC,78928,288.09998,0.9985107967237528,5372
199803,10,YBTVA,YOUNG BROADCASTING INC,81119,287.1306,0.9983246463142219,5372
199803,11,INFS,INFOCUS CORP,76507,287.00778,0.998138495904691,5372
199803,12,DDIM,DATA DIMENSIONS INC,83252,286.30566,0.9979523454951601,5372
199803,13,SEBL,SIEBEL SYSTEMS INC,83693,281.90765,0.9977661950856291,5372
199803,14,MU,MICRON TECHNOLOGY INC,53613,281.57266,0.9975800446760983,5372
199803,15,JDEC,J D EDWARDS & CO,85380,279.96457,0.9973938942665674,5372
199803,16,LEVL,LEVEL ONE COMMUNICATIONS INC,79503,278.4423,0.9972077438570365,5372
199803,17,CYMI,CYMER INC,83928,277.44342,0.9970215934475056,5372
199803,18,EGRP,E TRADE FINANCIAL CORP,83862,277.26453,0.9968354430379747,5372
199803,19,HARB,HARBOR FLORIDA BANCSHARES INC,80130,276.93433,0.9966492926284438,5372
199803,20,BAY,BAY NETWORKS INC,76754,275.65002,0.9964631422189129,5372
199803,21,SEEK,INFOSEEK CORP,84009,274.2413,0.996276991809382,5372
199803,22,ADLT,ADVANCED LIGHTING TECHS INC,82663,273.93808,0.996090841399851,5372
199803,23,DISH,DISH NETWORK CORP,81696,272.1301,0.9959046909903202,5372
199803,24,GLFD,GUILFORD PHARMACEUTICALS INC,80629,271.96088,0.9957185405807892,5372
199803,25,RMDY,REMEDY CORP,81506,271.78278,0.9955323901712584,5372
199804,1,AVEI,ARTERIAL VASCULAR ENGR INC,83357,326.6625,1.0,5546
199804,2,NSCP,NETSCAPE COMMUNICATIONS CORP,82200,326.37024,0.9998196898665705,5546
199804,3,CLCX,COMPUTER LEARNING CENTERS INC,81607,317.5238,0.999639379733141,5546
199804,4,SPYG,SPYGLASS INC,81750,306.70032,0.9994590695997115,5546
199804,5,TALK,TALK AMERICA HOLDINGS INC,82285,293.565,0.999278759466282,5546
199804,6,GYMB,GYMBOREE CORP,78972,292.26157,0.9990984493328525,5546
199804,7,TDFX,3DFX INTERACTIVE INC,85046,292.15567,0.998918139199423,5546
199804,8,SCOP,SCOPUS TECHNOLOGY INC,82612,290.29437,0.9987378290659935,5546
199804,9,RMBS,RAMBUS INC,84827,289.14697,0.9985575189325641,5546
199804,10,CYBX,CYBERONICS INC,78881,289.11536,0.9983772087991345,5546
199804,11,CYTC,CYTYC CORP,83251,288.31223,0.998196898665705,5546
199804,12,MAST,IGATE CORP,84320,287.43344,0.9980165885322755,5546
199804,13,AGTX,APPLIED GRAPHICS TECHS INC,83349,284.64493,0.997836278398846,5546
199804,14,EFII,ELECTRONICS FOR IMAGING INC,77971,284.3999,0.9976559682654165,5546
199804,15,RSLN,ROSLYN BANCORP INC,84435,283.34238,0.997475658131987,5546
199804,16,GEOC,GEOTEL COMMUNICATIONS CORP,84213,282.92044,0.9972953479985576,5546
199804,17,TSBS,PEOPLES BANCORP DE,82220,282.29346,0.997115037865128,5546
199804,18,GCTI,GENESYS TELECOM LAB INC,85010,279.25183,0.9969347277316986,5546
199804,19,PAIR,PAIRGAIN TECHNOLOGIES INC,79616,278.7174,0.996754417598269,5546
199804,20,LAMR,LAMAR ADVERTISING CO NEW,83879,278.0251,0.9965741074648395,5546
199804,21,KSF,QUAKER STATE CORP,20183,277.7873,0.99639379733141,5546
199804,22,CYBG,CYBERGUARD CORP,80997,277.1922,0.9962134871979805,5546
199804,23,SEQU,SEQUUS PHARMACEUTICALS INC,11346,275.88718,0.9960331770645511,5546
199804,24,PSQL,EPICOR SOFTWARE CORP,78008,275.57513,0.9958528669311215,5546
199804,25,TCIVA,TELE COMMUNICATIONS INC NEW,85321,275.26596,0.9956725567976921,5546
199805,1,CEPH,CEPHALON INC,76625,321.6997,1.0,5575
199805,2,SBTK,SABRATEK CORP,83692,315.3149,0.9998206278026905,5575
199805,3,TALK,TALK AMERICA HOLDINGS INC,82285,314.90945,0.9996412556053812,5575
199805,4,NMGC,NEOMAGIC CORP,84625,311.10562,0.9994618834080717,5575
199805,5,CYMI,CYMER INC,83928,307.19135,0.9992825112107623,5575
199805,6,CYCH,CYBERCASH INC,83128,307.0366,0.9991031390134529,5575
199805,7,GYMB,GYMBOREE CORP,78972,304.3349,0.9989237668161435,5575
199805,8,USWB,USWEB CORP,85719,299.46143,0.9987443946188341,5575
199805,9,SDTI,R S A SEC INC,81178,294.67218,0.9985650224215247,5575
199805,10,ENMD,CASI PHARMACEUTICALS INC CYM,83651,294.19696,0.9983856502242152,5575
199805,11,NSCP,NETSCAPE COMMUNICATIONS CORP,82200,294.14722,0.9982062780269059,5575
199805,12,SEEK,INFOSEEK CORP,84009,293.89047,0.9980269058295964,5575
199805,13,CLCX,COMPUTER LEARNING CENTERS INC,81607,292.59323,0.997847533632287,5575
199805,14,PWAV,POWERWAVE TECHNOLOGIES INC,84330,290.76562,0.9976681614349776,5575
199805,15,DDIM,DATA DIMENSIONS INC,83252,289.88507,0.9974887892376681,5575
199805,16,MMCN,M M C NETWORKS INC,85481,289.42685,0.9973094170403587,5575
199805,17,NEWZ,NEWSEDGE CORP,82172,287.40015,0.9971300448430493,5575
199805,18,ABRX,A B R INFORMATION SERVICES INC,80499,285.28308,0.9969506726457399,5575
199805,19,TSM,TAIWAN SEMICONDUCTOR MFG CO LTD,85442,282.47516,0.9967713004484305,5575
199805,20,MANU,MANUGISTICS GROUP INC,79505,282.4041,0.9965919282511211,5575
199805,21,IFMX,ASCENTIAL SOFTWARE CORP,10691,280.5803,0.9964125560538116,5575
199805,22,MU,MICRON TECHNOLOGY INC,53613,280.49832,0.9962331838565023,5575
199805,23,RMBS,RAMBUS INC,84827,278.02057,0.9960538116591928,5575
199805,24,REGI,RENAISSANCE WORLDWIDE INC,83688,277.98767,0.9958744394618834,5575
199805,25,DISH,DISH NETWORK CORP,81696,277.04718,0.995695067264574,5575
199806,1,TALK,TALK AMERICA HOLDINGS INC,82285,326.4444,1.0,5520
199806,2,STRX,STAR TELECOMMUNICATIONS INC,85043,321.67712,0.9998188405797102,5520
199806,3,ONSL,EGGHEAD COM INC NEW,84753,311.7791,0.9996376811594203,5520
199806,4,TDFX,3DFX INTERACTIVE INC,85046,306.40897,0.9994565217391305,5520
199806,5,JBL,JABIL INC,79094,300.97217,0.9992753623188406,5520
199806,6,QWST,QWEST COMMUNICATIONS INTL INC,85032,300.36603,0.9990942028985508,5520
199806,7,CCCG,C C C INFORMATION SVCS GROUP INC,83850,298.69763,0.9989130434782608,5520
199806,8,USWB,USWEB CORP,85719,298.50116,0.998731884057971,5520
199806,9,SDTI,R S A SEC INC,81178,296.7825,0.9985507246376811,5520
199806,10,NSCP,NETSCAPE COMMUNICATIONS CORP,82200,296.1709,0.9983695652173913,5520
199806,11,AVID,AVID TECHNOLOGY INC,78955,290.97504,0.9981884057971014,5520
199806,12,SEEK,INFOSEEK CORP,84009,286.76434,0.9980072463768116,5520
199806,13,CLST,CELLSTAR CORP,79950,284.9953,0.9978260869565218,5520
199806,14,GTW,GATEWAY INC,79973,284.64163,0.9976449275362319,5520
199806,15,BBY,BEST BUY COMPANY INC,85914,284.59485,0.9974637681159421,5520
199806,16,SAMC,SAMSONITE CORP NEW,80731,283.4256,0.9972826086956522,5520
199806,17,VNTV,VANTIVE CORP,82227,282.1817,0.9971014492753624,5520
199806,18,PWAV,POWERWAVE TECHNOLOGIES INC,84330,281.38077,0.9969202898550724,5520
199806,19,CTXS,CITRIX SYSTEMS INC,82686,280.90118,0.9967391304347826,5520
199806,20,AVNT,AVANT CORP,81683,280.51913,0.9965579710144927,5520
199806,21,BLDPF,BALLARD POWER SYSTEMS INC,82555,279.32016,0.9963768115942029,5520
199806,22,AG,A G C O CORP,77520,278.6019,0.996195652173913,5520
199806,23,CYMI,CYMER INC,83928,275.65097,0.9960144927536232,5520
199806,24,ZONA,REPROS THERAPEUTICS INC,79025,274.82373,0.9958333333333333,5520
199806,25,PERC,PERCLOSE INC,82603,274.3408,0.9956521739130435,5520
199807,1,SDTI,R S A SEC INC,81178,334.40268,1.0,5565
199807,2,TALK,TALK AMERICA HOLDINGS INC,82285,323.97858,0.9998203054806828,5565
199807,3,CHKPF,CHECK POINT SOFTWARE TECHS LTD,83639,322.16202,0.9996406109613657,5565
199807,4,STRX,STAR TELECOMMUNICATIONS INC,85043,313.9969,0.9994609164420485,5565
199807,5,AVNT,AVANT CORP,81683,306.85272,0.9992812219227314,5565
199807,6,TDFX,3DFX INTERACTIVE INC,85046,306.47507,0.9991015274034142,5565
199807,7,SGE,STAGE STORES INC,84132,305.20615,0.9989218328840971,5565
199807,8,RMBS,RAMBUS INC,84827,300.72372,0.9987421383647799,5565
199807,9,MMCN,M M C NETWORKS INC,85481,300.24966,0.9985624438454627,5565
199807,10,CYTC,CYTYC CORP,83251,295.6869,0.9983827493261456,5565
199807,11,GADZ,GADZOOKS INC,82492,288.94165,0.9982030548068284,5565
199807,12,NSCP,NETSCAPE COMMUNICATIONS CORP,82200,288.9026,0.9980233602875113,5565
199807,13,AFCI,ADVANCED FIBRE COMM INC,84047,288.7095,0.997843665768194,5565
199807,14,PAIR,PAIRGAIN TECHNOLOGIES INC,79616,288.4386,0.997663971248877,5565
199807,15,BNYN,EPRESENCE INC,77837,287.55624,0.9974842767295597,5565
199807,16,PCMS,P COM INC,81502,287.11353,0.9973045822102425,5565
199807,17,NTKI,N2K INC,85483,286.92474,0.9971248876909254,5565
199807,18,MANU,MANUGISTICS GROUP INC,79505,286.86948,0.9969451931716082,5565
199807,19,DAOU,D A O U SYSTEMS INC,84523,286.78967,0.9967654986522911,5565
199807,20,FFTI,4FRONT TECHNOLOGIES INC,82804,285.92776,0.9965858041329739,5565
199807,21,USWB,USWEB CORP,85719,285.00726,0.9964061096136568,5565
199807,22,ATHM,AT HOME CORP,85160,284.47385,0.9962264150943396,5565
199807,23,GMGC,GENERAL MAGIC INC,81248,284.19568,0.9960467205750224,5565
199807,24,EFII,ELECTRONICS FOR IMAGING INC,77971,282.70532,0.9958670260557053,5565
199807,25,EGRP,E TRADE FINANCIAL CORP,83862,281.43002,0.9956873315363881,5565
199808,1,CTV,COMMSCOPE INC,85231,355.72543,1.0,5597
199808,2,CLCX,COMPUTER LEARNING CENTERS INC,81607,346.58994,0.9998213328568876,5597
199808,3,DAOU,D A O U SYSTEMS INC,84523,340.29828,0.9996426657137752,5597
199808,4,LCOS,LYCOS INC,83392,336.49274,0.9994639985706628,5597
199808,5,NSCP,NETSCAPE COMMUNICATIONS CORP,82200,333.21973,0.9992853314275505,5597
199808,6,LBOR,TRUEBLUE INC,83671,324.54095,0.9991066642844381,5597
199808,7,STRX,STAR TELECOMMUNICATIONS INC,85043,322.7681,0.9989279971413257,5597
199808,8,CIEN,CIENA CORP,84519,318.9713,0.9987493299982133,5597
199808,9,TALK,TALK AMERICA HOLDINGS INC,82285,314.45227,0.998570662855101,5597
199808,10,RMBS,RAMBUS INC,84827,311.46677,0.9983919957119886,5597
199808,11,PSIX,PSINET INC,81639,307.71893,0.9982133285688762,5597
199808,12,IOM,IOMEGA CORP,45891,300.459,0.9980346614257638,5597
199808,13,URI,UNITED RENTALS INC,85663,298.00104,0.9978559942826514,5597
199808,14,RXSD,REXALL SUNDOWN INC,79305,295.29037,0.997677327139539,5597
199808,15,USWB,USWEB CORP,85719,294.07324,0.9974986599964266,5597
199808,16,DDIM,DATA DIMENSIONS INC,83252,293.7708,0.9973199928533143,5597
199808,17,RX,I M S HEALTH INC,84020,292.07272,0.9971413257102019,5597
199808,18,SDTI,R S A SEC INC,81178,291.6415,0.9969626585670895,5597
199808,19,MANU,MANUGISTICS GROUP INC,79505,286.12656,0.9967839914239771,5597
199808,20,LSI,L S I CORP NEW,48267,284.63925,0.9966053242808648,5597
199808,21,SEEK,INFOSEEK CORP,84009,284.5779,0.9964266571377524,5597
199808,22,ATHM,AT HOME CORP,85160,284.15265,0.99624798999464,5597
199808,23,FCX,FREEPORT MCMORAN INC,81774,284.08917,0.9960693228515276,5597
199808,24,CYMI,CYMER INC,83928,283.6985,0.9958906557084152,5597
199808,25,XCIT,EXCITE INC,83431,283.63742,0.9957119885653029,5597
199809,1,AMCC,APPLIED MICRO CIRCUITS CORP,85522,312.5147,1.0,5568
199809,2,BVSN,BROADVISION INC,83630,304.59912,0.9998204022988506,5568
199809,3,USWB,USWEB CORP,85719,299.22714,0.9996408045977011,5568
199809,4,RXSD,REXALL SUNDOWN INC,79305,297.33844,0.9994612068965517,5568
199809,5,ICII,IMPERIAL CREDIT INDUSTRIES INC,77617,297.22308,0.9992816091954023,5568
199809,6,RMBS,RAMBUS INC,84827,296.30698,0.9991020114942529,5568
199809,7,CCIL,CELLULAR COMMUNICATIONS INTL INC,76899,294.48138,0.9989224137931034,5568
199809,8,AFCI,ADVANCED FIBRE COMM INC,84047,294.37573,0.998742816091954,5568
199809,9,GTSG,GLOBAL TELESYSTEMS INC,85827,291.96262,0.9985632183908046,5568
199809,10,STRX,STAR TELECOMMUNICATIONS INC,85043,291.5293,0.9983836206896551,5568
199809,11,NSCP,NETSCAPE COMMUNICATIONS CORP,82200,288.68,0.9982040229885057,5568
199809,12,NSIT,INSIGHT ENTERPRISES INC,81220,288.40295,0.9980244252873564,5568
199809,13,CTV,COMMSCOPE INC,85231,288.23834,0.9978448275862069,5568
199809,14,CYMI,CYMER INC,83928,287.70593,0.9976652298850575,5568
199809,15,CTYA,CENTURY COMMUNICATIONS CORP,10048,287.24066,0.9974856321839081,5568
199809,16,DAOU,D A O U SYSTEMS INC,84523,286.23178,0.9973060344827587,5568
199809,17,CBTSY,SKILLSOFT PUB LTD CO,81547,286.07242,0.9971264367816092,5568
199809,18,TWA,TRANS WORLD AIRLINES INC,81924,285.44147,0.9969468390804598,5568
199809,19,CIEN,CIENA CORP,84519,284.7799,0.9967672413793104,5568
199809,20,NMGC,NEOMAGIC CORP,84625,281.4367,0.9965876436781609,5568
199809,21,ESCC,EVANS & SUTHERLAND COMPUTER CORP,33612,280.89246,0.9964080459770115,5568
199809,22,TALK,TALK AMERICA HOLDINGS INC,82285,280.3713,0.9962284482758621,5568
199809,23,AGTX,APPLIED GRAPHICS TECHS INC,83349,279.68768,0.9960488505747126,5568
199809,24,AVID,AVID TECHNOLOGY INC,78955,278.91095,0.9958692528735632,5568
199809,25,GTW,GATEWAY INC,79973,278.39175,0.9956896551724138,5568
199810,1,MMCN,M M C NETWORKS INC,85481,344.51373,1.0,5535
199810,2,HNCS,H N C SOFTWARE INC,81712,318.66254,0.9998193315266486,5535
199810,3,RMBS,RAMBUS INC,84827,311.6342,0.9996386630532972,5535
199810,4,NSCP,NETSCAPE COMMUNICATIONS CORP,82200,303.96527,0.9994579945799458,5535
199810,5,GELX,GELTEX PHARMACEUTICALS INC,82576,296.28317,0.9992773261065944,5535
199810,6,AIV,APARTMENT INVESTMENT & MGMT CO,80711,296.12515,0.999096657633243,5535
199810,7,AVEI,ARTERIAL VASCULAR ENGR INC,83357,294.2386,0.9989159891598915,5535
199810,8,RNWK,REALNETWORKS INC,85576,290.75034,0.9987353206865403,5535
199810,9,USWB,USWEB CORP,85719,287.6902,0.9985546522131888,5535
199810,10,AMCC,APPLIED MICRO CIRCUITS CORP,85522,285.04095,0.9983739837398374,5535
199810,11,TALK,TALK AMERICA HOLDINGS INC,82285,284.99493,0.998193315266486,5535
199810,12,DWRX,DATAWORKS CORP,82484,282.54288,0.9980126467931346,5535
199810,13,VRSN,VERISIGN INC,85753,281.57178,0.9978319783197832,5535
199810,14,SEE,SEALED AIR CORP NEW,85926,281.12082,0.9976513098464318,5535
199810,15,ANF,ABERCROMBIE & FITCH CO,83976,280.75555,0.9974706413730804,5535
199810,16,STRL,STERIS PLC NEW,77649,279.38812,0.997289972899729,5535
199810,17,ABDR,ABACUS DIRECT CORP,83920,279.09702,0.9971093044263776,5535
199810,18,IONAY,IONA TECHNOLOGIES PLC,84544,276.82397,0.9969286359530262,5535
199810,19,LGTO,LEGATO SYSTEMS INC,81877,274.91177,0.9967479674796748,5535
199810,20,AVNT,AVANT CORP,81683,274.44214,0.9965672990063233,5535
199810,21,HOE,HOECHST A G,85335,274.4407,0.996386630532972,5535
199810,22,LXK,LEXMARK INTERNATIONAL INC NEW,82643,273.69525,0.9962059620596206,5535
199810,23,STRX,STAR TELECOMMUNICATIONS INC,85043,272.75687,0.9960252935862692,5535
199810,24,TDFX,3DFX INTERACTIVE INC,85046,272.11993,0.9958446251129178,5535
199810,25,RXSD,REXALL SUNDOWN INC,79305,271.62006,0.9956639566395664,5535
199811,1,AVNT,AVANT CORP,81683,317.80716,1.0,5543
199811,2,RXSD,REXALL SUNDOWN INC,79305,310.72806,0.9998195922785496,5543
199811,3,DRTE,DENDRITE INTERNATIONAL INC,81698,307.3956,0.999639184557099,5543
199811,4,BILL,WILHELMINA INTERNATIONAL INC,83734,306.7161,0.9994587768356485,5543
199811,5,SFXE,S F X ENTERTAINMENT INC,86002,304.7968,0.9992783691141981,5543
199811,6,DDIM,DATA DIMENSIONS INC,83252,304.266,0.9990979613927476,5543
199811,7,IOM,IOMEGA CORP,45891,301.8352,0.9989175536712971,5543
199811,8,SMOD,SMART MODULAR TECHNOLOGIES INC,82616,300.43842,0.9987371459498466,5543
199811,9,GMSTF,GEMSTAR TV GUIDE INTL INC,84005,295.23303,0.9985567382283962,5543
199811,10,CIEN,CIENA CORP,84519,295.07996,0.9983763305069457,5543
199811,11,SBTK,SABRATEK CORP,83692,294.90613,0.9981959227854952,5543
199811,12,RMBS,RAMBUS INC,84827,292.7807,0.9980155150640447,5543
199811,13,BEAS,B E A SYSTEMS INC,84721,288.01456,0.9978351073425943,5543
199811,14,GERN,GERON CORP,83756,286.59308,0.9976546996211438,5543
199811,15,CBIZ,CBIZ INC,81584,284.9793,0.9974742918996933,5543
199811,16,ENMD,CASI PHARMACEUTICALS INC CYM,83651,284.8104,0.9972938841782428,5543
199811,17,RNWK,REALNETWORKS INC,85576,283.119,0.9971134764567924,5543
199811,18,FORE,FORE SYSTEMS INC,80526,281.78662,0.9969330687353418,5543
199811,19,WALL,WALL DATA INC,79024,278.36493,0.9967526610138914,5543
199811,20,NTKI,N2K INC,85483,275.9262,0.9965722532924409,5543
199811,21,MANU,MANUGISTICS GROUP INC,79505,275.87976,0.9963918455709905,5543
199811,22,ATVI,ACTIVISION BLIZZARD INC,79678,275.22134,0.9962114378495399,5543
199811,23,TALK,TALK AMERICA HOLDINGS INC,82285,274.38693,0.9960310301280895,5543
199811,24,ODIS,EXCELON CORP,83776,273.42575,0.995850622406639,5543
199811,25,PIXR,PIXAR,82606,272.99496,0.9956702146851886,5543
199812,1,GMSTF,GEMSTAR TV GUIDE INTL INC,84005,308.4521,1.0,5534
199812,2,DRD,DUANE READE INC,85786,299.78757,0.999819298879653,5534
199812,3,CIEN,CIENA CORP,84519,298.8048,0.9996385977593061,5534
199812,4,EGGS,EGGHEAD COM INC,11964,296.78583,0.9994578966389591,5534
199812,5,OMKT,OPEN MARKET INC,83539,296.6504,0.9992771955186122,5534
199812,6,NTKI,N2K INC,85483,294.57452,0.9990964943982653,5534
199812,7,JDEC,J D EDWARDS & CO,85380,292.11188,0.9989157932779184,5534
199812,8,GERN,GERON CORP,83756,290.9385,0.9987350921575714,5534
199812,9,SIPX,SIPEX CORP,83416,289.94202,0.9985543910372244,5534
199812,10,AMB,PROLOGIS INC,85592,288.1472,0.9983736899168775,5534
199812,11,PRXL,PAREXEL INTERNATIONAL CORP,82607,287.41193,0.9981929887965305,5534
199812,12,ABDR,ABACUS DIRECT CORP,83920,286.5955,0.9980122876761836,5534
199812,13,ONSL,EGGHEAD COM INC NEW,84753,286.34747,0.9978315865558366,5534
199812,14,CYCH,CYBERCASH INC,83128,286.25397,0.9976508854354897,5534
199812,15,USWB,USWEB CORP,85719,286.25076,0.9974701843151428,5534
199812,16,TDFX,3DFX INTERACTIVE INC,85046,284.92075,0.9972894831947958,5534
199812,17,SNC,SNYDER COMMUNICATIONS INC,83998,284.28165,0.9971087820744489,5534
199812,18,RMBS,RAMBUS INC,84827,283.87497,0.9969280809541019,5534
199812,19,IOM,IOMEGA CORP,45891,283.43277,0.9967473798337549,5534
199812,20,MXTR,MAXTOR CORP,86281,283.2625,0.996566678713408,5534
199812,21,SPYG,SPYGLASS INC,81750,280.72922,0.996385977593061,5534
199812,22,ODIS,EXCELON CORP,83776,277.28522,0.9962052764727142,5534
199812,23,PPRT,PHARMAPRINT INC,83836,276.02194,0.9960245753523672,5534
199812,24,DDIM,DATA DIMENSIONS INC,83252,275.84628,0.9958438742320203,5534
199812,25,TSIX,TRANSITION SYSTEMS INC MASS,83423,274.19293,0.9956631731116733,5534
199901,1,ZILA,ZILA INC,76008,318.98468,1.0,5476
199901,2,JDEC,J D EDWARDS & CO,85380,316.23514,0.99981738495252,5476
199901,3,SPYG,SPYGLASS INC,81750,316.14746,0.9996347699050402,5476
199901,4,DRD,DUANE READE INC,85786,307.29486,0.9994521548575602,5476
199901,5,MANU,MANUGISTICS GROUP INC,79505,307.08572,0.9992695398100804,5476
199901,6,ODIS,EXCELON CORP,83776,306.7704,0.9990869247626004,5476
199901,7,TALK,TALK AMERICA HOLDINGS INC,82285,304.32678,0.9989043097151206,5476
199901,8,CIEN,CIENA CORP,84519,298.43417,0.9987216946676406,5476
199901,9,CNS,BIG LOTS INC,67467,298.28906,0.9985390796201608,5476
199901,10,CYCH,CYBERCASH INC,83128,296.15985,0.9983564645726808,5476
199901,11,SDTI,R S A SEC INC,81178,296.01825,0.9981738495252008,5476
199901,12,WDC,WESTERN DIGITAL CORP,66384,293.3792,0.997991234477721,5476
199901,13,RMBS,RAMBUS INC,84827,292.14664,0.997808619430241,5476
199901,14,ZD,ZIFF DAVIS INC,85956,291.45477,0.9976260043827612,5476
199901,15,ABDR,ABACUS DIRECT CORP,83920,290.54855,0.9974433893352812,5476
199901,16,WALL,WALL DATA INC,79024,286.1684,0.9972607742878014,5476
199901,17,ERTH,EARTHSHELL CORP,85868,286.11996,0.9970781592403214,5476
199901,18,FORE,FORE SYSTEMS INC,80526,285.5462,0.9968955441928415,5476
199901,19,DCTM,DOCUMENTUM INC,83130,285.326,0.9967129291453616,5476
199901,20,BYND,BEYOND COM CORP,86193,285.12756,0.9965303140978816,5476
199901,21,SMOD,SMART MODULAR TECHNOLOGIES INC,82616,284.75296,0.9963476990504018,5476
199901,22,ADVP,ADVANCE P C S,84046,284.26767,0.9961650840029218,5476
199901,23,DBCC,INTERACTIVE DATA CORP,34981,283.06543,0.995982468955442,5476
199901,24,ONSL,EGGHEAD COM INC NEW,84753,281.83667,0.995799853907962,5476
199901,25,IFMX,ASCENTIAL SOFTWARE CORP,10691,281.39243,0.9956172388604821,5476
199902,1,AMTD,T D AMERITRADE HOLDING CORP,84597,323.49786,1.0,5439
199902,2,KROG,KROLL INC,84243,313.4254,0.9998161426732856,5439
199902,3,MXTR,MAXTOR CORP,86281,307.81287,0.9996322853465711,5439
199902,4,BRCM,BROADCOM CORP,85963,307.3153,0.9994484280198566,5439
199902,5,DDIM,DATA DIMENSIONS INC,83252,306.23303,0.9992645706931421,5439
199902,6,EAII,ENGINEERING ANIMATION INC,83134,302.8661,0.9990807133664277,5439
199902,7,NMGC,NEOMAGIC CORP,84625,301.66165,0.9988968560397132,5439
199902,8,CPU,COMPUSA INC,77179,297.02115,0.9987129987129987,5439
199902,9,NSIT,INSIGHT ENTERPRISES INC,81220,296.3138,0.9985291413862842,5439
199902,10,ENMD,CASI PHARMACEUTICALS INC CYM,83651,294.3684,0.9983452840595698,5439
199902,11,SMOD,SMART MODULAR TECHNOLOGIES INC,82616,292.97958,0.9981614267328554,5439
199902,12,JDEC,J D EDWARDS & CO,85380,292.1386,0.9979775694061408,5439
199902,13,AVNT,AVANT CORP,81683,284.92413,0.9977937120794264,5439
199902,14,INKT,INKTOMI CORP,86173,284.50897,0.9976098547527119,5439
199902,15,CIEN,CIENA CORP,84519,283.15393,0.9974259974259975,5439
199902,16,RMBS,RAMBUS INC,84827,282.63824,0.9972421400992829,5439
199902,17,QLGC,QLOGIC CORP,80266,281.04706,0.9970582827725685,5439
199902,18,ODIS,EXCELON CORP,83776,279.96857,0.996874425445854,5439
199902,19,MWHS,MICRO WAREHOUSE INC,78180,279.54028,0.9966905681191396,5439
199902,20,CLPA,CELL PATHWAYS INC,86420,278.76215,0.996506710792425,5439
199902,21,PRGN,PEREGRINE SYSTEMS INC,84755,278.41083,0.9963228534657106,5439
199902,22,ABTE,ABLE TELECOM HOLDING CORP,80220,278.30756,0.9961389961389961,5439
199902,23,ZD,ZIFF DAVIS INC,85956,278.183,0.9959551388122817,5439
199902,24,CBTSY,SKILLSOFT PUB LTD CO,81547,277.71265,0.9957712814855672,5439
199902,25,ENTU,ENTRUST INC,86324,277.38535,0.9955874241588527,5439
199903,1,BAMM,BOOKS A MILLION INC,78050,314.90976,1.0,5396
199903,2,GELX,GELTEX PHARMACEUTICALS INC,82576,314.62158,0.9998146775389177,5396
199903,3,SBTK,SABRATEK CORP,83692,304.9896,0.9996293550778355,5396
199903,4,ZD,ZIFF DAVIS INC,85956,302.38568,0.9994440326167532,5396
199903,5,RNWK,REALNETWORKS INC,85576,298.77628,0.9992587101556709,5396
199903,6,BLPG,BORON LEPORE & ASSOCIATES,85361,297.98083,0.9990733876945885,5396
199903,7,BOSS,BUILDING ONE SERVICES CORP,85532,291.14224,0.9988880652335063,5396
199903,8,OMKT,OPEN MARKET INC,83539,285.00906,0.998702742772424,5396
199903,9,AMTD,T D AMERITRADE HOLDING CORP,84597,282.01602,0.9985174203113417,5396
199903,10,STRX,STAR TELECOMMUNICATIONS INC,85043,280.0624,0.9983320978502594,5396
199903,11,ASDV,ASPECT DEVELOPMENT INC,83471,279.68744,0.9981467753891772,5396
199903,12,ITVU,INTERVU INC,85560,279.3461,0.9979614529280949,5396
199903,13,PPOD,PEAPOD INC,85030,278.40137,0.9977761304670126,5396
199903,14,ENMD,CASI PHARMACEUTICALS INC CYM,83651,278.34677,0.9975908080059304,5396
199903,15,ESPI,E SPIRE COMMUNICATIONS INC,81469,277.83865,0.997405485544848,5396
199903,16,BTC,BANCTEC INC,16564,277.60825,0.9972201630837657,5396
199903,17,CYCH,CYBERCASH INC,83128,277.06207,0.9970348406226834,5396
199903,18,RMBS,RAMBUS INC,84827,276.3661,0.9968495181616012,5396
199903,19,NETA,MCAFEE INC,77976,276.1204,0.9966641957005189,5396
199903,20,FORE,FORE SYSTEMS INC,80526,274.88983,0.9964788732394366,5396
199903,21,DLP,DELTA & PINE LAND CO,79255,274.1827,0.9962935507783544,5396
199903,22,BRCM,BROADCOM CORP,85963,273.97647,0.9961082283172721,5396
199903,23,EAII,ENGINEERING ANIMATION INC,83134,273.0565,0.9959229058561898,5396
199903,24,MXG,FLOORING AMERICA,79713,271.96103,0.9957375833951075,5396
199903,25,ISSX,INTERNET SECURITY SYSTEMS INC,85879,270.08676,0.9955522609340252,5396
199904,1,RMBS,RAMBUS INC,84827,328.04294,1.0,5553
199904,2,EAII,ENGINEERING ANIMATION INC,83134,322.32184,0.9998199171618944,5553
199904,3,ONSL,EGGHEAD COM INC NEW,84753,305.3136,0.9996398343237889,5553
199904,4,VNWK,VISUAL NETWORKS INC,85854,303.88522,0.9994597514856834,5553
199904,5,EXDS,EXODUS COMMUNICATIONS INC,85870,297.8491,0.9992796686475779,5553
199904,6,VRSN,VERISIGN INC,85753,297.21216,0.9990995858094723,5553
199904,7,TFSM,24 7 REAL MEDIA INC,86338,297.01822,0.9989195029713668,5553
199904,8,MXTR,MAXTOR CORP,86281,296.95224,0.9987394201332613,5553
199904,9,ATHM,AT HOME CORP,85160,296.38318,0.9985593372951558,5553
199904,10,EBAY,EBAY INC,86356,292.78052,0.9983792544570502,5553
199904,11,PAIR,PAIRGAIN TECHNOLOGIES INC,79616,290.82367,0.9981991716189447,5553
199904,12,ORCTF,ORCKIT COMMUNICATIONS LTD,84008,290.11084,0.9980190887808392,5553
199904,13,CYCH,CYBERCASH INC,83128,289.87482,0.9978390059427337,5553
199904,14,GNSS,GENESIS MICROCHIP INC DEL,85825,288.73276,0.9976589231046281,5553
199904,15,ITVU,INTERVU INC,85560,288.55655,0.9974788402665226,5553
199904,16,RNWK,REALNETWORKS INC,85576,288.08316,0.9972987574284171,5553
199904,17,CNET,C N E T NETWORKS INC,83744,287.50354,0.9971186745903116,5553
199904,18,EDFY,EDIFY CORP,83497,284.5056,0.996938591752206,5553
199904,19,SPYG,SPYGLASS INC,81750,283.30423,0.9967585089141004,5553
199904,20,PPOD,PEAPOD INC,85030,281.64297,0.996578426075995,5553
199904,21,TXCC,TRANSWITCH CORP,81756,281.533,0.9963983432378895,5553
199904,22,NEON,NEW ERA OF NETWORKS INC,85026,280.55246,0.9962182603997839,5553
199904,23,NSOL,NETWORK SOLUTIONS INC DE,85385,279.14236,0.9960381775616783,5553
199904,24,TBFC,TELEBANC FINANCIAL CORP,86294,278.68524,0.9958580947235729,5553
199904,25,WAVO,W A V O CORP,81018,278.4215,0.9956780118854673,5553
199905,1,GMST,GEMSTAR TV GUIDE INTL INC,84005,323.15625,1.0,5525
199905,2,VNWK,VISUAL NETWORKS INC,85854,321.064,0.9998190045248869,5525
199905,3,TBFC,TELEBANC FINANCIAL CORP,86294,314.4947,0.9996380090497737,5525
199905,4,CNCX,CONCENTRIC NETWORK CORP,85277,313.73944,0.9994570135746607,5525
199905,5,RMBS,RAMBUS INC,84827,308.44928,0.9992760180995475,5525
199905,6,NMGC,NEOMAGIC CORP,84625,306.10358,0.9990950226244344,5525
199905,7,NTBK,NET BANK INC,85196,305.7841,0.9989140271493213,5525
199905,8,RNWK,REALNETWORKS INC,85576,305.3607,0.9987330316742081,5525
199905,9,GNET,GO2NET INC,85722,299.4838,0.998552036199095,5525
199905,10,NSOL,NETWORK SOLUTIONS INC DE,85385,297.62408,0.9983710407239819,5525
199905,11,COVD,COVAD COMMUNICATIONS GROUP INC,86569,296.92667,0.9981900452488688,5525
199905,12,BAMM,BOOKS A MILLION INC,78050,296.627,0.9980090497737557,5525
199905,13,OMKT,OPEN MARKET INC,83539,295.793,0.9978280542986425,5525
199905,14,CMTO,COM21 INC,86060,292.81012,0.9976470588235294,5525
199905,15,ISSX,INTERNET SECURITY SYSTEMS INC,85879,292.6527,0.9974660633484163,5525
199905,16,GCTY,GEOCITIES,86328,292.5874,0.9972850678733032,5525
199905,17,MCRL,MICREL INC,81162,292.22092,0.9971040723981901,5525
199905,18,ITVU,INTERVU INC,85560,291.94434,0.9969230769230769,5525
199905,19,INSP,AVANTAX INC,86544,291.64178,0.9967420814479638,5525
199905,20,VMSI,VENTANA MEDICAL SYSTEMS INC,83807,291.30975,0.9965610859728506,5525
199905,21,BCST,BROADCAST COM INC,86241,290.56564,0.9963800904977376,5525
199905,22,UNFY,DAEGIS INC,83704,289.69418,0.9961990950226244,5525
199905,23,CBTSY,SKILLSOFT PUB LTD CO,81547,289.3857,0.9960180995475113,5525
199905,24,ERTH,EARTHSHELL CORP,85868,288.9748,0.9958371040723982,5525
199905,25,QKTN,QUICKTURN DESIGN SYSTEMS INC,80026,288.83716,0.995656108597285,5525
199906,1,RNWK,REALNETWORKS INC,85576,313.34503,1.0,5519
199906,2,CPU,COMPUSA INC,77179,305.04932,0.9998188077550281,5519
199906,3,EBAY,EBAY INC,86356,303.02902,0.9996376155100561,5519
199906,4,RMBS,RAMBUS INC,84827,302.33307,0.9994564232650842,5519
199906,5,YHOO,YAHOO INC,83435,300.23862,0.9992752310201123,5519
199906,6,CBTSY,SKILLSOFT PUB LTD CO,81547,295.96277,0.9990940387751405,5519
199906,7,BCST,BROADCAST COM INC,86241,294.55222,0.9989128465301685,5519
199906,8,SBTK,SABRATEK CORP,83692,293.04556,0.9987316542851966,5519
199906,9,INSP,AVANTAX INC,86544,292.61163,0.9985504620402247,5519
199906,10,MXTR,MAXTOR CORP,86281,290.85806,0.9983692697952528,5519
199906,11,AAS,CENCORA INC,81540,290.39795,0.9981880775502808,5519
199906,12,CATP,CAMBRIDGE TECHNOLOGY PRTNRS INC,79075,288.19366,0.9980068853053089,5519
199906,13,LCOS,LYCOS INC,83392,286.69568,0.997825693060337,5519
199906,14,VRSN,VERISIGN INC,85753,285.5602,0.9976445008153652,5519
199906,15,NETA,MCAFEE INC,77976,285.2324,0.9974633085703932,5519
199906,16,ABDR,ABACUS DIRECT CORP,83920,283.74847,0.9972821163254213,5519
199906,17,BRCM,BROADCOM CORP,85963,282.42334,0.9971009240804494,5519
199906,18,NSOL,NETWORK SOLUTIONS INC DE,85385,282.16257,0.9969197318354774,5519
199906,19,ATHM,AT HOME CORP,85160,281.10492,0.9967385395905055,5519
199906,20,CUBE,C CUBE MICROSYSTEMS INC NEW,80441,280.08826,0.9965573473455336,5519
199906,21,TGLO,THEGLOBE COM,86436,279.73752,0.9963761551005617,5519
199906,22,AMTD,T D AMERITRADE HOLDING CORP,84597,278.54163,0.9961949628555897,5519
199906,23,GETY,GETTY IMAGES INC,85824,278.17377,0.9960137706106179,5519
199906,24,CYCH,CYBERCASH INC,83128,277.3228,0.995832578365646,5519
199906,25,CLPA,CELL PATHWAYS INC,86420,277.12576,0.995651386120674,5519
199907,1,MXTR,MAXTOR CORP,86281,324.17206,1.0,5494
199907,2,RMBS,RAMBUS INC,84827,310.70767,0.9998179832544594,5494
199907,3,TSFW,MERCATOR SOFTWARE INC,85218,303.40228,0.9996359665089188,5494
199907,4,VRSN,VERISIGN INC,85753,296.3125,0.9994539497633782,5494
199907,5,COC,CONOCO INC,86368,294.77087,0.9992719330178377,5494
199907,6,CNET,C N E T NETWORKS INC,83744,293.63297,0.999089916272297,5494
199907,7,NETA,MCAFEE INC,77976,291.60825,0.9989078995267565,5494
199907,8,EBAY,EBAY INC,86356,290.1246,0.9987258827812159,5494
199907,9,VNWK,VISUAL NETWORKS INC,85854,284.66028,0.9985438660356752,5494
199907,10,USWB,USWEB CORP,85719,280.99768,0.9983618492901347,5494
199907,11,REV,REVLON INC,82859,279.47638,0.9981798325445941,5494
199907,12,MSPG,EARTHLINK HOLDINGS CORP,83291,279.33112,0.9979978157990536,5494
199907,13,CPTH,CRITICAL PATH INC,86768,279.1562,0.9978157990535129,5494
199907,14,TGLO,THEGLOBE COM,86436,278.77786,0.9976337823079723,5494
199907,15,LWIN,LEAP WIRELESS INTL INC,86360,276.94928,0.9974517655624318,5494
199907,16,IRID,IRIDIUM WORLD COMMUNICATIONS LTD,85014,276.537,0.9972697488168911,5494
199907,17,TSM,TAIWAN SEMICONDUCTOR MFG CO LTD,85442,276.46796,0.9970877320713506,5494
199907,18,EFAX,EFAX COM,85018,276.18927,0.99690571532581,5494
199907,19,PSFT,PEOPLESOFT INC,78083,274.3157,0.9967236985802694,5494
199907,20,TERN,TERAYON COMMUNICATION SYSTEMS,86337,274.213,0.9965416818347288,5494
199907,21,NMGC,NEOMAGIC CORP,84625,272.61658,0.9963596650891882,5494
199907,22,FVCX,FIRST VIRTUAL COMMUNICATIONS INC,85979,272.14093,0.9961776483436476,5494
199907,23,AMTD,T D AMERITRADE HOLDING CORP,84597,271.76953,0.995995631598107,5494
199907,24,WALL,WALL DATA INC,79024,270.69183,0.9958136148525665,5494
199907,25,RMII,INTERNET COMMERCE & COMM INC,83959,270.47803,0.9956315981070258,5494
199908,1,EBAY,EBAY INC,86356,296.5042,1.0,5463
199908,2,WMAR,WEST MARINE INC,79884,293.6743,0.9998169503935567,5463
199908,3,RMBS,RAMBUS INC,84827,293.19537,0.9996339007871133,5463
199908,4,MSPG,EARTHLINK HOLDINGS CORP,83291,292.94568,0.99945085118067,5463
199908,5,LIPO,LIPOSOME COMPANY INC,10513,291.90335,0.9992678015742266,5463
199908,6,CPU,COMPUSA INC,77179,288.8885,0.9990847519677832,5463
199908,7,VRSN,VERISIGN INC,85753,287.60077,0.9989017023613399,5463
199908,8,CCRD,CONCORD COMMUNICATIONS,85458,285.40106,0.9987186527548966,5463
199908,9,GBLX,GLOBAL CROSSING LTD,86326,284.91507,0.9985356031484532,5463
199908,10,VVTV,IMEDIA BRANDS INC,77007,283.5504,0.9983525535420099,5463
199908,11,PCLN,BOOKING HOLDINGS INC,86783,283.44107,0.9981695039355666,5463
199908,12,BRCM,BROADCOM CORP,85963,282.15182,0.9979864543291231,5463
199908,13,AMTD,T D AMERITRADE HOLDING CORP,84597,280.69293,0.9978034047226798,5463
199908,14,PGNS,PATHOGENESIS CORP,82604,279.95624,0.9976203551162365,5463
199908,15,CPTH,CRITICAL PATH INC,86768,276.5652,0.9974373055097931,5463
199908,16,ANAD,ANADIGICS INC,81539,275.6343,0.9972542559033498,5463
199908,17,MFNX,METROMEDIA FIBER NETWORK INC,85479,275.48947,0.9970712062969065,5463
199908,18,NETA,MCAFEE INC,77976,274.17804,0.9968881566904632,5463
199908,19,NMGC,NEOMAGIC CORP,84625,273.1236,0.9967051070840197,5463
199908,20,HIFN,HI FN INC,86527,272.18878,0.9965220574775764,5463
199908,21,RCBK,RICHMOND COUNTY FIN CORP,85843,271.57028,0.996339007871133,5463
199908,22,CIEN,CIENA CORP,84519,270.81848,0.9961559582646897,5463
199908,23,VSEA,VARIAN SEMICONDUCTOR EQP ASSC IN,86791,269.86462,0.9959729086582464,5463
199908,24,EOG,EOG RESOURCES INC,75825,268.59412,0.9957898590518031,5463
199908,25,INCX,AMICAS INC,85245,268.57614,0.9956068094453597,5463
199909,1,LIPO,LIPOSOME COMPANY INC,10513,332.42932,1.0,5385
199909,2,PGNS,PATHOGENESIS CORP,82604,318.76852,0.9998142989786444,5385
199909,3,NVDA,NVIDIA CORP,86580,307.08453,0.9996285979572888,5385
199909,4,MXTR,MAXTOR CORP,86281,296.31122,0.9994428969359331,5385
199909,5,GTSG,GLOBAL TELESYSTEMS INC,85827,294.9879,0.9992571959145775,5385
199909,6,INCY,INCYTE CORP,79906,294.17468,0.9990714948932219,5385
199909,7,HIFN,HI FN INC,86527,286.81506,0.9988857938718663,5385
199909,8,AMTD,T D AMERITRADE HOLDING CORP,84597,285.79498,0.9987000928505106,5385
199909,9,BYND,BEYOND COM CORP,86193,283.93857,0.998514391829155,5385
199909,10,RMBS,RAMBUS INC,84827,282.74124,0.9983286908077994,5385
199909,11,CS,ENTERASYS NETWORKS INC,75625,282.55356,0.9981429897864438,5385
199909,12,GMST,GEMSTAR TV GUIDE INTL INC,84005,282.52454,0.9979572887650882,5385
199909,13,UNFY,DAEGIS INC,83704,280.19904,0.9977715877437325,5385
199909,14,ENMD,CASI PHARMACEUTICALS INC CYM,83651,279.08057,0.997585886722377,5385
199909,15,PSFT,PEOPLESOFT INC,78083,279.0136,0.9974001857010214,5385
199909,16,VRSN,VERISIGN INC,85753,278.10748,0.9972144846796658,5385
199909,17,PCLN,BOOKING HOLDINGS INC,86783,277.7711,0.9970287836583102,5385
199909,18,ONSL,EGGHEAD COM INC NEW,84753,276.7868,0.9968430826369545,5385
199909,19,VVTV,IMEDIA BRANDS INC,77007,275.4593,0.9966573816155989,5385
199909,20,MFNX,METROMEDIA FIBER NETWORK INC,85479,273.7289,0.9964716805942433,5385
199909,21,APOL,APOLLO EDUCATION GROUP INC,81138,273.61188,0.9962859795728877,5385
199909,22,BVSN,BROADVISION INC,83630,273.51685,0.996100278551532,5385
199909,23,NETA,MCAFEE INC,77976,273.22534,0.9959145775301764,5385
199909,24,CQ,COMSAT CORP,41064,272.73718,0.9957288765088208,5385
199909,25,TDFX,3DFX INTERACTIVE INC,85046,271.73254,0.9955431754874652,5385
199910,1,MXTR,MAXTOR CORP,86281,318.933,1.0,5378
199910,2,UBET,YOUBET COM,87005,311.3766,0.9998140572703608,5378
199910,3,PSFT,PEOPLESOFT INC,78083,304.6714,0.9996281145407214,5378
199910,4,NAVR,SPEED COMMERCE INC,80001,301.29346,0.9994421718110822,5378
199910,5,TGLO,THEGLOBE COM,86436,299.9307,0.999256229081443,5378
199910,6,RMBS,RAMBUS INC,84827,297.51892,0.9990702863518036,5378
199910,7,CINR,CINAR CORP,80741,289.61636,0.9988843436221644,5378
199910,8,RAD,RITE AID CORP,46922,288.93777,0.9986984008925252,5378
199910,9,EXTR,EXTREME NETWORKS INC,86822,281.96606,0.9985124581628858,5378
199910,10,NETA,MCAFEE INC,77976,281.83386,0.9983265154332466,5378
199910,11,TSFW,MERCATOR SOFTWARE INC,85218,281.49658,0.9981405727036073,5378
199910,12,PCYC,PHARMACYCLICS INC,82513,281.11206,0.997954629973968,5378
199910,13,PPDI,PHARMACEUTICAL PRODUCT DEV INC,82837,280.95963,0.9977686872443288,5378
199910,14,PHCC,PRIORITY HEALTHCARE CORP,85495,280.91406,0.9975827445146894,5378
199910,15,ELON,ECHELON CORP,86260,277.698,0.9973968017850502,5378
199910,16,AMCC,APPLIED MICRO CIRCUITS CORP,85522,277.30704,0.997210859055411,5378
199910,17,CSE,CASE CORP,80678,277.27667,0.9970249163257716,5378
199910,18,POWI,POWER INTEGRATIONS INC,85710,276.17325,0.9968389735961324,5378
199910,19,HIFN,HI FN INC,86527,275.9091,0.9966530308664932,5378
199910,20,ANF,ABERCROMBIE & FITCH CO,83976,275.43695,0.9964670881368538,5378
199910,21,NVDA,NVIDIA CORP,86580,275.2444,0.9962811454072146,5378
199910,22,MCK,MCKESSON H B O C INC,81061,274.8454,0.9960952026775753,5378
199910,23,CIEN,CIENA CORP,84519,274.1248,0.995909259947936,5378
199910,24,AMTD,T D AMERITRADE HOLDING CORP,84597,273.83487,0.9957233172182968,5378
199910,25,GLIA,GLIATECH INC,82493,273.66464,0.9955373744886575,5378
199911,1,AMTD,T D AMERITRADE HOLDING CORP,84597,332.28583,1.0,5346
199911,2,MXTR,MAXTOR CORP,86281,316.79428,0.9998129442573886,5346
199911,3,NVDA,NVIDIA CORP,86580,309.23315,0.9996258885147774,5346
199911,4,NCI,NAVIGANT CONSULTING INC,84103,303.7641,0.999438832772166,5346
199911,5,RMBS,RAMBUS INC,84827,301.5804,0.9992517770295548,5346
199911,6,LWIN,LEAP WIRELESS INTL INC,86360,295.83258,0.9990647212869435,5346
199911,7,AEOS,AMERICAN EAGLE OUTFITTERS INC NE,80432,294.3199,0.9988776655443322,5346
199911,8,QLGC,QLOGIC CORP,80266,290.9289,0.9986906098017209,5346
199911,9,JNPR,JUNIPER NETWORKS INC,86979,286.04523,0.9985035540591096,5346
199911,10,POWI,POWER INTEGRATIONS INC,85710,285.84482,0.9983164983164983,5346
199911,11,STRX,STAR TELECOMMUNICATIONS INC,85043,283.2919,0.998129442573887,5346
199911,12,DLP,DELTA & PINE LAND CO,79255,282.23862,0.9979423868312757,5346
199911,13,EXTR,EXTREME NETWORKS INC,86822,280.9744,0.9977553310886644,5346
199911,14,ETYS,ETOYS INC,86891,279.90143,0.9975682753460531,5346
199911,15,TRIH,TRIAD HOSPITALS INC,86923,279.8714,0.9973812196034418,5346
199911,16,HRBC,HARBINGER CORP,82178,278.83847,0.9971941638608305,5346
199911,17,PIXR,PIXAR,82606,277.69934,0.9970071081182192,5346
199911,18,PGNS,PATHOGENESIS CORP,82604,277.19608,0.9968200523756079,5346
199911,19,PSFT,PEOPLESOFT INC,78083,275.66022,0.9966329966329966,5346
199911,20,EBAY,EBAY INC,86356,274.22,0.9964459408903853,5346
199911,21,HNCS,H N C SOFTWARE INC,81712,274.0185,0.996258885147774,5346
199911,22,FVCX,FIRST VIRTUAL COMMUNICATIONS INC,85979,273.1754,0.9960718294051627,5346
199911,23,BRCM,BROADCOM CORP,85963,272.90735,0.9958847736625515,5346
199911,24,ENTU,ENTRUST INC,86324,272.64774,0.9956977179199401,5346
199911,25,PZN,CORECIVIC INC,85234,271.4456,0.9955106621773289,5346
199912,1,RMBS,RAMBUS INC,84827,328.68182,1.0,5316
199912,2,PLCE,CHILDRENS PLACE INC,85390,312.19034,0.9998118886380737,5316
199912,3,NVDA,NVIDIA CORP,86580,309.82556,0.9996237772761475,5316
199912,4,AMTD,T D AMERITRADE HOLDING CORP,84597,309.64728,0.9994356659142212,5316
199912,5,EBAY,EBAY INC,86356,299.73306,0.999247554552295,5316
199912,6,INPR,BORLAND SOFTWARE CORP,75902,299.12323,0.9990594431903687,5316
199912,7,ETYS,ETOYS INC,86891,297.77728,0.9988713318284425,5316
199912,8,DLP,DELTA & PINE LAND CO,79255,297.28397,0.9986832204665161,5316
199912,9,BAMM,BOOKS A MILLION INC,78050,296.58545,0.9984951091045899,5316
199912,10,NCI,NAVIGANT CONSULTING INC,84103,295.52292,0.9983069977426636,5316
199912,11,MXTR,MAXTOR CORP,86281,291.2431,0.9981188863807374,5316
199912,12,SONE,S 1 CORP,83554,291.01474,0.9979307750188111,5316
199912,13,EFAX,EFAX COM,85018,289.99,0.9977426636568849,5316
199912,14,MAIL,EASYLINK SERVICES CORP,86983,289.8487,0.9975545522949586,5316
199912,15,TTWO,TAKE TWO INTERACTIVE SOFTWR INC,84761,288.31314,0.9973664409330324,5316
199912,16,KIDE,4 KIDS ENTERTAINMENT INC,10092,286.63727,0.9971783295711061,5316
199912,17,EGGS,EGGHEAD COM INC NEW,84753,285.66434,0.9969902182091799,5316
199912,18,RIMM,BLACKBERRY LTD,86745,284.75653,0.9968021068472536,5316
199912,19,VRTY,VERITY INC,82535,284.48425,0.9966139954853274,5316
199912,20,BRCM,BROADCOM CORP,85963,284.2315,0.996425884123401,5316
199912,21,CMTO,COM21 INC,86060,281.55432,0.9962377727614747,5316
199912,22,MRCY,MERCURY SYSTEMS INC,85738,281.2864,0.9960496613995485,5316
199912,23,TOPP,TOPPS COMPANY INC,11353,280.92282,0.9958615500376222,5316
199912,24,DCLK,DOUBLECLICK INC,85816,280.06906,0.995673438675696,5316
199912,25,RNWK,REALNETWORKS INC,85576,278.64468,0.9954853273137697,5316
200001,1,MXTR,MAXTOR CORP,86281,331.63525,1.0,5251
200001,2,NITE,KNIGHT CAPITAL GROUP INC,87131,314.96783,0.9998095600837935,5251
200001,3,LGTO,LEGATO SYSTEMS INC,81877,312.67874,0.9996191201675871,5251
200001,4,AMTD,T D AMERITRADE HOLDING CORP,84597,306.43393,0.9994286802513807,5251
200001,5,RMBS,RAMBUS INC,84827,301.9609,0.9992382403351743,5251
200001,6,MUSE,MICROMUSE INC,85836,300.70932,0.9990478004189678,5251
200001,7,GMGC,GENERAL MAGIC INC,81248,299.95197,0.9988573605027614,5251
200001,8,INPR,BORLAND SOFTWARE CORP,75902,299.02798,0.9986669205865549,5251
200001,9,JNPR,JUNIPER NETWORKS INC,86979,298.63553,0.9984764806703486,5251
200001,10,DCLK,DOUBLECLICK INC,85816,296.2324,0.9982860407541421,5251
200001,11,NVDA,NVIDIA CORP,86580,295.2817,0.9980956008379356,5251
200001,12,CNQR,CONCUR TECHNOLOGIES INC,86525,293.99347,0.9979051609217292,5251
200001,13,VISX,V I S X INC,12265,290.53522,0.9977147210055227,5251
200001,14,GNSS,GENESIS MICROCHIP INC DEL,85825,289.20575,0.9975242810893163,5251
200001,15,POWI,POWER INTEGRATIONS INC,85710,288.17627,0.9973338411731099,5251
200001,16,MSTR,STRATEGY INC,86211,288.02856,0.9971434012569035,5251
200001,17,UBID,UBID INC,86514,286.92667,0.996952961340697,5251
200001,18,GALT,GALILEO TECHNOLOGY LTD,85182,286.86316,0.9967625214244906,5251
200001,19,FFIV,F 5 INC,86964,285.8886,0.9965720815082841,5251
200001,20,MPPP,M P 3 COM INC,87115,285.50763,0.9963816415920776,5251
200001,21,ETYS,ETOYS INC,86891,285.24884,0.9961912016758713,5251
200001,22,CCRD,CONCORD COMMUNICATIONS,85458,284.07974,0.9960007617596648,5251
200001,23,SNRS,SUNRISE TECHNOLOGIES INTL INC,75760,284.01785,0.9958103218434584,5251
200001,24,BRYO,BRIO SOFTWARE INC,86054,283.25613,0.9956198819272519,5251
200001,25,QLGC,QLOGIC CORP,80266,283.02625,0.9954294420110456,5251
200002,1,DITC,DITECH NETWORKS INC,86959,314.32657,1.0,5262
200002,2,RMBS,RAMBUS INC,84827,311.53912,0.999809958190802,5262
200002,3,SNDK,SANDISK CORP,82618,301.11172,0.999619916381604,5262
200002,4,AVX,A V X CORP NEW,81912,300.55878,0.999429874572406,5262
200002,5,ANF,ABERCROMBIE & FITCH CO,83976,298.0141,0.9992398327632079,5262
200002,6,TERN,TERAYON COMMUNICATION SYSTEMS,86337,296.13373,0.9990497909540099,5262
200002,7,MXTR,MAXTOR CORP,86281,292.52563,0.9988597491448119,5262
200002,8,ENMD,CASI PHARMACEUTICALS INC CYM,83651,291.46237,0.9986697073356139,5262
200002,9,FFIV,F 5 INC,86964,286.9937,0.9984796655264158,5262
200002,10,ENZ,ENZO BIOCHEM INC,33209,285.82236,0.9982896237172177,5262
200002,11,ENT,EQUANT N V,86224,285.7173,0.9980995819080197,5262
200002,12,KOOP,DRKOOP COM INC,86980,285.61563,0.9979095400988217,5262
200002,13,MSTR,STRATEGY INC,86211,282.95322,0.9977194982896237,5262
200002,14,SIFY,SIFY TECHNOLOGIES LTD,87344,281.448,0.9975294564804257,5262
200002,15,NTOP,NET2PHONE INC,87082,280.9988,0.9973394146712277,5262
200002,16,EFAX,EFAX COM,85018,279.70245,0.9971493728620296,5262
200002,17,SONE,S 1 CORP,83554,278.85138,0.9969593310528316,5262
200002,18,BRCM,BROADCOM CORP,85963,277.71127,0.9967692892436336,5262
200002,19,CATP,CAMBRIDGE TECHNOLOGY PRTNRS INC,79075,276.71765,0.9965792474344356,5262
200002,20,CKFR,CHECKFREE CORP NEW,82255,276.53305,0.9963892056252376,5262
200002,21,BIDS,A D B SYSTEMS INTERNATIONAL INC,86817,275.68658,0.9961991638160396,5262
200002,22,MVSN,TIVO CORP,84624,275.6569,0.9960091220068416,5262
200002,23,JNPR,JUNIPER NETWORKS INC,86979,274.89062,0.9958190801976435,5262
200002,24,TSCC,TECHNOLOGY SOLUTIONS CO,76846,274.2835,0.9956290383884454,5262
200002,25,ENTU,ENTRUST INC,86324,273.62436,0.9954389965792474,5262
200003,1,NVDA,NVIDIA CORP,86580,327.8215,1.0,5281
200003,2,ESPI,E SPIRE COMMUNICATIONS INC,81469,315.53058,0.999810641923878,5281
200003,3,MXTR,MAXTOR CORP,86281,310.72385,0.9996212838477561,5281
200003,4,INCY,INCYTE CORP,79906,307.8476,0.9994319257716342,5281
200003,5,MRBA,MARIMBA INC,86836,307.11288,0.9992425676955122,5281
200003,6,LYNX,SOLEXA INC,85699,305.81433,0.9990532096193903,5281
200003,7,TERN,TERAYON COMMUNICATION SYSTEMS,86337,305.67465,0.9988638515432683,5281
200003,8,HGSI,HUMAN GENOME SCIENCES INC,79977,305.04758,0.9986744934671464,5281
200003,9,MLNM,MILLENNIUM PHARMACEUTICALS INC,83531,304.32062,0.9984851353910245,5281
200003,10,GERN,GERON CORP,83756,302.48712,0.9982957773149025,5281
200003,11,MEDX,MEDAREX INC,76706,301.37744,0.9981064192387805,5281
200003,12,CRA,APPLERA CORP,86806,299.03717,0.9979170611626585,5281
200003,13,BRCD,BROCADE COMMUNICATIONS SYS INC,86881,296.6526,0.9977277030865367,5281
200003,14,ARBA,ARIBA INC,87013,296.12692,0.9975383450104147,5281
200003,15,IMCL,IMCLONE SYSTEMS INC,77103,294.66675,0.9973489869342927,5281
200003,16,PPRO,PURCHASEPRO COM INC,87249,294.2245,0.9971596288581708,5281
200003,17,ENTU,ENTRUST INC,86324,291.89557,0.9969702707820488,5281
200003,18,RMBS,RAMBUS INC,84827,291.62518,0.996780912705927,5281
200003,19,GWRX,GEOWORKS CORP,80631,291.53244,0.996591554629805,5281
200003,20,AMCC,APPLIED MICRO CIRCUITS CORP,85522,291.23547,0.996402196553683,5281
200003,21,ASKJ,ASK JEEVES INC,87100,289.61603,0.996212838477561,5281
200003,22,ELON,ECHELON CORP,86260,289.19955,0.9960234804014392,5281
200003,23,BVSN,BROADVISION INC,83630,288.81244,0.9958341223253172,5281
200003,24,SPLN,SPORTSLINE COM INC,85579,288.50726,0.9956447642491952,5281
200003,25,ENGA,ENGAGE INC,87106,287.72006,0.9954554061730733,5281
200004,1,TERN,TERAYON COMMUNICATION SYSTEMS,86337,324.19223,1.0,5399
200004,2,BRCD,BROCADE COMMUNICATIONS SYS INC,86881,321.03088,0.9998147805149101,5399
200004,3,RMBS,RAMBUS INC,84827,310.84647,0.9996295610298204,5399
200004,4,MXTR,MAXTOR CORP,86281,310.61832,0.9994443415447305,5399
200004,5,ZOOX,GADZOOX NETWORKS INC,87108,306.9861,0.9992591220596406,5399
200004,6,CNXT,CONEXANT SYSTEMS INC,86496,302.28427,0.9990739025745509,5399
200004,7,INSO,EBT INTERNATIONAL INC,80334,300.23895,0.998888683089461,5399
200004,8,ARBA,ARIBA INC,87013,297.63132,0.9987034636043712,5399
200004,9,SWCM,SOFTWARE COM,87001,297.59607,0.9985182441192814,5399
200004,10,QUIK,QUICKLOGIC CORP,87364,297.54916,0.9983330246341915,5399
200004,11,SPYG,SPYGLASS INC,81750,297.425,0.9981478051491017,5399
200004,12,CMRC,COMMERCE ONE INC,87103,296.54913,0.9979625856640119,5399
200004,13,RNWK,REALNETWORKS INC,85576,296.07977,0.997777366178922,5399
200004,14,HIFN,HI FN INC,86527,295.50137,0.9975921466938322,5399
200004,15,AMTD,T D AMERITRADE HOLDING CORP,84597,293.60263,0.9974069272087424,5399
200004,16,RFMD,QORVO INC,85035,293.0798,0.9972217077236525,5399
200004,17,LGTO,LEGATO SYSTEMS INC,81877,292.91803,0.9970364882385627,5399
200004,18,VIXL,VIXEL CORP DEL,87353,291.6164,0.9968512687534729,5399
200004,19,ENTU,ENTRUST INC,86324,291.09433,0.996666049268383,5399
200004,20,JNPR,JUNIPER NETWORKS INC,86979,290.64456,0.9964808297832932,5399
200004,21,AMZN,AMAZON COM INC,84788,289.70825,0.9962956102982033,5399
200004,22,FNSR,FINISAR CORP,87390,288.57684,0.9961103908131136,5399
200004,23,NXTV,NEXT LEVEL COMMUNICATIONS INC,87455,286.28058,0.9959251713280237,5399
200004,24,ZOMX,ZOMAX INC MINN,83582,285.0223,0.9957399518429338,5399
200004,25,VIGN,VIGNETTE CORP,86739,284.51767,0.9955547323578441,5399
200005,1,HRD,HANNAFORD BROTHERS CO,59301,298.49905,1.0,5461
200005,2,PCLN,BOOKING HOLDINGS INC,86783,297.5106,0.999816883354697,5461
200005,3,MSTR,STRATEGY INC,86211,297.3767,0.9996337667093939,5461
200005,4,MXTR,MAXTOR CORP,86281,296.22226,0.9994506500640908,5461
200005,5,PACW,PAC WEST TELECOMM INC,87407,294.2932,0.9992675334187877,5461
200005,6,SIFY,SIFY TECHNOLOGIES LTD,87344,292.33197,0.9990844167734847,5461
200005,7,ARBA,ARIBA INC,87013,290.77194,0.9989013001281817,5461
200005,8,ASKJ,ASK JEEVES INC,87100,288.6014,0.9987181834828786,5461
200005,9,NVDA,NVIDIA CORP,86580,288.5345,0.9985350668375755,5461
200005,10,ATON,ALTEON WEBSYSTEMS INC,87221,286.40445,0.9983519501922725,5461
200005,11,A,AGILENT TECHNOLOGIES INC,87432,284.5305,0.9981688335469694,5461
200005,12,BRCD,BROCADE COMMUNICATIONS SYS INC,86881,284.1121,0.9979857169016664,5461
200005,13,WAVX,WAVE SYSTEMS CORP,80858,282.88358,0.9978026002563632,5461
200005,14,IMCL,IMCLONE SYSTEMS INC,77103,282.75607,0.9976194836110602,5461
200005,15,ORCT,ORCKIT COMMUNICATIONS LTD,84008,280.69238,0.9974363669657572,5461
200005,16,ETYS,ETOYS INC,86891,280.16403,0.9972532503204541,5461
200005,17,RMBS,RAMBUS INC,84827,277.50366,0.9970701336751511,5461
200005,18,PWAV,POWERWAVE TECHNOLOGIES INC,84330,276.30823,0.996887017029848,5461
200005,19,GOTO,OVERTURE SERVICES INC,86968,275.8962,0.9967039003845449,5461
200005,20,VARI,VARIAN INC,86789,275.79102,0.9965207837392419,5461
200005,21,AKAM,AKAMAI TECHNOLOGIES INC,87299,275.51495,0.9963376670939388,5461
200005,22,ELON,ECHELON CORP,86260,275.48294,0.9961545504486358,5461
200005,23,AMTD,T D AMERITRADE HOLDING CORP,84597,274.97208,0.9959714338033328,5461
200005,24,MTIC,M T I TECHNOLOGY CORP,80463,274.90033,0.9957883171580296,5461
200005,25,CMRC,COMMERCE ONE INC,87103,272.56415,0.9956052005127266,5461
200006,1,VNWK,VISUAL NETWORKS INC,85854,301.80127,1.0,5427
200006,2,RMBS,RAMBUS INC,84827,301.6891,0.9998157361341441,5427
200006,3,KEM,KEMET CORP,78001,299.39676,0.9996314722682882,5427
200006,4,PSSI,PSS WORLD MEDICAL INC,80568,297.11667,0.9994472084024323,5427
200006,5,NVDA,NVIDIA CORP,86580,295.1065,0.9992629445365764,5427
200006,6,PCLN,BOOKING HOLDINGS INC,86783,294.60944,0.9990786806707205,5427
200006,7,RAD,RITE AID CORP,46922,293.15704,0.9988944168048646,5427
200006,8,SNWL,SONICWALL INC,87419,292.8037,0.9987101529390087,5427
200006,9,CTXS,CITRIX SYSTEMS INC,82686,292.43774,0.9985258890731528,5427
200006,10,ZOOX,GADZOOX NETWORKS INC,87108,287.33224,0.9983416252072969,5427
200006,11,GOTO,OVERTURE SERVICES INC,86968,284.1009,0.998157361341441,5427
200006,12,BOUT,ABOUT COM INC,86795,280.67175,0.997973097475585,5427
200006,13,MSTR,STRATEGY INC,86211,279.2091,0.9977888336097291,5427
200006,14,ASKJ,ASK JEEVES INC,87100,277.6399,0.9976045697438732,5427
200006,15,TDFX,3DFX INTERACTIVE INC,85046,276.82904,0.9974203058780173,5427
200006,16,HLIT,HARMONIC INC,81621,274.5233,0.9972360420121614,5427
200006,17,VNTR,NEXPRISE INC NEW,87058,273.6082,0.9970517781463055,5427
200006,18,NBCI,N B C INTERNET INC,87402,271.5927,0.9968675142804496,5427
200006,19,EXTR,EXTREME NETWORKS INC,86822,271.58594,0.9966832504145937,5427
200006,20,OPTV,OPENTV CORP,87406,270.09543,0.9964989865487378,5427
200006,21,MXTR,MAXTOR CORP,86281,269.85516,0.9963147226828819,5427
200006,22,TIVO,TIVO INC,87255,269.40613,0.996130458817026,5427
200006,23,DVN,DEVON ENERGY CORP NEW,87137,269.32208,0.9959461949511701,5427
200006,24,RFMD,QORVO INC,85035,269.11063,0.9957619310853142,5427
200006,25,MPPP,M P 3 COM INC,87115,267.92813,0.9955776672194583,5427
200007,1,SNWL,SONICWALL INC,87419,309.00836,1.0,5366
200007,2,CTXS,CITRIX SYSTEMS INC,82686,302.47772,0.9998136414461424,5366
200007,3,VNTR,NEXPRISE INC NEW,87058,300.6115,0.9996272828922848,5366
200007,4,VYTL,VIATEL INC,84147,298.24902,0.9994409243384271,5366
200007,5,CNXT,CONEXANT SYSTEMS INC,86496,295.75952,0.9992545657845695,5366
200007,6,VARI,VARIAN INC,86789,295.3783,0.9990682072307119,5366
200007,7,ELON,ECHELON CORP,86260,292.18167,0.9988818486768543,5366
200007,8,CYBS,CYBERSOURCE CORP,86958,291.0097,0.9986954901229966,5366
200007,9,RMBS,RAMBUS INC,84827,290.8068,0.998509131569139,5366
200007,10,QNTS,QUINTUS CORP,87411,289.19858,0.9983227730152814,5366
200007,11,PACW,PAC WEST TELECOMM INC,87407,287.8039,0.9981364144614238,5366
200007,12,PHCC,PRIORITY HEALTHCARE CORP,85495,286.81873,0.9979500559075661,5366
200007,13,MMCN,M M C NETWORKS INC,85481,286.6102,0.9977636973537085,5366
200007,14,MXTR,MAXTOR CORP,86281,286.22165,0.9975773387998509,5366
200007,15,PMTC,P T C INC,75912,285.85773,0.9973909802459933,5366
200007,16,NTIQ,NETIQ CORP,87081,283.29684,0.9972046216921356,5366
200007,17,AUDC,AUDIOCODES LTD,86929,280.27304,0.997018263138278,5366
200007,18,ESPI,E SPIRE COMMUNICATIONS INC,81469,279.08002,0.9968319045844204,5366
200007,19,TERN,TERAYON COMMUNICATION SYSTEMS,86337,276.78125,0.9966455460305628,5366
200007,20,TSTN,TURNSTONE SYSTEMS INC,87638,276.43033,0.9964591874767051,5366
200007,21,MSTR,STRATEGY INC,86211,276.28064,0.9962728289228475,5366
200007,22,MENT,MENTOR GRAPHICS CORP,52813,274.85095,0.9960864703689899,5366
200007,23,ETYS,ETOYS INC,86891,274.36362,0.9959001118151323,5366
200007,24,INCY,INCYTE CORP,79906,273.68054,0.9957137532612746,5366
200007,25,ACLA,ACLARA BIOSCIENCES INC,87748,273.5136,0.995527394707417,5366
200008,1,SNWL,SONICWALL INC,87419,307.87704,1.0,5353
200008,2,MXTR,MAXTOR CORP,86281,303.8585,0.9998131888660564,5353
200008,3,ASWX,ACTIVE SOFTWARE INC,87155,299.74103,0.9996263777321128,5353
200008,4,ARTC,ARTHROCARE CORP,83113,297.2995,0.9994395665981692,5353
200008,5,VARI,VARIAN INC,86789,287.39453,0.9992527554642257,5353
200008,6,TUTS,TUT SYSTEMS INC,86586,284.81375,0.9990659443302821,5353
200008,7,DITC,DITECH NETWORKS INC,86959,282.01398,0.9988791331963385,5353
200008,8,IMCL,IMCLONE SYSTEMS INC,77103,280.26178,0.9986923220623949,5353
200008,9,NPNT,NORTHPOINT COMMUNICATIONS GP INC,86905,279.76157,0.9985055109284513,5353
200008,10,PACW,PAC WEST TELECOMM INC,87407,276.72894,0.9983186997945077,5353
200008,11,BILL,WILHELMINA INTERNATIONAL INC,83734,275.83026,0.9981318886605641,5353
200008,12,CVTX,C V THERAPEUTICS INC,85668,274.43018,0.9979450775266205,5353
200008,13,RHAT,RED HAT INC,87184,273.6285,0.997758266392677,5353
200008,14,PWER,POWER ONE INC,85516,273.57968,0.9975714552587335,5353
200008,15,EBAY,EBAY INC,86356,273.54684,0.9973846441247899,5353
200008,16,ELON,ECHELON CORP,86260,272.51114,0.9971978329908463,5353
200008,17,GZMO,GENZYME CORP,86426,271.7151,0.9970110218569027,5353
200008,18,VRTX,VERTEX PHARMACEUTICALS INC,76744,270.33264,0.9968242107229591,5353
200008,19,EXAR,EXAR CORP,87696,270.11023,0.9966373995890155,5353
200008,20,SSTI,SILICON STORAGE TECHNOLOGY INC,82619,269.69305,0.996450588455072,5353
200008,21,TLGD,TOLLGRADE COMMUNICATIONS INC,82755,269.38614,0.9962637773211284,5353
200008,22,BRCD,BROCADE COMMUNICATIONS SYS INC,86881,269.2797,0.9960769661871848,5353
200008,23,RMBS,RAMBUS INC,84827,268.3943,0.9958901550532412,5353
200008,24,MCTR,MERCATOR SOFTWARE INC,85218,267.7365,0.9957033439192976,5353
200008,25,NCNT,NETCENTIVES INC,87334,267.6829,0.995516532785354,5353
200009,1,SNWL,SONICWALL INC,87419,324.575,1.0,5294
200009,2,ARTC,ARTHROCARE CORP,83113,315.7134,0.999811106913487,5294
200009,3,CMTN,COPPER MOUNTAIN NETWORKS INC,86885,309.62378,0.9996222138269739,5294
200009,4,RHAT,RED HAT INC,87184,306.29218,0.9994333207404609,5294
200009,5,NTOP,NET2PHONE INC,87082,304.30493,0.9992444276539478,5294
200009,6,CLPA,CELL PATHWAYS INC,86420,302.91544,0.9990555345674348,5294
200009,7,PWER,POWER ONE INC,85516,301.39114,0.9988666414809217,5294
200009,8,CATP,CAMBRIDGE TECHNOLOGY PRTNRS INC,79075,300.6442,0.9986777483944088,5294
200009,9,UTHR,UNITED THERAPEUTICS CORP,87006,294.92194,0.9984888553078958,5294
200009,10,TUTS,TUT SYSTEMS INC,86586,292.4517,0.9982999622213827,5294
200009,11,AKAM,AKAMAI TECHNOLOGIES INC,87299,284.99957,0.9981110691348697,5294
200009,12,PCLN,BOOKING HOLDINGS INC,86783,284.10858,0.9979221760483566,5294
200009,13,PLUG,PLUG POWER INC,87337,284.06824,0.9977332829618436,5294
200009,14,PSFT,PEOPLESOFT INC,78083,282.31918,0.9975443898753306,5294
200009,15,SCNT,SCIENT CORP,86928,279.5405,0.9973554967888175,5294
200009,16,EXAP,EXCHANGE APPLICATIONS INC,86498,278.5018,0.9971666037023045,5294
200009,17,PLCE,CHILDRENS PLACE INC,85390,277.7948,0.9969777106157914,5294
200009,18,MAXY,MAXYGEN INC,87499,277.10117,0.9967888175292784,5294
200009,19,NVDA,NVIDIA CORP,86580,275.9304,0.9965999244427654,5294
200009,20,CLRS,CLARUS CORP,86092,275.83728,0.9964110313562523,5294
200009,21,LBRT,LIBERATE TECHNOLOGIES INC,87111,275.649,0.9962221382697394,5294
200009,22,YHOO,YAHOO INC,83435,273.4517,0.9960332451832263,5294
200009,23,BRIO,BRIO SOFTWARE INC,86054,272.92007,0.9958443520967133,5294
200009,24,VARI,VARIAN INC,86789,271.11804,0.9956554590102002,5294
200009,25,CRAY,CRAY INC,82287,270.5949,0.9954665659236872,5294
200010,1,CMTN,COPPER MOUNTAIN NETWORKS INC,86885,336.99146,1.0,5249
200010,2,CNXT,CONEXANT SYSTEMS INC,86496,320.13736,0.9998094875214326,5249
200010,3,PPRO,PURCHASEPRO COM INC,87249,313.62686,0.9996189750428653,5249
200010,4,PSTI,PER SE TECHNOLOGIES INC,77032,309.8611,0.999428462564298,5249
200010,5,EBAY,EBAY INC,86356,309.66052,0.9992379500857306,5249
200010,6,RFMD,QORVO INC,85035,309.64194,0.9990474376071633,5249
200010,7,MCTR,MERCATOR SOFTWARE INC,85218,309.31296,0.9988569251285959,5249
200010,8,ICGE,ACTUA CORP,87167,300.57953,0.9986664126500285,5249
200010,9,TERN,TERAYON COMMUNICATION SYSTEMS,86337,297.31873,0.9984759001714613,5249
200010,10,VRTA,VIRATA CORP,87427,293.07697,0.9982853876928939,5249
200010,11,RHAT,RED HAT INC,87184,289.6691,0.9980948752143265,5249
200010,12,MXTR,MAXTOR CORP,86281,289.11392,0.9979043627357592,5249
200010,13,AETH,NEXCEN BRANDS INC,87298,288.9733,0.9977138502571918,5249
200010,14,PXCM,PROXICOM INC,86841,287.44803,0.9975233377786245,5249
200010,15,ANTC,ARRIS INTERNATIONAL PLC,79564,286.90674,0.9973328253000572,5249
200010,16,EXTR,EXTREME NETWORKS INC,86822,286.6825,0.9971423128214898,5249
200010,17,ELON,ECHELON CORP,86260,283.58636,0.9969518003429224,5249
200010,18,PCLN,BOOKING HOLDINGS INC,86783,283.0136,0.9967612878643551,5249
200010,19,MCAF,MCAFEE COM INC,87500,282.7661,0.9965707753857878,5249
200010,20,TUTS,TUT SYSTEMS INC,86586,281.08423,0.9963802629072204,5249
200010,21,FNSR,FINISAR CORP,87390,280.88138,0.9961897504286531,5249
200010,22,CMRC,COMMERCE ONE INC,87103,280.75168,0.9959992379500857,5249
200010,23,HLTH,H L T H CORP,86721,279.88605,0.9958087254715183,5249
200010,24,CVTX,C V THERAPEUTICS INC,85668,279.6973,0.9956182129929511,5249
200010,25,GALT,GALILEO TECHNOLOGY LTD,85182,278.92725,0.9954277005143837,5249
200011,1,PKTR,PACKETEER INC,87118,334.49152,1.0,5249
200011,2,PPRO,PURCHASEPRO COM INC,87249,327.93506,0.9998094875214326,5249
200011,3,CFLO,BLUE COAT SYSTEMS INC,87377,323.00116,0.9996189750428653,5249
200011,4,JNIC,J N I CORP,87329,312.8786,0.999428462564298,5249
200011,5,SCMR,SYCAMORE NETWORKS INC,87343,311.8165,0.9992379500857306,5249
200011,6,VITR,VITRIA TECHNOLOGY INC,87265,311.58444,0.9990474376071633,5249
200011,7,NXTV,NEXT LEVEL COMMUNICATIONS INC,87455,310.5954,0.9988569251285959,5249
200011,8,TUTS,TUT SYSTEMS INC,86586,302.44812,0.9986664126500285,5249
200011,9,LNUX,GEEKNET INC,87498,301.46738,0.9984759001714613,5249
200011,10,CMTN,COPPER MOUNTAIN NETWORKS INC,86885,300.67337,0.9982853876928939,5249
200011,11,CNXT,CONEXANT SYSTEMS INC,86496,299.9297,0.9980948752143265,5249
200011,12,ENMD,CASI PHARMACEUTICALS INC CYM,83651,299.71024,0.9979043627357592,5249
200011,13,DITC,DITECH NETWORKS INC,86959,296.33777,0.9977138502571918,5249
200011,14,CONE,CARRIER1 INTERNATIONAL S A,87593,292.00903,0.9975233377786245,5249
200011,15,OPTV,OPENTV CORP,87406,291.4503,0.9973328253000572,5249
200011,16,EPNY,E PIPHANY INC,87228,290.94446,0.9971423128214898,5249
200011,17,PRSF,PORTAL SOFTWARE INC,86913,290.61417,0.9969518003429224,5249
200011,18,EBAY,EBAY INC,86356,288.53973,0.9967612878643551,5249
200011,19,RBAK,REDBACK NETWORKS INC,86914,288.39328,0.9965707753857878,5249
200011,20,LBRT,LIBERATE TECHNOLOGIES INC,87111,287.27658,0.9963802629072204,5249
200011,21,PXCM,PROXICOM INC,86841,286.9381,0.9961897504286531,5249
200011,22,PALM,PALM INC,87800,286.14206,0.9959992379500857,5249
200011,23,VARI,VARIAN INC,86789,285.8252,0.9958087254715183,5249
200011,24,SRNA,SERENA SOFTWARE INC,86735,284.83276,0.9956182129929511,5249
200011,25,MCKC,M C K COMMUNICATIONS,87332,284.45596,0.9954277005143837,5249
200012,1,MAXM,MAXIM PHARMACEUTICALS INC,83722,350.60217,1.0,5250
200012,2,VITR,VITRIA TECHNOLOGY INC,87265,321.93494,0.9998095238095238,5250
200012,3,RHAT,RED HAT INC,87184,320.57724,0.9996190476190476,5250
200012,4,ARTC,ARTHROCARE CORP,83113,315.74445,0.9994285714285714,5250
200012,5,JNIC,J N I CORP,87329,310.7695,0.9992380952380953,5250
200012,6,PPRO,PURCHASEPRO COM INC,87249,309.23734,0.9990476190476191,5250
200012,7,PALM,PALM INC,87800,307.5866,0.9988571428571429,5250
200012,8,SCMR,SYCAMORE NETWORKS INC,87343,305.03455,0.9986666666666667,5250
200012,9,NTOP,NET2PHONE INC,87082,302.97366,0.9984761904761905,5250
200012,10,CMRC,COMMERCE ONE INC,87103,301.2602,0.9982857142857143,5250
200012,11,CFLO,BLUE COAT SYSTEMS INC,87377,300.42245,0.9980952380952381,5250
200012,12,AKAM,AKAMAI TECHNOLOGIES INC,87299,297.59036,0.9979047619047619,5250
200012,13,PLCE,CHILDRENS PLACE INC,85390,297.43808,0.9977142857142857,5250
200012,14,STOR,STORAGENETWORKS INC,88378,297.36713,0.9975238095238095,5250
200012,15,BVSN,BROADVISION INC,83630,295.5228,0.9973333333333333,5250
200012,16,NTRO,NETRO CORP,87180,294.27713,0.9971428571428571,5250
200012,17,IWOV,INTERWOVEN INC,87327,294.031,0.9969523809523809,5250
200012,18,HAND,HANDSPRING INC,88347,293.58322,0.9967619047619047,5250
200012,19,EXTR,EXTREME NETWORKS INC,86822,293.06833,0.9965714285714286,5250
200012,20,INAP,INTERNAP CORP,87236,292.00284,0.9963809523809524,5250
200012,21,RBAK,REDBACK NETWORKS INC,86914,290.57883,0.9961904761904762,5250
200012,22,PXCM,PROXICOM INC,86841,290.5515,0.996,5250
200012,23,SNDK,SANDISK CORP,82618,289.57877,0.9958095238095238,5250
200012,24,LNUX,GEEKNET INC,87498,289.37625,0.9956190476190476,5250
200012,25,AVCT,AVOCENT CORP,88424,288.9813,0.9954285714285714,5250
200101,1,VIGN,VIGNETTE CORP,86739,319.09995,1.0,5094
200101,2,PPRO,PURCHASEPRO COM INC,87249,311.4667,0.9998036906164115,5094
200101,3,BRCD,BROCADE COMMUNICATIONS SYS INC,86881,305.6399,0.9996073812328229,5094
200101,4,CPTH,CRITICAL PATH INC,86768,301.9364,0.9994110718492344,5094
200101,5,IWOV,INTERWOVEN INC,87327,301.64178,0.9992147624656459,5094
200101,6,CMRC,COMMERCE ONE INC,87103,300.0101,0.9990184530820573,5094
200101,7,INSP,AVANTAX INC,86544,299.95557,0.9988221436984688,5094
200101,8,HIFN,HI FN INC,86527,298.287,0.9986258343148803,5094
200101,9,SAGI,SAGE INC,87416,290.55905,0.9984295249312917,5094
200101,10,PDII,INTERPACE BIOSCIENCES INC,86083,290.485,0.9982332155477032,5094
200101,11,RFMD,QORVO INC,85035,287.76437,0.9980369061641147,5094
200101,12,ACDO,ACCREDO HEALTH INC,86813,286.75375,0.9978405967805261,5094
200101,13,HAND,HANDSPRING INC,88347,284.02167,0.9976442873969376,5094
200101,14,GRP,GRANT PRIDECO INC,87660,282.91464,0.9974479780133491,5094
200101,15,JDAS,J D A SOFTWARE GROUP INC,83283,278.66263,0.9972516686297606,5094
200101,16,EFNT,EFFICIENT NETWORKS INC,87065,278.54187,0.997055359246172,5094
200101,17,SLTC,DETERMINE INC,87814,278.45135,0.9968590498625834,5094
200101,18,SMDI,SIRENZA MICRODEVICES INC,88262,277.8906,0.996662740478995,5094
200101,19,CCRT,ATLANTICUS HOLDINGS CORP,86819,277.37347,0.9964664310954063,5094
200101,20,HPOW,H POWER CORP,88529,277.03397,0.9962701217118178,5094
200101,21,JNIC,J N I CORP,87329,276.6916,0.9960738123282293,5094
200101,22,NTIQ,NETIQ CORP,87081,276.2461,0.9958775029446407,5094
200101,23,EXTR,EXTREME NETWORKS INC,86822,275.62112,0.9956811935610522,5094
200101,24,ASPX,AUSPEX SYSTEMS INC,79152,275.1715,0.9954848841774637,5094
200101,25,ERTS,ELECTRONIC ARTS INC,75828,274.781,0.9952885747938751,5094
200102,1,SMDI,SIRENZA MICRODEVICES INC,88262,360.24658,1.0,5011
200102,2,PPRO,PURCHASEPRO COM INC,87249,325.19342,0.999800439034125,5011
200102,3,FNSR,FINISAR CORP,87390,319.4989,0.9996008780682498,5011
200102,4,SCMR,SYCAMORE NETWORKS INC,87343,305.46744,0.9994013171023748,5011
200102,5,AVCI,SOAPSTONE NETWORKS INC,88423,297.98654,0.9992017561364998,5011
200102,6,SITE,SPECTRASITE HOLDINGS INC,87252,297.26535,0.9990021951706246,5011
200102,7,BVSN,BROADVISION INC,83630,295.70883,0.9988026342047496,5011
200102,8,CMRC,COMMERCE ONE INC,87103,291.88177,0.9986030732388744,5011
200102,9,BRCD,BROCADE COMMUNICATIONS SYS INC,86881,291.5215,0.9984035122729994,5011
200102,10,JNPR,JUNIPER NETWORKS INC,86979,291.1292,0.9982039513071244,5011
200102,11,CTIC,C T I BIOPHARMA CORP,84604,288.59726,0.9980043903412492,5011
200102,12,TIBX,T I B C O SOFTWARE INC,87092,285.75137,0.9978048293753742,5011
200102,13,BLUE,BLUE MARTINI SOFTWARE,88425,283.648,0.9976052684094991,5011
200102,14,PWAV,POWERWAVE TECHNOLOGIES INC,84330,283.50436,0.997405707443624,5011
200102,15,NUFO,NEW FOCUS INC,88254,282.1539,0.997206146477749,5011
200102,16,INRG,INRANGE TECHNOLOGIES CORP,88636,281.9685,0.9970065855118739,5011
200102,17,AKAM,AKAMAI TECHNOLOGIES INC,87299,281.57733,0.9968070245459988,5011
200102,18,CPST,CAPSTONE GREEN ENERGY CORP,88332,279.08597,0.9966074635801238,5011
200102,19,CCMP,C M C MATERIALS INC,88152,278.64273,0.9964079026142486,5011
200102,20,EXTR,EXTREME NETWORKS INC,86822,277.77325,0.9962083416483736,5011
200102,21,SRNA,SERENA SOFTWARE INC,86735,277.2883,0.9960087806824985,5011
200102,22,PALM,PALM INC,87800,275.9225,0.9958092197166234,5011
200102,23,FDRY,FOUNDRY NETWORKS INC,87229,274.94623,0.9956096587507484,5011
200102,24,RFMD,QORVO INC,85035,274.83475,0.9954100977848733,5011
200102,25,ENTU,ENTRUST INC,86324,273.76074,0.9952105368189982,5011
200103,1,PALM,PALM INC,87800,329.48563,1.0,4989
200103,2,RMBS,RAMBUS INC,84827,323.2823,0.9997995590298657,4989
200103,3,AVCI,SOAPSTONE NETWORKS INC,88423,300.57147,0.9995991180597315,4989
200103,4,FDRY,FOUNDRY NETWORKS INC,87229,300.23508,0.9993986770895971,4989
200103,5,MONE,MATRIXONE INC,87793,299.346,0.9991982361194628,4989
200103,6,SCMR,SYCAMORE NETWORKS INC,87343,296.19022,0.9989977951493285,4989
200103,7,JNPR,JUNIPER NETWORKS INC,86979,293.48938,0.9987973541791942,4989
200103,8,BBSW,BROADBASE SOFTWARE INC,87222,291.5339,0.99859691320906,4989
200103,9,WEBM,WEBMETHODS INC,87644,287.065,0.9983964722389257,4989
200103,10,INFA,INFORMATICA CORP,86830,285.7568,0.9981960312687913,4989
200103,11,AVNX,AVANEX CORP,87588,285.35974,0.997995590298657,4989
200103,12,FNSR,FINISAR CORP,87390,283.89694,0.9977951493285228,4989
200103,13,ESPD,B G C GROUP INC,87487,283.32642,0.9975947083583885,4989
200103,14,PPRO,PURCHASEPRO COM INC,87249,283.20758,0.9973942673882542,4989
200103,15,CORV,BROADWING CORP,88430,282.8042,0.9971938264181198,4989
200103,16,AKAM,AKAMAI TECHNOLOGIES INC,87299,281.81622,0.9969933854479855,4989
200103,17,ONIS,ONI SYSTEMS CORP,88364,281.7936,0.9967929444778513,4989
200103,18,BRCM,BROADCOM CORP,85963,279.69315,0.996592503507717,4989
200103,19,BRCD,BROCADE COMMUNICATIONS SYS INC,86881,278.31473,0.9963920625375827,4989
200103,20,BVSN,BROADVISION INC,83630,278.27936,0.9961916215674483,4989
200103,21,HAND,HANDSPRING INC,88347,277.76624,0.9959911805973141,4989
200103,22,CTXS,CITRIX SYSTEMS INC,82686,276.5531,0.9957907396271798,4989
200103,23,ARBA,ARIBA INC,87013,275.53256,0.9955902986570455,4989
200103,24,RBAK,REDBACK NETWORKS INC,86914,274.49728,0.9953898576869112,4989
200103,25,INCY,INCYTE CORP,79906,273.86734,0.995189416716777,4989
200104,1,MTWV,METAWAVE COMMUNICATIONS CORP,88176,304.45773,1.0,5107
200104,2,CMRC,COMMERCE ONE INC,87103,302.2841,0.9998041903270022,5107
200104,3,SCMR,SYCAMORE NETWORKS INC,87343,300.68442,0.9996083806540043,5107
200104,4,RMBS,RAMBUS INC,84827,296.99756,0.9994125709810064,5107
200104,5,CFLO,BLUE COAT SYSTEMS INC,87377,292.55127,0.9992167613080086,5107
200104,6,YHOO,YAHOO INC,83435,289.77432,0.9990209516350108,5107
200104,7,ARBA,ARIBA INC,87013,288.07977,0.9988251419620129,5107
200104,8,TUNE,MICROTUNE INC DEL,88575,286.23416,0.9986293322890151,5107
200104,9,AVCI,SOAPSTONE NETWORKS INC,88423,285.94186,0.9984335226160173,5107
200104,10,CCMP,C M C MATERIALS INC,88152,285.60098,0.9982377129430194,5107
200104,11,IMNY,I MANY INC,88448,284.82938,0.9980419032700215,5107
200104,12,SNWL,SONICWALL INC,87419,283.75708,0.9978460935970237,5107
200104,13,PALM,PALM INC,87800,283.37982,0.9976502839240259,5107
200104,14,PPRO,PURCHASEPRO COM INC,87249,282.96826,0.997454474251028,5107
200104,15,SBYN,SEEBEYOND TECHNOLOGIES CORP,88198,282.45193,0.9972586645780301,5107
200104,16,IWOV,INTERWOVEN INC,87327,280.42496,0.9970628549050323,5107
200104,17,JNPR,JUNIPER NETWORKS INC,86979,280.2375,0.9968670452320345,5107
200104,18,MCDT,MCDATA CORP,88543,279.51413,0.9966712355590366,5107
200104,19,EBAY,EBAY INC,86356,278.64996,0.9964754258860388,5107
200104,20,MONE,MATRIXONE INC,87793,276.55365,0.996279616213041,5107
200104,21,KOPN,KOPIN CORP,77515,276.54446,0.996083806540043,5107
200104,22,WEBX,WEBEX COMMUNICATIONS INC,88478,276.3459,0.9958879968670452,5107
200104,23,ONIS,ONI SYSTEMS CORP,88364,275.78973,0.9956921871940474,5107
200104,24,TMTA,TRANSMETA CORP DEL,88813,275.7041,0.9954963775210496,5107
200104,25,CELG,CELGENE CORP,11552,275.40738,0.9953005678480517,5107
200105,1,PALM,PALM INC,87800,320.97,1.0,5109
200105,2,NUFO,NEW FOCUS INC,88254,308.3006,0.9998042669798395,5109
200105,3,SCMR,SYCAMORE NETWORKS INC,87343,303.709,0.999608533959679,5109
200105,4,VRTA,VIRATA CORP,87427,302.2575,0.9994128009395185,5109
200105,5,AREM,AREMISSOFT CORP,86815,299.2208,0.999217067919358,5109
200105,6,TGH,TRIGON HEALTHCARE INC,84396,298.51404,0.9990213348991975,5109
200105,7,POWI,POWER INTEGRATIONS INC,85710,294.99658,0.998825601879037,5109
200105,8,RMBS,RAMBUS INC,84827,293.24576,0.9986298688588765,5109
200105,9,FNSR,FINISAR CORP,87390,291.68918,0.998434135838716,5109
200105,10,JNPR,JUNIPER NETWORKS INC,86979,290.74612,0.9982384028185555,5109
200105,11,KREM,KRISPY KREME DOUGHNUTS INC,88172,289.66006,0.998042669798395,5109
200105,12,SMDI,SIRENZA MICRODEVICES INC,88262,289.50385,0.9978469367782344,5109
200105,13,EXFO,E X F O INC,88340,286.82944,0.997651203758074,5109
200105,14,ARTG,ART TECHNOLOGY GROUP INC,87099,285.00305,0.9974554707379135,5109
200105,15,NOVT,NOVOSTE CORP,83535,284.29437,0.997259737717753,5109
200105,16,WBSN,WEBSENSE INC,87827,284.08688,0.9970640046975925,5109
200105,17,OTGS,OTG SOFTWARE INC,87799,283.25684,0.996868271677432,5109
200105,18,PCLN,BOOKING HOLDINGS INC,86783,282.34113,0.9966725386572715,5109
200105,19,CTLM,CENTILLIUM COMMUNICATIONS INC,88248,281.40878,0.9964768056371109,5109
200105,20,TMTA,TRANSMETA CORP DEL,88813,281.18127,0.9962810726169504,5109
200105,21,ENMD,CASI PHARMACEUTICALS INC CYM,83651,280.10046,0.99608533959679,5109
200105,22,PWAV,POWERWAVE TECHNOLOGIES INC,84330,279.81488,0.9958896065766295,5109
200105,23,ARBA,ARIBA INC,87013,279.52548,0.995693873556469,5109
200105,24,PXLW,PIXELWORKS INC,88260,279.30347,0.9954981405363085,5109
200105,25,AVNX,AVANEX CORP,87588,279.1628,0.995302407516148,5109
200106,1,KKD,KRISPY KREME DOUGHNUTS INC,88172,309.7961,1.0,5057
200106,2,PLUG,PLUG POWER INC,87337,309.61215,0.9998022543009689,5057
200106,3,PRCS,PRAECIS PHARMACEUTICALS INC,88190,300.14294,0.999604508601938,5057
200106,4,CTLM,CENTILLIUM COMMUNICATIONS INC,88248,297.29614,0.9994067629029069,5057
200106,5,FDRY,FOUNDRY NETWORKS INC,87229,295.5172,0.9992090172038758,5057
200106,6,TMTA,TRANSMETA CORP DEL,88813,290.8244,0.9990112715048448,5057
200106,7,WEBM,WEBMETHODS INC,87644,285.9851,0.9988135258058137,5057
200106,8,RFMD,QORVO INC,85035,284.8065,0.9986157801067826,5057
200106,9,PTEN,PATTERSON U T I ENERGY INC,79857,284.77567,0.9984180344077517,5057
200106,10,AMCC,APPLIED MICRO CIRCUITS CORP,85522,284.6584,0.9982202887087206,5057
200106,11,IWOV,INTERWOVEN INC,87327,284.3963,0.9980225430096895,5057
200106,12,RTEC,RUDOLPH TECHNOLOGIES INC,87415,284.1049,0.9978247973106585,5057
200106,13,SCMR,SYCAMORE NETWORKS INC,87343,283.43344,0.9976270516116275,5057
200106,14,EFDS,EFUNDS CORP,88338,283.1595,0.9974293059125964,5057
200106,15,FNSR,FINISAR CORP,87390,282.86926,0.9972315602135654,5057
200106,16,FCEL,FUELCELL ENERGY INC,77699,281.97342,0.9970338145145343,5057
200106,17,AREM,AREMISSOFT CORP,86815,281.88635,0.9968360688155032,5057
200106,18,NTAP,NETAPP INC,82598,281.14005,0.9966383231164723,5057
200106,19,CALP,CALIPER LIFE SCIENCES INC,87478,281.1045,0.9964405774174412,5057
200106,20,PWR,QUANTA SERVICES INC,85792,280.77396,0.9962428317184101,5057
200106,21,RECN,RESOURCES CONNECTION INC,88841,280.76065,0.9960450860193791,5057
200106,22,ATHM,AT HOME CORP,85160,279.84125,0.995847340320348,5057
200106,23,OCPI,OPTICAL COMMUNICATION PRODS INC,88809,279.3981,0.995649594621317,5057
200106,24,BRR,BARRETT RESOURCES CORP,16978,278.83685,0.9954518489222859,5057
200106,25,VLO,VALERO ENERGY CORP NEW,85269,278.70273,0.9952541032232549,5057
200107,1,IWOV,INTERWOVEN INC,87327,310.82712,1.0,4987
200107,2,PLUG,PLUG POWER INC,87337,310.45486,0.9997994786444756,4987
200107,3,AREM,AREMISSOFT CORP,86815,309.82227,0.9995989572889513,4987
200107,4,CTLM,CENTILLIUM COMMUNICATIONS INC,88248,307.19754,0.9993984359334269,4987
200107,5,BUCA,BUCA INC,86858,302.4717,0.9991979145779025,4987
200107,6,WEBM,WEBMETHODS INC,87644,300.56873,0.9989973932223782,4987
200107,7,RECN,RESOURCES CONNECTION INC,88841,299.73096,0.9987968718668538,4987
200107,8,YHOO,YAHOO INC,83435,298.90228,0.9985963505113294,4987
200107,9,IMNY,I MANY INC,88448,296.79794,0.998395829155805,4987
200107,10,MCDTA,MCDATA CORP,88911,295.7736,0.9981953078002808,4987
200107,11,PCLN,BOOKING HOLDINGS INC,86783,294.51318,0.9979947864447564,4987
200107,12,AMLN,AMYLIN PHARMACEUTICALS INC,77264,293.96722,0.997794265089232,4987
200107,13,CALP,CALIPER LIFE SCIENCES INC,87478,293.0431,0.9975937437337077,4987
200107,14,PXLW,PIXELWORKS INC,88260,292.95135,0.9973932223781833,4987
200107,15,CPST,CAPSTONE GREEN ENERGY CORP,88332,287.90515,0.9971927010226589,4987
200107,16,MUSE,MICROMUSE INC,85836,287.71057,0.9969921796671346,4987
200107,17,RNWK,REALNETWORKS INC,85576,283.0333,0.9967916583116102,4987
200107,18,RFMD,QORVO INC,85035,282.4363,0.9965911369560858,4987
200107,19,LPNT,LIFEPOINT HEALTH INC,86899,281.96988,0.9963906156005614,4987
200107,20,FNSR,FINISAR CORP,87390,281.67114,0.9961900942450371,4987
200107,21,STOR,STORAGENETWORKS INC,88378,281.66245,0.9959895728895127,4987
200107,22,DTHK,DIGITALTHINK INC,87599,280.44092,0.9957890515339883,4987
200107,23,SONS,RIBBON COMMUNICATIONS INC,88264,279.3565,0.995588530178464,4987
200107,24,KKD,KRISPY KREME DOUGHNUTS INC,88172,278.76492,0.9953880088229397,4987
200107,25,MAPS,MAPINFO CORP,80252,276.96033,0.9951874874674153,4987
200108,1,STLW,STRATOS INTL INC,88377,334.65393,1.0,5027
200108,2,RSTN,RIVERSTONE NETWORKS INC,88913,325.68622,0.9998010741993236,5027
200108,3,WEBM,WEBMETHODS INC,87644,312.50964,0.9996021483986473,5027
200108,4,SONS,RIBBON COMMUNICATIONS INC,88264,310.1859,0.999403222597971,5027
200108,5,ARNA,ARENA PHARMACEUTICALS INC,88421,306.76102,0.9992042967972946,5027
200108,6,PTEN,PATTERSON U T I ENERGY INC,79857,305.87347,0.9990053709966182,5027
200108,7,PXLW,PIXELWORKS INC,88260,305.58072,0.9988064451959419,5027
200108,8,CIEN,CIENA CORP,84519,300.84903,0.9986075193952656,5027
200108,9,EXTR,EXTREME NETWORKS INC,86822,298.07977,0.9984085935945892,5027
200108,10,TUNE,MICROTUNE INC DEL,88575,298.00986,0.9982096677939128,5027
200108,11,CPST,CAPSTONE GREEN ENERGY CORP,88332,297.529,0.9980107419932365,5027
200108,12,PCLN,BOOKING HOLDINGS INC,86783,297.3266,0.9978118161925602,5027
200108,13,ONIS,ONI SYSTEMS CORP,88364,296.97797,0.9976128903918838,5027
200108,14,PALM,PALM INC,87800,296.03354,0.9974139645912075,5027
200108,15,YHOO,YAHOO INC,83435,293.3592,0.9972150387905311,5027
200108,16,MCDTA,MCDATA CORP,88911,291.63214,0.9970161129898548,5027
200108,17,PWAV,POWERWAVE TECHNOLOGIES INC,84330,291.55185,0.9968171871891784,5027
200108,18,EAGL,E G L INC,82697,291.1457,0.9966182613885021,5027
200108,19,MRVL,MARVELL TECHNOLOGY INC,88360,289.51346,0.9964193355878257,5027
200108,20,WEBX,WEBEX COMMUNICATIONS INC,88478,289.36057,0.9962204097871494,5027
200108,21,MCDT,MCDATA CORP,88543,288.4024,0.996021483986473,5027
200108,22,NTAP,NETAPP INC,82598,288.19073,0.9958225581857967,5027
200108,23,PLMD,POLYMEDICA CORP,77392,288.02524,0.9956236323851203,5027
200108,24,MONE,MATRIXONE INC,87793,282.64026,0.995424706584444,5027
200108,25,RECN,RESOURCES CONNECTION INC,88841,282.1309,0.9952257807837677,5027
200109,1,PRCS,PRAECIS PHARMACEUTICALS INC,88190,329.01685,1.0,4934
200109,2,FNSR,FINISAR CORP,87390,319.4346,0.9997973246858533,4934
200109,3,RSTN,RIVERSTONE NETWORKS INC,88913,316.6446,0.9995946493717065,4934
200109,4,NTAP,NETAPP INC,82598,315.41434,0.9993919740575598,4934
200109,5,PTEN,PATTERSON U T I ENERGY INC,79857,313.99103,0.999189298743413,4934
200109,6,RECN,RESOURCES CONNECTION INC,88841,313.54358,0.9989866234292664,4934
200109,7,TTWO,TAKE TWO INTERACTIVE SOFTWR INC,84761,312.82364,0.9987839481151196,4934
200109,8,NVDA,NVIDIA CORP,86580,307.0903,0.9985812728009729,4934
200109,9,EXTR,EXTREME NETWORKS INC,86822,299.70172,0.9983785974868261,4934
200109,10,CIEN,CIENA CORP,84519,295.8565,0.9981759221726794,4934
200109,11,ANF,ABERCROMBIE & FITCH CO,83976,295.07364,0.9979732468585326,4934
200109,12,BEAS,B E A SYSTEMS INC,84721,294.8424,0.9977705715443859,4934
200109,13,PRGN,PEREGRINE SYSTEMS INC,84755,292.08353,0.9975678962302391,4934
200109,14,SONS,RIBBON COMMUNICATIONS INC,88264,291.3521,0.9973652209160924,4934
200109,15,GS,GOLDMAN SACHS GROUP INC,86868,290.63583,0.9971625456019457,4934
200109,16,BRCD,BROCADE COMMUNICATIONS SYS INC,86881,290.35916,0.996959870287799,4934
200109,17,CCMP,C M C MATERIALS INC,88152,288.96588,0.9967571949736522,4934
200109,18,RFMD,QORVO INC,85035,288.7858,0.9965545196595055,4934
200109,19,SLNK,SPECTRALINK CORP,83418,287.52798,0.9963518443453587,4934
200109,20,PDLI,P D L BIOPHARMA INC,77292,287.30252,0.996149169031212,4934
200109,21,FDRY,FOUNDRY NETWORKS INC,87229,286.67636,0.9959464937170652,4934
200109,22,GOTO,OVERTURE SERVICES INC,86968,286.3994,0.9957438184029185,4934
200109,23,JNPR,JUNIPER NETWORKS INC,86979,286.39078,0.9955411430887718,4934
200109,24,GGAL,GRUPO FINANCIERO GALICIA S A,88442,286.03656,0.9953384677746251,4934
200109,25,SLAB,SILICON LABORATORIES INC,87812,285.31918,0.9951357924604783,4934
200110,1,PXLW,PIXELWORKS INC,88260,321.80063,1.0,4867
200110,2,RMBS,RAMBUS INC,84827,310.92664,0.9997945346209164,4867
200110,3,FDRY,FOUNDRY NETWORKS INC,87229,306.25388,0.9995890692418328,4867
200110,4,PDX,PEDIATRIX MEDICAL GROUP INC,82272,303.79114,0.9993836038627492,4867
200110,5,RSTN,RIVERSTONE NETWORKS INC,88913,296.82013,0.9991781384836655,4867
200110,6,AFCI,ADVANCED FIBRE COMM INC,84047,296.171,0.9989726731045819,4867
200110,7,SAP,S A P SE,89382,292.30774,0.9987672077254982,4867
200110,8,PVN,PROVIDIAN FINANCIAL CORP,85073,291.89096,0.9985617423464146,4867
200110,9,WEBX,WEBEX COMMUNICATIONS INC,88478,289.5072,0.998356276967331,4867
200110,10,SLNK,SPECTRALINK CORP,83418,289.03253,0.9981508115882474,4867
200110,11,RFMD,QORVO INC,85035,287.29718,0.9979453462091638,4867
200110,12,PDLI,P D L BIOPHARMA INC,77292,285.86313,0.9977398808300801,4867
200110,13,SLAB,SILICON LABORATORIES INC,87812,285.30914,0.9975344154509965,4867
200110,14,NVDA,NVIDIA CORP,86580,284.23486,0.9973289500719129,4867
200110,15,BEAS,B E A SYSTEMS INC,84721,283.44913,0.9971234846928293,4867
200110,16,UTHR,UNITED THERAPEUTICS CORP,87006,283.08218,0.9969180193137457,4867
200110,17,ADVP,ADVANCE P C S,84046,282.64743,0.996712553934662,4867
200110,18,ELNK,EARTHLINK HOLDINGS CORP,83291,281.44324,0.9965070885555783,4867
200110,19,RNR,RENAISSANCERE HOLDINGS LTD,83728,278.30215,0.9963016231764947,4867
200110,20,MXT,METRIS COS,84107,277.60507,0.9960961577974111,4867
200110,21,NTAP,NETAPP INC,82598,274.8952,0.9958906924183275,4867
200110,22,SKE,SPINNAKER EXPLORATION CO,87254,274.51346,0.9956852270392439,4867
200110,23,MYL,MYLAN N V,69550,272.81497,0.9954797616601603,4867
200110,24,RETK,RETEK INC,87412,272.1932,0.9952742962810767,4867
200110,25,DTHK,DIGITALTHINK INC,87599,271.38693,0.995068830901993,4867
200111,1,ADVP,ADVANCE P C S,84046,316.17957,1.0,4858
200111,2,VSNX,VISIONICS CORP,76548,312.12573,0.9997941539728283,4858
200111,3,PDII,INTERPACE BIOSCIENCES INC,86083,295.69525,0.9995883079456567,4858
200111,4,VISG,L 1 IDENTITY SOLUTIONS INC,84280,295.1803,0.999382461918485,4858
200111,5,UTSI,UTSTARCOM HOLDINGS CORP,87825,294.45062,0.9991766158913133,4858
200111,6,TUNE,MICROTUNE INC DEL,88575,293.0905,0.9989707698641416,4858
200111,7,KKD,KRISPY KREME DOUGHNUTS INC,88172,292.48105,0.9987649238369699,4858
200111,8,PWAV,POWERWAVE TECHNOLOGIES INC,84330,288.74518,0.9985590778097982,4858
200111,9,RSTN,RIVERSTONE NETWORKS INC,88913,287.7115,0.9983532317826266,4858
200111,10,CCMP,C M C MATERIALS INC,88152,286.7825,0.9981473857554549,4858
200111,11,CVTX,C V THERAPEUTICS INC,85668,286.76654,0.9979415397282833,4858
200111,12,WEBX,WEBEX COMMUNICATIONS INC,88478,283.83905,0.9977356937011116,4858
200111,13,RECN,RESOURCES CONNECTION INC,88841,281.48886,0.9975298476739399,4858
200111,14,FDRY,FOUNDRY NETWORKS INC,87229,280.532,0.9973240016467683,4858
200111,15,FHRX,SCIELE PHARMA INC,88249,280.14932,0.9971181556195965,4858
200111,16,ENE,ENRON CORP,23317,279.79657,0.9969123095924248,4858
200111,17,FLIR,FLIR SYSTEMS INC,79265,279.19696,0.9967064635652532,4858
200111,18,BDAL,BRUKER CORP,88504,277.65753,0.9965006175380815,4858
200111,19,CIEN,CIENA CORP,84519,277.5201,0.9962947715109098,4858
200111,20,DFXI,BOWFLEX INC,86889,277.40292,0.9960889254837382,4858
200111,21,SURE,SUREBEAM CORP,88950,277.14883,0.9958830794565665,4858
200111,22,EMBT,EMBARCADERO TECHNOLOGIES INC,88157,276.99225,0.9956772334293948,4858
200111,23,SKE,SPINNAKER EXPLORATION CO,87254,276.14496,0.9954713874022232,4858
200111,24,MOVI,MOVIE GALLERY INC,80831,274.0273,0.9952655413750514,4858
200111,25,PDLI,P D L BIOPHARMA INC,77292,273.9212,0.9950596953478797,4858
200112,1,MCIT,WORLDCOM INC GA NEW,89027,344.195,1.0,4831
200112,2,RHAT,RED HAT INC,87184,338.18784,0.9997930035189402,4831
200112,3,TTWO,TAKE TWO INTERACTIVE SOFTWR INC,84761,311.56216,0.9995860070378804,4831
200112,4,SONS,RIBBON COMMUNICATIONS INC,88264,311.1622,0.9993790105568205,4831
200112,5,ADVP,ADVANCE P C S,84046,308.80673,0.9991720140757607,4831
200112,6,HAND,HANDSPRING INC,88347,307.03058,0.9989650175947009,4831
200112,7,WEBX,WEBEX COMMUNICATIONS INC,88478,300.58423,0.9987580211136411,4831
200112,8,SNDK,SANDISK CORP,82618,300.50604,0.9985510246325813,4831
200112,9,RFMD,QORVO INC,85035,299.4406,0.9983440281515215,4831
200112,10,TERN,TERAYON COMMUNICATION SYSTEMS,86337,295.75806,0.9981370316704616,4831
200112,11,RSTN,RIVERSTONE NETWORKS INC,88913,295.46964,0.9979300351894018,4831
200112,12,JNPR,JUNIPER NETWORKS INC,86979,294.8515,0.997723038708342,4831
200112,13,GSPN,GLOBESPAN VIRATA INC,86969,294.34717,0.9975160422272822,4831
200112,14,ANSS,ANSYS INC,83621,291.85544,0.9973090457462224,4831
200112,15,AFCI,ADVANCED FIBRE COMM INC,84047,291.17072,0.9971020492651624,4831
200112,16,CIEN,CIENA CORP,84519,290.76575,0.9968950527841026,4831
200112,17,CPN,CALPINE CORP,83981,288.95642,0.9966880563030428,4831
200112,18,ASW,A C L N LTD,86146,286.5365,0.996481059821983,4831
200112,19,DNDN,DENDREON CORP,88335,286.41403,0.9962740633409232,4831
200112,20,EAGL,E G L INC,82697,286.13858,0.9960670668598633,4831
200112,21,FNSR,FINISAR CORP,87390,285.8496,0.9958600703788035,4831
200112,22,EFDS,EFUNDS CORP,88338,282.76425,0.9956530738977437,4831
200112,23,VISG,L 1 IDENTITY SOLUTIONS INC,84280,282.72305,0.9954460774166839,4831
200112,24,INVN,INVISION TECHNOLOGIES INC,83383,282.52246,0.9952390809356241,4831
200112,25,FDRY,FOUNDRY NETWORKS INC,87229,282.44217,0.9950320844545643,4831
200201,1,NMTC,NUMERICAL TECHNOLOGIES INC,88178,334.6163,1.0,4767
200201,2,MIR,MIRANT CORP,88601,315.39557,0.999790224459828,4767
200201,3,HAND,HANDSPRING INC,88347,311.44128,0.9995804489196559,4767
200201,4,PXLW,PIXELWORKS INC,88260,309.0329,0.9993706733794839,4767
200201,5,MXT,METRIS COS,84107,308.6595,0.999160897839312,4767
200201,6,NTAP,NETAPP INC,82598,305.10184,0.99895112229914,4767
200201,7,DCLK,DOUBLECLICK INC,85816,304.17136,0.9987413467589679,4767
200201,8,SONS,RIBBON COMMUNICATIONS INC,88264,300.9078,0.9985315712187959,4767
200201,9,SLNK,SPECTRALINK CORP,83418,300.8467,0.9983217956786239,4767
200201,10,DTHK,DIGITALTHINK INC,87599,295.332,0.9981120201384519,4767
200201,11,PECS,PEC SOLUTIONS INC,88187,295.11145,0.9979022445982798,4767
200201,12,CNXT,CONEXANT SYSTEMS INC,86496,291.64536,0.9976924690581078,4767
200201,13,TALX,TALX CORP,84134,291.58182,0.9974826935179358,4767
200201,14,JNPR,JUNIPER NETWORKS INC,86979,288.76816,0.9972729179777637,4767
200201,15,CCMP,C M C MATERIALS INC,88152,287.89508,0.9970631424375918,4767
200201,16,FTI,F M C TECHNOLOGIES INC,89004,286.3207,0.9968533668974198,4767
200201,17,ABGX,ABGENIX INC,86235,285.67584,0.9966435913572478,4767
200201,18,RSTN,RIVERSTONE NETWORKS INC,88913,283.85635,0.9964338158170757,4767
200201,19,SMTF,SKILLSOFT PUB LTD CO,81547,281.50513,0.9962240402769037,4767
200201,20,YHOO,YAHOO INC,83435,281.31958,0.9960142647367317,4767
200201,21,IMCL,IMCLONE SYSTEMS INC,77103,280.656,0.9958044891965597,4767
200201,22,MCAF,MCAFEE COM INC,87500,280.1027,0.9955947136563876,4767
200201,23,ADVP,ADVANCE P C S,84046,280.07635,0.9953849381162156,4767
200201,24,TTWO,TAKE TWO INTERACTIVE SOFTWR INC,84761,280.0652,0.9951751625760437,4767
200201,25,KCIN,BEARINGPOINT INC,88910,279.6228,0.9949653870358716,4767
200202,1,RSTN,RIVERSTONE NETWORKS INC,88913,345.7983,1.0,4717
200202,2,UTSI,UTSTARCOM HOLDINGS CORP,87825,321.76093,0.9997880008479966,4717
200202,3,TUNE,MICROTUNE INC DEL,88575,320.54453,0.9995760016959933,4717
200202,4,PHSY,PACIFICARE HEALTH SYS INC DEL,90879,308.9682,0.9993640025439898,4717
200202,5,MCDTA,MCDATA CORP,88911,307.87912,0.9991520033919864,4717
200202,6,ICST,INTEGRATED CIRCUIT SYSTEMS INC,88275,307.0301,0.9989400042399831,4717
200202,7,PECS,PEC SOLUTIONS INC,88187,305.7856,0.9987280050879797,4717
200202,8,MIR,MIRANT CORP,88601,300.55978,0.9985160059359762,4717
200202,9,PWAV,POWERWAVE TECHNOLOGIES INC,84330,300.2217,0.9983040067839729,4717
200202,10,JNPR,JUNIPER NETWORKS INC,86979,299.3304,0.9980920076319695,4717
200202,11,OVER,OVERTURE SERVICES INC,86968,298.88242,0.997880008479966,4717
200202,12,BRCD,BROCADE COMMUNICATIONS SYS INC,86881,297.59677,0.9976680093279627,4717
200202,13,BMRN,BIOMARIN PHARMACEUTICAL INC,87056,297.25534,0.9974560101759593,4717
200202,14,BDAL,BRUKER CORP,88504,293.00964,0.9972440110239559,4717
200202,15,SONS,RIBBON COMMUNICATIONS INC,88264,292.0247,0.9970320118719526,4717
200202,16,MCIT,WORLDCOM INC GA NEW,89027,290.71298,0.9968200127199491,4717
200202,17,PDLI,P D L BIOPHARMA INC,77292,290.11047,0.9966080135679457,4717
200202,18,ISSX,INTERNET SECURITY SYSTEMS INC,85879,289.98865,0.9963960144159424,4717
200202,19,MCRL,MICREL INC,81162,288.22885,0.996184015263939,4717
200202,20,MCDT,MCDATA CORP,88543,285.53754,0.9959720161119355,4717
200202,21,NTAP,NETAPP INC,82598,284.91757,0.9957600169599322,4717
200202,22,VISG,L 1 IDENTITY SOLUTIONS INC,84280,283.84964,0.9955480178079288,4717
200202,23,ELON,ECHELON CORP,86260,282.29306,0.9953360186559254,4717
200202,24,SRZ,SUNRISE SENIOR LIVING INC,83558,281.30756,0.9951240195039219,4717
200202,25,VAST,VASTERA INC,88651,279.8871,0.9949120203519186,4717
200203,1,EFDS,EFUNDS CORP,88338,309.2705,1.0,4642
200203,2,PDLI,P D L BIOPHARMA INC,77292,309.0562,0.9997845756139595,4642
200203,3,MCIT,WORLDCOM INC GA NEW,89027,302.84665,0.999569151227919,4642
200203,4,SONS,RIBBON COMMUNICATIONS INC,88264,293.12738,0.9993537268418785,4642
200203,5,BEAS,B E A SYSTEMS INC,84721,291.38715,0.999138302455838,4642
200203,6,MCDT,MCDATA CORP,88543,290.91168,0.9989228780697975,4642
200203,7,RFMD,QORVO INC,85035,288.73007,0.998707453683757,4642
200203,8,JNPR,JUNIPER NETWORKS INC,86979,288.46063,0.9984920292977165,4642
200203,9,ATVI,ACTIVISION BLIZZARD INC,79678,286.77957,0.998276604911676,4642
200203,10,MUSE,MICROMUSE INC,85836,284.80212,0.9980611805256355,4642
200203,11,SURE,SUREBEAM CORP,88950,283.40936,0.997845756139595,4642
200203,12,NTAP,NETAPP INC,82598,279.7405,0.9976303317535545,4642
200203,13,OVER,OVERTURE SERVICES INC,86968,279.58142,0.997414907367514,4642
200203,14,VPHM,VIROPHARMA INC,84281,279.17648,0.9971994829814735,4642
200203,15,PVN,PROVIDIAN FINANCIAL CORP,85073,278.75024,0.996984058595433,4642
200203,16,ALOY,ALLOY INC,86878,278.5139,0.9967686342093925,4642
200203,17,MCDTA,MCDATA CORP,88911,278.35007,0.996553209823352,4642
200203,18,FNSR,FINISAR CORP,87390,278.34363,0.9963377854373116,4642
200203,19,MEDC,MED DESIGN CORP,81721,277.76666,0.996122361051271,4642
200203,20,NVDA,NVIDIA CORP,86580,276.8612,0.9959069366652306,4642
200203,21,ELBO,ELECTRONICS BOUTIQUE HLDGS CORP,86259,275.91006,0.99569151227919,4642
200203,22,DOX,AMDOCS LTD,86144,275.1928,0.9954760878931495,4642
200203,23,VRTY,VERITY INC,82535,273.65265,0.995260663507109,4642
200203,24,SNWL,SONICWALL INC,87419,272.3254,0.9950452391210685,4642
200203,25,RSTN,RIVERSTONE NETWORKS INC,88913,272.2043,0.994829814735028,4642
200204,1,MXT,METRIS COS,84107,324.91138,1.0,4629
200204,2,VAST,VASTERA INC,88651,320.26028,0.9997839706200043,4629
200204,3,MCIT,WORLDCOM INC GA NEW,89027,306.2636,0.9995679412400087,4629
200204,4,BEAS,B E A SYSTEMS INC,84721,298.75696,0.9993519118600129,4629
200204,5,PVN,PROVIDIAN FINANCIAL CORP,85073,296.21228,0.9991358824800173,4629
200204,6,MIMS,OPTION CARE HEALTH INC,83883,295.3835,0.9989198531000216,4629
200204,7,FMKT,FREEMARKETS INC,87489,294.7807,0.998703823720026,4629
200204,8,NTAP,NETAPP INC,82598,291.80066,0.9984877943400302,4629
200204,9,TUNE,MICROTUNE INC DEL,88575,287.4329,0.9982717649600346,4629
200204,10,SEBL,SIEBEL SYSTEMS INC,83693,287.25665,0.9980557355800389,4629
200204,11,BRCD,BROCADE COMMUNICATIONS SYS INC,86881,287.1207,0.9978397062000433,4629
200204,12,VRST,VERISITY LTD,88952,286.19498,0.9976236768200475,4629
200204,13,FFIV,F 5 INC,86964,286.16666,0.9974076474400518,4629
200204,14,IMPH,IMPATH INC,83141,285.34863,0.9971916180600562,4629
200204,15,YHOO,YAHOO INC,83435,285.1635,0.9969755886800605,4629
200204,16,TERN,TERAYON COMMUNICATION SYSTEMS,86337,284.8177,0.9967595593000648,4629
200204,17,OIIM,O2MICRO INTERNATIONAL LTD,88549,284.57172,0.9965435299200691,4629
200204,18,SNDK,SANDISK CORP,82618,282.7463,0.9963275005400735,4629
200204,19,ISSX,INTERNET SECURITY SYSTEMS INC,85879,282.36578,0.9961114711600778,4629
200204,20,FHRX,SCIELE PHARMA INC,88249,282.32104,0.995895441780082,4629
200204,21,RFMD,QORVO INC,85035,282.06378,0.9956794124000864,4629
200204,22,NET,MCAFEE INC,77976,281.6764,0.9954633830200907,4629
200204,23,CNXT,CONEXANT SYSTEMS INC,86496,281.16287,0.9952473536400951,4629
200204,24,CCMP,C M C MATERIALS INC,88152,281.09494,0.9950313242600993,4629
200204,25,CSGS,C S G SYSTEMS INTERNATIONAL INC,83124,281.0401,0.9948152948801037,4629
200205,1,OIIM,O2MICRO INTERNATIONAL LTD,88549,324.40005,1.0,4678
200205,2,GNSS,GENESIS MICROCHIP INC DEL,85825,324.30844,0.999786233433091,4678
200205,3,NTAP,NETAPP INC,82598,318.8056,0.9995724668661822,4678
200205,4,BRCD,BROCADE COMMUNICATIONS SYS INC,86881,314.87354,0.9993587002992732,4678
200205,5,DYN,DYNEGY INC NEW DEL,90352,307.66016,0.9991449337323642,4678
200205,6,WWCA,WESTERN WIRELESS CORP,83581,301.921,0.9989311671654553,4678
200205,7,DVA,DAVITA INC,82307,301.88303,0.9987174005985464,4678
200205,8,NPSP,N P S PHARMACEUTICALS INC,80560,301.56714,0.9985036340316374,4678
200205,9,IMCL,IMCLONE SYSTEMS INC,77103,301.46606,0.9982898674647285,4678
200205,10,PDLI,P D L BIOPHARMA INC,77292,297.27066,0.9980761008978196,4678
200205,11,PWAV,POWERWAVE TECHNOLOGIES INC,84330,296.6313,0.9978623343309106,4678
200205,12,RIMM,BLACKBERRY LTD,86745,295.66357,0.9976485677640017,4678
200205,13,BEAS,B E A SYSTEMS INC,84721,293.1781,0.9974348011970928,4678
200205,14,HMN,HORACE MANN EDUCATORS CORP NEW,77120,292.02927,0.9972210346301839,4678
200205,15,OVER,OVERTURE SERVICES INC,86968,289.75543,0.9970072680632749,4678
200205,16,FLWS,1 800 FLOWERS COM INC,87162,289.44177,0.9967935014963659,4678
200205,17,AMZN,AMAZON COM INC,84788,289.35168,0.9965797349294571,4678
200205,18,TUNE,MICROTUNE INC DEL,88575,288.3261,0.9963659683625481,4678
200205,19,VIRL,VIRAGE LOGIC CORP,88580,288.19485,0.9961522017956391,4678
200205,20,BRCM,BROADCOM CORP,85963,287.93372,0.9959384352287303,4678
200205,21,ACN,ACCENTURE PLC IRELAND,89071,287.67825,0.9957246686618213,4678
200205,22,RRI,GENON ENERGY INC,88992,287.42908,0.9955109020949123,4678
200205,23,PFCB,P F CHANGS CHINA BISTRO INC,86534,286.96622,0.9952971355280035,4678
200205,24,ADVP,ADVANCE P C S,84046,286.4452,0.9950833689610945,4678
200205,25,UDI,UNITED DEFENSE INDUSTRIES INC,89260,285.9349,0.9948696023941855,4678
200206,1,ADRX,ANDRX CORP ANDRX GROUP,83615,357.32626,1.0,4643
200206,2,NVDA,NVIDIA CORP,86580,350.87842,0.9997846220116304,4643
200206,3,AMZN,AMAZON COM INC,84788,328.96545,0.9995692440232609,4643
200206,4,GMST,GEMSTAR TV GUIDE INTL INC,84005,310.08768,0.9993538660348912,4643
200206,5,DYN,DYNEGY INC NEW DEL,90352,309.87863,0.9991384880465216,4643
200206,6,ISIL,INTERSIL CORP,87612,309.3321,0.998923110058152,4643
200206,7,BRCD,BROCADE COMMUNICATIONS SYS INC,86881,304.51266,0.9987077320697825,4643
200206,8,ROIA,URBAN ONE INC,86916,301.50775,0.9984923540814129,4643
200206,9,GNSS,GENESIS MICROCHIP INC DEL,85825,301.25293,0.9982769760930433,4643
200206,10,BEAS,B E A SYSTEMS INC,84721,300.78656,0.9980615981046737,4643
200206,11,RFMD,QORVO INC,85035,300.2675,0.9978462201163041,4643
200206,12,MYGN,MYRIAD GENETICS INC,82508,300.23273,0.9976308421279345,4643
200206,13,NTAP,NETAPP INC,82598,298.18597,0.997415464139565,4643
200206,14,SEBL,SIEBEL SYSTEMS INC,83693,296.6136,0.9972000861511954,4643
200206,15,ROIAK,URBAN ONE INC,88372,294.36478,0.9969847081628258,4643
200206,16,DISH,DISH NETWORK CORP,81696,294.23285,0.9967693301744561,4643
200206,17,WBSN,WEBSENSE INC,87827,293.683,0.9965539521860866,4643
200206,18,JNPR,JUNIPER NETWORKS INC,86979,292.7661,0.996338574197717,4643
200206,19,BRCM,BROADCOM CORP,85963,290.91296,0.9961231962093474,4643
200206,20,TMPW,MONSTER WORLDWIDE INC,84342,288.78308,0.9959078182209778,4643
200206,21,XLNX,XILINX INC,76201,288.71448,0.9956924402326083,4643
200206,22,EFDS,EFUNDS CORP,88338,286.72705,0.9954770622442386,4643
200206,23,ADBE,ADOBE INC,75510,285.82483,0.995261684255869,4643
200206,24,GTIV,GENTIVA HEALTH SERVICES INC,87771,283.35126,0.9950463062674995,4643
200206,25,CHKP,CHECK POINT SOFTWARE TECHS LTD,83639,283.3321,0.9948309282791299,4643
200207,1,NVDA,NVIDIA CORP,86580,310.87225,1.0,4593
200207,2,BRCD,BROCADE COMMUNICATIONS SYS INC,86881,294.9691,0.9997822773786197,4593
200207,3,SEBL,SIEBEL SYSTEMS INC,83693,293.81393,0.9995645547572393,4593
200207,4,MCDT,MCDATA CORP,88543,289.72025,0.999346832135859,4593
200207,5,COH,TAPESTRY INC,88661,289.09192,0.9991291095144785,4593
200207,6,AMZN,AMAZON COM INC,84788,288.754,0.9989113868930982,4593
200207,7,NTAP,NETAPP INC,82598,287.66727,0.9986936642717178,4593
200207,8,EXTR,EXTREME NETWORKS INC,86822,285.9456,0.9984759416503375,4593
200207,9,FLR,FLUOR CORP NEW,88853,282.74976,0.9982582190289571,4593
200207,10,TUNE,MICROTUNE INC DEL,88575,281.4427,0.9980404964075767,4593
200207,11,NXTL,NEXTEL COMMUNICATIONS INC,77284,281.03473,0.9978227737861964,4593
200207,12,DYN,DYNEGY INC NEW DEL,90352,276.32324,0.997605051164816,4593
200207,13,ASGN,ASGN INC,77917,276.08145,0.9973873285434357,4593
200207,14,OIIM,O2MICRO INTERNATIONAL LTD,88549,275.93344,0.9971696059220553,4593
200207,15,SPG,SIMON PROPERTY GROUP INC NEW,80100,275.82455,0.996951883300675,4593
200207,16,MCHP,MICROCHIP TECHNOLOGY INC,78987,275.47507,0.9967341606792945,4593
200207,17,POWI,POWER INTEGRATIONS INC,85710,274.33063,0.9965164380579142,4593
200207,18,MXT,METRIS COS,84107,273.545,0.9962987154365338,4593
200207,19,FMKT,FREEMARKETS INC,87489,272.84818,0.9960809928151535,4593
200207,20,IMPH,IMPATH INC,83141,272.5289,0.9958632701937732,4593
200207,21,FDRY,FOUNDRY NETWORKS INC,87229,271.73334,0.9956455475723928,4593
200207,22,LRY,LIBERTY PROPERTY TRUST,80691,271.65073,0.9954278249510125,4593
200207,23,RMG,CABLEVISION SYSTEMS CORP,88919,271.10406,0.995210102329632,4593
200207,24,CPTS,CONCEPTUS INC,83123,270.77005,0.9949923797082517,4593
200207,25,BEAS,B E A SYSTEMS INC,84721,269.73087,0.9947746570868713,4593
200208,1,MIEC,MAGNA ENTERTAINMENT CORP,87619,305.41895,1.0,4615
200208,2,BRCD,BROCADE COMMUNICATIONS SYS INC,86881,300.92426,0.9997833152762731,4615
200208,3,CRY,ARTIVION INC,78876,297.8691,0.999566630552546,4615
200208,4,AEOS,AMERICAN EAGLE OUTFITTERS INC NE,80432,288.50812,0.9993499458288191,4615
200208,5,SRCL,STERICYCLE INC,83906,288.08887,0.999133261105092,4615
200208,6,AAP,ADVANCE AUTO PARTS INC,89217,285.6571,0.9989165763813651,4615
200208,7,ADRX,ANDRX CORP ANDRX GROUP,83615,285.15128,0.9986998916576382,4615
200208,8,FTS,FOOTSTAR INC,83985,283.25577,0.9984832069339111,4615
200208,9,PLD,PROLOGIS,80406,283.06265,0.9982665222101842,4615
200208,10,NVDA,NVIDIA CORP,86580,281.7383,0.9980498374864573,4615
200208,11,COL,ROCKWELL COLLINS INC,89014,281.38797,0.9978331527627302,4615
200208,12,OHP,OXFORD HEALTH PLANS INC,76779,279.62967,0.9976164680390033,4615
200208,13,COH,TAPESTRY INC,88661,275.9759,0.9973997833152762,4615
200208,14,ADVP,ADVANCE P C S,84046,275.76773,0.9971830985915493,4615
200208,15,CCMP,C M C MATERIALS INC,88152,275.04312,0.9969664138678224,4615
200208,16,PDLI,P D L BIOPHARMA INC,77292,273.45496,0.9967497291440953,4615
200208,17,ANF,ABERCROMBIE & FITCH CO,83976,272.73077,0.9965330444203684,4615
200208,18,NTAP,NETAPP INC,82598,271.878,0.9963163596966413,4615
200208,19,JDEC,J D EDWARDS & CO,85380,271.74014,0.9960996749729144,4615
200208,20,TMPW,MONSTER WORLDWIDE INC,84342,271.1556,0.9958829902491875,4615
200208,21,ADBE,ADOBE INC,75510,269.50818,0.9956663055254604,4615
200208,22,A,AGILENT TECHNOLOGIES INC,87432,268.964,0.9954496208017335,4615
200208,23,WTW,W W INTERNATIONAL INC,89244,268.66974,0.9952329360780064,4615
200208,24,GTK,GTECH HOLDINGS CORP,77803,267.7712,0.9950162513542795,4615
200208,25,ACF,AMERICREDIT CORP,75858,267.52008,0.9947995666305526,4615
200209,1,BRCD,BROCADE COMMUNICATIONS SYS INC,86881,319.58478,1.0,4494
200209,2,JDEC,J D EDWARDS & CO,85380,290.91327,0.9997774810858923,4494
200209,3,AMMD,AMERICAN MEDICAL SYS HLDGS INC,88499,289.92172,0.9995549621717846,4494
200209,4,NXTL,NEXTEL COMMUNICATIONS INC,77284,287.72495,0.9993324432576769,4494
200209,5,NTAP,NETAPP INC,82598,287.6099,0.9991099243435692,4494
200209,6,WEBX,WEBEX COMMUNICATIONS INC,88478,286.93933,0.9988874054294615,4494
200209,7,AEOS,AMERICAN EAGLE OUTFITTERS INC NE,80432,286.39255,0.9986648865153538,4494
200209,8,ADRX,ANDRX CORP ANDRX GROUP,83615,285.8483,0.9984423676012462,4494
200209,9,INVN,INVISION TECHNOLOGIES INC,83383,281.96286,0.9982198486871384,4494
200209,10,CPRT,COPART INC,80320,281.29144,0.9979973297730307,4494
200209,11,WTW,W W INTERNATIONAL INC,89244,279.91888,0.9977748108589231,4494
200209,12,ISIL,INTERSIL CORP,87612,279.5835,0.9975522919448153,4494
200209,13,EDS,ELECTRONIC DATA SYS CORP NEW,83596,279.50345,0.9973297730307076,4494
200209,14,DLTR,DOLLAR TREE INC,81481,278.08264,0.9971072541166,4494
200209,15,MEDI,MEDIMMUNE INC,76656,277.98328,0.9968847352024922,4494
200209,16,FTI,F M C TECHNOLOGIES INC,89004,277.96194,0.9966622162883845,4494
200209,17,BJ,B J S WHOLESALE CLUB INC,85232,277.59018,0.9964396973742768,4494
200209,18,HYSL,HYPERION SOLUTIONS CORP,82551,277.559,0.9962171784601691,4494
200209,19,SAP,S A P SE,89382,277.29822,0.9959946595460614,4494
200209,20,PEET,PEETS COFFEE AND TEA INC,88868,275.8133,0.9957721406319537,4494
200209,21,OCA,O C A INC,81172,272.62332,0.995549621717846,4494
200209,22,TSG,SABRE HOLDINGS CORP,84036,272.21674,0.9953271028037384,4494
200209,23,MAR,MARRIOTT INTERNATIONAL INC NEW,85913,271.8813,0.9951045838896306,4494
200209,24,NSCN,NETSCREEN TECHNOLOGIES INC,89275,270.83997,0.9948820649755229,4494
200209,25,ACF,AMERICREDIT CORP,75858,269.09692,0.9946595460614153,4494
200210,1,NLS,BOWFLEX INC,86889,309.22076,1.0,4459
200210,2,ENDO,ENDOCARE INC,84529,307.8397,0.999775734469612,4459
200210,3,AYE,ALLEGHENY ENERGY INC,10137,293.44675,0.9995514689392241,4459
200210,4,ADRX,ANDRX CORP ANDRX GROUP,83615,292.45993,0.9993272034088361,4459
200210,5,SLAB,SILICON LABORATORIES INC,87812,288.27948,0.9991029378784481,4459
200210,6,CTSH,COGNIZANT TECHNOLOGY SOLS CORP,86158,283.63043,0.99887867234806,4459
200210,7,KROL,KROLL INC,84243,282.7446,0.9986544068176721,4459
200210,8,GNSS,GENESIS MICROCHIP INC DEL,85825,280.88687,0.9984301412872841,4459
200210,9,LLL,L 3 TECHNOLOGIES INC,86021,280.87796,0.9982058757568961,4459
200210,10,WEBX,WEBEX COMMUNICATIONS INC,88478,280.54788,0.9979816102265082,4459
200210,11,OPMR,OPTIMAL GROUP INC,84114,279.32172,0.9977573446961202,4459
200210,12,INVN,INVISION TECHNOLOGIES INC,83383,277.68546,0.9975330791657322,4459
200210,13,BRCD,BROCADE COMMUNICATIONS SYS INC,86881,276.79898,0.9973088136353443,4459
200210,14,CHKP,CHECK POINT SOFTWARE TECHS LTD,83639,276.67508,0.9970845481049563,4459
200210,15,CCMP,C M C MATERIALS INC,88152,276.4031,0.9968602825745683,4459
200210,16,GG,GOLDCORP INC NEW,69892,272.30594,0.9966360170441803,4459
200210,17,PRWK,PRACTICEWORKS INC,88899,270.3695,0.9964117515137924,4459
200210,18,PCS,SPRINT CORP,86414,270.1598,0.9961874859834043,4459
200210,19,BRCM,BROADCOM CORP,85963,269.1802,0.9959632204530163,4459
200210,20,MLNM,MILLENNIUM PHARMACEUTICALS INC,83531,265.4709,0.9957389549226284,4459
200210,21,AMZN,AMAZON COM INC,84788,265.0163,0.9955146893922404,4459
200210,22,ISSX,INTERNET SECURITY SYSTEMS INC,85879,264.9811,0.9952904238618524,4459
200210,23,NVS,NOVARTIS A G,88233,264.66815,0.9950661583314645,4459
200210,24,YHOO,YAHOO INC,83435,263.19495,0.9948418928010765,4459
200210,25,GYMB,GYMBOREE CORP,78972,262.7962,0.9946176272706885,4459
200211,1,MDCO,MEDICINES CO,88545,312.16574,1.0,4487
200211,2,ADLR,ADOLOR CORP,88784,308.9502,0.9997771339425006,4487
200211,3,HGMCY,HARMONY GOLD MINING CO LTD,84083,298.65622,0.9995542678850011,4487
200211,4,CYTC,CYTYC CORP,83251,287.72733,0.9993314018275017,4487
200211,5,SRCL,STERICYCLE INC,83906,285.95294,0.9991085357700022,4487
200211,6,SLAB,SILICON LABORATORIES INC,87812,285.25552,0.9988856697125028,4487
200211,7,USPI,UNITED SURGICAL PARTNERS INTL IN,89035,283.41083,0.9986628036550034,4487
200211,8,NTAP,NETAPP INC,82598,280.16534,0.9984399375975039,4487
200211,9,CTMI,C T I MOLECULAR IMAGING INC,89414,280.0743,0.9982170715400045,4487
200211,10,JBLU,JETBLUE AIRWAYS CORP,89353,276.6655,0.9979942054825051,4487
200211,11,UTSI,UTSTARCOM HOLDINGS CORP,87825,276.63586,0.9977713394250056,4487
200211,12,DVA,DAVITA INC,82307,276.1134,0.9975484733675062,4487
200211,13,DGX,QUEST DIAGNOSTICS INC,84373,275.5821,0.9973256073100066,4487
200211,14,ABGX,ABGENIX INC,86235,274.2179,0.9971027412525072,4487
200211,15,COO,COOPER COMPANIES INC,65541,272.80652,0.9968798751950078,4487
200211,16,KDE,4 KIDS ENTERTAINMENT INC,10092,272.50742,0.9966570091375083,4487
200211,17,IMCL,IMCLONE SYSTEMS INC,77103,270.23834,0.9964341430800089,4487
200211,18,DRTE,DENDRITE INTERNATIONAL INC,81698,270.18448,0.9962112770225094,4487
200211,19,ADRX,ANDRX CORP ANDRX GROUP,83615,270.17285,0.99598841096501,4487
200211,20,TIER,OFFICIAL PAYMENTS HOLDINGS INC,85716,270.16565,0.9957655449075106,4487
200211,21,NBIX,NEUROCRINE BIOSCIENCES INC,83534,269.36493,0.9955426788500111,4487
200211,22,BRL,BARR PHARMACEUTICALS INC,11415,269.10223,0.9953198127925117,4487
200211,23,OVER,OVERTURE SERVICES INC,86968,268.916,0.9950969467350123,4487
200211,24,HRLY,HERLEY INDUSTRIES INC,41663,267.1927,0.9948740806775128,4487
200211,25,NVDA,NVIDIA CORP,86580,267.08893,0.9946512146200134,4487
200212,1,CRXA,CORIXA CORP,85463,316.49954,1.0,4479
200212,2,MEDI,MEDIMMUNE INC,76656,309.54352,0.9997767358785443,4479
200212,3,FDRY,FOUNDRY NETWORKS INC,87229,300.6275,0.9995534717570886,4479
200212,4,GNSS,GENESIS MICROCHIP INC DEL,85825,295.65277,0.999330207635633,4479
200212,5,EFDS,EFUNDS CORP,88338,292.69333,0.9991069435141773,4479
200212,6,ADVP,ADVANCE P C S,84046,290.62234,0.9988836793927216,4479
200212,7,ATVI,ACTIVISION BLIZZARD INC,79678,290.3678,0.9986604152712659,4479
200212,8,NVDA,NVIDIA CORP,86580,290.26886,0.9984371511498102,4479
200212,9,MXO,MAXTOR CORP,86281,288.86804,0.9982138870283546,4479
200212,10,DLM,DEL MONTE FOODS CO,86590,285.3722,0.9979906229068989,4479
200212,11,MCRL,MICREL INC,81162,284.2286,0.9977673587854432,4479
200212,12,FDP,FRESH DEL MONTE PRODUCE INC,85449,284.221,0.9975440946639875,4479
200212,13,BRCD,BROCADE COMMUNICATIONS SYS INC,86881,283.8061,0.9973208305425318,4479
200212,14,SLAB,SILICON LABORATORIES INC,87812,282.10406,0.9970975664210762,4479
200212,15,AAP,ADVANCE AUTO PARTS INC,89217,281.01385,0.9968743022996205,4479
200212,16,MOVI,MOVIE GALLERY INC,80831,280.86044,0.9966510381781648,4479
200212,17,JNPR,JUNIPER NETWORKS INC,86979,280.74384,0.9964277740567091,4479
200212,18,ELBO,ELECTRONICS BOUTIQUE HLDGS CORP,86259,278.7722,0.9962045099352534,4479
200212,19,KMX,CARMAX INC,89508,277.36554,0.9959812458137978,4479
200212,20,JBLU,JETBLUE AIRWAYS CORP,89353,277.2533,0.9957579816923421,4479
200212,21,RYAAY,RYANAIR HOLDINGS PLC,84828,276.6171,0.9955347175708864,4479
200212,22,SEBL,SIEBEL SYSTEMS INC,83693,275.70383,0.9953114534494307,4479
200212,23,INVN,INVISION TECHNOLOGIES INC,83383,275.07922,0.995088189327975,4479
200212,24,SEPR,SEPRACOR INC,76845,274.79977,0.9948649252065193,4479
200212,25,ADRX,ANDRX CORP ANDRX GROUP,83615,273.7037,0.9946416610850636,4479
200301,1,PRSE,PRECISE SOFTWARE SOLUTIONS LTD,88369,305.74567,1.0,4413
200301,2,ITMN,INTERMUNE INC,87785,301.3635,0.9997733967822343,4413
200301,3,OVER,OVERTURE SERVICES INC,86968,284.31204,0.9995467935644686,4413
200301,4,CSGS,C S G SYSTEMS INTERNATIONAL INC,83124,277.4701,0.9993201903467029,4413
200301,5,ISSX,INTERNET SECURITY SYSTEMS INC,85879,276.7002,0.9990935871289373,4413
200301,6,INVN,INVISION TECHNOLOGIES INC,83383,275.31635,0.9988669839111716,4413
200301,7,SKE,SPINNAKER EXPLORATION CO,87254,275.24203,0.9986403806934059,4413
200301,8,SLAB,SILICON LABORATORIES INC,87812,274.27792,0.9984137774756402,4413
200301,9,SIMG,SILICON IMAGE INC,87345,274.03644,0.9981871742578745,4413
200301,10,CCMP,C M C MATERIALS INC,88152,272.791,0.9979605710401088,4413
200301,11,ADRX,ANDRX CORP ANDRX GROUP,83615,272.08472,0.997733967822343,4413
200301,12,PVN,PROVIDIAN FINANCIAL CORP,85073,271.8946,0.9975073646045773,4413
200301,13,ASIA,ASIAINFO LINKAGE INC,87752,270.82074,0.9972807613868117,4413
200301,14,GG,GOLDCORP INC NEW,69892,269.7141,0.997054158169046,4413
200301,15,MDCO,MEDICINES CO,88545,269.02414,0.9968275549512803,4413
200301,16,YHOO,YAHOO INC,83435,266.05612,0.9966009517335146,4413
200301,17,MDG,MERIDIAN GOLD INC,75058,265.96872,0.9963743485157489,4413
200301,18,WEBX,WEBEX COMMUNICATIONS INC,88478,265.95187,0.9961477452979832,4413
200301,19,MGAM,MULTIMEDIA GAMES HOLDING CO INC,83529,265.83698,0.9959211420802175,4413
200301,20,ASF,INSPERITY INC,84385,265.00012,0.9956945388624519,4413
200301,21,DYN,DYNEGY INC NEW DEL,90352,264.41803,0.9954679356446862,4413
200301,22,ICPT,INTERCEPT INC,86123,263.50833,0.9952413324269205,4413
200301,23,KTC,K T CORP,86869,263.18527,0.9950147292091548,4413
200301,24,TKTX,TRANSKARYOTIC THERAPIES INC,84136,263.09836,0.9947881259913891,4413
200301,25,OMG,O M GROUP INC,79724,262.36926,0.9945615227736234,4413
200302,1,RMBS,RAMBUS INC,84827,326.61295,1.0,4398
200302,2,OVER,OVERTURE SERVICES INC,86968,316.58957,0.9997726239199636,4398
200302,3,APPX,A P P PHARMACEUTICALS INC,89265,300.6659,0.9995452478399273,4398
200302,4,RGLD,ROYAL GOLD INC,67847,297.4024,0.9993178717598908,4398
200302,5,VXGN,VAXGEN INC,87023,296.8538,0.9990904956798545,4398
200302,6,UTSI,UTSTARCOM HOLDINGS CORP,87825,292.62732,0.9988631195998181,4398
200302,7,ADTN,ADTRAN HOLDINGS INC,80791,290.57782,0.9986357435197817,4398
200302,8,LF,LEAPFROG ENTERPRISES INC,89471,289.6184,0.9984083674397454,4398
200302,9,NVDA,NVIDIA CORP,86580,288.63522,0.998180991359709,4398
200302,10,INVN,INVISION TECHNOLOGIES INC,83383,287.97678,0.9979536152796725,4398
200302,11,GNSS,GENESIS MICROCHIP INC DEL,85825,283.79016,0.9977262391996362,4398
200302,12,SHPGY,SHIRE PLC,85888,279.5395,0.9974988631195998,4398
200302,13,HRLY,HERLEY INDUSTRIES INC,41663,279.4694,0.9972714870395635,4398
200302,14,AAP,ADVANCE AUTO PARTS INC,89217,279.14377,0.997044110959527,4398
200302,15,INTL,INTER TEL INC,44637,277.03107,0.9968167348794906,4398
200302,16,MDCO,MEDICINES CO,88545,276.93124,0.9965893587994543,4398
200302,17,PECS,PEC SOLUTIONS INC,88187,273.68427,0.9963619827194179,4398
200302,18,LPNT,LIFEPOINT HEALTH INC,86899,273.28146,0.9961346066393816,4398
200302,19,AYE,ALLEGHENY ENERGY INC,10137,272.44376,0.9959072305593452,4398
200302,20,KKD,KRISPY KREME DOUGHNUTS INC,88172,271.72357,0.9956798544793087,4398
200302,21,CDIS,HELIX ENERGY SOLUTIONS GROUP INC,85168,270.54028,0.9954524783992724,4398
200302,22,ITMN,INTERMUNE INC,87785,270.3895,0.995225102319236,4398
200302,23,HMY,HARMONY GOLD MINING CO LTD,84083,269.64328,0.9949977262391997,4398
200302,24,IMCL,IMCLONE SYSTEMS INC,77103,269.36115,0.9947703501591633,4398
200302,25,GG,GOLDCORP INC NEW,69892,269.13623,0.9945429740791268,4398
200303,1,RMBS,RAMBUS INC,84827,311.99948,1.0,4348
200303,2,NSCN,NETSCREEN TECHNOLOGIES INC,89275,303.88593,0.999770009199632,4348
200303,3,OVER,OVERTURE SERVICES INC,86968,302.2562,0.999540018399264,4348
200303,4,WEBX,WEBEX COMMUNICATIONS INC,88478,302.14618,0.9993100275988961,4348
200303,5,OVTI,OMNIVISION TECHNOLOGIES INC,88458,297.26227,0.9990800367985281,4348
200303,6,NVDA,NVIDIA CORP,86580,296.75864,0.9988500459981601,4348
200303,7,AVCT,AVOCENT CORP,88424,295.7137,0.9986200551977921,4348
200303,8,ADLR,ADOLOR CORP,88784,293.11813,0.9983900643974241,4348
200303,9,OCA,O C A INC,81172,292.50308,0.9981600735970562,4348
200303,10,RJR,REYNOLDS AMERICAN INC,86946,292.47388,0.9979300827966882,4348
200303,11,PPDI,PHARMACEUTICAL PRODUCT DEV INC,82837,288.76157,0.9977000919963201,4348
200303,12,INKT,INKTOMI CORP,86173,287.34857,0.9974701011959521,4348
200303,13,BRCM,BROADCOM CORP,85963,285.09802,0.9972401103955841,4348
200303,14,KG,KING PHARMACEUTICALS INC,86176,284.35913,0.9970101195952162,4348
200303,15,VSEA,VARIAN SEMICONDUCTOR EQP ASSC IN,86791,282.28513,0.9967801287948482,4348
200303,16,SAP,S A P SE,89382,281.73517,0.9965501379944802,4348
200303,17,APPX,A P P PHARMACEUTICALS INC,89265,280.67633,0.9963201471941122,4348
200303,18,DNA,GENENTECH INC,87031,279.82117,0.9960901563937442,4348
200303,19,ROOM,HOTELS COM,87627,276.9165,0.9958601655933763,4348
200303,20,GERN,GERON CORP,83756,275.51117,0.9956301747930083,4348
200303,21,MACR,MACROMEDIA INC,79991,275.23672,0.9954001839926403,4348
200303,22,KKD,KRISPY KREME DOUGHNUTS INC,88172,272.908,0.9951701931922723,4348
200303,23,MANH,MANHATTAN ASSOCIATES INC,85992,271.88843,0.9949402023919043,4348
200303,24,DF,DEAN FOODS CO NEW,83421,271.59955,0.9947102115915364,4348
200303,25,UTSI,UTSTARCOM HOLDINGS CORP,87825,271.0153,0.9944802207911684,4348
200304,1,CTSH,COGNIZANT TECHNOLOGY SOLS CORP,86158,331.56332,1.0,4325
200304,2,BRCM,BROADCOM CORP,85963,314.75653,0.9997687861271676,4325
200304,3,OVER,OVERTURE SERVICES INC,86968,310.80652,0.9995375722543353,4325
200304,4,YHOO,YAHOO INC,83435,310.56918,0.9993063583815028,4325
200304,5,BRCD,BROCADE COMMUNICATIONS SYS INC,86881,303.29865,0.9990751445086705,4325
200304,6,SNDK,SANDISK CORP,82618,301.4861,0.9988439306358381,4325
200304,7,WEBX,WEBEX COMMUNICATIONS INC,88478,301.27228,0.9986127167630058,4325
200304,8,KG,KING PHARMACEUTICALS INC,86176,299.2033,0.9983815028901734,4325
200304,9,NSCN,NETSCREEN TECHNOLOGIES INC,89275,298.59717,0.998150289017341,4325
200304,10,NVDA,NVIDIA CORP,86580,294.58258,0.9979190751445086,4325
200304,11,SINA,SINA CORP,88196,292.4157,0.9976878612716763,4325
200304,12,AVCT,AVOCENT CORP,88424,292.07654,0.9974566473988439,4325
200304,13,OVTI,OMNIVISION TECHNOLOGIES INC,88458,290.04034,0.9972254335260116,4325
200304,14,RMBS,RAMBUS INC,84827,289.93793,0.9969942196531791,4325
200304,15,NFLX,NETFLIX INC,89393,289.56516,0.9967630057803468,4325
200304,16,ADLR,ADOLOR CORP,88784,287.25507,0.9965317919075144,4325
200304,17,ITMN,INTERMUNE INC,87785,286.12323,0.9963005780346821,4325
200304,18,CHKP,CHECK POINT SOFTWARE TECHS LTD,83639,285.75574,0.9960693641618497,4325
200304,19,AMD,ADVANCED MICRO DEVICES INC,61241,282.03827,0.9958381502890173,4325
200304,20,EBAY,EBAY INC,86356,281.39737,0.9956069364161849,4325
200304,21,BCGI,BOSTON COMMUNICATION GROUP INC,83625,280.80258,0.9953757225433526,4325
200304,22,GDT,GUIDANT CORP,81126,280.5682,0.9951445086705202,4325
200304,23,CCMP,C M C MATERIALS INC,88152,276.0547,0.9949132947976879,4325
200304,24,NTAP,NETAPP INC,82598,274.61023,0.9946820809248554,4325
200304,25,SAP,S A P SE,89382,274.09995,0.9944508670520231,4325
200305,1,BRCD,BROCADE COMMUNICATIONS SYS INC,86881,332.04675,1.0,4375
200305,2,OVER,OVERTURE SERVICES INC,86968,324.8193,0.9997714285714285,4375
200305,3,BRCM,BROADCOM CORP,85963,317.11334,0.9995428571428572,4375
200305,4,CPN,CALPINE CORP,83981,316.17233,0.9993142857142857,4375
200305,5,ISPH,INSPIRE PHARMACEUTICALS INC,88532,315.4322,0.9990857142857142,4375
200305,6,NFLX,NETFLIX INC,89393,315.036,0.9988571428571429,4375
200305,7,APPX,A P P PHARMACEUTICALS INC,89265,301.2546,0.9986285714285714,4375
200305,8,NTAP,NETAPP INC,82598,296.46906,0.9984,4375
200305,9,RMBS,RAMBUS INC,84827,295.9994,0.9981714285714286,4375
200305,10,UTSI,UTSTARCOM HOLDINGS CORP,87825,291.72083,0.9979428571428571,4375
200305,11,AAP,ADVANCE AUTO PARTS INC,89217,289.36057,0.9977142857142857,4375
200305,12,XMSR,X M SATELLITE RADIO HLDGS INC,87357,289.10123,0.9974857142857143,4375
200305,13,JCOM,ZIFF DAVIS INC,87075,288.09625,0.9972571428571428,4375
200305,14,NVDA,NVIDIA CORP,86580,287.01352,0.9970285714285714,4375
200305,15,EBAY,EBAY INC,86356,286.4596,0.9968,4375
200305,16,SLAB,SILICON LABORATORIES INC,87812,286.10916,0.9965714285714286,4375
200305,17,FDRY,FOUNDRY NETWORKS INC,87229,283.96716,0.9963428571428572,4375
200305,18,DNA,GENENTECH INC,87031,283.62924,0.9961142857142857,4375
200305,19,CYTC,CYTYC CORP,83251,283.45404,0.9958857142857143,4375
200305,20,BEAS,B E A SYSTEMS INC,84721,283.3239,0.9956571428571429,4375
200305,21,SNDK,SANDISK CORP,82618,282.7483,0.9954285714285714,4375
200305,22,KKD,KRISPY KREME DOUGHNUTS INC,88172,282.61395,0.9952,4375
200305,23,MLNM,MILLENNIUM PHARMACEUTICALS INC,83531,281.09897,0.9949714285714286,4375
200305,24,LEXR,LEXAR MEDIA INC,88539,279.73694,0.9947428571428572,4375
200305,25,YHOO,YAHOO INC,83435,279.2206,0.9945142857142857,4375
200306,1,NVDA,NVIDIA CORP,86580,329.78577,1.0,4269
200306,2,LWSN,LAWSON SOFTWARE INC NEW,89271,324.324,0.9997657531037714,4269
200306,3,OVER,OVERTURE SERVICES INC,86968,323.77103,0.9995315062075427,4269
200306,4,BRCM,BROADCOM CORP,85963,318.62454,0.9992972593113141,4269
200306,5,MIR,MIRANT CORP,88601,318.5079,0.9990630124150855,4269
200306,6,VRTY,VERITY INC,82535,315.06067,0.9988287655188569,4269
200306,7,RMBS,RAMBUS INC,84827,310.11285,0.9985945186226283,4269
200306,8,CELG,CELGENE CORP,11552,304.53537,0.9983602717263996,4269
200306,9,NFLX,NETFLIX INC,89393,304.5214,0.998126024830171,4269
200306,10,PDLI,P D L BIOPHARMA INC,77292,302.52945,0.9978917779339423,4269
200306,11,THER,THERASENSE INC,89177,302.2108,0.9976575310377137,4269
200306,12,GNSS,GENESIS MICROCHIP INC DEL,85825,302.01276,0.9974232841414852,4269
200306,13,FDRY,FOUNDRY NETWORKS INC,87229,301.1654,0.9971890372452565,4269
200306,14,RHAT,RED HAT INC,87184,300.30597,0.9969547903490279,4269
200306,15,BCGI,BOSTON COMMUNICATION GROUP INC,83625,298.7282,0.9967205434527993,4269
200306,16,SNDK,SANDISK CORP,82618,298.61395,0.9964862965565706,4269
200306,17,CREE,WOLFSPEED INC NEW,78875,296.03238,0.996252049660342,4269
200306,18,XMSR,X M SATELLITE RADIO HLDGS INC,87357,295.96426,0.9960178027641133,4269
200306,19,OVTI,OMNIVISION TECHNOLOGIES INC,88458,295.21924,0.9957835558678847,4269
200306,20,JNPR,JUNIPER NETWORKS INC,86979,294.50836,0.9955493089716562,4269
200306,21,NSCN,NETSCREEN TECHNOLOGIES INC,89275,294.11426,0.9953150620754275,4269
200306,22,ESPR,ESPERION THERAPEUTICS INC,88521,293.7901,0.9950808151791989,4269
200306,23,SLAB,SILICON LABORATORIES INC,87812,292.78165,0.9948465682829702,4269
200306,24,MLNM,MILLENNIUM PHARMACEUTICALS INC,83531,291.6177,0.9946123213867416,4269
200306,25,MVL,MARVEL ENTERTAINMENT INC,81293,288.65594,0.994378074490513,4269
200307,1,BCGI,BOSTON COMMUNICATION GROUP INC,83625,330.32495,1.0,4234
200307,2,MCDTA,MCDATA CORP,88911,314.9982,0.999763816721776,4234
200307,3,NVDA,NVIDIA CORP,86580,313.0791,0.9995276334435522,4234
200307,4,WEBX,WEBEX COMMUNICATIONS INC,88478,307.27203,0.9992914501653283,4234
200307,5,USG,U S G CORP,79244,304.63422,0.9990552668871044,4234
200307,6,YHOO,YAHOO INC,83435,298.85522,0.9988190836088805,4234
200307,7,BRCM,BROADCOM CORP,85963,297.11044,0.9985829003306566,4234
200307,8,LEXR,LEXAR MEDIA INC,88539,295.26202,0.9983467170524327,4234
200307,9,RMBS,RAMBUS INC,84827,295.0566,0.9981105337742088,4234
200307,10,NFLX,NETFLIX INC,89393,294.66046,0.9978743504959848,4234
200307,11,BEAS,B E A SYSTEMS INC,84721,292.62848,0.997638167217761,4234
200307,12,AVCT,AVOCENT CORP,88424,292.48676,0.997401983939537,4234
200307,13,JCOM,ZIFF DAVIS INC,87075,291.42178,0.9971658006613132,4234
200307,14,PENN,PENN ENTERTAINMENT INC,80563,288.6323,0.9969296173830893,4234
200307,15,FMT,FREMONT GENERAL CORP,37699,286.89902,0.9966934341048653,4234
200307,16,SNDK,SANDISK CORP,82618,285.5493,0.9964572508266415,4234
200307,17,MDCO,MEDICINES CO,88545,283.7117,0.9962210675484175,4234
200307,18,JNPR,JUNIPER NETWORKS INC,86979,282.31827,0.9959848842701937,4234
200307,19,AMCC,APPLIED MICRO CIRCUITS CORP,85522,281.89355,0.9957487009919698,4234
200307,20,ELN,ELAN PLC,31799,281.68945,0.9955125177137458,4234
200307,21,ADTN,ADTRAN HOLDINGS INC,80791,281.63278,0.995276334435522,4234
200307,22,EBAY,EBAY INC,86356,280.25607,0.995040151157298,4234
200307,23,IIJI,INTERNET INITIATIVE JAPAN INC,87199,280.0516,0.9948039678790742,4234
200307,24,SONS,RIBBON COMMUNICATIONS INC,88264,279.74243,0.9945677846008503,4234
200307,25,ISSX,INTERNET SECURITY SYSTEMS INC,85879,278.5807,0.9943316013226263,4234
200308,1,BRCD,BROCADE COMMUNICATIONS SYS INC,86881,319.86295,1.0,4303
200308,2,XMSR,X M SATELLITE RADIO HLDGS INC,87357,306.7726,0.9997676039972112,4303
200308,3,GPRO,GEN PROBE INC NEW,89502,305.95383,0.9995352079944225,4303
200308,4,IIJI,INTERNET INITIATIVE JAPAN INC,87199,303.60712,0.9993028119916337,4303
200308,5,ACDO,ACCREDO HEALTH INC,86813,301.23746,0.9990704159888449,4303
200308,6,ESPD,B G C GROUP INC,87487,293.53497,0.9988380199860563,4303
200308,7,RFMD,QORVO INC,85035,292.2368,0.9986056239832675,4303
200308,8,BEAS,B E A SYSTEMS INC,84721,289.82974,0.9983732279804788,4303
200308,9,SINA,SINA CORP,88196,289.49536,0.99814083197769,4303
200308,10,MVL,MARVEL ENTERTAINMENT INC,81293,289.14203,0.9979084359749012,4303
200308,11,THOR,THORATEC CORP,76100,288.48074,0.9976760399721125,4303
200308,12,EBAY,EBAY INC,86356,288.17685,0.9974436439693237,4303
200308,13,WAVX,WAVE SYSTEMS CORP,80858,286.9322,0.9972112479665349,4303
200308,14,PDLI,P D L BIOPHARMA INC,77292,286.2824,0.9969788519637462,4303
200308,15,KKD,KRISPY KREME DOUGHNUTS INC,88172,283.73175,0.9967464559609575,4303
200308,16,APPX,A P P PHARMACEUTICALS INC,89265,283.47998,0.9965140599581688,4303
200308,17,TIVO,TIVO INC,87255,283.44507,0.99628166395538,4303
200308,18,UTSI,UTSTARCOM HOLDINGS CORP,87825,281.42633,0.9960492679525912,4303
200308,19,HMY,HARMONY GOLD MINING CO LTD,84083,281.02356,0.9958168719498025,4303
200308,20,CHINA,C D C CORP,87129,279.14587,0.9955844759470137,4303
200308,21,ODSY,ODYSSEY HEALTHCARE INC,89174,278.10947,0.9953520799442249,4303
200308,22,POS,CATALINA MARKETING CORP,77472,276.54514,0.9951196839414362,4303
200308,23,SRDX,SURMODICS INC,85889,275.81894,0.9948872879386474,4303
200308,24,ESPR,ESPERION THERAPEUTICS INC,88521,275.64917,0.9946548919358587,4303
200308,25,BRCM,BROADCOM CORP,85963,275.40768,0.99442249593307,4303
200309,1,LEXR,LEXAR MEDIA INC,88539,329.43268,1.0,4263
200309,2,APPX,A P P PHARMACEUTICALS INC,89265,321.22876,0.9997654234107436,4263
200309,3,DNDN,DENDREON CORP,88335,315.5222,0.9995308468214872,4263
200309,4,SRDX,SURMODICS INC,85889,315.0421,0.9992962702322308,4263
200309,5,FWHT,VERTRO INC,88163,310.0194,0.9990616936429745,4263
200309,6,SONS,RIBBON COMMUNICATIONS INC,88264,309.10205,0.9988271170537181,4263
200309,7,NFLX,NETFLIX INC,89393,308.6122,0.9985925404644617,4263
200309,8,JNPR,JUNIPER NETWORKS INC,86979,308.22702,0.9983579638752053,4263
200309,9,PALM,PALM INC,87800,304.55646,0.9981233872859488,4263
200309,10,TALK,TALK AMERICA HOLDINGS INC,82285,304.45508,0.9978888106966924,4263
200309,11,NVDA,NVIDIA CORP,86580,304.2632,0.997654234107436,4263
200309,12,RHAT,RED HAT INC,87184,303.88315,0.9974196575181797,4263
200309,13,WEBX,WEBEX COMMUNICATIONS INC,88478,302.96393,0.9971850809289233,4263
200309,14,GPRO,GEN PROBE INC NEW,89502,302.05457,0.9969505043396669,4263
200309,15,MDCO,MEDICINES CO,88545,298.59058,0.9967159277504105,4263
200309,16,KKD,KRISPY KREME DOUGHNUTS INC,88172,296.96497,0.9964813511611541,4263
200309,17,DRIV,DIGITAL RIVER INC,86322,293.09204,0.9962467745718977,4263
200309,18,LF,LEAPFROG ENTERPRISES INC,89471,292.969,0.9960121979826413,4263
200309,19,THOR,THORATEC CORP,76100,292.92422,0.995777621393385,4263
200309,20,SINA,SINA CORP,88196,292.3758,0.9955430448041286,4263
200309,21,NSCN,NETSCREEN TECHNOLOGIES INC,89275,291.97238,0.9953084682148722,4263
200309,22,SLAB,SILICON LABORATORIES INC,87812,289.48804,0.9950738916256158,4263
200309,23,IIJI,INTERNET INITIATIVE JAPAN INC,87199,287.4051,0.9948393150363594,4263
200309,24,TIVO,TIVO INC,87255,286.47552,0.994604738447103,4263
200309,25,EBAY,EBAY INC,86356,286.22864,0.9943701618578465,4263
200310,1,LEXR,LEXAR MEDIA INC,88539,342.7216,1.0,4178
200310,2,APPX,A P P PHARMACEUTICALS INC,89265,314.73236,0.9997606510292005,4178
200310,3,GERN,GERON CORP,83756,308.33344,0.9995213020584012,4178
200310,4,RHAT,RED HAT INC,87184,304.34122,0.9992819530876017,4178
200310,5,RFMD,QORVO INC,85035,303.36026,0.9990426041168023,4178
200310,6,NFLX,NETFLIX INC,89393,302.69614,0.9988032551460029,4178
200310,7,USG,U S G CORP,79244,302.6721,0.9985639061752034,4178
200310,8,RMBS,RAMBUS INC,84827,301.14334,0.998324557204404,4178
200310,9,CREE,WOLFSPEED INC NEW,78875,300.30322,0.9980852082336046,4178
200310,10,WEBX,WEBEX COMMUNICATIONS INC,88478,298.44205,0.9978458592628052,4178
200310,11,NTES,NETEASE INC,88362,295.944,0.9976065102920058,4178
200310,12,ENDP,ENDO INTERNATIONAL PLC,88436,295.65424,0.9973671613212063,4178
200310,13,EXTR,EXTREME NETWORKS INC,86822,291.33127,0.9971278123504069,4178
200310,14,UTHR,UNITED THERAPEUTICS CORP,87006,289.8208,0.9968884633796075,4178
200310,15,SONS,RIBBON COMMUNICATIONS INC,88264,289.56503,0.996649114408808,4178
200310,16,AVID,AVID TECHNOLOGY INC,78955,289.14108,0.9964097654380086,4178
200310,17,CE,CONCORD E F S INC,26332,288.8692,0.9961704164672092,4178
200310,18,JCOM,ZIFF DAVIS INC,87075,288.14175,0.9959310674964098,4178
200310,19,EBAY,EBAY INC,86356,287.45663,0.9956917185256103,4178
200310,20,XMSR,X M SATELLITE RADIO HLDGS INC,87357,286.28687,0.9954523695548109,4178
200310,21,PVN,PROVIDIAN FINANCIAL CORP,85073,283.1804,0.9952130205840115,4178
200310,22,BCGI,BOSTON COMMUNICATION GROUP INC,83625,282.40628,0.994973671613212,4178
200310,23,BRCM,BROADCOM CORP,85963,279.59216,0.9947343226424127,4178
200310,24,HEPH,HARBOR BIOSCIENCES INC,85376,279.22736,0.9944949736716132,4178
200310,25,FDRY,FOUNDRY NETWORKS INC,87229,278.79456,0.9942556247008137,4178
200311,1,TIVO,TIVO INC,87255,340.72964,1.0,4259
200311,2,BRCD,BROCADE COMMUNICATIONS SYS INC,86881,330.32953,0.999765203099319,4259
200311,3,APPX,A P P PHARMACEUTICALS INC,89265,321.23248,0.9995304061986382,4259
200311,4,TTWO,TAKE TWO INTERACTIVE SOFTWR INC,84761,321.03134,0.9992956092979572,4259
200311,5,NFLX,NETFLIX INC,89393,314.7947,0.9990608123972764,4259
200311,6,ROXI,NAPSTER INC,88980,307.5536,0.9988260154965954,4259
200311,7,KKD,KRISPY KREME DOUGHNUTS INC,88172,307.1079,0.9985912185959145,4259
200311,8,LEXR,LEXAR MEDIA INC,88539,304.12357,0.9983564216952336,4259
200311,9,AGP,AMERIGROUP CORP,89204,300.63242,0.9981216247945527,4259
200311,10,OVTI,OMNIVISION TECHNOLOGIES INC,88458,299.03043,0.9978868278938718,4259
200311,11,ENDP,ENDO INTERNATIONAL PLC,88436,298.82404,0.9976520309931909,4259
200311,12,GPRO,GEN PROBE INC NEW,89502,296.98236,0.9974172340925099,4259
200311,13,RFMD,QORVO INC,85035,296.6877,0.9971824371918291,4259
200311,14,ELBO,ELECTRONICS BOUTIQUE HLDGS CORP,86259,296.5525,0.9969476402911481,4259
200311,15,LF,LEAPFROG ENTERPRISES INC,89471,295.7074,0.9967128433904673,4259
200311,16,SRDX,SURMODICS INC,85889,295.69962,0.9964780464897863,4259
200311,17,BVF,BAUSCH HEALTH COMPANIES INC,80307,293.7968,0.9962432495891054,4259
200311,18,HMY,HARMONY GOLD MINING CO LTD,84083,293.3483,0.9960084526884245,4259
200311,19,STX,SEAGATE TECHNOLOGY HOLDINGS PLC,89641,290.95135,0.9957736557877436,4259
200311,20,ARO,AEROPOSTALE INC,89399,290.72607,0.9955388588870627,4259
200311,21,RHAT,RED HAT INC,87184,290.1804,0.9953040619863818,4259
200311,22,ANPI,ANGIOTECH PHARMACEUTICALS INC,87584,288.79056,0.9950692650857008,4259
200311,23,GERN,GERON CORP,83756,288.58353,0.99483446818502,4259
200311,24,NTAP,NETAPP INC,82598,287.42297,0.994599671284339,4259
200311,25,ESPR,ESPERION THERAPEUTICS INC,88521,287.12546,0.9943648743836582,4259
200312,1,RMBS,RAMBUS INC,84827,337.55075,1.0,4265
200312,2,LEXR,LEXAR MEDIA INC,88539,334.15997,0.9997655334114889,4265
200312,3,RHAT,RED HAT INC,87184,332.88614,0.9995310668229778,4265
200312,4,TTWO,TAKE TWO INTERACTIVE SOFTWR INC,84761,332.63284,0.9992966002344665,4265
200312,5,LF,LEAPFROG ENTERPRISES INC,89471,327.85083,0.9990621336459554,4265
200312,6,EDMC,EDUCATION MANAGEMENT CORP,84075,315.72873,0.9988276670574443,4265
200312,7,NTES,NETEASE INC,88362,315.68365,0.9985932004689332,4265
200312,8,JCOM,ZIFF DAVIS INC,87075,309.8631,0.9983587338804221,4265
200312,9,GPRO,GEN PROBE INC NEW,89502,309.70523,0.998124267291911,4265
200312,10,SOHU,SOHU COM INC,19675,306.762,0.9978898007033997,4265
200312,11,SLAB,SILICON LABORATORIES INC,87812,304.82504,0.9976553341148886,4265
200312,12,AAP,ADVANCE AUTO PARTS INC,89217,300.971,0.9974208675263775,4265
200312,13,OVTI,OMNIVISION TECHNOLOGIES INC,88458,300.44934,0.9971864009378664,4265
200312,14,NFLX,NETFLIX INC,89393,300.28262,0.9969519343493553,4265
200312,15,APPX,A P P PHARMACEUTICALS INC,89265,299.70163,0.9967174677608441,4265
200312,16,COCO,CORINTHIAN COLLEGES INC,86715,298.14532,0.9964830011723329,4265
200312,17,ODSY,ODYSSEY HEALTHCARE INC,89174,297.24023,0.9962485345838218,4265
200312,18,HMY,HARMONY GOLD MINING CO LTD,84083,293.1241,0.9960140679953107,4265
200312,19,SONS,RIBBON COMMUNICATIONS INC,88264,289.64856,0.9957796014067996,4265
200312,20,IVGN,LIFE TECHNOLOGIES CORP,86725,287.93524,0.9955451348182884,4265
200312,21,KMX,CARMAX INC,89508,287.79895,0.9953106682297772,4265
200312,22,ATYT,A T I TECHNOLOGIES INC,86418,286.80774,0.9950762016412661,4265
200312,23,GERN,GERON CORP,83756,286.79495,0.994841735052755,4265
200312,24,CE,CONCORD E F S INC,26332,286.39362,0.9946072684642439,4265
200312,25,AKAM,AKAMAI TECHNOLOGIES INC,87299,286.3625,0.9943728018757327,4265
200401,1,NVDA,NVIDIA CORP,86580,321.9715,1.0,4111
200401,2,LU,LUCENT TECHNOLOGIES INC,83332,320.21716,0.9997567501824374,4111
200401,3,LEXR,LEXAR MEDIA INC,88539,319.94193,0.9995135003648747,4111
200401,4,SONS,RIBBON COMMUNICATIONS INC,88264,314.371,0.9992702505473121,4111
200401,5,JNPR,JUNIPER NETWORKS INC,86979,307.60413,0.9990270007297495,4111
200401,6,AGIX,ATHEROGENICS INC,88498,307.53033,0.9987837509121869,4111
200401,7,TIVO,TIVO INC,87255,306.46048,0.9985405010946242,4111
200401,8,CREE,WOLFSPEED INC NEW,78875,305.71478,0.9982972512770616,4111
200401,9,JDSU,VIAVI SOLUTIONS INC,79879,304.0708,0.9980540014594989,4111
200401,10,RMBS,RAMBUS INC,84827,302.04147,0.9978107516419362,4111
200401,11,NTES,NETEASE INC,88362,300.92584,0.9975675018243736,4111
200401,12,STX,SEAGATE TECHNOLOGY HOLDINGS PLC,89641,296.99603,0.997324252006811,4111
200401,13,NFLX,NETFLIX INC,89393,296.95953,0.9970810021892483,4111
200401,14,CHTR,CHARTER COMMUNICATIONS INC,87378,294.78983,0.9968377523716857,4111
200401,15,SUNW,SUN MICROSYSTEMS INC,10078,293.2855,0.9965945025541231,4111
200401,16,PAAS,PAN AMERICAN SILVER CORP,81734,292.03058,0.9963512527365604,4111
200401,17,ISSX,INTERNET SECURITY SYSTEMS INC,85879,289.67352,0.9961080029189978,4111
200401,18,DNDN,DENDREON CORP,88335,288.75635,0.9958647531014352,4111
200401,19,BRCM,BROADCOM CORP,85963,283.20163,0.9956215032838726,4111
200401,20,AWE,A T & T WIRELESS SVCS INC,89001,282.01544,0.9953782534663099,4111
200401,21,CHK,CHESAPEAKE ENERGY CORP,78877,281.902,0.9951350036487473,4111
200401,22,APPX,A P P PHARMACEUTICALS INC,89265,281.57217,0.9948917538311847,4111
200401,23,CIEN,CIENA CORP,84519,280.1908,0.994648504013622,4111
200401,24,EXLT,EXULT INC,88342,280.04477,0.9944052541960594,4111
200401,25,SLAB,SILICON LABORATORIES INC,87812,277.98004,0.9941620043784967,4111
200402,1,NFLX,NETFLIX INC,89393,339.53665,1.0,4135
200402,2,OVTI,OMNIVISION TECHNOLOGIES INC,88458,328.6709,0.999758162031439,4135
200402,3,NGEN,NANOGEN INC,85995,321.56485,0.9995163240628778,4135
200402,4,SONS,RIBBON COMMUNICATIONS INC,88264,321.47406,0.9992744860943168,4135
200402,5,TIVO,TIVO INC,87255,318.45163,0.9990326481257558,4135
200402,6,SNDK,SANDISK CORP,82618,316.7623,0.9987908101571947,4135
200402,7,WFII,KRATOS DEFENSE & SECUR SOLS INC,87430,314.95947,0.9985489721886336,4135
200402,8,RMBS,RAMBUS INC,84827,314.14377,0.9983071342200726,4135
200402,9,PHCC,PRIORITY HEALTHCARE CORP,85495,311.8794,0.9980652962515115,4135
200402,10,NTES,NETEASE INC,88362,304.3479,0.9978234582829504,4135
200402,11,CYTC,CYTYC CORP,83251,301.4033,0.9975816203143894,4135
200402,12,AMTD,T D AMERITRADE HOLDING CORP,84597,299.16748,0.9973397823458283,4135
200402,13,DNDN,DENDREON CORP,88335,297.6851,0.9970979443772672,4135
200402,14,NPSP,N P S PHARMACEUTICALS INC,80560,295.99335,0.9968561064087061,4135
200402,15,CPN,CALPINE CORP,83981,295.65857,0.9966142684401451,4135
200402,16,KG,KING PHARMACEUTICALS INC,86176,293.37897,0.9963724304715841,4135
200402,17,OSTK,BED BATH & BEYOND INC NEW,89394,292.64722,0.9961305925030229,4135
200402,18,LEXR,LEXAR MEDIA INC,88539,292.21246,0.9958887545344619,4135
200402,19,ERES,ERESEARCHTECHNOLOGY INC,84559,289.63928,0.9956469165659009,4135
200402,20,PCS,SPRINT CORP,86414,289.5432,0.9954050785973397,4135
200402,21,JCOM,ZIFF DAVIS INC,87075,287.6029,0.9951632406287787,4135
200402,22,LF,LEAPFROG ENTERPRISES INC,89471,286.4657,0.9949214026602177,4135
200402,23,CHTR,CHARTER COMMUNICATIONS INC,87378,285.8731,0.9946795646916566,4135
200402,24,PAAS,PAN AMERICAN SILVER CORP,81734,285.06964,0.9944377267230955,4135
200402,25,STX,SEAGATE TECHNOLOGY HOLDINGS PLC,89641,283.6774,0.9941958887545345,4135
200403,1,NFLX,NETFLIX INC,89393,334.352,1.0,4136
200403,2,FDRY,FOUNDRY NETWORKS INC,87229,323.95197,0.9997582205029013,4136
200403,3,NTES,NETEASE INC,88362,314.63153,0.9995164410058027,4136
200403,4,AFCI,ADVANCED FIBRE COMM INC,84047,313.21643,0.999274661508704,4136
200403,5,MSO,MARTHA STEWART LVNG OMNIMEDIA IN,87277,309.5674,0.9990328820116054,4136
200403,6,APPX,A P P PHARMACEUTICALS INC,89265,309.10846,0.9987911025145068,4136
200403,7,PHCC,PRIORITY HEALTHCARE CORP,85495,302.275,0.9985493230174082,4136
200403,8,DNDN,DENDREON CORP,88335,302.01904,0.9983075435203095,4136
200403,9,SONS,RIBBON COMMUNICATIONS INC,88264,301.03726,0.9980657640232108,4136
200403,10,LPNT,LIFEPOINT HEALTH INC,86899,300.18478,0.9978239845261122,4136
200403,11,FFIV,F 5 INC,86964,299.72375,0.9975822050290135,4136
200403,12,JCOM,ZIFF DAVIS INC,87075,299.15317,0.9973404255319149,4136
200403,13,PAAS,PAN AMERICAN SILVER CORP,81734,296.61646,0.9970986460348162,4136
200403,14,AKAM,AKAMAI TECHNOLOGIES INC,87299,295.1142,0.9968568665377177,4136
200403,15,SLAB,SILICON LABORATORIES INC,87812,294.515,0.996615087040619,4136
200403,16,SOHU,SOHU COM INC,19675,294.37183,0.9963733075435203,4136
200403,17,AVCI,SOAPSTONE NETWORKS INC,88423,294.36594,0.9961315280464217,4136
200403,18,PSRC,PALMSOURCE INC,89872,292.58447,0.995889748549323,4136
200403,19,OSTK,BED BATH & BEYOND INC NEW,89394,292.01904,0.9956479690522244,4136
200403,20,PLMO,PALM INC,87800,291.6054,0.9954061895551257,4136
200403,21,THC,TENET HEALTHCARE CORP,52337,291.28113,0.995164410058027,4136
200403,22,COCO,CORINTHIAN COLLEGES INC,86715,290.50677,0.9949226305609284,4136
200403,23,NSCN,NETSCREEN TECHNOLOGIES INC,89275,289.00897,0.9946808510638298,4136
200403,24,DNA,GENENTECH INC,87031,288.86334,0.9944390715667312,4136
200403,25,AV,AVAYA INC,88587,288.4535,0.9941972920696325,4136
200404,1,NFLX,NETFLIX INC,89393,370.81305,1.0,4160
200404,2,LEXR,LEXAR MEDIA INC,88539,348.9858,0.9997596153846153,4160
200404,3,TASR,AXON ENTERPRISE INC,89031,332.5154,0.9995192307692308,4160
200404,4,APPX,A P P PHARMACEUTICALS INC,89265,318.78238,0.9992788461538461,4160
200404,5,VISG,L 1 IDENTITY SOLUTIONS INC,84280,312.8838,0.9990384615384615,4160
200404,6,FDRY,FOUNDRY NETWORKS INC,87229,309.09875,0.9987980769230769,4160
200404,7,SNDK,SANDISK CORP,82618,303.43384,0.9985576923076923,4160
200404,8,ENDP,ENDO INTERNATIONAL PLC,88436,301.79163,0.9983173076923076,4160
200404,9,SWIR,SIERRA WIRELESS INC,88266,300.79974,0.9980769230769231,4160
200404,10,PLMO,PALM INC,87800,300.24,0.9978365384615384,4160
200404,11,FFIV,F 5 INC,86964,299.74014,0.9975961538461539,4160
200404,12,NSCN,NETSCREEN TECHNOLOGIES INC,89275,296.54388,0.9973557692307692,4160
200404,13,MWY,MIDWAY GAMES INC,84031,294.92096,0.9971153846153846,4160
200404,14,KMX,CARMAX INC,89508,293.8395,0.996875,4160
200404,15,OVTI,OMNIVISION TECHNOLOGIES INC,88458,293.01282,0.9966346153846154,4160
200404,16,EXLT,EXULT INC,88342,292.46896,0.9963942307692307,4160
200404,17,TTWO,TAKE TWO INTERACTIVE SOFTWR INC,84761,291.74942,0.9961538461538462,4160
200404,18,PAAS,PAN AMERICAN SILVER CORP,81734,291.2991,0.9959134615384615,4160
200404,19,NVTL,INSEEGO CORP,88807,290.4895,0.9956730769230769,4160
200404,20,RMBS,RAMBUS INC,84827,290.2547,0.9954326923076923,4160
200404,21,SOHU,SOHU COM INC,19675,288.01593,0.9951923076923077,4160
200404,22,CREE,WOLFSPEED INC NEW,78875,287.09958,0.994951923076923,4160
200404,23,DCLK,DOUBLECLICK INC,85816,285.89883,0.9947115384615385,4160
200404,24,ADTN,ADTRAN HOLDINGS INC,80791,285.1258,0.9944711538461538,4160
200404,25,JNPR,JUNIPER NETWORKS INC,86979,283.35074,0.9942307692307693,4160
200405,1,ENDP,ENDO INTERNATIONAL PLC,88436,331.62833,1.0,4211
200405,2,TASR,AXON ENTERPRISE INC,89031,322.0103,0.9997625267157445,4211
200405,3,KMX,CARMAX INC,89508,317.69302,0.999525053431489,4211
200405,4,KKD,KRISPY KREME DOUGHNUTS INC,88172,316.6443,0.9992875801472334,4211
200405,5,NFLX,NETFLIX INC,89393,315.70773,0.9990501068629779,4211
200405,6,APPX,A P P PHARMACEUTICALS INC,89265,307.44873,0.9988126335787224,4211
200405,7,KG,KING PHARMACEUTICALS INC,86176,305.58875,0.9985751602944669,4211
200405,8,MOGN,M G I PHARMA INC,54798,302.749,0.9983376870102113,4211
200405,9,APOL,APOLLO EDUCATION GROUP INC,81138,300.43738,0.9981002137259558,4211
200405,10,ABGX,ABGENIX INC,86235,300.25955,0.9978627404417003,4211
200405,11,VXGN,VAXGEN INC,87023,300.0003,0.9976252671574448,4211
200405,12,NBIX,NEUROCRINE BIOSCIENCES INC,83534,298.40897,0.9973877938731893,4211
200405,13,MLNM,MILLENNIUM PHARMACEUTICALS INC,83531,292.61945,0.9971503205889337,4211
200405,14,ONXX,ONYX PHARMACEUTICALS INC,83541,290.68283,0.9969128473046782,4211
200405,15,BRCD,BROCADE COMMUNICATIONS SYS INC,86881,289.15594,0.9966753740204227,4211
200405,16,COCO,CORINTHIAN COLLEGES INC,86715,286.02652,0.9964379007361672,4211
200405,17,PAAS,PAN AMERICAN SILVER CORP,81734,281.8641,0.9962004274519116,4211
200405,18,MACR,MACROMEDIA INC,79991,280.9374,0.9959629541676561,4211
200405,19,MRVL,MARVELL TECHNOLOGY INC,88360,280.52948,0.9957254808834006,4211
200405,20,YHOO,YAHOO INC,83435,279.84677,0.9954880075991451,4211
200405,21,DNDN,DENDREON CORP,88335,279.4935,0.9952505343148895,4211
200405,22,SWIR,SIERRA WIRELESS INC,88266,279.08868,0.995013061030634,4211
200405,23,ODSY,ODYSSEY HEALTHCARE INC,89174,278.16617,0.9947755877463785,4211
200405,24,STLD,STEEL DYNAMICS INC,84262,278.04544,0.994538114462123,4211
200405,25,ARO,AEROPOSTALE INC,89399,277.90268,0.9943006411778675,4211
200406,1,OVTI,OMNIVISION TECHNOLOGIES INC,88458,318.95523,1.0,4206
200406,2,NFLX,NETFLIX INC,89393,315.51056,0.9997622444127438,4206
200406,3,RHAT,RED HAT INC,87184,314.48453,0.9995244888254874,4206
200406,4,KMX,CARMAX INC,89508,311.38202,0.9992867332382311,4206
200406,5,CYBX,CYBERONICS INC,78881,310.79138,0.9990489776509748,4206
200406,6,LEXR,LEXAR MEDIA INC,88539,308.48798,0.9988112220637185,4206
200406,7,DHB,D H B INDUSTRIES INC,86355,292.78427,0.9985734664764622,4206
200406,8,CECO,PERDOCEO EDUCATION CORP,85724,291.6037,0.9983357108892059,4206
200406,9,DNDN,DENDREON CORP,88335,289.2732,0.9980979553019496,4206
200406,10,CTSH,COGNIZANT TECHNOLOGY SOLS CORP,86158,287.2248,0.9978601997146933,4206
200406,11,SOHU,SOHU COM INC,19675,286.1172,0.997622444127437,4206
200406,12,CME,C M E GROUP INC,89626,285.73022,0.9973846885401807,4206
200406,13,RIMM,BLACKBERRY LTD,86745,283.68256,0.9971469329529244,4206
200406,14,WEBX,WEBEX COMMUNICATIONS INC,88478,283.3141,0.9969091773656681,4206
200406,15,BTU,PEABODY ENERGY CORP,88991,283.04706,0.9966714217784118,4206
200406,16,MRVL,MARVELL TECHNOLOGY INC,88360,279.31665,0.9964336661911555,4206
200406,17,NIHD,N I I HOLDINGS INC,89685,277.7713,0.9961959106038992,4206
200406,18,KOMG,KOMAG INC,89682,277.71948,0.9959581550166429,4206
200406,19,TIBX,T I B C O SOFTWARE INC,87092,277.18994,0.9957203994293866,4206
200406,20,ERES,ERESEARCHTECHNOLOGY INC,84559,275.90643,0.9954826438421303,4206
200406,21,RJR,REYNOLDS AMERICAN INC,86946,275.00302,0.995244888254874,4206
200406,22,QLGC,QLOGIC CORP,80266,274.7243,0.9950071326676176,4206
200406,23,ARO,AEROPOSTALE INC,89399,274.46878,0.9947693770803614,4206
200406,24,SKE,SPINNAKER EXPLORATION CO,87254,272.41412,0.994531621493105,4206
200406,25,JBLU,JETBLUE AIRWAYS CORP,89353,271.61234,0.9942938659058488,4206
200407,1,NFLX,NETFLIX INC,89393,340.64133,1.0,4196
200407,2,ELAB,EON LABS INC,89389,333.8435,0.9997616777883699,4196
200407,3,RHAT,RED HAT INC,87184,332.88367,0.9995233555767398,4196
200407,4,OVTI,OMNIVISION TECHNOLOGIES INC,88458,325.1512,0.9992850333651097,4196
200407,5,LEXR,LEXAR MEDIA INC,88539,321.4421,0.9990467111534795,4196
200407,6,TASR,AXON ENTERPRISE INC,89031,307.88828,0.9988083889418494,4196
200407,7,COCO,CORINTHIAN COLLEGES INC,86715,305.05035,0.9985700667302193,4196
200407,8,ALGN,ALIGN TECHNOLOGY INC,88860,301.6514,0.9983317445185891,4196
200407,9,CME,C M E GROUP INC,89626,298.80234,0.998093422306959,4196
200407,10,CECO,PERDOCEO EDUCATION CORP,85724,295.33493,0.9978551000953289,4196
200407,11,RMBS,RAMBUS INC,84827,295.10968,0.9976167778836987,4196
200407,12,AVO,ADVANCED MEDICAL OPTICS INC,89426,291.94064,0.9973784556720686,4196
200407,13,FWHT,VERTRO INC,88163,288.33676,0.9971401334604385,4196
200407,14,SRDX,SURMODICS INC,85889,287.8709,0.9969018112488084,4196
200407,15,KWK,QUICKSILVER RESOURCES INC,86759,285.3949,0.9966634890371783,4196
200407,16,JNPR,JUNIPER NETWORKS INC,86979,283.5458,0.9964251668255482,4196
200407,17,MRVL,MARVELL TECHNOLOGY INC,88360,282.4518,0.996186844613918,4196
200407,18,ITMN,INTERMUNE INC,87785,282.4103,0.9959485224022879,4196
200407,19,CTSH,COGNIZANT TECHNOLOGY SOLS CORP,86158,282.20914,0.9957102001906578,4196
200407,20,DHB,D H B INDUSTRIES INC,86355,280.49005,0.9954718779790277,4196
200407,21,MSO,MARTHA STEWART LVNG OMNIMEDIA IN,87277,279.97653,0.9952335557673975,4196
200407,22,SNDK,SANDISK CORP,82618,279.9325,0.9949952335557674,4196
200407,23,BRCM,BROADCOM CORP,85963,278.34827,0.9947569113441372,4196
200407,24,RIMM,BLACKBERRY LTD,86745,278.34082,0.9945185891325071,4196
200407,25,BMET,BIOMET INC,18092,277.69543,0.994280266920877,4196
200408,1,CYBX,CYBERONICS INC,78881,339.86206,1.0,4248
200408,2,KKD,KRISPY KREME DOUGHNUTS INC,88172,321.13342,0.9997645951035782,4248
200408,3,RMBS,RAMBUS INC,84827,321.0114,0.9995291902071564,4248
200408,4,PLMO,PALM INC,87800,313.0731,0.9992937853107344,4248
200408,5,MRVL,MARVELL TECHNOLOGY INC,88360,305.69717,0.9990583804143126,4248
200408,6,SINA,SINA CORP,88196,304.72427,0.9988229755178908,4248
200408,7,PSFT,PEOPLESOFT INC,78083,303.8327,0.998587570621469,4248
200408,8,BRCM,BROADCOM CORP,85963,302.0566,0.998352165725047,4248
200408,9,SOHU,SOHU COM INC,19675,299.32202,0.9981167608286252,4248
200408,10,BCSI,BLUE COAT SYSTEMS INC,87377,295.609,0.9978813559322034,4248
200408,11,RDY,DR REDDYS LABORATORIES LTD,88957,294.44934,0.9976459510357816,4248
200408,12,NFLX,NETFLIX INC,89393,291.81613,0.9974105461393596,4248
200408,13,RHAT,RED HAT INC,87184,290.04114,0.9971751412429378,4248
200408,14,OVTI,OMNIVISION TECHNOLOGIES INC,88458,288.78152,0.996939736346516,4248
200408,15,KMRT,SEARS HOLDINGS CORP,89757,287.7383,0.9967043314500942,4248
200408,16,COCO,CORINTHIAN COLLEGES INC,86715,287.40738,0.9964689265536724,4248
200408,17,CYTC,CYTYC CORP,83251,285.5261,0.9962335216572504,4248
200408,18,TASR,AXON ENTERPRISE INC,89031,284.34314,0.9959981167608286,4248
200408,19,DHB,D H B INDUSTRIES INC,86355,282.82727,0.9957627118644068,4248
200408,20,RIMM,BLACKBERRY LTD,86745,280.78076,0.995527306967985,4248
200408,21,DKS,DICKS SPORTING GOODS INC,89540,280.68552,0.995291902071563,4248
200408,22,TELK,MABVAX THERAPEUTICS HOLDINGS INC,88572,280.5338,0.9950564971751412,4248
200408,23,JBLU,JETBLUE AIRWAYS CORP,89353,279.9808,0.9948210922787194,4248
200408,24,UTHR,UNITED THERAPEUTICS CORP,87006,278.12796,0.9945856873822976,4248
200408,25,SWIR,SIERRA WIRELESS INC,88266,276.72205,0.9943502824858758,4248
200409,1,RHAT,RED HAT INC,87184,309.83893,1.0,4217
200409,2,TASR,AXON ENTERPRISE INC,89031,306.77826,0.9997628645956841,4217
200409,3,SWIR,SIERRA WIRELESS INC,88266,306.37827,0.9995257291913683,4217
200409,4,NFLX,NETFLIX INC,89393,301.3126,0.9992885937870524,4217
200409,5,JBLU,JETBLUE AIRWAYS CORP,89353,298.88113,0.9990514583827366,4217
200409,6,BRCM,BROADCOM CORP,85963,296.82797,0.9988143229784207,4217
200409,7,ERES,ERESEARCHTECHNOLOGY INC,84559,296.4072,0.9985771875741049,4217
200409,8,SINA,SINA CORP,88196,294.5991,0.9983400521697889,4217
200409,9,CME,C M E GROUP INC,89626,293.87985,0.9981029167654731,4217
200409,10,NTMD,NITROMED INC,89914,292.6969,0.9978657813611572,4217
200409,11,ECLG,ECOLLEGE COM INC,87521,291.61133,0.9976286459568413,4217
200409,12,RIMM,BLACKBERRY LTD,86745,289.38388,0.9973915105525255,4217
200409,13,PJC,PIPER SANDLER COMPANIES,89968,289.07523,0.9971543751482096,4217
200409,14,PSFT,PEOPLESOFT INC,78083,288.29446,0.9969172397438938,4217
200409,15,PLMO,PALM INC,87800,287.4617,0.9966801043395779,4217
200409,16,SOHU,SOHU COM INC,19675,286.10776,0.9964429689352621,4217
200409,17,OVTI,OMNIVISION TECHNOLOGIES INC,88458,285.36453,0.9962058335309462,4217
200409,18,NIHD,N I I HOLDINGS INC,89685,284.17822,0.9959686981266304,4217
200409,19,MATK,MARTEK BIOSCIENCES CORP,79847,280.27945,0.9957315627223144,4217
200409,20,JCOM,ZIFF DAVIS INC,87075,279.88702,0.9954944273179985,4217
200409,21,CREE,WOLFSPEED INC NEW,78875,278.1867,0.9952572919136827,4217
200409,22,MSO,MARTHA STEWART LVNG OMNIMEDIA IN,87277,276.9975,0.9950201565093668,4217
200409,23,RMBS,RAMBUS INC,84827,276.52264,0.994783021105051,4217
200409,24,KKD,KRISPY KREME DOUGHNUTS INC,88172,275.74628,0.9945458857007351,4217
200409,25,FLML,AVADEL PHARMACEUTICALS PLC,83656,274.9711,0.9943087502964193,4217
200410,1,NFLX,NETFLIX INC,89393,353.17694,1.0,4199
200410,2,LEXR,LEXAR MEDIA INC,88539,325.96405,0.9997618480590617,4199
200410,3,CME,C M E GROUP INC,89626,320.0192,0.9995236961181234,4199
200410,4,AMZN,AMAZON COM INC,84788,308.69266,0.9992855441771851,4199
200410,5,ODSY,ODYSSEY HEALTHCARE INC,89174,307.63486,0.9990473922362467,4199
200410,6,AGIX,ATHEROGENICS INC,88498,298.78653,0.9988092402953084,4199
200410,7,GRA,GRACE W R & CO DEL NEW,85908,295.24823,0.9985710883543701,4199
200410,8,SNDK,SANDISK CORP,82618,294.1676,0.9983329364134318,4199
200410,9,TASR,AXON ENTERPRISE INC,89031,289.21417,0.9980947844724934,4199
200410,10,HNT,HEALTH NET INC,76697,285.95996,0.9978566325315551,4199
200410,11,MRVL,MARVELL TECHNOLOGY INC,88360,279.7079,0.9976184805906169,4199
200410,12,SLAB,SILICON LABORATORIES INC,87812,277.17847,0.9973803286496785,4199
200410,13,ASKJ,ASK JEEVES INC,87100,276.89185,0.9971421767087402,4199
200410,14,AOC,AON PLC NEW,61735,276.4678,0.9969040247678018,4199
200410,15,BRCM,BROADCOM CORP,85963,276.24463,0.9966658728268636,4199
200410,16,BBI,BLOCKBUSTER INC,87134,276.10486,0.9964277208859252,4199
200410,17,CECO,PERDOCEO EDUCATION CORP,85724,275.66296,0.9961895689449869,4199
200410,18,SWIR,SIERRA WIRELESS INC,88266,275.09888,0.9959514170040485,4199
200410,19,MYL,MYLAN N V,69550,274.9611,0.9957132650631103,4199
200410,20,CREE,WOLFSPEED INC NEW,78875,274.79956,0.995475113122172,4199
200410,21,PIXR,PIXAR,82606,273.765,0.9952369611812336,4199
200410,22,RMBS,RAMBUS INC,84827,273.5626,0.9949988092402953,4199
200410,23,BCSI,BLUE COAT SYSTEMS INC,87377,272.78284,0.994760657299357,4199
200410,24,MGAM,MULTIMEDIA GAMES HOLDING CO INC,83529,272.4524,0.9945225053584187,4199
200410,25,STLD,STEEL DYNAMICS INC,84262,272.02573,0.9942843534174803,4199
200411,1,AGIX,ATHEROGENICS INC,88498,343.469,1.0,4298
200411,2,DNDN,DENDREON CORP,88335,329.44354,0.9997673336435552,4298
200411,3,TASR,AXON ENTERPRISE INC,89031,326.22134,0.9995346672871103,4298
200411,4,CME,C M E GROUP INC,89626,317.9688,0.9993020009306655,4298
200411,5,COCO,CORINTHIAN COLLEGES INC,86715,317.2797,0.9990693345742205,4298
200411,6,JBLU,JETBLUE AIRWAYS CORP,89353,312.24454,0.9988366682177757,4298
200411,7,HOTT,HOT TOPIC INC,83939,310.14847,0.9986040018613308,4298
200411,8,RMBS,RAMBUS INC,84827,309.5386,0.998371335504886,4298
200411,9,GOOG,ALPHABET INC,90319,307.5099,0.9981386691484412,4298
200411,10,MYL,MYLAN N V,69550,305.16287,0.9979060027919963,4298
200411,11,JUPM,MEDIABISTRO INC,86977,303.28717,0.9976733364355514,4298
200411,12,KKD,KRISPY KREME DOUGHNUTS INC,88172,302.23846,0.9974406700791065,4298
200411,13,GRA,GRACE W R & CO DEL NEW,85908,298.65048,0.9972080037226617,4298
200411,14,MCIP,M C I INC,90284,298.39993,0.9969753373662168,4298
200411,15,DITC,DITECH NETWORKS INC,86959,298.0089,0.996742671009772,4298
200411,16,BCSI,BLUE COAT SYSTEMS INC,87377,290.9662,0.9965100046533272,4298
200411,17,FTI,F M C TECHNOLOGIES INC,89004,290.8648,0.9962773382968823,4298
200411,18,OVTI,OMNIVISION TECHNOLOGIES INC,88458,290.81512,0.9960446719404374,4298
200411,19,NVDA,NVIDIA CORP,86580,290.44858,0.9958120055839925,4298
200411,20,ENZN,ENZON PHARMACEUTICALS INC,33137,289.9015,0.9955793392275477,4298
200411,21,DHB,D H B INDUSTRIES INC,86355,287.78012,0.9953466728711028,4298
200411,22,EYET,EYETECH PHARMACEUTICALS INC,90008,287.36133,0.995114006514658,4298
200411,23,CECO,PERDOCEO EDUCATION CORP,85724,287.01578,0.9948813401582132,4298
200411,24,DISH,DISH NETWORK CORP,81696,286.58994,0.9946486738017682,4298
200411,25,SEAC,SEACHANGE INTERNATIONAL INC,84255,285.25607,0.9944160074453234,4298
200412,1,RMBS,RAMBUS INC,84827,336.41443,1.0,4268
200412,2,SIRI,SIRIUS X M HOLDINGS INC NEW,80924,323.59253,0.9997656982193065,4268
200412,3,RHAT,RED HAT INC,87184,322.37753,0.9995313964386129,4268
200412,4,PLMO,PALM INC,87800,321.9299,0.9992970946579194,4268
200412,5,TASR,AXON ENTERPRISE INC,89031,316.33234,0.9990627928772259,4268
200412,6,NFLX,NETFLIX INC,89393,309.54892,0.9988284910965324,4268
200412,7,EYET,EYETECH PHARMACEUTICALS INC,90008,301.5175,0.9985941893158388,4268
200412,8,SINA,SINA CORP,88196,296.42227,0.9983598875351453,4268
200412,9,CME,C M E GROUP INC,89626,292.8094,0.9981255857544518,4268
200412,10,ADTN,ADTRAN HOLDINGS INC,80791,289.63504,0.9978912839737581,4268
200412,11,CECO,PERDOCEO EDUCATION CORP,85724,288.43253,0.9976569821930646,4268
200412,12,ROXI,NAPSTER INC,88980,287.68622,0.9974226804123711,4268
200412,13,AAPL,APPLE INC,14593,287.0199,0.9971883786316776,4268
200412,14,GRA,GRACE W R & CO DEL NEW,85908,286.39142,0.996954076850984,4268
200412,15,NGEN,NANOGEN INC,85995,285.98657,0.9967197750702905,4268
200412,16,OVTI,OMNIVISION TECHNOLOGIES INC,88458,283.55026,0.996485473289597,4268
200412,17,TTWO,TAKE TWO INTERACTIVE SOFTWR INC,84761,283.4873,0.9962511715089035,4268
200412,18,TOPT,TOP SHIPS INC,90298,282.8495,0.9960168697282099,4268
200412,19,TSRA,ADEIA INC,89922,282.74484,0.9957825679475164,4268
200412,20,KFX,EVERGREEN ENERGY INC,80758,282.54398,0.9955482661668229,4268
200412,21,MSTR,STRATEGY INC,86211,282.35468,0.9953139643861293,4268
200412,22,MSO,MARTHA STEWART LVNG OMNIMEDIA IN,87277,281.59256,0.9950796626054358,4268
200412,23,LEXR,LEXAR MEDIA INC,88539,280.29578,0.9948453608247423,4268
200412,24,BRCD,BROCADE COMMUNICATIONS SYS INC,86881,279.98157,0.9946110590440488,4268
200412,25,WYNN,WYNN RESORTS LTD,89533,279.70627,0.9943767572633552,4268
200501,1,NCRX,NEIGHBORCARE INC,89306,349.89966,1.0,4229
200501,2,TASR,AXON ENTERPRISE INC,89031,336.55945,0.9997635374793096,4229
200501,3,RMBS,RAMBUS INC,84827,335.97055,0.999527074958619,4229
200501,4,PLAY,PORTALPLAYER INC,90459,311.9134,0.9992906124379286,4229
200501,5,MCIP,M C I INC,90284,308.48022,0.9990541499172381,4229
200501,6,SIRI,SIRIUS X M HOLDINGS INC NEW,80924,301.1556,0.9988176873965476,4229
200501,7,NVDA,NVIDIA CORP,86580,297.4759,0.9985812248758572,4229
200501,8,NFLX,NETFLIX INC,89393,295.65213,0.9983447623551667,4229
200501,9,AMZN,AMAZON COM INC,84788,293.2414,0.9981082998344762,4229
200501,10,CME,C M E GROUP INC,89626,291.67514,0.9978718373137858,4229
200501,11,BRCD,BROCADE COMMUNICATIONS SYS INC,86881,291.63412,0.9976353747930953,4229
200501,12,KKD,KRISPY KREME DOUGHNUTS INC,88172,291.00055,0.9973989122724048,4229
200501,13,LU,LUCENT TECHNOLOGIES INC,83332,290.5368,0.9971624497517143,4229
200501,14,JBLU,JETBLUE AIRWAYS CORP,89353,290.50842,0.9969259872310239,4229
200501,15,STX,SEAGATE TECHNOLOGY HOLDINGS PLC,89641,288.72342,0.9966895247103335,4229
200501,16,CYTC,CYTYC CORP,83251,287.96838,0.9964530621896429,4229
200501,17,JNPR,JUNIPER NETWORKS INC,86979,286.88284,0.9962165996689525,4229
200501,18,EBAY,EBAY INC,86356,286.11426,0.995980137148262,4229
200501,19,CIEN,CIENA CORP,84519,286.04504,0.9957436746275715,4229
200501,20,GTW,GATEWAY INC,79973,284.47797,0.9955072121068811,4229
200501,21,ADSK,AUTODESK INC,85631,283.91962,0.9952707495861906,4229
200501,22,SYNA,SYNAPTICS INC,89290,281.3231,0.9950342870655001,4229
200501,23,FFIV,F 5 INC,86964,280.6131,0.9947978245448097,4229
200501,24,ICST,INTEGRATED CIRCUIT SYSTEMS INC,88275,280.5606,0.9945613620241192,4229
200501,25,CCMP,C M C MATERIALS INC,88152,280.30353,0.9943248995034287,4229
200502,1,TASR,AXON ENTERPRISE INC,89031,355.48773,1.0,4199
200502,2,ADBL,AUDIBLE INC,87051,340.97028,0.9997618480590617,4199
200502,3,JUPM,MEDIABISTRO INC,86977,331.62595,0.9995236961181234,4199
200502,4,NTGR,NETGEAR INC,89800,316.60916,0.9992855441771851,4199
200502,5,SYNA,SYNAPTICS INC,89290,309.68307,0.9990473922362467,4199
200502,6,CECO,PERDOCEO EDUCATION CORP,85724,309.5103,0.9988092402953084,4199
200502,7,NAVR,SPEED COMMERCE INC,80001,304.00742,0.9985710883543701,4199
200502,8,COCO,CORINTHIAN COLLEGES INC,86715,298.14624,0.9983329364134318,4199
200502,9,CME,C M E GROUP INC,89626,296.1134,0.9980947844724934,4199
200502,10,NVDA,NVIDIA CORP,86580,293.10165,0.9978566325315551,4199
200502,11,VCLK,CONVERSANT INC,88207,293.04117,0.9976184805906169,4199
200502,12,JBLU,JETBLUE AIRWAYS CORP,89353,289.91888,0.9973803286496785,4199
200502,13,LF,LEAPFROG ENTERPRISES INC,89471,286.2995,0.9971421767087402,4199
200502,14,DNDN,DENDREON CORP,88335,283.5755,0.9969040247678018,4199
200502,15,GOOG,ALPHABET INC,90319,282.9262,0.9966658728268636,4199
200502,16,AMZN,AMAZON COM INC,84788,281.60748,0.9964277208859252,4199
200502,17,NCRX,NEIGHBORCARE INC,89306,281.5066,0.9961895689449869,4199
200502,18,CYBX,CYBERONICS INC,78881,280.90576,0.9959514170040485,4199
200502,19,EBAY,EBAY INC,86356,280.15567,0.9957132650631103,4199
200502,20,ANSI,ADVANCED NEUROMODULATION SYS INC,65083,279.128,0.995475113122172,4199
200502,21,PLMO,PALM INC,87800,278.69766,0.9952369611812336,4199
200502,22,OVTI,OMNIVISION TECHNOLOGIES INC,88458,277.89874,0.9949988092402953,4199
200502,23,AKAM,AKAMAI TECHNOLOGIES INC,87299,277.54193,0.994760657299357,4199
200502,24,BCSI,BLUE COAT SYSTEMS INC,87377,276.72983,0.9945225053584187,4199
200502,25,PTEN,PATTERSON U T I ENERGY INC,79857,275.74628,0.9942843534174803,4199
200503,1,TASR,AXON ENTERPRISE INC,89031,332.69995,1.0,4211
200503,2,PLMO,PALM INC,87800,305.7619,0.9997625267157445,4211
200503,3,TIVO,TIVO INC,87255,303.12674,0.999525053431489,4211
200503,4,NCRX,NEIGHBORCARE INC,89306,299.37347,0.9992875801472334,4211
200503,5,DHB,D H B INDUSTRIES INC,86355,295.09085,0.9990501068629779,4211
200503,6,SYNA,SYNAPTICS INC,89290,293.97803,0.9988126335787224,4211
200503,7,JBLU,JETBLUE AIRWAYS CORP,89353,292.32523,0.9985751602944669,4211
200503,8,LGND,LIGAND PHARMACEUTICALS INC,78081,291.76962,0.9983376870102113,4211
200503,9,DISH,DISH NETWORK CORP,81696,290.45605,0.9981002137259558,4211
200503,10,BTU,PEABODY ENERGY CORP,88991,288.4893,0.9978627404417003,4211
200503,11,MSO,MARTHA STEWART LVNG OMNIMEDIA IN,87277,287.41907,0.9976252671574448,4211
200503,12,WYNN,WYNN RESORTS LTD,89533,287.18997,0.9973877938731893,4211
200503,13,FFIV,F 5 INC,86964,286.2759,0.9971503205889337,4211
200503,14,RECN,RESOURCES CONNECTION INC,88841,286.0288,0.9969128473046782,4211
200503,15,SGTL,SIGMATEL INC,89835,285.4588,0.9966753740204227,4211
200503,16,KMRT,SEARS HOLDINGS CORP,89757,285.1328,0.9964379007361672,4211
200503,17,MSTR,STRATEGY INC,86211,284.64108,0.9962004274519116,4211
200503,18,AKS,A K STEEL HOLDING CORP,80303,284.3249,0.9959629541676561,4211
200503,19,CME,C M E GROUP INC,89626,284.19702,0.9957254808834006,4211
200503,20,NEW,NEW CENTURY FINANCIAL CORP MD,85025,278.8988,0.9954880075991451,4211
200503,21,CECO,PERDOCEO EDUCATION CORP,85724,275.10376,0.9952505343148895,4211
200503,22,ANPI,ANGIOTECH PHARMACEUTICALS INC,87584,275.08673,0.995013061030634,4211
200503,23,ONXX,ONYX PHARMACEUTICALS INC,83541,274.09973,0.9947755877463785,4211
200503,24,GOOG,ALPHABET INC,90319,273.73788,0.994538114462123,4211
200503,25,RIMM,BLACKBERRY LTD,86745,273.5192,0.9943006411778675,4211
200504,1,ISG,INTERNATIONAL STEEL GROUP INC,89957,321.11594,1.0,4298
200504,2,TASR,AXON ENTERPRISE INC,89031,319.2251,0.9997673336435552,4298
200504,3,EBAY,EBAY INC,86356,299.15152,0.9995346672871103,4298
200504,4,SNDK,SANDISK CORP,82618,298.02252,0.9993020009306655,4298
200504,5,PLAY,PORTALPLAYER INC,90459,298.00516,0.9990693345742205,4298
200504,6,CTSH,COGNIZANT TECHNOLOGY SOLS CORP,86158,297.78485,0.9988366682177757,4298
200504,7,SGTL,SIGMATEL INC,89835,297.04132,0.9986040018613308,4298
200504,8,LEXR,LEXAR MEDIA INC,88539,296.4718,0.998371335504886,4298
200504,9,DRL,DORAL FINANCIAL CORP,12169,295.94928,0.9981386691484412,4298
200504,10,GOOG,ALPHABET INC,90319,292.70856,0.9979060027919963,4298
200504,11,SYNA,SYNAPTICS INC,89290,291.50143,0.9976733364355514,4298
200504,12,ISRG,INTUITIVE SURGICAL INC,88352,290.6774,0.9974406700791065,4298
200504,13,EWBC,EAST WEST BANCORP INC,86719,289.82056,0.9972080037226617,4298
200504,14,PAAS,PAN AMERICAN SILVER CORP,81734,284.74832,0.9969753373662168,4298
200504,15,FFIV,F 5 INC,86964,284.00134,0.996742671009772,4298
200504,16,TSRA,ADEIA INC,89922,283.41373,0.9965100046533272,4298
200504,17,CBH,COMMERCE BANCORP INC NJ,86845,282.19113,0.9962773382968823,4298
200504,18,CVTX,C V THERAPEUTICS INC,85668,280.19995,0.9960446719404374,4298
200504,19,FCX,FREEPORT MCMORAN INC,81774,278.82922,0.9958120055839925,4298
200504,20,IVX,IVAX CORP,75228,278.79828,0.9955793392275477,4298
200504,21,AMD,ADVANCED MICRO DEVICES INC,61241,276.562,0.9953466728711028,4298
200504,22,IFIN,INVESTORS FINANCIAL SERVS CORP,82584,276.40823,0.995114006514658,4298
200504,23,PIXR,PIXAR,82606,274.73773,0.9948813401582132,4298
200504,24,TIVO,TIVO INC,87255,274.20877,0.9946486738017682,4298
200504,25,NLY,ANNALY CAPITAL MANAGEMENT INC,85414,273.94858,0.9944160074453234,4298
200505,1,TASR,AXON ENTERPRISE INC,89031,327.66183,1.0,4440
200505,2,EYET,EYETECH PHARMACEUTICALS INC,90008,320.0138,0.9997747747747747,4440
200505,3,TIVO,TIVO INC,87255,315.23044,0.9995495495495496,4440
200505,4,CYBX,CYBERONICS INC,78881,309.52365,0.9993243243243243,4440
200505,5,CRM,SALESFORCE INC,90215,308.6436,0.9990990990990991,4440
200505,6,AMTD,T D AMERITRADE HOLDING CORP,84597,303.16022,0.9988738738738738,4440
200505,7,SEBL,SIEBEL SYSTEMS INC,83693,297.5763,0.9986486486486487,4440
200505,8,ONXX,ONYX PHARMACEUTICALS INC,83541,296.70493,0.9984234234234234,4440
200505,9,SHLD,SEARS HOLDINGS CORP,89757,295.17365,0.9981981981981982,4440
200505,10,ARO,AEROPOSTALE INC,89399,294.0289,0.9979729729729729,4440
200505,11,NFLX,NETFLIX INC,89393,292.46463,0.9977477477477478,4440
200505,12,SKE,SPINNAKER EXPLORATION CO,87254,289.98117,0.9975225225225225,4440
200505,13,TELK,MABVAX THERAPEUTICS HOLDINGS INC,88572,289.55304,0.9972972972972973,4440
200505,14,GOOG,ALPHABET INC,90319,288.48062,0.997072072072072,4440
200505,15,PKZ,PETROKAZAKHSTAN INC,85552,286.21844,0.9968468468468469,4440
200505,16,PXP,PLAINS EXPLORATION & PROD CO,89636,283.16455,0.9966216216216216,4440
200505,17,RIMM,BLACKBERRY LTD,86745,281.90604,0.9963963963963964,4440
200505,18,RHAT,RED HAT INC,87184,280.2077,0.9961711711711712,4440
200505,19,SGTL,SIGMATEL INC,89835,280.1866,0.995945945945946,4440
200505,20,POS,CATALINA MARKETING CORP,77472,275.54684,0.9957207207207207,4440
200505,21,RNVS,RENOVIS INC,90032,274.86703,0.9954954954954955,4440
200505,22,CELG,CELGENE CORP,11552,274.79492,0.9952702702702703,4440
200505,23,MCIP,M C I INC,90284,273.64917,0.9950450450450451,4440
200505,24,CME,C M E GROUP INC,89626,271.97177,0.9948198198198198,4440
200505,25,JBLU,JETBLUE AIRWAYS CORP,89353,271.59195,0.9945945945945946,4440
200506,1,IIJI,INTERNET INITIATIVE JAPAN INC,87199,340.47348,1.0,4400
200506,2,SGTL,SIGMATEL INC,89835,320.45868,0.9997727272727273,4400
200506,3,GOOG,ALPHABET INC,90319,316.8273,0.9995454545454545,4400
200506,4,TASR,AXON ENTERPRISE INC,89031,312.23636,0.9993181818181818,4400
200506,5,NCRX,NEIGHBORCARE INC,89306,312.1018,0.9990909090909091,4400
200506,6,OVTI,OMNIVISION TECHNOLOGIES INC,88458,311.4416,0.9988636363636364,4400
200506,7,NTMD,NITROMED INC,89914,309.43173,0.9986363636363637,4400
200506,8,JBLU,JETBLUE AIRWAYS CORP,89353,297.62576,0.9984090909090909,4400
200506,9,SHLD,SEARS HOLDINGS CORP,89757,293.20447,0.9981818181818182,4400
200506,10,SKE,SPINNAKER EXPLORATION CO,87254,292.64606,0.9979545454545454,4400
200506,11,EYET,EYETECH PHARMACEUTICALS INC,90008,290.5436,0.9977272727272727,4400
200506,12,CME,C M E GROUP INC,89626,289.9222,0.9975,4400
200506,13,RIMM,BLACKBERRY LTD,86745,287.09586,0.9972727272727273,4400
200506,14,RHAT,RED HAT INC,87184,280.3551,0.9970454545454546,4400
200506,15,ASKJ,ASK JEEVES INC,87100,278.0667,0.9968181818181818,4400
200506,16,NFLX,NETFLIX INC,89393,277.8152,0.9965909090909091,4400
200506,17,ADRX,ANDRX CORP ANDRX GROUP,83615,277.6326,0.9963636363636363,4400
200506,18,AMTD,T D AMERITRADE HOLDING CORP,84597,277.6239,0.9961363636363636,4400
200506,19,BLUD,IMMUCOR INC,88867,276.6273,0.9959090909090909,4400
200506,20,BBW,BUILD A BEAR WORKSHOP INC,90371,276.41098,0.9956818181818182,4400
200506,21,MCIP,M C I INC,90284,274.73645,0.9954545454545455,4400
200506,22,LEXR,LEXAR MEDIA INC,88539,273.34543,0.9952272727272727,4400
200506,23,EMMS,EMMIS COMMUNICATIONS CORP,80297,271.69162,0.995,4400
200506,24,TPX,SOMNIGROUP INTERNATIONAL INC,89971,271.48572,0.9947727272727273,4400
200506,25,AMLN,AMYLIN PHARMACEUTICALS INC,77264,270.032,0.9945454545454545,4400
200507,1,GOOG,ALPHABET INC,90319,332.9773,1.0,4368
200507,2,CME,C M E GROUP INC,89626,328.19626,0.9997710622710623,4368
200507,3,SYNA,SYNAPTICS INC,89290,309.3096,0.9995421245421245,4368
200507,4,EYET,EYETECH PHARMACEUTICALS INC,90008,302.79788,0.9993131868131868,4368
200507,5,ISRG,INTUITIVE SURGICAL INC,88352,301.56848,0.9990842490842491,4368
200507,6,NVDA,NVIDIA CORP,86580,300.7216,0.9988553113553114,4368
200507,7,CNC,CENTENE CORP DEL,89269,297.98486,0.9986263736263736,4368
200507,8,JMDT,JAMDAT MOBILE INC,90360,297.7083,0.9983974358974359,4368
200507,9,SIRI,SIRIUS X M HOLDINGS INC NEW,80924,294.7018,0.9981684981684982,4368
200507,10,HLTH,H L T H CORP,86721,292.95502,0.9979395604395604,4368
200507,11,AKS,A K STEEL HOLDING CORP,80303,292.36005,0.9977106227106227,4368
200507,12,IIJI,INTERNET INITIATIVE JAPAN INC,87199,290.39032,0.997481684981685,4368
200507,13,TASR,AXON ENTERPRISE INC,89031,289.98492,0.9972527472527473,4368
200507,14,WOLF,GREAT WOLF RESORTS INC,90491,289.8542,0.9970238095238095,4368
200507,15,SHLD,SEARS HOLDINGS CORP,89757,289.04898,0.9967948717948718,4368
200507,16,AMLN,AMYLIN PHARMACEUTICALS INC,77264,288.43872,0.9965659340659341,4368
200507,17,CECO,PERDOCEO EDUCATION CORP,85724,282.27216,0.9963369963369964,4368
200507,18,AGP,AMERIGROUP CORP,89204,280.28625,0.9961080586080586,4368
200507,19,CRM,SALESFORCE INC,90215,280.04135,0.9958791208791209,4368
200507,20,SGTL,SIGMATEL INC,89835,277.5378,0.9956501831501832,4368
200507,21,DWA,DREAMWORKS ANIMATION S K G INC,90374,274.99377,0.9954212454212454,4368
200507,22,BUCY,BUCYRUS INTERNATIONAL INC NEW,90277,273.9616,0.9951923076923077,4368
200507,23,CYBX,CYBERONICS INC,78881,273.95428,0.99496336996337,4368
200507,24,OVTI,OMNIVISION TECHNOLOGIES INC,88458,273.14777,0.9947344322344323,4368
200507,25,CTSH,COGNIZANT TECHNOLOGY SOLS CORP,86158,273.136,0.9945054945054945,4368
200508,1,CRM,SALESFORCE INC,90215,337.9112,1.0,4427
200508,2,EYET,EYETECH PHARMACEUTICALS INC,90008,321.7857,0.9997741133950757,4427
200508,3,CME,C M E GROUP INC,89626,307.12305,0.9995482267901513,4427
200508,4,SHLD,SEARS HOLDINGS CORP,89757,306.74844,0.999322340185227,4427
200508,5,HOTT,HOT TOPIC INC,83939,306.62073,0.9990964535803026,4427
200508,6,ISRG,INTUITIVE SURGICAL INC,88352,301.11606,0.9988705669753783,4427
200508,7,ARO,AEROPOSTALE INC,89399,299.25473,0.9986446803704541,4427
200508,8,ANF,ABERCROMBIE & FITCH CO,83976,293.78397,0.9984187937655297,4427
200508,9,FOXH,FOXHOLLOW TECHNOLOGIES INC,90407,287.87503,0.9981929071606054,4427
200508,10,TASR,AXON ENTERPRISE INC,89031,287.3111,0.9979670205556811,4427
200508,11,OVTI,OMNIVISION TECHNOLOGIES INC,88458,285.05902,0.9977411339507567,4427
200508,12,UTHR,UNITED THERAPEUTICS CORP,87006,284.98062,0.9975152473458324,4427
200508,13,BEAS,B E A SYSTEMS INC,84721,283.20834,0.997289360740908,4427
200508,14,MYOG,MYOGEN INC,89868,280.95172,0.9970634741359837,4427
200508,15,VPHM,VIROPHARMA INC,84281,276.9381,0.9968375875310594,4427
200508,16,DPH,DELPHI CORP,86591,276.92685,0.996611700926135,4427
200508,17,GOOG,ALPHABET INC,90319,276.51224,0.9963858143212108,4427
200508,18,PXP,PLAINS EXPLORATION & PROD CO,89636,275.76355,0.9961599277162865,4427
200508,19,FMD,FIRST MARBLEHEAD CORP,89877,271.2928,0.9959340411113621,4427
200508,20,NVDA,NVIDIA CORP,86580,271.12848,0.9957081545064378,4427
200508,21,JBLU,JETBLUE AIRWAYS CORP,89353,270.43854,0.9954822679015134,4427
200508,22,HLTH,H L T H CORP,86721,270.0403,0.9952563812965891,4427
200508,23,BCSI,BLUE COAT SYSTEMS INC,87377,268.54877,0.9950304946916648,4427
200508,24,PTEN,PATTERSON U T I ENERGY INC,79857,268.446,0.9948046080867404,4427
200508,25,UTEK,ULTRATECH INC,79628,267.77637,0.9945787214818161,4427
200509,1,ENWV,ENDWAVE CORP,88727,325.26962,1.0,4392
200509,2,JBLU,JETBLUE AIRWAYS CORP,89353,312.72238,0.9997723132969034,4392
200509,3,NWAC,NORTHWEST AIRLINES CORP,80345,306.8356,0.9995446265938069,4392
200509,4,GOOG,ALPHABET INC,90319,306.55817,0.9993169398907104,4392
200509,5,ISRG,INTUITIVE SURGICAL INC,88352,299.97107,0.9990892531876139,4392
200509,6,APCS,ALAMOSA HOLDINGS INC,87585,298.3417,0.9988615664845173,4392
200509,7,OVTI,OMNIVISION TECHNOLOGIES INC,88458,291.8628,0.9986338797814208,4392
200509,8,VLO,VALERO ENERGY CORP NEW,85269,291.03168,0.9984061930783242,4392
200509,9,FCX,FREEPORT MCMORAN INC,81774,289.83255,0.9981785063752276,4392
200509,10,CME,C M E GROUP INC,89626,289.17703,0.9979508196721312,4392
200509,11,NIHD,N I I HOLDINGS INC,89685,288.09622,0.9977231329690346,4392
200509,12,CELG,CELGENE CORP,11552,286.79724,0.9974954462659381,4392
200509,13,GERN,GERON CORP,83756,286.34326,0.9972677595628415,4392
200509,14,TPX,SOMNIGROUP INTERNATIONAL INC,89971,284.55927,0.9970400728597449,4392
200509,15,MSO,MARTHA STEWART LVNG OMNIMEDIA IN,87277,282.14844,0.9968123861566485,4392
200509,16,SHLD,SEARS HOLDINGS CORP,89757,281.68164,0.9965846994535519,4392
200509,17,MLNM,MILLENNIUM PHARMACEUTICALS INC,83531,281.16895,0.9963570127504554,4392
200509,18,NEW,NEW CENTURY FINANCIAL CORP MD,85025,280.25085,0.9961293260473588,4392
200509,19,PHCC,PRIORITY HEALTHCARE CORP,85495,275.06824,0.9959016393442623,4392
200509,20,ATPG,A T P OIL & GAS CORP,88906,274.77704,0.9956739526411658,4392
200509,21,RMBS,RAMBUS INC,84827,274.20468,0.9954462659380692,4392
200509,22,SWN,SOUTHWESTERN ENERGY CO,63765,273.40872,0.9952185792349727,4392
200509,23,TASR,AXON ENTERPRISE INC,89031,272.57697,0.9949908925318761,4392
200509,24,DPH,DELPHI CORP,86591,272.14435,0.9947632058287796,4392
200509,25,PETS,PETMED EXPRESS INC,90012,272.02298,0.994535519125683,4392
200510,1,CME,C M E GROUP INC,89626,318.4549,1.0,4374
200510,2,TPX,SOMNIGROUP INTERNATIONAL INC,89971,308.98563,0.9997713763145862,4374
200510,3,MEDI,MEDIMMUNE INC,76656,307.27182,0.9995427526291724,4374
200510,4,JBLU,JETBLUE AIRWAYS CORP,89353,306.91003,0.9993141289437586,4374
200510,5,SYNA,SYNAPTICS INC,89290,306.58453,0.9990855052583447,4374
200510,6,SONS,RIBBON COMMUNICATIONS INC,88264,297.39615,0.998856881572931,4374
200510,7,ABGX,ABGENIX INC,86235,291.5828,0.9986282578875172,4374
200510,8,GDT,GUIDANT CORP,81126,289.80627,0.9983996342021033,4374
200510,9,NFLX,NETFLIX INC,89393,287.82047,0.9981710105166895,4374
200510,10,IFIN,INVESTORS FINANCIAL SERVS CORP,82584,287.78098,0.9979423868312757,4374
200510,11,WFR,SUNEDISON INC,81776,284.95615,0.9977137631458619,4374
200510,12,SHLD,SEARS HOLDINGS CORP,89757,284.73355,0.9974851394604481,4374
200510,13,FORM,FORMFACTOR INC,89753,284.54514,0.9972565157750343,4374
200510,14,VLO,VALERO ENERGY CORP NEW,85269,284.5256,0.9970278920896205,4374
200510,15,RMD,RESMED INC,81736,280.7077,0.9967992684042066,4374
200510,16,PPDI,PHARMACEUTICAL PRODUCT DEV INC,82837,277.41263,0.9965706447187929,4374
200510,17,EBAY,EBAY INC,86356,276.9283,0.9963420210333791,4374
200510,18,GOOG,ALPHABET INC,90319,276.74594,0.9961133973479652,4374
200510,19,BRCM,BROADCOM CORP,85963,276.40564,0.9958847736625515,4374
200510,20,LWSN,LAWSON SOFTWARE INC NEW,89271,276.13452,0.9956561499771376,4374
200510,21,CERN,CERNER CORP,10909,274.62027,0.9954275262917238,4374
200510,22,COSI,COSI INC,89567,273.3864,0.99519890260631,4374
200510,23,XMSR,X M SATELLITE RADIO HLDGS INC,87357,272.69986,0.9949702789208962,4374
200510,24,MOVI,MOVIE GALLERY INC,80831,272.31674,0.9947416552354824,4374
200510,25,FDG,FORDING CANADIAN COAL TRUST,89689,271.96704,0.9945130315500685,4374
200511,1,SHLD,SEARS HOLDINGS CORP,89757,321.7882,1.0,4451
200511,2,CRM,SALESFORCE INC,90215,312.17706,0.9997753313862053,4451
200511,3,CME,C M E GROUP INC,89626,311.06833,0.9995506627724107,4451
200511,4,ISRG,INTUITIVE SURGICAL INC,88352,310.5088,0.999325994158616,4451
200511,5,BCSI,BLUE COAT SYSTEMS INC,87377,304.71408,0.9991013255448213,4451
200511,6,SEBL,SIEBEL SYSTEMS INC,83693,298.49496,0.9988766569310268,4451
200511,7,SFCC,PHARMANET DEVELOPMENT GROUP INC,88675,297.5755,0.9986519883172321,4451
200511,8,CY,CYPRESS SEMICONDUCTOR CORP,10302,295.71704,0.9984273197034375,4451
200511,9,MEDI,MEDIMMUNE INC,76656,295.08536,0.9982026510896428,4451
200511,10,CNCT,CONNETICS CORP,83121,293.47827,0.9979779824758481,4451
200511,11,GOOG,ALPHABET INC,90319,291.31552,0.9977533138620535,4451
200511,12,RMBS,RAMBUS INC,84827,287.3003,0.9975286452482588,4451
200511,13,SWN,SOUTHWESTERN ENERGY CO,63765,286.87564,0.9973039766344641,4451
200511,14,WFMI,WHOLE FOODS MARKET INC,77281,283.54507,0.9970793080206695,4451
200511,15,AEOS,AMERICAN EAGLE OUTFITTERS INC NE,80432,283.412,0.9968546394068749,4451
200511,16,NOVL,NOVELL INC,90609,282.71503,0.9966299707930802,4451
200511,17,LEXR,LEXAR MEDIA INC,88539,280.3196,0.9964053021792856,4451
200511,18,UTHR,UNITED THERAPEUTICS CORP,87006,279.60825,0.9961806335654909,4451
200511,19,ELN,ELAN PLC,31799,277.88177,0.9959559649516962,4451
200511,20,EPL,E P L OIL & GAS INC,88817,276.15442,0.9957312963379016,4451
200511,21,NTAP,NETAPP INC,82598,275.16202,0.9955066277241069,4451
200511,22,ESLR,EVERGREEN SOLAR INC,88799,272.81433,0.9952819591103123,4451
200511,23,MDRX,VERADIGM INC,87078,271.3305,0.9950572904965176,4451
200511,24,SNDK,SANDISK CORP,82618,271.03897,0.994832621882723,4451
200511,25,BTU,PEABODY ENERGY CORP,88991,270.47995,0.9946079532689284,4451
200512,1,RMBS,RAMBUS INC,84827,330.285,1.0,4434
200512,2,ESLR,EVERGREEN SOLAR INC,88799,316.12076,0.9997744700045106,4434
200512,3,CUTR,CUTERA INC,90081,313.81024,0.9995489400090212,4434
200512,4,SFCC,PHARMANET DEVELOPMENT GROUP INC,88675,312.80002,0.9993234100135318,4434
200512,5,SIRI,SIRIUS X M HOLDINGS INC NEW,80924,312.58682,0.9990978800180425,4434
200512,6,ISRG,INTUITIVE SURGICAL INC,88352,312.54456,0.998872350022553,4434
200512,7,FOXH,FOXHOLLOW TECHNOLOGIES INC,90407,310.72818,0.9986468200270636,4434
200512,8,JBLU,JETBLUE AIRWAYS CORP,89353,306.4223,0.9984212900315742,4434
200512,9,RIGL,RIGEL PHARMACEUTICALS INC,88810,306.11185,0.9981957600360848,4434
200512,10,TPX,SOMNIGROUP INTERNATIONAL INC,89971,306.03506,0.9979702300405954,4434
200512,11,PALM,PALM INC,87800,303.00696,0.997744700045106,4434
200512,12,GOOG,ALPHABET INC,90319,302.75363,0.9975191700496165,4434
200512,13,BCRX,BIOCRYST PHARMACEUTICALS INC,80306,302.5018,0.9972936400541272,4434
200512,14,NDAQ,NASDAQ INC,90601,298.62924,0.9970681100586378,4434
200512,15,ANR,ALPHA NATURAL RESOURCES INC,90547,297.47986,0.9968425800631484,4434
200512,16,CME,C M E GROUP INC,89626,295.7576,0.996617050067659,4434
200512,17,MEDI,MEDIMMUNE INC,76656,294.85425,0.9963915200721696,4434
200512,18,TIE,TITANIUM METALS CORP,83699,294.26797,0.9961659900766802,4434
200512,19,APOL,APOLLO EDUCATION GROUP INC,81138,288.01004,0.9959404600811907,4434
200512,20,CRM,SALESFORCE INC,90215,286.7167,0.9957149300857014,4434
200512,21,NTRI,NUTRISYSTEM INC,88379,286.29324,0.995489400090212,4434
200512,22,LEXR,LEXAR MEDIA INC,88539,284.44818,0.9952638700947226,4434
200512,23,FMD,FIRST MARBLEHEAD CORP,89877,283.81125,0.9950383400992332,4434
200512,24,DISCA,DISCOVERY INC,90805,283.2445,0.9948128101037438,4434
200512,25,NFLX,NETFLIX INC,89393,282.85443,0.9945872801082544,4434
200601,1,GOOG,ALPHABET INC,90319,324.27713,1.0,4394
200601,2,RMBS,RAMBUS INC,84827,322.69785,0.9997724169321802,4394
200601,3,SYNA,SYNAPTICS INC,89290,320.7685,0.9995448338643604,4394
200601,4,ISRG,INTUITIVE SURGICAL INC,88352,315.3645,0.9993172507965408,4394
200601,5,TPX,SOMNIGROUP INTERNATIONAL INC,89971,311.49036,0.999089667728721,4394
200601,6,TTWO,TAKE TWO INTERACTIVE SOFTWR INC,84761,309.3462,0.9988620846609012,4394
200601,7,ELN,ELAN PLC,31799,304.29172,0.9986345015930814,4394
200601,8,BCRX,BIOCRYST PHARMACEUTICALS INC,80306,302.4614,0.9984069185252618,4394
200601,9,CEY,FIDELITY NATIONAL INFO SVCS INC,89003,300.68457,0.998179335457442,4394
200601,10,JBLU,JETBLUE AIRWAYS CORP,89353,295.33783,0.9979517523896222,4394
200601,11,WCG,WELLCARE HEALTH PLANS INC,90272,292.27948,0.9977241693218024,4394
200601,12,NLS,BOWFLEX INC,86889,291.78455,0.9974965862539827,4394
200601,13,YHOO,YAHOO INC,83435,291.2683,0.997269003186163,4394
200601,14,CME,C M E GROUP INC,89626,290.752,0.9970414201183432,4394
200601,15,AMZN,AMAZON COM INC,84788,288.39526,0.9968138370505234,4394
200601,16,SEBL,SIEBEL SYSTEMS INC,83693,287.94815,0.9965862539827037,4394
200601,17,SIRI,SIRIUS X M HOLDINGS INC NEW,80924,287.2553,0.996358670914884,4394
200601,18,PLAY,PORTALPLAYER INC,90459,284.85928,0.9961310878470642,4394
200601,19,ESLR,EVERGREEN SOLAR INC,88799,281.68167,0.9959035047792444,4394
200601,20,NSR,NEUSTAR INC,90763,281.5156,0.9956759217114247,4394
200601,21,LEXR,LEXAR MEDIA INC,88539,281.4613,0.9954483386436049,4394
200601,22,SNDK,SANDISK CORP,82618,278.35782,0.9952207555757852,4394
200601,23,FFIV,F 5 INC,86964,278.11633,0.9949931725079654,4394
200601,24,JDSU,VIAVI SOLUTIONS INC,79879,276.85837,0.9947655894401457,4394
200601,25,CRM,SALESFORCE INC,90215,276.54422,0.9945380063723259,4394
200602,1,CRM,SALESFORCE INC,90215,323.0568,1.0,4414
200602,2,ELN,ELAN PLC,31799,311.78372,0.9997734481196194,4414
200602,3,BCSI,BLUE COAT SYSTEMS INC,87377,305.8683,0.9995468962392388,4414
200602,4,PLAY,PORTALPLAYER INC,90459,302.78268,0.9993203443588582,4414
200602,5,GOOG,ALPHABET INC,90319,300.63303,0.9990937924784775,4414
200602,6,ISRG,INTUITIVE SURGICAL INC,88352,298.43597,0.998867240598097,4414
200602,7,BIIB,BIOGEN INC,76841,293.88684,0.9986406887177164,4414
200602,8,CME,C M E GROUP INC,89626,289.63968,0.9984141368373357,4414
200602,9,XMSR,X M SATELLITE RADIO HLDGS INC,87357,289.12708,0.9981875849569551,4414
200602,10,PALM,PALM INC,87800,286.40128,0.9979610330765746,4414
200602,11,AVII,SAREPTA THERAPEUTICS INC,85002,284.49155,0.9977344811961939,4414
200602,12,GRA,GRACE W R & CO DEL NEW,85908,283.58313,0.9975079293158133,4414
200602,13,TTWO,TAKE TWO INTERACTIVE SOFTWR INC,84761,283.21994,0.9972813774354327,4414
200602,14,JOYG,JOY GLOBAL INC,89105,281.8469,0.9970548255550521,4414
200602,15,GES,GUESS INC,83822,281.3479,0.9968282736746715,4414
200602,16,EXPE,EXPEDIA GROUP INC,90808,281.1173,0.9966017217942909,4414
200602,17,KWK,QUICKSILVER RESOURCES INC,86759,280.84128,0.9963751699139103,4414
200602,18,PTEN,PATTERSON U T I ENERGY INC,79857,280.57687,0.9961486180335297,4414
200602,19,MRVL,MARVELL TECHNOLOGY INC,88360,279.7273,0.995922066153149,4414
200602,20,APPX,A P P PHARMACEUTICALS INC,89265,279.56842,0.9956955142727685,4414
200602,21,NVDA,NVIDIA CORP,86580,279.3898,0.9954689623923878,4414
200602,22,HUN,HUNTSMAN CORP,90558,278.34808,0.9952424105120072,4414
200602,23,NILE,BLUE NILE INC,90187,278.2741,0.9950158586316267,4414
200602,24,WBSN,WEBSENSE INC,87827,278.05847,0.994789306751246,4414
200602,25,OVTI,OMNIVISION TECHNOLOGIES INC,88458,277.49332,0.9945627548708654,4414
200603,1,PALM,PALM INC,87800,321.09955,1.0,4413
200603,2,NDAQ,NASDAQ INC,90601,315.577,0.9997733967822343,4413
200603,3,MDCO,MEDICINES CO,88545,305.15393,0.9995467935644686,4413
200603,4,LBTYK,LIBERTY GLOBAL LTD,90866,304.14902,0.9993201903467029,4413
200603,5,TOPT,TOP SHIPS INC,90298,303.62042,0.9990935871289373,4413
200603,6,GOOG,ALPHABET INC,90319,300.3682,0.9988669839111716,4413
200603,7,ISRG,INTUITIVE SURGICAL INC,88352,299.90656,0.9986403806934059,4413
200603,8,ESLR,EVERGREEN SOLAR INC,88799,298.3346,0.9984137774756402,4413
200603,9,MRGE,MERGE HEALTHCARE INC,85739,297.0944,0.9981871742578745,4413
200603,10,VPHM,VIROPHARMA INC,84281,295.1859,0.9979605710401088,4413
200603,11,NMTI,N M T MEDICAL INC,83953,292.53836,0.997733967822343,4413
200603,12,TTWO,TAKE TWO INTERACTIVE SOFTWR INC,84761,288.06815,0.9975073646045773,4413
200603,13,SYNA,SYNAPTICS INC,89290,286.86365,0.9972807613868117,4413
200603,14,STX,SEAGATE TECHNOLOGY HOLDINGS PLC,89641,286.77515,0.997054158169046,4413
200603,15,BMRN,BIOMARIN PHARMACEUTICAL INC,87056,286.7444,0.9968275549512803,4413
200603,16,CME,C M E GROUP INC,89626,286.63968,0.9966009517335146,4413
200603,17,TIVO,TIVO INC,87255,286.4256,0.9963743485157489,4413
200603,18,NTES,NETEASE INC,88362,286.07947,0.9961477452979832,4413
200603,19,SHLD,SEARS HOLDINGS CORP,89757,283.31235,0.9959211420802175,4413
200603,20,RIMM,BLACKBERRY LTD,86745,283.10913,0.9956945388624519,4413
200603,21,BRCM,BROADCOM CORP,85963,279.30856,0.9954679356446862,4413
200603,22,BWNG,BROADWING CORP,88430,277.85815,0.9952413324269205,4413
200603,23,TPX,SOMNIGROUP INTERNATIONAL INC,89971,277.8394,0.9950147292091548,4413
200603,24,AMKR,AMKOR TECHNOLOGY INC,86047,276.80896,0.9947881259913891,4413
200603,25,ICE,INTERCONTINENTALEXCHANGE GRP INC,90993,275.71262,0.9945615227736234,4413
200604,1,NDAQ,NASDAQ INC,90601,327.19382,1.0,4485
200604,2,ICE,INTERCONTINENTALEXCHANGE GRP INC,90993,318.97522,0.9997770345596433,4485
200604,3,HLTH,H L T H CORP,86721,317.2896,0.9995540691192865,4485
200604,4,TIVO,TIVO INC,87255,317.2558,0.9993311036789297,4485
200604,5,JNPR,JUNIPER NETWORKS INC,86979,310.5484,0.999108138238573,4485
200604,6,NVAX,NOVAVAX INC,82779,301.5366,0.9988851727982163,4485
200604,7,CME,C M E GROUP INC,89626,300.77628,0.9986622073578595,4485
200604,8,NVDA,NVIDIA CORP,86580,299.45657,0.9984392419175028,4485
200604,9,RMBS,RAMBUS INC,84827,297.34204,0.9982162764771461,4485
200604,10,PLAY,PORTALPLAYER INC,90459,294.58853,0.9979933110367893,4485
200604,11,NTES,NETEASE INC,88362,294.49826,0.9977703455964325,4485
200604,12,TOPT,TOP SHIPS INC,90298,291.6425,0.9975473801560758,4485
200604,13,ISRG,INTUITIVE SURGICAL INC,88352,290.11496,0.9973244147157191,4485
200604,14,HOLX,HOLOGIC INC,76095,289.52176,0.9971014492753624,4485
200604,15,GOOG,ALPHABET INC,90319,285.9783,0.9968784838350055,4485
200604,16,IVIL,IVILLAGE INC,86777,279.50446,0.9966555183946488,4485
200604,17,BIDU,BAIDU INC,90857,276.58734,0.9964325529542921,4485
200604,18,TS,TENARIS S A,89637,276.1205,0.9962095875139353,4485
200604,19,ESLR,EVERGREEN SOLAR INC,88799,275.6191,0.9959866220735786,4485
200604,20,SNDK,SANDISK CORP,82618,275.09927,0.9957636566332219,4485
200604,21,SEPR,SEPRACOR INC,76845,273.23956,0.9955406911928651,4485
200604,22,SYNA,SYNAPTICS INC,89290,272.54767,0.9953177257525083,4485
200604,23,BWNG,BROADWING CORP,88430,272.1187,0.9950947603121516,4485
200604,24,LVLT,LEVEL 3 COMMUNICATIONS INC,85991,271.46716,0.9948717948717949,4485
200604,25,PEIX,ALTO INGREDIENTS INC,86165,270.76138,0.9946488294314382,4485
200605,1,ICE,INTERCONTINENTALEXCHANGE GRP INC,90993,325.78488,1.0,4570
200605,2,NBIX,NEUROCRINE BIOSCIENCES INC,83534,322.2044,0.999781181619256,4570
200605,3,PEIX,ALTO INGREDIENTS INC,86165,317.41327,0.999562363238512,4570
200605,4,CRM,SALESFORCE INC,90215,314.12677,0.9993435448577681,4570
200605,5,NVDA,NVIDIA CORP,86580,313.42624,0.9991247264770241,4570
200605,6,GOOG,ALPHABET INC,90319,308.83224,0.9989059080962801,4570
200605,7,TIE,TITANIUM METALS CORP,83699,305.9845,0.9986870897155361,4570
200605,8,JOYG,JOY GLOBAL INC,89105,305.583,0.9984682713347921,4570
200605,9,SEPR,SEPRACOR INC,76845,303.21326,0.9982494529540481,4570
200605,10,BIDU,BAIDU INC,90857,302.7615,0.9980306345733042,4570
200605,11,CME,C M E GROUP INC,89626,300.36115,0.9978118161925602,4570
200605,12,BRCD,BROCADE COMMUNICATIONS SYS INC,86881,299.89386,0.9975929978118162,4570
200605,13,HLTH,H L T H CORP,86721,299.15063,0.9973741794310722,4570
200605,14,GRA,GRACE W R & CO DEL NEW,85908,297.31927,0.9971553610503282,4570
200605,15,FCL,FOUNDATION COAL HOLDINGS INC,90501,296.50443,0.9969365426695842,4570
200605,16,NDAQ,NASDAQ INC,90601,295.90207,0.9967177242888403,4570
200605,17,THE,TODCO,90055,295.08884,0.9964989059080963,4570
200605,18,SLW,WHEATON PRECIOUS METALS CORP,90796,294.1414,0.9962800875273523,4570
200605,19,GG,GOLDCORP INC NEW,69892,291.8795,0.9960612691466083,4570
200605,20,JNPR,JUNIPER NETWORKS INC,86979,290.16574,0.9958424507658643,4570
200605,21,ELN,ELAN PLC,31799,289.48132,0.9956236323851203,4570
200605,22,PALM,PALM INC,87800,287.9721,0.9954048140043764,4570
200605,23,MFLX,MULTI FINELINE ELECTRONIX INC,90232,285.89645,0.9951859956236324,4570
200605,24,RIMM,BLACKBERRY LTD,86745,284.60547,0.9949671772428884,4570
200605,25,NTRI,NUTRISYSTEM INC,88379,284.35037,0.9947483588621444,4570
200606,1,BIDU,BAIDU INC,90857,311.81622,1.0,4531
200606,2,HOM,HOME SOLUTIONS OF AMERICA INC,89767,305.13608,0.9997792981681748,4531
200606,3,CME,C M E GROUP INC,89626,304.56488,0.9995585963363496,4531
200606,4,ICE,INTERCONTINENTALEXCHANGE GRP INC,90993,303.33652,0.9993378945045244,4531
200606,5,NTRI,NUTRISYSTEM INC,88379,302.92615,0.9991171926726992,4531
200606,6,NDAQ,NASDAQ INC,90601,302.39404,0.998896490840874,4531
200606,7,RHAT,RED HAT INC,87184,301.19156,0.9986757890090487,4531
200606,8,SHLD,SEARS HOLDINGS CORP,89757,297.1613,0.9984550871772235,4531
200606,9,TIE,TITANIUM METALS CORP,83699,295.82907,0.9982343853453983,4531
200606,10,ATYT,A T I TECHNOLOGIES INC,86418,295.7178,0.9980136835135731,4531
200606,11,NTGR,NETGEAR INC,89800,294.9934,0.9977929816817479,4531
200606,12,POZN,ARALEZ PHARMACEUTICALS INC,88740,293.21265,0.9975722798499228,4531
200606,13,OXPS,OPTIONSXPRESS HOLDINGS INC,90541,292.66577,0.9973515780180976,4531
200606,14,PEIX,ALTO INGREDIENTS INC,86165,289.29245,0.9971308761862724,4531
200606,15,THE,TODCO,90055,288.3747,0.9969101743544472,4531
200606,16,OVTI,OMNIVISION TECHNOLOGIES INC,88458,287.7369,0.996689472522622,4531
200606,17,GOOG,ALPHABET INC,90319,287.31787,0.9964687706907968,4531
200606,18,ANR,ALPHA NATURAL RESOURCES INC,90547,286.93155,0.9962480688589715,4531
200606,19,NVDA,NVIDIA CORP,86580,285.0463,0.9960273670271463,4531
200606,20,RBAK,REDBACK NETWORKS INC,90014,283.72867,0.9958066651953211,4531
200606,21,NBIX,NEUROCRINE BIOSCIENCES INC,83534,279.97623,0.9955859633634959,4531
200606,22,MIR,MIRANT CORP NEW,91071,278.50623,0.9953652615316707,4531
200606,23,UPCS,UBIQUITEL INC,88383,278.1362,0.9951445596998455,4531
200606,24,JBL,JABIL INC,79094,277.65506,0.9949238578680203,4531
200606,25,BTU,PEABODY ENERGY CORP,88991,277.64474,0.9947031560361951,4531
200607,1,BIDU,BAIDU INC,90857,330.2632,1.0,4493
200607,2,JNPR,JUNIPER NETWORKS INC,86979,324.84918,0.9997774315602047,4493
200607,3,HLTH,H L T H CORP,86721,323.04636,0.9995548631204095,4493
200607,4,SEPR,SEPRACOR INC,76845,315.31207,0.9993322946806142,4493
200607,5,AFFX,AFFYMETRIX INC,83616,312.71844,0.9991097262408191,4493
200607,6,MRVL,MARVELL TECHNOLOGY INC,88360,306.37747,0.9988871578010238,4493
200607,7,GOOG,ALPHABET INC,90319,299.56924,0.9986645893612286,4493
200607,8,EBAY,EBAY INC,86356,296.91403,0.9984420209214333,4493
200607,9,SHLD,SEARS HOLDINGS CORP,89757,296.7582,0.9982194524816381,4493
200607,10,CME,C M E GROUP INC,89626,295.60718,0.9979968840418428,4493
200607,11,RACK,SILICON GRAPHICS INTL CORP,90742,294.3723,0.9977743156020477,4493
200607,12,AMD,ADVANCED MICRO DEVICES INC,61241,288.24295,0.9975517471622524,4493
200607,13,WCG,WELLCARE HEALTH PLANS INC,90272,287.75745,0.9973291787224572,4493
200607,14,DAKT,DAKTRONICS INC,80233,286.4943,0.9971066102826619,4493
200607,15,RMBS,RAMBUS INC,84827,286.48706,0.9968840418428667,4493
200607,16,ILMN,ILLUMINA INC,88446,284.6155,0.9966614734030714,4493
200607,17,GRMN,GARMIN LTD,88837,282.72394,0.9964389049632763,4493
200607,18,TIE,TITANIUM METALS CORP,83699,281.689,0.996216336523481,4493
200607,19,TPX,SOMNIGROUP INTERNATIONAL INC,89971,279.0117,0.9959937680836858,4493
200607,20,LXK,LEXMARK INTERNATIONAL INC NEW,82643,278.14868,0.9957711996438905,4493
200607,21,FFIV,F 5 INC,86964,277.8858,0.9955486312040953,4493
200607,22,SNDK,SANDISK CORP,82618,277.82147,0.9953260627643,4493
200607,23,NVDA,NVIDIA CORP,86580,276.27908,0.9951034943245047,4493
200607,24,KCI,KINETIC CONCEPTS INC,90044,274.78372,0.9948809258847096,4493
200607,25,SWFT,SWIFT TRANSPORTATION CO INC,76214,274.76834,0.9946583574449143,4493
200608,1,DAKT,DAKTRONICS INC,80233,315.76276,1.0,4556
200608,2,HANS,MONSTER BEVERAGE CORP NEW,88031,310.7884,0.9997805092186128,4556
200608,3,MRVL,MARVELL TECHNOLOGY INC,88360,307.84604,0.9995610184372257,4556
200608,4,ILMN,ILLUMINA INC,88446,303.10382,0.9993415276558385,4556
200608,5,MED,MEDIFAST INC,80054,298.57513,0.9991220368744512,4556
200608,6,RMD,RESMED INC,81736,298.36392,0.9989025460930641,4556
200608,7,ZUMZ,ZUMIEZ INC,90715,298.1264,0.9986830553116769,4556
200608,8,ARO,AEROPOSTALE INC,89399,297.62885,0.9984635645302897,4556
200608,9,CHIC,CHARLOTTE RUSSE HOLDING INC,87306,296.75967,0.9982440737489026,4556
200608,10,SEPR,SEPRACOR INC,76845,295.9528,0.9980245829675154,4556
200608,11,AFFX,AFFYMETRIX INC,83616,295.5454,0.9978050921861282,4556
200608,12,CROX,CROCS INC,91090,291.96692,0.997585601404741,4556
200608,13,FL,FOOT LOCKER INC,15456,291.93527,0.9973661106233538,4556
200608,14,SHLD,SEARS HOLDINGS CORP,89757,291.29697,0.9971466198419666,4556
200608,15,JNPR,JUNIPER NETWORKS INC,86979,289.37442,0.9969271290605795,4556
200608,16,CME,C M E GROUP INC,89626,287.65982,0.9967076382791923,4556
200608,17,GOOG,ALPHABET INC,90319,285.8391,0.9964881474978051,4556
200608,18,UAUA,UNITED AIRLINES HOLDINGS INC,91103,285.27707,0.996268656716418,4556
200608,19,HOTT,HOT TOPIC INC,83939,284.2895,0.9960491659350307,4556
200608,20,CNC,CENTENE CORP DEL,89269,284.14313,0.9958296751536435,4556
200608,21,SORC,SOURCE INTERLINK COS INC,83170,283.78168,0.9956101843722563,4556
200608,22,TIE,TITANIUM METALS CORP,83699,281.0456,0.9953906935908692,4556
200608,23,BEAS,B E A SYSTEMS INC,84721,280.52493,0.995171202809482,4556
200608,24,GYMB,GYMBOREE CORP,78972,280.45764,0.9949517120280948,4556
200608,25,RHAT,RED HAT INC,87184,279.2359,0.9947322212467077,4556
200609,1,GOOG,ALPHABET INC,90319,304.3625,1.0,4495
200609,2,CME,C M E GROUP INC,89626,303.83948,0.9997775305895439,4495
200609,3,SEPR,SEPRACOR INC,76845,300.88998,0.9995550611790879,4495
200609,4,BIDU,BAIDU INC,90857,297.37924,0.9993325917686318,4495
200609,5,HLTH,H L T H CORP,86721,290.5606,0.9991101223581758,4495
200609,6,CHIC,CHARLOTTE RUSSE HOLDING INC,87306,288.18887,0.9988876529477196,4495
200609,7,RBAK,REDBACK NETWORKS INC,90014,287.59546,0.9986651835372636,4495
200609,8,MRVL,MARVELL TECHNOLOGY INC,88360,287.48047,0.9984427141268075,4495
200609,9,THE,TODCO,90055,286.86584,0.9982202447163515,4495
200609,10,ICE,INTERCONTINENTALEXCHANGE GRP INC,90993,286.53836,0.9979977753058954,4495
200609,11,SNDK,SANDISK CORP,82618,286.46494,0.9977753058954394,4495
200609,12,BTU,PEABODY ENERGY CORP,88991,286.4002,0.9975528364849833,4495
200609,13,CTRP,TRIP COM GROUP LTD,89927,284.73795,0.9973303670745273,4495
200609,14,ILMN,ILLUMINA INC,88446,279.22174,0.9971078976640712,4495
200609,15,FORM,FORMFACTOR INC,89753,278.82584,0.9968854282536151,4495
200609,16,UAUA,UNITED AIRLINES HOLDINGS INC,91103,278.5282,0.996662958843159,4495
200609,17,ANR,ALPHA NATURAL RESOURCES INC,90547,278.17465,0.996440489432703,4495
200609,18,JNPR,JUNIPER NETWORKS INC,86979,277.9617,0.9962180200222469,4495
200609,19,PTEN,PATTERSON U T I ENERGY INC,79857,277.88785,0.9959955506117909,4495
200609,20,CROX,CROCS INC,91090,277.39548,0.9957730812013348,4495
200609,21,BE,BEARINGPOINT INC,88910,277.15515,0.9955506117908788,4495
200609,22,TTWO,TAKE TWO INTERACTIVE SOFTWR INC,84761,276.79407,0.9953281423804227,4495
200609,23,JOYG,JOY GLOBAL INC,89105,276.0741,0.9951056729699667,4495
200609,24,WLT,WALTER ENERGY INC,82540,275.94537,0.9948832035595105,4495
200609,25,CRME,CORREVIO PHARMA CORP,90279,275.8307,0.9946607341490545,4495
200610,1,CME,C M E GROUP INC,89626,314.16003,1.0,4457
200610,2,SEPR,SEPRACOR INC,76845,308.56894,0.9997756338344178,4457
200610,3,ICE,INTERCONTINENTALEXCHANGE GRP INC,90993,305.18442,0.9995512676688355,4457
200610,4,BIDU,BAIDU INC,90857,304.86636,0.9993269015032533,4457
200610,5,GOOG,ALPHABET INC,90319,304.12662,0.9991025353376711,4457
200610,6,NURO,NEUROMETRIX INC,90288,303.48172,0.9988781691720888,4457
200610,7,STMP,STAMPS COM INC,87000,302.31815,0.9986538030065066,4457
200610,8,ILMN,ILLUMINA INC,88446,299.53662,0.9984294368409243,4457
200610,9,SNDK,SANDISK CORP,82618,296.7454,0.9982050706753421,4457
200610,10,ISRG,INTUITIVE SURGICAL INC,88352,296.30496,0.99798070450976,4457
200610,11,APOL,APOLLO EDUCATION GROUP INC,81138,291.93655,0.9977563383441777,4457
200610,12,RBAK,REDBACK NETWORKS INC,90014,290.15723,0.9975319721785955,4457
200610,13,AKAM,AKAMAI TECHNOLOGIES INC,87299,288.70865,0.9973076060130133,4457
200610,14,SAY,SATYAM COMPUTER SERVICES LTD,88995,283.60907,0.997083239847431,4457
200610,15,GS,GOLDMAN SACHS GROUP INC,86868,282.13065,0.9968588736818488,4457
200610,16,ATYT,A T I TECHNOLOGIES INC,86418,282.1175,0.9966345075162666,4457
200610,17,JNPR,JUNIPER NETWORKS INC,86979,280.5398,0.9964101413506843,4457
200610,18,SYNA,SYNAPTICS INC,89290,280.221,0.9961857751851021,4457
200610,19,YHOO,YAHOO INC,83435,279.94952,0.9959614090195199,4457
200610,20,ALGN,ALIGN TECHNOLOGY INC,88860,279.58762,0.9957370428539376,4457
200610,21,SIRF,SIRF TECHNOLOGY HOLDINGS,90135,278.9755,0.9955126766883554,4457
200610,22,SHLD,SEARS HOLDINGS CORP,89757,275.64853,0.9952883105227731,4457
200610,23,AMD,ADVANCED MICRO DEVICES INC,61241,271.89276,0.9950639443571909,4457
200610,24,LMRA,LUMERA CORP,90283,270.29773,0.9948395781916087,4457
200610,25,XMSR,X M SATELLITE RADIO HLDGS INC,87357,270.25522,0.9946152120260264,4457
200611,1,ICE,INTERCONTINENTALEXCHANGE GRP INC,90993,338.84497,1.0,4514
200611,2,SEPR,SEPRACOR INC,76845,319.6343,0.9997784669915818,4514
200611,3,ILMN,ILLUMINA INC,88446,315.65225,0.9995569339831635,4514
200611,4,GOOG,ALPHABET INC,90319,308.33298,0.9993354009747453,4514
200611,5,BIDU,BAIDU INC,90857,307.6769,0.999113867966327,4514
200611,6,CME,C M E GROUP INC,89626,307.4327,0.9988923349579087,4514
200611,7,SONS,RIBBON COMMUNICATIONS INC,88264,304.36853,0.9986708019494904,4514
200611,8,MRVL,MARVELL TECHNOLOGY INC,88360,302.2064,0.9984492689410722,4514
200611,9,CROX,CROCS INC,91090,297.48364,0.998227735932654,4514
200611,10,VRGY,VERIGY LTD,91372,296.43137,0.9980062029242357,4514
200611,11,OVTI,OMNIVISION TECHNOLOGIES INC,88458,294.54816,0.9977846699158175,4514
200611,12,GYMB,GYMBOREE CORP,78972,293.07895,0.9975631369073992,4514
200611,13,SHLD,SEARS HOLDINGS CORP,89757,290.0944,0.997341603898981,4514
200611,14,MA,MASTERCARD INC,91233,289.94977,0.9971200708905626,4514
200611,15,ISE,INTERNATIONAL SECS EXCH HLDGS IN,90613,289.1985,0.9968985378821444,4514
200611,16,CONR,CONOR MEDSYSTEMS INC,90477,288.95233,0.9966770048737262,4514
200611,17,SKS,SAKS INC,11382,286.74973,0.9964554718653079,4514
200611,18,RMBS,RAMBUS INC,84827,282.8951,0.9962339388568897,4514
200611,19,CHS,CHICOS FAS INC,78963,282.68567,0.9960124058484714,4514
200611,20,SAI,LEIDOS HOLDINGS INC,91547,282.42688,0.9957908728400532,4514
200611,21,BEAS,B E A SYSTEMS INC,84721,281.0853,0.9955693398316349,4514
200611,22,PLCE,CHILDRENS PLACE INC,85390,278.2447,0.9953478068232167,4514
200611,23,GT,GOODYEAR TIRE & RUBBER CO,16432,277.09958,0.9951262738147985,4514
200611,24,NYX,N Y S E EURONEXT,91143,276.9117,0.9949047408063801,4514
200611,25,CRM,SALESFORCE INC,90215,276.90643,0.9946832077979619,4514
200612,1,ICE,INTERCONTINENTALEXCHANGE GRP INC,90993,315.22372,1.0,4482
200612,2,GOOG,ALPHABET INC,90319,314.15744,0.999776885319054,4482
200612,3,NDAQ,NASDAQ INC,90601,307.40964,0.999553770638108,4482
200612,4,NURO,NEUROMETRIX INC,90288,306.14166,0.999330655957162,4482
200612,5,BIDU,BAIDU INC,90857,302.2262,0.9991075412762159,4482
200612,6,UMC,UNITED MICROELECTRONICS CORP,88612,301.49167,0.99888442659527,4482
200612,7,TELK,MABVAX THERAPEUTICS HOLDINGS INC,88572,301.47015,0.998661311914324,4482
200612,8,BE,BEARINGPOINT INC,88910,301.1892,0.998438197233378,4482
200612,9,SIRF,SIRF TECHNOLOGY HOLDINGS,90135,292.37628,0.998215082552432,4482
200612,10,NFLD,NORTHFIELD LABORATORIES INC,80559,291.8351,0.9979919678714859,4482
200612,11,RACK,SILICON GRAPHICS INTL CORP,90742,290.20847,0.99776885319054,4482
200612,12,UAUA,UNITED AIRLINES HOLDINGS INC,91103,286.76407,0.9975457385095939,4482
200612,13,FCX,FREEPORT MCMORAN INC,81774,286.72794,0.9973226238286479,4482
200612,14,RIMM,BLACKBERRY LTD,86745,282.51773,0.997099509147702,4482
200612,15,CME,C M E GROUP INC,89626,282.4005,0.9968763944667559,4482
200612,16,EOP,EQUITY OFFICE PROPERTIES TRUST,85238,282.34097,0.9966532797858099,4482
200612,17,SAI,LEIDOS HOLDINGS INC,91547,282.3338,0.9964301651048639,4482
200612,18,ILMN,ILLUMINA INC,88446,282.1706,0.9962070504239179,4482
200612,19,MA,MASTERCARD INC,91233,280.5855,0.9959839357429718,4482
200612,20,MRVL,MARVELL TECHNOLOGY INC,88360,280.38907,0.9957608210620259,4482
200612,21,RMBS,RAMBUS INC,84827,278.4874,0.9955377063810799,4482
200612,22,BRLC,SYNTAX BRILLIAN CORP,89831,276.43707,0.9953145917001339,4482
200612,23,MDCO,MEDICINES CO,88545,275.37198,0.9950914770191879,4482
200612,24,NYX,N Y S E EURONEXT,91143,275.21204,0.9948683623382418,4482
200612,25,ISE,INTERNATIONAL SECS EXCH HLDGS IN,90613,270.7894,0.9946452476572959,4482
200701,1,KG,KING PHARMACEUTICALS INC,86176,322.20535,1.0,4415
200701,2,HOKU,HOKU CORP,90863,318.1699,0.9997734994337486,4415
200701,3,GOOG,ALPHABET INC,90319,304.8048,0.9995469988674972,4415
200701,4,MA,MASTERCARD INC,91233,300.41528,0.9993204983012458,4415
200701,5,MDCO,MEDICINES CO,88545,297.12997,0.9990939977349943,4415
200701,6,BIDU,BAIDU INC,90857,295.53748,0.9988674971687429,4415
200701,7,PPCO,PENWEST PHARMACEUTICALS CO,86333,293.43585,0.9986409966024915,4415
200701,8,TTWO,TAKE TWO INTERACTIVE SOFTWR INC,84761,292.68353,0.9984144960362401,4415
200701,9,ELN,ELAN PLC,31799,292.42828,0.9981879954699887,4415
200701,10,XMSR,X M SATELLITE RADIO HLDGS INC,87357,289.2361,0.9979614949037373,4415
200701,11,NVDA,NVIDIA CORP,86580,287.77322,0.9977349943374858,4415
200701,12,CWTR,COLDWATER CREEK INC,84416,287.19522,0.9975084937712344,4415
200701,13,RACK,SILICON GRAPHICS INTL CORP,90742,287.15057,0.997281993204983,4415
200701,14,BRLC,SYNTAX BRILLIAN CORP,89831,284.01907,0.9970554926387316,4415
200701,15,CME,C M E GROUP INC,89626,281.09164,0.9968289920724802,4415
200701,16,UAUA,UNITED AIRLINES HOLDINGS INC,91103,280.95514,0.9966024915062288,4415
200701,17,JNPR,JUNIPER NETWORKS INC,86979,280.5043,0.9963759909399773,4415
200701,18,ICE,INTERCONTINENTALEXCHANGE GRP INC,90993,280.29752,0.9961494903737259,4415
200701,19,NDAQ,NASDAQ INC,90601,278.76834,0.9959229898074745,4415
200701,20,LXK,LEXMARK INTERNATIONAL INC NEW,82643,278.393,0.9956964892412231,4415
200701,21,FFIV,F 5 INC,86964,277.94748,0.9954699886749717,4415
200701,22,RMBS,RAMBUS INC,84827,276.99823,0.9952434881087203,4415
200701,23,OVTI,OMNIVISION TECHNOLOGIES INC,88458,274.8157,0.9950169875424688,4415
200701,24,GPS,GAP INC,59010,274.29666,0.9947904869762174,4415
200701,25,USIH,U S I HOLDINGS CORP,89532,273.4529,0.994563986409966,4415
200702,1,ONXX,ONYX PHARMACEUTICALS INC,83541,320.6748,1.0,4432
200702,2,BIDU,BAIDU INC,90857,305.9599,0.9997743682310469,4432
200702,3,NDAQ,NASDAQ INC,90601,301.30533,0.9995487364620939,4432
200702,4,NEW,NEW CENTURY FINANCIAL CORP MD,85025,300.97433,0.9993231046931408,4432
200702,5,GOOG,ALPHABET INC,90319,300.8644,0.9990974729241877,4432
200702,6,FMCN,FOCUS MEDIA HOLDING LTD,90810,293.23865,0.9988718411552346,4432
200702,7,MA,MASTERCARD INC,91233,293.08102,0.9986462093862816,4432
200702,8,ICE,INTERCONTINENTALEXCHANGE GRP INC,90993,293.04984,0.9984205776173285,4432
200702,9,KG,KING PHARMACEUTICALS INC,86176,292.16937,0.9981949458483754,4432
200702,10,DAKT,DAKTRONICS INC,80233,288.97745,0.9979693140794224,4432
200702,11,SONS,RIBBON COMMUNICATIONS INC,88264,286.1208,0.9977436823104693,4432
200702,12,SHLD,SEARS HOLDINGS CORP,89757,285.83203,0.9975180505415162,4432
200702,13,MRVL,MARVELL TECHNOLOGY INC,88360,285.8298,0.9972924187725631,4432
200702,14,UTHR,UNITED THERAPEUTICS CORP,87006,285.28586,0.9970667870036101,4432
200702,15,LEND,ACCREDITED HOME LENDERS HLDG CO,89684,283.03528,0.996841155234657,4432
200702,16,GYMB,GYMBOREE CORP,78972,280.27808,0.9966155234657039,4432
200702,17,HLTH,H L T H CORP,86721,279.6011,0.9963898916967509,4432
200702,18,VRGY,VERIGY LTD,91372,279.41647,0.9961642599277978,4432
200702,19,CROX,CROCS INC,91090,278.96475,0.9959386281588448,4432
200702,20,WFMI,WHOLE FOODS MARKET INC,77281,278.29816,0.9957129963898917,4432
200702,21,CECO,PERDOCEO EDUCATION CORP,85724,277.48047,0.9954873646209387,4432
200702,22,AGP,AMERIGROUP CORP,89204,277.0926,0.9952617328519856,4432
200702,23,WCG,WELLCARE HEALTH PLANS INC,90272,276.67194,0.9950361010830325,4432
200702,24,CMI,CUMMINS INC,41080,276.12402,0.9948104693140795,4432
200702,25,JTX,JACKSON HEWITT TAX SERVICE INC,90209,275.8405,0.9945848375451264,4432
200703,1,LEND,ACCREDITED HOME LENDERS HLDG CO,89684,346.9631,1.0,4430
200703,2,KG,KING PHARMACEUTICALS INC,86176,313.90796,0.9997742663656884,4430
200703,3,ILMN,ILLUMINA INC,88446,311.57602,0.999548532731377,4430
200703,4,GOOG,ALPHABET INC,90319,311.3192,0.9993227990970655,4430
200703,5,ICE,INTERCONTINENTALEXCHANGE GRP INC,90993,309.59903,0.9990970654627539,4430
200703,6,CME,C M E GROUP INC,89626,309.40817,0.9988713318284425,4430
200703,7,SEPR,SEPRACOR INC,76845,297.96033,0.9986455981941309,4430
200703,8,BIDU,BAIDU INC,90857,294.6306,0.9984198645598195,4430
200703,9,PPCO,PENWEST PHARMACEUTICALS CO,86333,294.4054,0.9981941309255079,4430
200703,10,AGIX,ATHEROGENICS INC,88498,293.3519,0.9979683972911964,4430
200703,11,DNDN,DENDREON CORP,88335,290.3365,0.9977426636568849,4430
200703,12,NDAQ,NASDAQ INC,90601,288.96844,0.9975169300225734,4430
200703,13,MIR,MIRANT CORP NEW,91071,286.47424,0.9972911963882618,4430
200703,14,AMD,ADVANCED MICRO DEVICES INC,61241,286.2689,0.9970654627539504,4430
200703,15,BOT,C B O T HOLDINGS INC,90920,285.31314,0.9968397291196388,4430
200703,16,SHLD,SEARS HOLDINGS CORP,89757,283.94083,0.9966139954853274,4430
200703,17,AFFX,AFFYMETRIX INC,83616,281.67392,0.9963882618510158,4430
200703,18,SHFL,S H F L ENTERTAINMENT INC,78200,281.17804,0.9961625282167043,4430
200703,19,RIMM,BLACKBERRY LTD,86745,281.13797,0.9959367945823928,4430
200703,20,NFI,NOVASTAR FINANCIAL INC,85433,280.00916,0.9957110609480813,4430
200703,21,YHOO,YAHOO INC,83435,279.74646,0.9954853273137697,4430
200703,22,EPL,E P L OIL & GAS INC,88817,278.9856,0.9952595936794583,4430
200703,23,MA,MASTERCARD INC,91233,278.03815,0.9950338600451467,4430
200703,24,SFC,SPIRIT FINANCE CORP,90514,276.7955,0.9948081264108353,4430
200703,25,ABFS,ARCBEST CORP,77595,276.68082,0.9945823927765237,4430
200704,1,DNDN,DENDREON CORP,88335,329.11298,1.0,4489
200704,2,AVCI,SOAPSTONE NETWORKS INC,88423,314.42755,0.9997772332368011,4489
200704,3,SMSI,SMITH MICRO SOFTWARE INC,82281,310.74765,0.9995544664736021,4489
200704,4,NYX,N Y S E EURONEXT,91143,310.43866,0.9993316997104033,4489
200704,5,MA,MASTERCARD INC,91233,309.86493,0.9991089329472043,4489
200704,6,SIRF,SIRF TECHNOLOGY HOLDINGS,90135,305.16287,0.9988861661840054,4489
200704,7,ISRG,INTUITIVE SURGICAL INC,88352,302.51053,0.9986633994208064,4489
200704,8,FSLR,FIRST SOLAR INC,91611,301.15805,0.9984406326576075,4489
200704,9,GOOG,ALPHABET INC,90319,300.9513,0.9982178658944085,4489
200704,10,KBR,K B R INC,91579,295.66745,0.9979950991312097,4489
200704,11,LCC,U S AIRWAYS GROUP INC NEW,90893,293.07846,0.9977723323680107,4489
200704,12,TPX,SOMNIGROUP INTERNATIONAL INC,89971,289.16403,0.9975495656048118,4489
200704,13,BE,BEARINGPOINT INC,88910,284.29987,0.9973267988416128,4489
200704,14,AUY,YAMANA GOLD INC,89976,282.96475,0.9971040320784139,4489
200704,15,MDCO,MEDICINES CO,88545,282.09222,0.9968812653152149,4489
200704,16,CECO,PERDOCEO EDUCATION CORP,85724,281.64395,0.996658498552016,4489
200704,17,BIDU,BAIDU INC,90857,281.63092,0.9964357317888171,4489
200704,18,FMD,FIRST MARBLEHEAD CORP,89877,280.85446,0.9962129650256182,4489
200704,19,USNA,USANA HEALTH SCIENCES INC,84010,279.59332,0.9959901982624193,4489
200704,20,AMD,ADVANCED MICRO DEVICES INC,61241,278.94867,0.9957674314992203,4489
200704,21,RACK,SILICON GRAPHICS INTL CORP,90742,274.93106,0.9955446647360214,4489
200704,22,ICE,INTERCONTINENTALEXCHANGE GRP INC,90993,274.0419,0.9953218979728224,4489
200704,23,MSTR,STRATEGY INC,86211,273.36365,0.9950991312096236,4489
200704,24,ESLR,EVERGREEN SOLAR INC,88799,270.90878,0.9948763644464246,4489
200704,25,RIMM,BLACKBERRY LTD,86745,270.3496,0.9946535976832257,4489
200705,1,DNDN,DENDREON CORP,88335,381.2942,1.0,4569
200705,2,FSLR,FIRST SOLAR INC,91611,312.97565,0.9997811337272926,4569
200705,3,FMCN,FOCUS MEDIA HOLDING LTD,90810,305.31497,0.9995622674545852,4569
200705,4,VNDA,VANDA PHARMACEUTICALS INC,91186,299.36563,0.9993434011818779,4569
200705,5,BIDU,BAIDU INC,90857,297.32416,0.9991245349091705,4569
200705,6,MRVL,MARVELL TECHNOLOGY INC,88360,295.2828,0.9989056686364631,4569
200705,7,MPEL,MELCO RESORT & ENTERTAINMENT LTD,91673,292.55496,0.9986868023637557,4569
200705,8,CME,C M E GROUP INC,89626,291.9074,0.9984679360910483,4569
200705,9,CRM,SALESFORCE INC,90215,291.68893,0.9982490698183409,4569
200705,10,CROX,CROCS INC,91090,291.25143,0.9980302035456337,4569
200705,11,JEF,JEFFERIES GROUP INC NEW,86804,288.24115,0.9978113372729263,4569
200705,12,HIH,HIGHLAND HOSPITALITY CORP,89953,287.12173,0.9975924710002189,4569
200705,13,GOOG,ALPHABET INC,90319,286.7389,0.9973736047275115,4569
200705,14,ONXX,ONYX PHARMACEUTICALS INC,83541,286.62128,0.9971547384548041,4569
200705,15,VRGY,VERIGY LTD,91372,286.51273,0.9969358721820968,4569
200705,16,NRMX,BELLUS HEALTH INC,89833,284.55975,0.9967170059093894,4569
200705,17,JSDA,JONES SODA CO,90972,281.2504,0.996498139636682,4569
200705,18,MA,MASTERCARD INC,91233,280.02283,0.9962792733639746,4569
200705,19,RIMM,BLACKBERRY LTD,86745,279.2828,0.9960604070912672,4569
200705,20,RRI,GENON ENERGY INC,88992,278.44437,0.9958415408185599,4569
200705,21,KRY,CRYSTALLEX INTERNATIONAL CORP,85061,277.7217,0.9956226745458525,4569
200705,22,LCC,U S AIRWAYS GROUP INC NEW,90893,277.30035,0.9954038082731451,4569
200705,23,PSUN,PACIFIC SUNWEAR OF CA INC,78999,274.58423,0.9951849420004377,4569
200705,24,SPWR,SUNPOWER CORP,90978,274.46136,0.9949660757277303,4569
200705,25,MIR,MIRANT CORP NEW,91071,274.14627,0.9947472094550229,4569
200706,1,CROX,CROCS INC,91090,338.52554,1.0,4543
200706,2,MA,MASTERCARD INC,91233,327.28806,0.9997798811358133,4543
200706,3,FSLR,FIRST SOLAR INC,91611,322.82233,0.9995597622716267,4543
200706,4,GOOG,ALPHABET INC,90319,315.4813,0.99933964340744,4543
200706,5,SIRF,SIRF TECHNOLOGY HOLDINGS,90135,301.84082,0.9991195245432534,4543
200706,6,NDAQ,NASDAQ INC,90601,300.55933,0.9988994056790667,4543
200706,7,FRPT,FORCE PROTECTION INC,91735,299.4091,0.99867928681488,4543
200706,8,ICE,INTERCONTINENTALEXCHANGE GRP INC,90993,297.67163,0.9984591679506933,4543
200706,9,SNY,SANOFI,89475,294.45847,0.9982390490865067,4543
200706,10,RIMM,BLACKBERRY LTD,86745,293.55582,0.99801893022232,4543
200706,11,SCSS,SLEEP NUMBER CORP,86489,292.65762,0.9977988113581334,4543
200706,12,TTWO,TAKE TWO INTERACTIVE SOFTWR INC,84761,291.1317,0.9975786924939467,4543
200706,13,USU,CENTRUS ENERGY CORP,86233,290.69043,0.9973585736297601,4543
200706,14,AKS,A K STEEL HOLDING CORP,80303,288.7484,0.9971384547655734,4543
200706,15,AAPL,APPLE INC,14593,288.32376,0.9969183359013868,4543
200706,16,ISRG,INTUITIVE SURGICAL INC,88352,288.19687,0.9966982170372001,4543
200706,17,NFI,NOVASTAR FINANCIAL INC,85433,287.69897,0.9964780981730135,4543
200706,18,CME,C M E GROUP INC,89626,286.82355,0.9962579793088268,4543
200706,19,BIDU,BAIDU INC,90857,286.37894,0.9960378604446402,4543
200706,20,PPCO,PENWEST PHARMACEUTICALS CO,86333,284.15765,0.9958177415804534,4543
200706,21,IOC,INTEROIL CORP,90339,282.60748,0.9955976227162668,4543
200706,22,NMX,NYMEX HOLDINGS INC,91583,282.48615,0.9953775038520801,4543
200706,23,NFLX,NETFLIX INC,89393,280.4828,0.9951573849878934,4543
200706,24,NAL,NEWALLIANCE BANCSHARES INC,90132,279.5526,0.9949372661237068,4543
200706,25,LCC,U S AIRWAYS GROUP INC NEW,90893,278.81348,0.9947171472595201,4543
200707,1,AHM,AMERICAN HOME MORTGAGE INVT CORP,87358,341.62665,1.0,4477
200707,2,CROX,CROCS INC,91090,332.61514,0.9997766361402725,4477
200707,3,HOKU,HOKU CORP,90863,329.9964,0.999553272280545,4477
200707,4,YHOO,YAHOO INC,83435,317.9673,0.9993299084208175,4477
200707,5,FSLR,FIRST SOLAR INC,91611,317.72946,0.99910654456109,4477
200707,6,FMCN,FOCUS MEDIA HOLDING LTD,90810,314.04593,0.9988831807013625,4477
200707,7,ICE,INTERCONTINENTALEXCHANGE GRP INC,90993,313.01328,0.9986598168416351,4477
200707,8,MA,MASTERCARD INC,91233,311.1281,0.9984364529819075,4477
200707,9,GOOG,ALPHABET INC,90319,308.3121,0.99821308912218,4477
200707,10,BIDU,BAIDU INC,90857,298.9506,0.9979897252624526,4477
200707,11,CHZ,CHITTENDEN CORP,23326,298.27792,0.997766361402725,4477
200707,12,AMD,ADVANCED MICRO DEVICES INC,61241,297.63892,0.9975429975429976,4477
200707,13,CF,C F INDUSTRIES HOLDINGS INC,90829,295.22684,0.99731963368327,4477
200707,14,BEAS,B E A SYSTEMS INC,84721,292.52557,0.9970962698235426,4477
200707,15,PPCO,PENWEST PHARMACEUTICALS CO,86333,292.1686,0.9968729059638151,4477
200707,16,TPX,SOMNIGROUP INTERNATIONAL INC,89971,287.36795,0.9966495421040875,4477
200707,17,GBBK,GREATER BAY BANCORP,83974,286.65073,0.9964261782443601,4477
200707,18,WNR,WESTERN REFINING INC,91073,283.956,0.9962028143846325,4477
200707,19,FRPT,FORCE PROTECTION INC,91735,282.50476,0.9959794505249051,4477
200707,20,VNDA,VANDA PHARMACEUTICALS INC,91186,282.08508,0.9957560866651776,4477
200707,21,SEPR,SEPRACOR INC,76845,280.98593,0.9955327228054501,4477
200707,22,NTRI,NUTRISYSTEM INC,88379,280.04263,0.9953093589457226,4477
200707,23,LCC,U S AIRWAYS GROUP INC NEW,90893,279.68338,0.995085995085995,4477
200707,24,AKAM,AKAMAI TECHNOLOGIES INC,87299,274.10757,0.9948626312262676,4477
200707,25,JSDA,JONES SODA CO,90972,274.0105,0.9946392673665401,4477
200708,1,ICE,INTERCONTINENTALEXCHANGE GRP INC,90993,342.11282,1.0,4531
200708,2,TMA,THORNBURG MORTGAGE INC,79351,336.28818,0.9997792981681748,4531
200708,3,FSLR,FIRST SOLAR INC,91611,335.362,0.9995585963363496,4531
200708,4,VNDA,VANDA PHARMACEUTICALS INC,91186,321.84216,0.9993378945045244,4531
200708,5,PPCO,PENWEST PHARMACEUTICALS CO,86333,312.35864,0.9991171926726992,4531
200708,6,CF,C F INDUSTRIES HOLDINGS INC,90829,307.99,0.998896490840874,4531
200708,7,CFC,COUNTRYWIDE FINANCIAL CORP,64565,297.18765,0.9986757890090487,4531
200708,8,CRM,SALESFORCE INC,90215,289.7059,0.9984550871772235,4531
200708,9,ETFC,E TRADE FINANCIAL CORP,83862,288.28174,0.9982343853453983,4531
200708,10,MA,MASTERCARD INC,91233,287.8262,0.9980136835135731,4531
200708,11,GOOG,ALPHABET INC,90319,286.09314,0.9977929816817479,4531
200708,12,CROX,CROCS INC,91090,286.01443,0.9975722798499228,4531
200708,13,WIN,WINDSTREAM HOLDINGS INC,91391,285.40982,0.9973515780180976,4531
200708,14,BIDU,BAIDU INC,90857,281.89423,0.9971308761862724,4531
200708,15,FLR,FLUOR CORP NEW,88853,279.792,0.9969101743544472,4531
200708,16,ZUMZ,ZUMIEZ INC,90715,279.58163,0.996689472522622,4531
200708,17,JCG,J CREW GROUP INC,91302,278.91824,0.9964687706907968,4531
200708,18,RIMM,BLACKBERRY LTD,86745,278.42004,0.9962480688589715,4531
200708,19,RDN,RADIAN GROUP INC,78038,278.03,0.9960273670271463,4531
200708,20,ALGN,ALIGN TECHNOLOGY INC,88860,276.04932,0.9958066651953211,4531
200708,21,PSUN,PACIFIC SUNWEAR OF CA INC,78999,275.83795,0.9955859633634959,4531
200708,22,AMR,AMERICAN AIRLINES GROUP INC,21020,275.3439,0.9953652615316707,4531
200708,23,BEAS,B E A SYSTEMS INC,84721,273.51633,0.9951445596998455,4531
200708,24,GS,GOLDMAN SACHS GROUP INC,86868,273.34073,0.9949238578680203,4531
200708,25,SPWR,SUNPOWER CORP,90978,272.58447,0.9947031560361951,4531
200709,1,PPCO,PENWEST PHARMACEUTICALS CO,86333,326.617,1.0,4475
200709,2,FSLR,FIRST SOLAR INC,91611,318.57788,0.9997765363128491,4475
200709,3,ICE,INTERCONTINENTALEXCHANGE GRP INC,90993,317.3304,0.9995530726256984,4475
200709,4,DCEL,DOBSON COMMUNICATIONS CORP,87598,312.6407,0.9993296089385475,4475
200709,5,FMCN,FOCUS MEDIA HOLDING LTD,90810,311.02664,0.9991061452513966,4475
200709,6,GOOG,ALPHABET INC,90319,307.8382,0.9988826815642458,4475
200709,7,BIDU,BAIDU INC,90857,306.63608,0.998659217877095,4475
200709,8,RIMM,BLACKBERRY LTD,86745,304.83517,0.9984357541899441,4475
200709,9,CF,C F INDUSTRIES HOLDINGS INC,90829,301.17862,0.9982122905027933,4475
200709,10,ISRG,INTUITIVE SURGICAL INC,88352,298.6525,0.9979888268156425,4475
200709,11,NYX,N Y S E EURONEXT,91143,294.2551,0.9977653631284916,4475
200709,12,SPWR,SUNPOWER CORP,90978,293.6981,0.9975418994413408,4475
200709,13,NILE,BLUE NILE INC,90187,293.46396,0.99731843575419,4475
200709,14,CROX,CROCS INC,91090,291.43033,0.9970949720670391,4475
200709,15,LVS,LAS VEGAS SANDS CORP,90505,286.0416,0.9968715083798882,4475
200709,16,MA,MASTERCARD INC,91233,285.84097,0.9966480446927374,4475
200709,17,ILMN,ILLUMINA INC,88446,282.9721,0.9964245810055866,4475
200709,18,FNF,F N F GROUP,90925,281.9386,0.9962011173184357,4475
200709,19,NTRI,NUTRISYSTEM INC,88379,279.4869,0.9959776536312849,4475
200709,20,NVDA,NVIDIA CORP,86580,279.20206,0.9957541899441341,4475
200709,21,IRBT,IROBOT CORP,90971,278.0892,0.9955307262569832,4475
200709,22,CFC,COUNTRYWIDE FINANCIAL CORP,64565,278.04388,0.9953072625698324,4475
200709,23,BCSI,BLUE COAT SYSTEMS INC,87377,277.41364,0.9950837988826816,4475
200709,24,PRX,PAR PHARMACEUTICAL COMPANIES INC,61138,276.62592,0.9948603351955307,4475
200709,25,GM,GENERAL MOTORS CORP,12079,275.75748,0.9946368715083799,4475
200710,1,GOOG,ALPHABET INC,90319,315.03632,1.0,4440
200710,2,ISRG,INTUITIVE SURGICAL INC,88352,309.53552,0.9997747747747747,4440
200710,3,CROX,CROCS INC,91090,308.75162,0.9995495495495496,4440
200710,4,BCSI,BLUE COAT SYSTEMS INC,87377,306.39294,0.9993243243243243,4440
200710,5,YHOO,YAHOO INC,83435,302.00275,0.9990990990990991,4440
200710,6,FSLR,FIRST SOLAR INC,91611,300.14008,0.9988738738738738,4440
200710,7,MA,MASTERCARD INC,91233,299.75024,0.9986486486486487,4440
200710,8,ASPV,ASPREVA PHARMACEUTICALS CORP,90632,298.962,0.9984234234234234,4440
200710,9,SNDK,SANDISK CORP,82618,298.90497,0.9981981981981982,4440
200710,10,ETFC,E TRADE FINANCIAL CORP,83862,298.795,0.9979729729729729,4440
200710,11,VCLK,CONVERSANT INC,88207,297.98303,0.9977477477477478,4440
200710,12,BIDU,BAIDU INC,90857,297.2188,0.9975225225225225,4440
200710,13,ICE,INTERCONTINENTALEXCHANGE GRP INC,90993,295.41763,0.9972972972972973,4440
200710,14,NILE,BLUE NILE INC,90187,294.63388,0.997072072072072,4440
200710,15,MR,MINDRAY MEDICAL INTL LTD,91455,293.97192,0.9968468468468469,4440
200710,16,GRMN,GARMIN LTD,88837,291.12814,0.9966216216216216,4440
200710,17,CF,C F INDUSTRIES HOLDINGS INC,90829,289.65198,0.9963963963963964,4440
200710,18,FRPT,FORCE PROTECTION INC,91735,289.61948,0.9961711711711712,4440
200710,19,SPWR,SUNPOWER CORP,90978,289.36072,0.995945945945946,4440
200710,20,AMZN,AMAZON COM INC,84788,286.54837,0.9957207207207207,4440
200710,21,AMLN,AMYLIN PHARMACEUTICALS INC,77264,286.1621,0.9954954954954955,4440
200710,22,CREE,WOLFSPEED INC NEW,78875,285.75937,0.9952702702702703,4440
200710,23,FLR,FLUOR CORP NEW,88853,285.3382,0.9950450450450451,4440
200710,24,CFC,COUNTRYWIDE FINANCIAL CORP,64565,285.15417,0.9948198198198198,4440
200710,25,ILMN,ILLUMINA INC,88446,284.8443,0.9945945945945946,4440
200711,1,CF,C F INDUSTRIES HOLDINGS INC,90829,328.76425,1.0,4469
200711,2,FSLR,FIRST SOLAR INC,91611,323.65878,0.999776236294473,4469
200711,3,STP,SUNTECH POWER HOLDINGS CO LTD,91061,317.56998,0.9995524725889461,4469
200711,4,BIDU,BAIDU INC,90857,306.0096,0.9993287088834191,4469
200711,5,VM,VIRGIN MOBILE U S A INC,92376,305.16708,0.9991049451778922,4469
200711,6,RIMM,BLACKBERRY LTD,86745,298.51318,0.9988811814723652,4469
200711,7,SPWR,SUNPOWER CORP,90978,297.4326,0.9986574177668383,4469
200711,8,GOOG,ALPHABET INC,90319,292.7279,0.9984336540613112,4469
200711,9,DRYS,DRYSHIPS INC,90589,289.37082,0.9982098903557843,4469
200711,10,CFC,COUNTRYWIDE FINANCIAL CORP,64565,289.33813,0.9979861266502573,4469
200711,11,CROX,CROCS INC,91090,289.21558,0.9977623629447304,4469
200711,12,DSX,DIANA SHIPPING INC,90630,288.40012,0.9975385992392034,4469
200711,13,FMCN,FOCUS MEDIA HOLDING LTD,90810,286.9304,0.9973148355336764,4469
200711,14,ISRG,INTUITIVE SURGICAL INC,88352,286.34036,0.9970910718281495,4469
200711,15,ESLR,EVERGREEN SOLAR INC,88799,283.91147,0.9968673081226225,4469
200711,16,UA,UNDER ARMOUR INC,90979,282.83987,0.9966435444170956,4469
200711,17,NDAQ,NASDAQ INC,90601,281.91254,0.9964197807115686,4469
200711,18,GRMN,GARMIN LTD,88837,280.8971,0.9961960170060417,4469
200711,19,EJ,E HOUSE CHINA HOLDINGS LTD,92244,280.4871,0.9959722533005146,4469
200711,20,SGR,SHAW GROUP INC,80032,280.21503,0.9957484895949877,4469
200711,21,UAUA,UNITED AIRLINES HOLDINGS INC,91103,278.9117,0.9955247258894607,4469
200711,22,PCS,T MOBILE U S INC,91937,278.62967,0.9953009621839337,4469
200711,23,EDU,NEW ORIENTAL EDUC & TECH GP INC,91457,278.37695,0.9950771984784068,4469
200711,24,MA,MASTERCARD INC,91233,278.27652,0.9948534347728798,4469
200711,25,ICE,INTERCONTINENTALEXCHANGE GRP INC,90993,277.06152,0.9946296710673529,4469
200712,1,FRPT,FORCE PROTECTION INC,91735,326.3756,1.0,4410
200712,2,FSLR,FIRST SOLAR INC,91611,319.54358,0.9997732426303855,4410
200712,3,XMSR,X M SATELLITE RADIO HLDGS INC,87357,317.71442,0.999546485260771,4410
200712,4,MA,MASTERCARD INC,91233,313.9621,0.9993197278911564,4410
200712,5,CF,C F INDUSTRIES HOLDINGS INC,90829,310.5874,0.999092970521542,4410
200712,6,FMD,FIRST MARBLEHEAD CORP,89877,307.4495,0.9988662131519275,4410
200712,7,KMX,CARMAX INC,89508,307.30417,0.998639455782313,4410
200712,8,BIDU,BAIDU INC,90857,300.5754,0.9984126984126984,4410
200712,9,SIRI,SIRIUS X M HOLDINGS INC NEW,80924,297.9827,0.9981859410430839,4410
200712,10,LDK,L D K SOLAR CO LTD,92126,295.91812,0.9979591836734694,4410
200712,11,AMR,AMERICAN AIRLINES GROUP INC,21020,295.79285,0.9977324263038548,4410
200712,12,DRYS,DRYSHIPS INC,90589,295.26807,0.9975056689342403,4410
200712,13,RIGL,RIGEL PHARMACEUTICALS INC,88810,293.74118,0.9972789115646259,4410
200712,14,STP,SUNTECH POWER HOLDINGS CO LTD,91061,293.54446,0.9970521541950114,4410
200712,15,HOKU,HOKU CORP,90863,293.29453,0.9968253968253968,4410
200712,16,LCC,U S AIRWAYS GROUP INC NEW,90893,291.09906,0.9965986394557823,4410
200712,17,ESLR,EVERGREEN SOLAR INC,88799,290.02307,0.9963718820861678,4410
200712,18,ISRG,INTUITIVE SURGICAL INC,88352,288.7118,0.9961451247165533,4410
200712,19,JLL,JONES LANG LASALLE INC,85246,287.22055,0.9959183673469387,4410
200712,20,PAY,VERIFONE SYSTEMS INC,90657,286.93674,0.9956916099773243,4410
200712,21,NWA,NORTHWEST AIRLINES CORP,92013,286.4465,0.9954648526077098,4410
200712,22,MBI,M B I A INC,75175,285.76965,0.9952380952380953,4410
200712,23,CSUN,CHINA SUNERGY CO LTD,92036,285.24582,0.9950113378684807,4410
200712,24,AAPL,APPLE INC,14593,284.33044,0.9947845804988662,4410
200712,25,RIMM,BLACKBERRY LTD,86745,282.92126,0.9945578231292517,4410
200801,1,FSLR,FIRST SOLAR INC,91611,330.738,1.0,4355
200801,2,MA,MASTERCARD INC,91233,329.7892,0.9997703788748565,4355
200801,3,CF,C F INDUSTRIES HOLDINGS INC,90829,325.88757,0.999540757749713,4355
200801,4,BIDU,BAIDU INC,90857,306.12708,0.9993111366245695,4355
200801,5,NMX,NYMEX HOLDINGS INC,91583,303.31992,0.9990815154994259,4355
200801,6,PCLN,BOOKING HOLDINGS INC,86783,297.2799,0.9988518943742825,4355
200801,7,EDU,NEW ORIENTAL EDUC & TECH GP INC,91457,297.02682,0.9986222732491389,4355
200801,8,ISRG,INTUITIVE SURGICAL INC,88352,295.92416,0.9983926521239954,4355
200801,9,SNDK,SANDISK CORP,82618,294.314,0.9981630309988518,4355
200801,10,CME,C M E GROUP INC,89626,292.58,0.9979334098737084,4355
200801,11,UAPH,U A P HOLDING CORP,90463,291.72455,0.9977037887485649,4355
200801,12,UA,UNDER ARMOUR INC,90979,291.35666,0.9974741676234213,4355
200801,13,ICE,INTERCONTINENTALEXCHANGE GRP INC,90993,291.10324,0.9972445464982779,4355
200801,14,MELI,MERCADOLIBRE INC,92221,290.55774,0.9970149253731343,4355
200801,15,LOGI,LOGITECH INTERNATIONAL SA,84621,290.46237,0.9967853042479908,4355
200801,16,SLM,S L M CORP,66325,289.25433,0.9965556831228473,4355
200801,17,WM,MR COOPER GROUP INC,81593,287.04755,0.9963260619977038,4355
200801,18,XMSR,X M SATELLITE RADIO HLDGS INC,87357,284.95782,0.9960964408725603,4355
200801,19,ALGN,ALIGN TECHNOLOGY INC,88860,284.6928,0.9958668197474168,4355
200801,20,ESLR,EVERGREEN SOLAR INC,88799,282.65848,0.9956371986222733,4355
200801,21,CSIQ,CANADIAN SOLAR INC,91607,281.3112,0.9954075774971297,4355
200801,22,CREE,WOLFSPEED INC NEW,78875,279.9171,0.9951779563719862,4355
200801,23,SOLF,HANWHA Q CELLS CO LTD,91677,279.68048,0.9949483352468427,4355
200801,24,BG,BUNGE GLOBAL S A,89138,279.67496,0.9947187141216992,4355
200801,25,ILMN,ILLUMINA INC,88446,278.4233,0.9944890929965556,4355
200802,1,BIDU,BAIDU INC,90857,313.64478,1.0,4372
200802,2,CF,C F INDUSTRIES HOLDINGS INC,90829,310.43216,0.9997712717291857,4372
200802,3,FSLR,FIRST SOLAR INC,91611,306.8271,0.9995425434583715,4372
200802,4,CME,C M E GROUP INC,89626,298.5022,0.9993138151875571,4372
200802,5,XMSR,X M SATELLITE RADIO HLDGS INC,87357,298.22476,0.9990850869167429,4372
200802,6,BX,BLACKSTONE INC,92108,297.73706,0.9988563586459286,4372
200802,7,MA,MASTERCARD INC,91233,296.87177,0.9986276303751144,4372
200802,8,CCU,CLEAR CHANNEL COMMUNICATIONS INC,24046,295.38086,0.9983989021043,4372
200802,9,GOOG,ALPHABET INC,90319,294.14377,0.9981701738334858,4372
200802,10,JASO,J A SOLAR HOLDINGS CO LTD,91819,291.08023,0.9979414455626715,4372
200802,11,BG,BUNGE GLOBAL S A,89138,283.5628,0.9977127172918573,4372
200802,12,WM,MR COOPER GROUP INC,81593,283.47476,0.997483989021043,4372
200802,13,GFIG,G F I GROUP INC,90536,280.74817,0.9972552607502287,4372
200802,14,IAR,IDEARC INC,91576,280.6109,0.9970265324794144,4372
200802,15,PCLN,BOOKING HOLDINGS INC,86783,279.4992,0.9967978042086002,4372
200802,16,ETFC,E TRADE FINANCIAL CORP,83862,279.2379,0.9965690759377859,4372
200802,17,NVDA,NVIDIA CORP,86580,278.0495,0.9963403476669717,4372
200802,18,CRM,SALESFORCE INC,90215,274.41345,0.9961116193961573,4372
200802,19,DAL,DELTA AIR LINES INC,91926,273.86658,0.9958828911253431,4372
200802,20,ABK,AMBAC FINANCIAL GROUP INC,76757,273.0243,0.9956541628545288,4372
200802,21,DFS,DISCOVER FINANCIAL SERVICES,92121,272.97794,0.9954254345837146,4372
200802,22,SHLD,SEARS HOLDINGS CORP,89757,270.3856,0.9951967063129002,4372
200802,23,GM,GENERAL MOTORS CORP,12079,269.95044,0.994967978042086,4372
200802,24,SKS,SAKS INC,11382,269.23337,0.9947392497712717,4372
200802,25,ONXX,ONYX PHARMACEUTICALS INC,83541,268.23764,0.9945105215004575,4372
200803,1,BSC,BEAR STEARNS COMPANIES INC,68304,350.80273,1.0,4347
200803,2,MF,M F GLOBAL HOLDINGS LTD,92190,324.29907,0.9997699562916954,4347
200803,3,TPX,SOMNIGROUP INTERNATIONAL INC,89971,321.22974,0.9995399125833908,4347
200803,4,MA,MASTERCARD INC,91233,315.79648,0.9993098688750862,4347
200803,5,CF,C F INDUSTRIES HOLDINGS INC,90829,309.62222,0.9990798251667817,4347
200803,6,FSLR,FIRST SOLAR INC,91611,307.70828,0.9988497814584771,4347
200803,7,BIDU,BAIDU INC,90857,305.82837,0.9986197377501725,4347
200803,8,NLY,ANNALY CAPITAL MANAGEMENT INC,85414,305.08276,0.998389694041868,4347
200803,9,ISRG,INTUITIVE SURGICAL INC,88352,303.7105,0.9981596503335634,4347
200803,10,BPO,BROOKFIELD OFFICE PROPERTIES INC,86938,302.3098,0.9979296066252588,4347
200803,11,WM,MR COOPER GROUP INC,81593,301.48367,0.9976995629169543,4347
200803,12,AMR,AMERICAN AIRLINES GROUP INC,21020,298.104,0.9974695192086497,4347
200803,13,DFS,DISCOVER FINANCIAL SERVICES,92121,297.67883,0.9972394755003451,4347
200803,14,BX,BLACKSTONE INC,92108,295.91913,0.9970094317920405,4347
200803,15,XMSR,X M SATELLITE RADIO HLDGS INC,87357,295.0055,0.9967793880837359,4347
200803,16,KFN,K K R FINANCIAL HOLDINGS LLC,90760,294.43127,0.9965493443754313,4347
200803,17,CIT,C I T GROUP INC NEW,89463,294.2572,0.9963193006671267,4347
200803,18,MOS,MOSAIC CO NEW,90386,289.68896,0.9960892569588222,4347
200803,19,DAL,DELTA AIR LINES INC,91926,289.27243,0.9958592132505176,4347
200803,20,FMCN,FOCUS MEDIA HOLDING LTD,90810,289.2216,0.995629169542213,4347
200803,21,GOOG,ALPHABET INC,90319,288.9208,0.9953991258339084,4347
200803,22,C,CITIGROUP INC,70519,287.21722,0.9951690821256038,4347
200803,23,NFLX,NETFLIX INC,89393,284.00327,0.9949390384172992,4347
200803,24,NCC,NATIONAL CITY CORP,56232,283.07632,0.9947089947089947,4347
200803,25,SLW,WHEATON PRECIOUS METALS CORP,90796,282.90527,0.9944789510006902,4347
200804,1,CROX,CROCS INC,91090,329.0569,1.0,4387
200804,2,ISRG,INTUITIVE SURGICAL INC,88352,328.61,0.9997720537953043,4387
200804,3,FSLR,FIRST SOLAR INC,91611,322.94376,0.9995441075906086,4387
200804,4,MA,MASTERCARD INC,91233,321.49155,0.999316161385913,4387
200804,5,GFIG,G F I GROUP INC,90536,317.2387,0.9990882151812173,4387
200804,6,CF,C F INDUSTRIES HOLDINGS INC,90829,311.818,0.9988602689765216,4387
200804,7,BIDU,BAIDU INC,90857,301.84183,0.9986323227718259,4387
200804,8,NFLX,NETFLIX INC,89393,297.71182,0.9984043765671301,4387
200804,9,JASO,J A SOLAR HOLDINGS CO LTD,91819,296.99268,0.9981764303624344,4387
200804,10,UAUA,UNITED AIRLINES HOLDINGS INC,91103,293.99753,0.9979484841577387,4387
200804,11,BG,BUNGE GLOBAL S A,89138,291.72086,0.997720537953043,4387
200804,12,AUY,YAMANA GOLD INC,89976,291.14398,0.9974925917483474,4387
200804,13,PCLN,BOOKING HOLDINGS INC,86783,285.77844,0.9972646455436517,4387
200804,14,FMD,FIRST MARBLEHEAD CORP,89877,285.44043,0.997036699338956,4387
200804,15,YHOO,YAHOO INC,83435,281.819,0.9968087531342603,4387
200804,16,EDU,NEW ORIENTAL EDUC & TECH GP INC,91457,280.38873,0.9965808069295646,4387
200804,17,HNT,HEALTH NET INC,76697,280.04718,0.996352860724869,4387
200804,18,UA,UNDER ARMOUR INC,90979,279.7304,0.9961249145201733,4387
200804,19,MOS,MOSAIC CO NEW,90386,277.44708,0.9958969683154776,4387
200804,20,SHLD,SEARS HOLDINGS CORP,89757,276.86395,0.9956690221107819,4387
200804,21,AGU,AGRIUM INC,81598,276.3536,0.9954410759060862,4387
200804,22,CPHD,CEPHEID,88331,276.02725,0.9952131297013904,4387
200804,23,CIT,C I T GROUP INC NEW,89463,275.69107,0.9949851834966947,4387
200804,24,NCC,NATIONAL CITY CORP,56232,275.05994,0.994757237291999,4387
200804,25,DAL,DELTA AIR LINES INC,91926,274.95523,0.9945292910873034,4387
200805,1,YHOO,YAHOO INC,83435,326.77048,1.0,4457
200805,2,CRM,SALESFORCE INC,90215,308.8359,0.9997756338344178,4457
200805,3,CF,C F INDUSTRIES HOLDINGS INC,90829,306.49094,0.9995512676688355,4457
200805,4,JASO,J A SOLAR HOLDINGS CO LTD,91819,301.7027,0.9993269015032533,4457
200805,5,PCX,PATRIOT COAL CORP,92346,300.49246,0.9991025353376711,4457
200805,6,AMR,AMERICAN AIRLINES GROUP INC,21020,298.0307,0.9988781691720888,4457
200805,7,AUY,YAMANA GOLD INC,89976,296.911,0.9986538030065066,4457
200805,8,FSLR,FIRST SOLAR INC,91611,295.62958,0.9984294368409243,4457
200805,9,SOLF,HANWHA Q CELLS CO LTD,91677,295.17383,0.9982050706753421,4457
200805,10,BIDU,BAIDU INC,90857,292.169,0.99798070450976,4457
200805,11,SHLD,SEARS HOLDINGS CORP,89757,285.80048,0.9977563383441777,4457
200805,12,GA,GIANT INTERACTIVE GROUP,92393,285.60086,0.9975319721785955,4457
200805,13,BG,BUNGE GLOBAL S A,89138,285.09015,0.9973076060130133,4457
200805,14,WFMI,WHOLE FOODS MARKET INC,77281,282.57504,0.997083239847431,4457
200805,15,GNK,GENCO SHIPPING & TRADING LTD,90813,280.0287,0.9968588736818488,4457
200805,16,CLR,CONTINENTAL RESOURCES INC,91983,278.59708,0.9966345075162666,4457
200805,17,ISRG,INTUITIVE SURGICAL INC,88352,278.0976,0.9964101413506843,4457
200805,18,MELI,MERCADOLIBRE INC,92221,278.04535,0.9961857751851021,4457
200805,19,WM,MR COOPER GROUP INC,81593,277.8908,0.9959614090195199,4457
200805,20,V,VISA INC,92611,277.79337,0.9957370428539376,4457
200805,21,GM,GENERAL MOTORS CORP,12079,277.17493,0.9955126766883554,4457
200805,22,UAUA,UNITED AIRLINES HOLDINGS INC,91103,275.0739,0.9952883105227731,4457
200805,23,CTRP,TRIP COM GROUP LTD,89927,274.96564,0.9950639443571909,4457
200805,24,CSIQ,CANADIAN SOLAR INC,91607,271.71997,0.9948395781916087,4457
200805,25,CMP,COMPASS MINERALS INTL INC,89952,270.79932,0.9946152120260264,4457
200806,1,MF,M F GLOBAL HOLDINGS LTD,92190,327.79907,1.0,4403
200806,2,ANR,ALPHA NATURAL RESOURCES INC,90547,315.06818,0.9997728821258233,4403
200806,3,PCX,PATRIOT COAL CORP,92346,310.7135,0.9995457642516467,4403
200806,4,CF,C F INDUSTRIES HOLDINGS INC,90829,308.15457,0.9993186463774699,4403
200806,5,YHOO,YAHOO INC,83435,305.79593,0.9990915285032932,4403
200806,6,WM,MR COOPER GROUP INC,81593,301.15887,0.9988644106291165,4403
200806,7,FSLR,FIRST SOLAR INC,91611,299.49545,0.9986372927549398,4403
200806,8,MMR,MCMORAN EXPLORATION CO NEW,80557,296.38782,0.9984101748807631,4403
200806,9,MYGN,MYRIAD GENETICS INC,82508,296.1802,0.9981830570065864,4403
200806,10,XMSR,X M SATELLITE RADIO HLDGS INC,87357,295.4668,0.9979559391324098,4403
200806,11,GM,GENERAL MOTORS CORP,12079,294.5923,0.997728821258233,4403
200806,12,C,CITIGROUP INC,70519,294.22403,0.9975017033840563,4403
200806,13,FITB,FIFTH THIRD BANCORP,34746,293.91272,0.9972745855098796,4403
200806,14,HK,PETROHAWK ENERGY CORP,87054,293.87576,0.997047467635703,4403
200806,15,RIMM,BLACKBERRY LTD,86745,292.89484,0.9968203497615262,4403
200806,16,HBI,HANESBRANDS INC,91416,292.51556,0.9965932318873495,4403
200806,17,ESLR,EVERGREEN SOLAR INC,88799,292.4056,0.9963661140131729,4403
200806,18,LNN,LINDSAY CORP,12211,291.2914,0.9961389961389961,4403
200806,19,CLR,CONTINENTAL RESOURCES INC,91983,291.19934,0.9959118782648194,4403
200806,20,JRCC,JAMES RIVER COAL CO,90538,289.91125,0.9956847603906428,4403
200806,21,LEH,LEHMAN BROTHERS HOLDINGS INC,80599,289.48083,0.9954576425164661,4403
200806,22,BIDU,BAIDU INC,90857,289.30435,0.9952305246422893,4403
200806,23,BBT,TRUIST FINANCIAL CORP,71563,288.68173,0.9950034067681126,4403
200806,24,MOS,MOSAIC CO NEW,90386,288.45773,0.994776288893936,4403
200806,25,KMX,CARMAX INC,89508,285.7331,0.9945491710197593,4403
200807,1,ANR,ALPHA NATURAL RESOURCES INC,90547,322.39124,1.0,4358
200807,2,CF,C F INDUSTRIES HOLDINGS INC,90829,313.65497,0.9997705369435521,4358
200807,3,HK,PETROHAWK ENERGY CORP,87054,312.32404,0.9995410738871042,4358
200807,4,CLR,CONTINENTAL RESOURCES INC,91983,309.16922,0.9993116108306562,4358
200807,5,AUY,YAMANA GOLD INC,89976,306.7565,0.9990821477742083,4358
200807,6,LEH,LEHMAN BROTHERS HOLDINGS INC,80599,306.29437,0.9988526847177605,4358
200807,7,WM,MR COOPER GROUP INC,81593,300.63696,0.9986232216613126,4358
200807,8,FSLR,FIRST SOLAR INC,91611,299.10968,0.9983937586048646,4358
200807,9,XCO,E X C O RESOURCES INC,91109,298.65067,0.9981642955484167,4358
200807,10,CAVM,CAVIUM INC,92034,297.812,0.9979348324919688,4358
200807,11,ISRG,INTUITIVE SURGICAL INC,88352,297.4844,0.9977053694355209,4358
200807,12,XMSR,X M SATELLITE RADIO HLDGS INC,87357,293.44098,0.997475906379073,4358
200807,13,AMZN,AMAZON COM INC,84788,291.0562,0.997246443322625,4358
200807,14,BIDU,BAIDU INC,90857,289.02255,0.9970169802661771,4358
200807,15,PCX,PATRIOT COAL CORP,92346,288.28836,0.9967875172097292,4358
200807,16,YHOO,YAHOO INC,83435,287.55722,0.9965580541532814,4358
200807,17,FRE,FEDERAL HOME LOAN MORTGAGE CORP,75789,285.4705,0.9963285910968334,4358
200807,18,MOS,MOSAIC CO NEW,90386,285.23834,0.9960991280403855,4358
200807,19,FCSX,FCSTONE GROUP INC,91898,285.0182,0.9958696649839376,4358
200807,20,MA,MASTERCARD INC,91233,284.27457,0.9956402019274897,4358
200807,21,CRK,COMSTOCK RESOURCES INC,11644,283.65894,0.9954107388710418,4358
200807,22,ESLR,EVERGREEN SOLAR INC,88799,283.13617,0.9951812758145938,4358
200807,23,CMP,COMPASS MINERALS INTL INC,89952,282.39163,0.9949518127581459,4358
200807,24,CROX,CROCS INC,91090,279.22583,0.994722349701698,4358
200807,25,WLT,WALTER ENERGY INC,82540,278.4221,0.9944928866452502,4358
200808,1,CF,C F INDUSTRIES HOLDINGS INC,90829,326.10312,1.0,4384
200808,2,UAUA,UNITED AIRLINES HOLDINGS INC,91103,321.9964,0.999771897810219,4384
200808,3,MOS,MOSAIC CO NEW,90386,315.86963,0.9995437956204379,4384
200808,4,SHLD,SEARS HOLDINGS CORP,89757,307.5242,0.999315693430657,4384
200808,5,LCC,U S AIRWAYS GROUP INC NEW,90893,306.3769,0.9990875912408759,4384
200808,6,AUY,YAMANA GOLD INC,89976,304.3845,0.9988594890510949,4384
200808,7,PCX,PATRIOT COAL CORP,92346,302.79916,0.9986313868613139,4384
200808,8,ANR,ALPHA NATURAL RESOURCES INC,90547,296.05835,0.9984032846715328,4384
200808,9,LEH,LEHMAN BROTHERS HOLDINGS INC,80599,286.67847,0.9981751824817519,4384
200808,10,FLR,FLUOR CORP NEW,88853,286.05606,0.9979470802919708,4384
200808,11,BIDU,BAIDU INC,90857,281.03085,0.9977189781021898,4384
200808,12,GM,GENERAL MOTORS CORP,12079,279.8061,0.9974908759124088,4384
200808,13,AIG,AMERICAN INTERNATIONAL GROUP INC,66800,278.7763,0.9972627737226277,4384
200808,14,AMR,AMERICAN AIRLINES GROUP INC,21020,278.48438,0.9970346715328468,4384
200808,15,JBLU,JETBLUE AIRWAYS CORP,89353,278.48392,0.9968065693430657,4384
200808,16,LULU,LULULEMON ATHLETICA INC,92203,278.03424,0.9965784671532847,4384
200808,17,WLT,WALTER ENERGY INC,82540,277.66113,0.9963503649635036,4384
200808,18,FLO,FLOWERS FOODS INC,88924,277.5836,0.9961222627737226,4384
200808,19,FSLR,FIRST SOLAR INC,91611,277.1794,0.9958941605839416,4384
200808,20,IPI,INTREPID POTASH INC,92621,273.7604,0.9956660583941606,4384
200808,21,SD,SANDRIDGE ENERGY INC,92421,273.6679,0.9954379562043796,4384
200808,22,CNX,C N X RESOURCES CORP,86799,273.32703,0.9952098540145985,4384
200808,23,SNDK,SANDISK CORP,82618,273.3264,0.9949817518248175,4384
200808,24,WFMI,WHOLE FOODS MARKET INC,77281,272.90878,0.9947536496350365,4384
200808,25,ANF,ABERCROMBIE & FITCH CO,83976,272.6348,0.9945255474452555,4384
200809,1,AIG,AMERICAN INTERNATIONAL GROUP INC,66800,333.80844,1.0,4369
200809,2,SHLD,SEARS HOLDINGS CORP,89757,321.13617,0.9997711146715496,4369
200809,3,UAUA,UNITED AIRLINES HOLDINGS INC,91103,318.05038,0.9995422293430991,4369
200809,4,JBLU,JETBLUE AIRWAYS CORP,89353,303.82748,0.9993133440146487,4369
200809,5,ABK,AMBAC FINANCIAL GROUP INC,76757,302.7832,0.9990844586861982,4369
200809,6,WB,WACHOVIA CORP 2ND NEW,36469,300.68948,0.9988555733577478,4369
200809,7,ISRG,INTUITIVE SURGICAL INC,88352,300.3859,0.9986266880292973,4369
200809,8,LEH,LEHMAN BROTHERS HOLDINGS INC,80599,300.02023,0.9983978027008469,4369
200809,9,BIDU,BAIDU INC,90857,293.21155,0.9981689173723964,4369
200809,10,XCO,E X C O RESOURCES INC,91109,290.76392,0.997940032043946,4369
200809,11,V,VISA INC,92611,290.1334,0.9977111467154955,4369
200809,12,F,FORD MOTOR CO DEL,25785,289.37018,0.9974822613870451,4369
200809,13,DAL,DELTA AIR LINES INC,91926,288.797,0.9972533760585947,4369
200809,14,GOOG,ALPHABET INC,90319,284.6356,0.9970244907301442,4369
200809,15,LCC,U S AIRWAYS GROUP INC NEW,90893,284.54193,0.9967956054016938,4369
200809,16,CLR,CONTINENTAL RESOURCES INC,91983,284.18546,0.9965667200732433,4369
200809,17,KMX,CARMAX INC,89508,283.21045,0.9963378347447929,4369
200809,18,C,CITIGROUP INC,70519,282.6897,0.9961089494163424,4369
200809,19,PCX,PATRIOT COAL CORP,92346,282.3545,0.995880064087892,4369
200809,20,GM,GENERAL MOTORS CORP,12079,281.36386,0.9956511787594415,4369
200809,21,MS,MORGAN STANLEY DEAN WITTER & CO,69032,281.0933,0.9954222934309911,4369
200809,22,FSLR,FIRST SOLAR INC,91611,279.9513,0.9951934081025406,4369
200809,23,SNDK,SANDISK CORP,82618,279.81564,0.9949645227740902,4369
200809,24,CF,C F INDUSTRIES HOLDINGS INC,90829,277.86047,0.9947356374456398,4369
200809,25,AUY,YAMANA GOLD INC,89976,277.486,0.9945067521171893,4369
200810,1,YHOO,YAHOO INC,83435,313.57452,1.0,4331
200810,2,GM,GENERAL MOTORS CORP,12079,299.38736,0.9997691064419303,4331
200810,3,AMZN,AMAZON COM INC,84788,294.95883,0.9995382128838606,4331
200810,4,UAUA,UNITED AIRLINES HOLDINGS INC,91103,294.86536,0.9993073193257908,4331
200810,5,PCX,PATRIOT COAL CORP,92346,291.16565,0.999076425767721,4331
200810,6,SNDK,SANDISK CORP,82618,287.60956,0.9988455322096513,4331
200810,7,MA,MASTERCARD INC,91233,283.26703,0.9986146386515816,4331
200810,8,SCUR,SECURE COMPUTING CORP,82613,282.91992,0.9983837450935119,4331
200810,9,KMX,CARMAX INC,89508,282.1294,0.9981528515354422,4331
200810,10,SHLD,SEARS HOLDINGS CORP,89757,281.53976,0.9979219579773724,4331
200810,11,CNQR,CONCUR TECHNOLOGIES INC,86525,279.43588,0.9976910644193027,4331
200810,12,F,FORD MOTOR CO DEL,25785,279.3791,0.997460170861233,4331
200810,13,HUN,HUNTSMAN CORP,90558,278.9162,0.9972292773031632,4331
200810,14,FDG,FORDING CANADIAN COAL TRUST,89689,276.3287,0.9969983837450935,4331
200810,15,MS,MORGAN STANLEY DEAN WITTER & CO,69032,275.91055,0.9967674901870238,4331
200810,16,AIG,AMERICAN INTERNATIONAL GROUP INC,66800,274.38608,0.996536596628954,4331
200810,17,LVS,LAS VEGAS SANDS CORP,90505,274.1414,0.9963057030708843,4331
200810,18,AUY,YAMANA GOLD INC,89976,273.9082,0.9960748095128146,4331
200810,19,V,VISA INC,92611,273.83694,0.9958439159547449,4331
200810,20,CRM,SALESFORCE INC,90215,272.52887,0.9956130223966752,4331
200810,21,NCC,NATIONAL CITY CORP,56232,272.35626,0.9953821288386054,4331
200810,22,ISRG,INTUITIVE SURGICAL INC,88352,271.39935,0.9951512352805356,4331
200810,23,BIDU,BAIDU INC,90857,269.9847,0.9949203417224659,4331
200810,24,JASO,J A SOLAR HOLDINGS CO LTD,91819,269.69788,0.9946894481643962,4331
200810,25,SD,SANDRIDGE ENERGY INC,92421,269.42133,0.9944585546063265,4331
200811,1,LVS,LAS VEGAS SANDS CORP,90505,317.55362,1.0,4351
200811,2,UTHR,UNITED THERAPEUTICS CORP,87006,312.83826,0.9997701677775224,4351
200811,3,YHOO,YAHOO INC,83435,312.66736,0.9995403355550448,4351
200811,4,GM,GENERAL MOTORS CORP,12079,307.39984,0.9993105033325672,4351
200811,5,BIDU,BAIDU INC,90857,306.72772,0.9990806711100896,4351
200811,6,C,CITIGROUP INC,70519,304.13034,0.9988508388876121,4351
200811,7,CRM,SALESFORCE INC,90215,300.15552,0.9986210066651344,4351
200811,8,DELL,DELL INC,11081,297.125,0.9983911744426569,4351
200811,9,UAUA,UNITED AIRLINES HOLDINGS INC,91103,297.02582,0.9981613422201793,4351
200811,10,SHLD,SEARS HOLDINGS CORP,89757,289.65155,0.9979315099977016,4351
200811,11,ANN,ANN INC,76671,289.60147,0.9977016777752241,4351
200811,12,ACAS,AMERICAN CAPITAL LTD,85271,284.14078,0.9974718455527465,4351
200811,13,HNT,HEALTH NET INC,76697,284.10645,0.9972420133302689,4351
200811,14,MBI,M B I A INC,75175,278.56177,0.9970121811077913,4351
200811,15,DAL,DELTA AIR LINES INC,91926,277.82898,0.9967823488853137,4351
200811,16,NUVA,NUVASIVE INC,90188,275.93384,0.9965525166628362,4351
200811,17,GOOG,ALPHABET INC,90319,275.88904,0.9963226844403585,4351
200811,18,AMZN,AMAZON COM INC,84788,275.87723,0.9960928522178809,4351
200811,19,WFMI,WHOLE FOODS MARKET INC,77281,275.6747,0.9958630199954034,4351
200811,20,MAC,MACERICH CO,80399,275.16446,0.9956331877729258,4351
200811,21,CME,C M E GROUP INC,89626,275.11005,0.9954033555504481,4351
200811,22,FSLR,FIRST SOLAR INC,91611,273.44495,0.9951735233279706,4351
200811,23,ICE,INTERCONTINENTALEXCHANGE GRP INC,90993,271.69153,0.994943691105493,4351
200811,24,BBY,BEST BUY COMPANY INC,85914,270.86597,0.9947138588830154,4351
200811,25,WYNN,WYNN RESORTS LTD,89533,270.83945,0.9944840266605378,4351
200812,1,GM,GENERAL MOTORS CORP,12079,337.47665,1.0,4294
200812,2,UAUA,UNITED AIRLINES HOLDINGS INC,91103,309.7747,0.9997671169073126,4294
200812,3,C,CITIGROUP INC,70519,308.83505,0.999534233814625,4294
200812,4,HUN,HUNTSMAN CORP,90558,298.74835,0.9993013507219376,4294
200812,5,BIDU,BAIDU INC,90857,294.95013,0.9990684676292502,4294
200812,6,DAL,DELTA AIR LINES INC,91926,292.39804,0.9988355845365626,4294
200812,7,GOOG,ALPHABET INC,90319,289.51428,0.9986027014438752,4294
200812,8,F,FORD MOTOR CO DEL,25785,288.23907,0.9983698183511877,4294
200812,9,DFS,DISCOVER FINANCIAL SERVICES,92121,283.45035,0.9981369352585002,4294
200812,10,LVS,LAS VEGAS SANDS CORP,90505,279.59888,0.9979040521658128,4294
200812,11,WFMI,WHOLE FOODS MARKET INC,77281,277.80087,0.9976711690731253,4294
200812,12,FDRY,FOUNDRY NETWORKS INC,87229,275.33255,0.9974382859804378,4294
200812,13,ICE,INTERCONTINENTALEXCHANGE GRP INC,90993,275.08478,0.9972054028877504,4294
200812,14,YHOO,YAHOO INC,83435,274.58795,0.9969725197950629,4294
200812,15,CME,C M E GROUP INC,89626,274.45465,0.9967396367023754,4294
200812,16,GS,GOLDMAN SACHS GROUP INC,86868,273.92117,0.996506753609688,4294
200812,17,CAL,CONTINENTAL AIRLINES INC,79641,272.8622,0.9962738705170004,4294
200812,18,CF,C F INDUSTRIES HOLDINGS INC,90829,271.97546,0.996040987424313,4294
200812,19,COF,CAPITAL ONE FINANCIAL CORP,81055,271.80667,0.9958081043316255,4294
200812,20,AUY,YAMANA GOLD INC,89976,271.6022,0.995575221238938,4294
200812,21,RIMM,BLACKBERRY LTD,86745,271.25583,0.9953423381462506,4294
200812,22,KMX,CARMAX INC,89508,271.1742,0.9951094550535631,4294
200812,23,HK,PETROHAWK ENERGY CORP,87054,270.882,0.9948765719608756,4294
200812,24,MA,MASTERCARD INC,91233,270.74368,0.9946436888681882,4294
200812,25,TOL,TOLL BROTHERS INC,70228,270.49554,0.9944108057755007,4294
200901,1,C,CITIGROUP INC,70519,323.4571,1.0,4172
200901,2,DFS,DISCOVER FINANCIAL SERVICES,92121,307.20956,0.9997603068072867,4172
200901,3,DAL,DELTA AIR LINES INC,91926,301.83255,0.9995206136145733,4172
200901,4,STI,SUNTRUST BANKS INC,68144,298.95953,0.99928092042186,4172
200901,5,GM,GENERAL MOTORS CORP,12079,298.12256,0.9990412272291467,4172
200901,6,COF,CAPITAL ONE FINANCIAL CORP,81055,295.60895,0.9988015340364333,4172
200901,7,WFMI,WHOLE FOODS MARKET INC,77281,294.56448,0.99856184084372,4172
200901,8,MA,MASTERCARD INC,91233,293.03888,0.9983221476510067,4172
200901,9,F,FORD MOTOR CO DEL,25785,291.6855,0.9980824544582934,4172
200901,10,UA,UNDER ARMOUR INC,90979,289.2489,0.99784276126558,4172
200901,11,V,VISA INC,92611,287.87686,0.9976030680728667,4172
200901,12,JBLU,JETBLUE AIRWAYS CORP,89353,283.51743,0.9973633748801534,4172
200901,13,NDN,99 CENTS ONLY STORES,83452,282.95883,0.99712368168744,4172
200901,14,YHOO,YAHOO INC,83435,282.64325,0.9968839884947267,4172
200901,15,ROH,ROHM & HAAS CO,23990,282.5207,0.9966442953020134,4172
200901,16,UAUA,UNITED AIRLINES HOLDINGS INC,91103,282.19458,0.9964046021093,4172
200901,17,AUY,YAMANA GOLD INC,89976,279.93225,0.9961649089165868,4172
200901,18,NYX,N Y S E EURONEXT,91143,279.3059,0.9959252157238735,4172
200901,19,AMZN,AMAZON COM INC,84788,277.67984,0.9956855225311602,4172
200901,20,STRA,STRATEGIC EDUCATION INC,83799,277.61224,0.9954458293384468,4172
200901,21,ZION,ZIONS BANCORPORATION N A,84129,276.27353,0.9952061361457335,4172
200901,22,WFC,WELLS FARGO & CO NEW,38703,275.76215,0.9949664429530202,4172
200901,23,DRYS,DRYSHIPS INC,90589,275.69052,0.9947267497603068,4172
200901,24,CME,C M E GROUP INC,89626,275.571,0.9944870565675935,4172
200901,25,BBT,TRUIST FINANCIAL CORP,71563,275.14105,0.9942473633748802,4172
200902,1,C,CITIGROUP INC,70519,326.776,1.0,4174
200902,2,PFG,PRINCIPAL FINANCIAL GROUP INC,89195,305.82254,0.9997604216578821,4174
200902,3,HIG,HARTFORD INSURANCE GROUP INC,82775,301.35034,0.9995208433157643,4174
200902,4,COF,CAPITAL ONE FINANCIAL CORP,81055,300.07324,0.9992812649736463,4174
200902,5,AUY,YAMANA GOLD INC,89976,294.40524,0.9990416866315285,4174
200902,6,GE,GENERAL ELECTRIC CO,12060,290.02444,0.9988021082894106,4174
200902,7,PRU,PRUDENTIAL FINANCIAL INC,89258,286.81305,0.9985625299472928,4174
200902,8,WFC,WELLS FARGO & CO NEW,38703,284.1473,0.9983229516051749,4174
200902,9,WFMI,WHOLE FOODS MARKET INC,77281,283.96396,0.9980833732630571,4174
200902,10,ESI,I T T EDUCATIONAL SERVICES INC,81128,283.23868,0.9978437949209391,4174
200902,11,CECO,PERDOCEO EDUCATION CORP,85724,282.2007,0.9976042165788213,4174
200902,12,UAUA,UNITED AIRLINES HOLDINGS INC,91103,281.28955,0.9973646382367034,4174
200902,13,FSLR,FIRST SOLAR INC,91611,281.2378,0.9971250598945856,4174
200902,14,ZION,ZIONS BANCORPORATION N A,84129,280.66745,0.9968854815524677,4174
200902,15,STI,SUNTRUST BANKS INC,68144,276.63422,0.9966459032103497,4174
200902,16,DOW,DOW CHEMICAL CO,20626,274.5608,0.9964063248682319,4174
200902,17,PCLN,BOOKING HOLDINGS INC,86783,274.38718,0.996166746526114,4174
200902,18,BAC,BANK OF AMERICA CORP,59408,273.57306,0.9959271681839962,4174
200902,19,PVTB,PRIVATEBANCORP INC,87020,272.41547,0.9956875898418783,4174
200902,20,DFS,DISCOVER FINANCIAL SERVICES,92121,272.13452,0.9954480114997605,4174
200902,21,NVDA,NVIDIA CORP,86580,272.11414,0.9952084331576425,4174
200902,22,BIDU,BAIDU INC,90857,270.59866,0.9949688548155247,4174
200902,23,GS,GOLDMAN SACHS GROUP INC,86868,270.1234,0.9947292764734068,4174
200902,24,RATE,BANKRATE INC,86895,268.4035,0.994489698131289,4174
200902,25,APOL,APOLLO EDUCATION GROUP INC,81138,267.61865,0.9942501197891711,4174
200903,1,GM,GENERAL MOTORS CORP,12079,311.41965,1.0,4158
200903,2,JAVA,SUN MICROSYSTEMS INC,10078,310.50928,0.9997594997594997,4158
200903,3,UAUA,UNITED AIRLINES HOLDINGS INC,91103,308.34274,0.9995189995189995,4158
200903,4,APOL,APOLLO EDUCATION GROUP INC,81138,305.9272,0.9992784992784993,4158
200903,5,EBS,EMERGENT BIOSOLUTIONS INC,91571,305.05276,0.9990379990379991,4158
200903,6,HBC,H S B C HOLDINGS PLC,87033,299.55798,0.9987974987974988,4158
200903,7,AUY,YAMANA GOLD INC,89976,295.42883,0.9985569985569985,4158
200903,8,C,CITIGROUP INC,70519,295.14798,0.9983164983164983,4158
200903,9,NFLX,NETFLIX INC,89393,294.9418,0.9980759980759981,4158
200903,10,BIDU,BAIDU INC,90857,293.32843,0.9978354978354979,4158
200903,11,NITE,KNIGHT CAPITAL GROUP INC,87131,292.67145,0.9975949975949976,4158
200903,12,COF,CAPITAL ONE FINANCIAL CORP,81055,292.53735,0.9973544973544973,4158
200903,13,SOHU,SOHU COM INC,19675,291.7096,0.9971139971139971,4158
200903,14,GOOG,ALPHABET INC,90319,290.7366,0.9968734968734969,4158
200903,15,COCO,CORINTHIAN COLLEGES INC,86715,288.97403,0.9966329966329966,4158
200903,16,CECO,PERDOCEO EDUCATION CORP,85724,288.96857,0.9963924963924964,4158
200903,17,YHOO,YAHOO INC,83435,287.67233,0.9961519961519961,4158
200903,18,GME,GAMESTOP CORP NEW,89301,285.63995,0.9959114959114959,4158
200903,19,MOS,MOSAIC CO NEW,90386,284.20224,0.9956709956709957,4158
200903,20,CME,C M E GROUP INC,89626,283.28873,0.9954304954304954,4158
200903,21,SNDK,SANDISK CORP,82618,279.84445,0.9951899951899952,4158
200903,22,SWHC,SMITH & WESSON BRANDS INC,89606,279.83478,0.9949494949494949,4158
200903,23,FSLR,FIRST SOLAR INC,91611,278.84424,0.9947089947089947,4158
200903,24,STX,SEAGATE TECHNOLOGY HOLDINGS PLC,89641,278.7917,0.9944684944684945,4158
200903,25,AMED,AMEDISYS INC,80795,278.2469,0.9942279942279942,4158
200904,1,GM,GENERAL MOTORS CORP,12079,316.72568,1.0,4135
200904,2,BIDU,BAIDU INC,90857,313.83337,0.999758162031439,4135
200904,3,YHOO,YAHOO INC,83435,313.6496,0.9995163240628778,4135
200904,4,FSLR,FIRST SOLAR INC,91611,310.1,0.9992744860943168,4135
200904,5,C,CITIGROUP INC,70519,309.57916,0.9990326481257558,4135
200904,6,PCLN,BOOKING HOLDINGS INC,86783,308.8237,0.9987908101571947,4135
200904,7,EBS,EMERGENT BIOSOLUTIONS INC,91571,307.95215,0.9985489721886336,4135
200904,8,LPS,LENDER PROCESSING SERVICES INC,92697,296.80975,0.9983071342200726,4135
200904,9,F,FORD MOTOR CO DEL,25785,294.06415,0.9980652962515115,4135
200904,10,NFLX,NETFLIX INC,89393,293.97974,0.9978234582829504,4135
200904,11,CME,C M E GROUP INC,89626,292.86264,0.9975816203143894,4135
200904,12,AMZN,AMAZON COM INC,84788,291.93088,0.9973397823458283,4135
200904,13,LVS,LAS VEGAS SANDS CORP,90505,288.70898,0.9970979443772672,4135
200904,14,CECO,PERDOCEO EDUCATION CORP,85724,287.7658,0.9968561064087061,4135
200904,15,DNDN,DENDREON CORP,88335,287.63712,0.9966142684401451,4135
200904,16,GOOG,ALPHABET INC,90319,287.6125,0.9963724304715841,4135
200904,17,BBT,TRUIST FINANCIAL CORP,71563,285.78442,0.9961305925030229,4135
200904,18,JCG,J CREW GROUP INC,91302,285.47443,0.9958887545344619,4135
200904,19,NVDA,NVIDIA CORP,86580,285.0524,0.9956469165659009,4135
200904,20,MA,MASTERCARD INC,91233,284.37808,0.9954050785973397,4135
200904,21,RF,REGIONS FINANCIAL CORP NEW,35044,283.05988,0.9951632406287787,4135
200904,22,ISRG,INTUITIVE SURGICAL INC,88352,282.80502,0.9949214026602177,4135
200904,23,ETFC,E TRADE FINANCIAL CORP,83862,281.40906,0.9946795646916566,4135
200904,24,UAUA,UNITED AIRLINES HOLDINGS INC,91103,280.10516,0.9944377267230955,4135
200904,25,RIO,VALE S A,89330,277.43774,0.9941958887545345,4135
200905,1,GM,GENERAL MOTORS CORP,12079,316.1759,1.0,4192
200905,2,FIG,FORTRESS INVESTMENT GROUP L L C,91750,310.43567,0.9997614503816794,4192
200905,3,AMD,ADVANCED MICRO DEVICES INC,61241,308.90552,0.9995229007633588,4192
200905,4,FSLR,FIRST SOLAR INC,91611,306.13428,0.9992843511450382,4192
200905,5,F,FORD MOTOR CO DEL,25785,299.15433,0.9990458015267175,4192
200905,6,GNW,GENWORTH FINANCIAL INC,90162,299.0577,0.9988072519083969,4192
200905,7,WFMI,WHOLE FOODS MARKET INC,77281,295.8393,0.9985687022900763,4192
200905,8,YHOO,YAHOO INC,83435,295.0298,0.9983301526717557,4192
200905,9,CF,C F INDUSTRIES HOLDINGS INC,90829,294.1421,0.9980916030534351,4192
200905,10,RF,REGIONS FINANCIAL CORP NEW,35044,293.56247,0.9978530534351145,4192
200905,11,STI,SUNTRUST BANKS INC,68144,292.2487,0.9976145038167938,4192
200905,12,RIMM,BLACKBERRY LTD,86745,291.3027,0.9973759541984732,4192
200905,13,DELL,DELL INC,11081,288.0901,0.9971374045801527,4192
200905,14,CME,C M E GROUP INC,89626,286.7419,0.9968988549618321,4192
200905,15,PCLN,BOOKING HOLDINGS INC,86783,285.3487,0.9966603053435115,4192
200905,16,BBT,TRUIST FINANCIAL CORP,71563,282.95807,0.9964217557251909,4192
200905,17,C,CITIGROUP INC,70519,282.21875,0.9961832061068703,4192
200905,18,LVS,LAS VEGAS SANDS CORP,90505,282.0578,0.9959446564885496,4192
200905,19,CAL,CONTINENTAL AIRLINES INC,79641,281.51874,0.995706106870229,4192
200905,20,STP,SUNTECH POWER HOLDINGS CO LTD,91061,280.6599,0.9954675572519084,4192
200905,21,DRYS,DRYSHIPS INC,90589,279.44186,0.9952290076335878,4192
200905,22,YGE,YINGLI GREEN ENERGY HLDG CO LTD,92154,278.38107,0.9949904580152672,4192
200905,23,WYNN,WYNN RESORTS LTD,89533,277.9881,0.9947519083969466,4192
200905,24,ICE,INTERCONTINENTALEXCHANGE GRP INC,90993,277.94272,0.9945133587786259,4192
200905,25,PALM,PALM INC,87800,277.52957,0.9942748091603053,4192
200906,1,C,CITIGROUP INC,70519,331.4029,1.0,4210
200906,2,TIVO,TIVO INC,87255,329.74753,0.9997624703087886,4210
200906,3,RIMM,BLACKBERRY LTD,86745,324.25565,0.9995249406175772,4210
200906,4,FSLR,FIRST SOLAR INC,91611,320.40613,0.9992874109263657,4210
200906,5,STSI,ROCK CREEK PHARMACEUTICALS INC,87816,319.98163,0.9990498812351544,4210
200906,6,AMD,ADVANCED MICRO DEVICES INC,61241,319.56873,0.998812351543943,4210
200906,7,HUN,HUNTSMAN CORP,90558,315.30655,0.9985748218527316,4210
200906,8,PCX,PATRIOT COAL CORP,92346,306.9271,0.9983372921615202,4210
200906,9,CF,C F INDUSTRIES HOLDINGS INC,90829,303.30173,0.9980997624703087,4210
200906,10,STEC,S T E C INC,88646,300.1933,0.9978622327790974,4210
200906,11,FMCN,FOCUS MEDIA HOLDING LTD,90810,299.20367,0.997624703087886,4210
200906,12,BIDU,BAIDU INC,90857,295.80603,0.9973871733966746,4210
200906,13,PALM,PALM INC,87800,291.89975,0.9971496437054632,4210
200906,14,WNR,WESTERN REFINING INC,91073,285.75412,0.9969121140142517,4210
200906,15,FEED,AGFEED INDUSTRIES INC,92216,285.68488,0.9966745843230403,4210
200906,16,IPI,INTREPID POTASH INC,92621,285.26007,0.996437054631829,4210
200906,17,SVNT,SAVIENT PHARMACEUTICALS INC,18033,285.02036,0.9961995249406176,4210
200906,18,GOOG,ALPHABET INC,90319,284.33636,0.9959619952494062,4210
200906,19,ICE,INTERCONTINENTALEXCHANGE GRP INC,90993,283.07056,0.9957244655581948,4210
200906,20,AUY,YAMANA GOLD INC,89976,281.98798,0.9954869358669833,4210
200906,21,FIG,FORTRESS INVESTMENT GROUP L L C,91750,281.83615,0.995249406175772,4210
200906,22,SQNM,SEQUENOM INC,87632,281.09918,0.9950118764845606,4210
200906,23,JCG,J CREW GROUP INC,91302,280.3112,0.9947743467933492,4210
200906,24,CX,CEMEX S A B DE C V,87204,280.22406,0.9945368171021378,4210
200906,25,MOS,MOSAIC CO NEW,90386,280.05258,0.9942992874109263,4210
200907,1,C,CITIGROUP INC,70519,323.5447,1.0,4161
200907,2,CIT,C I T GROUP INC NEW,89463,319.2021,0.9997596731554914,4161
200907,3,SQNM,SEQUENOM INC,87632,312.5433,0.9995193463109829,4161
200907,4,RVBD,RIVERBED TECHNOLOGY INC,91485,311.83734,0.9992790194664743,4161
200907,5,ICE,INTERCONTINENTALEXCHANGE GRP INC,90993,310.3441,0.9990386926219659,4161
200907,6,HNT,HEALTH NET INC,76697,307.73917,0.9987983657774573,4161
200907,7,BDSI,BIODELIVERY SCIENCES INTL INC,89445,306.9733,0.9985580389329488,4161
200907,8,NFLX,NETFLIX INC,89393,301.88678,0.9983177120884402,4161
200907,9,WFMI,WHOLE FOODS MARKET INC,77281,300.76343,0.9980773852439317,4161
200907,10,FSLR,FIRST SOLAR INC,91611,300.31793,0.9978370583994232,4161
200907,11,CVLT,COMMVAULT SYSTEMS INC,91463,299.432,0.9975967315549147,4161
200907,12,CME,C M E GROUP INC,89626,298.6527,0.9973564047104061,4161
200907,13,YHOO,YAHOO INC,83435,297.5739,0.9971160778658976,4161
200907,14,STEC,S T E C INC,88646,294.3093,0.996875751021389,4161
200907,15,TIVO,TIVO INC,87255,293.61926,0.9966354241768806,4161
200907,16,STAR,STARENT NETWORKS CORP,92104,293.3425,0.996395097332372,4161
200907,17,BRCD,BROCADE COMMUNICATIONS SYS INC,86881,292.00842,0.9961547704878635,4161
200907,18,NVDA,NVIDIA CORP,86580,291.59802,0.9959144436433549,4161
200907,19,PALM,PALM INC,87800,288.50995,0.9956741167988464,4161
200907,20,GME,GAMESTOP CORP NEW,89301,287.95288,0.9954337899543378,4161
200907,21,USU,CENTRUS ENERGY CORP,86233,285.80435,0.9951934631098294,4161
200907,22,CECO,PERDOCEO EDUCATION CORP,85724,285.51895,0.9949531362653208,4161
200907,23,VMW,VMWARE INC,92257,284.21237,0.9947128094208123,4161
200907,24,SNDK,SANDISK CORP,82618,283.67175,0.9944724825763037,4161
200907,25,ACOR,ACORDA THERAPEUTICS INC,91086,282.46506,0.9942321557317952,4161
200908,1,AXL,AMERICAN AXLE & MFG HLGDS INC,86547,356.57056,1.0,4176
200908,2,HURN,HURON CONSULTING GROUP INC,90409,333.893,0.9997605363984674,4176
200908,3,PALM,PALM INC,87800,318.35068,0.9995210727969349,4176
200908,4,CIT,C I T GROUP INC NEW,89463,318.22147,0.9992816091954023,4176
200908,5,FSLR,FIRST SOLAR INC,91611,317.03006,0.9990421455938697,4176
200908,6,CIEN,CIENA CORP,84519,309.78287,0.9988026819923371,4176
200908,7,STEC,S T E C INC,88646,307.62012,0.9985632183908046,4176
200908,8,BRCD,BROCADE COMMUNICATIONS SYS INC,86881,303.8902,0.998323754789272,4176
200908,9,CROX,CROCS INC,91090,303.68253,0.9980842911877394,4176
200908,10,SQNM,SEQUENOM INC,87632,298.336,0.9978448275862069,4176
200908,11,STP,SUNTECH POWER HOLDINGS CO LTD,91061,297.43793,0.9976053639846744,4176
200908,12,MRVL,MARVELL TECHNOLOGY INC,88360,297.3029,0.9973659003831418,4176
200908,13,IDCC,INTERDIGITAL INC,45306,295.62018,0.9971264367816092,4176
200908,14,RVBD,RIVERBED TECHNOLOGY INC,91485,291.99368,0.9968869731800766,4176
200908,15,GME,GAMESTOP CORP NEW,89301,291.90616,0.9966475095785441,4176
200908,16,BIDU,BAIDU INC,90857,290.03516,0.9964080459770115,4176
200908,17,TIVO,TIVO INC,87255,288.37637,0.9961685823754789,4176
200908,18,GERN,GERON CORP,83756,288.18857,0.9959291187739464,4176
200908,19,DELL,DELL INC,11081,286.46472,0.9956896551724138,4176
200908,20,BCRX,BIOCRYST PHARMACEUTICALS INC,80306,285.6845,0.9954501915708812,4176
200908,21,ICE,INTERCONTINENTALEXCHANGE GRP INC,90993,285.62964,0.9952107279693486,4176
200908,22,F,FORD MOTOR CO DEL,25785,284.00262,0.9949712643678161,4176
200908,23,BKS,BARNES & NOBLE INC,79667,283.98276,0.9947318007662835,4176
200908,24,HOTT,HOT TOPIC INC,83939,280.22702,0.9944923371647509,4176
200908,25,ARST,ARCSIGHT INC,92552,279.6541,0.9942528735632183,4176
200909,1,PCX,PATRIOT COAL CORP,92346,337.50867,1.0,4174
200909,2,PALM,PALM INC,87800,334.1155,0.9997604216578821,4174
200909,3,STEC,S T E C INC,88646,331.72534,0.9995208433157643,4174
200909,4,BCRX,BIOCRYST PHARMACEUTICALS INC,80306,331.66473,0.9992812649736463,4174
200909,5,ARNA,ARENA PHARMACEUTICALS INC,88421,331.58835,0.9990416866315285,4174
200909,6,SVA,SINOVAC BIOTECH LTD,90517,324.6571,0.9988021082894106,4174
200909,7,LCC,U S AIRWAYS GROUP INC NEW,90893,314.90283,0.9985625299472928,4174
200909,8,OSIR,OSIRIS THERAPEUTICS INC NEW,91434,306.57648,0.9983229516051749,4174
200909,9,UAUA,UNITED AIRLINES HOLDINGS INC,91103,305.21667,0.9980833732630571,4174
200909,10,DAL,DELTA AIR LINES INC,91926,304.4348,0.9978437949209391,4174
200909,11,SQNM,SEQUENOM INC,87632,302.23267,0.9976042165788213,4174
200909,12,FSLR,FIRST SOLAR INC,91611,301.0346,0.9973646382367034,4174
200909,13,CIT,C I T GROUP INC NEW,89463,298.99344,0.9971250598945856,4174
200909,14,CROX,CROCS INC,91090,298.57394,0.9968854815524677,4174
200909,15,DNDN,DENDREON CORP,88335,296.02118,0.9966459032103497,4174
200909,16,EK,EASTMAN KODAK CO,11754,295.5563,0.9964063248682319,4174
200909,17,AMD,ADVANCED MICRO DEVICES INC,61241,294.4125,0.996166746526114,4174
200909,18,AXL,AMERICAN AXLE & MFG HLGDS INC,86547,293.65143,0.9959271681839962,4174
200909,19,GOOG,ALPHABET INC,90319,290.56927,0.9956875898418783,4174
200909,20,SD,SANDRIDGE ENERGY INC,92421,289.86844,0.9954480114997605,4174
200909,21,BIDU,BAIDU INC,90857,289.67004,0.9952084331576425,4174
200909,22,FRE,FEDERAL HOME LOAN MORTGAGE CORP,75789,286.38358,0.9949688548155247,4174
200909,23,AUXL,AUXILIUM PHARMACEUTICALS,90275,286.28137,0.9947292764734068,4174
200909,24,AUY,YAMANA GOLD INC,89976,285.90912,0.994489698131289,4174
200909,25,MOS,MOSAIC CO NEW,90386,285.7037,0.9942501197891711,4174
200910,1,STEC,S T E C INC,88646,323.6697,1.0,4143
200910,2,AUY,YAMANA GOLD INC,89976,321.83783,0.9997586290127927,4143
200910,3,FSLR,FIRST SOLAR INC,91611,318.12643,0.9995172580255853,4143
200910,4,AMD,ADVANCED MICRO DEVICES INC,61241,315.0154,0.999275887038378,4143
200910,5,PALM,PALM INC,87800,314.42932,0.9990345160511707,4143
200910,6,BRCD,BROCADE COMMUNICATIONS SYS INC,86881,305.4693,0.9987931450639633,4143
200910,7,CECO,PERDOCEO EDUCATION CORP,85724,301.2716,0.998551774076756,4143
200910,8,RVBD,RIVERBED TECHNOLOGY INC,91485,300.69452,0.9983104030895487,4143
200910,9,CIT,C I T GROUP INC NEW,89463,298.16028,0.9980690321023413,4143
200910,10,ICE,INTERCONTINENTALEXCHANGE GRP INC,90993,296.72012,0.997827661115134,4143
200910,11,LVS,LAS VEGAS SANDS CORP,90505,293.3023,0.9975862901279267,4143
200910,12,PCLN,BOOKING HOLDINGS INC,86783,292.6019,0.9973449191407193,4143
200910,13,BIDU,BAIDU INC,90857,291.47748,0.997103548153512,4143
200910,14,GOOG,ALPHABET INC,90319,291.09915,0.9968621771663047,4143
200910,15,ASIA,ASIAINFO LINKAGE INC,87752,291.00842,0.9966208061790973,4143
200910,16,AKAM,AKAMAI TECHNOLOGIES INC,87299,290.9255,0.99637943519189,4143
200910,17,SD,SANDRIDGE ENERGY INC,92421,287.50943,0.9961380642046826,4143
200910,18,UAUA,UNITED AIRLINES HOLDINGS INC,91103,287.1238,0.9958966932174752,4143
200910,19,GME,GAMESTOP CORP NEW,89301,286.42865,0.9956553222302679,4143
200910,20,CME,C M E GROUP INC,89626,285.34753,0.9954139512430605,4143
200910,21,ESI,I T T EDUCATIONAL SERVICES INC,81128,284.91696,0.9951725802558532,4143
200910,22,ISRG,INTUITIVE SURGICAL INC,88352,284.7776,0.9949312092686459,4143
200910,23,VLO,VALERO ENERGY CORP NEW,85269,283.79907,0.9946898382814385,4143
200910,24,COCO,CORINTHIAN COLLEGES INC,86715,283.59152,0.9944484672942312,4143
200910,25,CROX,CROCS INC,91090,282.5605,0.9942070963070239,4143
200911,1,AUY,YAMANA GOLD INC,89976,345.62305,1.0,4139
200911,2,FSLR,FIRST SOLAR INC,91611,316.97156,0.9997583957477651,4139
200911,3,STEC,S T E C INC,88646,314.2273,0.9995167914955303,4139
200911,4,CF,C F INDUSTRIES HOLDINGS INC,90829,313.0778,0.9992751872432954,4139
200911,5,PALM,PALM INC,87800,304.7066,0.9990335829910606,4139
200911,6,PCS,T MOBILE U S INC,91937,299.9096,0.9987919787388259,4139
200911,7,MOS,MOSAIC CO NEW,90386,298.25403,0.998550374486591,4139
200911,8,ARO,AEROPOSTALE INC,89399,296.42676,0.9983087702343562,4139
200911,9,MJN,MEAD JOHNSON NUTRITION CO,92890,294.21786,0.9980671659821213,4139
200911,10,DELL,DELL INC,11081,294.03488,0.9978255617298865,4139
200911,11,SLW,WHEATON PRECIOUS METALS CORP,90796,291.7547,0.9975839574776516,4139
200911,12,PCX,PATRIOT COAL CORP,92346,291.6543,0.9973423532254168,4139
200911,13,MXIM,MAXIM INTEGRATED PRODUCTS INC,11896,289.00537,0.9971007489731819,4139
200911,14,AMD,ADVANCED MICRO DEVICES INC,61241,288.39975,0.996859144720947,4139
200911,15,VVUS,VIVUS INC,80485,284.87775,0.9966175404687122,4139
200911,16,CGA,ENLIGHTIFY INC,92897,283.29376,0.9963759362164775,4139
200911,17,GME,GAMESTOP CORP NEW,89301,280.99432,0.9961343319642426,4139
200911,18,PARD,PONIARD PHARMACEUTICALS INC,12063,280.6809,0.9958927277120078,4139
200911,19,CML,COMPELLENT TECHNOLOGIES INC,92330,278.5847,0.9956511234597729,4139
200911,20,STP,SUNTECH POWER HOLDINGS CO LTD,91061,277.36026,0.9954095192075381,4139
200911,21,BIDU,BAIDU INC,90857,276.8412,0.9951679149553032,4139
200911,22,WSM,WILLIAMS SONOMA INC,83011,276.5031,0.9949263107030684,4139
200911,23,MRVL,MARVELL TECHNOLOGY INC,88360,276.20746,0.9946847064508335,4139
200911,24,DHI,D R HORTON INC,77661,276.0051,0.9944431021985987,4139
200911,25,CRM,SALESFORCE INC,90215,275.92783,0.9942014979463638,4139
200912,1,PALM,PALM INC,87800,336.15665,1.0,4167
200912,2,MJN,MEAD JOHNSON NUTRITION CO,92890,329.4674,0.9997600191984641,4167
200912,3,AUY,YAMANA GOLD INC,89976,324.9178,0.9995200383969283,4167
200912,4,SLW,WHEATON PRECIOUS METALS CORP,90796,324.34216,0.9992800575953924,4167
200912,5,DAN,DANA INC,92570,319.09274,0.9990400767938565,4167
200912,6,DAL,DELTA AIR LINES INC,91926,310.59482,0.9988000959923207,4167
200912,7,UAUA,UNITED AIRLINES HOLDINGS INC,91103,305.21533,0.9985601151907847,4167
200912,8,FSLR,FIRST SOLAR INC,91611,302.61823,0.9983201343892488,4167
200912,9,TRA,TERRA INDUSTRIES INC,65293,299.84622,0.998080153587713,4167
200912,10,CECO,PERDOCEO EDUCATION CORP,85724,299.46942,0.9978401727861771,4167
200912,11,COCO,CORINTHIAN COLLEGES INC,86715,297.61215,0.9976001919846412,4167
200912,12,NFLX,NETFLIX INC,89393,293.6461,0.9973602111831054,4167
200912,13,SQNM,SEQUENOM INC,87632,292.61102,0.9971202303815695,4167
200912,14,RIMM,BLACKBERRY LTD,86745,292.3284,0.9968802495800336,4167
200912,15,BMY,BRISTOL MYERS SQUIBB CO,19393,291.98322,0.9966402687784978,4167
200912,16,CGA,ENLIGHTIFY INC,92897,291.0165,0.9964002879769619,4167
200912,17,SEED,ORIGIN AGRITECH LTD,90976,289.98294,0.9961603071754259,4167
200912,18,APOL,APOLLO EDUCATION GROUP INC,81138,289.814,0.99592032637389,4167
200912,19,GOOG,ALPHABET INC,90319,289.19012,0.9956803455723542,4167
200912,20,AONE,A123 SYSTEMS INC,93037,288.68607,0.9954403647708183,4167
200912,21,IAG,IAMGOLD CORP,89630,288.54263,0.9952003839692825,4167
200912,22,IPI,INTREPID POTASH INC,92621,288.41608,0.9949604031677466,4167
200912,23,NVDA,NVIDIA CORP,86580,288.36084,0.9947204223662107,4167
200912,24,JAVA,SUN MICROSYSTEMS INC,10078,287.64304,0.9944804415646749,4167
200912,25,BIDU,BAIDU INC,90857,287.5892,0.994240460763139,4167
201001,1,FSLR,FIRST SOLAR INC,91611,340.58853,1.0,4120
201001,2,NVDA,NVIDIA CORP,86580,332.3832,0.999757281553398,4120
201001,3,PCX,PATRIOT COAL CORP,92346,327.34775,0.9995145631067961,4120
201001,4,AMD,ADVANCED MICRO DEVICES INC,61241,326.29224,0.9992718446601941,4120
201001,5,GOOG,ALPHABET INC,90319,324.1773,0.9990291262135922,4120
201001,6,UAUA,UNITED AIRLINES HOLDINGS INC,91103,309.50858,0.9987864077669902,4120
201001,7,DAL,DELTA AIR LINES INC,91926,308.05286,0.9985436893203884,4120
201001,8,PCLN,BOOKING HOLDINGS INC,86783,306.30698,0.9983009708737864,4120
201001,9,PALM,PALM INC,87800,305.6911,0.9980582524271845,4120
201001,10,AUY,YAMANA GOLD INC,89976,305.40918,0.9978155339805825,4120
201001,11,SLW,WHEATON PRECIOUS METALS CORP,90796,299.95096,0.9975728155339806,4120
201001,12,AMZN,AMAZON COM INC,84788,298.32855,0.9973300970873786,4120
201001,13,BIDU,BAIDU INC,90857,296.62085,0.9970873786407767,4120
201001,14,ICE,INTERCONTINENTALEXCHANGE GRP INC,90993,296.44986,0.9968446601941747,4120
201001,15,STEC,S T E C INC,88646,290.88437,0.9966019417475728,4120
201001,16,STP,SUNTECH POWER HOLDINGS CO LTD,91061,290.75897,0.9963592233009708,4120
201001,17,MMR,MCMORAN EXPLORATION CO NEW,80557,290.64542,0.996116504854369,4120
201001,18,AONE,A123 SYSTEMS INC,93037,289.29034,0.995873786407767,4120
201001,19,CECO,PERDOCEO EDUCATION CORP,85724,288.5194,0.9956310679611651,4120
201001,20,MELI,MERCADOLIBRE INC,92221,285.7682,0.9953883495145631,4120
201001,21,LCC,U S AIRWAYS GROUP INC NEW,90893,283.84277,0.9951456310679612,4120
201001,22,SHLD,SEARS HOLDINGS CORP,89757,283.46838,0.9949029126213592,4120
201001,23,ILMN,ILLUMINA INC,88446,283.2304,0.9946601941747573,4120
201001,24,CMG,CHIPOTLE MEXICAN GRILL INC,91068,282.47092,0.9944174757281553,4120
201001,25,AKAM,AKAMAI TECHNOLOGIES INC,87299,280.94037,0.9941747572815534,4120
201002,1,PALM,PALM INC,87800,347.16537,1.0,4136
201002,2,FSLR,FIRST SOLAR INC,91611,328.9109,0.9997582205029013,4136
201002,3,STEC,S T E C INC,88646,316.19247,0.9995164410058027,4136
201002,4,XNPT,XENOPORT INC,90748,307.41806,0.999274661508704,4136
201002,5,NVDA,NVIDIA CORP,86580,304.62387,0.9990328820116054,4136
201002,6,SQNM,SEQUENOM INC,87632,300.49966,0.9987911025145068,4136
201002,7,WFMI,WHOLE FOODS MARKET INC,77281,296.8514,0.9985493230174082,4136
201002,8,ATVI,ACTIVISION BLIZZARD INC,79678,292.61368,0.9983075435203095,4136
201002,9,CF,C F INDUSTRIES HOLDINGS INC,90829,289.06293,0.9980657640232108,4136
201002,10,DELL,DELL INC,11081,286.3814,0.9978239845261122,4136
201002,11,STP,SUNTECH POWER HOLDINGS CO LTD,91061,286.2867,0.9975822050290135,4136
201002,12,CML,COMPELLENT TECHNOLOGIES INC,92330,286.22003,0.9973404255319149,4136
201002,13,UAUA,UNITED AIRLINES HOLDINGS INC,91103,286.05725,0.9970986460348162,4136
201002,14,AUY,YAMANA GOLD INC,89976,285.72433,0.9968568665377177,4136
201002,15,BIDU,BAIDU INC,90857,284.59055,0.996615087040619,4136
201002,16,GOOG,ALPHABET INC,90319,282.1975,0.9963733075435203,4136
201002,17,PCX,PATRIOT COAL CORP,92346,281.70197,0.9961315280464217,4136
201002,18,PCLN,BOOKING HOLDINGS INC,86783,280.6433,0.995889748549323,4136
201002,19,LVS,LAS VEGAS SANDS CORP,90505,280.1438,0.9956479690522244,4136
201002,20,HUN,HUNTSMAN CORP,90558,279.27823,0.9954061895551257,4136
201002,21,KCI,KINETIC CONCEPTS INC,90044,275.9654,0.995164410058027,4136
201002,22,COCO,CORINTHIAN COLLEGES INC,86715,275.38318,0.9949226305609284,4136
201002,23,WFR,SUNEDISON INC,81776,274.85852,0.9946808510638298,4136
201002,24,ISRG,INTUITIVE SURGICAL INC,88352,273.29306,0.9944390715667312,4136
201002,25,GRMN,GARMIN LTD,88837,273.2652,0.9941972920696325,4136
201003,1,PALM,PALM INC,87800,383.47824,1.0,4132
201003,2,SQNM,SEQUENOM INC,87632,358.39008,0.999757986447241,4132
201003,3,CF,C F INDUSTRIES HOLDINGS INC,90829,324.0862,0.9995159728944821,4132
201003,4,STEC,S T E C INC,88646,314.26,0.9992739593417231,4132
201003,5,BIDU,BAIDU INC,90857,313.0921,0.9990319457889641,4132
201003,6,FUQI,FUQI INTERNATIONAL INC,92306,312.53622,0.9987899322362053,4132
201003,7,GOOG,ALPHABET INC,90319,310.0085,0.9985479186834463,4132
201003,8,MDVN,MEDIVATION INC,91141,309.89542,0.9983059051306873,4132
201003,9,RIMM,BLACKBERRY LTD,86745,308.74054,0.9980638915779284,4132
201003,10,SPWRA,SUNPOWER CORP,90978,303.20456,0.9978218780251694,4132
201003,11,ISRG,INTUITIVE SURGICAL INC,88352,301.53088,0.9975798644724104,4132
201003,12,PCX,PATRIOT COAL CORP,92346,300.42072,0.9973378509196515,4132
201003,13,MNKD,MANNKIND CORP,90285,299.447,0.9970958373668926,4132
201003,14,AUY,YAMANA GOLD INC,89976,298.78363,0.9968538238141336,4132
201003,15,UAUA,UNITED AIRLINES HOLDINGS INC,91103,295.66754,0.9966118102613747,4132
201003,16,AMR,AMERICAN AIRLINES GROUP INC,21020,292.45178,0.9963697967086157,4132
201003,17,ATHN,ATHENAHEALTH INC,92296,290.26895,0.9961277831558567,4132
201003,18,DAL,DELTA AIR LINES INC,91926,288.58188,0.9958857696030978,4132
201003,19,SLW,WHEATON PRECIOUS METALS CORP,90796,287.61978,0.9956437560503388,4132
201003,20,LCC,U S AIRWAYS GROUP INC NEW,90893,287.59787,0.9954017424975798,4132
201003,21,DPS,DR PEPPER SNAPPLE GROUP INC,92618,285.5912,0.995159728944821,4132
201003,22,AMLN,AMYLIN PHARMACEUTICALS INC,77264,283.9629,0.994917715392062,4132
201003,23,GME,GAMESTOP CORP NEW,89301,283.96252,0.994675701839303,4132
201003,24,POT,NUTRIEN LTD,75844,283.59045,0.994433688286544,4132
201003,25,FSLR,FIRST SOLAR INC,91611,283.38916,0.9941916747337851,4132
201004,1,ABK,AMBAC FINANCIAL GROUP INC,76757,343.99484,1.0,4134
201004,2,PALM,PALM INC,87800,329.17743,0.9997581035316885,4134
201004,3,MBI,M B I A INC,75175,318.99188,0.9995162070633768,4134
201004,4,STEC,S T E C INC,88646,318.61578,0.9992743105950653,4134
201004,5,FSLR,FIRST SOLAR INC,91611,313.97153,0.9990324141267537,4134
201004,6,BIDU,BAIDU INC,90857,313.8327,0.9987905176584422,4134
201004,7,SQNM,SEQUENOM INC,87632,312.54752,0.9985486211901307,4134
201004,8,PCLN,BOOKING HOLDINGS INC,86783,307.51874,0.998306724721819,4134
201004,9,GOOG,ALPHABET INC,90319,301.13754,0.9980648282535075,4134
201004,10,F,FORD MOTOR CO DEL,25785,300.30615,0.997822931785196,4134
201004,11,CAGC,CHINA AGRITECH INC,93038,299.98203,0.9975810353168844,4134
201004,12,AMR,AMERICAN AIRLINES GROUP INC,21020,299.35294,0.9973391388485728,4134
201004,13,CROX,CROCS INC,91090,298.05038,0.9970972423802612,4134
201004,14,UAUA,UNITED AIRLINES HOLDINGS INC,91103,296.4794,0.9968553459119497,4134
201004,15,AMZN,AMAZON COM INC,84788,296.29163,0.9966134494436382,4134
201004,16,ISRG,INTUITIVE SURGICAL INC,88352,294.45053,0.9963715529753265,4134
201004,17,AMD,ADVANCED MICRO DEVICES INC,61241,293.73282,0.996129656507015,4134
201004,18,NVDA,NVIDIA CORP,86580,292.85892,0.9958877600387034,4134
201004,19,GME,GAMESTOP CORP NEW,89301,289.70728,0.9956458635703919,4134
201004,20,EK,EASTMAN KODAK CO,11754,288.68533,0.9954039671020803,4134
201004,21,VALE,VALE S A,89330,288.32422,0.9951620706337687,4134
201004,22,CML,COMPELLENT TECHNOLOGIES INC,92330,286.01215,0.9949201741654572,4134
201004,23,TIE,TITANIUM METALS CORP,83699,285.11182,0.9946782776971457,4134
201004,24,AUY,YAMANA GOLD INC,89976,285.0069,0.994436381228834,4134
201004,25,DELL,DELL INC,11081,283.9151,0.9941944847605225,4134
201005,1,AUY,YAMANA GOLD INC,89976,328.51202,1.0,4179
201005,2,TIVO,TIVO INC,87255,322.73364,0.9997607083034219,4179
201005,3,DELL,DELL INC,11081,316.11792,0.9995214166068438,4179
201005,4,MA,MASTERCARD INC,91233,307.97885,0.9992821249102656,4179
201005,5,FSLR,FIRST SOLAR INC,91611,306.85257,0.9990428332136875,4179
201005,6,BIDU,BAIDU INC,90857,295.37405,0.9988035415171094,4179
201005,7,MBI,M B I A INC,75175,291.8861,0.9985642498205313,4179
201005,8,PCX,PATRIOT COAL CORP,92346,288.4008,0.998324958123953,4179
201005,9,STEC,S T E C INC,88646,286.59097,0.998085666427375,4179
201005,10,V,VISA INC,92611,286.24753,0.9978463747307968,4179
201005,11,ABK,AMBAC FINANCIAL GROUP INC,76757,285.64197,0.9976070830342187,4179
201005,12,DNDN,DENDREON CORP,88335,285.5436,0.9973677913376405,4179
201005,13,MON,MONSANTO CO NEW,88668,285.44278,0.9971284996410624,4179
201005,14,BEE,STRATEGIC HOTELS & RESORTS INC,90217,280.86008,0.9968892079444843,4179
201005,15,NFLX,NETFLIX INC,89393,280.07028,0.9966499162479062,4179
201005,16,ANF,ABERCROMBIE & FITCH CO,83976,279.4024,0.9964106245513281,4179
201005,17,APOL,APOLLO EDUCATION GROUP INC,81138,278.0508,0.9961713328547499,4179
201005,18,MRVL,MARVELL TECHNOLOGY INC,88360,276.96844,0.9959320411581718,4179
201005,19,GOOG,ALPHABET INC,90319,276.96384,0.9956927494615937,4179
201005,20,F,FORD MOTOR CO DEL,25785,276.84247,0.9954534577650156,4179
201005,21,CIT,C I T GROUP INC NEW,93150,275.64508,0.9952141660684374,4179
201005,22,VVUS,VIVUS INC,80485,275.4978,0.9949748743718593,4179
201005,23,SLW,WHEATON PRECIOUS METALS CORP,90796,274.7021,0.9947355826752812,4179
201005,24,PCS,T MOBILE U S INC,91937,273.97287,0.9944962909787031,4179
201005,25,SQNM,SEQUENOM INC,87632,273.3828,0.994256999282125,4179
201006,1,BIDU,BAIDU INC,90857,310.64212,1.0,4172
201006,2,AUY,YAMANA GOLD INC,89976,298.17935,0.9997603068072867,4172
201006,3,APOL,APOLLO EDUCATION GROUP INC,81138,296.3424,0.9995206136145733,4172
201006,4,FSLR,FIRST SOLAR INC,91611,295.21646,0.99928092042186,4172
201006,5,PCX,PATRIOT COAL CORP,92346,293.46765,0.9990412272291467,4172
201006,6,SNWL,SONICWALL INC,87419,290.97446,0.9988015340364333,4172
201006,7,MRVL,MARVELL TECHNOLOGY INC,88360,287.9516,0.99856184084372,4172
201006,8,AFFY,AFFYMAX INC,91657,286.20273,0.9983221476510067,4172
201006,9,DNDN,DENDREON CORP,88335,283.9173,0.9980824544582934,4172
201006,10,LCC,U S AIRWAYS GROUP INC NEW,90893,282.8443,0.99784276126558,4172
201006,11,NFLX,NETFLIX INC,89393,279.87308,0.9976030680728667,4172
201006,12,SLW,WHEATON PRECIOUS METALS CORP,90796,279.2963,0.9973633748801534,4172
201006,13,CIM,CHIMERA INVESTMENT CORP,92385,278.13336,0.99712368168744,4172
201006,14,CMG,CHIPOTLE MEXICAN GRILL INC,91068,277.57318,0.9968839884947267,4172
201006,15,CECO,PERDOCEO EDUCATION CORP,85724,276.48184,0.9966442953020134,4172
201006,16,BP,B P PLC,29890,275.2468,0.9964046021093,4172
201006,17,CRUS,CIRRUS LOGIC INC,75603,274.3469,0.9961649089165868,4172
201006,18,GOOG,ALPHABET INC,90319,274.27277,0.9959252157238735,4172
201006,19,RAX,RACKSPACE HOSTING INC,92765,272.9136,0.9956855225311602,4172
201006,20,RIMM,BLACKBERRY LTD,86745,271.97784,0.9954458293384468,4172
201006,21,DELL,DELL INC,11081,271.5337,0.9952061361457335,4172
201006,22,GOLD,RANDGOLD RESOURCES LTD,89454,270.72577,0.9949664429530202,4172
201006,23,DAL,DELTA AIR LINES INC,91926,270.44666,0.9947267497603068,4172
201006,24,AAPL,APPLE INC,14593,269.21686,0.9944870565675935,4172
201006,25,STEC,S T E C INC,88646,268.69745,0.9942473633748802,4172
201007,1,VVUS,VIVUS INC,80485,325.2446,1.0,4134
201007,2,YHOO,YAHOO INC,83435,309.20633,0.9997581035316885,4134
201007,3,AKAM,AKAMAI TECHNOLOGIES INC,87299,306.74133,0.9995162070633768,4134
201007,4,FSLR,FIRST SOLAR INC,91611,304.87122,0.9992743105950653,4134
201007,5,ARNA,ARENA PHARMACEUTICALS INC,88421,301.26932,0.9990324141267537,4134
201007,6,STEC,S T E C INC,88646,296.047,0.9987905176584422,4134
201007,7,NFLX,NETFLIX INC,89393,294.14862,0.9985486211901307,4134
201007,8,AMD,ADVANCED MICRO DEVICES INC,61241,290.75156,0.998306724721819,4134
201007,9,AMZN,AMAZON COM INC,84788,290.65695,0.9980648282535075,4134
201007,10,NVDA,NVIDIA CORP,86580,290.59515,0.997822931785196,4134
201007,11,AUY,YAMANA GOLD INC,89976,288.9742,0.9975810353168844,4134
201007,12,VMW,VMWARE INC,92257,283.4424,0.9973391388485728,4134
201007,13,PCX,PATRIOT COAL CORP,92346,283.39758,0.9970972423802612,4134
201007,14,MOS,MOSAIC CO NEW,90386,282.7654,0.9968553459119497,4134
201007,15,SXCI,CATAMARAN CORP,91367,280.71393,0.9966134494436382,4134
201007,16,PCLN,BOOKING HOLDINGS INC,86783,280.55194,0.9963715529753265,4134
201007,17,BIDU,BAIDU INC,90857,280.4797,0.996129656507015,4134
201007,18,SQNM,SEQUENOM INC,87632,279.64957,0.9958877600387034,4134
201007,19,DAL,DELTA AIR LINES INC,91926,278.38525,0.9956458635703919,4134
201007,20,F,FORD MOTOR CO DEL,25785,277.95758,0.9954039671020803,4134
201007,21,ANH,ANWORTH MORTGAGE ASSET CORP,85897,277.83524,0.9951620706337687,4134
201007,22,SD,SANDRIDGE ENERGY INC,92421,277.29688,0.9949201741654572,4134
201007,23,AMED,AMEDISYS INC,80795,276.65408,0.9946782776971457,4134
201007,24,MRVL,MARVELL TECHNOLOGY INC,88360,274.7616,0.994436381228834,4134
201007,25,CECO,PERDOCEO EDUCATION CORP,85724,274.39447,0.9941944847605225,4134
201008,1,MNTA,MOMENTA PHARMACEUTICALS INC,90233,320.46732,1.0,4125
201008,2,STRA,STRATEGIC EDUCATION INC,83799,299.7221,0.9997575757575757,4125
201008,3,MRVL,MARVELL TECHNOLOGY INC,88360,298.72092,0.9995151515151515,4125
201008,4,MXIM,MAXIM INTEGRATED PRODUCTS INC,11896,296.25284,0.9992727272727273,4125
201008,5,DELL,DELL INC,11081,293.20126,0.999030303030303,4125
201008,6,COCO,CORINTHIAN COLLEGES INC,86715,292.89236,0.9987878787878788,4125
201008,7,SD,SANDRIDGE ENERGY INC,92421,292.5904,0.9985454545454545,4125
201008,8,CRUS,CIRRUS LOGIC INC,75603,288.7166,0.9983030303030302,4125
201008,9,LCC,U S AIRWAYS GROUP INC NEW,90893,288.44797,0.9980606060606061,4125
201008,10,NFLX,NETFLIX INC,89393,284.56775,0.9978181818181818,4125
201008,11,ARNA,ARENA PHARMACEUTICALS INC,88421,284.0907,0.9975757575757576,4125
201008,12,HUN,HUNTSMAN CORP,90558,282.93967,0.9973333333333333,4125
201008,13,CRM,SALESFORCE INC,90215,282.91333,0.9970909090909091,4125
201008,14,F,FORD MOTOR CO DEL,25785,281.15057,0.9968484848484849,4125
201008,15,APOL,APOLLO EDUCATION GROUP INC,81138,280.3175,0.9966060606060606,4125
201008,16,ESI,I T T EDUCATIONAL SERVICES INC,81128,280.31467,0.9963636363636363,4125
201008,17,JAZZ,JAZZ PHARMACEUTICALS PLC,92096,279.27548,0.9961212121212121,4125
201008,18,RIMM,BLACKBERRY LTD,86745,278.8567,0.9958787878787879,4125
201008,19,IPI,INTREPID POTASH INC,92621,277.8843,0.9956363636363637,4125
201008,20,VMW,VMWARE INC,92257,277.42514,0.9953939393939394,4125
201008,21,RVBD,RIVERBED TECHNOLOGY INC,91485,276.55295,0.9951515151515151,4125
201008,22,FSLR,FIRST SOLAR INC,91611,276.0373,0.9949090909090909,4125
201008,23,BIDU,BAIDU INC,90857,275.99738,0.9946666666666667,4125
201008,24,AMZN,AMAZON COM INC,84788,274.5072,0.9944242424242424,4125
201008,25,AKAM,AKAMAI TECHNOLOGIES INC,87299,274.27786,0.9941818181818182,4125
201009,1,ARNA,ARENA PHARMACEUTICALS INC,88421,350.29752,1.0,4126
201009,2,CROX,CROCS INC,91090,316.79968,0.9997576345128454,4126
201009,3,KGC,KINROSS GOLD CORP,89692,306.35492,0.9995152690256908,4126
201009,4,RVBD,RIVERBED TECHNOLOGY INC,91485,305.25845,0.9992729035385362,4126
201009,5,DAL,DELTA AIR LINES INC,91926,303.3217,0.9990305380513815,4126
201009,6,LCC,U S AIRWAYS GROUP INC NEW,90893,301.61996,0.9987881725642268,4126
201009,7,BIDU,BAIDU INC,90857,301.59198,0.9985458070770722,4126
201009,8,FSLR,FIRST SOLAR INC,91611,300.80243,0.9983034415899176,4126
201009,9,RIMM,BLACKBERRY LTD,86745,296.3982,0.998061076102763,4126
201009,10,AMZN,AMAZON COM INC,84788,295.83133,0.9978187106156083,4126
201009,11,NFLX,NETFLIX INC,89393,295.69385,0.9975763451284537,4126
201009,12,APOL,APOLLO EDUCATION GROUP INC,81138,294.41583,0.9973339796412991,4126
201009,13,HUN,HUNTSMAN CORP,90558,292.3432,0.9970916141541445,4126
201009,14,ARUN,ARUBA NETWORKS INC,91888,291.39136,0.9968492486669899,4126
201009,15,F,FORD MOTOR CO DEL,25785,291.3403,0.9966068831798351,4126
201009,16,MOS,MOSAIC CO NEW,90386,291.33826,0.9963645176926805,4126
201009,17,IPI,INTREPID POTASH INC,92621,290.4566,0.9961221522055259,4126
201009,18,CRM,SALESFORCE INC,90215,290.44025,0.9958797867183713,4126
201009,19,GOOG,ALPHABET INC,90319,289.05667,0.9956374212312167,4126
201009,20,HK,PETROHAWK ENERGY CORP,87054,288.99722,0.9953950557440621,4126
201009,21,AKAM,AKAMAI TECHNOLOGIES INC,87299,288.98938,0.9951526902569074,4126
201009,22,CML,COMPELLENT TECHNOLOGIES INC,92330,288.56415,0.9949103247697528,4126
201009,23,SLW,WHEATON PRECIOUS METALS CORP,90796,287.9838,0.9946679592825982,4126
201009,24,SD,SANDRIDGE ENERGY INC,92421,287.372,0.9944255937954435,4126
201009,25,VMW,VMWARE INC,92257,287.18375,0.9941832283082889,4126
201010,1,YHOO,YAHOO INC,83435,328.78378,1.0,4098
201010,2,FSLR,FIRST SOLAR INC,91611,321.95694,0.9997559785261103,4098
201010,3,CRM,SALESFORCE INC,90215,316.77274,0.9995119570522206,4098
201010,4,AUY,YAMANA GOLD INC,89976,314.85922,0.9992679355783309,4098
201010,5,AMZN,AMAZON COM INC,84788,309.23544,0.9990239141044412,4098
201010,6,NFLX,NETFLIX INC,89393,304.45895,0.9987798926305514,4098
201010,7,APOL,APOLLO EDUCATION GROUP INC,81138,300.91507,0.9985358711566618,4098
201010,8,AKAM,AKAMAI TECHNOLOGIES INC,87299,299.53308,0.9982918496827721,4098
201010,9,DNDN,DENDREON CORP,88335,298.33414,0.9980478282088824,4098
201010,10,BIDU,BAIDU INC,90857,295.9567,0.9978038067349927,4098
201010,11,CML,COMPELLENT TECHNOLOGIES INC,92330,293.79715,0.997559785261103,4098
201010,12,OPEN,OPENTABLE INC,92934,293.46753,0.9973157637872133,4098
201010,13,GME,GAMESTOP CORP NEW,89301,293.40997,0.9970717423133236,4098
201010,14,MMR,MCMORAN EXPLORATION CO NEW,80557,293.15582,0.9968277208394338,4098
201010,15,ARUN,ARUBA NETWORKS INC,91888,288.8036,0.9965836993655441,4098
201010,16,HRB,BLOCK H & R INC,49373,287.24094,0.9963396778916545,4098
201010,17,CF,C F INDUSTRIES HOLDINGS INC,90829,286.98114,0.9960956564177648,4098
201010,18,VMW,VMWARE INC,92257,286.95294,0.9958516349438751,4098
201010,19,GMCR,KEURIG GREEN MOUNTAIN INC,79588,285.7929,0.9956076134699854,4098
201010,20,GOOG,ALPHABET INC,90319,285.41055,0.9953635919960957,4098
201010,21,RAX,RACKSPACE HOSTING INC,92765,285.36078,0.995119570522206,4098
201010,22,CROX,CROCS INC,91090,285.15445,0.9948755490483162,4098
201010,23,MGM,M G M RESORTS INTERNATIONAL,11891,284.25345,0.9946315275744265,4098
201010,24,F,FORD MOTOR CO DEL,25785,283.0474,0.9943875061005368,4098
201010,25,STEC,S T E C INC,88646,282.935,0.9941434846266471,4098
201011,1,STX,SEAGATE TECHNOLOGY HOLDINGS PLC,89641,322.9578,1.0,4103
201011,2,YHOO,YAHOO INC,83435,320.48395,0.999756275895686,4103
201011,3,HGSI,HUMAN GENOME SCIENCES INC,79977,316.29358,0.9995125517913722,4103
201011,4,F,FORD MOTOR CO DEL,25785,303.93478,0.9992688276870583,4103
201011,5,MRVL,MARVELL TECHNOLOGY INC,88360,302.9162,0.9990251035827443,4103
201011,6,RINO,RINO INTERNATIONAL CORP,79365,300.25174,0.9987813794784304,4103
201011,7,CRM,SALESFORCE INC,90215,299.58627,0.9985376553741165,4103
201011,8,CF,C F INDUSTRIES HOLDINGS INC,90829,298.28262,0.9982939312698026,4103
201011,9,NG,NOVAGOLD RESOURCES INC,89965,297.8571,0.9980502071654886,4103
201011,10,ARUN,ARUBA NETWORKS INC,91888,295.5498,0.9978064830611747,4103
201011,11,AUY,YAMANA GOLD INC,89976,295.49512,0.9975627589568609,4103
201011,12,DELL,DELL INC,11081,293.7661,0.9973190348525469,4103
201011,13,SLW,WHEATON PRECIOUS METALS CORP,90796,293.33426,0.997075310748233,4103
201011,14,NFLX,NETFLIX INC,89393,293.2789,0.9968315866439191,4103
201011,15,GOOG,ALPHABET INC,90319,293.03955,0.9965878625396052,4103
201011,16,KGC,KINROSS GOLD CORP,89692,292.65567,0.9963441384352912,4103
201011,17,PCX,PATRIOT COAL CORP,92346,292.3426,0.9961004143309773,4103
201011,18,SVM,SILVERCORP METALS INC,92893,289.334,0.9958566902266635,4103
201011,19,Q,QWEST COMMUNICATIONS INTL INC,85032,288.31808,0.9956129661223495,4103
201011,20,CMG,CHIPOTLE MEXICAN GRILL INC,91068,287.87778,0.9953692420180356,4103
201011,21,MCP,MOLYCORP INC DE,11999,287.3982,0.9951255179137216,4103
201011,22,IPI,INTREPID POTASH INC,92621,282.5773,0.9948817938094078,4103
201011,23,DNDN,DENDREON CORP,88335,282.13718,0.9946380697050938,4103
201011,24,RVBD,RIVERBED TECHNOLOGY INC,91485,281.8277,0.9943943456007799,4103
201011,25,STEC,S T E C INC,88646,281.56372,0.994150621496466,4103
201012,1,OXPS,OPTIONSXPRESS HOLDINGS INC,90541,318.52777,1.0,3972
201012,2,CMG,CHIPOTLE MEXICAN GRILL INC,91068,314.74957,0.9997482376636455,3972
201012,3,GOOG,ALPHABET INC,90319,301.64536,0.999496475327291,3972
201012,4,NFLX,NETFLIX INC,89393,300.7402,0.9992447129909365,3972
201012,5,DAL,DELTA AIR LINES INC,91926,297.35367,0.998992950654582,3972
201012,6,FFIV,F 5 INC,86964,295.74625,0.9987411883182276,3972
201012,7,RIMM,BLACKBERRY LTD,86745,295.17957,0.9984894259818731,3972
201012,8,RVBD,RIVERBED TECHNOLOGY INC,91485,293.45547,0.9982376636455186,3972
201012,9,CF,C F INDUSTRIES HOLDINGS INC,90829,292.38977,0.9979859013091642,3972
201012,10,MA,MASTERCARD INC,91233,290.6475,0.9977341389728097,3972
201012,11,SVM,SILVERCORP METALS INC,92893,288.60248,0.9974823766364552,3972
201012,12,CRM,SALESFORCE INC,90215,286.85522,0.9972306143001007,3972
201012,13,NG,NOVAGOLD RESOURCES INC,89965,286.7528,0.9969788519637462,3972
201012,14,AGNC,A G N C INVESTMENT CORP,92680,285.9745,0.9967270896273918,3972
201012,15,APKT,ACME PACKET INC,91493,285.74893,0.9964753272910373,3972
201012,16,ARUN,ARUBA NETWORKS INC,91888,284.7957,0.9962235649546828,3972
201012,17,MOTR,VOLTARI CORP,93433,283.76767,0.9959718026183283,3972
201012,18,YHOO,YAHOO INC,83435,282.55228,0.9957200402819738,3972
201012,19,TSLA,TESLA INC,93436,279.3384,0.9954682779456193,3972
201012,20,GMCR,KEURIG GREEN MOUNTAIN INC,79588,275.9297,0.9952165156092648,3972
201012,21,ARTG,ART TECHNOLOGY GROUP INC,87099,275.415,0.9949647532729103,3972
201012,22,AUY,YAMANA GOLD INC,89976,274.67,0.9947129909365559,3972
201012,23,CREE,WOLFSPEED INC NEW,78875,274.55835,0.9944612286002014,3972
201012,24,PCLN,BOOKING HOLDINGS INC,86783,273.97345,0.9942094662638469,3972
201012,25,SD,SANDRIDGE ENERGY INC,92421,273.30414,0.9939577039274925,3972
201101,1,YHOO,YAHOO INC,83435,319.8767,1.0,3954
201101,2,MNKD,MANNKIND CORP,90285,317.80087,0.9997470915528579,3954
201101,3,NFLX,NETFLIX INC,89393,316.74863,0.9994941831057157,3954
201101,4,ARUN,ARUBA NETWORKS INC,91888,312.74136,0.9992412746585736,3954
201101,5,SD,SANDRIDGE ENERGY INC,92421,307.7508,0.9989883662114315,3954
201101,6,PCX,PATRIOT COAL CORP,92346,307.7391,0.9987354577642893,3954
201101,7,SHZ,CHINA SHEN ZHOU MINING & RES INC,92531,307.4573,0.9984825493171472,3954
201101,8,VMW,VMWARE INC,92257,304.88013,0.9982296408700051,3954
201101,9,ENTR,ENTROPIC COMMUNICATIONS INC,92460,304.60663,0.9979767324228629,3954
201101,10,ARMH,A R M HOLDINGS PLC,85961,303.9962,0.9977238239757208,3954
201101,11,GOOG,ALPHABET INC,90319,303.56104,0.9974709155285787,3954
201101,12,AUY,YAMANA GOLD INC,89976,302.85284,0.9972180070814365,3954
201101,13,AMZN,AMAZON COM INC,84788,296.68512,0.9969650986342944,3954
201101,14,PCLN,BOOKING HOLDINGS INC,86783,293.20828,0.9967121901871523,3954
201101,15,MCP,MOLYCORP INC DE,11999,290.37796,0.9964592817400101,3954
201101,16,RVBD,RIVERBED TECHNOLOGY INC,91485,289.06543,0.996206373292868,3954
201101,17,OPEN,OPENTABLE INC,92934,287.805,0.9959534648457259,3954
201101,18,CF,C F INDUSTRIES HOLDINGS INC,90829,287.64145,0.9957005563985837,3954
201101,19,NVDA,NVIDIA CORP,86580,285.76068,0.9954476479514416,3954
201101,20,BRCD,BROCADE COMMUNICATIONS SYS INC,86881,285.24292,0.9951947395042995,3954
201101,21,AMD,ADVANCED MICRO DEVICES INC,61241,283.19403,0.9949418310571573,3954
201101,22,CREE,WOLFSPEED INC NEW,78875,283.14,0.9946889226100152,3954
201101,23,F,FORD MOTOR CO DEL,25785,281.7619,0.9944360141628731,3954
201101,24,FFIV,F 5 INC,86964,280.87317,0.9941831057157309,3954
201101,25,SIRI,SIRIUS X M HOLDINGS INC NEW,80924,280.19452,0.9939301972685888,3954
201102,1,BRCD,BROCADE COMMUNICATIONS SYS INC,86881,317.14688,1.0,4017
201102,2,SD,SANDRIDGE ENERGY INC,92421,309.12128,0.9997510580034852,4017
201102,3,CCME,CHINA MEDIAEXPRESS HLDGS INC,92422,303.7531,0.9995021160069704,4017
201102,4,CF,C F INDUSTRIES HOLDINGS INC,90829,300.64194,0.9992531740104555,4017
201102,5,YHOO,YAHOO INC,83435,300.45273,0.9990042320139407,4017
201102,6,ARUN,ARUBA NETWORKS INC,91888,298.77194,0.9987552900174259,4017
201102,7,NFLX,NETFLIX INC,89393,297.4968,0.9985063480209111,4017
201102,8,PCLN,BOOKING HOLDINGS INC,86783,297.2409,0.9982574060243963,4017
201102,9,NVDA,NVIDIA CORP,86580,294.13657,0.9980084640278815,4017
201102,10,LLNW,EDGIO INC,92097,292.97,0.9977595220313666,4017
201102,11,MCP,MOLYCORP INC DE,11999,291.867,0.9975105800348519,4017
201102,12,MU,MICRON TECHNOLOGY INC,53613,291.69113,0.9972616380383371,4017
201102,13,PCX,PATRIOT COAL CORP,92346,290.0958,0.9970126960418223,4017
201102,14,MRVL,MARVELL TECHNOLOGY INC,88360,289.1576,0.9967637540453075,4017
201102,15,DNDN,DENDREON CORP,88335,285.5645,0.9965148120487927,4017
201102,16,GM,GENERAL MOTORS CO,12369,284.76532,0.9962658700522778,4017
201102,17,ARMH,A R M HOLDINGS PLC,85961,284.32062,0.996016928055763,4017
201102,18,AMZN,AMAZON COM INC,84788,284.09708,0.9957679860592482,4017
201102,19,ATML,ATMEL CORP,76584,283.021,0.9955190440627334,4017
201102,20,DF,DEAN FOODS CO NEW,83421,281.84708,0.9952701020662186,4017
201102,21,AKAM,AKAMAI TECHNOLOGIES INC,87299,279.98663,0.9950211600697038,4017
201102,22,LO,LORILLARD INC,17279,278.9071,0.9947722180731889,4017
201102,23,STEC,S T E C INC,88646,278.8477,0.9945232760766741,4017
201102,24,AUY,YAMANA GOLD INC,89976,278.75305,0.9942743340801593,4017
201102,25,CRM,SALESFORCE INC,90215,277.83475,0.9940253920836445,4017
201103,1,LO,LORILLARD INC,17279,335.54715,1.0,4016
201103,2,NFLX,NETFLIX INC,89393,323.30487,0.9997509960159362,4016
201103,3,NVDA,NVIDIA CORP,86580,311.45316,0.9995019920318725,4016
201103,4,PCX,PATRIOT COAL CORP,92346,303.47092,0.9992529880478087,4016
201103,5,DAL,DELTA AIR LINES INC,91926,298.59476,0.999003984063745,4016
201103,6,CCJ,CAMECO CORP,83188,295.9619,0.9987549800796812,4016
201103,7,APKT,ACME PACKET INC,91493,295.2564,0.9985059760956175,4016
201103,8,YHOO,YAHOO INC,83435,294.06998,0.9982569721115537,4016
201103,9,SD,SANDRIDGE ENERGY INC,92421,293.9575,0.99800796812749,4016
201103,10,HGSI,HUMAN GENOME SCIENCES INC,79977,291.79495,0.9977589641434262,4016
201103,11,RIMM,BLACKBERRY LTD,86745,290.6135,0.9975099601593626,4016
201103,12,ARMH,A R M HOLDINGS PLC,85961,290.26288,0.9972609561752988,4016
201103,13,ICO,INTERNATIONAL COAL GROUP INC,90994,289.83453,0.9970119521912351,4016
201103,14,MCP,MOLYCORP INC DE,11999,289.75397,0.9967629482071713,4016
201103,15,NYX,N Y S E EURONEXT,91143,287.70557,0.9965139442231076,4016
201103,16,SVM,SILVERCORP METALS INC,92893,287.46533,0.9962649402390438,4016
201103,17,GOOG,ALPHABET INC,90319,287.29593,0.9960159362549801,4016
201103,18,TIVO,TIVO INC,87255,283.92935,0.9957669322709163,4016
201103,19,BIDU,BAIDU INC,90857,283.01596,0.9955179282868526,4016
201103,20,AGNC,A G N C INVESTMENT CORP,92680,282.52753,0.9952689243027888,4016
201103,21,CMG,CHIPOTLE MEXICAN GRILL INC,91068,282.04486,0.9950199203187251,4016
201103,22,OPEN,OPENTABLE INC,92934,281.58032,0.9947709163346613,4016
201103,23,CF,C F INDUSTRIES HOLDINGS INC,90829,281.18884,0.9945219123505976,4016
201103,24,HBC,H S B C HOLDINGS PLC,87033,280.85574,0.9942729083665338,4016
201103,25,LULU,LULULEMON ATHLETICA INC,92203,279.94824,0.9940239043824701,4016
201104,1,NFLX,NETFLIX INC,89393,316.5038,1.0,4045
201104,2,DAL,DELTA AIR LINES INC,91926,316.0539,0.999752781211372,4045
201104,3,SD,SANDRIDGE ENERGY INC,92421,309.02222,0.9995055624227441,4045
201104,4,EXK,ENDEAVOUR SILVER CORP,91689,308.91605,0.9992583436341161,4045
201104,5,AAI,AIRTRAN HOLDINGS INC,80670,307.48746,0.9990111248454883,4045
201104,6,ARUN,ARUBA NETWORKS INC,91888,306.25162,0.9987639060568603,4045
201104,7,PCLN,BOOKING HOLDINGS INC,86783,305.01218,0.9985166872682324,4045
201104,8,YHOO,YAHOO INC,83435,304.52975,0.9982694684796044,4045
201104,9,OPEN,OPENTABLE INC,92934,302.05518,0.9980222496909765,4045
201104,10,NVDA,NVIDIA CORP,86580,300.81778,0.9977750309023485,4045
201104,11,MCP,MOLYCORP INC DE,11999,298.46887,0.9975278121137207,4045
201104,12,BIDU,BAIDU INC,90857,297.69244,0.9972805933250927,4045
201104,13,SLW,WHEATON PRECIOUS METALS CORP,90796,295.59048,0.9970333745364648,4045
201104,14,FSLR,FIRST SOLAR INC,91611,295.43207,0.9967861557478368,4045
201104,15,AMZN,AMAZON COM INC,84788,291.3845,0.9965389369592089,4045
201104,16,CRM,SALESFORCE INC,90215,290.15717,0.9962917181705809,4045
201104,17,SVM,SILVERCORP METALS INC,92893,287.67297,0.996044499381953,4045
201104,18,AUY,YAMANA GOLD INC,89976,286.6961,0.9957972805933251,4045
201104,19,RVBD,RIVERBED TECHNOLOGY INC,91485,286.34973,0.9955500618046972,4045
201104,20,AKAM,AKAMAI TECHNOLOGIES INC,87299,285.15918,0.9953028430160692,4045
201104,21,VHC,VIRNETX HOLDING CORP,87084,285.01672,0.9950556242274413,4045
201104,22,AMSC,AMERICAN SUPERCONDUCTOR CORP,77175,284.79446,0.9948084054388133,4045
201104,23,GME,GAMESTOP CORP NEW,89301,282.59665,0.9945611866501854,4045
201104,24,HK,PETROHAWK ENERGY CORP,87054,281.89343,0.9943139678615575,4045
201104,25,AVL,AVALON RARE METALS INC,12439,281.09653,0.9940667490729296,4045
201105,1,NVDA,NVIDIA CORP,86580,320.78107,1.0,4087
201105,2,MCP,MOLYCORP INC DE,11999,315.38672,0.9997553217518963,4087
201105,3,ARUN,ARUBA NETWORKS INC,91888,314.94492,0.9995106435037925,4087
201105,4,AMZN,AMAZON COM INC,84788,314.0027,0.9992659652556888,4087
201105,5,DAL,DELTA AIR LINES INC,91926,304.43906,0.9990212870075851,4087
201105,6,DANG,E COMMERCE CHINA DANGDANG INC,12444,297.74094,0.9987766087594813,4087
201105,7,AIG,AMERICAN INTERNATIONAL GROUP INC,66800,297.29794,0.9985319305113776,4087
201105,8,NOG,NORTHERN OIL & GAS INC,92601,295.94763,0.9982872522632737,4087
201105,9,OPEN,OPENTABLE INC,92934,295.94403,0.99804257401517,4087
201105,10,MU,MICRON TECHNOLOGY INC,53613,293.85504,0.9977978957670663,4087
201105,11,GME,GAMESTOP CORP NEW,89301,293.47232,0.9975532175189625,4087
201105,12,CRM,SALESFORCE INC,90215,292.02057,0.9973085392708588,4087
201105,13,MOBI,SKY MOBI LTD,12489,291.89288,0.9970638610227551,4087
201105,14,BRCD,BROCADE COMMUNICATIONS SYS INC,86881,291.8303,0.9968191827746513,4087
201105,15,FMCN,FOCUS MEDIA HOLDING LTD,90810,290.5597,0.9965745045265476,4087
201105,16,AUY,YAMANA GOLD INC,89976,288.8597,0.9963298262784438,4087
201105,17,NFLX,NETFLIX INC,89393,288.4495,0.9960851480303401,4087
201105,18,PCX,PATRIOT COAL CORP,92346,284.6668,0.9958404697822364,4087
201105,19,FSLR,FIRST SOLAR INC,91611,284.25476,0.9955957915341326,4087
201105,20,STEC,S T E C INC,88646,283.9768,0.9953511132860289,4087
201105,21,YOKU,YOUKU TUDOU INC,12478,282.64874,0.9951064350379252,4087
201105,22,BIDU,BAIDU INC,90857,282.60342,0.9948617567898214,4087
201105,23,VMW,VMWARE INC,92257,282.32803,0.9946170785417177,4087
201105,24,EXK,ENDEAVOUR SILVER CORP,91689,282.14487,0.9943724002936138,4087
201105,25,EK,EASTMAN KODAK CO,11754,281.0527,0.9941277220455101,4087
201106,1,DAL,DELTA AIR LINES INC,91926,338.41733,1.0,4076
201106,2,DANG,E COMMERCE CHINA DANGDANG INC,12444,333.41846,0.9997546614327772,4076
201106,3,MCP,MOLYCORP INC DE,11999,307.9358,0.9995093228655545,4076
201106,4,YOKU,YOUKU TUDOU INC,12478,303.1693,0.9992639842983317,4076
201106,5,NFLX,NETFLIX INC,89393,300.6315,0.9990186457311089,4076
201106,6,FNSR,FINISAR CORP,87390,300.3371,0.9987733071638861,4076
201106,7,V,VISA INC,92611,295.88342,0.9985279685966634,4076
201106,8,NVDA,NVIDIA CORP,86580,295.8003,0.9982826300294406,4076
201106,9,SPWRB,SUNPOWER CORP,92791,293.54132,0.9980372914622179,4076
201106,10,SMOD,SMART MODULAR TECHS W W H INC,91127,293.16736,0.9977919528949951,4076
201106,11,LPS,LENDER PROCESSING SERVICES INC,92697,292.38022,0.9975466143277724,4076
201106,12,BRCD,BROCADE COMMUNICATIONS SYS INC,86881,291.4237,0.9973012757605496,4076
201106,13,UAL,UNITED AIRLINES HOLDINGS INC,91103,291.42194,0.9970559371933267,4076
201106,14,LCC,U S AIRWAYS GROUP INC NEW,90893,289.6755,0.996810598626104,4076
201106,15,SD,SANDRIDGE ENERGY INC,92421,288.61484,0.9965652600588812,4076
201106,16,AMZN,AMAZON COM INC,84788,287.7774,0.9963199214916585,4076
201106,17,EBR,AXIA ENERGIA,92802,283.87943,0.9960745829244357,4076
201106,18,F,FORD MOTOR CO DEL,25785,282.62317,0.995829244357213,4076
201106,19,CRM,SALESFORCE INC,90215,279.37256,0.9955839057899902,4076
201106,20,PCLN,BOOKING HOLDINGS INC,86783,278.7753,0.9953385672227674,4076
201106,21,FSLR,FIRST SOLAR INC,91611,278.73822,0.9950932286555446,4076
201106,22,LO,LORILLARD INC,17279,276.5483,0.9948478900883219,4076
201106,23,OPEN,OPENTABLE INC,92934,276.16922,0.9946025515210991,4076
201106,24,SIRI,SIRIUS X M HOLDINGS INC NEW,80924,275.42096,0.9943572129538764,4076
201106,25,SODA,SODASTREAM INTERNATIONAL LTD,12405,272.7614,0.9941118743866536,4076
201107,1,NFLX,NETFLIX INC,89393,320.97137,1.0,4028
201107,2,LCC,U S AIRWAYS GROUP INC NEW,90893,316.56427,0.9997517378351539,4028
201107,3,DAL,DELTA AIR LINES INC,91926,311.167,0.9995034756703078,4028
201107,4,AMZN,AMAZON COM INC,84788,306.3471,0.9992552135054618,4028
201107,5,NVDA,NVIDIA CORP,86580,300.26804,0.9990069513406157,4028
201107,6,SD,SANDRIDGE ENERGY INC,92421,296.9088,0.9987586891757696,4028
201107,7,ZAGG,ZAGG INC,93149,293.6067,0.9985104270109235,4028
201107,8,OPEN,OPENTABLE INC,92934,292.04504,0.9982621648460774,4028
201107,9,DANG,E COMMERCE CHINA DANGDANG INC,12444,291.49835,0.9980139026812314,4028
201107,10,AKAM,AKAMAI TECHNOLOGIES INC,87299,291.28564,0.9977656405163853,4028
201107,11,AUY,YAMANA GOLD INC,89976,291.01498,0.9975173783515392,4028
201107,12,UAL,UNITED AIRLINES HOLDINGS INC,91103,290.74304,0.9972691161866931,4028
201107,13,FFIV,F 5 INC,86964,287.636,0.997020854021847,4028
201107,14,RVBD,RIVERBED TECHNOLOGY INC,91485,287.15323,0.996772591857001,4028
201107,15,F,FORD MOTOR CO DEL,25785,285.65982,0.9965243296921549,4028
201107,16,CRM,SALESFORCE INC,90215,284.66772,0.9962760675273088,4028
201107,17,PCLN,BOOKING HOLDINGS INC,86783,283.34787,0.9960278053624627,4028
201107,18,AAPL,APPLE INC,14593,282.316,0.9957795431976166,4028
201107,19,EK,EASTMAN KODAK CO,11754,281.58987,0.9955312810327706,4028
201107,20,CF,C F INDUSTRIES HOLDINGS INC,90829,281.27625,0.9952830188679245,4028
201107,21,SGEN,SEAGEN INC,88949,280.71008,0.9950347567030785,4028
201107,22,VMW,VMWARE INC,92257,278.79593,0.9947864945382324,4028
201107,23,SODA,SODASTREAM INTERNATIONAL LTD,12405,277.03778,0.9945382323733863,4028
201107,24,ARUN,ARUBA NETWORKS INC,91888,276.71313,0.9942899702085403,4028
201107,25,SPIL,SILICONWARE PRECISION INDS CO LT,88645,276.13602,0.9940417080436942,4028
201108,1,NFLX,NETFLIX INC,89393,324.5707,1.0,4092
201108,2,DNDN,DENDREON CORP,88335,321.37213,0.9997556207233627,4092
201108,3,SD,SANDRIDGE ENERGY INC,92421,310.39752,0.9995112414467253,4092
201108,4,MCP,MOLYCORP INC DE,11999,302.25543,0.999266862170088,4092
201108,5,DAL,DELTA AIR LINES INC,91926,299.7942,0.9990224828934506,4092
201108,6,NVDA,NVIDIA CORP,86580,299.5195,0.9987781036168133,4092
201108,7,AMZN,AMAZON COM INC,84788,297.9541,0.998533724340176,4092
201108,8,MRVL,MARVELL TECHNOLOGY INC,88360,294.0708,0.9982893450635386,4092
201108,9,EXK,ENDEAVOUR SILVER CORP,91689,290.248,0.9980449657869013,4092
201108,10,FSLR,FIRST SOLAR INC,91611,285.01886,0.9978005865102639,4092
201108,11,RVBD,RIVERBED TECHNOLOGY INC,91485,284.67612,0.9975562072336266,4092
201108,12,EK,EASTMAN KODAK CO,11754,283.2587,0.9973118279569892,4092
201108,13,AUY,YAMANA GOLD INC,89976,283.24054,0.9970674486803519,4092
201108,14,GS,GOLDMAN SACHS GROUP INC,86868,281.1903,0.9968230694037146,4092
201108,15,GME,GAMESTOP CORP NEW,89301,279.32874,0.9965786901270772,4092
201108,16,UAL,UNITED AIRLINES HOLDINGS INC,91103,279.2148,0.9963343108504399,4092
201108,17,LULU,LULULEMON ATHLETICA INC,92203,278.50366,0.9960899315738025,4092
201108,18,GM,GENERAL MOTORS CO,12369,275.51562,0.9958455522971652,4092
201108,19,CF,C F INDUSTRIES HOLDINGS INC,90829,275.16122,0.9956011730205279,4092
201108,20,MS,MORGAN STANLEY DEAN WITTER & CO,69032,274.99146,0.9953567937438905,4092
201108,21,LDK,L D K SOLAR CO LTD,92126,274.561,0.9951124144672532,4092
201108,22,VMW,VMWARE INC,92257,274.39935,0.9948680351906158,4092
201108,23,LVS,LAS VEGAS SANDS CORP,90505,273.65652,0.9946236559139785,4092
201108,24,DANG,E COMMERCE CHINA DANGDANG INC,12444,273.54883,0.9943792766373412,4092
201108,25,PCX,PATRIOT COAL CORP,92346,273.47736,0.9941348973607038,4092
201109,1,NFLX,NETFLIX INC,89393,335.96902,1.0,4070
201109,2,SVM,SILVERCORP METALS INC,92893,330.9002,0.9997542997542997,4070
201109,3,MCP,MOLYCORP INC DE,11999,323.22427,0.9995085995085995,4070
201109,4,NVDA,NVIDIA CORP,86580,310.39236,0.9992628992628992,4070
201109,5,SD,SANDRIDGE ENERGY INC,92421,307.28677,0.999017199017199,4070
201109,6,MU,MICRON TECHNOLOGY INC,53613,304.07812,0.9987714987714987,4070
201109,7,AMZN,AMAZON COM INC,84788,303.77914,0.9985257985257985,4070
201109,8,AUY,YAMANA GOLD INC,89976,300.1524,0.9982800982800982,4070
201109,9,LVS,LAS VEGAS SANDS CORP,90505,299.57245,0.9980343980343981,4070
201109,10,BIDU,BAIDU INC,90857,299.38217,0.9977886977886978,4070
201109,11,CF,C F INDUSTRIES HOLDINGS INC,90829,298.80054,0.9975429975429976,4070
201109,12,DAL,DELTA AIR LINES INC,91926,293.1902,0.9972972972972973,4070
201109,13,FSLR,FIRST SOLAR INC,91611,292.5694,0.9970515970515971,4070
201109,14,CMG,CHIPOTLE MEXICAN GRILL INC,91068,291.23743,0.9968058968058968,4070
201109,15,RIMM,BLACKBERRY LTD,86745,289.17365,0.9965601965601966,4070
201109,16,PCX,PATRIOT COAL CORP,92346,288.5082,0.9963144963144963,4070
201109,17,MOS,MOSAIC CO NEW,90386,288.43665,0.9960687960687961,4070
201109,18,UAL,UNITED AIRLINES HOLDINGS INC,91103,288.29028,0.9958230958230958,4070
201109,19,EXK,ENDEAVOUR SILVER CORP,91689,288.28323,0.9955773955773956,4070
201109,20,RVBD,RIVERBED TECHNOLOGY INC,91485,284.5937,0.9953316953316953,4070
201109,21,ARMH,A R M HOLDINGS PLC,85961,283.79785,0.995085995085995,4070
201109,22,WNR,WESTERN REFINING INC,91073,281.70288,0.9948402948402948,4070
201109,23,IDCC,INTERDIGITAL INC,45306,281.65466,0.9945945945945946,4070
201109,24,PCLN,BOOKING HOLDINGS INC,86783,279.4395,0.9943488943488944,4070
201109,25,CROX,CROCS INC,91090,274.7193,0.9941031941031941,4070
201110,1,DAL,DELTA AIR LINES INC,91926,331.88934,1.0,4024
201110,2,AMZN,AMAZON COM INC,84788,324.98657,0.9997514910536779,4024
201110,3,NFLX,NETFLIX INC,89393,319.75134,0.9995029821073559,4024
201110,4,AUY,YAMANA GOLD INC,89976,315.28253,0.9992544731610338,4024
201110,5,NVDA,NVIDIA CORP,86580,314.08588,0.9990059642147118,4024
201110,6,MRVL,MARVELL TECHNOLOGY INC,88360,307.6914,0.9987574552683897,4024
201110,7,YHOO,YAHOO INC,83435,306.66312,0.9985089463220675,4024
201110,8,CMG,CHIPOTLE MEXICAN GRILL INC,91068,305.8098,0.9982604373757455,4024
201110,9,MU,MICRON TECHNOLOGY INC,53613,300.4402,0.9980119284294234,4024
201110,10,APKT,ACME PACKET INC,91493,298.76102,0.9977634194831014,4024
201110,11,MCP,MOLYCORP INC DE,11999,297.99805,0.9975149105367793,4024
201110,12,CRM,SALESFORCE INC,90215,296.05814,0.9972664015904572,4024
201110,13,AKAM,AKAMAI TECHNOLOGIES INC,87299,295.5872,0.9970178926441352,4024
201110,14,CROX,CROCS INC,91090,293.7592,0.9967693836978131,4024
201110,15,VRUS,PHARMASSET INC,91971,293.4942,0.9965208747514911,4024
201110,16,JNPR,JUNIPER NETWORKS INC,86979,293.3998,0.996272365805169,4024
201110,17,S,SPRINT NEXTEL CORP,39087,292.666,0.9960238568588469,4024
201110,18,CF,C F INDUSTRIES HOLDINGS INC,90829,292.26587,0.9957753479125249,4024
201110,19,PCLN,BOOKING HOLDINGS INC,86783,291.38095,0.9955268389662028,4024
201110,20,ARCO,ARCOS DORADOS HOLDINGS INC,12684,287.93115,0.9952783300198808,4024
201110,21,UAL,UNITED AIRLINES HOLDINGS INC,91103,287.9084,0.9950298210735586,4024
201110,22,MA,MASTERCARD INC,91233,283.73428,0.9947813121272365,4024
201110,23,BIDU,BAIDU INC,90857,283.632,0.9945328031809145,4024
201110,24,STX,SEAGATE TECHNOLOGY HOLDINGS PLC,89641,283.43927,0.9942842942345924,4024
201110,25,RVBD,RIVERBED TECHNOLOGY INC,91485,282.40863,0.9940357852882704,4024
201111,1,CRM,SALESFORCE INC,90215,326.84024,1.0,4061
201111,2,YHOO,YAHOO INC,83435,319.9647,0.9997537552327013,4061
201111,3,ARUN,ARUBA NETWORKS INC,91888,317.7166,0.9995075104654026,4061
201111,4,MRVL,MARVELL TECHNOLOGY INC,88360,315.17996,0.9992612656981039,4061
201111,5,MCP,MOLYCORP INC DE,11999,311.5691,0.9990150209308052,4061
201111,6,RMBS,RAMBUS INC,84827,306.46356,0.9987687761635066,4061
201111,7,FIO,FUSION I O INC,12865,304.9654,0.9985225313962078,4061
201111,8,GM,GENERAL MOTORS CO,12369,304.15018,0.9982762866289091,4061
201111,9,AMZN,AMAZON COM INC,84788,303.55637,0.9980300418616105,4061
201111,10,LNKD,LINKEDIN CORP,12742,303.51865,0.9977837970943118,4061
201111,11,NVDA,NVIDIA CORP,86580,303.42325,0.997537552327013,4061
201111,12,FMCN,FOCUS MEDIA HOLDING LTD,90810,302.66122,0.9972913075597144,4061
201111,13,DMND,DIAMOND FOODS INC,90807,297.8221,0.9970450627924157,4061
201111,14,CMG,CHIPOTLE MEXICAN GRILL INC,91068,294.98615,0.9967988180251169,4061
201111,15,JEF,JEFFERIES GROUP INC NEW,86804,292.7808,0.9965525732578183,4061
201111,16,CVI,C V R ENERGY,92326,290.33032,0.9963063284905196,4061
201111,17,KOG,KODIAK OIL & GAS CORP,91303,289.30353,0.9960600837232209,4061
201111,18,CF,C F INDUSTRIES HOLDINGS INC,90829,287.27982,0.9958138389559222,4061
201111,19,LNG,CHENIERE ENERGY INC,84723,286.66397,0.9955675941886235,4061
201111,20,GME,GAMESTOP CORP NEW,89301,285.14746,0.9953213494213248,4061
201111,21,DNDN,DENDREON CORP,88335,282.9849,0.9950751046540262,4061
201111,22,RIMM,BLACKBERRY LTD,86745,281.7241,0.9948288598867274,4061
201111,23,STX,SEAGATE TECHNOLOGY HOLDINGS PLC,89641,280.04965,0.9945826151194287,4061
201111,24,MPC,MARATHON PETROLEUM CORP,12872,279.4351,0.9943363703521301,4061
201111,25,DANG,E COMMERCE CHINA DANGDANG INC,12444,278.10553,0.9940901255848313,4061
201112,1,MCP,MOLYCORP INC DE,11999,348.2677,1.0,4042
201112,2,AMZN,AMAZON COM INC,84788,325.79596,0.999752597723899,4042
201112,3,DAL,DELTA AIR LINES INC,91926,324.41458,0.9995051954477981,4042
201112,4,FIO,FUSION I O INC,12865,311.35822,0.9992577931716972,4042
201112,5,CRM,SALESFORCE INC,90215,311.13077,0.9990103908955963,4042
201112,6,RIMM,BLACKBERRY LTD,86745,301.95364,0.9987629886194953,4042
201112,7,FSLR,FIRST SOLAR INC,91611,301.64133,0.9985155863433943,4042
201112,8,YHOO,YAHOO INC,83435,297.44,0.9982681840672935,4042
201112,9,LRN,STRIDE INC,92493,296.44937,0.9980207817911925,4042
201112,10,FFIV,F 5 INC,86964,295.5999,0.9977733795150915,4042
201112,11,MJN,MEAD JOHNSON NUTRITION CO,92890,293.33557,0.9975259772389906,4042
201112,12,STX,SEAGATE TECHNOLOGY HOLDINGS PLC,89641,291.41724,0.9972785749628896,4042
201112,13,NG,NOVAGOLD RESOURCES INC,89965,290.91037,0.9970311726867888,4042
201112,14,AUQ,AURICO GOLD INC,89845,290.74323,0.9967837704106878,4042
201112,15,INHX,INHIBITEX INC,90243,290.7399,0.9965363681345868,4042
201112,16,SFLY,SHUTTERFLY INC,91486,290.08136,0.9962889658584859,4042
201112,17,NVDA,NVIDIA CORP,86580,288.38507,0.9960415635823849,4042
201112,18,BBY,BEST BUY COMPANY INC,85914,287.5303,0.9957941613062841,4042
201112,19,OPEN,OPENTABLE INC,92934,286.0045,0.9955467590301831,4042
201112,20,MA,MASTERCARD INC,91233,284.2385,0.9952993567540821,4042
201112,21,AUY,YAMANA GOLD INC,89976,284.05603,0.9950519544779812,4042
201112,22,ANR,ALPHA NATURAL RESOURCES INC,90547,283.31503,0.9948045522018802,4042
201112,23,FTNT,FORTINET INC,93132,283.00522,0.9945571499257794,4042
201112,24,CMG,CHIPOTLE MEXICAN GRILL INC,91068,281.9226,0.9943097476496784,4042
201112,25,ANV,ALLIED NEVADA GOLD CORP,91976,281.82864,0.9940623453735774,4042
201201,1,AKAM,AKAMAI TECHNOLOGIES INC,87299,336.7832,1.0,3992
201201,2,MA,MASTERCARD INC,91233,330.39557,0.999749498997996,3992
201201,3,DAL,DELTA AIR LINES INC,91926,316.3043,0.999498997995992,3992
201201,4,AMZN,AMAZON COM INC,84788,312.92715,0.999248496993988,3992
201201,5,APKT,ACME PACKET INC,91493,312.56927,0.998997995991984,3992
201201,6,FTNT,FORTINET INC,93132,306.14374,0.99874749498998,3992
201201,7,CMG,CHIPOTLE MEXICAN GRILL INC,91068,304.12488,0.998496993987976,3992
201201,8,MCP,MOLYCORP INC DE,11999,298.5733,0.9982464929859719,3992
201201,9,ISRG,INTUITIVE SURGICAL INC,88352,296.4742,0.9979959919839679,3992
201201,10,AMLN,AMYLIN PHARMACEUTICALS INC,77264,295.9499,0.997745490981964,3992
201201,11,RVBD,RIVERBED TECHNOLOGY INC,91485,295.0038,0.9974949899799599,3992
201201,12,IDIX,IDENIX PHARMACEUTICALS INC,90280,294.24692,0.9972444889779559,3992
201201,13,SPPI,SPECTRUM PHARMACEUTICALS INC,83950,294.24054,0.996993987975952,3992
201201,14,LCC,U S AIRWAYS GROUP INC NEW,90893,291.8761,0.9967434869739479,3992
201201,15,NVDA,NVIDIA CORP,86580,291.37125,0.9964929859719439,3992
201201,16,OPEN,OPENTABLE INC,92934,288.0017,0.9962424849699398,3992
201201,17,F,FORD MOTOR CO DEL,25785,287.95065,0.9959919839679359,3992
201201,18,AUY,YAMANA GOLD INC,89976,287.89417,0.9957414829659319,3992
201201,19,NFLX,NETFLIX INC,89393,287.6511,0.9954909819639278,3992
201201,20,BRCD,BROCADE COMMUNICATIONS SYS INC,86881,286.02478,0.9952404809619239,3992
201201,21,FIO,FUSION I O INC,12865,283.94275,0.9949899799599199,3992
201201,22,CF,C F INDUSTRIES HOLDINGS INC,90829,283.4135,0.9947394789579158,3992
201201,23,YHOO,YAHOO INC,83435,283.12665,0.9944889779559118,3992
201201,24,CRM,SALESFORCE INC,90215,282.0117,0.9942384769539078,3992
201201,25,SD,SANDRIDGE ENERGY INC,92421,281.56482,0.9939879759519038,3992
201202,1,DNDN,DENDREON CORP,88335,353.24713,1.0,3994
201202,2,MCP,MOLYCORP INC DE,11999,330.1232,0.9997496244366549,3994
201202,3,ZNGA,ZYNGA INC,13169,317.90198,0.99949924887331,3994
201202,4,DMND,DIAMOND FOODS INC,90807,314.53876,0.9992488733099649,3994
201202,5,DAL,DELTA AIR LINES INC,91926,312.47214,0.99899849774662,3994
201202,6,NVDA,NVIDIA CORP,86580,309.2463,0.9987481221832749,3994
201202,7,LCC,U S AIRWAYS GROUP INC NEW,90893,309.1589,0.9984977466199298,3994
201202,8,CF,C F INDUSTRIES HOLDINGS INC,90829,308.72195,0.9982473710565849,3994
201202,9,SD,SANDRIDGE ENERGY INC,92421,308.6099,0.9979969954932398,3994
201202,10,CMG,CHIPOTLE MEXICAN GRILL INC,91068,308.12073,0.9977466199298949,3994
201202,11,APKT,ACME PACKET INC,91493,305.1254,0.9974962443665498,3994
201202,12,VVUS,VIVUS INC,80485,303.7817,0.9972458688032048,3994
201202,13,RENN,MOATABLE INC,12759,300.57538,0.9969954932398598,3994
201202,14,ACOM,ANCESTRY COM INC,93124,298.67303,0.9967451176765147,3994
201202,15,NFLX,NETFLIX INC,89393,295.86597,0.9964947421131698,3994
201202,16,RAX,RACKSPACE HOSTING INC,92765,293.46133,0.9962443665498247,3994
201202,17,FIO,FUSION I O INC,12865,293.09067,0.9959939909864797,3994
201202,18,OPEN,OPENTABLE INC,92934,292.2676,0.9957436154231347,3994
201202,19,MRVL,MARVELL TECHNOLOGY INC,88360,292.0269,0.9954932398597897,3994
201202,20,CRM,SALESFORCE INC,90215,291.63055,0.9952428642964447,3994
201202,21,FSLR,FIRST SOLAR INC,91611,291.2779,0.9949924887330996,3994
201202,22,AAPL,APPLE INC,14593,290.8232,0.9947421131697546,3994
201202,23,MPC,MARATHON PETROLEUM CORP,12872,289.55457,0.9944917376064096,3994
201202,24,LNKD,LINKEDIN CORP,12742,287.21353,0.9942413620430646,3994
201202,25,MA,MASTERCARD INC,91233,285.51712,0.9939909864797196,3994
201203,1,MCP,MOLYCORP INC DE,11999,322.33292,1.0,3961
201203,2,DAL,DELTA AIR LINES INC,91926,321.2439,0.9997475385003787,3961
201203,3,DNDN,DENDREON CORP,88335,320.59573,0.9994950770007573,3961
201203,4,CMG,CHIPOTLE MEXICAN GRILL INC,91068,317.95444,0.999242615501136,3961
201203,5,APKT,ACME PACKET INC,91493,307.25336,0.9989901540015148,3961
201203,6,CRM,SALESFORCE INC,90215,301.98135,0.9987376925018935,3961
201203,7,ANR,ALPHA NATURAL RESOURCES INC,90547,301.537,0.9984852310022722,3961
201203,8,YOKU,YOUKU TUDOU INC,12478,297.39093,0.9982327695026508,3961
201203,9,STX,SEAGATE TECHNOLOGY HOLDINGS PLC,89641,297.19165,0.9979803080030295,3961
201203,10,NVDA,NVIDIA CORP,86580,296.7112,0.9977278465034082,3961
201203,11,UAL,UNITED AIRLINES HOLDINGS INC,91103,296.66306,0.997475385003787,3961
201203,12,RVBD,RIVERBED TECHNOLOGY INC,91485,295.46176,0.9972229235041656,3961
201203,13,AAPL,APPLE INC,14593,291.9622,0.9969704620045443,3961
201203,14,CF,C F INDUSTRIES HOLDINGS INC,90829,291.16028,0.996718000504923,3961
201203,15,FSLR,FIRST SOLAR INC,91611,290.96826,0.9964655390053017,3961
201203,16,CLNE,CLEAN ENERGY FUELS CORP,92035,290.95407,0.9962130775056803,3961
201203,17,VVUS,VIVUS INC,80485,290.88828,0.9959606160060591,3961
201203,18,LULU,LULULEMON ATHLETICA INC,92203,289.24396,0.9957081545064378,3961
201203,19,LCC,U S AIRWAYS GROUP INC NEW,90893,288.09506,0.9954556930068165,3961
201203,20,MU,MICRON TECHNOLOGY INC,53613,287.61136,0.9952032315071951,3961
201203,21,FIO,FUSION I O INC,12865,286.41263,0.9949507700075738,3961
201203,22,LNKD,LINKEDIN CORP,12742,286.29468,0.9946983085079525,3961
201203,23,CTRP,TRIP COM GROUP LTD,89927,285.8278,0.9944458470083313,3961
201203,24,AUY,YAMANA GOLD INC,89976,285.67044,0.99419338550871,3961
201203,25,NFLX,NETFLIX INC,89393,285.3182,0.9939409240090886,3961
201204,1,NFLX,NETFLIX INC,89393,341.13608,1.0,4010
201204,2,LNKD,LINKEDIN CORP,12742,333.17856,0.9997506234413965,4010
201204,3,CRM,SALESFORCE INC,90215,330.6258,0.9995012468827931,4010
201204,4,CMG,CHIPOTLE MEXICAN GRILL INC,91068,323.18967,0.9992518703241895,4010
201204,5,NOK,NOKIA CORP,87128,321.0522,0.999002493765586,4010
201204,6,AMZN,AMAZON COM INC,84788,318.84882,0.9987531172069826,4010
201204,7,DAL,DELTA AIR LINES INC,91926,318.37158,0.9985037406483791,4010
201204,8,RENN,MOATABLE INC,12759,315.9044,0.9982543640897755,4010
201204,9,RVBD,RIVERBED TECHNOLOGY INC,91485,313.6581,0.9980049875311721,4010
201204,10,LCC,U S AIRWAYS GROUP INC NEW,90893,311.7248,0.9977556109725686,4010
201204,11,MA,MASTERCARD INC,91233,310.50787,0.9975062344139651,4010
201204,12,STX,SEAGATE TECHNOLOGY HOLDINGS PLC,89641,308.84155,0.9972568578553616,4010
201204,13,MCP,MOLYCORP INC DE,11999,308.69894,0.9970074812967581,4010
201204,14,FIO,FUSION I O INC,12865,307.88904,0.9967581047381546,4010
201204,15,PCLN,BOOKING HOLDINGS INC,86783,306.65964,0.9965087281795512,4010
201204,16,FSLR,FIRST SOLAR INC,91611,306.03,0.9962593516209476,4010
201204,17,ZNGA,ZYNGA INC,13169,305.9652,0.9960099750623441,4010
201204,18,KMI,KINDER MORGAN INC,12558,297.40866,0.9957605985037407,4010
201204,19,CHK,CHESAPEAKE ENERGY CORP,78877,296.01477,0.9955112219451372,4010
201204,20,ILMN,ILLUMINA INC,88446,295.80844,0.9952618453865336,4010
201204,21,APKT,ACME PACKET INC,91493,295.01593,0.9950124688279302,4010
201204,22,NVDA,NVIDIA CORP,86580,293.64258,0.9947630922693267,4010
201204,23,SD,SANDRIDGE ENERGY INC,92421,292.43524,0.9945137157107232,4010
201204,24,SINA,SINA CORP,88196,288.30038,0.9942643391521196,4010
201204,25,GNW,GENWORTH FINANCIAL INC,90162,287.96143,0.9940149625935162,4010
201205,1,ZNGA,ZYNGA INC,13169,369.4311,1.0,4065
201205,2,LNKD,LINKEDIN CORP,12742,337.9715,0.9997539975399754,4065
201205,3,FIO,FUSION I O INC,12865,332.81937,0.9995079950799508,4065
201205,4,FSLR,FIRST SOLAR INC,91611,321.45343,0.9992619926199262,4065
201205,5,MCP,MOLYCORP INC DE,11999,321.2193,0.9990159901599016,4065
201205,6,ARUN,ARUBA NETWORKS INC,91888,320.98996,0.998769987699877,4065
201205,7,DAL,DELTA AIR LINES INC,91926,316.15607,0.9985239852398524,4065
201205,8,MRVL,MARVELL TECHNOLOGY INC,88360,315.5473,0.9982779827798278,4065
201205,9,LCC,U S AIRWAYS GROUP INC NEW,90893,314.9002,0.9980319803198032,4065
201205,10,RENN,MOATABLE INC,12759,312.90823,0.9977859778597786,4065
201205,11,PCX,PATRIOT COAL CORP,92346,310.77576,0.997539975399754,4065
201205,12,KMI,KINDER MORGAN INC,12558,310.68436,0.9972939729397294,4065
201205,13,GTAT,G T ADVANCED TECHNOLOGIES INC,92758,310.58017,0.9970479704797048,4065
201205,14,CTRP,TRIP COM GROUP LTD,89927,305.0235,0.9968019680196802,4065
201205,15,DNDN,DENDREON CORP,88335,301.3142,0.9965559655596556,4065
201205,16,HLF,HERBALIFE LTD,90516,300.6513,0.996309963099631,4065
201205,17,WCRX,WARNER CHILCOTT PLC IRELAND,91487,295.16153,0.9960639606396064,4065
201205,18,LULU,LULULEMON ATHLETICA INC,92203,294.2608,0.9958179581795817,4065
201205,19,AMZN,AMAZON COM INC,84788,292.8214,0.9955719557195571,4065
201205,20,CRM,SALESFORCE INC,90215,292.67645,0.9953259532595325,4065
201205,21,NVDA,NVIDIA CORP,86580,291.50223,0.995079950799508,4065
201205,22,NFLX,NETFLIX INC,89393,291.448,0.9948339483394834,4065
201205,23,RIMM,BLACKBERRY LTD,86745,290.98325,0.9945879458794588,4065
201205,24,MAKO,MAKO SURGICAL CORP,92558,289.81406,0.9943419434194342,4065
201205,25,GRPN,GROUPON INC,13108,289.10474,0.9940959409594096,4065
201206,1,LCC,U S AIRWAYS GROUP INC NEW,90893,350.40942,1.0,4058
201206,2,ZNGA,ZYNGA INC,13169,326.58936,0.9997535731887629,4058
201206,3,WCRX,WARNER CHILCOTT PLC IRELAND,91487,320.69742,0.9995071463775259,4058
201206,4,DAL,DELTA AIR LINES INC,91926,318.0995,0.9992607195662888,4058
201206,5,FIO,FUSION I O INC,12865,317.28967,0.9990142927550517,4058
201206,6,RIMM,BLACKBERRY LTD,86745,316.1203,0.9987678659438147,4058
201206,7,ARNA,ARENA PHARMACEUTICALS INC,88421,311.9698,0.9985214391325776,4058
201206,8,FSLR,FIRST SOLAR INC,91611,309.62488,0.9982750123213405,4058
201206,9,LNKD,LINKEDIN CORP,12742,306.54294,0.9980285855101035,4058
201206,10,CMG,CHIPOTLE MEXICAN GRILL INC,91068,305.83945,0.9977821586988664,4058
201206,11,ANR,ALPHA NATURAL RESOURCES INC,90547,305.64468,0.9975357318876293,4058
201206,12,KMI,KINDER MORGAN INC,12558,302.23126,0.9972893050763924,4058
201206,13,CTRP,TRIP COM GROUP LTD,89927,301.15854,0.9970428782651553,4058
201206,14,MCP,MOLYCORP INC DE,11999,300.48328,0.9967964514539182,4058
201206,15,NOK,NOKIA CORP,87128,295.04974,0.9965500246426812,4058
201206,16,ISRG,INTUITIVE SURGICAL INC,88352,294.24353,0.9963035978314441,4058
201206,17,LULU,LULULEMON ATHLETICA INC,92203,293.25034,0.996057171020207,4058
201206,18,UAL,UNITED AIRLINES HOLDINGS INC,91103,292.03662,0.99581074420897,4058
201206,19,KOG,KODIAK OIL & GAS CORP,91303,287.63034,0.9955643173977329,4058
201206,20,NFLX,NETFLIX INC,89393,287.4664,0.9953178905864958,4058
201206,21,GRPN,GROUPON INC,13108,287.32462,0.9950714637752588,4058
201206,22,RVBD,RIVERBED TECHNOLOGY INC,91485,285.64737,0.9948250369640217,4058
201206,23,P,PANDORA MEDIA INC,12873,283.9364,0.9945786101527846,4058
201206,24,AMRN,AMARIN CORP PLC,79122,283.28354,0.9943321833415476,4058
201206,25,STX,SEAGATE TECHNOLOGY HOLDINGS PLC,89641,282.04755,0.9940857565303105,4058
201207,1,ZNGA,ZYNGA INC,13169,354.04855,1.0,4023
201207,2,VVUS,VIVUS INC,80485,348.9988,0.9997514292816306,4023
201207,3,EDU,NEW ORIENTAL EDUC & TECH GP INC,91457,334.26755,0.9995028585632613,4023
201207,4,LCC,U S AIRWAYS GROUP INC NEW,90893,328.42422,0.9992542878448919,4023
201207,5,AMRN,AMARIN CORP PLC,79122,328.13364,0.9990057171265225,4023
201207,6,NFLX,NETFLIX INC,89393,323.54892,0.9987571464081532,4023
201207,7,AMZN,AMAZON COM INC,84788,322.16132,0.9985085756897838,4023
201207,8,MCP,MOLYCORP INC DE,11999,315.8725,0.9982600049714143,4023
201207,9,GRPN,GROUPON INC,13108,313.23642,0.998011434253045,4023
201207,10,LNKD,LINKEDIN CORP,12742,313.14954,0.9977628635346756,4023
201207,11,ARNA,ARENA PHARMACEUTICALS INC,88421,312.671,0.9975142928163062,4023
201207,12,CTRP,TRIP COM GROUP LTD,89927,303.27853,0.9972657220979368,4023
201207,13,VHC,VIRNETX HOLDING CORP,87084,300.93484,0.9970171513795675,4023
201207,14,DNDN,DENDREON CORP,88335,299.52484,0.9967685806611981,4023
201207,15,OMPI,OBAGI MEDICAL PRODUCTS INC,91675,297.1044,0.9965200099428287,4023
201207,16,MMR,MCMORAN EXPLORATION CO NEW,80557,296.3955,0.9962714392244594,4023
201207,17,FIO,FUSION I O INC,12865,296.32727,0.99602286850609,4023
201207,18,OREX,OREXIGEN THERAPEUTICS INC,91965,295.42868,0.9957742977877206,4023
201207,19,AUY,YAMANA GOLD INC,89976,294.89124,0.9955257270693513,4023
201207,20,AKAM,AKAMAI TECHNOLOGIES INC,87299,294.0354,0.9952771563509819,4023
201207,21,FIRE,SOURCEFIRE INC,91899,293.19785,0.9950285856326124,4023
201207,22,KOG,KODIAK OIL & GAS CORP,91303,291.7597,0.9947800149142431,4023
201207,23,VRNG,XWELL INC,12017,291.12827,0.9945314441958737,4023
201207,24,DAL,DELTA AIR LINES INC,91926,290.88834,0.9942828734775043,4023
201207,25,NVDA,NVIDIA CORP,86580,290.3048,0.994034302759135,4023
201208,1,MCP,MOLYCORP INC DE,11999,362.96948,1.0,4054
201208,2,GRPN,GROUPON INC,13108,348.39154,0.9997533300444006,4054
201208,3,FB,META PLATFORMS INC,13407,339.90784,0.9995066600888012,4054
201208,4,MRVL,MARVELL TECHNOLOGY INC,88360,322.05414,0.9992599901332018,4054
201208,5,LNKD,LINKEDIN CORP,12742,321.56598,0.9990133201776024,4054
201208,6,NVDA,NVIDIA CORP,86580,305.55838,0.998766650222003,4054
201208,7,FSLR,FIRST SOLAR INC,91611,304.50702,0.9985199802664035,4054
201208,8,KCG,KNIGHT CAPITAL GROUP INC,87131,304.40802,0.9982733103108041,4054
201208,9,AMRN,AMARIN CORP PLC,79122,301.9865,0.9980266403552047,4054
201208,10,ZNGA,ZYNGA INC,13169,299.65005,0.9977799703996053,4054
201208,11,ANR,ALPHA NATURAL RESOURCES INC,90547,297.55957,0.9975333004440059,4054
201208,12,LCC,U S AIRWAYS GROUP INC NEW,90893,297.02808,0.9972866304884065,4054
201208,13,FIO,FUSION I O INC,12865,295.2725,0.9970399605328071,4054
201208,14,STX,SEAGATE TECHNOLOGY HOLDINGS PLC,89641,290.67767,0.9967932905772077,4054
201208,15,S,SPRINT NEXTEL CORP,39087,289.58844,0.9965466206216083,4054
201208,16,DAL,DELTA AIR LINES INC,91926,289.20352,0.9962999506660088,4054
201208,17,NFLX,NETFLIX INC,89393,287.21753,0.9960532807104094,4054
201208,18,ARNA,ARENA PHARMACEUTICALS INC,88421,287.0158,0.99580661075481,4054
201208,19,MMR,MCMORAN EXPLORATION CO NEW,80557,286.53162,0.9955599407992106,4054
201208,20,CIEN,CIENA CORP,84519,285.10278,0.9953132708436112,4054
201208,21,KORS,CAPRI HOLDINGS LTD,13142,284.89383,0.9950666008880118,4054
201208,22,CF,C F INDUSTRIES HOLDINGS INC,90829,284.46793,0.9948199309324124,4054
201208,23,RIMM,BLACKBERRY LTD,86745,283.22165,0.994573260976813,4054
201208,24,ARUN,ARUBA NETWORKS INC,91888,283.1477,0.9943265910212136,4054
201208,25,CRM,SALESFORCE INC,90215,283.0918,0.9940799210656142,4054
201209,1,MCP,MOLYCORP INC DE,11999,352.611,1.0,4042
201209,2,QCOR,QUESTCOR PHARMACEUTICALS INC,78051,333.91962,0.999752597723899,4042
201209,3,STX,SEAGATE TECHNOLOGY HOLDINGS PLC,89641,328.39865,0.9995051954477981,4042
201209,4,FB,META PLATFORMS INC,13407,327.76218,0.9992577931716972,4042
201209,5,P,PANDORA MEDIA INC,12873,325.57657,0.9990103908955963,4042
201209,6,NOK,NOKIA CORP,87128,323.4883,0.9987629886194953,4042
201209,7,LCC,U S AIRWAYS GROUP INC NEW,90893,318.28818,0.9985155863433943,4042
201209,8,ZNGA,ZYNGA INC,13169,310.43832,0.9982681840672935,4042
201209,9,NVDA,NVIDIA CORP,86580,310.17737,0.9980207817911925,4042
201209,10,LNKD,LINKEDIN CORP,12742,309.82062,0.9977733795150915,4042
201209,11,NFLX,NETFLIX INC,89393,308.69785,0.9975259772389906,4042
201209,12,FIO,FUSION I O INC,12865,305.2014,0.9972785749628896,4042
201209,13,RIMM,BLACKBERRY LTD,86745,304.55374,0.9970311726867888,4042
201209,14,AMRN,AMARIN CORP PLC,79122,301.49835,0.9967837704106878,4042
201209,15,FSLR,FIRST SOLAR INC,91611,298.0348,0.9965363681345868,4042
201209,16,DAL,DELTA AIR LINES INC,91926,292.83105,0.9962889658584859,4042
201209,17,ANR,ALPHA NATURAL RESOURCES INC,90547,292.5564,0.9960415635823849,4042
201209,18,AUY,YAMANA GOLD INC,89976,289.98502,0.9957941613062841,4042
201209,19,AGNC,A G N C INVESTMENT CORP,92680,289.29987,0.9955467590301831,4042
201209,20,PPHM,AVID BIOSERVICES INC,12266,288.34293,0.9952993567540821,4042
201209,21,KGC,KINROSS GOLD CORP,89692,288.30038,0.9950519544779812,4042
201209,22,RVBD,RIVERBED TECHNOLOGY INC,91485,285.5569,0.9948045522018802,4042
201209,23,GRPN,GROUPON INC,13108,285.09418,0.9945571499257794,4042
201209,24,MDVN,MEDIVATION INC,91141,284.8143,0.9943097476496784,4042
201209,25,UAL,UNITED AIRLINES HOLDINGS INC,91103,283.65402,0.9940623453735774,4042
201210,1,FB,META PLATFORMS INC,13407,363.20792,1.0,4003
201210,2,ZNGA,ZYNGA INC,13169,344.45575,0.9997501873594804,4003
201210,3,LNKD,LINKEDIN CORP,12742,327.5035,0.9995003747189608,4003
201210,4,CLWR,CLEARWIRE CORP NEW,91892,323.12506,0.9992505620784412,4003
201210,5,RVBD,RIVERBED TECHNOLOGY INC,91485,319.80862,0.9990007494379216,4003
201210,6,ARCT,AMERICAN REALTY CAPITAL TR INC,13320,309.69965,0.9987509367974019,4003
201210,7,MCP,MOLYCORP INC DE,11999,308.66483,0.9985011241568823,4003
201210,8,AMZN,AMAZON COM INC,84788,308.19043,0.9982513115163627,4003
201210,9,CMG,CHIPOTLE MEXICAN GRILL INC,91068,305.48264,0.9980014988758431,4003
201210,10,VRNG,XWELL INC,12017,304.5905,0.9977516862353235,4003
201210,11,MLNX,MELLANOX TECHNOLOGIES LTD,91821,303.66135,0.9975018735948039,4003
201210,12,FSLR,FIRST SOLAR INC,91611,303.444,0.9972520609542843,4003
201210,13,AMRN,AMARIN CORP PLC,79122,302.8486,0.9970022483137647,4003
201210,14,FIO,FUSION I O INC,12865,299.87842,0.9967524356732451,4003
201210,15,ANR,ALPHA NATURAL RESOURCES INC,90547,299.3867,0.9965026230327254,4003
201210,16,GRPN,GROUPON INC,13108,298.28876,0.9962528103922058,4003
201210,17,APKT,ACME PACKET INC,91493,298.22107,0.9960029977516862,4003
201210,18,FTNT,FORTINET INC,93132,297.22635,0.9957531851111666,4003
201210,19,NFLX,NETFLIX INC,89393,294.28418,0.995503372470647,4003
201210,20,MRVL,MARVELL TECHNOLOGY INC,88360,292.99445,0.9952535598301274,4003
201210,21,ALGN,ALIGN TECHNOLOGY INC,88860,289.5262,0.9950037471896078,4003
201210,22,ATHN,ATHENAHEALTH INC,92296,286.5038,0.9947539345490882,4003
201210,23,P,PANDORA MEDIA INC,12873,286.3361,0.9945041219085686,4003
201210,24,NOK,NOKIA CORP,87128,284.7916,0.9942543092680489,4003
201210,25,SINA,SINA CORP,88196,283.32315,0.9940044966275293,4003
201211,1,MCP,MOLYCORP INC DE,11999,348.82904,1.0,4039
201211,2,GRPN,GROUPON INC,13108,331.51553,0.9997524139638524,4039
201211,3,FB,META PLATFORMS INC,13407,318.6328,0.9995048279277049,4039
201211,4,ARCT,AMERICAN REALTY CAPITAL TR INC,13320,317.99936,0.9992572418915573,4039
201211,5,LNKD,LINKEDIN CORP,12742,316.8245,0.9990096558554098,4039
201211,6,MDRX,VERADIGM INC,87078,307.05533,0.9987620698192622,4039
201211,7,DAL,DELTA AIR LINES INC,91926,296.81293,0.9985144837831146,4039
201211,8,ANR,ALPHA NATURAL RESOURCES INC,90547,296.31036,0.9982668977469671,4039
201211,9,ONE,HIGHER ONE HOLDINGS INC,93418,294.79456,0.9980193117108195,4039
201211,10,MRVL,MARVELL TECHNOLOGY INC,88360,293.83722,0.997771725674672,4039
201211,11,MMR,MCMORAN EXPLORATION CO NEW,80557,291.43558,0.9975241396385244,4039
201211,12,KORS,CAPRI HOLDINGS LTD,13142,288.4921,0.9972765536023769,4039
201211,13,ARUN,ARUBA NETWORKS INC,91888,285.67392,0.9970289675662293,4039
201211,14,SD,SANDRIDGE ENERGY INC,92421,284.9248,0.9967813815300817,4039
201211,15,RIMM,BLACKBERRY LTD,86745,284.6113,0.9965337954939342,4039
201211,16,CTRP,TRIP COM GROUP LTD,89927,284.32727,0.9962862094577866,4039
201211,17,JCP,PENNEY J C CO INC,18403,282.43823,0.9960386234216391,4039
201211,18,FSLR,FIRST SOLAR INC,91611,282.22986,0.9957910373854915,4039
201211,19,CRM,SALESFORCE INC,90215,281.7238,0.9955434513493439,4039
201211,20,HLF,HERBALIFE LTD,90516,281.29,0.9952958653131964,4039
201211,21,AOL,A O L INC,93091,280.7589,0.9950482792770488,4039
201211,22,GME,GAMESTOP CORP NEW,89301,280.6937,0.9948006932409013,4039
201211,23,CHK,CHESAPEAKE ENERGY CORP,78877,280.54144,0.9945531072047537,4039
201211,24,NFLX,NETFLIX INC,89393,279.23822,0.994305521168606,4039
201211,25,BBY,BEST BUY COMPANY INC,85914,279.0689,0.9940579351324585,4039
201212,1,FB,META PLATFORMS INC,13407,367.754,1.0,4031
201212,2,MCP,MOLYCORP INC DE,11999,332.76752,0.9997519225998511,4031
201212,3,HLF,HERBALIFE LTD,90516,324.9822,0.9995038451997023,4031
201212,4,DAL,DELTA AIR LINES INC,91926,317.38467,0.9992557677995535,4031
201212,5,RIMM,BLACKBERRY LTD,86745,315.25278,0.9990076903994046,4031
201212,6,AMRN,AMARIN CORP PLC,79122,314.57916,0.9987596129992558,4031
201212,7,MRVL,MARVELL TECHNOLOGY INC,88360,314.31226,0.9985115355991069,4031
201212,8,GRPN,GROUPON INC,13108,305.09537,0.9982634581989581,4031
201212,9,NOK,NOKIA CORP,87128,298.83325,0.9980153807988092,4031
201212,10,BAC,BANK OF AMERICA CORP,59408,298.4202,0.9977673033986604,4031
201212,11,ZNGA,ZYNGA INC,13169,298.10345,0.9975192259985115,4031
201212,12,ISRG,INTUITIVE SURGICAL INC,88352,296.72287,0.9972711485983627,4031
201212,13,FSLR,FIRST SOLAR INC,91611,294.00684,0.9970230711982139,4031
201212,14,F,FORD MOTOR CO DEL,25785,291.58987,0.996774993798065,4031
201212,15,P,PANDORA MEDIA INC,12873,291.11877,0.9965269163979161,4031
201212,16,LNKD,LINKEDIN CORP,12742,291.04752,0.9962788389977673,4031
201212,17,STX,SEAGATE TECHNOLOGY HOLDINGS PLC,89641,288.17358,0.9960307615976185,4031
201212,18,GNW,GENWORTH FINANCIAL INC,90162,286.61765,0.9957826841974696,4031
201212,19,NFLX,NETFLIX INC,89393,286.56567,0.9955346067973208,4031
201212,20,LCC,U S AIRWAYS GROUP INC NEW,90893,286.30322,0.9952865293971719,4031
201212,21,SD,SANDRIDGE ENERGY INC,92421,285.89307,0.9950384519970231,4031
201212,22,AAPL,APPLE INC,14593,285.81903,0.9947903745968742,4031
201212,23,BIDU,BAIDU INC,90857,285.7407,0.9945422971967254,4031
201212,24,CLWR,CLEARWIRE CORP NEW,91892,285.23932,0.9942942197965765,4031
201212,25,ANR,ALPHA NATURAL RESOURCES INC,90547,285.20953,0.9940461423964276,4031
201301,1,MCP,MOLYCORP INC DE,11999,367.8152,1.0,3967
201301,2,FB,META PLATFORMS INC,13407,343.0295,0.9997479203428283,3967
201301,3,NOK,NOKIA CORP,87128,333.06628,0.9994958406856567,3967
201301,4,LNKD,LINKEDIN CORP,12742,326.90933,0.999243761028485,3967
201301,5,ZNGA,ZYNGA INC,13169,322.76553,0.9989916813713133,3967
201301,6,NFLX,NETFLIX INC,89393,317.41794,0.9987396017141417,3967
201301,7,RIMM,BLACKBERRY LTD,86745,314.1837,0.99848752205697,3967
201301,8,APKT,ACME PACKET INC,91493,309.78525,0.9982354423997983,3967
201301,9,CMG,CHIPOTLE MEXICAN GRILL INC,91068,307.3907,0.9979833627426267,3967
201301,10,GRPN,GROUPON INC,13108,304.67838,0.997731283085455,3967
201301,11,NTAP,NETAPP INC,82598,304.55396,0.9974792034282833,3967
201301,12,FIO,FUSION I O INC,12865,304.0048,0.9972271237711117,3967
201301,13,LCC,U S AIRWAYS GROUP INC NEW,90893,303.83142,0.99697504411394,3967
201301,14,F,FORD MOTOR CO DEL,25785,299.28375,0.9967229644567683,3967
201301,15,SIRI,SIRIUS X M HOLDINGS INC NEW,80924,299.2023,0.9964708847995967,3967
201301,16,NVDA,NVIDIA CORP,86580,298.62088,0.996218805142425,3967
201301,17,MRVL,MARVELL TECHNOLOGY INC,88360,297.86346,0.9959667254852533,3967
201301,18,X,UNITED STATES STEEL CORP NEW,76644,294.7863,0.9957146458280817,3967
201301,19,ISRG,INTUITIVE SURGICAL INC,88352,293.93304,0.99546256617091,3967
201301,20,RVBD,RIVERBED TECHNOLOGY INC,91485,293.766,0.9952104865137383,3967
201301,21,HLF,HERBALIFE LTD,90516,293.19272,0.9949584068565667,3967
201301,22,DAL,DELTA AIR LINES INC,91926,292.5203,0.994706327199395,3967
201301,23,UAL,UNITED AIRLINES HOLDINGS INC,91103,292.17017,0.9944542475422233,3967
201301,24,YHOO,YAHOO INC,83435,292.0739,0.9942021678850517,3967
201301,25,ANR,ALPHA NATURAL RESOURCES INC,90547,291.75903,0.99395008822788,3967
201302,1,ZNGA,ZYNGA INC,13169,360.14868,1.0,3981
201302,2,GRPN,GROUPON INC,13108,351.80298,0.9997488068324542,3981
201302,3,MCP,MOLYCORP INC DE,11999,339.91855,0.9994976136649083,3981
201302,4,LCC,U S AIRWAYS GROUP INC NEW,90893,326.2205,0.9992464204973625,3981
201302,5,AFFY,AFFYMAX INC,91657,320.45544,0.9989952273298166,3981
201302,6,LNKD,LINKEDIN CORP,12742,313.70535,0.9987440341622708,3981
201302,7,FB,META PLATFORMS INC,13407,309.99805,0.9984928409947249,3981
201302,8,NOK,NOKIA CORP,87128,302.66278,0.9982416478271791,3981
201302,9,NFLX,NETFLIX INC,89393,301.7047,0.9979904546596332,3981
201302,10,QLIK,QLIK TECHNOLOGIES INC,12026,300.14996,0.9977392614920875,3981
201302,11,FSLR,FIRST SOLAR INC,91611,299.75443,0.9974880683245416,3981
201302,12,PBR,PETROLEO BRASILEIRO SA PETROBRAS,88490,297.2715,0.9972368751569958,3981
201302,13,DDD,3 D SYSTEMS CORP DEL,78664,295.27612,0.9969856819894499,3981
201302,14,RVBD,RIVERBED TECHNOLOGY INC,91485,293.9352,0.9967344888219041,3981
201302,15,CRM,SALESFORCE INC,90215,291.51706,0.9964832956543582,3981
201302,16,DNDN,DENDREON CORP,88335,291.32883,0.9962321024868124,3981
201302,17,SPWR,SUNPOWER CORP,90978,291.01224,0.9959809093192665,3981
201302,18,MRVL,MARVELL TECHNOLOGY INC,88360,290.30392,0.9957297161517207,3981
201302,19,ANR,ALPHA NATURAL RESOURCES INC,90547,290.22058,0.9954785229841748,3981
201302,20,NVDA,NVIDIA CORP,86580,289.43204,0.995227329816629,3981
201302,21,CMG,CHIPOTLE MEXICAN GRILL INC,91068,287.71014,0.9949761366490831,3981
201302,22,GNC,G N C HOLDINGS INC,12660,285.06332,0.9947249434815373,3981
201302,23,ARUN,ARUBA NETWORKS INC,91888,284.40405,0.9944737503139914,3981
201302,24,JCP,PENNEY J C CO INC,18403,284.12973,0.9942225571464456,3981
201302,25,CF,C F INDUSTRIES HOLDINGS INC,90829,283.87283,0.9939713639788997,3981
201303,1,ZNGA,ZYNGA INC,13169,341.937,1.0,3972
201303,2,FB,META PLATFORMS INC,13407,320.39432,0.9997482376636455,3972
201303,3,VHC,VIRNETX HOLDING CORP,87084,319.75922,0.999496475327291,3972
201303,4,NOK,NOKIA CORP,87128,313.80914,0.9992447129909365,3972
201303,5,MRVL,MARVELL TECHNOLOGY INC,88360,311.81433,0.998992950654582,3972
201303,6,LNKD,LINKEDIN CORP,12742,309.2533,0.9987411883182276,3972
201303,7,MCP,MOLYCORP INC DE,11999,304.6547,0.9984894259818731,3972
201303,8,NFLX,NETFLIX INC,89393,304.1797,0.9982376636455186,3972
201303,9,LCC,U S AIRWAYS GROUP INC NEW,90893,298.51318,0.9979859013091642,3972
201303,10,CMG,CHIPOTLE MEXICAN GRILL INC,91068,297.1087,0.9977341389728097,3972
201303,11,GRPN,GROUPON INC,13108,292.43127,0.9974823766364552,3972
201303,12,AFFY,AFFYMAX INC,91657,290.3351,0.9972306143001007,3972
201303,13,BBRY,BLACKBERRY LTD,86745,290.11765,0.9969788519637462,3972
201303,14,ISRG,INTUITIVE SURGICAL INC,88352,289.45816,0.9967270896273918,3972
201303,15,BBY,BEST BUY COMPANY INC,85914,289.00668,0.9964753272910373,3972
201303,16,MU,MICRON TECHNOLOGY INC,53613,287.9678,0.9962235649546828,3972
201303,17,P,PANDORA MEDIA INC,12873,287.3275,0.9959718026183283,3972
201303,18,NVDA,NVIDIA CORP,86580,286.71686,0.9957200402819738,3972
201303,19,CCG,CAMPUS CREST COMMUNITIES INC,12323,283.89368,0.9954682779456193,3972
201303,20,VALE,VALE S A,89330,282.24734,0.9952165156092648,3972
201303,21,LULU,LULULEMON ATHLETICA INC,92203,279.98438,0.9949647532729103,3972
201303,22,KORS,CAPRI HOLDINGS LTD,13142,279.32794,0.9947129909365559,3972
201303,23,HLF,HERBALIFE LTD,90516,278.79352,0.9944612286002014,3972
201303,24,SD,SANDRIDGE ENERGY INC,92421,278.5379,0.9942094662638469,3972
201303,25,ULTA,ULTA BEAUTY INC,92322,277.9986,0.9939577039274925,3972
201304,1,FB,META PLATFORMS INC,13407,364.18265,1.0,3990
201304,2,ZNGA,ZYNGA INC,13169,348.20178,0.9997493734335839,3990
201304,3,NFLX,NETFLIX INC,89393,335.97824,0.9994987468671679,3990
201304,4,LNKD,LINKEDIN CORP,12742,335.79465,0.9992481203007518,3990
201304,5,AUY,YAMANA GOLD INC,89976,306.18015,0.9989974937343359,3990
201304,6,MRVL,MARVELL TECHNOLOGY INC,88360,299.78632,0.9987468671679198,3990
201304,7,BBRY,BLACKBERRY LTD,86745,297.88983,0.9984962406015038,3990
201304,8,CRM,SALESFORCE INC,90215,296.04175,0.9982456140350877,3990
201304,9,CVLT,COMMVAULT SYSTEMS INC,91463,295.65027,0.9979949874686717,3990
201304,10,NVDA,NVIDIA CORP,86580,295.00555,0.9977443609022556,3990
201304,11,VALE,VALE S A,89330,292.84308,0.9974937343358395,3990
201304,12,F,FORD MOTOR CO DEL,25785,292.14703,0.9972431077694236,3990
201304,13,HLF,HERBALIFE LTD,90516,290.1549,0.9969924812030075,3990
201304,14,FSLR,FIRST SOLAR INC,91611,290.01245,0.9967418546365915,3990
201304,15,DCT,D C T INDUSTRIAL TRUST INC,91635,289.76978,0.9964912280701754,3990
201304,16,NOK,NOKIA CORP,87128,289.47195,0.9962406015037594,3990
201304,17,ABX,BARRICK MINING CORP,71298,289.25793,0.9959899749373433,3990
201304,18,GRPN,GROUPON INC,13108,287.95963,0.9957393483709274,3990
201304,19,DAL,DELTA AIR LINES INC,91926,287.88232,0.9954887218045113,3990
201304,20,P,PANDORA MEDIA INC,12873,287.52338,0.9952380952380953,3990
201304,21,GM,GENERAL MOTORS CO,12369,286.75595,0.9949874686716792,3990
201304,22,FTNT,FORTINET INC,93132,285.59467,0.9947368421052631,3990
201304,23,OPEN,OPENTABLE INC,92934,285.5635,0.9944862155388471,3990
201304,24,QCOR,QUESTCOR PHARMACEUTICALS INC,78051,285.0345,0.994235588972431,3990
201304,25,CREE,WOLFSPEED INC NEW,78875,284.99176,0.9939849624060151,3990
201305,1,P,PANDORA MEDIA INC,12873,345.59686,1.0,4019
201305,2,MRVL,MARVELL TECHNOLOGY INC,88360,343.17712,0.9997511818860413,4019
201305,3,FB,META PLATFORMS INC,13407,329.2517,0.9995023637720826,4019
201305,4,NFLX,NETFLIX INC,89393,323.36646,0.999253545658124,4019
201305,5,CRM,SALESFORCE INC,90215,319.98068,0.9990047275441652,4019
201305,6,LNKD,LINKEDIN CORP,12742,315.79626,0.9987559094302065,4019
201305,7,MCP,MOLYCORP INC DE,11999,313.8134,0.9985070913162478,4019
201305,8,UNXL,UNI PIXEL INC,12496,312.8779,0.9982582732022891,4019
201305,9,GME,GAMESTOP CORP NEW,89301,311.03067,0.9980094550883304,4019
201305,10,GRPN,GROUPON INC,13108,309.5962,0.9977606369743718,4019
201305,11,SPWR,SUNPOWER CORP,90978,309.38605,0.9975118188604131,4019
201305,12,ZNGA,ZYNGA INC,13169,309.03888,0.9972630007464544,4019
201305,13,LULU,LULULEMON ATHLETICA INC,92203,301.98145,0.9970141826324956,4019
201305,14,TSLA,TESLA INC,93436,300.59442,0.9967653645185369,4019
201305,15,BBRY,BLACKBERRY LTD,86745,300.07626,0.9965165464045782,4019
201305,16,ARUN,ARUBA NETWORKS INC,91888,296.90338,0.9962677282906196,4019
201305,17,FSLR,FIRST SOLAR INC,91611,296.02786,0.9960189101766609,4019
201305,18,DAL,DELTA AIR LINES INC,91926,295.7556,0.9957700920627022,4019
201305,19,MU,MICRON TECHNOLOGY INC,53613,293.53595,0.9955212739487435,4019
201305,20,MGM,M G M RESORTS INTERNATIONAL,11891,293.12024,0.9952724558347847,4019
201305,21,CMG,CHIPOTLE MEXICAN GRILL INC,91068,292.33963,0.995023637720826,4019
201305,22,WCRX,WARNER CHILCOTT PLC IRELAND,91487,290.00705,0.9947748196068674,4019
201305,23,RAX,RACKSPACE HOSTING INC,92765,289.19586,0.9945260014929087,4019
201305,24,LNCO,LINNCO L L C,13647,287.62628,0.99427718337895,4019
201305,25,AMD,ADVANCED MICRO DEVICES INC,61241,284.99414,0.9940283652649913,4019
201306,1,ZNGA,ZYNGA INC,13169,333.61948,1.0,3986
201306,2,FB,META PLATFORMS INC,13407,331.4541,0.9997491219267436,3986
201306,3,TSLA,TESLA INC,93436,327.39673,0.9994982438534872,3986
201306,4,BBRY,BLACKBERRY LTD,86745,326.70602,0.9992473657802308,3986
201306,5,NFLX,NETFLIX INC,89393,324.42877,0.9989964877069744,3986
201306,6,GRPN,GROUPON INC,13108,316.1434,0.9987456096337181,3986
201306,7,MRVL,MARVELL TECHNOLOGY INC,88360,310.7968,0.9984947315604616,3986
201306,8,APOL,APOLLO EDUCATION GROUP INC,81138,303.92987,0.9982438534872052,3986
201306,9,CMG,CHIPOTLE MEXICAN GRILL INC,91068,303.86035,0.9979929754139488,3986
201306,10,MU,MICRON TECHNOLOGY INC,53613,303.21948,0.9977420973406924,3986
201306,11,AMD,ADVANCED MICRO DEVICES INC,61241,300.99734,0.997491219267436,3986
201306,12,KNDI,KANDI TECHNOLOGIES GROUP INC NEW,92589,300.62286,0.9972403411941796,3986
201306,13,LNKD,LINKEDIN CORP,12742,299.77682,0.9969894631209232,3986
201306,14,ARNA,ARENA PHARMACEUTICALS INC,88421,299.56052,0.9967385850476669,3986
201306,15,NVDA,NVIDIA CORP,86580,298.41248,0.9964877069744105,3986
201306,16,GM,GENERAL MOTORS CO,12369,297.99203,0.9962368289011541,3986
201306,17,WLT,WALTER ENERGY INC,82540,297.60956,0.9959859508278976,3986
201306,18,UPL,ULTRA PETROLEUM CORP,88882,296.20557,0.9957350727546412,3986
201306,19,NOK,NOKIA CORP,87128,295.83954,0.9954841946813848,3986
201306,20,CRM,SALESFORCE INC,90215,294.61426,0.9952333166081284,3986
201306,21,ANR,ALPHA NATURAL RESOURCES INC,90547,294.59457,0.994982438534872,3986
201306,22,FSLR,FIRST SOLAR INC,91611,294.09915,0.9947315604616157,3986
201306,23,ABX,BARRICK MINING CORP,71298,290.95233,0.9944806823883593,3986
201306,24,LULU,LULULEMON ATHLETICA INC,92203,286.52304,0.9942298043151029,3986
201306,25,BAC,BANK OF AMERICA CORP,59408,285.9045,0.9939789262418465,3986
201307,1,FB,META PLATFORMS INC,13407,349.63153,1.0,3958
201307,2,ZNGA,ZYNGA INC,13169,344.0466,0.9997473471450228,3958
201307,3,GRPN,GROUPON INC,13108,336.66306,0.9994946942900454,3958
201307,4,LNKD,LINKEDIN CORP,12742,327.78366,0.9992420414350682,3958
201307,5,MRVL,MARVELL TECHNOLOGY INC,88360,322.59933,0.998989388580091,3958
201307,6,NFLX,NETFLIX INC,89393,318.87952,0.9987367357251137,3958
201307,7,MCP,MOLYCORP INC DE,11999,315.78787,0.9984840828701365,3958
201307,8,TSLA,TESLA INC,93436,304.574,0.9982314300151591,3958
201307,9,MU,MICRON TECHNOLOGY INC,53613,303.22186,0.9979787771601819,3958
201307,10,AMD,ADVANCED MICRO DEVICES INC,61241,302.72308,0.9977261243052047,3958
201307,11,DELL,DELL INC,11081,299.8358,0.9974734714502274,3958
201307,12,P,PANDORA MEDIA INC,12873,296.91025,0.9972208185952501,3958
201307,13,BIDU,BAIDU INC,90857,294.31458,0.9969681657402729,3958
201307,14,NVDA,NVIDIA CORP,86580,293.19748,0.9967155128852956,3958
201307,15,BBRY,BLACKBERRY LTD,86745,291.5804,0.9964628600303184,3958
201307,16,CMG,CHIPOTLE MEXICAN GRILL INC,91068,291.34912,0.996210207175341,3958
201307,17,DAL,DELTA AIR LINES INC,91926,290.49936,0.9959575543203638,3958
201307,18,NOK,NOKIA CORP,87128,289.72742,0.9957049014653866,3958
201307,19,PCLN,BOOKING HOLDINGS INC,86783,286.55426,0.9954522486104093,3958
201307,20,HLF,HERBALIFE LTD,90516,285.6222,0.995199595755432,3958
201307,21,WLT,WALTER ENERGY INC,82540,281.89865,0.9949469429004548,3958
201307,22,INVN,INVENSENSE INC,13081,281.70737,0.9946942900454775,3958
201307,23,NLY,ANNALY CAPITAL MANAGEMENT INC,85414,281.32977,0.9944416371905003,3958
201307,24,SRPT,SAREPTA THERAPEUTICS INC,85002,280.8963,0.9941889843355229,3958
201307,25,HMA,HEALTH MANAGEMENT ASSOCIATES INC,76565,279.75482,0.9939363314805457,3958
201308,1,MRVL,MARVELL TECHNOLOGY INC,88360,346.24295,1.0,4010
201308,2,FB,META PLATFORMS INC,13407,338.06854,0.9997506234413965,4010
201308,3,P,PANDORA MEDIA INC,12873,337.62177,0.9995012468827931,4010
201308,4,GRPN,GROUPON INC,13108,333.999,0.9992518703241895,4010
201308,5,NVDA,NVIDIA CORP,86580,332.27353,0.999002493765586,4010
201308,6,OSIR,OSIRIS THERAPEUTICS INC NEW,91434,313.7838,0.9987531172069826,4010
201308,7,FSLR,FIRST SOLAR INC,91611,313.00357,0.9985037406483791,4010
201308,8,LNKD,LINKEDIN CORP,12742,311.349,0.9982543640897755,4010
201308,9,DELL,DELL INC,11081,307.62653,0.9980049875311721,4010
201308,10,MNKD,MANNKIND CORP,90285,301.91635,0.9977556109725686,4010
201308,11,LCC,U S AIRWAYS GROUP INC NEW,90893,299.35883,0.9975062344139651,4010
201308,12,DAL,DELTA AIR LINES INC,91926,298.8291,0.9972568578553616,4010
201308,13,NFLX,NETFLIX INC,89393,297.77316,0.9970074812967581,4010
201308,14,MU,MICRON TECHNOLOGY INC,53613,296.66223,0.9967581047381546,4010
201308,15,MCP,MOLYCORP INC DE,11999,295.53485,0.9965087281795512,4010
201308,16,JCP,PENNEY J C CO INC,18403,294.13303,0.9962593516209476,4010
201308,17,TSLA,TESLA INC,93436,293.73334,0.9960099750623441,4010
201308,18,UAL,UNITED AIRLINES HOLDINGS INC,91103,291.9789,0.9957605985037407,4010
201308,19,MGM,M G M RESORTS INTERNATIONAL,11891,291.09708,0.9955112219451372,4010
201308,20,CVC,CABLEVISION SYSTEMS CORP,68857,287.9559,0.9952618453865336,4010
201308,21,SCTY,SOLARCITY CORP,13711,287.77844,0.9950124688279302,4010
201308,22,GME,GAMESTOP CORP NEW,89301,287.41534,0.9947630922693267,4010
201308,23,CRM,SALESFORCE INC,90215,285.4603,0.9945137157107232,4010
201308,24,MA,MASTERCARD INC,91233,285.42416,0.9942643391521196,4010
201308,25,ULTA,ULTA BEAUTY INC,92322,283.4992,0.9940149625935162,4010
201309,1,P,PANDORA MEDIA INC,12873,357.06235,1.0,4001
201309,2,FB,META PLATFORMS INC,13407,352.82593,0.9997500624843789,4001
201309,3,GRPN,GROUPON INC,13108,346.64822,0.9995001249687578,4001
201309,4,MRVL,MARVELL TECHNOLOGY INC,88360,332.45825,0.9992501874531368,4001
201309,5,INVN,INVENSENSE INC,13081,328.28748,0.9990002499375156,4001
201309,6,ZNGA,ZYNGA INC,13169,327.33734,0.9987503124218945,4001
201309,7,BBRY,BLACKBERRY LTD,86745,327.06445,0.9985003749062734,4001
201309,8,LNKD,LINKEDIN CORP,12742,325.68518,0.9982504373906523,4001
201309,9,HIMX,HIMAX TECHNOLOGIES INC,91163,312.62543,0.9980004998750313,4001
201309,10,NFLX,NETFLIX INC,89393,312.1048,0.9977505623594102,4001
201309,11,DAL,DELTA AIR LINES INC,91926,311.58618,0.9975006248437891,4001
201309,12,MU,MICRON TECHNOLOGY INC,53613,310.13467,0.9972506873281679,4001
201309,13,YELP,YELP INC,13318,308.55997,0.9970007498125468,4001
201309,14,TSLA,TESLA INC,93436,305.542,0.9967508122969257,4001
201309,15,JCP,PENNEY J C CO INC,18403,304.67926,0.9965008747813047,4001
201309,16,IAG,IAMGOLD CORP,89630,299.00815,0.9962509372656836,4001
201309,17,FTNT,FORTINET INC,93132,295.88312,0.9960009997500625,4001
201309,18,NVDA,NVIDIA CORP,86580,295.36597,0.9957510622344414,4001
201309,19,CMG,CHIPOTLE MEXICAN GRILL INC,91068,291.9449,0.9955011247188202,4001
201309,20,Z,ZILLOW GROUP INC,12927,291.74597,0.9952511872031992,4001
201309,21,UNXL,UNI PIXEL INC,12496,291.0611,0.9950012496875781,4001
201309,22,MGM,M G M RESORTS INTERNATIONAL,11891,290.4369,0.994751312171957,4001
201309,23,LULU,LULULEMON ATHLETICA INC,92203,289.97516,0.9945013746563359,4001
201309,24,MCP,MOLYCORP INC DE,11999,289.79132,0.9942514371407148,4001
201309,25,SINA,SINA CORP,88196,286.85294,0.9940014996250938,4001
201310,1,GRPN,GROUPON INC,13108,367.3484,1.0,3983
201310,2,FB,META PLATFORMS INC,13407,355.04242,0.9997489329651017,3983
201310,3,P,PANDORA MEDIA INC,12873,353.62042,0.9994978659302034,3983
201310,4,LNKD,LINKEDIN CORP,12742,348.7577,0.9992467988953051,3983
201310,5,ZNGA,ZYNGA INC,13169,346.4202,0.9989957318604067,3983
201310,6,AMRN,AMARIN CORP PLC,79122,335.47955,0.9987446648255084,3983
201310,7,TSLA,TESLA INC,93436,332.6002,0.9984935977906101,3983
201310,8,NFLX,NETFLIX INC,89393,331.35233,0.9982425307557118,3983
201310,9,YELP,YELP INC,13318,329.49194,0.9979914637208135,3983
201310,10,VALE,VALE S A,89330,311.6675,0.9977403966859152,3983
201310,11,MCP,MOLYCORP INC DE,11999,311.19894,0.9974893296510168,3983
201310,12,MU,MICRON TECHNOLOGY INC,53613,310.83932,0.9972382626161185,3983
201310,13,NQ,LINK MOTION INC,12746,310.6022,0.9969871955812202,3983
201310,14,DAL,DELTA AIR LINES INC,91926,305.9324,0.9967361285463219,3983
201310,15,JCP,PENNEY J C CO INC,18403,301.97815,0.9964850615114236,3983
201310,16,NVDA,NVIDIA CORP,86580,294.99496,0.9962339944765253,3983
201310,17,ARIA,ARIAD PHARMACEUTICALS INC,80918,294.1768,0.9959829274416269,3983
201310,18,Z,ZILLOW GROUP INC,12927,293.25897,0.9957318604067286,3983
201310,19,CRUS,CIRRUS LOGIC INC,75603,292.06494,0.9954807933718303,3983
201310,20,MGM,M G M RESORTS INTERNATIONAL,11891,291.90204,0.995229726336932,3983
201310,21,ISRG,INTUITIVE SURGICAL INC,88352,291.50757,0.9949786593020337,3983
201310,22,SCTY,SOLARCITY CORP,13711,291.48047,0.9947275922671354,3983
201310,23,LCC,U S AIRWAYS GROUP INC NEW,90893,291.2639,0.994476525232237,3983
201310,24,CMG,CHIPOTLE MEXICAN GRILL INC,91068,289.43167,0.9942254581973387,3983
201310,25,GM,GENERAL MOTORS CO,12369,287.79584,0.9939743911624404,3983
201311,1,P,PANDORA MEDIA INC,12873,357.321,1.0,4009
201311,2,GRPN,GROUPON INC,13108,342.83157,0.9997505612372163,4009
201311,3,BBRY,BLACKBERRY LTD,86745,330.11334,0.9995011224744326,4009
201311,4,MRVL,MARVELL TECHNOLOGY INC,88360,321.12906,0.9992516837116487,4009
201311,5,LCC,U S AIRWAYS GROUP INC NEW,90893,319.14313,0.999002244948865,4009
201311,6,RAX,RACKSPACE HOSTING INC,92765,319.08405,0.9987528061860813,4009
201311,7,ZNGA,ZYNGA INC,13169,317.98468,0.9985033674232976,4009
201311,8,ONVO,VIVOSIM LABS INC,14033,317.36896,0.9982539286605139,4009
201311,9,FB,META PLATFORMS INC,13407,316.69962,0.9980044898977302,4009
201311,10,SCTY,SOLARCITY CORP,13711,316.6731,0.9977550511349463,4009
201311,11,TMUS,T MOBILE U S INC,91937,307.75415,0.9975056123721626,4009
201311,12,TSLA,TESLA INC,93436,305.2187,0.9972561736093789,4009
201311,13,SINA,SINA CORP,88196,301.69507,0.9970067348465952,4009
201311,14,NFLX,NETFLIX INC,89393,301.2168,0.9967572960838115,4009
201311,15,NQ,LINK MOTION INC,12746,299.57434,0.9965078573210276,4009
201311,16,PBR,PETROLEO BRASILEIRO SA PETROBRAS,88490,298.75406,0.9962584185582439,4009
201311,17,SRPT,SAREPTA THERAPEUTICS INC,85002,298.29932,0.9960089797954602,4009
201311,18,YELP,YELP INC,13318,296.51743,0.9957595410326765,4009
201311,19,DAL,DELTA AIR LINES INC,91926,294.99277,0.9955101022698928,4009
201311,20,VNDA,VANDA PHARMACEUTICALS INC,91186,292.81873,0.995260663507109,4009
201311,21,LNKD,LINKEDIN CORP,12742,291.32635,0.9950112247443252,4009
201311,22,LULU,LULULEMON ATHLETICA INC,92203,289.83646,0.9947617859815415,4009
201311,23,DDD,3 D SYSTEMS CORP DEL,78664,288.998,0.9945123472187578,4009
201311,24,ANF,ABERCROMBIE & FITCH CO,83976,288.40866,0.9942629084559741,4009
201311,25,JCP,PENNEY J C CO INC,18403,288.37875,0.9940134696931904,4009
201312,1,ARIA,ARIAD PHARMACEUTICALS INC,80918,337.8745,1.0,4019
201312,2,P,PANDORA MEDIA INC,12873,336.54077,0.9997511818860413,4019
201312,3,GRPN,GROUPON INC,13108,334.38107,0.9995023637720826,4019
201312,4,FB,META PLATFORMS INC,13407,325.06116,0.999253545658124,4019
201312,5,BBRY,BLACKBERRY LTD,86745,323.97726,0.9990047275441652,4019
201312,6,GOGO,GOGO INC,13956,320.64026,0.9987559094302065,4019
201312,7,LULU,LULULEMON ATHLETICA INC,92203,318.89145,0.9985070913162478,4019
201312,8,MU,MICRON TECHNOLOGY INC,53613,318.01434,0.9982582732022891,4019
201312,9,DAL,DELTA AIR LINES INC,91926,309.24802,0.9980094550883304,4019
201312,10,MRVL,MARVELL TECHNOLOGY INC,88360,307.0139,0.9977606369743718,4019
201312,11,AFSI,AMTRUST FINANCIAL SERVICES INC,91603,303.77356,0.9975118188604131,4019
201312,12,NFLX,NETFLIX INC,89393,303.4736,0.9972630007464544,4019
201312,13,S,SPRINT CORP NEW,14040,302.64343,0.9970141826324956,4019
201312,14,GM,GENERAL MOTORS CO,12369,300.3287,0.9967653645185369,4019
201312,15,APOL,APOLLO EDUCATION GROUP INC,81138,298.6611,0.9965165464045782,4019
201312,16,JCP,PENNEY J C CO INC,18403,298.43762,0.9962677282906196,4019
201312,17,PBR,PETROLEO BRASILEIRO SA PETROBRAS,88490,296.69998,0.9960189101766609,4019
201312,18,RAD,RITE AID CORP,46922,296.44586,0.9957700920627022,4019
201312,19,TWTR,TWITTER INC,14295,295.46475,0.9955212739487435,4019
201312,20,DISH,DISH NETWORK CORP,81696,294.98706,0.9952724558347847,4019
201312,21,VALE,VALE S A,89330,294.1898,0.995023637720826,4019
201312,22,IOC,INTEROIL CORP,90339,289.54877,0.9947748196068674,4019
201312,23,LNKD,LINKEDIN CORP,12742,287.73224,0.9945260014929087,4019
201312,24,ZNGA,ZYNGA INC,13169,286.77405,0.99427718337895,4019
201312,25,FSLR,FIRST SOLAR INC,91611,280.8844,0.9940283652649913,4019
201401,1,P,PANDORA MEDIA INC,12873,348.20844,1.0,3987
201401,2,FB,META PLATFORMS INC,13407,342.9333,0.999749184850765,3987
201401,3,GRPN,GROUPON INC,13108,341.6031,0.9994983697015299,3987
201401,4,NFLX,NETFLIX INC,89393,333.4101,0.999247554552295,3987
201401,5,BBRY,BLACKBERRY LTD,86745,319.6393,0.99899673940306,3987
201401,6,GOGO,GOGO INC,13956,319.48407,0.9987459242538249,3987
201401,7,GM,GENERAL MOTORS CO,12369,317.4043,0.9984951091045899,3987
201401,8,ARIA,ARIAD PHARMACEUTICALS INC,80918,316.02814,0.9982442939553549,3987
201401,9,COH,TAPESTRY INC,88661,315.61224,0.9979934788061199,3987
201401,10,CMG,CHIPOTLE MEXICAN GRILL INC,91068,313.7759,0.9977426636568849,3987
201401,11,PLUG,PLUG POWER INC,87337,312.0202,0.9974918485076498,3987
201401,12,INVN,INVENSENSE INC,13081,311.69052,0.9972410333584149,3987
201401,13,TSLA,TESLA INC,93436,308.9617,0.9969902182091799,3987
201401,14,ZNGA,ZYNGA INC,13169,301.9149,0.9967394030599448,3987
201401,15,LNKD,LINKEDIN CORP,12742,301.49902,0.9964885879107098,3987
201401,16,AMD,ADVANCED MICRO DEVICES INC,61241,301.49884,0.9962377727614747,3987
201401,17,KORS,CAPRI HOLDINGS LTD,13142,300.6944,0.9959869576122398,3987
201401,18,CHTP,CHELSEA THERAPEUTICS INTL LTD,91270,300.14856,0.9957361424630048,3987
201401,19,EXPE,EXPEDIA GROUP INC,90808,299.1669,0.9954853273137697,3987
201401,20,ICPT,INTERCEPT PHARMACEUTICALS INC,13643,299.14893,0.9952345121645347,3987
201401,21,S,SPRINT CORP NEW,14040,297.4796,0.9949836970152998,3987
201401,22,JNPR,JUNIPER NETWORKS INC,86979,296.6402,0.9947328818660647,3987
201401,23,TWTR,TWITTER INC,14295,294.0804,0.9944820667168297,3987
201401,24,YELP,YELP INC,13318,289.9552,0.9942312515675947,3987
201401,25,CRUS,CIRRUS LOGIC INC,75603,289.49567,0.9939804364183596,3987
201402,1,GRPN,GROUPON INC,13108,364.6614,1.0,4016
201402,2,P,PANDORA MEDIA INC,12873,350.27396,0.9997509960159362,4016
201402,3,TWTR,TWITTER INC,14295,340.9916,0.9995019920318725,4016
201402,4,ZNGA,ZYNGA INC,13169,327.7364,0.9992529880478087,4016
201402,5,BBRY,BLACKBERRY LTD,86745,318.4407,0.999003984063745,4016
201402,6,TSLA,TESLA INC,93436,316.43652,0.9987549800796812,4016
201402,7,LNKD,LINKEDIN CORP,12742,314.3166,0.9985059760956175,4016
201402,8,TMUS,T MOBILE U S INC,91937,311.14832,0.9982569721115537,4016
201402,9,FB,META PLATFORMS INC,13407,310.83667,0.99800796812749,4016
201402,10,NFLX,NETFLIX INC,89393,309.91965,0.9977589641434262,4016
201402,11,ARIA,ARIAD PHARMACEUTICALS INC,80918,302.3756,0.9975099601593626,4016
201402,12,GM,GENERAL MOTORS CO,12369,301.21298,0.9972609561752988,4016
201402,13,CHTP,CHELSEA THERAPEUTICS INTL LTD,91270,298.45435,0.9970119521912351,4016
201402,14,S,SPRINT CORP NEW,14040,297.4655,0.9967629482071713,4016
201402,15,ICPT,INTERCEPT PHARMACEUTICALS INC,13643,296.06335,0.9965139442231076,4016
201402,16,MU,MICRON TECHNOLOGY INC,53613,292.88376,0.9962649402390438,4016
201402,17,MRVL,MARVELL TECHNOLOGY INC,88360,290.0051,0.9960159362549801,4016
201402,18,YELP,YELP INC,13318,289.7309,0.9957669322709163,4016
201402,19,AWAY,HOMEAWAY INC,12882,288.86365,0.9955179282868526,4016
201402,20,PBR,PETROLEO BRASILEIRO SA PETROBRAS,88490,285.87033,0.9952689243027888,4016
201402,21,GOGO,GOGO INC,13956,285.09625,0.9950199203187251,4016
201402,22,QCOR,QUESTCOR PHARMACEUTICALS INC,78051,284.8064,0.9947709163346613,4016
201402,23,SCTY,SOLARCITY CORP,13711,283.77548,0.9945219123505976,4016
201402,24,DDD,3 D SYSTEMS CORP DEL,78664,283.03284,0.9942729083665338,4016
201402,25,JCP,PENNEY J C CO INC,18403,282.59378,0.9940239043824701,4016
201403,1,PLUG,PLUG POWER INC,87337,371.83923,1.0,4026
201403,2,NFLX,NETFLIX INC,89393,366.60446,0.9997516145057128,4026
201403,3,P,PANDORA MEDIA INC,12873,364.1759,0.9995032290114257,4026
201403,4,FB,META PLATFORMS INC,13407,356.45288,0.9992548435171386,4026
201403,5,BBRY,BLACKBERRY LTD,86745,347.20816,0.9990064580228515,4026
201403,6,ZNGA,ZYNGA INC,13169,339.33737,0.9987580725285643,4026
201403,7,TSLA,TESLA INC,93436,329.35428,0.9985096870342772,4026
201403,8,ICPT,INTERCEPT PHARMACEUTICALS INC,13643,328.8678,0.99826130153999,4026
201403,9,TWTR,TWITTER INC,14295,327.8084,0.998012916045703,4026
201403,10,MU,MICRON TECHNOLOGY INC,53613,323.86392,0.9977645305514158,4026
201403,11,CMG,CHIPOTLE MEXICAN GRILL INC,91068,321.33417,0.9975161450571287,4026
201403,12,GTAT,G T ADVANCED TECHNOLOGIES INC,92758,315.3497,0.9972677595628415,4026
201403,13,YELP,YELP INC,13318,315.09003,0.9970193740685543,4026
201403,14,GM,GENERAL MOTORS CO,12369,313.06766,0.9967709885742673,4026
201403,15,ECYT,ENDOCYTE INC,12575,307.4681,0.9965226030799801,4026
201403,16,GRPN,GROUPON INC,13108,307.38544,0.996274217585693,4026
201403,17,LNKD,LINKEDIN CORP,12742,306.42377,0.9960258320914058,4026
201403,18,BLDP,BALLARD POWER SYSTEMS INC,82555,306.10995,0.9957774465971188,4026
201403,19,FEYE,MANDIANT INC,14159,304.41302,0.9955290611028316,4026
201403,20,MNKD,MANNKIND CORP,90285,301.60736,0.9952806756085445,4026
201403,21,DG,DOLLAR GENERAL CORP NEW,93096,301.17532,0.9950322901142573,4026
201403,22,DATA,TABLEAU SOFTWARE INC,13914,300.84918,0.9947839046199702,4026
201403,23,NOK,NOKIA CORP,87128,293.50574,0.994535519125683,4026
201403,24,LULU,LULULEMON ATHLETICA INC,92203,291.43155,0.994287133631396,4026
201403,25,VALE,VALE S A,89330,291.41217,0.9940387481371088,4026
201404,1,P,PANDORA MEDIA INC,12873,363.47992,1.0,4085
201404,2,PLUG,PLUG POWER INC,87337,361.14902,0.9997552019583843,4085
201404,3,NFLX,NETFLIX INC,89393,337.75656,0.9995104039167687,4085
201404,4,FB,META PLATFORMS INC,13407,335.9093,0.999265605875153,4085
201404,5,ZNGA,ZYNGA INC,13169,332.5186,0.9990208078335373,4085
201404,6,TWTR,TWITTER INC,14295,329.16275,0.9987760097919217,4085
201404,7,GRPN,GROUPON INC,13108,326.32913,0.998531211750306,4085
201404,8,YELP,YELP INC,13318,324.99838,0.9982864137086903,4085
201404,9,CMG,CHIPOTLE MEXICAN GRILL INC,91068,324.47446,0.9980416156670746,4085
201404,10,LNKD,LINKEDIN CORP,12742,321.8354,0.997796817625459,4085
201404,11,TRIP,TRIPADVISOR INC,13168,317.18964,0.9975520195838433,4085
201404,12,TSLA,TESLA INC,93436,316.98053,0.9973072215422276,4085
201404,13,UA,UNDER ARMOUR INC,90979,315.64545,0.997062423500612,4085
201404,14,EXPE,EXPEDIA GROUP INC,90808,315.17667,0.9968176254589963,4085
201404,15,FSLR,FIRST SOLAR INC,91611,306.20944,0.9965728274173806,4085
201404,16,COH,TAPESTRY INC,88661,301.3603,0.996328029375765,4085
201404,17,GM,GENERAL MOTORS CO,12369,300.30478,0.9960832313341493,4085
201404,18,FEYE,MANDIANT INC,14159,300.21924,0.9958384332925336,4085
201404,19,GTAT,G T ADVANCED TECHNOLOGIES INC,92758,299.32745,0.995593635250918,4085
201404,20,MU,MICRON TECHNOLOGY INC,53613,297.87167,0.9953488372093023,4085
201404,21,SPWR,SUNPOWER CORP,90978,295.43115,0.9951040391676866,4085
201404,22,SUNE,SUNEDISON INC,81776,293.555,0.9948592411260709,4085
201404,23,VALE,VALE S A,89330,292.72592,0.9946144430844553,4085
201404,24,INVN,INVENSENSE INC,13081,291.96924,0.9943696450428396,4085
201404,25,ATHN,ATHENAHEALTH INC,92296,290.23965,0.9941248470012239,4085
201405,1,GRPN,GROUPON INC,13108,344.71225,1.0,4134
201405,2,PLUG,PLUG POWER INC,87337,334.1569,0.9997581035316885,4134
201405,3,TWTR,TWITTER INC,14295,328.08588,0.9995162070633768,4134
201405,4,FEYE,MANDIANT INC,14159,325.44513,0.9992743105950653,4134
201405,5,TSLA,TESLA INC,93436,319.15918,0.9990324141267537,4134
201405,6,SRC,SPIRIT REALTY CAPITAL INC NEW,14039,315.48056,0.9987905176584422,4134
201405,7,PANW,PALO ALTO NETWORKS INC,13511,315.4172,0.9985486211901307,4134
201405,8,P,PANDORA MEDIA INC,12873,309.52435,0.998306724721819,4134
201405,9,FSLR,FIRST SOLAR INC,91611,308.8365,0.9980648282535075,4134
201405,10,NFLX,NETFLIX INC,89393,307.44693,0.997822931785196,4134
201405,11,RAX,RACKSPACE HOSTING INC,92765,306.63574,0.9975810353168844,4134
201405,12,ZU,ZULILY INC,14327,304.52258,0.9973391388485728,4134
201405,13,SUNE,SUNEDISON INC,81776,304.36438,0.9970972423802612,4134
201405,14,ANF,ABERCROMBIE & FITCH CO,83976,304.1154,0.9968553459119497,4134
201405,15,S,SPRINT CORP NEW,14040,301.59232,0.9966134494436382,4134
201405,16,VIPS,VIPSHOP HOLDINGS LTD,13315,299.64856,0.9963715529753265,4134
201405,17,SPLK,SPLUNK INC,13379,299.58282,0.996129656507015,4134
201405,18,KORS,CAPRI HOLDINGS LTD,13142,299.5191,0.9958877600387034,4134
201405,19,ICPT,INTERCEPT PHARMACEUTICALS INC,13643,297.7943,0.9956458635703919,4134
201405,20,LNKD,LINKEDIN CORP,12742,296.60562,0.9954039671020803,4134
201405,21,SODA,SODASTREAM INTERNATIONAL LTD,12405,295.3898,0.9951620706337687,4134
201405,22,ZNGA,ZYNGA INC,13169,292.94574,0.9949201741654572,4134
201405,23,FB,META PLATFORMS INC,13407,292.36145,0.9946782776971457,4134
201405,24,MU,MICRON TECHNOLOGY INC,53613,291.1011,0.994436381228834,4134
201405,25,GME,GAMESTOP CORP NEW,89301,290.83542,0.9941944847605225,4134
201406,1,ACHN,ACHILLION PHARMACEUTICALS INC,91491,337.95337,1.0,4128
201406,2,LULU,LULULEMON ATHLETICA INC,92203,331.03992,0.9997577519379846,4128
201406,3,BBRY,BLACKBERRY LTD,86745,329.28094,0.999515503875969,4128
201406,4,NFLX,NETFLIX INC,89393,323.2932,0.9992732558139535,4128
201406,5,GRPN,GROUPON INC,13108,319.87097,0.999031007751938,4128
201406,6,ZNGA,ZYNGA INC,13169,315.4611,0.9987887596899225,4128
201406,7,PLUG,PLUG POWER INC,87337,314.80353,0.998546511627907,4128
201406,8,TSLA,TESLA INC,93436,314.66284,0.9983042635658915,4128
201406,9,RAX,RACKSPACE HOSTING INC,92765,313.23438,0.998062015503876,4128
201406,10,P,PANDORA MEDIA INC,12873,312.63507,0.9978197674418605,4128
201406,11,FB,META PLATFORMS INC,13407,303.36307,0.997577519379845,4128
201406,12,QCOR,QUESTCOR PHARMACEUTICALS INC,78051,300.95483,0.9973352713178295,4128
201406,13,TWTR,TWITTER INC,14295,299.5584,0.997093023255814,4128
201406,14,ICPT,INTERCEPT PHARMACEUTICALS INC,13643,298.20157,0.9968507751937985,4128
201406,15,NOK,NOKIA CORP,87128,297.61475,0.9966085271317829,4128
201406,16,MNKD,MANNKIND CORP,90285,297.36786,0.9963662790697675,4128
201406,17,NQ,LINK MOTION INC,12746,296.02567,0.9961240310077519,4128
201406,18,CMG,CHIPOTLE MEXICAN GRILL INC,91068,294.56958,0.9958817829457365,4128
201406,19,GTAT,G T ADVANCED TECHNOLOGIES INC,92758,289.44617,0.9956395348837209,4128
201406,20,S,SPRINT CORP NEW,14040,286.417,0.9953972868217055,4128
201406,21,DAL,DELTA AIR LINES INC,91926,286.18384,0.9951550387596899,4128
201406,22,COH,TAPESTRY INC,88661,284.64322,0.9949127906976745,4128
201406,23,SCTY,SOLARCITY CORP,13711,284.02753,0.9946705426356589,4128
201406,24,RAD,RITE AID CORP,46922,283.36575,0.9944282945736435,4128
201406,25,GRT,GLIMCHER REALTY TRUST,80180,283.23883,0.9941860465116279,4128
201407,1,TSLA,TESLA INC,93436,343.32312,1.0,4122
201407,2,P,PANDORA MEDIA INC,12873,341.92743,0.999757399320718,4122
201407,3,GTAT,G T ADVANCED TECHNOLOGIES INC,92758,334.00882,0.9995147986414362,4122
201407,4,PLUG,PLUG POWER INC,87337,333.27393,0.9992721979621543,4122
201407,5,YELP,YELP INC,13318,333.18546,0.9990295972828724,4122
201407,6,FB,META PLATFORMS INC,13407,332.20724,0.9987869966035905,4122
201407,7,GRPN,GROUPON INC,13108,330.0971,0.9985443959243085,4122
201407,8,AMD,ADVANCED MICRO DEVICES INC,61241,326.83588,0.9983017952450267,4122
201407,9,INVN,INVENSENSE INC,13081,324.13007,0.9980591945657448,4122
201407,10,BBRY,BLACKBERRY LTD,86745,319.7931,0.9978165938864629,4122
201407,11,TWTR,TWITTER INC,14295,312.91132,0.997573993207181,4122
201407,12,LNKD,LINKEDIN CORP,12742,312.71814,0.997331392527899,4122
201407,13,KORS,CAPRI HOLDINGS LTD,13142,310.17596,0.9970887918486172,4122
201407,14,ISRG,INTUITIVE SURGICAL INC,88352,310.09872,0.9968461911693353,4122
201407,15,NFLX,NETFLIX INC,89393,309.32855,0.9966035904900534,4122
201407,16,CMG,CHIPOTLE MEXICAN GRILL INC,91068,305.52258,0.9963609898107715,4122
201407,17,RAX,RACKSPACE HOSTING INC,92765,299.07166,0.9961183891314895,4122
201407,18,EXPE,EXPEDIA GROUP INC,90808,295.8816,0.9958757884522077,4122
201407,19,AMAT,APPLIED MATERIALS INC,14702,295.4651,0.9956331877729258,4122
201407,20,SPLK,SPLUNK INC,13379,295.08173,0.9953905870936438,4122
201407,21,SCTY,SOLARCITY CORP,13711,294.62473,0.995147986414362,4122
201407,22,SUNE,SUNEDISON INC,81776,294.5511,0.99490538573508,4122
201407,23,UA,UNDER ARMOUR INC,90979,294.23782,0.9946627850557982,4122
201407,24,EA,ELECTRONIC ARTS INC,75828,291.32922,0.9944201843765162,4122
201407,25,DATA,TABLEAU SOFTWARE INC,13914,290.20865,0.9941775836972343,4122
201408,1,GRPN,GROUPON INC,13108,359.81372,1.0,4156
201408,2,VIPS,VIPSHOP HOLDINGS LTD,13315,328.06277,0.9997593840230992,4156
201408,3,PLUG,PLUG POWER INC,87337,325.63367,0.9995187680461982,4156
201408,4,P,PANDORA MEDIA INC,12873,312.94516,0.9992781520692974,4156
201408,5,LNKD,LINKEDIN CORP,12742,311.8617,0.9990375360923965,4156
201408,6,FB,META PLATFORMS INC,13407,308.7251,0.9987969201154957,4156
201408,7,S,SPRINT CORP NEW,14040,308.64807,0.9985563041385948,4156
201408,8,SPLK,SPLUNK INC,13379,308.21835,0.9983156881616939,4156
201408,9,FEYE,MANDIANT INC,14159,307.14774,0.9980750721847931,4156
201408,10,GTAT,G T ADVANCED TECHNOLOGIES INC,92758,306.90845,0.9978344562078922,4156
201408,11,SCTY,SOLARCITY CORP,13711,304.80664,0.9975938402309913,4156
201408,12,PBR,PETROLEO BRASILEIRO SA PETROBRAS,88490,302.8408,0.9973532242540905,4156
201408,13,NFLX,NETFLIX INC,89393,299.68414,0.9971126082771896,4156
201408,14,TWTR,TWITTER INC,14295,299.4359,0.9968719923002888,4156
201408,15,TSLA,TESLA INC,93436,298.21744,0.9966313763233878,4156
201408,16,RAX,RACKSPACE HOSTING INC,92765,297.7941,0.996390760346487,4156
201408,17,YELP,YELP INC,13318,293.97345,0.9961501443695862,4156
201408,18,ZU,ZULILY INC,14327,293.1425,0.9959095283926853,4156
201408,19,ZNGA,ZYNGA INC,13169,292.45105,0.9956689124157844,4156
201408,20,TKMR,ARBUTUS BIOPHARMA CORP,12411,290.5365,0.9954282964388835,4156
201408,21,ICPT,INTERCEPT PHARMACEUTICALS INC,13643,289.72552,0.9951876804619827,4156
201408,22,BBRY,BLACKBERRY LTD,86745,288.47217,0.9949470644850819,4156
201408,23,JCP,PENNEY J C CO INC,18403,287.0409,0.9947064485081809,4156
201408,24,BBY,BEST BUY COMPANY INC,85914,286.61697,0.9944658325312801,4156
201408,25,NVDA,NVIDIA CORP,86580,285.81503,0.9942252165543792,4156
201409,1,NFLX,NETFLIX INC,89393,344.7397,1.0,4155
201409,2,GTAT,G T ADVANCED TECHNOLOGIES INC,92758,342.2697,0.9997593261131167,4155
201409,3,BBRY,BLACKBERRY LTD,86745,336.59485,0.9995186522262335,4155
201409,4,LNKD,LINKEDIN CORP,12742,336.0946,0.9992779783393502,4155
201409,5,P,PANDORA MEDIA INC,12873,333.7872,0.9990373044524669,4155
201409,6,TWTR,TWITTER INC,14295,323.9568,0.9987966305655837,4155
201409,7,TSLA,TESLA INC,93436,322.63907,0.9985559566787003,4155
201409,8,FB,META PLATFORMS INC,13407,313.7687,0.9983152827918171,4155
201409,9,PBR,PETROLEO BRASILEIRO SA PETROBRAS,88490,310.90622,0.9980746089049338,4155
201409,10,GRPN,GROUPON INC,13108,308.88812,0.9978339350180505,4155
201409,11,INVN,INVENSENSE INC,13081,308.6146,0.9975932611311673,4155
201409,12,CMG,CHIPOTLE MEXICAN GRILL INC,91068,306.5184,0.997352587244284,4155
201409,13,ICPT,INTERCEPT PHARMACEUTICALS INC,13643,305.73676,0.9971119133574007,4155
201409,14,BSBR,BANCO SANTANDER BRASIL S A,93054,304.9611,0.9968712394705175,4155
201409,15,SCTY,SOLARCITY CORP,13711,301.60974,0.9966305655836342,4155
201409,16,YELP,YELP INC,13318,300.32767,0.9963898916967509,4155
201409,17,VALE,VALE S A,89330,295.75073,0.9961492178098676,4155
201409,18,UAL,UNITED AIRLINES HOLDINGS INC,91103,293.82312,0.9959085439229843,4155
201409,19,VHC,VIRNETX HOLDING CORP,87084,293.73834,0.9956678700361011,4155
201409,20,PANW,PALO ALTO NETWORKS INC,13511,291.25858,0.9954271961492178,4155
201409,21,AKS,A K STEEL HOLDING CORP,80303,290.86316,0.9951865222623345,4155
201409,22,JD,J D COM INC,14655,289.88693,0.9949458483754513,4155
201409,23,SDRL,SEADRILL LTD 2021,93338,289.11694,0.994705174488568,4155
201409,24,VIPS,VIPSHOP HOLDINGS LTD,13315,288.66235,0.9944645006016847,4155
201409,25,RAX,RACKSPACE HOSTING INC,92765,287.37155,0.9942238267148015,4155
201410,1,P,PANDORA MEDIA INC,12873,357.6214,1.0,4144
201410,2,TWTR,TWITTER INC,14295,350.7103,0.9997586872586872,4144
201410,3,FB,META PLATFORMS INC,13407,348.22614,0.9995173745173745,4144
201410,4,GTAT,G T ADVANCED TECHNOLOGIES INC,92758,332.0571,0.9992760617760618,4144
201410,5,LNKD,LINKEDIN CORP,12742,331.8674,0.999034749034749,4144
201410,6,TSLA,TESLA INC,93436,324.46954,0.9987934362934363,4144
201410,7,GRPN,GROUPON INC,13108,322.53613,0.9985521235521235,4144
201410,8,TKMR,ARBUTUS BIOPHARMA CORP,12411,321.15945,0.9983108108108109,4144
201410,9,CMG,CHIPOTLE MEXICAN GRILL INC,91068,314.91736,0.9980694980694981,4144
201410,10,COH,TAPESTRY INC,88661,314.71713,0.9978281853281853,4144
201410,11,EXPE,EXPEDIA GROUP INC,90808,313.45218,0.9975868725868726,4144
201410,12,INVN,INVENSENSE INC,13081,308.72604,0.9973455598455598,4144
201410,13,UA,UNDER ARMOUR INC,90979,307.39444,0.997104247104247,4144
201410,14,PANW,PALO ALTO NETWORKS INC,13511,306.44595,0.9968629343629344,4144
201410,15,SCTY,SOLARCITY CORP,13711,304.06592,0.9966216216216216,4144
201410,16,VALE,VALE S A,89330,303.48035,0.9963803088803089,4144
201410,17,UAL,UNITED AIRLINES HOLDINGS INC,91103,303.41525,0.9961389961389961,4144
201410,18,NFLX,NETFLIX INC,89393,303.35632,0.9958976833976834,4144
201410,19,YELP,YELP INC,13318,301.8048,0.9956563706563707,4144
201410,20,AMD,ADVANCED MICRO DEVICES INC,61241,301.45016,0.9954150579150579,4144
201410,21,BBRY,BLACKBERRY LTD,86745,298.33594,0.9951737451737451,4144
201410,22,ICPT,INTERCEPT PHARMACEUTICALS INC,13643,298.11975,0.9949324324324325,4144
201410,23,SUNE,SUNEDISON INC,81776,294.55096,0.9946911196911197,4144
201410,24,PBR,PETROLEO BRASILEIRO SA PETROBRAS,88490,292.16498,0.994449806949807,4144
201410,25,GM,GENERAL MOTORS CO,12369,291.69824,0.9942084942084942,4144
201411,1,BBRY,BLACKBERRY LTD,86745,353.83734,1.0,4168
201411,2,VIPS,VIPSHOP HOLDINGS LTD,13315,331.82648,0.9997600767754319,4168
201411,3,GME,GAMESTOP CORP NEW,89301,326.70837,0.9995201535508638,4168
201411,4,GNW,GENWORTH FINANCIAL INC,90162,321.3372,0.9992802303262955,4168
201411,5,SDRL,SEADRILL LTD 2021,93338,320.76648,0.9990403071017274,4168
201411,6,ICPT,INTERCEPT PHARMACEUTICALS INC,13643,316.29425,0.9988003838771593,4168
201411,7,LOCO,EL POLLO LOCO HOLDINGS INC,14812,312.577,0.9985604606525912,4168
201411,8,TWTR,TWITTER INC,14295,311.58868,0.9983205374280231,4168
201411,9,GPRO,GOPRO INC,14694,310.13367,0.9980806142034548,4168
201411,10,GRPN,GROUPON INC,13108,306.8256,0.9978406909788867,4168
201411,11,FEYE,MANDIANT INC,14159,305.97906,0.9976007677543186,4168
201411,12,KMI,KINDER MORGAN INC,12558,301.9014,0.9973608445297505,4168
201411,13,LNKD,LINKEDIN CORP,12742,299.31427,0.9971209213051824,4168
201411,14,P,PANDORA MEDIA INC,12873,299.02563,0.9968809980806143,4168
201411,15,ACHN,ACHILLION PHARMACEUTICALS INC,91491,298.98886,0.996641074856046,4168
201411,16,CSIQ,CANADIAN SOLAR INC,91607,297.82388,0.9964011516314779,4168
201411,17,AEO,AMERICAN EAGLE OUTFITTERS INC NE,80432,296.9074,0.9961612284069098,4168
201411,18,ZU,ZULILY INC,14327,295.1296,0.9959213051823417,4168
201411,19,PANW,PALO ALTO NETWORKS INC,13511,294.98108,0.9956813819577736,4168
201411,20,ZNGA,ZYNGA INC,13169,294.34506,0.9954414587332053,4168
201411,21,PBYI,PUMA BIOTECHNOLOGY INC,13621,293.63953,0.9952015355086372,4168
201411,22,SPLK,SPLUNK INC,13379,292.72733,0.9949616122840691,4168
201411,23,PBR,PETROLEO BRASILEIRO SA PETROBRAS,88490,292.5489,0.994721689059501,4168
201411,24,ARUN,ARUBA NETWORKS INC,91888,292.4801,0.9944817658349329,4168
201411,25,CTRP,TRIP COM GROUP LTD,89927,290.34894,0.9942418426103646,4168
201412,1,ACHN,ACHILLION PHARMACEUTICALS INC,91491,366.26862,1.0,4160
201412,2,BBRY,BLACKBERRY LTD,86745,347.8172,0.9997596153846153,4160
201412,3,TWTR,TWITTER INC,14295,337.19366,0.9995192307692308,4160
201412,4,LNKD,LINKEDIN CORP,12742,312.88947,0.9992788461538461,4160
201412,5,ISBC,INVESTORS BANCORP INC NEW,90952,311.2245,0.9990384615384615,4160
201412,6,FCAU,STELLANTIS NV,14987,310.4568,0.9987980769230769,4160
201412,7,RAD,RITE AID CORP,46922,308.7254,0.9985576923076923,4160
201412,8,PBR,PETROLEO BRASILEIRO SA PETROBRAS,88490,308.69928,0.9983173076923076,4160
201412,9,GRPN,GROUPON INC,13108,306.49426,0.9980769230769231,4160
201412,10,LULU,LULULEMON ATHLETICA INC,92203,299.30685,0.9978365384615384,4160
201412,11,P,PANDORA MEDIA INC,12873,298.7212,0.9975961538461539,4160
201412,12,FB,META PLATFORMS INC,13407,297.7888,0.9973557692307692,4160
201412,13,SDRL,SEADRILL LTD 2021,93338,296.14053,0.9971153846153846,4160
201412,14,BABA,ALIBABA GROUP HOLDING LTD,14888,293.46158,0.996875,4160
201412,15,VALE,VALE S A,89330,292.73575,0.9966346153846154,4160
201412,16,GME,GAMESTOP CORP NEW,89301,292.7212,0.9963942307692307,4160
201412,17,NFLX,NETFLIX INC,89393,287.90274,0.9961538461538462,4160
201412,18,JBLU,JETBLUE AIRWAYS CORP,89353,286.6154,0.9959134615384615,4160
201412,19,TSLA,TESLA INC,93436,286.32852,0.9956730769230769,4160
201412,20,SUNE,SUNEDISON INC,81776,283.8199,0.9954326923076923,4160
201412,21,JD,J D COM INC,14655,282.44653,0.9951923076923077,4160
201412,22,PBYI,PUMA BIOTECHNOLOGY INC,13621,282.05963,0.994951923076923,4160
201412,23,UAL,UNITED AIRLINES HOLDINGS INC,91103,281.6782,0.9947115384615385,4160
201412,24,AEO,AMERICAN EAGLE OUTFITTERS INC NE,80432,280.90652,0.9944711538461538,4160
201412,25,GPRO,GOPRO INC,14694,280.40848,0.9942307692307693,4160
201501,1,GRPN,GROUPON INC,13108,341.12933,1.0,4131
201501,2,TWTR,TWITTER INC,14295,337.36676,0.9997579278625031,4131
201501,3,LNKD,LINKEDIN CORP,12742,322.31165,0.999515855725006,4131
201501,4,FB,META PLATFORMS INC,13407,321.47095,0.9992737835875091,4131
201501,5,P,PANDORA MEDIA INC,12873,319.7832,0.9990317114500121,4131
201501,6,BBRY,BLACKBERRY LTD,86745,316.0598,0.9987896393125151,4131
201501,7,NFLX,NETFLIX INC,89393,311.97803,0.9985475671750181,4131
201501,8,INVN,INVENSENSE INC,13081,306.3656,0.9983054950375212,4131
201501,9,FEYE,MANDIANT INC,14159,306.06583,0.9980634229000243,4131
201501,10,PBR,PETROLEO BRASILEIRO SA PETROBRAS,88490,298.0676,0.9978213507625272,4131
201501,11,GM,GENERAL MOTORS CO,12369,296.1015,0.9975792786250303,4131
201501,12,OCN,ONITY GROUP INC,84007,294.57413,0.9973372064875333,4131
201501,13,TSLA,TESLA INC,93436,293.61725,0.9970951343500363,4131
201501,14,BBY,BEST BUY COMPANY INC,85914,293.41458,0.9968530622125393,4131
201501,15,VALE,VALE S A,89330,291.62216,0.9966109900750424,4131
201501,16,BABA,ALIBABA GROUP HOLDING LTD,14888,290.93515,0.9963689179375453,4131
201501,17,EXPE,EXPEDIA GROUP INC,90808,287.87057,0.9961268458000484,4131
201501,18,AMZN,AMAZON COM INC,84788,287.23492,0.9958847736625515,4131
201501,19,ZIOP,ALAUNOS THERAPEUTICS INC,91488,287.10803,0.9956427015250545,4131
201501,20,RIG,TRANSOCEAN LTD,79237,285.75748,0.9954006293875575,4131
201501,21,BX,BLACKSTONE INC,92108,284.39923,0.9951585572500605,4131
201501,22,UAL,UNITED AIRLINES HOLDINGS INC,91103,284.19296,0.9949164851125636,4131
201501,23,DATA,TABLEAU SOFTWARE INC,13914,284.0958,0.9946744129750665,4131
201501,24,CMG,CHIPOTLE MEXICAN GRILL INC,91068,284.086,0.9944323408375696,4131
201501,25,COH,TAPESTRY INC,88661,282.99414,0.9941902687000727,4131
201502,1,GRPN,GROUPON INC,13108,361.03326,1.0,4142
201502,2,P,PANDORA MEDIA INC,12873,340.75998,0.9997585707387735,4142
201502,3,GPRO,GOPRO INC,14694,334.8118,0.9995171414775471,4142
201502,4,MRVL,MARVELL TECHNOLOGY INC,88360,323.72845,0.9992757122163206,4142
201502,5,TWTR,TWITTER INC,14295,321.28595,0.9990342829550941,4142
201502,6,LNKD,LINKEDIN CORP,12742,317.55637,0.9987928536938677,4142
201502,7,ZU,ZULILY INC,14327,311.51117,0.9985514244326412,4142
201502,8,BBRY,BLACKBERRY LTD,86745,310.20074,0.9983099951714147,4142
201502,9,ZNGA,ZYNGA INC,13169,308.10336,0.9980685659101883,4142
201502,10,VIPS,VIPSHOP HOLDINGS LTD,13315,304.22882,0.9978271366489618,4142
201502,11,FEYE,MANDIANT INC,14159,304.16623,0.9975857073877354,4142
201502,12,TSLA,TESLA INC,93436,301.88345,0.9973442781265089,4142
201502,13,SCTY,SOLARCITY CORP,13711,298.49792,0.9971028488652824,4142
201502,14,FB,META PLATFORMS INC,13407,295.318,0.996861419604056,4142
201502,15,NFLX,NETFLIX INC,89393,294.8526,0.9966199903428296,4142
201502,16,DAL,DELTA AIR LINES INC,91926,289.46268,0.996378561081603,4142
201502,17,PANW,PALO ALTO NETWORKS INC,13511,288.55716,0.9961371318203767,4142
201502,18,SPLK,SPLUNK INC,13379,288.34457,0.9958957025591502,4142
201502,19,CMG,CHIPOTLE MEXICAN GRILL INC,91068,286.5638,0.9956542732979237,4142
201502,20,DDD,3 D SYSTEMS CORP DEL,78664,285.9461,0.9954128440366973,4142
201502,21,UA,UNDER ARMOUR INC,90979,285.58417,0.9951714147754708,4142
201502,22,YELP,YELP INC,13318,285.48758,0.9949299855142443,4142
201502,23,UAL,UNITED AIRLINES HOLDINGS INC,91103,285.2176,0.9946885562530179,4142
201502,24,WFM,WHOLE FOODS MARKET INC,77281,283.83148,0.9944471269917914,4142
201502,25,BABA,ALIBABA GROUP HOLDING LTD,14888,281.979,0.994205697730565,4142
201503,1,NFLX,NETFLIX INC,89393,337.10852,1.0,4140
201503,2,BBRY,BLACKBERRY LTD,86745,335.78754,0.9997584541062802,4140
201503,3,ZIOP,ALAUNOS THERAPEUTICS INC,91488,330.60904,0.9995169082125603,4140
201503,4,LULU,LULULEMON ATHLETICA INC,92203,328.62143,0.9992753623188406,4140
201503,5,ICPT,INTERCEPT PHARMACEUTICALS INC,13643,326.49692,0.9990338164251208,4140
201503,6,TWTR,TWITTER INC,14295,325.1925,0.998792270531401,4140
201503,7,P,PANDORA MEDIA INC,12873,313.48544,0.9985507246376811,4140
201503,8,LNKD,LINKEDIN CORP,12742,309.82657,0.9983091787439613,4140
201503,9,FB,META PLATFORMS INC,13407,307.01526,0.9980676328502416,4140
201503,10,TSLA,TESLA INC,93436,300.11578,0.9978260869565218,4140
201503,11,FEYE,MANDIANT INC,14159,299.9233,0.9975845410628019,4140
201503,12,GPRO,GOPRO INC,14694,298.56778,0.9973429951690821,4140
201503,13,VIPS,VIPSHOP HOLDINGS LTD,13315,297.02127,0.9971014492753624,4140
201503,14,CMG,CHIPOTLE MEXICAN GRILL INC,91068,295.30145,0.9968599033816425,4140
201503,15,CHK,CHESAPEAKE ENERGY CORP,78877,294.92865,0.9966183574879227,4140
201503,16,BABA,ALIBABA GROUP HOLDING LTD,14888,293.22784,0.9963768115942029,4140
201503,17,LL,L L FLOORING HOLDINGS INC,92400,292.08783,0.996135265700483,4140
201503,18,WLL,WHITING PETROLEUM CORP NEW,89901,291.26538,0.9958937198067633,4140
201503,19,VALE,VALE S A,89330,288.03665,0.9956521739130435,4140
201503,20,MRVL,MARVELL TECHNOLOGY INC,88360,286.25214,0.9954106280193237,4140
201503,21,PTCT,P T C THERAPEUTICS INC,13967,284.8546,0.9951690821256038,4140
201503,22,WYNN,WYNN RESORTS LTD,89533,281.22125,0.994927536231884,4140
201503,23,GRPN,GROUPON INC,13108,281.2105,0.9946859903381643,4140
201503,24,CTRP,TRIP COM GROUP LTD,89927,279.3177,0.9944444444444445,4140
201503,25,RIG,TRANSOCEAN LTD,79237,278.57043,0.9942028985507246,4140
201504,1,TWTR,TWITTER INC,14295,364.68518,1.0,4244
201504,2,YELP,YELP INC,13318,321.0924,0.9997643732327992,4244
201504,3,P,PANDORA MEDIA INC,12873,318.85004,0.9995287464655985,4244
201504,4,EXL,EXCEL TRUST INC,93315,317.44415,0.9992931196983977,4244
201504,5,NFLX,NETFLIX INC,89393,315.3346,0.9990574929311969,4244
201504,6,FB,META PLATFORMS INC,13407,315.12366,0.9988218661639963,4244
201504,7,ICPT,INTERCEPT PHARMACEUTICALS INC,13643,313.20264,0.9985862393967955,4244
201504,8,CMG,CHIPOTLE MEXICAN GRILL INC,91068,312.53784,0.9983506126295947,4244
201504,9,JUNO,JUNO THERAPEUTICS INC,15134,308.69675,0.998114985862394,4244
201504,10,LNKD,LINKEDIN CORP,12742,305.7121,0.9978793590951932,4244
201504,11,GRPN,GROUPON INC,13108,305.39313,0.9976437323279924,4244
201504,12,TSLA,TESLA INC,93436,305.37985,0.9974081055607917,4244
201504,13,RAD,RITE AID CORP,46922,303.82294,0.9971724787935909,4244
201504,14,JD,J D COM INC,14655,302.24683,0.9969368520263902,4244
201504,15,UA,UNDER ARMOUR INC,90979,300.4741,0.9967012252591895,4244
201504,16,GPRO,GOPRO INC,14694,298.4157,0.9964655984919887,4244
201504,17,WUBA,58 COM INC,14209,297.79886,0.9962299717247879,4244
201504,18,COH,TAPESTRY INC,88661,297.20483,0.9959943449575872,4244
201504,19,DATA,TABLEAU SOFTWARE INC,13914,296.1688,0.9957587181903864,4244
201504,20,ALTR,ALTERA CORP,75577,296.06705,0.9955230914231856,4244
201504,21,VALE,VALE S A,89330,294.1516,0.9952874646559849,4244
201504,22,LL,L L FLOORING HOLDINGS INC,92400,293.70685,0.9950518378887842,4244
201504,23,BABA,ALIBABA GROUP HOLDING LTD,14888,292.15485,0.9948162111215834,4244
201504,24,ISRG,INTUITIVE SURGICAL INC,88352,292.09827,0.9945805843543827,4244
201504,25,FEYE,MANDIANT INC,14159,290.6178,0.9943449575871819,4244
201505,1,VIPS,VIPSHOP HOLDINGS LTD,13315,334.37317,1.0,4299
201505,2,TWTR,TWITTER INC,14295,332.66083,0.9997673877645964,4299
201505,3,ICPT,INTERCEPT PHARMACEUTICALS INC,13643,316.11127,0.9995347755291928,4299
201505,4,DATA,TABLEAU SOFTWARE INC,13914,313.578,0.9993021632937893,4299
201505,5,VALE,VALE S A,89330,310.26154,0.9990695510583857,4299
201505,6,BBRY,BLACKBERRY LTD,86745,305.66748,0.9988369388229821,4299
201505,7,JD,J D COM INC,14655,303.58163,0.9986043265875785,4299
201505,8,YELP,YELP INC,13318,301.87823,0.998371714352175,4299
201505,9,GRPN,GROUPON INC,13108,301.8128,0.9981391021167714,4299
201505,10,KORS,CAPRI HOLDINGS LTD,13142,301.23712,0.9979064898813678,4299
201505,11,WDAY,WORKDAY INC,13628,301.07947,0.9976738776459642,4299
201505,12,RAX,RACKSPACE HOSTING INC,92765,294.2495,0.9974412654105606,4299
201505,13,PBYI,PUMA BIOTECHNOLOGY INC,13621,293.99393,0.9972086531751571,4299
201505,14,BABA,ALIBABA GROUP HOLDING LTD,14888,290.38538,0.9969760409397534,4299
201505,15,Z,ZILLOW GROUP INC,12927,290.1499,0.9967434287043498,4299
201505,16,NFLX,NETFLIX INC,89393,289.98175,0.9965108164689462,4299
201505,17,LULU,LULULEMON ATHLETICA INC,92203,288.57574,0.9962782042335426,4299
201505,18,MRVL,MARVELL TECHNOLOGY INC,88360,288.43823,0.9960455919981391,4299
201505,19,CRM,SALESFORCE INC,90215,287.7906,0.9958129797627355,4299
201505,20,FB,META PLATFORMS INC,13407,287.02716,0.9955803675273319,4299
201505,21,AEO,AMERICAN EAGLE OUTFITTERS INC NE,80432,287.0243,0.9953477552919283,4299
201505,22,JUNO,JUNO THERAPEUTICS INC,15134,286.24606,0.9951151430565248,4299
201505,23,CHK,CHESAPEAKE ENERGY CORP,78877,285.07083,0.9948825308211212,4299
201505,24,OWW,ORBITZ WORLDWIDE INC,92183,284.92935,0.9946499185857176,4299
201505,25,PANW,PALO ALTO NETWORKS INC,13511,284.02863,0.994417306350314,4299
201506,1,NFLX,NETFLIX INC,89393,333.61392,1.0,4279
201506,2,PBYI,PUMA BIOTECHNOLOGY INC,13621,326.24008,0.9997663005375088,4279
201506,3,BBRY,BLACKBERRY LTD,86745,322.44843,0.9995326010750175,4279
201506,4,TWTR,TWITTER INC,14295,322.2664,0.9992989016125263,4279
201506,5,DATA,TABLEAU SOFTWARE INC,13914,321.32352,0.999065202150035,4279
201506,6,GPRO,GOPRO INC,14694,318.3967,0.9988315026875438,4279
201506,7,JD,J D COM INC,14655,308.564,0.9985978032250525,4279
201506,8,VIPS,VIPSHOP HOLDINGS LTD,13315,306.2186,0.9983641037625614,4279
201506,9,X,UNITED STATES STEEL CORP NEW,76644,304.63562,0.9981304043000702,4279
201506,10,CTRP,TRIP COM GROUP LTD,89927,302.1393,0.9978967048375789,4279
201506,11,FB,META PLATFORMS INC,13407,302.0131,0.9976630053750877,4279
201506,12,YELP,YELP INC,13318,301.7362,0.9974293059125964,4279
201506,13,P,PANDORA MEDIA INC,12873,300.47604,0.9971956064501052,4279
201506,14,SGYP,SYNERGY PHARMACEUTICALS INC,13167,297.56546,0.9969619069876139,4279
201506,15,LULU,LULULEMON ATHLETICA INC,92203,293.7506,0.9967282075251227,4279
201506,16,RCPT,RECEPTOS INC,13942,293.52676,0.9964945080626314,4279
201506,17,TSLA,TESLA INC,93436,292.78757,0.9962608086001402,4279
201506,18,FEYE,MANDIANT INC,14159,292.33163,0.996027109137649,4279
201506,19,CMG,CHIPOTLE MEXICAN GRILL INC,91068,290.76117,0.9957934096751577,4279
201506,20,ICPT,INTERCEPT PHARMACEUTICALS INC,13643,290.50085,0.9955597102126665,4279
201506,21,HCA,H C A HEALTHCARE INC,12622,289.08026,0.9953260107501752,4279
201506,22,VALE,VALE S A,89330,286.64594,0.995092311287684,4279
201506,23,CHK,CHESAPEAKE ENERGY CORP,78877,286.52753,0.9948586118251928,4279
201506,24,AMBA,AMBARELLA INC,13634,284.13028,0.9946249123627016,4279
201506,25,DAL,DELTA AIR LINES INC,91926,283.67117,0.9943912129002104,4279
201507,1,TWTR,TWITTER INC,14295,383.77173,1.0,4256
201507,2,DATA,TABLEAU SOFTWARE INC,13914,354.9369,0.9997650375939849,4256
201507,3,NFLX,NETFLIX INC,89393,338.51263,0.9995300751879699,4256
201507,4,FB,META PLATFORMS INC,13407,334.84665,0.9992951127819549,4256
201507,5,YELP,YELP INC,13318,330.72983,0.9990601503759399,4256
201507,6,TSLA,TESLA INC,93436,320.70474,0.9988251879699248,4256
201507,7,X,UNITED STATES STEEL CORP NEW,76644,315.66162,0.9985902255639098,4256
201507,8,CMG,CHIPOTLE MEXICAN GRILL INC,91068,312.2866,0.9983552631578947,4256
201507,9,FEYE,MANDIANT INC,14159,310.85388,0.9981203007518797,4256
201507,10,SUNE,SUNEDISON INC,81776,308.2304,0.9978853383458647,4256
201507,11,VIPS,VIPSHOP HOLDINGS LTD,13315,307.82986,0.9976503759398496,4256
201507,12,CTRP,TRIP COM GROUP LTD,89927,302.73782,0.9974154135338346,4256
201507,13,BABA,ALIBABA GROUP HOLDING LTD,14888,301.04623,0.9971804511278195,4256
201507,14,SGYP,SYNERGY PHARMACEUTICALS INC,13167,299.38943,0.9969454887218046,4256
201507,15,CHK,CHESAPEAKE ENERGY CORP,78877,299.27594,0.9967105263157895,4256
201507,16,P,PANDORA MEDIA INC,12873,297.37207,0.9964755639097744,4256
201507,17,LNKD,LINKEDIN CORP,12742,297.13577,0.9962406015037594,4256
201507,18,VALE,VALE S A,89330,296.97998,0.9960056390977443,4256
201507,19,JNPR,JUNIPER NETWORKS INC,86979,295.69946,0.9957706766917294,4256
201507,20,ABX,BARRICK MINING CORP,71298,293.82495,0.9955357142857143,4256
201507,21,DDD,3 D SYSTEMS CORP DEL,78664,292.74463,0.9953007518796992,4256
201507,22,Z,ZILLOW GROUP INC,12927,292.7292,0.9950657894736842,4256
201507,23,UA,UNDER ARMOUR INC,90979,292.26474,0.9948308270676691,4256
201507,24,EXPE,EXPEDIA GROUP INC,90808,289.15637,0.9945958646616542,4256
201507,25,ZIOP,ALAUNOS THERAPEUTICS INC,91488,287.81955,0.9943609022556391,4256
201508,1,TWTR,TWITTER INC,14295,336.83322,1.0,4271
201508,2,NFLX,NETFLIX INC,89393,323.72464,0.9997658627955982,4271
201508,3,VIPS,VIPSHOP HOLDINGS LTD,13315,313.45816,0.9995317255911964,4271
201508,4,TSLA,TESLA INC,93436,308.9873,0.9992975883867946,4271
201508,5,SUNE,SUNEDISON INC,81776,304.50702,0.9990634511823929,4271
201508,6,DATA,TABLEAU SOFTWARE INC,13914,303.81375,0.9988293139779911,4271
201508,7,FIT,FITBIT INC,15390,302.11578,0.9985951767735893,4271
201508,8,AMBA,AMBARELLA INC,13634,301.20328,0.9983610395691875,4271
201508,9,X,UNITED STATES STEEL CORP NEW,76644,298.3949,0.9981269023647857,4271
201508,10,FEYE,MANDIANT INC,14159,297.08612,0.9978927651603839,4271
201508,11,RAX,RACKSPACE HOSTING INC,92765,295.93646,0.9976586279559823,4271
201508,12,BABA,ALIBABA GROUP HOLDING LTD,14888,294.65918,0.9974244907515805,4271
201508,13,MBLY,MOBILEYE N V,14856,288.61444,0.9971903535471787,4271
201508,14,CMG,CHIPOTLE MEXICAN GRILL INC,91068,288.2212,0.9969562163427769,4271
201508,15,WDAY,WORKDAY INC,13628,286.87747,0.9967220791383751,4271
201508,16,FB,META PLATFORMS INC,13407,286.42783,0.9964879419339733,4271
201508,17,PANW,PALO ALTO NETWORKS INC,13511,285.15436,0.9962538047295715,4271
201508,18,AEO,AMERICAN EAGLE OUTFITTERS INC NE,80432,283.92935,0.9960196675251698,4271
201508,19,RYAM,RAYONIER ADVANCED MATERIALS INC,14682,282.60303,0.995785530320768,4271
201508,20,ICPT,INTERCEPT PHARMACEUTICALS INC,13643,282.48807,0.9955513931163662,4271
201508,21,VALE,VALE S A,89330,281.6906,0.9953172559119644,4271
201508,22,CHK,CHESAPEAKE ENERGY CORP,78877,280.46875,0.9950831187075626,4271
201508,23,OMER,OMEROS CORP,93085,280.01163,0.9948489815031608,4271
201508,24,UA,UNDER ARMOUR INC,90979,279.99014,0.9946148442987591,4271
201508,25,JD,J D COM INC,14655,278.67023,0.9943807070943573,4271
201509,1,TWTR,TWITTER INC,14295,345.5864,1.0,4253
201509,2,GPRO,GOPRO INC,14694,340.2663,0.999764871855161,4253
201509,3,NFLX,NETFLIX INC,89393,334.92014,0.9995297437103221,4253
201509,4,FEYE,MANDIANT INC,14159,323.6,0.9992946155654832,4253
201509,5,LULU,LULULEMON ATHLETICA INC,92203,317.18655,0.9990594874206442,4253
201509,6,CMG,CHIPOTLE MEXICAN GRILL INC,91068,315.90994,0.9988243592758053,4253
201509,7,X,UNITED STATES STEEL CORP NEW,76644,314.63647,0.9985892311309664,4253
201509,8,MBLY,MOBILEYE N V,14856,308.79645,0.9983541029861275,4253
201509,9,VIPS,VIPSHOP HOLDINGS LTD,13315,307.4001,0.9981189748412885,4253
201509,10,JD,J D COM INC,14655,304.4702,0.9978838466964496,4253
201509,11,P,PANDORA MEDIA INC,12873,302.47992,0.9976487185516106,4253
201509,12,DATA,TABLEAU SOFTWARE INC,13914,300.93222,0.9974135904067717,4253
201509,13,RIG,TRANSOCEAN LTD,79237,296.08453,0.9971784622619327,4253
201509,14,BABA,ALIBABA GROUP HOLDING LTD,14888,295.84778,0.9969433341170938,4253
201509,15,TTPH,TETRAPHASE PHARMACEUTICALS INC,13829,295.31317,0.9967082059722548,4253
201509,16,VALE,VALE S A,89330,291.0124,0.9964730778274159,4253
201509,17,JOY,JOY GLOBAL INC,89105,290.96014,0.996237949682577,4253
201509,18,AMBA,AMBARELLA INC,13634,290.65048,0.9960028215377381,4253
201509,19,SKX,SKECHERS U S A INC,86949,285.87607,0.9957676933928992,4253
201509,20,FB,META PLATFORMS INC,13407,285.85162,0.9955325652480602,4253
201509,21,TSLA,TESLA INC,93436,284.87497,0.9952974371032213,4253
201509,22,UA,UNDER ARMOUR INC,90979,284.2751,0.9950623089583823,4253
201509,23,ESV,VALARIS PLC,93159,283.32184,0.9948271808135434,4253
201509,24,PBR,PETROLEO BRASILEIRO SA PETROBRAS,88490,281.4585,0.9945920526687044,4253
201509,25,SUNE,SUNEDISON INC,81776,280.57468,0.9943569245238655,4253
201510,1,TWTR,TWITTER INC,14295,367.8309,1.0,4238
201510,2,FEYE,MANDIANT INC,14159,336.78424,0.9997640396413403,4238
201510,3,P,PANDORA MEDIA INC,12873,330.87936,0.9995280792826805,4238
201510,4,CMG,CHIPOTLE MEXICAN GRILL INC,91068,330.8374,0.9992921189240208,4238
201510,5,TSLA,TESLA INC,93436,325.1899,0.999056158565361,4238
201510,6,YELP,YELP INC,13318,312.21347,0.9988201982067013,4238
201510,7,SKX,SKECHERS U S A INC,86949,310.41916,0.9985842378480415,4238
201510,8,GPRO,GOPRO INC,14694,310.3805,0.9983482774893818,4238
201510,9,FB,META PLATFORMS INC,13407,306.3556,0.998112317130722,4238
201510,10,BOFI,AXOS FINANCIAL INC,90634,302.8334,0.9978763567720623,4238
201510,11,SCTY,SOLARCITY CORP,13711,299.2114,0.9976403964134025,4238
201510,12,NFLX,NETFLIX INC,89393,294.76648,0.9974044360547428,4238
201510,13,TWOU,2 U INC,14554,294.7032,0.997168475696083,4238
201510,14,EXPE,EXPEDIA GROUP INC,90808,293.51157,0.9969325153374233,4238
201510,15,UA,UNDER ARMOUR INC,90979,292.6139,0.9966965549787635,4238
201510,16,DATA,TABLEAU SOFTWARE INC,13914,292.39594,0.9964605946201038,4238
201510,17,VALE,VALE S A,89330,289.47534,0.996224634261444,4238
201510,18,WFM,WHOLE FOODS MARKET INC,77281,285.95255,0.9959886739027843,4238
201510,19,NVDA,NVIDIA CORP,86580,284.21106,0.9957527135441245,4238
201510,20,LNKD,LINKEDIN CORP,12742,284.0479,0.9955167531854648,4238
201510,21,ISRG,INTUITIVE SURGICAL INC,88352,283.7252,0.9952807928268051,4238
201510,22,X,UNITED STATES STEEL CORP NEW,76644,283.6751,0.9950448324681453,4238
201510,23,JD,J D COM INC,14655,283.4071,0.9948088721094857,4238
201510,24,RAX,RACKSPACE HOSTING INC,92765,283.0138,0.9945729117508258,4238
201510,25,CNX,C N X RESOURCES CORP,86799,281.62695,0.9943369513921662,4238
201511,1,GPRO,GOPRO INC,14694,327.80194,1.0,4261
201511,2,FEYE,MANDIANT INC,14159,327.5989,0.9997653133067355,4261
201511,3,TWTR,TWITTER INC,14295,326.76053,0.999530626613471,4261
201511,4,FIT,FITBIT INC,15390,325.5404,0.9992959399202065,4261
201511,5,SYF,SYNCHRONY FINANCIAL,14776,321.85056,0.9990612532269421,4261
201511,6,VIPS,VIPSHOP HOLDINGS LTD,13315,312.26062,0.9988265665336775,4261
201511,7,SUNE,SUNEDISON INC,81776,310.07794,0.9985918798404131,4261
201511,8,PANW,PALO ALTO NETWORKS INC,13511,302.58243,0.9983571931471485,4261
201511,9,GME,GAMESTOP CORP NEW,89301,302.07324,0.9981225064538841,4261
201511,10,BOFI,AXOS FINANCIAL INC,90634,295.86917,0.9978878197606196,4261
201511,11,P,PANDORA MEDIA INC,12873,295.4336,0.997653133067355,4261
201511,12,JD,J D COM INC,14655,292.7631,0.9974184463740906,4261
201511,13,BBY,BEST BUY COMPANY INC,85914,292.51535,0.9971837596808261,4261
201511,14,TSLA,TESLA INC,93436,292.1139,0.9969490729875616,4261
201511,15,KORS,CAPRI HOLDINGS LTD,13142,290.50027,0.9967143862942971,4261
201511,16,WFM,WHOLE FOODS MARKET INC,77281,288.86414,0.9964796996010327,4261
201511,17,ANF,ABERCROMBIE & FITCH CO,83976,288.4502,0.9962450129077681,4261
201511,18,CHK,CHESAPEAKE ENERGY CORP,78877,287.69022,0.9960103262145036,4261
201511,19,FTK,FLOTEK INDUSTRIES INC,90783,287.2582,0.9957756395212392,4261
201511,20,NMBL,NIMBLE STORAGE INC,14340,286.48788,0.9955409528279746,4261
201511,21,LULU,LULULEMON ATHLETICA INC,92203,284.54407,0.9953062661347102,4261
201511,22,FCX,FREEPORT MCMORAN INC,81774,284.49817,0.9950715794414456,4261
201511,23,DATA,TABLEAU SOFTWARE INC,13914,284.4551,0.9948368927481812,4261
201511,24,HZNP,HORIZON THERAPEUTICS PLC,12919,283.35907,0.9946022060549167,4261
201511,25,CMG,CHIPOTLE MEXICAN GRILL INC,91068,283.20944,0.9943675193616522,4261
201512,1,TWTR,TWITTER INC,14295,325.3199,1.0,4264
201512,2,KMI,KINDER MORGAN INC,12558,312.786,0.999765478424015,4264
201512,3,P,PANDORA MEDIA INC,12873,311.46368,0.9995309568480301,4264
201512,4,FCX,FREEPORT MCMORAN INC,81774,297.10522,0.999296435272045,4264
201512,5,CMG,CHIPOTLE MEXICAN GRILL INC,91068,296.95584,0.99906191369606,4264
201512,6,NFLX,NETFLIX INC,89393,296.50964,0.9988273921200751,4264
201512,7,LULU,LULULEMON ATHLETICA INC,92203,296.42194,0.9985928705440901,4264
201512,8,TSLA,TESLA INC,93436,294.5057,0.998358348968105,4264
201512,9,SUNE,SUNEDISON INC,81776,293.61462,0.99812382739212,4264
201512,10,JBL,JABIL INC,79094,293.4055,0.9978893058161351,4264
201512,11,MBLY,MOBILEYE N V,14856,290.1193,0.9976547842401501,4264
201512,12,ETE,ENERGY TRANSFER L P,91111,286.71234,0.9974202626641651,4264
201512,13,YELP,YELP INC,13318,286.56192,0.9971857410881801,4264
201512,14,FB,META PLATFORMS INC,13407,285.3638,0.9969512195121951,4264
201512,15,FEYE,MANDIANT INC,14159,283.31396,0.9967166979362101,4264
201512,16,FIT,FITBIT INC,15390,282.63043,0.9964821763602252,4264
201512,17,GM,GENERAL MOTORS CO,12369,280.38416,0.9962476547842402,4264
201512,18,GME,GAMESTOP CORP NEW,89301,279.91727,0.9960131332082551,4264
201512,19,BBRY,BLACKBERRY LTD,86745,279.6546,0.9957786116322702,4264
201512,20,GPRO,GOPRO INC,14694,277.9764,0.9955440900562852,4264
201512,21,PBYI,PUMA BIOTECHNOLOGY INC,13621,275.65137,0.9953095684803002,4264
201512,22,KORS,CAPRI HOLDINGS LTD,13142,275.47476,0.9950750469043153,4264
201512,23,WLL,WHITING PETROLEUM CORP NEW,89901,274.93848,0.9948405253283302,4264
201512,24,WFM,WHOLE FOODS MARKET INC,77281,274.85974,0.9946060037523452,4264
201512,25,BABA,ALIBABA GROUP HOLDING LTD,14888,273.60513,0.9943714821763602,4264
201601,1,TWTR,TWITTER INC,14295,363.02032,1.0,4225
201601,2,GPRO,GOPRO INC,14694,355.0757,0.9997633136094675,4225
201601,3,TSLA,TESLA INC,93436,340.56528,0.9995266272189349,4225
201601,4,FIT,FITBIT INC,15390,334.8776,0.9992899408284024,4225
201601,5,DATA,TABLEAU SOFTWARE INC,13914,320.1551,0.9990532544378699,4225
201601,6,P,PANDORA MEDIA INC,12873,318.56265,0.9988165680473373,4225
201601,7,FEYE,MANDIANT INC,14159,313.97772,0.9985798816568048,4225
201601,8,YELP,YELP INC,13318,309.15604,0.9983431952662722,4225
201601,9,MBLY,MOBILEYE N V,14856,308.21432,0.9981065088757396,4225
201601,10,FB,META PLATFORMS INC,13407,304.12643,0.9978698224852071,4225
201601,11,CMG,CHIPOTLE MEXICAN GRILL INC,91068,298.496,0.9976331360946745,4225
201601,12,WTW,W W INTERNATIONAL INC,89244,298.44583,0.997396449704142,4225
201601,13,FCX,FREEPORT MCMORAN INC,81774,297.91248,0.9971597633136094,4225
201601,14,BABA,ALIBABA GROUP HOLDING LTD,14888,297.83716,0.9969230769230769,4225
201601,15,ETE,ENERGY TRANSFER L P,91111,295.91275,0.9966863905325444,4225
201601,16,SUNE,SUNEDISON INC,81776,293.82812,0.9964497041420118,4225
201601,17,NFLX,NETFLIX INC,89393,292.90997,0.9962130177514793,4225
201601,18,KMI,KINDER MORGAN INC,12558,289.85,0.9959763313609468,4225
201601,19,KORS,CAPRI HOLDINGS LTD,13142,287.9685,0.9957396449704142,4225
201601,20,ISRG,INTUITIVE SURGICAL INC,88352,286.6466,0.9955029585798817,4225
201601,21,GM,GENERAL MOTORS CO,12369,283.14322,0.9952662721893492,4225
201601,22,VMW,VMWARE INC,92257,281.27353,0.9950295857988166,4225
201601,23,CC,CHEMOURS CO,15398,279.4807,0.994792899408284,4225
201601,24,JD,J D COM INC,14655,279.3388,0.9945562130177514,4225
201601,25,UA,UNDER ARMOUR INC,90979,277.4935,0.9943195266272189,4225
201602,1,TWTR,TWITTER INC,14295,357.87592,1.0,4220
201602,2,FIT,FITBIT INC,15390,346.84158,0.9997630331753554,4220
201602,3,GPRO,GOPRO INC,14694,324.52875,0.999526066350711,4220
201602,4,SCTY,SOLARCITY CORP,13711,319.79752,0.9992890995260664,4220
201602,5,FEYE,MANDIANT INC,14159,318.45166,0.9990521327014218,4220
201602,6,ETE,ENERGY TRANSFER L P,91111,317.21155,0.9988151658767772,4220
201602,7,DATA,TABLEAU SOFTWARE INC,13914,312.30798,0.9985781990521327,4220
201602,8,TSLA,TESLA INC,93436,312.05502,0.9983412322274882,4220
201602,9,PANW,PALO ALTO NETWORKS INC,13511,308.38385,0.9981042654028436,4220
201602,10,FB,META PLATFORMS INC,13407,302.7887,0.997867298578199,4220
201602,11,P,PANDORA MEDIA INC,12873,299.34555,0.9976303317535545,4220
201602,12,CMG,CHIPOTLE MEXICAN GRILL INC,91068,298.81595,0.99739336492891,4220
201602,13,VIPS,VIPSHOP HOLDINGS LTD,13315,298.5121,0.9971563981042654,4220
201602,14,CYH,COMMUNITY HEALTH SYS INC NEW,88284,297.68045,0.9969194312796209,4220
201602,15,WLL,WHITING PETROLEUM CORP NEW,89901,295.09772,0.9966824644549763,4220
201602,16,JD,J D COM INC,14655,295.06363,0.9964454976303317,4220
201602,17,YELP,YELP INC,13318,294.95206,0.9962085308056872,4220
201602,18,ULTA,ULTA BEAUTY INC,92322,294.82236,0.9959715639810427,4220
201602,19,NFLX,NETFLIX INC,89393,294.12054,0.9957345971563981,4220
201602,20,ANF,ABERCROMBIE & FITCH CO,83976,293.93115,0.9954976303317535,4220
201602,21,GRPN,GROUPON INC,13108,292.8941,0.995260663507109,4220
201602,22,WTW,W W INTERNATIONAL INC,89244,290.5699,0.9950236966824645,4220
201602,23,MBLY,MOBILEYE N V,14856,288.0189,0.9947867298578199,4220
201602,24,SPLK,SPLUNK INC,13379,288.00775,0.9945497630331753,4220
201602,25,ABX,BARRICK MINING CORP,71298,286.9339,0.9943127962085309,4220
201603,1,TWTR,TWITTER INC,14295,346.69577,1.0,4199
201603,2,GPRO,GOPRO INC,14694,338.78024,0.9997618480590617,4199
201603,3,CMG,CHIPOTLE MEXICAN GRILL INC,91068,320.9669,0.9995236961181234,4199
201603,4,LULU,LULULEMON ATHLETICA INC,92203,320.41833,0.9992855441771851,4199
201603,5,VRX,BAUSCH HEALTH COMPANIES INC,80307,319.99948,0.9990473922362467,4199
201603,6,SUNE,SUNEDISON INC,81776,316.37573,0.9988092402953084,4199
201603,7,ABX,BARRICK MINING CORP,71298,314.77286,0.9985710883543701,4199
201603,8,TSLA,TESLA INC,93436,312.5303,0.9983329364134318,4199
201603,9,GRPN,GROUPON INC,13108,311.6368,0.9980947844724934,4199
201603,10,NFLX,NETFLIX INC,89393,310.05957,0.9978566325315551,4199
201603,11,FEYE,MANDIANT INC,14159,303.4104,0.9976184805906169,4199
201603,12,FB,META PLATFORMS INC,13407,299.52533,0.9973803286496785,4199
201603,13,ETE,ENERGY TRANSFER L P,91111,292.97388,0.9971421767087402,4199
201603,14,X,UNITED STATES STEEL CORP NEW,76644,292.85318,0.9969040247678018,4199
201603,15,FIT,FITBIT INC,15390,291.8825,0.9966658728268636,4199
201603,16,FCX,FREEPORT MCMORAN INC,81774,290.94098,0.9964277208859252,4199
201603,17,SCTY,SOLARCITY CORP,13711,289.32764,0.9961895689449869,4199
201603,18,P,PANDORA MEDIA INC,12873,289.07767,0.9959514170040485,4199
201603,19,CTRP,TRIP COM GROUP LTD,89927,288.68002,0.9957132650631103,4199
201603,20,CHK,CHESAPEAKE ENERGY CORP,78877,287.07242,0.995475113122172,4199
201603,21,DDD,3 D SYSTEMS CORP DEL,78664,284.6177,0.9952369611812336,4199
201603,22,VALE,VALE S A,89330,283.80557,0.9949988092402953,4199
201603,23,DAL,DELTA AIR LINES INC,91926,283.1027,0.994760657299357,4199
201603,24,RIG,TRANSOCEAN LTD,79237,282.1499,0.9945225053584187,4199
201603,25,MU,MICRON TECHNOLOGY INC,53613,281.87198,0.9942843534174803,4199
201604,1,TWTR,TWITTER INC,14295,375.79843,1.0,4250
201604,2,GPRO,GOPRO INC,14694,353.5769,0.9997647058823529,4250
201604,3,GRPN,GROUPON INC,13108,342.54736,0.9995294117647059,4250
201604,4,FIT,FITBIT INC,15390,336.1168,0.9992941176470588,4250
201604,5,CMG,CHIPOTLE MEXICAN GRILL INC,91068,332.4954,0.9990588235294118,4250
201604,6,FB,META PLATFORMS INC,13407,318.22742,0.9988235294117647,4250
201604,7,NFLX,NETFLIX INC,89393,308.56522,0.9985882352941177,4250
201604,8,ETE,ENERGY TRANSFER L P,91111,308.10657,0.9983529411764706,4250
201604,9,CHK,CHESAPEAKE ENERGY CORP,78877,305.851,0.9981176470588236,4250
201604,10,SKX,SKECHERS U S A INC,86949,305.73523,0.9978823529411764,4250
201604,11,TSLA,TESLA INC,93436,304.55112,0.9976470588235294,4250
201604,12,FEYE,MANDIANT INC,14159,304.1083,0.9974117647058823,4250
201604,13,STMP,STAMPS COM INC,87000,292.51755,0.9971764705882353,4250
201604,14,FCX,FREEPORT MCMORAN INC,81774,292.20398,0.9969411764705882,4250
201604,15,AKS,A K STEEL HOLDING CORP,80303,289.6895,0.9967058823529412,4250
201604,16,WYNN,WYNN RESORTS LTD,89533,289.6441,0.9964705882352941,4250
201604,17,FSLR,FIRST SOLAR INC,91611,289.48767,0.9962352941176471,4250
201604,18,SRPT,SAREPTA THERAPEUTICS INC,85002,289.339,0.996,4250
201604,19,STX,SEAGATE TECHNOLOGY HOLDINGS PLC,89641,288.02737,0.995764705882353,4250
201604,20,CLVS,CLOVIS ONCOLOGY INC,13107,287.87704,0.9955294117647059,4250
201604,21,ABEV,AMBEV SA,85254,287.77182,0.9952941176470588,4250
201604,22,PYPL,PAYPAL HOLDINGS INC,15488,286.8622,0.9950588235294118,4250
201604,23,JD,J D COM INC,14655,284.06476,0.9948235294117647,4250
201604,24,SCTY,SOLARCITY CORP,13711,283.61447,0.9945882352941177,4250
201604,25,MBLY,MOBILEYE N V,14856,281.93762,0.9943529411764706,4250
201605,1,FIT,FITBIT INC,15390,347.1362,1.0,4258
201605,2,CHK,CHESAPEAKE ENERGY CORP,78877,342.47656,0.9997651479567872,4258
201605,3,KORS,CAPRI HOLDINGS LTD,13142,334.96158,0.9995302959135745,4258
201605,4,TSLA,TESLA INC,93436,332.73523,0.9992954438703616,4258
201605,5,FCX,FREEPORT MCMORAN INC,81774,320.63882,0.9990605918271489,4258
201605,6,FEYE,MANDIANT INC,14159,316.61606,0.9988257397839361,4258
201605,7,GPS,GAP INC,59010,312.391,0.9985908877407234,4258
201605,8,GPRO,GOPRO INC,14694,309.2003,0.9983560356975105,4258
201605,9,LULU,LULULEMON ATHLETICA INC,92203,308.4939,0.9981211836542978,4258
201605,10,TWTR,TWITTER INC,14295,307.21497,0.997886331611085,4258
201605,11,X,UNITED STATES STEEL CORP NEW,76644,306.61053,0.9976514795678723,4258
201605,12,SCTY,SOLARCITY CORP,13711,306.44995,0.9974166275246594,4258
201605,13,SRC,SPIRIT REALTY CAPITAL INC NEW,14039,305.2784,0.9971817754814467,4258
201605,14,VIPS,VIPSHOP HOLDINGS LTD,13315,304.87036,0.9969469234382339,4258
201605,15,ANF,ABERCROMBIE & FITCH CO,83976,304.57584,0.9967120713950212,4258
201605,16,GME,GAMESTOP CORP NEW,89301,299.59738,0.9964772193518083,4258
201605,17,JCP,PENNEY J C CO INC,18403,298.57376,0.9962423673085956,4258
201605,18,BBY,BEST BUY COMPANY INC,85914,297.98895,0.9960075152653828,4258
201605,19,ABX,BARRICK MINING CORP,71298,297.13797,0.9957726632221701,4258
201605,20,DDD,3 D SYSTEMS CORP DEL,78664,297.12527,0.9955378111789572,4258
201605,21,RIG,TRANSOCEAN LTD,79237,296.84018,0.9953029591357445,4258
201605,22,NVDA,NVIDIA CORP,86580,296.79858,0.9950681070925317,4258
201605,23,PBR,PETROLEO BRASILEIRO SA PETROBRAS,88490,295.94092,0.994833255049319,4258
201605,24,AG,FIRST MAJESTIC SILVER CORP,12447,293.17062,0.9945984030061061,4258
201605,25,PANW,PALO ALTO NETWORKS INC,13511,292.8421,0.9943635509628934,4258
201606,1,TWTR,TWITTER INC,14295,329.7166,1.0,4243
201606,2,CMG,CHIPOTLE MEXICAN GRILL INC,91068,324.9321,0.9997643176997407,4243
201606,3,TSLA,TESLA INC,93436,323.0251,0.9995286353994814,4243
201606,4,NFLX,NETFLIX INC,89393,314.94324,0.9992929530992223,4243
201606,5,FIT,FITBIT INC,15390,304.47528,0.999057270798963,4243
201606,6,ETE,ENERGY TRANSFER L P,91111,302.91693,0.9988215884987037,4243
201606,7,GPRO,GOPRO INC,14694,299.4151,0.9985859061984445,4243
201606,8,FCX,FREEPORT MCMORAN INC,81774,299.12225,0.9983502238981853,4243
201606,9,CHK,CHESAPEAKE ENERGY CORP,78877,297.63416,0.998114541597926,4243
201606,10,VRX,BAUSCH HEALTH COMPANIES INC,80307,296.77087,0.9978788592976667,4243
201606,11,FB,META PLATFORMS INC,13407,296.43304,0.9976431769974075,4243
201606,12,ABX,BARRICK MINING CORP,71298,295.00375,0.9974074946971483,4243
201606,13,WFM,WHOLE FOODS MARKET INC,77281,290.55334,0.997171812396889,4243
201606,14,WYNN,WYNN RESORTS LTD,89533,286.73352,0.9969361300966297,4243
201606,15,CTRP,TRIP COM GROUP LTD,89927,283.4449,0.9967004477963705,4243
201606,16,AMD,ADVANCED MICRO DEVICES INC,61241,282.8656,0.9964647654961113,4243
201606,17,PYPL,PAYPAL HOLDINGS INC,15488,282.3262,0.996229083195852,4243
201606,18,EGRX,EAGLE PHARMACEUTICALS INC,14456,282.0425,0.9959934008955927,4243
201606,19,DAL,DELTA AIR LINES INC,91926,281.35846,0.9957577185953335,4243
201606,20,LULU,LULULEMON ATHLETICA INC,92203,281.16132,0.9955220362950742,4243
201606,21,FEYE,MANDIANT INC,14159,279.1136,0.995286353994815,4243
201606,22,AG,FIRST MAJESTIC SILVER CORP,12447,278.1231,0.9950506716945557,4243
201606,23,WLL,WHITING PETROLEUM CORP NEW,89901,277.72443,0.9948149893942965,4243
201606,24,EXAS,EXACT SCIENCES CORP,88863,277.6495,0.9945793070940372,4243
201606,25,SRPT,SAREPTA THERAPEUTICS INC,85002,276.19168,0.994343624793778,4243
201607,1,TWTR,TWITTER INC,14295,369.81744,1.0,4213
201607,2,FIT,FITBIT INC,15390,338.9538,0.9997626394493235,4213
201607,3,CMG,CHIPOTLE MEXICAN GRILL INC,91068,324.4661,0.9995252788986471,4213
201607,4,TSLA,TESLA INC,93436,320.82654,0.9992879183479706,4213
201607,5,NFLX,NETFLIX INC,89393,320.1894,0.9990505577972941,4213
201607,6,P,PANDORA MEDIA INC,12873,318.28372,0.9988131972466177,4213
201607,7,GRPN,GROUPON INC,13108,316.43805,0.9985758366959412,4213
201607,8,SKX,SKECHERS U S A INC,86949,313.75,0.9983384761452646,4213
201607,9,FB,META PLATFORMS INC,13407,313.28372,0.9981011155945881,4213
201607,10,ABX,BARRICK MINING CORP,71298,307.91217,0.9978637550439117,4213
201607,11,NVDA,NVIDIA CORP,86580,304.3592,0.9976263944932352,4213
201607,12,GPRO,GOPRO INC,14694,304.03992,0.9973890339425587,4213
201607,13,PYPL,PAYPAL HOLDINGS INC,15488,303.54028,0.9971516733918823,4213
201607,14,WFM,WHOLE FOODS MARKET INC,77281,302.3641,0.9969143128412058,4213
201607,15,FEYE,MANDIANT INC,14159,299.78488,0.9966769522905293,4213
201607,16,YELP,YELP INC,13318,298.7018,0.9964395917398529,4213
201607,17,HLF,HERBALIFE LTD,90516,291.70895,0.9962022311891764,4213
201607,18,MBLY,MOBILEYE N V,14856,288.4766,0.9959648706384999,4213
201607,19,CC,CHEMOURS CO,15398,287.9701,0.9957275100878235,4213
201607,20,FCX,FREEPORT MCMORAN INC,81774,287.62012,0.9954901495371469,4213
201607,21,EXAS,EXACT SCIENCES CORP,88863,286.4793,0.9952527889864704,4213
201607,22,JUNO,JUNO THERAPEUTICS INC,15134,286.24854,0.9950154284357939,4213
201607,23,AMD,ADVANCED MICRO DEVICES INC,61241,282.71872,0.9947780678851175,4213
201607,24,AG,FIRST MAJESTIC SILVER CORP,12447,282.52496,0.994540707334441,4213
201607,25,S,SPRINT CORP NEW,14040,282.461,0.9943033467837645,4213
201608,1,TWTR,TWITTER INC,14295,337.5396,1.0,4206
201608,2,GPRO,GOPRO INC,14694,335.7635,0.9997622444127438,4206
201608,3,ULTA,ULTA BEAUTY INC,92322,333.4556,0.9995244888254874,4206
201608,4,GRPN,GROUPON INC,13108,331.62805,0.9992867332382311,4206
201608,5,FIT,FITBIT INC,15390,326.0402,0.9990489776509748,4206
201608,6,AG,FIRST MAJESTIC SILVER CORP,12447,317.68234,0.9988112220637185,4206
201608,7,LDOS,LEIDOS HOLDINGS INC,91547,315.4929,0.9985734664764622,4206
201608,8,FEYE,MANDIANT INC,14159,314.93274,0.9983357108892059,4206
201608,9,KORS,CAPRI HOLDINGS LTD,13142,311.757,0.9980979553019496,4206
201608,10,SRC,SPIRIT REALTY CAPITAL INC NEW,14039,309.80774,0.9978601997146933,4206
201608,11,TSLA,TESLA INC,93436,307.2174,0.997622444127437,4206
201608,12,CHK,CHESAPEAKE ENERGY CORP,78877,301.5137,0.9973846885401807,4206
201608,13,ABX,BARRICK MINING CORP,71298,301.00867,0.9971469329529244,4206
201608,14,FSLR,FIRST SOLAR INC,91611,299.22525,0.9969091773656681,4206
201608,15,W,WAYFAIR INC,14983,299.09097,0.9966714217784118,4206
201608,16,BBY,BEST BUY COMPANY INC,85914,298.12106,0.9964336661911555,4206
201608,17,JCP,PENNEY J C CO INC,18403,296.895,0.9961959106038992,4206
201608,18,LULU,LULULEMON ATHLETICA INC,92203,296.762,0.9959581550166429,4206
201608,19,KGC,KINROSS GOLD CORP,89692,296.4681,0.9957203994293866,4206
201608,20,RIG,TRANSOCEAN LTD,79237,296.02905,0.9954826438421303,4206
201608,21,CMG,CHIPOTLE MEXICAN GRILL INC,91068,294.63928,0.995244888254874,4206
201608,22,VIPS,VIPSHOP HOLDINGS LTD,13315,294.35303,0.9950071326676176,4206
201608,23,ANF,ABERCROMBIE & FITCH CO,83976,293.45557,0.9947693770803614,4206
201608,24,NVDA,NVIDIA CORP,86580,292.4621,0.994531621493105,4206
201608,25,FCX,FREEPORT MCMORAN INC,81774,291.42902,0.9942938659058488,4206
201609,1,TWTR,TWITTER INC,14295,357.469,1.0,4173
201609,2,FIT,FITBIT INC,15390,350.65784,0.9997603642463455,4173
201609,3,AMD,ADVANCED MICRO DEVICES INC,61241,331.78894,0.9995207284926911,4173
201609,4,GPRO,GOPRO INC,14694,331.2303,0.9992810927390366,4173
201609,5,TSLA,TESLA INC,93436,322.0629,0.9990414569853823,4173
201609,6,COTY,COTY INC,13983,316.71545,0.9988018212317278,4173
201609,7,P,PANDORA MEDIA INC,12873,307.43552,0.9985621854780733,4173
201609,8,MOMO,HELLO GROUP INC,15135,307.378,0.9983225497244189,4173
201609,9,VRX,BAUSCH HEALTH COMPANIES INC,80307,300.94977,0.9980829139707644,4173
201609,10,CHK,CHESAPEAKE ENERGY CORP,78877,297.57925,0.9978432782171099,4173
201609,11,NVAX,NOVAVAX INC,82779,297.23517,0.9976036424634556,4173
201609,12,S,SPRINT CORP NEW,14040,297.14215,0.9973640067098011,4173
201609,13,NFLX,NETFLIX INC,89393,295.4689,0.9971243709561467,4173
201609,14,CMG,CHIPOTLE MEXICAN GRILL INC,91068,292.7417,0.9968847352024922,4173
201609,15,EXEL,EXELIXIS INC,88159,292.54605,0.9966450994488377,4173
201609,16,GRPN,GROUPON INC,13108,291.1977,0.9964054636951833,4173
201609,17,LULU,LULULEMON ATHLETICA INC,92203,289.80438,0.9961658279415289,4173
201609,18,FB,META PLATFORMS INC,13407,288.6166,0.9959261921878745,4173
201609,19,ARIA,ARIAD PHARMACEUTICALS INC,80918,285.5228,0.99568655643422,4173
201609,20,FEYE,MANDIANT INC,14159,278.63837,0.9954469206805655,4173
201609,21,YELP,YELP INC,13318,276.06006,0.9952072849269111,4173
201609,22,MOS,MOSAIC CO NEW,90386,275.01944,0.9949676491732566,4173
201609,23,MBLY,MOBILEYE N V,14856,274.98227,0.9947280134196022,4173
201609,24,FCX,FREEPORT MCMORAN INC,81774,274.138,0.9944883776659478,4173
201609,25,JD,J D COM INC,14655,273.38187,0.9942487419122933,4173
201610,1,TWTR,TWITTER INC,14295,397.6515,1.0,4149
201610,2,GPRO,GOPRO INC,14694,374.4781,0.9997589780670041,4149
201610,3,FIT,FITBIT INC,15390,334.42126,0.9995179561340082,4149
201610,4,CMG,CHIPOTLE MEXICAN GRILL INC,91068,331.75568,0.9992769342010123,4149
201610,5,GRPN,GROUPON INC,13108,319.84357,0.9990359122680164,4149
201610,6,TWLO,TWILIO INC,16140,316.62793,0.9987948903350204,4149
201610,7,YELP,YELP INC,13318,315.92343,0.9985538684020245,4149
201610,8,CHK,CHESAPEAKE ENERGY CORP,78877,312.67148,0.9983128464690287,4149
201610,9,P,PANDORA MEDIA INC,12873,311.77667,0.9980718245360328,4149
201610,10,DATA,TABLEAU SOFTWARE INC,13914,311.5533,0.9978308026030369,4149
201610,11,TSLA,TESLA INC,93436,310.44513,0.997589780670041,4149
201610,12,COTY,COTY INC,13983,309.3303,0.9973487587370451,4149
201610,13,UA,UNDER ARMOUR INC,90979,303.71124,0.9971077368040492,4149
201610,14,VRX,BAUSCH HEALTH COMPANIES INC,80307,303.48953,0.9968667148710533,4149
201610,15,PYPL,PAYPAL HOLDINGS INC,15488,301.93332,0.9966256929380574,4149
201610,16,ARIA,ARIAD PHARMACEUTICALS INC,80918,301.79694,0.9963846710050615,4149
201610,17,SKX,SKECHERS U S A INC,86949,297.1838,0.9961436490720655,4149
201610,18,FTNT,FORTINET INC,93132,295.70407,0.9959026271390696,4149
201610,19,STX,SEAGATE TECHNOLOGY HOLDINGS PLC,89641,295.09232,0.9956616052060737,4149
201610,20,FEYE,MANDIANT INC,14159,294.46216,0.9954205832730778,4149
201610,21,FB,META PLATFORMS INC,13407,294.07996,0.9951795613400819,4149
201610,22,WFM,WHOLE FOODS MARKET INC,77281,291.93127,0.9949385394070861,4149
201610,23,DDD,3 D SYSTEMS CORP DEL,78664,291.254,0.9946975174740902,4149
201610,24,NFLX,NETFLIX INC,89393,290.14395,0.9944564955410943,4149
201610,25,S,SPRINT CORP NEW,14040,290.02612,0.9942154736080984,4149
201611,1,TWTR,TWITTER INC,14295,351.7272,1.0,4142
201611,2,GPRO,GOPRO INC,14694,349.93707,0.9997585707387735,4142
201611,3,FIT,FITBIT INC,15390,327.79688,0.9995171414775471,4142
201611,4,FSLR,FIRST SOLAR INC,91611,326.1784,0.9992757122163206,4142
201611,5,FB,META PLATFORMS INC,13407,314.74304,0.9990342829550941,4142
201611,6,ULTA,ULTA BEAUTY INC,92322,313.137,0.9987928536938677,4142
201611,7,KORS,CAPRI HOLDINGS LTD,13142,308.6093,0.9985514244326412,4142
201611,8,CMG,CHIPOTLE MEXICAN GRILL INC,91068,307.34137,0.9983099951714147,4142
201611,9,TWLO,TWILIO INC,16140,306.50104,0.9980685659101883,4142
201611,10,HTZ,HERTZ GLOBAL HOLDINGS INC NEW,16086,304.3417,0.9978271366489618,4142
201611,11,ABX,BARRICK MINING CORP,71298,299.91663,0.9975857073877354,4142
201611,12,MBLY,MOBILEYE N V,14856,298.1737,0.9973442781265089,4142
201611,13,PANW,PALO ALTO NETWORKS INC,13511,297.4587,0.9971028488652824,4142
201611,14,CHK,CHESAPEAKE ENERGY CORP,78877,297.45535,0.996861419604056,4142
201611,15,VIPS,VIPSHOP HOLDINGS LTD,13315,297.261,0.9966199903428296,4142
201611,16,DAL,DELTA AIR LINES INC,91926,296.97873,0.996378561081603,4142
201611,17,MOMO,HELLO GROUP INC,15135,296.96063,0.9961371318203767,4142
201611,18,RIG,TRANSOCEAN LTD,79237,296.4935,0.9958957025591502,4142
201611,19,TRIP,TRIPADVISOR INC,13168,296.05386,0.9956542732979237,4142
201611,20,LULU,LULULEMON ATHLETICA INC,92203,296.01453,0.9954128440366973,4142
201611,21,NFLX,NETFLIX INC,89393,295.14166,0.9951714147754708,4142
201611,22,ANF,ABERCROMBIE & FITCH CO,83976,293.70355,0.9949299855142443,4142
201611,23,AKS,A K STEEL HOLDING CORP,80303,292.52686,0.9946885562530179,4142
201611,24,HLF,HERBALIFE LTD,90516,291.7569,0.9944471269917914,4142
201611,25,VRX,BAUSCH HEALTH COMPANIES INC,80307,291.57452,0.994205697730565,4142
201612,1,TWTR,TWITTER INC,14295,332.827,1.0,4117
201612,2,CMG,CHIPOTLE MEXICAN GRILL INC,91068,323.67166,0.9997571046878795,4117
201612,3,CHK,CHESAPEAKE ENERGY CORP,78877,317.54233,0.9995142093757591,4117
201612,4,RIG,TRANSOCEAN LTD,79237,313.60995,0.9992713140636386,4117
201612,5,NFLX,NETFLIX INC,89393,311.50308,0.999028418751518,4117
201612,6,FIT,FITBIT INC,15390,307.341,0.9987855234393976,4117
201612,7,AMD,ADVANCED MICRO DEVICES INC,61241,306.68726,0.9985426281272771,4117
201612,8,FB,META PLATFORMS INC,13407,304.6484,0.9982997328151567,4117
201612,9,LULU,LULULEMON ATHLETICA INC,92203,302.6664,0.9980568375030362,4117
201612,10,P,PANDORA MEDIA INC,12873,300.9317,0.9978139421909157,4117
201612,11,WLL,WHITING PETROLEUM CORP NEW,89901,299.32275,0.9975710468787953,4117
201612,12,DAL,DELTA AIR LINES INC,91926,299.05576,0.9973281515666748,4117
201612,13,STX,SEAGATE TECHNOLOGY HOLDINGS PLC,89641,298.681,0.9970852562545542,4117
201612,14,AKS,A K STEEL HOLDING CORP,80303,295.09552,0.9968423609424338,4117
201612,15,JD,J D COM INC,14655,294.07227,0.9965994656303133,4117
201612,16,TWLO,TWILIO INC,16140,293.65576,0.9963565703181929,4117
201612,17,TSLA,TESLA INC,93436,291.79224,0.9961136750060724,4117
201612,18,M,MACYS INC,77462,290.99734,0.9958707796939519,4117
201612,19,S,SPRINT CORP NEW,14040,290.2516,0.9956278843818315,4117
201612,20,WDAY,WORKDAY INC,13628,290.23944,0.995384989069711,4117
201612,21,GPS,GAP INC,59010,290.1914,0.9951420937575904,4117
201612,22,BAC,BANK OF AMERICA CORP,59408,289.08853,0.99489919844547,4117
201612,23,WYNN,WYNN RESORTS LTD,89533,288.99805,0.9946563031333495,4117
201612,24,FCX,FREEPORT MCMORAN INC,81774,287.0078,0.994413407821229,4117
201612,25,MBLY,MOBILEYE N V,14856,285.71838,0.9941705125091086,4117
201701,1,TWTR,TWITTER INC,14295,357.93866,1.0,4107
201701,2,FIT,FITBIT INC,15390,342.87668,0.9997565132700268,4107
201701,3,NFLX,NETFLIX INC,89393,338.55334,0.9995130265400536,4107
201701,4,AMD,ADVANCED MICRO DEVICES INC,61241,335.72867,0.9992695398100804,4107
201701,5,P,PANDORA MEDIA INC,12873,326.19977,0.9990260530801072,4107
201701,6,S,SPRINT CORP NEW,14040,324.39816,0.998782566350134,4107
201701,7,AKS,A K STEEL HOLDING CORP,80303,318.42413,0.9985390796201608,4107
201701,8,RAD,RITE AID CORP,46922,316.86615,0.9982955928901874,4107
201701,9,FB,META PLATFORMS INC,13407,316.26443,0.9980521061602142,4107
201701,10,TWLO,TWILIO INC,16140,311.6285,0.997808619430241,4107
201701,11,CMG,CHIPOTLE MEXICAN GRILL INC,91068,311.39032,0.9975651327002678,4107
201701,12,CHK,CHESAPEAKE ENERGY CORP,78877,310.01282,0.9973216459702946,4107
201701,13,GIMO,GIGAMON INC,13992,307.21793,0.9970781592403214,4107
201701,14,UAA,UNDER ARMOUR INC,90979,305.45108,0.9968346725103482,4107
201701,15,RIG,TRANSOCEAN LTD,79237,305.30045,0.996591185780375,4107
201701,16,FCX,FREEPORT MCMORAN INC,81774,299.18918,0.9963476990504018,4107
201701,17,TMUS,T MOBILE U S INC,91937,297.35794,0.9961042123204286,4107
201701,18,WFM,WHOLE FOODS MARKET INC,77281,294.30817,0.9958607255904554,4107
201701,19,GPRO,GOPRO INC,14694,293.57724,0.9956172388604821,4107
201701,20,OCLR,OCLARO INC,90354,293.17383,0.9953737521305089,4107
201701,21,JCP,PENNEY J C CO INC,18403,293.0782,0.9951302654005356,4107
201701,22,UA,UNDER ARMOUR INC,15980,293.02783,0.9948867786705624,4107
201701,23,STX,SEAGATE TECHNOLOGY HOLDINGS PLC,89641,290.45465,0.9946432919405892,4107
201701,24,TSLA,TESLA INC,93436,288.28525,0.994399805210616,4107
201701,25,YELP,YELP INC,13318,287.1338,0.9941563184806428,4107
201702,1,TWTR,TWITTER INC,14295,365.3323,1.0,4119
201702,2,FIT,FITBIT INC,15390,335.16364,0.9997572226268512,4119
201702,3,TSLA,TESLA INC,93436,330.7927,0.9995144452537024,4119
201702,4,TRIP,TRIPADVISOR INC,13168,325.24094,0.9992716678805535,4119
201702,5,YELP,YELP INC,13318,321.62787,0.9990288905074047,4119
201702,6,P,PANDORA MEDIA INC,12873,319.2112,0.9987861131342559,4119
201702,7,KORS,CAPRI HOLDINGS LTD,13142,316.89328,0.9985433357611071,4119
201702,8,W,WAYFAIR INC,14983,314.67786,0.9983005583879583,4119
201702,9,CMG,CHIPOTLE MEXICAN GRILL INC,91068,305.17847,0.9980577810148095,4119
201702,10,AA,ALCOA CORP,16347,304.02747,0.9978150036416606,4119
201702,11,FCX,FREEPORT MCMORAN INC,81774,298.4412,0.9975722262685117,4119
201702,12,AMD,ADVANCED MICRO DEVICES INC,61241,298.14124,0.9973294488953629,4119
201702,13,NFLX,NETFLIX INC,89393,295.33185,0.9970866715222141,4119
201702,14,TMUS,T MOBILE U S INC,91937,295.16797,0.9968438941490653,4119
201702,15,ABX,BARRICK MINING CORP,71298,294.48624,0.9966011167759165,4119
201702,16,VRX,BAUSCH HEALTH COMPANIES INC,80307,293.9072,0.9963583394027676,4119
201702,17,JCP,PENNEY J C CO INC,18403,292.17383,0.9961155620296188,4119
201702,18,CHK,CHESAPEAKE ENERGY CORP,78877,291.22656,0.99587278465647,4119
201702,19,HTZ,HERTZ GLOBAL HOLDINGS INC NEW,16086,291.14783,0.9956300072833212,4119
201702,20,PANW,PALO ALTO NETWORKS INC,13511,291.1159,0.9953872299101724,4119
201702,21,TWLO,TWILIO INC,16140,290.61566,0.9951444525370235,4119
201702,22,CF,C F INDUSTRIES HOLDINGS INC,90829,290.3613,0.9949016751638747,4119
201702,23,FB,META PLATFORMS INC,13407,290.0905,0.9946588977907259,4119
201702,24,S,SPRINT CORP NEW,14040,288.51593,0.9944161204175771,4119
201702,25,FOSL,FOSSIL GROUP INC,79089,288.4163,0.9941733430444283,4119
201703,1,TWTR,TWITTER INC,14295,336.31146,1.0,4095
201703,2,AMD,ADVANCED MICRO DEVICES INC,61241,331.3164,0.9997557997557998,4095
201703,3,NFLX,NETFLIX INC,89393,322.47903,0.9995115995115995,4095
201703,4,AUPH,AURINIA PHARMACEUTICALS INC,14924,320.12106,0.9992673992673993,4095
201703,5,LULU,LULULEMON ATHLETICA INC,92203,319.9381,0.999023199023199,4095
201703,6,TSLA,TESLA INC,93436,311.56274,0.9987789987789988,4095
201703,7,OCLR,OCLARO INC,90354,307.92822,0.9985347985347985,4095
201703,8,AA,ALCOA CORP,16347,307.48547,0.9982905982905983,4095
201703,9,VRX,BAUSCH HEALTH COMPANIES INC,80307,297.5218,0.998046398046398,4095
201703,10,FIT,FITBIT INC,15390,297.33295,0.9978021978021978,4095
201703,11,P,PANDORA MEDIA INC,12873,295.55853,0.9975579975579976,4095
201703,12,GPRO,GOPRO INC,14694,294.37524,0.9973137973137973,4095
201703,13,GME,GAMESTOP CORP NEW,89301,290.95026,0.9970695970695971,4095
201703,14,CMG,CHIPOTLE MEXICAN GRILL INC,91068,290.85294,0.9968253968253968,4095
201703,15,ABX,BARRICK MINING CORP,71298,290.2875,0.9965811965811966,4095
201703,16,FSLR,FIRST SOLAR INC,91611,290.12433,0.9963369963369964,4095
201703,17,TWLO,TWILIO INC,16140,289.87894,0.9960927960927961,4095
201703,18,MOMO,HELLO GROUP INC,15135,289.5551,0.9958485958485959,4095
201703,19,SQ,BLOCK INC,15826,288.69534,0.9956043956043956,4095
201703,20,ULTA,ULTA BEAUTY INC,92322,284.706,0.9953601953601954,4095
201703,21,SFM,SPROUTS FARMERS MARKET INC,14102,282.93378,0.9951159951159951,4095
201703,22,X,UNITED STATES STEEL CORP NEW,76644,281.49237,0.9948717948717949,4095
201703,23,FB,META PLATFORMS INC,13407,279.42294,0.9946275946275946,4095
201703,24,GG,GOLDCORP INC NEW,69892,277.9967,0.9943833943833944,4095
201703,25,DAL,DELTA AIR LINES INC,91926,277.45312,0.9941391941391942,4095
201704,1,AMD,ADVANCED MICRO DEVICES INC,61241,340.1454,1.0,4144
201704,2,CMG,CHIPOTLE MEXICAN GRILL INC,91068,332.05408,0.9997586872586872,4144
201704,3,SNAP,SNAP INC,16595,331.6624,0.9995173745173745,4144
201704,4,TWTR,TWITTER INC,14295,329.9142,0.9992760617760618,4144
201704,5,NFLX,NETFLIX INC,89393,315.61624,0.999034749034749,4144
201704,6,CHK,CHESAPEAKE ENERGY CORP,78877,312.22858,0.9987934362934363,4144
201704,7,UAA,UNDER ARMOUR INC,90979,308.21896,0.9985521235521235,4144
201704,8,TWLO,TWILIO INC,16140,306.1135,0.9983108108108109,4144
201704,9,SFM,SPROUTS FARMERS MARKET INC,14102,305.73538,0.9980694980694981,4144
201704,10,STX,SEAGATE TECHNOLOGY HOLDINGS PLC,89641,302.80533,0.9978281853281853,4144
201704,11,P,PANDORA MEDIA INC,12873,300.0103,0.9975868725868726,4144
201704,12,VRX,BAUSCH HEALTH COMPANIES INC,80307,299.742,0.9973455598455598,4144
201704,13,FEYE,MANDIANT INC,14159,296.87,0.997104247104247,4144
201704,14,ABX,BARRICK MINING CORP,71298,296.83447,0.9968629343629344,4144
201704,15,UA,UNDER ARMOUR INC,15980,296.14294,0.9966216216216216,4144
201704,16,SKX,SKECHERS U S A INC,86949,295.37592,0.9963803088803089,4144
201704,17,YELP,YELP INC,13318,291.69043,0.9961389961389961,4144
201704,18,SQ,BLOCK INC,15826,290.04025,0.9958976833976834,4144
201704,19,NVDA,NVIDIA CORP,86580,289.7501,0.9956563706563707,4144
201704,20,EXPE,EXPEDIA GROUP INC,90808,289.6153,0.9954150579150579,4144
201704,21,TMUS,T MOBILE U S INC,91937,289.04773,0.9951737451737451,4144
201704,22,X,UNITED STATES STEEL CORP NEW,76644,289.0098,0.9949324324324325,4144
201704,23,GNC,G N C HOLDINGS INC,12660,288.09082,0.9946911196911197,4144
201704,24,TSLA,TESLA INC,93436,287.31558,0.994449806949807,4144
201704,25,FB,META PLATFORMS INC,13407,287.26877,0.9942084942084942,4144
201705,1,SNAP,SNAP INC,16595,358.75513,1.0,4160
201705,2,YELP,YELP INC,13318,331.3574,0.9997596153846153,4160
201705,3,P,PANDORA MEDIA INC,12873,331.05014,0.9995192307692308,4160
201705,4,KORS,CAPRI HOLDINGS LTD,13142,329.1464,0.9992788461538461,4160
201705,5,TWTR,TWITTER INC,14295,326.67404,0.9990384615384615,4160
201705,6,AMD,ADVANCED MICRO DEVICES INC,61241,323.40448,0.9987980769230769,4160
201705,7,TWLO,TWILIO INC,16140,318.80734,0.9985576923076923,4160
201705,8,CMG,CHIPOTLE MEXICAN GRILL INC,91068,318.74677,0.9983173076923076,4160
201705,9,JCP,PENNEY J C CO INC,18403,309.06772,0.9980769230769231,4160
201705,10,M,MACYS INC,77462,308.25262,0.9978365384615384,4160
201705,11,FIT,FITBIT INC,15390,307.9575,0.9975961538461539,4160
201705,12,VRX,BAUSCH HEALTH COMPANIES INC,80307,306.48474,0.9973557692307692,4160
201705,13,SQ,BLOCK INC,15826,306.25766,0.9971153846153846,4160
201705,14,ULTA,ULTA BEAUTY INC,92322,305.28265,0.996875,4160
201705,15,FEYE,MANDIANT INC,14159,304.36627,0.9966346153846154,4160
201705,16,TRIP,TRIPADVISOR INC,13168,303.72015,0.9963942307692307,4160
201705,17,S,SPRINT CORP NEW,14040,302.0772,0.9961538461538462,4160
201705,18,PBYI,PUMA BIOTECHNOLOGY INC,13621,300.29312,0.9959134615384615,4160
201705,19,MOMO,HELLO GROUP INC,15135,297.7854,0.9956730769230769,4160
201705,20,CHK,CHESAPEAKE ENERGY CORP,78877,294.65598,0.9954326923076923,4160
201705,21,TGT,TARGET CORP,49154,294.34283,0.9951923076923077,4160
201705,22,FIVE,FIVE BELOW INC,13527,293.82294,0.994951923076923,4160
201705,23,MRVL,MARVELL TECHNOLOGY INC,88360,293.66693,0.9947115384615385,4160
201705,24,LULU,LULULEMON ATHLETICA INC,92203,291.84576,0.9944711538461538,4160
201705,25,FB,META PLATFORMS INC,13407,291.7638,0.9942307692307693,4160
201706,1,TWTR,TWITTER INC,14295,359.7199,1.0,4154
201706,2,BBRY,BLACKBERRY LTD,86745,346.54846,0.9997592681752527,4154
201706,3,CMG,CHIPOTLE MEXICAN GRILL INC,91068,340.52234,0.9995185363505056,4154
201706,4,SNAP,SNAP INC,16595,337.2491,0.9992778045257583,4154
201706,5,SQ,BLOCK INC,15826,336.23587,0.999037072701011,4154
201706,6,P,PANDORA MEDIA INC,12873,327.45428,0.9987963408762638,4154
201706,7,NFLX,NETFLIX INC,89393,323.1017,0.9985556090515166,4154
201706,8,MOMO,HELLO GROUP INC,15135,318.51245,0.9983148772267694,4154
201706,9,TSLA,TESLA INC,93436,317.95673,0.9980741454020221,4154
201706,10,VRX,BAUSCH HEALTH COMPANIES INC,80307,312.25305,0.997833413577275,4154
201706,11,FEYE,MANDIANT INC,14159,308.32202,0.9975926817525277,4154
201706,12,FB,META PLATFORMS INC,13407,299.37778,0.9973519499277804,4154
201706,13,AAOI,APPLIED OPTOELECTRONICS INC,14145,295.0213,0.9971112181030333,4154
201706,14,RH,R H,13687,294.9729,0.996870486278286,4154
201706,15,OCLR,OCLARO INC,90354,293.03885,0.9966297544535387,4154
201706,16,AMD,ADVANCED MICRO DEVICES INC,61241,292.94955,0.9963890226287915,4154
201706,17,JD,J D COM INC,14655,292.0592,0.9961482908040443,4154
201706,18,SHOP,SHOPIFY INC,15358,290.78088,0.9959075589792971,4154
201706,19,AMBA,AMBARELLA INC,13634,288.6368,0.9956668271545498,4154
201706,20,RAD,RITE AID CORP,46922,287.4071,0.9954260953298026,4154
201706,21,RIG,TRANSOCEAN LTD,79237,287.19226,0.9951853635050554,4154
201706,22,UAA,UNDER ARMOUR INC,90979,284.8766,0.9949446316803081,4154
201706,23,FSLR,FIRST SOLAR INC,91611,283.7054,0.994703899855561,4154
201706,24,LULU,LULULEMON ATHLETICA INC,92203,281.12137,0.9944631680308137,4154
201706,25,CHK,CHESAPEAKE ENERGY CORP,78877,281.0862,0.9942224362060664,4154
201707,1,SNAP,SNAP INC,16595,379.14124,1.0,4114
201707,2,TWTR,TWITTER INC,14295,376.227,0.9997569275644141,4114
201707,3,FEYE,MANDIANT INC,14159,339.91272,0.9995138551288284,4114
201707,4,SQ,BLOCK INC,15826,332.7277,0.9992707826932425,4114
201707,5,CMG,CHIPOTLE MEXICAN GRILL INC,91068,326.9805,0.9990277102576568,4114
201707,6,UA,UNDER ARMOUR INC,15980,322.0746,0.9987846378220709,4114
201707,7,VRX,BAUSCH HEALTH COMPANIES INC,80307,321.18073,0.9985415653864852,4114
201707,8,UAA,UNDER ARMOUR INC,90979,315.34366,0.9982984929508993,4114
201707,9,AMD,ADVANCED MICRO DEVICES INC,61241,313.80588,0.9980554205153136,4114
201707,10,TSLA,TESLA INC,93436,309.7657,0.9978123480797277,4114
201707,11,NFLX,NETFLIX INC,89393,308.52063,0.997569275644142,4114
201707,12,P,PANDORA MEDIA INC,12873,301.77182,0.9973262032085561,4114
201707,13,HTZ,HERTZ GLOBAL HOLDINGS INC NEW,16086,300.09546,0.9970831307729704,4114
201707,14,FB,META PLATFORMS INC,13407,299.43835,0.9968400583373845,4114
201707,15,STX,SEAGATE TECHNOLOGY HOLDINGS PLC,89641,299.2488,0.9965969859017987,4114
201707,16,AZN,ASTRAZENECA PLC,79363,297.66995,0.9963539134662129,4114
201707,17,AAOI,APPLIED OPTOELECTRONICS INC,14145,297.111,0.9961108410306271,4114
201707,18,FIT,FITBIT INC,15390,291.39706,0.9958677685950413,4114
201707,19,SKX,SKECHERS U S A INC,86949,287.21982,0.9956246961594555,4114
201707,20,W,WAYFAIR INC,14983,286.078,0.9953816237238697,4114
201707,21,X,UNITED STATES STEEL CORP NEW,76644,285.92325,0.9951385512882839,4114
201707,22,AKS,A K STEEL HOLDING CORP,80303,284.00928,0.9948954788526981,4114
201707,23,EW,EDWARDS LIFESCIENCES CORP,87657,283.32333,0.9946524064171123,4114
201707,24,NVDA,NVIDIA CORP,86580,282.12982,0.9944093339815265,4114
201707,25,OCLR,OCLARO INC,90354,281.83038,0.9941662615459407,4114
201708,1,SNAP,SNAP INC,16595,373.84933,1.0,4127
201708,2,MOMO,HELLO GROUP INC,15135,326.80832,0.9997576932396414,4127
201708,3,CMG,CHIPOTLE MEXICAN GRILL INC,91068,325.8168,0.9995153864792827,4127
201708,4,TWTR,TWITTER INC,14295,323.07556,0.9992730797189242,4127
201708,5,COTY,COTY INC,13983,321.48605,0.9990307729585656,4127
201708,6,DKS,DICKS SPORTING GOODS INC,89540,318.8214,0.9987884661982069,4127
201708,7,LULU,LULULEMON ATHLETICA INC,92203,315.9889,0.9985461594378483,4127
201708,8,M,MACYS INC,77462,315.63046,0.9983038526774897,4127
201708,9,VRX,BAUSCH HEALTH COMPANIES INC,80307,315.20026,0.9980615459171311,4127
201708,10,TEVA,TEVA PHARMACEUTICAL INDS LTD,75652,312.0689,0.9978192391567725,4127
201708,11,AAOI,APPLIED OPTOELECTRONICS INC,14145,310.09833,0.9975769323964139,4127
201708,12,FEYE,MANDIANT INC,14159,308.70996,0.9973346256360552,4127
201708,13,JCP,PENNEY J C CO INC,18403,306.69186,0.9970923188756966,4127
201708,14,ULTA,ULTA BEAUTY INC,92322,303.47684,0.996850012115338,4127
201708,15,W,WAYFAIR INC,14983,303.0214,0.9966077053549794,4127
201708,16,FIT,FITBIT INC,15390,302.2954,0.9963653985946208,4127
201708,17,NFLX,NETFLIX INC,89393,301.52274,0.9961230918342622,4127
201708,18,SQ,BLOCK INC,15826,299.731,0.9958807850739035,4127
201708,19,PANW,PALO ALTO NETWORKS INC,13511,299.47595,0.9956384783135449,4127
201708,20,AMD,ADVANCED MICRO DEVICES INC,61241,297.34573,0.9953961715531864,4127
201708,21,LITE,LUMENTUM HOLDINGS INC,15490,297.22256,0.9951538647928277,4127
201708,22,SHOP,SHOPIFY INC,15358,296.9566,0.9949115580324691,4127
201708,23,UAA,UNDER ARMOUR INC,90979,294.87265,0.9946692512721105,4127
201708,24,CHK,CHESAPEAKE ENERGY CORP,78877,294.7508,0.9944269445117518,4127
201708,25,LB,BATH & BODY WORKS INC,64282,294.51535,0.9941846377513933,4127
201709,1,TWTR,TWITTER INC,14295,346.716,1.0,4106
201709,2,SNAP,SNAP INC,16595,343.37213,0.9997564539698003,4106
201709,3,CMG,CHIPOTLE MEXICAN GRILL INC,91068,319.51013,0.9995129079396006,4106
201709,4,NFLX,NETFLIX INC,89393,318.0679,0.9992693619094009,4106
201709,5,SQ,BLOCK INC,15826,307.24652,0.9990258158792011,4106
201709,6,IRBT,IROBOT CORP,90971,306.3022,0.9987822698490014,4106
201709,7,MDXG,MIMEDX GROUP INC,13878,305.2162,0.9985387238188017,4106
201709,8,MOMO,HELLO GROUP INC,15135,301.0804,0.998295177788602,4106
201709,9,AMD,ADVANCED MICRO DEVICES INC,61241,300.83826,0.9980516317584024,4106
201709,10,TSLA,TESLA INC,93436,296.0013,0.9978080857282027,4106
201709,11,KR,KROGER CO,16678,294.69415,0.997564539698003,4106
201709,12,FSLR,FIRST SOLAR INC,91611,292.85956,0.9973209936678032,4106
201709,13,FEYE,MANDIANT INC,14159,288.9479,0.9970774476376035,4106
201709,14,FIT,FITBIT INC,15390,286.70334,0.9968339016074038,4106
201709,15,FB,META PLATFORMS INC,13407,284.98453,0.9965903555772041,4106
201709,16,LITE,LUMENTUM HOLDINGS INC,15490,284.94733,0.9963468095470044,4106
201709,17,SHOP,SHOPIFY INC,15358,284.23346,0.9961032635168047,4106
201709,18,FCX,FREEPORT MCMORAN INC,81774,283.89682,0.995859717486605,4106
201709,19,BBRY,BLACKBERRY LTD,86745,283.3531,0.9956161714564052,4106
201709,20,AA,ALCOA CORP,16347,283.13776,0.9953726254262055,4106
201709,21,JUNO,JUNO THERAPEUTICS INC,15134,280.79517,0.9951290793960058,4106
201709,22,UBNT,UBIQUITI INC,13046,280.37167,0.9948855333658061,4106
201709,23,ICPT,INTERCEPT PHARMACEUTICALS INC,13643,279.01392,0.9946419873356064,4106
201709,24,TRIP,TRIPADVISOR INC,13168,278.98276,0.9943984413054068,4106
201709,25,RAD,RITE AID CORP,46922,278.55124,0.9941548952752071,4106
201710,1,TWTR,TWITTER INC,14295,364.64804,1.0,4089
201710,2,SNAP,SNAP INC,16595,356.8895,0.999755441428222,4089
201710,3,UA,UNDER ARMOUR INC,15980,346.9513,0.9995108828564441,4089
201710,4,SHOP,SHOPIFY INC,15358,338.46774,0.9992663242846662,4089
201710,5,AMD,ADVANCED MICRO DEVICES INC,61241,337.34155,0.9990217657128883,4089
201710,6,UAA,UNDER ARMOUR INC,90979,334.76196,0.9987772071411103,4089
201710,7,CMG,CHIPOTLE MEXICAN GRILL INC,91068,327.54694,0.9985326485693323,4089
201710,8,FIT,FITBIT INC,15390,320.5697,0.9982880899975544,4089
201710,9,TSLA,TESLA INC,93436,314.53018,0.9980435314257765,4089
201710,10,AAOI,APPLIED OPTOELECTRONICS INC,14145,312.2779,0.9977989728539985,4089
201710,11,M,MACYS INC,77462,310.8282,0.9975544142822206,4089
201710,12,SQ,BLOCK INC,15826,308.1209,0.9973098557104426,4089
201710,13,FEYE,MANDIANT INC,14159,306.36588,0.9970652971386648,4089
201710,14,TEVA,TEVA PHARMACEUTICAL INDS LTD,75652,304.18417,0.9968207385668868,4089
201710,15,SKX,SKECHERS U S A INC,86949,303.87607,0.9965761799951088,4089
201710,16,STX,SEAGATE TECHNOLOGY HOLDINGS PLC,89641,303.64093,0.9963316214233309,4089
201710,17,VRX,BAUSCH HEALTH COMPANIES INC,80307,299.4079,0.9960870628515529,4089
201710,18,JD,J D COM INC,14655,299.03275,0.995842504279775,4089
201710,19,GPRO,GOPRO INC,14694,295.90308,0.9955979457079971,4089
201710,20,NFLX,NETFLIX INC,89393,295.64417,0.9953533871362191,4089
201710,21,FB,META PLATFORMS INC,13407,293.63553,0.9951088285644412,4089
201710,22,TRIP,TRIPADVISOR INC,13168,290.51172,0.9948642699926632,4089
201710,23,MOMO,HELLO GROUP INC,15135,289.7883,0.9946197114208853,4089
201710,24,RIG,TRANSOCEAN LTD,79237,289.25626,0.9943751528491074,4089
201710,25,GPS,GAP INC,59010,288.80716,0.9941305942773294,4089
201711,1,SNAP,SNAP INC,16595,386.50467,1.0,4093
201711,2,TWTR,TWITTER INC,14295,347.75983,0.9997556804300024,4093
201711,3,SQ,BLOCK INC,15826,340.71722,0.9995113608600049,4093
201711,4,MOMO,HELLO GROUP INC,15135,329.30325,0.9992670412900073,4093
201711,5,PANW,PALO ALTO NETWORKS INC,13511,328.8402,0.9990227217200097,4093
201711,6,JD,J D COM INC,14655,311.54315,0.9987784021500122,4093
201711,7,MRVL,MARVELL TECHNOLOGY INC,88360,304.47003,0.9985340825800146,4093
201711,8,M,MACYS INC,77462,302.24875,0.9982897630100172,4093
201711,9,TRIP,TRIPADVISOR INC,13168,301.7843,0.9980454434400196,4093
201711,10,AMD,ADVANCED MICRO DEVICES INC,61241,299.92694,0.997801123870022,4093
201711,11,OSTK,BED BATH & BEYOND INC NEW,89394,298.83182,0.9975568043000245,4093
201711,12,VRX,BAUSCH HEALTH COMPANIES INC,80307,297.894,0.9973124847300269,4093
201711,13,TSLA,TESLA INC,93436,294.0035,0.9970681651600293,4093
201711,14,ROKU,ROKU INC,16932,290.13873,0.9968238455900318,4093
201711,15,KORS,CAPRI HOLDINGS LTD,13142,289.28488,0.9965795260200342,4093
201711,16,TEVA,TEVA PHARMACEUTICAL INDS LTD,75652,288.63028,0.9963352064500367,4093
201711,17,W,WAYFAIR INC,14983,288.5766,0.9960908868800391,4093
201711,18,TTD,TRADE DESK INC,16309,288.34393,0.9958465673100415,4093
201711,19,TWLO,TWILIO INC,16140,288.12073,0.995602247740044,4093
201711,20,FIT,FITBIT INC,15390,286.6419,0.9953579281700464,4093
201711,21,UA,UNDER ARMOUR INC,15980,286.39014,0.9951136086000488,4093
201711,22,URBN,URBAN OUTFITTERS INC,79881,286.0029,0.9948692890300513,4093
201711,23,NTNX,NUTANIX INC,16304,283.508,0.9946249694600537,4093
201711,24,ULTA,ULTA BEAUTY INC,92322,283.41962,0.9943806498900561,4093
201711,25,FEYE,MANDIANT INC,14159,283.10767,0.9941363303200587,4093
201712,1,SQ,BLOCK INC,15826,339.11612,1.0,4072
201712,2,SNAP,SNAP INC,16595,334.08182,0.9997544204322201,4072
201712,3,TWTR,TWITTER INC,14295,328.41672,0.99950884086444,4072
201712,4,CMG,CHIPOTLE MEXICAN GRILL INC,91068,310.66873,0.9992632612966601,4072
201712,5,RIOT,RIOT PLATFORMS INC,92213,307.21298,0.9990176817288802,4072
201712,6,LULU,LULULEMON ATHLETICA INC,92203,304.32538,0.9987721021611002,4072
201712,7,VRX,BAUSCH HEALTH COMPANIES INC,80307,302.8968,0.9985265225933202,4072
201712,8,FCX,FREEPORT MCMORAN INC,81774,301.45496,0.9982809430255403,4072
201712,9,MARA,MARA HOLDINGS INC,14813,298.6393,0.9980353634577603,4072
201712,10,AMD,ADVANCED MICRO DEVICES INC,61241,297.47623,0.9977897838899804,4072
201712,11,JUNO,JUNO THERAPEUTICS INC,15134,295.62878,0.9975442043222004,4072
201712,12,NFLX,NETFLIX INC,89393,295.49106,0.9972986247544204,4072
201712,13,M,MACYS INC,77462,293.97598,0.9970530451866405,4072
201712,14,OSTK,BED BATH & BEYOND INC NEW,89394,291.94577,0.9968074656188605,4072
201712,15,CLF,CLEVELAND CLIFFS INC NEW,27422,290.35608,0.9965618860510805,4072
201712,16,TEVA,TEVA PHARMACEUTICAL INDS LTD,75652,289.57657,0.9963163064833006,4072
201712,17,UA,UNDER ARMOUR INC,15980,289.27087,0.9960707269155207,4072
201712,18,XNET,XUNLEI LTD,14710,288.38135,0.9958251473477406,4072
201712,19,FIT,FITBIT INC,15390,288.06836,0.9955795677799607,4072
201712,20,STX,SEAGATE TECHNOLOGY HOLDINGS PLC,89641,282.62686,0.9953339882121808,4072
201712,21,GBT,GLOBAL BLOOD THERAPEUTICS INC,15638,278.20822,0.9950884086444007,4072
201712,22,ROKU,ROKU INC,16932,277.3538,0.9948428290766208,4072
201712,23,AA,ALCOA CORP,16347,277.2846,0.9945972495088409,4072
201712,24,LITE,LUMENTUM HOLDINGS INC,15490,274.39655,0.994351669941061,4072
201712,25,FB,META PLATFORMS INC,13407,274.11084,0.9941060903732809,4072
201801,1,SNAP,SNAP INC,16595,382.04123,1.0,4043
201801,2,TWTR,TWITTER INC,14295,370.99866,0.9997526589166461,4043
201801,3,KODK,EASTMAN KODAK CO,14276,338.6348,0.9995053178332921,4043
201801,4,AMD,ADVANCED MICRO DEVICES INC,61241,331.0166,0.9992579767499382,4043
201801,5,ROKU,ROKU INC,16932,329.2333,0.9990106356665842,4043
201801,6,CMG,CHIPOTLE MEXICAN GRILL INC,91068,316.3806,0.9987632945832303,4043
201801,7,XNET,XUNLEI LTD,14710,315.7508,0.9985159534998763,4043
201801,8,GPRO,GOPRO INC,14694,314.92874,0.9982686124165224,4043
201801,9,UAA,UNDER ARMOUR INC,90979,313.89847,0.9980212713331684,4043
201801,10,SQ,BLOCK INC,15826,312.4853,0.9977739302498145,4043
201801,11,WATT,ENERGOUS CORP,14556,310.50967,0.9975265891664605,4043
201801,12,FB,META PLATFORMS INC,13407,310.29233,0.9972792480831066,4043
201801,13,UA,UNDER ARMOUR INC,15980,309.8657,0.9970319069997526,4043
201801,14,VRX,BAUSCH HEALTH COMPANIES INC,80307,309.18494,0.9967845659163987,4043
201801,15,STX,SEAGATE TECHNOLOGY HOLDINGS PLC,89641,307.23645,0.9965372248330447,4043
201801,16,RIOT,RIOT PLATFORMS INC,92213,305.66318,0.9962898837496909,4043
201801,17,CLF,CLEVELAND CLIFFS INC NEW,27422,304.139,0.9960425426663368,4043
201801,18,M,MACYS INC,77462,303.51297,0.995795201582983,4043
201801,19,OSTK,BED BATH & BEYOND INC NEW,89394,297.56253,0.995547860499629,4043
201801,20,TSLA,TESLA INC,93436,296.09943,0.9953005194162751,4043
201801,21,AKS,A K STEEL HOLDING CORP,80303,292.8099,0.9950531783329211,4043
201801,22,NFLX,NETFLIX INC,89393,292.74435,0.9948058372495672,4043
201801,23,AMZN,AMAZON COM INC,84788,291.21265,0.9945584961662132,4043
201801,24,FCX,FREEPORT MCMORAN INC,81774,290.64178,0.9943111550828593,4043
201801,25,NTNX,NUTANIX INC,16304,289.50293,0.9940638139995053,4043
201802,1,SNAP,SNAP INC,16595,370.64102,1.0,4026
201802,2,TWTR,TWITTER INC,14295,350.7058,0.9997516145057128,4026
201802,3,UAA,UNDER ARMOUR INC,90979,325.02457,0.9995032290114257,4026
201802,4,ROKU,ROKU INC,16932,324.3847,0.9992548435171386,4026
201802,5,SQ,BLOCK INC,15826,323.6482,0.9990064580228515,4026
201802,6,TSLA,TESLA INC,93436,321.0669,0.9987580725285643,4026
201802,7,UA,UNDER ARMOUR INC,15980,318.6551,0.9985096870342772,4026
201802,8,TRIP,TRIPADVISOR INC,13168,318.21484,0.99826130153999,4026
201802,9,M,MACYS INC,77462,316.16034,0.998012916045703,4026
201802,10,W,WAYFAIR INC,14983,315.24316,0.9977645305514158,4026
201802,11,SHAK,SHAKE SHACK INC,15167,313.68552,0.9975161450571287,4026
201802,12,CMG,CHIPOTLE MEXICAN GRILL INC,91068,308.37762,0.9972677595628415,4026
201802,13,PANW,PALO ALTO NETWORKS INC,13511,306.82846,0.9970193740685543,4026
201802,14,TEVA,TEVA PHARMACEUTICAL INDS LTD,75652,304.72382,0.9967709885742673,4026
201802,15,FSLR,FIRST SOLAR INC,91611,303.34586,0.9965226030799801,4026
201802,16,JD,J D COM INC,14655,303.06683,0.996274217585693,4026
201802,17,TWLO,TWILIO INC,16140,301.61935,0.9960258320914058,4026
201802,18,VIPS,VIPSHOP HOLDINGS LTD,13315,297.36243,0.9957774465971188,4026
201802,19,AMD,ADVANCED MICRO DEVICES INC,61241,297.08942,0.9955290611028316,4026
201802,20,ABX,BARRICK MINING CORP,71298,294.99637,0.9952806756085445,4026
201802,21,P,PANDORA MEDIA INC,12873,294.39682,0.9950322901142573,4026
201802,22,NTNX,NUTANIX INC,16304,291.41702,0.9947839046199702,4026
201802,23,GRUB,GRUBHUB INC,14567,288.606,0.994535519125683,4026
201802,24,AZO,AUTOZONE INC,76605,288.4115,0.994287133631396,4026
201802,25,SHOP,SHOPIFY INC,15358,288.08377,0.9940387481371088,4026
201803,1,TWTR,TWITTER INC,14295,377.76593,1.0,4035
201803,2,SNAP,SNAP INC,16595,370.18152,0.9997521685254027,4035
201803,3,AMD,ADVANCED MICRO DEVICES INC,61241,333.0156,0.9995043370508054,4035
201803,4,TSLA,TESLA INC,93436,317.95807,0.9992565055762082,4035
201803,5,SHOP,SHOPIFY INC,15358,308.82632,0.9990086741016109,4035
201803,6,SQ,BLOCK INC,15826,306.4515,0.9987608426270136,4035
201803,7,NFLX,NETFLIX INC,89393,305.02695,0.9985130111524163,4035
201803,8,MOMO,HELLO GROUP INC,15135,304.55597,0.9982651796778191,4035
201803,9,ROKU,ROKU INC,16932,302.52383,0.9980173482032219,4035
201803,10,LULU,LULULEMON ATHLETICA INC,92203,302.34134,0.9977695167286246,4035
201803,11,UAA,UNDER ARMOUR INC,90979,300.66898,0.9975216852540273,4035
201803,12,UA,UNDER ARMOUR INC,15980,298.90305,0.99727385377943,4035
201803,13,GRUB,GRUBHUB INC,14567,297.22662,0.9970260223048327,4035
201803,14,NTNX,NUTANIX INC,16304,291.58224,0.9967781908302354,4035
201803,15,CMG,CHIPOTLE MEXICAN GRILL INC,91068,290.52518,0.9965303593556382,4035
201803,16,FB,META PLATFORMS INC,13407,290.42386,0.9962825278810409,4035
201803,17,ULTA,ULTA BEAUTY INC,92322,288.06326,0.9960346964064436,4035
201803,18,BB,BLACKBERRY LTD,86745,284.43506,0.9957868649318463,4035
201803,19,TWLO,TWILIO INC,16140,283.98535,0.995539033457249,4035
201803,20,OSTK,BED BATH & BEYOND INC NEW,89394,283.85373,0.9952912019826518,4035
201803,21,M,MACYS INC,77462,283.5322,0.9950433705080545,4035
201803,22,WB,WEIBO CORP,14616,283.4592,0.9947955390334573,4035
201803,23,SIG,SIGNET JEWELERS LTD,12076,282.50638,0.99454770755886,4035
201803,24,X,UNITED STATES STEEL CORP NEW,76644,280.99527,0.9942998760842627,4035
201803,25,CZR,CAESARS ENTERTAINMENT CORP,13267,279.60883,0.9940520446096655,4035
201804,1,SNAP,SNAP INC,16595,416.4102,1.0,4079
201804,2,TWTR,TWITTER INC,14295,370.687,0.9997548418730081,4079
201804,3,ROKU,ROKU INC,16932,325.34598,0.9995096837460162,4079
201804,4,SQ,BLOCK INC,15826,319.80548,0.9992645256190242,4079
201804,5,UA,UNDER ARMOUR INC,15980,316.59818,0.9990193674920324,4079
201804,6,AMD,ADVANCED MICRO DEVICES INC,61241,315.41412,0.9987742093650405,4079
201804,7,AA,ALCOA CORP,16347,313.23178,0.9985290512380486,4079
201804,8,Z,ZILLOW GROUP INC,15546,309.83627,0.9982838931110566,4079
201804,9,YNDX,NEBIUS GROUP N V,12799,303.4025,0.9980387349840647,4079
201804,10,UAA,UNDER ARMOUR INC,90979,302.86136,0.9977935768570728,4079
201804,11,GRUB,GRUBHUB INC,14567,300.39505,0.9975484187300809,4079
201804,12,SHOP,SHOPIFY INC,15358,298.61676,0.997303260603089,4079
201804,13,FCX,FREEPORT MCMORAN INC,81774,295.5741,0.997058102476097,4079
201804,14,NFLX,NETFLIX INC,89393,295.4297,0.9968129443491052,4079
201804,15,ANF,ABERCROMBIE & FITCH CO,83976,293.4564,0.9965677862221133,4079
201804,16,ANET,ARISTA NETWORKS INC,14714,291.75284,0.9963226280951214,4079
201804,17,SKX,SKECHERS U S A INC,86949,289.63525,0.9960774699681294,4079
201804,18,NXPI,N X P SEMICONDUCTORS N V,12084,286.12012,0.9958323118411375,4079
201804,19,CMG,CHIPOTLE MEXICAN GRILL INC,91068,285.86237,0.9955871537141456,4079
201804,20,MOMO,HELLO GROUP INC,15135,284.88416,0.9953419955871537,4079
201804,21,X,UNITED STATES STEEL CORP NEW,76644,282.19177,0.9950968374601618,4079
201804,22,JD,J D COM INC,14655,280.2073,0.9948516793331699,4079
201804,23,FSLR,FIRST SOLAR INC,91611,278.2188,0.994606521206178,4079
201804,24,DATA,TABLEAU SOFTWARE INC,13914,277.97247,0.9943613630791861,4079
201804,25,TWLO,TWILIO INC,16140,277.92484,0.9941162049521942,4079
201805,1,SNAP,SNAP INC,16595,371.20078,1.0,4111
201805,2,TWTR,TWITTER INC,14295,331.78354,0.9997567501824374,4111
201805,3,AMD,ADVANCED MICRO DEVICES INC,61241,328.8311,0.9995135003648747,4111
201805,4,LULU,LULULEMON ATHLETICA INC,92203,323.37097,0.9992702505473121,4111
201805,5,M,MACYS INC,77462,319.1991,0.9990270007297495,4111
201805,6,VIPS,VIPSHOP HOLDINGS LTD,13315,302.24753,0.9987837509121869,4111
201805,7,ROKU,ROKU INC,16932,300.95737,0.9985405010946242,4111
201805,8,P,PANDORA MEDIA INC,12873,299.3124,0.9982972512770616,4111
201805,9,JD,J D COM INC,14655,297.4026,0.9980540014594989,4111
201805,10,SQ,BLOCK INC,15826,297.04788,0.9978107516419362,4111
201805,11,Z,ZILLOW GROUP INC,15546,296.96445,0.9975675018243736,4111
201805,12,BBY,BEST BUY COMPANY INC,85914,294.965,0.997324252006811,4111
201805,13,DKS,DICKS SPORTING GOODS INC,89540,294.8918,0.9970810021892483,4111
201805,14,MOMO,HELLO GROUP INC,15135,292.4745,0.9968377523716857,4111
201805,15,TWLO,TWILIO INC,16140,288.93378,0.9965945025541231,4111
201805,16,NTNX,NUTANIX INC,16304,288.4511,0.9963512527365604,4111
201805,17,GME,GAMESTOP CORP NEW,89301,288.3118,0.9961080029189978,4111
201805,18,ANF,ABERCROMBIE & FITCH CO,83976,287.95227,0.9958647531014352,4111
201805,19,PANW,PALO ALTO NETWORKS INC,13511,287.67606,0.9956215032838726,4111
201805,20,UAA,UNDER ARMOUR INC,90979,286.0756,0.9953782534663099,4111
201805,21,GPS,GAP INC,59010,284.28552,0.9951350036487473,4111
201805,22,CMG,CHIPOTLE MEXICAN GRILL INC,91068,283.82706,0.9948917538311847,4111
201805,23,YELP,YELP INC,13318,282.8361,0.994648504013622,4111
201805,24,BOX,BOX INC,15145,281.3485,0.9944052541960594,4111
201805,25,ULTA,ULTA BEAUTY INC,92322,281.08157,0.9941620043784967,4111
201806,1,TWTR,TWITTER INC,14295,356.95023,1.0,4102
201806,2,SNAP,SNAP INC,16595,343.87616,0.999756216479766,4102
201806,3,AMD,ADVANCED MICRO DEVICES INC,61241,332.77332,0.999512432959532,4102
201806,4,IQ,IQIYI INC,17362,323.24014,0.9992686494392979,4102
201806,5,NFLX,NETFLIX INC,89393,316.937,0.9990248659190639,4102
201806,6,CMG,CHIPOTLE MEXICAN GRILL INC,91068,311.59946,0.9987810823988298,4102
201806,7,P,PANDORA MEDIA INC,12873,306.22742,0.9985372988785958,4102
201806,8,MOMO,HELLO GROUP INC,15135,302.83087,0.9982935153583617,4102
201806,9,SQ,BLOCK INC,15826,294.144,0.9980497318381277,4102
201806,10,TSLA,TESLA INC,93436,293.67047,0.9978059483178937,4102
201806,11,ROKU,ROKU INC,16932,292.19885,0.9975621647976597,4102
201806,12,DBX,DROPBOX INC,17342,291.8366,0.9973183812774257,4102
201806,13,SHOP,SHOPIFY INC,15358,289.33853,0.9970745977571916,4102
201806,14,UA,UNDER ARMOUR INC,15980,288.10672,0.9968308142369576,4102
201806,15,TWLO,TWILIO INC,16140,287.6072,0.9965870307167235,4102
201806,16,ETSY,ETSY INC,15291,287.26483,0.9963432471964895,4102
201806,17,VER,VEREIT INC,13003,285.91113,0.9960994636762555,4102
201806,18,KR,KROGER CO,16678,285.26422,0.9958556801560214,4102
201806,19,FIT,FITBIT INC,15390,284.57367,0.9956118966357874,4102
201806,20,AXON,SIO GENE THERAPIES INC,15486,281.4249,0.9953681131155534,4102
201806,21,FSLR,FIRST SOLAR INC,91611,280.01465,0.9951243295953194,4102
201806,22,I,INTELSAT S A,13866,278.66623,0.9948805460750854,4102
201806,23,CRSP,C R I S P R THERAPEUTICS AG,16383,276.76633,0.9946367625548513,4102
201806,24,BOX,BOX INC,15145,276.15878,0.9943929790346172,4102
201806,25,AMBA,AMBARELLA INC,13634,276.10007,0.9941491955143832,4102
201807,1,TWTR,TWITTER INC,14295,373.81488,1.0,4097
201807,2,SNAP,SNAP INC,16595,367.36783,0.9997559189650964,4097
201807,3,UAA,UNDER ARMOUR INC,90979,340.96786,0.9995118379301928,4097
201807,4,UA,UNDER ARMOUR INC,15980,340.74548,0.9992677568952892,4097
201807,5,IQ,IQIYI INC,17362,329.83777,0.9990236758603857,4097
201807,6,P,PANDORA MEDIA INC,12873,323.2708,0.9987795948254821,4097
201807,7,NFLX,NETFLIX INC,89393,322.98605,0.9985355137905785,4097
201807,8,AMD,ADVANCED MICRO DEVICES INC,61241,313.6215,0.9982914327556749,4097
201807,9,CMG,CHIPOTLE MEXICAN GRILL INC,91068,312.63702,0.9980473517207713,4097
201807,10,DBX,DROPBOX INC,17342,312.56433,0.9978032706858677,4097
201807,11,MOMO,HELLO GROUP INC,15135,312.52213,0.9975591896509641,4097
201807,12,TWLO,TWILIO INC,16140,307.7975,0.9973151086160605,4097
201807,13,TSLA,TESLA INC,93436,306.2806,0.997071027581157,4097
201807,14,SQ,BLOCK INC,15826,304.30768,0.9968269465462534,4097
201807,15,SKX,SKECHERS U S A INC,86949,301.87048,0.9965828655113498,4097
201807,16,W,WAYFAIR INC,14983,301.8512,0.9963387844764462,4097
201807,17,ROKU,ROKU INC,16932,301.73395,0.9960947034415426,4097
201807,18,SHOP,SHOPIFY INC,15358,299.54303,0.995850622406639,4097
201807,19,HUYA,HUYA INC,17832,295.81757,0.9956065413717354,4097
201807,20,AA,ALCOA CORP,16347,294.91116,0.9953624603368318,4097
201807,21,FCX,FREEPORT MCMORAN INC,81774,293.52386,0.9951183793019283,4097
201807,22,JD,J D COM INC,14655,291.32202,0.9948742982670247,4097
201807,23,TTD,TRADE DESK INC,16309,287.69495,0.9946302172321211,4097
201807,24,EXAS,EXACT SCIENCES CORP,88863,286.36667,0.9943861361972175,4097
201807,25,FB,META PLATFORMS INC,13407,286.0369,0.9941420551623139,4097
201808,1,SNAP,SNAP INC,16595,379.6501,1.0,4110
201808,2,IQ,IQIYI INC,17362,342.37317,0.9997566909975669,4110
201808,3,DBX,DROPBOX INC,17342,336.41586,0.9995133819951338,4110
201808,4,JD,J D COM INC,14655,333.8022,0.9992700729927008,4110
201808,5,ROKU,ROKU INC,16932,329.16537,0.9990267639902677,4110
201808,6,MOMO,HELLO GROUP INC,15135,317.75034,0.9987834549878345,4110
201808,7,TWTR,TWITTER INC,14295,316.72806,0.9985401459854014,4110
201808,8,Z,ZILLOW GROUP INC,15546,315.69846,0.9982968369829683,4110
201808,9,ULTA,ULTA BEAUTY INC,92322,310.8115,0.9980535279805353,4110
201808,10,CRON,CRONOS GROUP INC,17316,309.94226,0.9978102189781022,4110
201808,11,FIT,FITBIT INC,15390,309.87338,0.9975669099756691,4110
201808,12,M,MACYS INC,77462,305.89423,0.997323600973236,4110
201808,13,AEO,AMERICAN EAGLE OUTFITTERS INC NE,80432,303.46835,0.997080291970803,4110
201808,14,TWLO,TWILIO INC,16140,303.20862,0.9968369829683699,4110
201808,15,AMD,ADVANCED MICRO DEVICES INC,61241,302.34207,0.9965936739659368,4110
201808,16,TSLA,TESLA INC,93436,300.45993,0.9963503649635036,4110
201808,17,LULU,LULULEMON ATHLETICA INC,92203,300.35666,0.9961070559610705,4110
201808,18,URBN,URBAN OUTFITTERS INC,79881,298.05875,0.9958637469586374,4110
201808,19,BBY,BEST BUY COMPANY INC,85914,297.824,0.9956204379562044,4110
201808,20,PANW,PALO ALTO NETWORKS INC,13511,295.73022,0.9953771289537713,4110
201808,21,DKS,DICKS SPORTING GOODS INC,89540,295.47348,0.9951338199513382,4110
201808,22,PGRE,PARAMOUNT GROUP INC,15048,295.11194,0.9948905109489051,4110
201808,23,GPS,GAP INC,59010,294.04617,0.994647201946472,4110
201808,24,ANF,ABERCROMBIE & FITCH CO,83976,292.67148,0.994403892944039,4110
201808,25,CPB,CAMPBELLS CO,25320,292.45285,0.9941605839416059,4110
201809,1,SNAP,SNAP INC,16595,375.63614,1.0,4099
201809,2,CRON,CRONOS GROUP INC,17316,353.99585,0.9997560380580629,4099
201809,3,TWTR,TWITTER INC,14295,345.8637,0.9995120761161259,4099
201809,4,JD,J D COM INC,14655,340.68115,0.9992681141741888,4099
201809,5,NBEV,NEWAGE INC,16593,337.24817,0.9990241522322517,4099
201809,6,CGC,CANOPY GROWTH CORP,17827,332.1571,0.9987801902903147,4099
201809,7,IQ,IQIYI INC,17362,322.9433,0.9985362283483776,4099
201809,8,ROKU,ROKU INC,16932,316.16647,0.9982922664064406,4099
201809,9,AMD,ADVANCED MICRO DEVICES INC,61241,314.0492,0.9980483044645035,4099
201809,10,P,PANDORA MEDIA INC,12873,313.00983,0.9978043425225664,4099
201809,11,TSLA,TESLA INC,93436,309.1025,0.9975603805806295,4099
201809,12,VKTX,VIKING THERAPEUTICS INC,15303,299.23032,0.9973164186386924,4099
201809,13,NFLX,NETFLIX INC,89393,298.56564,0.9970724566967553,4099
201809,14,GRUB,GRUBHUB INC,14567,296.61462,0.9968284947548183,4099
201809,15,CLF,CLEVELAND CLIFFS INC NEW,27422,296.20932,0.9965845328128812,4099
201809,16,GERN,GERON CORP,83756,294.49338,0.9963405708709442,4099
201809,17,CMG,CHIPOTLE MEXICAN GRILL INC,91068,291.24844,0.9960966089290071,4099
201809,18,SFIX,STITCH FIX INC,17038,290.35123,0.99585264698707,4099
201809,19,TWLO,TWILIO INC,16140,289.10516,0.995608685045133,4099
201809,20,TNDM,TANDEM DIABETES CARE INC,14325,289.0052,0.9953647231031959,4099
201809,21,MRVL,MARVELL TECHNOLOGY INC,88360,288.37045,0.9951207611612588,4099
201809,22,NTNX,NUTANIX INC,16304,288.32083,0.9948767992193218,4099
201809,23,STX,SEAGATE TECHNOLOGY HOLDINGS PLC,89641,287.0923,0.9946328372773847,4099
201809,24,GPRO,GOPRO INC,14694,285.90793,0.9943888753354476,4099
201809,25,SHOP,SHOPIFY INC,15358,285.38623,0.9941449133935106,4099
201810,1,SNAP,SNAP INC,16595,369.8709,1.0,4094
201810,2,ROKU,ROKU INC,16932,354.90155,0.9997557401074744,4094
201810,3,CRON,CRONOS GROUP INC,17316,338.704,0.9995114802149487,4094
201810,4,IQ,IQIYI INC,17362,336.72815,0.9992672203224231,4094
201810,5,CGC,CANOPY GROWTH CORP,17827,334.66754,0.9990229604298974,4094
201810,6,TWTR,TWITTER INC,14295,333.05478,0.9987787005373717,4094
201810,7,NBEV,NEWAGE INC,16593,330.47324,0.9985344406448461,4094
201810,8,AMD,ADVANCED MICRO DEVICES INC,61241,329.62585,0.9982901807523205,4094
201810,9,SQ,BLOCK INC,15826,324.70554,0.9980459208597948,4094
201810,10,TWLO,TWILIO INC,16140,318.37943,0.9978016609672692,4094
201810,11,TTD,TRADE DESK INC,16309,316.06433,0.9975574010747436,4094
201810,12,JD,J D COM INC,14655,304.08273,0.9973131411822179,4094
201810,13,PTI,KINETA INC,15950,300.80045,0.9970688812896922,4094
201810,14,SFIX,STITCH FIX INC,17038,299.31308,0.9968246213971665,4094
201810,15,UA,UNDER ARMOUR INC,15980,296.99182,0.9965803615046409,4094
201810,16,TLRY,TILRAY BRANDS INC,17977,291.86353,0.9963361016121153,4094
201810,17,GRUB,GRUBHUB INC,14567,287.21814,0.9960918417195896,4094
201810,18,STX,SEAGATE TECHNOLOGY HOLDINGS PLC,89641,287.1726,0.995847581827064,4094
201810,19,TSLA,TESLA INC,93436,287.03568,0.9956033219345384,4094
201810,20,FB,META PLATFORMS INC,13407,286.30518,0.9953590620420127,4094
201810,21,UAA,UNDER ARMOUR INC,90979,284.88162,0.995114802149487,4094
201810,22,AA,ALCOA CORP,16347,283.8317,0.9948705422569614,4094
201810,23,NFLX,NETFLIX INC,89393,283.7985,0.9946262823644357,4094
201810,24,GPRO,GOPRO INC,14694,283.50867,0.9943820224719101,4094
201810,25,FEYE,MANDIANT INC,14159,282.08713,0.9941377625793845,4094
201811,1,CGC,CANOPY GROWTH CORP,17827,342.68094,1.0,4099
201811,2,ROKU,ROKU INC,16932,337.4378,0.9997560380580629,4099
201811,3,TWTR,TWITTER INC,14295,319.1745,0.9995120761161259,4099
201811,4,AMRN,AMARIN CORP PLC,79122,309.94662,0.9992681141741888,4099
201811,5,SQ,BLOCK INC,15826,308.98456,0.9990241522322517,4099
201811,6,JD,J D COM INC,14655,308.88486,0.9987801902903147,4099
201811,7,TWLO,TWILIO INC,16140,308.0362,0.9985362283483776,4099
201811,8,M,MACYS INC,77462,307.80273,0.9982922664064406,4099
201811,9,SNAP,SNAP INC,16595,306.37256,0.9980483044645035,4099
201811,10,TTD,TRADE DESK INC,16309,303.15085,0.9978043425225664,4099
201811,11,ULTA,ULTA BEAUTY INC,92322,302.65393,0.9975603805806295,4099
201811,12,ANF,ABERCROMBIE & FITCH CO,83976,302.05875,0.9973164186386924,4099
201811,13,CRON,CRONOS GROUP INC,17316,299.68698,0.9970724566967553,4099
201811,14,MOMO,HELLO GROUP INC,15135,296.99603,0.9968284947548183,4099
201811,15,YELP,YELP INC,13318,294.1341,0.9965845328128812,4099
201811,16,JWN,NORDSTROM INC,57817,293.878,0.9963405708709442,4099
201811,17,FIT,FITBIT INC,15390,292.48178,0.9960966089290071,4099
201811,18,AMD,ADVANCED MICRO DEVICES INC,61241,291.44708,0.99585264698707,4099
201811,19,BBY,BEST BUY COMPANY INC,85914,290.83563,0.995608685045133,4099
201811,20,LULU,LULULEMON ATHLETICA INC,92203,290.8156,0.9953647231031959,4099
201811,21,GE,GENERAL ELECTRIC CO,12060,290.5072,0.9951207611612588,4099
201811,22,TSLA,TESLA INC,93436,289.83716,0.9948767992193218,4099
201811,23,NVDA,NVIDIA CORP,86580,289.1229,0.9946328372773847,4099
201811,24,IQ,IQIYI INC,17362,287.96518,0.9943888753354476,4099
201811,25,Z,ZILLOW GROUP INC,15546,286.06662,0.9941449133935106,4099
201812,1,TWTR,TWITTER INC,14295,339.53766,1.0,4089
201812,2,DVMT,DELL TECHNOLOGIES INC,16267,334.95605,0.999755441428222,4089
201812,3,SNAP,SNAP INC,16595,321.9556,0.9995108828564441,4089
201812,4,ROKU,ROKU INC,16932,314.04385,0.9992663242846662,4089
201812,5,UA,UNDER ARMOUR INC,15980,307.37305,0.9990217657128883,4089
201812,6,SFIX,STITCH FIX INC,17038,303.10074,0.9987772071411103,4089
201812,7,CRON,CRONOS GROUP INC,17316,302.09235,0.9985326485693323,4089
201812,8,IQ,IQIYI INC,17362,300.09604,0.9982880899975544,4089
201812,9,TWLO,TWILIO INC,16140,297.9896,0.9980435314257765,4089
201812,10,NBEV,NEWAGE INC,16593,294.79434,0.9977989728539985,4089
201812,11,CGC,CANOPY GROWTH CORP,17827,293.88214,0.9975544142822206,4089
201812,12,JD,J D COM INC,14655,292.61322,0.9973098557104426,4089
201812,13,MOMO,HELLO GROUP INC,15135,290.37607,0.9970652971386648,4089
201812,14,TSLA,TESLA INC,93436,286.2091,0.9968207385668868,4089
201812,15,UAA,UNDER ARMOUR INC,90979,286.20212,0.9965761799951088,4089
201812,16,DRH,DIAMONDROCK HOSPITALITY CO,90680,285.57745,0.9963316214233309,4089
201812,17,SQ,BLOCK INC,15826,285.5496,0.9960870628515529,4089
201812,18,AA,ALCOA CORP,16347,285.06897,0.995842504279775,4089
201812,19,LULU,LULULEMON ATHLETICA INC,92203,284.48923,0.9955979457079971,4089
201812,20,AEO,AMERICAN EAGLE OUTFITTERS INC NE,80432,283.77295,0.9953533871362191,4089
201812,21,AMD,ADVANCED MICRO DEVICES INC,61241,283.1064,0.9951088285644412,4089
201812,22,CMG,CHIPOTLE MEXICAN GRILL INC,91068,281.7413,0.9948642699926632,4089
201812,23,NFLX,NETFLIX INC,89393,281.3146,0.9946197114208853,4089
201812,24,TLRY,TILRAY BRANDS INC,17977,279.13492,0.9943751528491074,4089
201812,25,ABX,BARRICK MINING CORP,71298,277.48224,0.9941305942773294,4089
201901,1,SNAP,SNAP INC,16595,340.4478,1.0,4060
201901,2,TWTR,TWITTER INC,14295,331.78552,0.9997536945812808,4060
201901,3,TSLA,TESLA INC,93436,324.8561,0.9995073891625615,4060
201901,4,CRON,CRONOS GROUP INC,17316,320.66785,0.9992610837438424,4060
201901,5,IQ,IQIYI INC,17362,316.56476,0.9990147783251232,4060
201901,6,TWLO,TWILIO INC,16140,315.21838,0.9987684729064039,4060
201901,7,ROKU,ROKU INC,16932,302.37442,0.9985221674876847,4060
201901,8,PCG,P G & E CORP,13688,301.15128,0.9982758620689656,4060
201901,9,CGC,CANOPY GROWTH CORP,17827,300.34903,0.9980295566502463,4060
201901,10,FCX,FREEPORT MCMORAN INC,81774,298.83527,0.9977832512315271,4060
201901,11,JD,J D COM INC,14655,297.5631,0.9975369458128078,4060
201901,12,AA,ALCOA CORP,16347,295.4217,0.9972906403940887,4060
201901,13,X,UNITED STATES STEEL CORP NEW,76644,294.04843,0.9970443349753695,4060
201901,14,FIT,FITBIT INC,15390,291.60376,0.9967980295566502,4060
201901,15,TLRY,TILRAY BRANDS INC,17977,288.4301,0.996551724137931,4060
201901,16,M,MACYS INC,77462,287.68372,0.9963054187192119,4060
201901,17,GME,GAMESTOP CORP NEW,89301,286.46698,0.9960591133004926,4060
201901,18,TRIP,TRIPADVISOR INC,13168,282.39645,0.9958128078817734,4060
201901,19,AMD,ADVANCED MICRO DEVICES INC,61241,281.93066,0.9955665024630542,4060
201901,20,NFLX,NETFLIX INC,89393,281.61533,0.9953201970443349,4060
201901,21,CMG,CHIPOTLE MEXICAN GRILL INC,91068,280.41953,0.9950738916256158,4060
201901,22,UA,UNDER ARMOUR INC,15980,277.82706,0.9948275862068966,4060
201901,23,SBUX,STARBUCKS CORP,77702,276.57635,0.9945812807881773,4060
201901,24,NOK,NOKIA CORP,87128,276.43353,0.9943349753694581,4060
201901,25,FEYE,MANDIANT INC,14159,276.0973,0.994088669950739,4060
201902,1,CRON,CRONOS GROUP INC,17316,359.9948,1.0,4039
201902,2,SNAP,SNAP INC,16595,354.03818,0.9997524139638524,4039
201902,3,TWTR,TWITTER INC,14295,342.61148,0.9995048279277049,4039
201902,4,FIT,FITBIT INC,15390,335.51843,0.9992572418915573,4039
201902,5,CGC,CANOPY GROWTH CORP,17827,326.7426,0.9990096558554098,4039
201902,6,ROKU,ROKU INC,16932,320.09763,0.9987620698192622,4039
201902,7,IQ,IQIYI INC,17362,317.662,0.9985144837831146,4039
201902,8,TWLO,TWILIO INC,16140,315.3952,0.9982668977469671,4039
201902,9,GPRO,GOPRO INC,14694,312.40915,0.9980193117108195,4039
201902,10,JD,J D COM INC,14655,309.91425,0.997771725674672,4039
201902,11,ZNGA,ZYNGA INC,13169,308.98218,0.9975241396385244,4039
201902,12,FHB,FIRST HAWAIIAN INC,16253,305.62686,0.9972765536023769,4039
201902,13,NIO,N I O INC,18087,305.30862,0.9970289675662293,4039
201902,14,VALE,VALE S A,89330,295.73602,0.9967813815300817,4039
201902,15,WTW,W W INTERNATIONAL INC,89244,294.8413,0.9965337954939342,4039
201902,16,TTD,TRADE DESK INC,16309,294.4486,0.9962862094577866,4039
201902,17,AMD,ADVANCED MICRO DEVICES INC,61241,293.5838,0.9960386234216391,4039
201902,18,ATVI,ACTIVISION BLIZZARD INC,79678,291.6691,0.9957910373854915,4039
201902,19,NBEV,NEWAGE INC,16593,291.49744,0.9955434513493439,4039
201902,20,YELP,YELP INC,13318,291.43408,0.9952958653131964,4039
201902,21,UNIT,UNITI GROUP INC NEW,15279,290.88275,0.9950482792770488,4039
201902,22,TSLA,TESLA INC,93436,289.63876,0.9948006932409013,4039
201902,23,PANW,PALO ALTO NETWORKS INC,13511,288.09564,0.9945531072047537,4039
201902,24,Z,ZILLOW GROUP INC,15546,286.92206,0.994305521168606,4039
201902,25,BHC,BAUSCH HEALTH COMPANIES INC,80307,286.32455,0.9940579351324585,4039
201903,1,SNAP,SNAP INC,16595,356.6597,1.0,4029
201903,2,ACB,AURORA CANNABIS INC,18151,334.30225,0.9997517994539588,4029
201903,3,CRON,CRONOS GROUP INC,17316,330.07462,0.9995035989079176,4029
201903,4,ROKU,ROKU INC,16932,328.8898,0.9992553983618764,4029
201903,5,TWTR,TWITTER INC,14295,323.79178,0.9990071978158352,4029
201903,6,NIO,N I O INC,18087,317.37134,0.998758997269794,4029
201903,7,TSLA,TESLA INC,93436,315.93756,0.9985107967237528,4029
201903,8,IQ,IQIYI INC,17362,312.00296,0.9982625961777116,4029
201903,9,CMG,CHIPOTLE MEXICAN GRILL INC,91068,306.64133,0.9980143956316704,4029
201903,10,RH,R H,13687,306.30862,0.9977661950856291,4029
201903,11,JD,J D COM INC,14655,305.77203,0.997517994539588,4029
201903,12,X,UNITED STATES STEEL CORP NEW,76644,303.37665,0.9972697939935468,4029
201903,13,CLDR,CLOUDERA INC,16657,302.7226,0.9970215934475056,4029
201903,14,NTNX,NUTANIX INC,16304,302.16562,0.9967733929014644,4029
201903,15,CGC,CANOPY GROWTH CORP,17827,300.6333,0.9965251923554231,4029
201903,16,SFIX,STITCH FIX INC,17038,298.61652,0.996276991809382,4029
201903,17,LULU,LULULEMON ATHLETICA INC,92203,297.21936,0.9960287912633408,4029
201903,18,AMRN,AMARIN CORP PLC,79122,293.85974,0.9957805907172996,4029
201903,19,TWLO,TWILIO INC,16140,290.8125,0.9955323901712584,4029
201903,20,AMD,ADVANCED MICRO DEVICES INC,61241,288.09732,0.9952841896252171,4029
201903,21,FIT,FITBIT INC,15390,287.6264,0.995035989079176,4029
201903,22,NFLX,NETFLIX INC,89393,284.77786,0.9947877885331348,4029
201903,23,TNDM,TANDEM DIABETES CARE INC,14325,283.5074,0.9945395879870935,4029
201903,24,ULTA,ULTA BEAUTY INC,92322,283.10458,0.9942913874410524,4029
201903,25,DRH,DIAMONDROCK HOSPITALITY CO,90680,282.0337,0.9940431868950111,4029
201904,1,SNAP,SNAP INC,16595,413.4829,1.0,4115
201904,2,TWTR,TWITTER INC,14295,349.53543,0.9997569866342649,4115
201904,3,CMG,CHIPOTLE MEXICAN GRILL INC,91068,339.59277,0.9995139732685298,4115
201904,4,ROKU,ROKU INC,16932,339.02405,0.9992709599027947,4115
201904,5,ACB,AURORA CANNABIS INC,18151,333.25507,0.9990279465370595,4115
201904,6,X,UNITED STATES STEEL CORP NEW,76644,327.80698,0.9987849331713244,4115
201904,7,CRON,CRONOS GROUP INC,17316,326.80237,0.9985419198055893,4115
201904,8,IQ,IQIYI INC,17362,325.87094,0.9982989064398542,4115
201904,9,TSLA,TESLA INC,93436,325.35782,0.9980558930741191,4115
201904,10,TWLO,TWILIO INC,16140,324.34116,0.997812879708384,4115
201904,11,GRUB,GRUBHUB INC,14567,318.6386,0.9975698663426489,4115
201904,12,TNDM,TANDEM DIABETES CARE INC,14325,312.00784,0.9973268529769137,4115
201904,13,FCX,FREEPORT MCMORAN INC,81774,310.41226,0.9970838396111786,4115
201904,14,SKX,SKECHERS U S A INC,86949,307.89966,0.9968408262454435,4115
201904,15,AMD,ADVANCED MICRO DEVICES INC,61241,307.47903,0.9965978128797084,4115
201904,16,ZNGA,ZYNGA INC,13169,307.21835,0.9963547995139733,4115
201904,17,AMRN,AMARIN CORP PLC,79122,306.8933,0.9961117861482381,4115
201904,18,ANET,ARISTA NETWORKS INC,14714,302.03625,0.9958687727825031,4115
201904,19,GME,GAMESTOP CORP NEW,89301,301.72058,0.9956257594167679,4115
201904,20,TTD,TRADE DESK INC,16309,301.2913,0.9953827460510328,4115
201904,21,CGC,CANOPY GROWTH CORP,17827,299.23615,0.9951397326852977,4115
201904,22,SQ,BLOCK INC,15826,297.8393,0.9948967193195626,4115
201904,23,SHOP,SHOPIFY INC,15358,297.75357,0.9946537059538274,4115
201904,24,IRBT,IROBOT CORP,90971,296.42426,0.9944106925880923,4115
201904,25,NBEV,NEWAGE INC,16593,289.73862,0.9941676792223573,4115
201905,1,SNAP,SNAP INC,16595,347.0126,1.0,4162
201905,2,TTD,TRADE DESK INC,16309,336.52325,0.9997597308986065,4162
201905,3,ACB,AURORA CANNABIS INC,18151,334.48474,0.9995194617972128,4162
201905,4,M,MACYS INC,77462,333.60446,0.9992791926958193,4162
201905,5,TWTR,TWITTER INC,14295,330.79385,0.9990389235944258,4162
201905,6,ZNGA,ZYNGA INC,13169,330.52594,0.9987986544930322,4162
201905,7,IQ,IQIYI INC,17362,326.41138,0.9985583853916387,4162
201905,8,CRON,CRONOS GROUP INC,17316,318.93848,0.998318116290245,4162
201905,9,GPS,GAP INC,59010,316.42853,0.9980778471888515,4162
201905,10,ROKU,ROKU INC,16932,315.1566,0.997837578087458,4162
201905,11,ZS,ZSCALER INC,17341,314.43762,0.9975973089860644,4162
201905,12,OKTA,OKTA INC,16649,312.81323,0.9973570398846708,4162
201905,13,JD,J D COM INC,14655,311.48462,0.9971167707832773,4162
201905,14,GPRO,GOPRO INC,14694,310.7565,0.9968765016818837,4162
201905,15,NTNX,NUTANIX INC,16304,308.5277,0.9966362325804902,4162
201905,16,MOMO,HELLO GROUP INC,15135,305.29135,0.9963959634790965,4162
201905,17,TSLA,TESLA INC,93436,304.92517,0.996155694377703,4162
201905,18,CGC,CANOPY GROWTH CORP,17827,301.03516,0.9959154252763095,4162
201905,19,LULU,LULULEMON ATHLETICA INC,92203,299.72766,0.9956751561749159,4162
201905,20,PANW,PALO ALTO NETWORKS INC,13511,298.62842,0.9954348870735223,4162
201905,21,ANF,ABERCROMBIE & FITCH CO,83976,298.45154,0.9951946179721288,4162
201905,22,ULTA,ULTA BEAUTY INC,92322,298.2134,0.9949543488707352,4162
201905,23,NIO,N I O INC,18087,297.94135,0.9947140797693417,4162
201905,24,Z,ZILLOW GROUP INC,15546,297.22183,0.9944738106679482,4162
201905,25,YELP,YELP INC,13318,297.02322,0.9942335415665545,4162
201906,1,SNAP,SNAP INC,16595,370.0368,1.0,4150
201906,2,TWTR,TWITTER INC,14295,348.89767,0.9997590361445783,4150
201906,3,ZNGA,ZYNGA INC,13169,328.96432,0.9995180722891567,4150
201906,4,ROKU,ROKU INC,16932,327.38782,0.999277108433735,4150
201906,5,CMG,CHIPOTLE MEXICAN GRILL INC,91068,309.9332,0.9990361445783132,4150
201906,6,CGC,CANOPY GROWTH CORP,17827,307.50012,0.9987951807228915,4150
201906,7,TTD,TRADE DESK INC,16309,306.09436,0.9985542168674699,4150
201906,8,DBX,DROPBOX INC,17342,302.64368,0.9983132530120482,4150
201906,9,SFIX,STITCH FIX INC,17038,301.58176,0.9980722891566265,4150
201906,10,NIO,N I O INC,18087,301.39468,0.9978313253012048,4150
201906,11,X,UNITED STATES STEEL CORP NEW,76644,298.2246,0.9975903614457832,4150
201906,12,IQ,IQIYI INC,17362,298.08078,0.9973493975903615,4150
201906,13,AMD,ADVANCED MICRO DEVICES INC,61241,298.01773,0.9971084337349397,4150
201906,14,TSLA,TESLA INC,93436,294.85156,0.996867469879518,4150
201906,15,SHOP,SHOPIFY INC,15358,294.81577,0.9966265060240964,4150
201906,16,ACB,AURORA CANNABIS INC,18151,294.7342,0.9963855421686747,4150
201906,17,CRON,CRONOS GROUP INC,17316,294.34747,0.996144578313253,4150
201906,18,TWLO,TWILIO INC,16140,292.0628,0.9959036144578314,4150
201906,19,BB,BLACKBERRY LTD,86745,289.61157,0.9956626506024097,4150
201906,20,LULU,LULULEMON ATHLETICA INC,92203,288.60242,0.9954216867469879,4150
201906,21,CLDR,CLOUDERA INC,16657,288.11166,0.9951807228915662,4150
201906,22,OKTA,OKTA INC,16649,286.27118,0.9949397590361446,4150
201906,23,KR,KROGER CO,16678,283.79022,0.9946987951807229,4150
201906,24,FB,META PLATFORMS INC,13407,283.23746,0.9944578313253012,4150
201906,25,TNDM,TANDEM DIABETES CARE INC,14325,280.99988,0.9942168674698795,4150
201907,1,SNAP,SNAP INC,16595,396.7348,1.0,4147
201907,2,ROKU,ROKU INC,16932,341.64563,0.9997588618278274,4147
201907,3,TWTR,TWITTER INC,14295,336.5313,0.9995177236556547,4147
201907,4,IQ,IQIYI INC,17362,319.52667,0.9992765854834821,4147
201907,5,ZNGA,ZYNGA INC,13169,314.66028,0.9990354473113093,4147
201907,6,AMD,ADVANCED MICRO DEVICES INC,61241,312.71637,0.9987943091391367,4147
201907,7,TTD,TRADE DESK INC,16309,310.4512,0.998553170966964,4147
201907,8,CGC,CANOPY GROWTH CORP,17827,308.96353,0.9983120327947914,4147
201907,9,X,UNITED STATES STEEL CORP NEW,76644,306.3822,0.9980708946226188,4147
201907,10,CMG,CHIPOTLE MEXICAN GRILL INC,91068,304.3271,0.9978297564504461,4147
201907,11,TWLO,TWILIO INC,16140,302.28802,0.9975886182782735,4147
201907,12,AMRN,AMARIN CORP PLC,79122,297.59332,0.9973474801061007,4147
201907,13,TSLA,TESLA INC,93436,297.26022,0.9971063419339281,4147
201907,14,UAA,UNDER ARMOUR INC,90979,295.6844,0.9968652037617555,4147
201907,15,ACB,AURORA CANNABIS INC,18151,292.83386,0.9966240655895828,4147
201907,16,UA,UNDER ARMOUR INC,15980,292.35736,0.9963829274174102,4147
201907,17,SFIX,STITCH FIX INC,17038,291.0553,0.9961417892452376,4147
201907,18,SHOP,SHOPIFY INC,15358,290.5863,0.9959006510730649,4147
201907,19,WW,W W INTERNATIONAL INC,89244,290.5709,0.9956595129008922,4147
201907,20,IRBT,IROBOT CORP,90971,290.42667,0.9954183747287195,4147
201907,21,GOLD,BARRICK MINING CORP,71298,287.6567,0.9951772365565469,4147
201907,22,OSTK,BED BATH & BEYOND INC NEW,89394,286.47568,0.9949360983843742,4147
201907,23,CRON,CRONOS GROUP INC,17316,285.87717,0.9946949602122016,4147
201907,24,EXPE,EXPEDIA GROUP INC,90808,285.3778,0.994453822040029,4147
201907,25,FCX,FREEPORT MCMORAN INC,81774,285.00177,0.9942126838678563,4147
201908,1,SNAP,SNAP INC,16595,366.91632,1.0,4151
201908,2,CGC,CANOPY GROWTH CORP,17827,322.38647,0.9997590941941701,4151
201908,3,ZS,ZSCALER INC,17341,319.64346,0.9995181883883402,4151
201908,4,BYND,BEYOND MEAT INC,18572,319.55917,0.9992772825825103,4151
201908,5,ROKU,ROKU INC,16932,317.93036,0.9990363767766803,4151
201908,6,TTD,TRADE DESK INC,16309,313.2684,0.9987954709708504,4151
201908,7,UBER,UBER TECHNOLOGIES INC,18576,312.59738,0.9985545651650205,4151
201908,8,LYFT,LYFT INC,18452,312.04514,0.9983136593591906,4151
201908,9,IQ,IQIYI INC,17362,311.3258,0.9980727535533607,4151
201908,10,M,MACYS INC,77462,308.95044,0.9978318477475308,4151
201908,11,DBX,DROPBOX INC,17342,308.18915,0.9975909419417008,4151
201908,12,OKTA,OKTA INC,16649,306.76553,0.9973500361358709,4151
201908,13,JD,J D COM INC,14655,306.1144,0.997109130330041,4151
201908,14,TWTR,TWITTER INC,14295,305.25946,0.9968682245242111,4151
201908,15,PANW,PALO ALTO NETWORKS INC,13511,302.71225,0.9966273187183811,4151
201908,16,ACB,AURORA CANNABIS INC,18151,301.17957,0.9963864129125511,4151
201908,17,CRON,CRONOS GROUP INC,17316,299.1169,0.9961455071067212,4151
201908,18,TSLA,TESLA INC,93436,297.17654,0.9959046013008913,4151
201908,19,SFIX,STITCH FIX INC,17038,293.78625,0.9956636954950614,4151
201908,20,LK,LUCKIN COFFEE INC,18662,292.9076,0.9954227896892315,4151
201908,21,LULU,LULULEMON ATHLETICA INC,92203,291.49686,0.9951818838834016,4151
201908,22,NTNX,NUTANIX INC,16304,291.02386,0.9949409780775716,4151
201908,23,JWN,NORDSTROM INC,57817,289.79993,0.9947000722717417,4151
201908,24,SHOP,SHOPIFY INC,15358,289.72327,0.9944591664659118,4151
201908,25,GPS,GAP INC,59010,289.55548,0.9942182606600819,4151
201909,1,SNAP,SNAP INC,16595,405.11142,1.0,4148
201909,2,ACB,AURORA CANNABIS INC,18151,347.08173,0.9997589199614272,4148
201909,3,ROKU,ROKU INC,16932,346.95285,0.9995178399228544,4148
201909,4,TWTR,TWITTER INC,14295,334.5559,0.9992767598842816,4148
201909,5,PINS,PINTEREST INC,18485,333.4951,0.9990356798457087,4148
201909,6,ZS,ZSCALER INC,17341,332.40634,0.9987945998071359,4148
201909,7,CMG,CHIPOTLE MEXICAN GRILL INC,91068,314.99936,0.9985535197685632,4148
201909,8,SHOP,SHOPIFY INC,15358,314.17838,0.9983124397299904,4148
201909,9,TTD,TRADE DESK INC,16309,314.1475,0.9980713596914176,4148
201909,10,LYFT,LYFT INC,18452,313.27344,0.9978302796528448,4148
201909,11,CHWY,CHEWY INC,18727,311.82983,0.997589199614272,4148
201909,12,BYND,BEYOND MEAT INC,18572,309.6487,0.9973481195756991,4148
201909,13,NFLX,NETFLIX INC,89393,307.66748,0.9971070395371263,4148
201909,14,OKTA,OKTA INC,16649,304.64368,0.9968659594985535,4148
201909,15,CGC,CANOPY GROWTH CORP,17827,304.63995,0.9966248794599807,4148
201909,16,WORK,SLACK TECHNOLOGIES INC,18734,303.90628,0.9963837994214079,4148
201909,17,TSLA,TESLA INC,93436,302.5936,0.996142719382835,4148
201909,18,ZM,ZOOM COMMUNICATIONS INC,18484,300.09012,0.9959016393442623,4148
201909,19,TWLO,TWILIO INC,16140,299.83044,0.9956605593056895,4148
201909,20,SFIX,STITCH FIX INC,17038,298.5537,0.9954194792671167,4148
201909,21,CRWD,CROWDSTRIKE HOLDINGS INC,18726,297.23465,0.9951783992285439,4148
201909,22,AMD,ADVANCED MICRO DEVICES INC,61241,295.35406,0.9949373191899711,4148
201909,23,APPN,APPIAN CORP,16698,293.68872,0.9946962391513983,4148
201909,24,UBER,UBER TECHNOLOGIES INC,18576,292.36932,0.9944551591128254,4148
201909,25,NIO,N I O INC,18087,291.05417,0.9942140790742526,4148
201910,1,SNAP,SNAP INC,16595,397.58978,1.0,4120
201910,2,TWTR,TWITTER INC,14295,342.54974,0.999757281553398,4120
201910,3,BYND,BEYOND MEAT INC,18572,335.621,0.9995145631067961,4120
201910,4,ROKU,ROKU INC,16932,328.1048,0.9992718446601941,4120
201910,5,PINS,PINTEREST INC,18485,324.84067,0.9990291262135922,4120
201910,6,CMG,CHIPOTLE MEXICAN GRILL INC,91068,321.26245,0.9987864077669902,4120
201910,7,FIT,FITBIT INC,15390,317.12906,0.9985436893203884,4120
201910,8,CGC,CANOPY GROWTH CORP,17827,315.9191,0.9983009708737864,4120
201910,9,CRON,CRONOS GROUP INC,17316,312.65353,0.9980582524271845,4120
201910,10,ETSY,ETSY INC,15291,309.80658,0.9978155339805825,4120
201910,11,WORK,SLACK TECHNOLOGIES INC,18734,309.47003,0.9975728155339806,4120
201910,12,SHAK,SHAKE SHACK INC,15167,308.4159,0.9973300970873786,4120
201910,13,TWLO,TWILIO INC,16140,307.0235,0.9970873786407767,4120
201910,14,ACB,AURORA CANNABIS INC,18151,306.22372,0.9968446601941747,4120
201910,15,SFIX,STITCH FIX INC,17038,306.1803,0.9966019417475728,4120
201910,16,GRUB,GRUBHUB INC,14567,305.61755,0.9963592233009708,4120
201910,17,AMD,ADVANCED MICRO DEVICES INC,61241,302.85034,0.996116504854369,4120
201910,18,SDC,SMILEDIRECTCLUB INC,18907,295.79358,0.995873786407767,4120
201910,19,W,WAYFAIR INC,14983,295.6644,0.9956310679611651,4120
201910,20,M,MACYS INC,77462,293.28802,0.9953883495145631,4120
201910,21,SHOP,SHOPIFY INC,15358,292.5424,0.9951456310679612,4120
201910,22,UBER,UBER TECHNOLOGIES INC,18576,292.39984,0.9949029126213592,4120
201910,23,LYFT,LYFT INC,18452,292.17892,0.9946601941747573,4120
201910,24,TSLA,TESLA INC,93436,288.07584,0.9944174757281553,4120
201910,25,NFLX,NETFLIX INC,89393,286.77414,0.9941747572815534,4120
201911,1,UBER,UBER TECHNOLOGIES INC,18576,345.77942,1.0,4123
201911,2,SNAP,SNAP INC,16595,329.3005,0.9997574581615328,4123
201911,3,CRON,CRONOS GROUP INC,17316,329.26215,0.9995149163230658,4123
201911,4,ACB,AURORA CANNABIS INC,18151,328.7485,0.9992723744845986,4123
201911,5,BYND,BEYOND MEAT INC,18572,325.52908,0.9990298326461314,4123
201911,6,CGC,CANOPY GROWTH CORP,17827,323.86102,0.9987872908076644,4123
201911,7,ROKU,ROKU INC,16932,320.53247,0.9985447489691972,4123
201911,8,WORK,SLACK TECHNOLOGIES INC,18734,318.92413,0.99830220713073,4123
201911,9,AMRN,AMARIN CORP PLC,79122,316.50104,0.9980596652922629,4123
201911,10,M,MACYS INC,77462,314.663,0.9978171234537958,4123
201911,11,PINS,PINTEREST INC,18485,310.54596,0.9975745816153286,4123
201911,12,NTNX,NUTANIX INC,16304,307.76776,0.9973320397768615,4123
201911,13,TSLA,TESLA INC,93436,307.39563,0.9970894979383944,4123
201911,14,SHAK,SHAKE SHACK INC,15167,303.90768,0.9968469560999272,4123
201911,15,LK,LUCKIN COFFEE INC,18662,302.62314,0.9966044142614601,4123
201911,16,TTD,TRADE DESK INC,16309,302.3176,0.996361872422993,4123
201911,17,TWTR,TWITTER INC,14295,300.8235,0.9961193305845258,4123
201911,18,I,INTELSAT S A,13866,296.7661,0.9958767887460587,4123
201911,19,PANW,PALO ALTO NETWORKS INC,13511,295.82068,0.9956342469075916,4123
201911,20,PBR,PETROLEO BRASILEIRO SA PETROBRAS,88490,295.55566,0.9953917050691244,4123
201911,21,TRIP,TRIPADVISOR INC,13168,295.41016,0.9951491632306573,4123
201911,22,LULU,LULULEMON ATHLETICA INC,92203,295.32373,0.9949066213921901,4123
201911,23,SDC,SMILEDIRECTCLUB INC,18907,292.7208,0.994664079553723,4123
201911,24,UNIT,UNITI GROUP INC NEW,15279,291.01266,0.9944215377152559,4123
201911,25,BURL,BURLINGTON STORES INC,14182,290.2301,0.9941789958767887,4123
201912,1,SNAP,SNAP INC,16595,352.98306,1.0,4098
201912,2,TSLA,TESLA INC,93436,326.1969,0.9997559785261103,4098
201912,3,AMRN,AMARIN CORP PLC,79122,324.32434,0.9995119570522206,4098
201912,4,NIO,N I O INC,18087,323.2865,0.9992679355783309,4098
201912,5,ROKU,ROKU INC,16932,321.2453,0.9990239141044412,4098
201912,6,RPAI,RETAIL PROPERTIES OF AMERICA INC,13358,315.50757,0.9987798926305514,4098
201912,7,PTI,KINETA INC,15950,312.16,0.9985358711566618,4098
201912,8,WORK,SLACK TECHNOLOGIES INC,18734,311.8512,0.9982918496827721,4098
201912,9,CRON,CRONOS GROUP INC,17316,311.67987,0.9980478282088824,4098
201912,10,LULU,LULULEMON ATHLETICA INC,92203,310.87042,0.9978038067349927,4098
201912,11,UBER,UBER TECHNOLOGIES INC,18576,308.25864,0.997559785261103,4098
201912,12,LYFT,LYFT INC,18452,301.89398,0.9973157637872133,4098
201912,13,ZS,ZSCALER INC,17341,301.72845,0.9970717423133236,4098
201912,14,TTD,TRADE DESK INC,16309,301.19852,0.9968277208394338,4098
201912,15,PTON,PELOTON INTERACTIVE INC,18940,300.78326,0.9965836993655441,4098
201912,16,SHOP,SHOPIFY INC,15358,300.5573,0.9963396778916545,4098
201912,17,ACB,AURORA CANNABIS INC,18151,299.61862,0.9960956564177648,4098
201912,18,TWTR,TWITTER INC,14295,299.19962,0.9958516349438751,4098
201912,19,M,MACYS INC,77462,297.42807,0.9956076134699854,4098
201912,20,OKTA,OKTA INC,16649,297.0608,0.9953635919960957,4098
201912,21,X,UNITED STATES STEEL CORP NEW,76644,296.8827,0.995119570522206,4098
201912,22,LK,LUCKIN COFFEE INC,18662,294.92413,0.9948755490483162,4098
201912,23,BYND,BEYOND MEAT INC,18572,294.054,0.9946315275744265,4098
201912,24,ZM,ZOOM COMMUNICATIONS INC,18484,291.8819,0.9943875061005368,4098
201912,25,CLVS,CLOVIS ONCOLOGY INC,13107,291.24774,0.9941434846266471,4098
202001,1,SNAP,SNAP INC,16595,379.16824,1.0,4080
202001,2,NIO,N I O INC,18087,354.45178,0.9997549019607843,4080
202001,3,TWTR,TWITTER INC,14295,351.89713,0.9995098039215686,4080
202001,4,CRON,CRONOS GROUP INC,17316,341.9169,0.9992647058823529,4080
202001,5,LK,LUCKIN COFFEE INC,18662,325.39474,0.9990196078431373,4080
202001,6,TSLA,TESLA INC,93436,319.31378,0.9987745098039216,4080
202001,7,ROKU,ROKU INC,16932,316.93533,0.9985294117647059,4080
202001,8,UBER,UBER TECHNOLOGIES INC,18576,313.4043,0.9982843137254902,4080
202001,9,SHOP,SHOPIFY INC,15358,313.17075,0.9980392156862745,4080
202001,10,SDC,SMILEDIRECTCLUB INC,18907,311.58917,0.9977941176470588,4080
202001,11,CGC,CANOPY GROWTH CORP,17827,311.4317,0.9975490196078431,4080
202001,12,PINS,PINTEREST INC,18485,308.16653,0.9973039215686275,4080
202001,13,SPCE,VIRGIN GALACTIC HOLDINGS INC,16964,307.7686,0.9970588235294118,4080
202001,14,TTD,TRADE DESK INC,16309,306.16367,0.9968137254901961,4080
202001,15,TWLO,TWILIO INC,16140,305.8414,0.9965686274509804,4080
202001,16,AMRN,AMARIN CORP PLC,79122,300.84793,0.9963235294117647,4080
202001,17,BYND,BEYOND MEAT INC,18572,300.19608,0.996078431372549,4080
202001,18,AA,ALCOA CORP,16347,299.93643,0.9958333333333333,4080
202001,19,GRUB,GRUBHUB INC,14567,298.65082,0.9955882352941177,4080
202001,20,I,INTELSAT S A,13866,289.0309,0.995343137254902,4080
202001,21,TLRY,TILRAY BRANDS INC,17977,288.75958,0.9950980392156863,4080
202001,22,ACB,AURORA CANNABIS INC,18151,287.234,0.9948529411764706,4080
202001,23,AMD,ADVANCED MICRO DEVICES INC,61241,287.2043,0.9946078431372549,4080
202001,24,ZNGA,ZYNGA INC,13169,285.54834,0.9943627450980392,4080
202001,25,ABBV,ABBVIE INC,13721,284.95416,0.9941176470588236,4080
202002,1,SPCE,VIRGIN GALACTIC HOLDINGS INC,16964,363.0149,1.0,4071
202002,2,SNAP,SNAP INC,16595,362.78363,0.9997543601080816,4071
202002,3,SDC,SMILEDIRECTCLUB INC,18907,339.43616,0.9995087202161631,4071
202002,4,BYND,BEYOND MEAT INC,18572,333.07504,0.9992630803242447,4071
202002,5,NIO,N I O INC,18087,329.07513,0.9990174404323262,4071
202002,6,UBER,UBER TECHNOLOGIES INC,18576,325.76443,0.9987718005404078,4071
202002,7,PINS,PINTEREST INC,18485,322.92978,0.9985261606484893,4071
202002,8,ZNGA,ZYNGA INC,13169,320.88065,0.9982805207565709,4071
202002,9,TTD,TRADE DESK INC,16309,314.85583,0.9980348808646524,4071
202002,10,TWTR,TWITTER INC,14295,312.5245,0.997789240972734,4071
202002,11,SHAK,SHAKE SHACK INC,15167,308.73083,0.9975436010808155,4071
202002,12,WORK,SLACK TECHNOLOGIES INC,18734,308.67618,0.9972979611888971,4071
202002,13,CGC,CANOPY GROWTH CORP,17827,308.61572,0.9970523212969786,4071
202002,14,SEDG,SOLAREDGE TECHNOLOGIES INC,15272,306.97842,0.9968066814050602,4071
202002,15,NTNX,NUTANIX INC,16304,306.37994,0.9965610415131417,4071
202002,16,TNDM,TANDEM DIABETES CARE INC,14325,305.75943,0.9963154016212233,4071
202002,17,TSLA,TESLA INC,93436,305.7451,0.9960697617293048,4071
202002,18,SHOP,SHOPIFY INC,15358,302.60495,0.9958241218373864,4071
202002,19,DBX,DROPBOX INC,17342,301.2448,0.9955784819454679,4071
202002,20,ROKU,ROKU INC,16932,300.62375,0.9953328420535495,4071
202002,21,PLUG,PLUG POWER INC,87337,299.46323,0.995087202161631,4071
202002,22,Z,ZILLOW GROUP INC,15546,298.07425,0.9948415622697127,4071
202002,23,ETSY,ETSY INC,15291,297.7827,0.9945959223777942,4071
202002,24,PDD,PDD HOLDINGS INC,17972,297.3412,0.9943502824858758,4071
202002,25,ACB,AURORA CANNABIS INC,18151,296.88077,0.9941046425939573,4071
202003,1,SNAP,SNAP INC,16595,360.87613,1.0,4077
202003,2,SPCE,VIRGIN GALACTIC HOLDINGS INC,16964,346.31693,0.9997547216090262,4077
202003,3,UBER,UBER TECHNOLOGIES INC,18576,329.9417,0.9995094432180525,4077
202003,4,TWTR,TWITTER INC,14295,328.51083,0.9992641648270787,4077
202003,5,ROKU,ROKU INC,16932,327.67838,0.9990188864361049,4077
202003,6,WORK,SLACK TECHNOLOGIES INC,18734,319.9463,0.9987736080451313,4077
202003,7,Z,ZILLOW GROUP INC,15546,316.56717,0.9985283296541575,4077
202003,8,SHOP,SHOPIFY INC,15358,314.2134,0.9982830512631837,4077
202003,9,LK,LUCKIN COFFEE INC,18662,312.84998,0.99803777287221,4077
202003,10,INO,INOVIO PHARMACEUTICALS INC,86444,310.77325,0.9977924944812362,4077
202003,11,ZM,ZOOM COMMUNICATIONS INC,18484,309.2916,0.9975472160902624,4077
202003,12,LYFT,LYFT INC,18452,307.29025,0.9973019376992887,4077
202003,13,NIO,N I O INC,18087,305.95227,0.9970566593083149,4077
202003,14,AAL,AMERICAN AIRLINES GROUP INC,21020,303.16428,0.9968113809173412,4077
202003,15,PINS,PINTEREST INC,18485,302.595,0.9965661025263675,4077
202003,16,AMRN,AMARIN CORP PLC,79122,299.83633,0.9963208241353937,4077
202003,17,CMG,CHIPOTLE MEXICAN GRILL INC,91068,299.521,0.9960755457444199,4077
202003,18,F,FORD MOTOR CO DEL,25785,297.55212,0.9958302673534462,4077
202003,19,TTD,TRADE DESK INC,16309,295.86685,0.9955849889624724,4077
202003,20,MRNA,MODERNA INC,18312,295.41187,0.9953397105714986,4077
202003,21,ET,ENERGY TRANSFER L P,91111,294.42587,0.9950944321805248,4077
202003,22,SEDG,SOLAREDGE TECHNOLOGIES INC,15272,294.09976,0.9948491537895512,4077
202003,23,ETSY,ETSY INC,15291,293.42343,0.9946038753985774,4077
202003,24,COUP,COUPA SOFTWARE INC,16382,292.69608,0.9943585970076037,4077
202003,25,ZNGA,ZYNGA INC,13169,290.61255,0.9941133186166299,4077
202004,1,SNAP,SNAP INC,16595,344.69843,1.0,4130
202004,2,TWTR,TWITTER INC,14295,338.4649,0.9997578692493947,4130
202004,3,UBER,UBER TECHNOLOGIES INC,18576,335.07278,0.9995157384987894,4130
202004,4,ZNGA,ZYNGA INC,13169,330.25504,0.999273607748184,4130
202004,5,TDOC,TELADOC HEALTH INC,15585,329.56644,0.9990314769975787,4130
202004,6,F,FORD MOTOR CO DEL,25785,327.66895,0.9987893462469734,4130
202004,7,NIO,N I O INC,18087,327.15195,0.998547215496368,4130
202004,8,ZM,ZOOM COMMUNICATIONS INC,18484,325.8408,0.9983050847457627,4130
202004,9,IQ,IQIYI INC,17362,325.30847,0.9980629539951574,4130
202004,10,WORK,SLACK TECHNOLOGIES INC,18734,324.062,0.997820823244552,4130
202004,11,ROKU,ROKU INC,16932,321.56003,0.9975786924939467,4130
202004,12,TSLA,TESLA INC,93436,316.8958,0.9973365617433414,4130
202004,13,SHOP,SHOPIFY INC,15358,316.6671,0.9970944309927361,4130
202004,14,TTD,TRADE DESK INC,16309,315.84805,0.9968523002421308,4130
202004,15,AAL,AMERICAN AIRLINES GROUP INC,21020,310.65414,0.9966101694915255,4130
202004,16,BYND,BEYOND MEAT INC,18572,310.42413,0.9963680387409201,4130
202004,17,PINS,PINTEREST INC,18485,308.80945,0.9961259079903148,4130
202004,18,CODX,CO DIAGNOSTICS INC,16820,307.55798,0.9958837772397094,4130
202004,19,LYFT,LYFT INC,18452,306.91354,0.9956416464891041,4130
202004,20,SPCE,VIRGIN GALACTIC HOLDINGS INC,16964,304.7465,0.9953995157384988,4130
202004,21,ZS,ZSCALER INC,17341,304.7004,0.9951573849878934,4130
202004,22,SQ,BLOCK INC,15826,301.48206,0.9949152542372881,4130
202004,23,PTON,PELOTON INTERACTIVE INC,18940,298.5533,0.9946731234866828,4130
202004,24,MRNA,MODERNA INC,18312,294.19626,0.9944309927360775,4130
202004,25,TGE,TALLGRASS ENERGY LP,15359,293.21506,0.9941888619854722,4130
202005,1,ZM,ZOOM COMMUNICATIONS INC,18484,364.11392,1.0,4146
202005,2,SPCE,VIRGIN GALACTIC HOLDINGS INC,16964,352.2476,0.9997588036661843,4146
202005,3,WORK,SLACK TECHNOLOGIES INC,18734,351.69022,0.9995176073323685,4146
202005,4,ZNGA,ZYNGA INC,13169,347.34967,0.9992764109985528,4146
202005,5,ZS,ZSCALER INC,17341,340.4097,0.9990352146647371,4146
202005,6,DOCU,DOCUSIGN INC,17685,339.70178,0.9987940183309214,4146
202005,7,DKNG,DRAFTKINGS INC,18835,333.98065,0.9985528219971056,4146
202005,8,PINS,PINTEREST INC,18485,331.18643,0.9983116256632899,4146
202005,9,NIO,N I O INC,18087,330.5973,0.9980704293294742,4146
202005,10,VTIQ,NIKOLA CORP,17907,330.3284,0.9978292329956585,4146
202005,11,PTON,PELOTON INTERACTIVE INC,18940,329.4833,0.9975880366618427,4146
202005,12,ROKU,ROKU INC,16932,325.05426,0.997346840328027,4146
202005,13,MRNA,MODERNA INC,18312,324.80396,0.9971056439942113,4146
202005,14,CHWY,CHEWY INC,18727,324.35223,0.9968644476603956,4146
202005,15,UBER,UBER TECHNOLOGIES INC,18576,324.1451,0.9966232513265798,4146
202005,16,CODX,CO DIAGNOSTICS INC,16820,324.10007,0.9963820549927641,4146
202005,17,SDC,SMILEDIRECTCLUB INC,18907,323.63602,0.9961408586589484,4146
202005,18,CRWD,CROWDSTRIKE HOLDINGS INC,18726,323.0154,0.9958996623251326,4146
202005,19,OKTA,OKTA INC,16649,322.95663,0.9956584659913169,4146
202005,20,SNAP,SNAP INC,16595,322.42923,0.9954172696575012,4146
202005,21,BYND,BEYOND MEAT INC,18572,318.77747,0.9951760733236855,4146
202005,22,INO,INOVIO PHARMACEUTICALS INC,86444,318.43716,0.9949348769898697,4146
202005,23,DDOG,DATADOG INC,18911,316.49408,0.994693680656054,4146
202005,24,TTD,TRADE DESK INC,16309,315.55164,0.9944524843222383,4146
202005,25,TSLA,TESLA INC,93436,313.45386,0.9942112879884226,4146
202006,1,LK,LUCKIN COFFEE INC,18662,371.09637,1.0,4151
202006,2,WORK,SLACK TECHNOLOGIES INC,18734,366.90366,0.9997590941941701,4151
202006,3,ZNGA,ZYNGA INC,13169,360.7067,0.9995181883883402,4151
202006,4,NIO,N I O INC,18087,358.96597,0.9992772825825103,4151
202006,5,SNAP,SNAP INC,16595,344.28012,0.9990363767766803,4151
202006,6,DOCU,DOCUSIGN INC,17685,335.787,0.9987954709708504,4151
202006,7,DKNG,DRAFTKINGS INC,18835,333.60287,0.9985545651650205,4151
202006,8,TWTR,TWITTER INC,14295,331.113,0.9983136593591906,4151
202006,9,CHWY,CHEWY INC,18727,327.76672,0.9980727535533607,4151
202006,10,CRWD,CROWDSTRIKE HOLDINGS INC,18726,325.45358,0.9978318477475308,4151
202006,11,UBER,UBER TECHNOLOGIES INC,18576,324.23337,0.9975909419417008,4151
202006,12,ZM,ZOOM COMMUNICATIONS INC,18484,322.82925,0.9973500361358709,4151
202006,13,HTZ,HERTZ GLOBAL HOLDINGS INC NEW,16086,321.7103,0.997109130330041,4151
202006,14,ENPH,ENPHASE ENERGY INC,13323,320.2139,0.9968682245242111,4151
202006,15,SPCE,VIRGIN GALACTIC HOLDINGS INC,16964,317.6567,0.9966273187183811,4151
202006,16,SPOT,SPOTIFY TECHNOLOGY S A,17782,317.63678,0.9963864129125511,4151
202006,17,CLDR,CLOUDERA INC,16657,317.5888,0.9961455071067212,4151
202006,18,ROKU,ROKU INC,16932,317.05142,0.9959046013008913,4151
202006,19,BYND,BEYOND MEAT INC,18572,316.66125,0.9956636954950614,4151
202006,20,NOK,NOKIA CORP,87128,314.02213,0.9954227896892315,4151
202006,21,AAL,AMERICAN AIRLINES GROUP INC,21020,313.1691,0.9951818838834016,4151
202006,22,CRON,CRONOS GROUP INC,17316,312.1482,0.9949409780775716,4151
202006,23,GNUS,KARTOON STUDIOS INC,16463,312.1255,0.9947000722717417,4151
202006,24,DDOG,DATADOG INC,18911,311.0999,0.9944591664659118,4151
202006,25,M,MACYS INC,77462,310.6919,0.9942182606600819,4151
202007,1,NIO,N I O INC,18087,358.26404,1.0,4146
202007,2,BYND,BEYOND MEAT INC,18572,354.0573,0.9997588036661843,4146
202007,3,GNUS,KARTOON STUDIOS INC,16463,351.43796,0.9995176073323685,4146
202007,4,SNAP,SNAP INC,16595,350.25598,0.9992764109985528,4146
202007,5,NKLA,NIKOLA CORP,17907,342.56854,0.9990352146647371,4146
202007,6,ZNGA,ZYNGA INC,13169,341.98294,0.9987940183309214,4146
202007,7,WORK,SLACK TECHNOLOGIES INC,18734,338.73434,0.9985528219971056,4146
202007,8,ZM,ZOOM COMMUNICATIONS INC,18484,337.69025,0.9983116256632899,4146
202007,9,SPOT,SPOTIFY TECHNOLOGY S A,17782,336.39566,0.9980704293294742,4146
202007,10,TTD,TRADE DESK INC,16309,334.79608,0.9978292329956585,4146
202007,11,NOK,NOKIA CORP,87128,330.42938,0.9975880366618427,4146
202007,12,TWTR,TWITTER INC,14295,327.4929,0.997346840328027,4146
202007,13,CRWD,CROWDSTRIKE HOLDINGS INC,18726,326.5881,0.9971056439942113,4146
202007,14,INO,INOVIO PHARMACEUTICALS INC,86444,324.42883,0.9968644476603956,4146
202007,15,SPCE,VIRGIN GALACTIC HOLDINGS INC,16964,323.88696,0.9966232513265798,4146
202007,16,AAL,AMERICAN AIRLINES GROUP INC,21020,322.97928,0.9963820549927641,4146
202007,17,WKHS,WORKHORSE GROUP INC,15914,322.73254,0.9961408586589484,4146
202007,18,DOCU,DOCUSIGN INC,17685,322.32535,0.9958996623251326,4146
202007,19,PINS,PINTEREST INC,18485,320.8327,0.9956584659913169,4146
202007,20,ROKU,ROKU INC,16932,320.20282,0.9954172696575012,4146
202007,21,DDOG,DATADOG INC,18911,318.86752,0.9951760733236855,4146
202007,22,SHOP,SHOPIFY INC,15358,318.86237,0.9949348769898697,4146
202007,23,FSLY,FASTLY INC,18580,316.74115,0.994693680656054,4146
202007,24,PLUG,PLUG POWER INC,87337,315.98547,0.9944524843222383,4146
202007,25,LYFT,LYFT INC,18452,312.7826,0.9942112879884226,4146
202008,1,KODK,EASTMAN KODAK CO,14276,383.1142,1.0,4146
202008,2,ZM,ZOOM COMMUNICATIONS INC,18484,365.41565,0.9997588036661843,4146
202008,3,ZNGA,ZYNGA INC,13169,353.37766,0.9995176073323685,4146
202008,4,WORK,SLACK TECHNOLOGIES INC,18734,350.5522,0.9992764109985528,4146
202008,5,DDOG,DATADOG INC,18911,348.6075,0.9990352146647371,4146
202008,6,SPCE,VIRGIN GALACTIC HOLDINGS INC,16964,348.32178,0.9987940183309214,4146
202008,7,CRWD,CROWDSTRIKE HOLDINGS INC,18726,344.0484,0.9985528219971056,4146
202008,8,FSLY,FASTLY INC,18580,342.01126,0.9983116256632899,4146
202008,9,INO,INOVIO PHARMACEUTICALS INC,86444,339.0743,0.9980704293294742,4146
202008,10,ZS,ZSCALER INC,17341,338.78278,0.9978292329956585,4146
202008,11,SNAP,SNAP INC,16595,336.29156,0.9975880366618427,4146
202008,12,BLNK,BLINK CHARGING CO,17313,334.782,0.997346840328027,4146
202008,13,NIO,N I O INC,18087,334.58594,0.9971056439942113,4146
202008,14,CODX,CO DIAGNOSTICS INC,16820,334.3047,0.9968644476603956,4146
202008,15,DKNG,DRAFTKINGS INC,18835,333.28336,0.9966232513265798,4146
202008,16,BYND,BEYOND MEAT INC,18572,333.00665,0.9963820549927641,4146
202008,17,DOCU,DOCUSIGN INC,17685,331.9524,0.9961408586589484,4146
202008,18,CHWY,CHEWY INC,18727,331.6708,0.9958996623251326,4146
202008,19,MRNA,MODERNA INC,18312,331.42563,0.9956584659913169,4146
202008,20,PINS,PINTEREST INC,18485,330.83337,0.9954172696575012,4146
202008,21,SRNE,SORRENTO THERAPEUTICS INC,14262,328.61176,0.9951760733236855,4146
202008,22,GRWG,GROWGENERATION CORP,19137,328.30737,0.9949348769898697,4146
202008,23,TTD,TRADE DESK INC,16309,326.3711,0.994693680656054,4146
202008,24,WKHS,WORKHORSE GROUP INC,15914,322.76404,0.9944524843222383,4146
202008,25,IQ,IQIYI INC,17362,319.31226,0.9942112879884226,4146
202009,1,WORK,SLACK TECHNOLOGIES INC,18734,368.80316,1.0,4155
202009,2,NKLA,NIKOLA CORP,17907,358.89102,0.9997593261131167,4155
202009,3,CHWY,CHEWY INC,18727,342.8411,0.9995186522262335,4155
202009,4,ZS,ZSCALER INC,17341,334.9386,0.9992779783393502,4155
202009,5,CLDR,CLOUDERA INC,16657,332.5244,0.9990373044524669,4155
202009,6,WKHS,WORKHORSE GROUP INC,15914,330.60638,0.9987966305655837,4155
202009,7,SPCE,VIRGIN GALACTIC HOLDINGS INC,16964,330.556,0.9985559566787003,4155
202009,8,PINS,PINTEREST INC,18485,329.08496,0.9983152827918171,4155
202009,9,MRNA,MODERNA INC,18312,328.03876,0.9980746089049338,4155
202009,10,ZM,ZOOM COMMUNICATIONS INC,18484,328.03845,0.9978339350180505,4155
202009,11,DKNG,DRAFTKINGS INC,18835,327.62216,0.9975932611311673,4155
202009,12,KODK,EASTMAN KODAK CO,14276,326.23706,0.997352587244284,4155
202009,13,SNAP,SNAP INC,16595,325.6315,0.9971119133574007,4155
202009,14,ZNGA,ZYNGA INC,13169,321.97665,0.9968712394705175,4155
202009,15,AAL,AMERICAN AIRLINES GROUP INC,21020,318.84665,0.9966305655836342,4155
202009,16,PTON,PELOTON INTERACTIVE INC,18940,317.7321,0.9963898916967509,4155
202009,17,BYND,BEYOND MEAT INC,18572,316.85907,0.9961492178098676,4155
202009,18,NIO,N I O INC,18087,315.4017,0.9959085439229843,4155
202009,19,SRNE,SORRENTO THERAPEUTICS INC,14262,313.5743,0.9956678700361011,4155
202009,20,DOCU,DOCUSIGN INC,17685,312.59415,0.9954271961492178,4155
202009,21,ROKU,ROKU INC,16932,310.74796,0.9951865222623345,4155
202009,22,CRWD,CROWDSTRIKE HOLDINGS INC,18726,310.13287,0.9949458483754513,4155
202009,23,TSLA,TESLA INC,93436,310.00845,0.994705174488568,4155
202009,24,FSLY,FASTLY INC,18580,309.56686,0.9944645006016847,4155
202009,25,TWTR,TWITTER INC,14295,309.4829,0.9942238267148015,4155
202010,1,DKNG,DRAFTKINGS INC,18835,367.91782,1.0,4148
202010,2,NKLA,NIKOLA CORP,17907,364.27716,0.9997589199614272,4148
202010,3,FSLY,FASTLY INC,18580,362.80685,0.9995178399228544,4148
202010,4,WKHS,WORKHORSE GROUP INC,15914,352.19858,0.9992767598842816,4148
202010,5,SPCE,VIRGIN GALACTIC HOLDINGS INC,16964,346.5189,0.9990356798457087,4148
202010,6,PINS,PINTEREST INC,18485,340.8291,0.9987945998071359,4148
202010,7,BYND,BEYOND MEAT INC,18572,340.57834,0.9985535197685632,4148
202010,8,TWTR,TWITTER INC,14295,339.02686,0.9983124397299904,4148
202010,9,SNAP,SNAP INC,16595,334.11508,0.9980713596914176,4148
202010,10,SRNE,SORRENTO THERAPEUTICS INC,14262,332.56516,0.9978302796528448,4148
202010,11,SPWR,SUNPOWER CORP,90978,327.57242,0.997589199614272,4148
202010,12,ROKU,ROKU INC,16932,327.34167,0.9973481195756991,4148
202010,13,ZM,ZOOM COMMUNICATIONS INC,18484,325.14926,0.9971070395371263,4148
202010,14,RKT,ROCKET COMPANIES INC,19577,324.69083,0.9968659594985535,4148
202010,15,PTON,PELOTON INTERACTIVE INC,18940,322.03363,0.9966248794599807,4148
202010,16,TTD,TRADE DESK INC,16309,320.96127,0.9963837994214079,4148
202010,17,DDOG,DATADOG INC,18911,320.94852,0.996142719382835,4148
202010,18,PLUG,PLUG POWER INC,87337,319.6636,0.9959016393442623,4148
202010,19,KODK,EASTMAN KODAK CO,14276,314.12506,0.9956605593056895,4148
202010,20,JMIA,JUMIA TECHNOLOGIES A G,18529,313.93295,0.9954194792671167,4148
202010,21,AAL,AMERICAN AIRLINES GROUP INC,21020,313.7131,0.9951783992285439,4148
202010,22,WORK,SLACK TECHNOLOGIES INC,18734,313.40198,0.9949373191899711,4148
202010,23,CRWD,CROWDSTRIKE HOLDINGS INC,18726,313.3498,0.9946962391513983,4148
202010,24,GME,GAMESTOP CORP NEW,89301,312.48938,0.9944551591128254,4148
202010,25,NIO,N I O INC,18087,312.0589,0.9942140790742526,4148
202011,1,NKLA,NIKOLA CORP,17907,390.4927,1.0,4182
202011,2,ZM,ZOOM COMMUNICATIONS INC,18484,364.90097,0.9997608799617408,4182
202011,3,DDOG,DATADOG INC,18911,353.01865,0.9995217599234816,4182
202011,4,BYND,BEYOND MEAT INC,18572,352.85013,0.9992826398852224,4182
202011,5,ACB,AURORA CANNABIS INC,18151,348.73276,0.9990435198469632,4182
202011,6,DKNG,DRAFTKINGS INC,18835,346.70654,0.998804399808704,4182
202011,7,SOLO,ELECTRAMECCANICA VEHICLES CORP,18056,346.11014,0.9985652797704447,4182
202011,8,RKT,ROCKET COMPANIES INC,19577,345.91074,0.9983261597321855,4182
202011,9,SNAP,SNAP INC,16595,344.16946,0.9980870396939263,4182
202011,10,CRWD,CROWDSTRIKE HOLDINGS INC,18726,343.1325,0.9978479196556671,4182
202011,11,WORK,SLACK TECHNOLOGIES INC,18734,340.71115,0.9976087996174079,4182
202011,12,PLTR,PALANTIR TECHNOLOGIES INC,19788,340.02795,0.9973696795791487,4182
202011,13,NIO,N I O INC,18087,339.26578,0.9971305595408895,4182
202011,14,SPCE,VIRGIN GALACTIC HOLDINGS INC,16964,336.97986,0.9968914395026304,4182
202011,15,FSR,FISKER INC,18184,329.50836,0.9966523194643712,4182
202011,16,IQ,IQIYI INC,17362,328.71915,0.996413199426112,4182
202011,17,FSLY,FASTLY INC,18580,328.67517,0.9961740793878527,4182
202011,18,DOCU,DOCUSIGN INC,17685,328.42316,0.9959349593495935,4182
202011,19,PINS,PINTEREST INC,18485,327.45157,0.9956958393113343,4182
202011,20,WKHS,WORKHORSE GROUP INC,15914,324.6025,0.9954567192730751,4182
202011,21,PTON,PELOTON INTERACTIVE INC,18940,323.64737,0.9952175992348159,4182
202011,22,SRNE,SORRENTO THERAPEUTICS INC,14262,322.04523,0.9949784791965567,4182
202011,23,MRNA,MODERNA INC,18312,319.78867,0.9947393591582975,4182
202011,24,TLRY,TILRAY BRANDS INC,17977,319.41315,0.9945002391200383,4182
202011,25,ROKU,ROKU INC,16932,319.19437,0.994261119081779,4182
202012,1,NKLA,NIKOLA CORP,17907,380.82367,1.0,4208
202012,2,ACB,AURORA CANNABIS INC,18151,372.68848,0.9997623574144486,4208
202012,3,FSR,FISKER INC,18184,364.21985,0.9995247148288974,4208
202012,4,PLTR,PALANTIR TECHNOLOGIES INC,19788,362.6423,0.999287072243346,4208
202012,5,SPCE,VIRGIN GALACTIC HOLDINGS INC,16964,356.29495,0.9990494296577946,4208
202012,6,LI,LI AUTO INC,19564,350.6165,0.9988117870722434,4208
202012,7,MRNA,MODERNA INC,18312,343.8696,0.998574144486692,4208
202012,8,RKT,ROCKET COMPANIES INC,19577,339.87735,0.9983365019011406,4208
202012,9,NIO,N I O INC,18087,339.21716,0.9980988593155894,4208
202012,10,DKNG,DRAFTKINGS INC,18835,334.55716,0.997861216730038,4208
202012,11,FUBO,FUBOTV INC,19893,331.26785,0.9976235741444867,4208
202012,12,TLRY,TILRAY BRANDS INC,17977,330.6171,0.9973859315589354,4208
202012,13,RIDE,LORDSTOWN MOTORS CORP,18552,329.67548,0.997148288973384,4208
202012,14,BB,BLACKBERRY LTD,86745,327.1457,0.9969106463878327,4208
202012,15,KODK,EASTMAN KODAK CO,14276,326.66058,0.9966730038022814,4208
202012,16,ZM,ZOOM COMMUNICATIONS INC,18484,325.32904,0.99643536121673,4208
202012,17,HCAC,CANOO INC,18558,324.96957,0.9961977186311787,4208
202012,18,WKHS,WORKHORSE GROUP INC,15914,324.2314,0.9959600760456274,4208
202012,19,BYND,BEYOND MEAT INC,18572,324.13254,0.995722433460076,4208
202012,20,IQ,IQIYI INC,17362,323.19003,0.9954847908745247,4208
202012,21,BLNK,BLINK CHARGING CO,17313,322.54218,0.9952471482889734,4208
202012,22,RIOT,RIOT PLATFORMS INC,92213,320.66095,0.9950095057034221,4208
202012,23,NET,CLOUDFLARE INC,18909,319.68048,0.9947718631178707,4208
202012,24,VERU,VERU INC,76461,318.9248,0.9945342205323194,4208
202012,25,PINS,PINTEREST INC,18485,318.48227,0.9942965779467681,4208
202101,1,TWTR,TWITTER INC,14295,368.8139,1.0,4220
202101,2,QS,QUANTUMSCAPE CORP,19599,358.90103,0.9997630331753554,4220
202101,3,NOK,NOKIA CORP,87128,350.70557,0.999526066350711,4220
202101,4,DKNG,DRAFTKINGS INC,18835,345.93805,0.9992890995260664,4220
202101,5,PLTR,PALANTIR TECHNOLOGIES INC,19788,345.58798,0.9990521327014218,4220
202101,6,NKLA,NIKOLA CORP,17907,345.41507,0.9988151658767772,4220
202101,7,BB,BLACKBERRY LTD,86745,339.82184,0.9985781990521327,4220
202101,8,PINS,PINTEREST INC,18485,336.2805,0.9983412322274882,4220
202101,9,AMC,A M C ENTERTAINMENT HOLDINGS INC,14328,334.09012,0.9981042654028436,4220
202101,10,SPCE,VIRGIN GALACTIC HOLDINGS INC,16964,333.68103,0.997867298578199,4220
202101,11,SNAP,SNAP INC,16595,333.4945,0.9976303317535545,4220
202101,12,GHIV,U W M HOLDINGS CORP,19312,333.18063,0.99739336492891,4220
202101,13,ACB,AURORA CANNABIS INC,18151,330.90015,0.9971563981042654,4220
202101,14,RIOT,RIOT PLATFORMS INC,92213,329.89252,0.9969194312796209,4220
202101,15,FSLY,FASTLY INC,18580,329.01474,0.9966824644549763,4220
202101,16,ZNGA,ZYNGA INC,13169,324.34924,0.9964454976303317,4220
202101,17,TLRY,TILRAY BRANDS INC,17977,322.98853,0.9962085308056872,4220
202101,18,APHA,APHRIA INC,18221,321.73926,0.9959715639810427,4220
202101,19,RKT,ROCKET COMPANIES INC,19577,321.71716,0.9957345971563981,4220
202101,20,SRNE,SORRENTO THERAPEUTICS INC,14262,321.3409,0.9954976303317535,4220
202101,21,SNOW,SNOWFLAKE INC,19654,318.7428,0.995260663507109,4220
202101,22,BLNK,BLINK CHARGING CO,17313,316.38,0.9950236966824645,4220
202101,23,MARA,MARA HOLDINGS INC,14813,316.0154,0.9947867298578199,4220
202101,24,EDIT,EDITAS MEDICINE INC,15937,315.1617,0.9945497630331753,4220
202101,25,SNDL,SNDL INC,18902,314.43237,0.9943127962085309,4220
202102,1,AMC,A M C ENTERTAINMENT HOLDINGS INC,14328,398.70715,1.0,4270
202102,2,PLTR,PALANTIR TECHNOLOGIES INC,19788,393.48123,0.9997658079625292,4270
202102,3,SNDL,SNDL INC,18902,384.45508,0.9995316159250586,4270
202102,4,WKHS,WORKHORSE GROUP INC,15914,374.36737,0.9992974238875878,4270
202102,5,APHA,APHRIA INC,18221,371.06958,0.9990632318501171,4270
202102,6,SPCE,VIRGIN GALACTIC HOLDINGS INC,16964,363.972,0.9988290398126464,4270
202102,7,ACB,AURORA CANNABIS INC,18151,360.89566,0.9985948477751756,4270
202102,8,TLRY,TILRAY BRANDS INC,17977,359.039,0.9983606557377049,4270
202102,9,CRON,CRONOS GROUP INC,17316,357.00418,0.9981264637002342,4270
202102,10,HYLN,HYLIION HOLDINGS CORP,18539,356.0628,0.9978922716627635,4270
202102,11,RKT,ROCKET COMPANIES INC,19577,353.85397,0.9976580796252927,4270
202102,12,XPEV,XPENG INC,19615,351.09467,0.997423887587822,4270
202102,13,NKLA,NIKOLA CORP,17907,350.9483,0.9971896955503513,4270
202102,14,CGC,CANOPY GROWTH CORP,17827,350.19778,0.9969555035128805,4270
202102,15,FSR,FISKER INC,18184,348.96127,0.9967213114754099,4270
202102,16,DKNG,DRAFTKINGS INC,18835,345.93277,0.9964871194379391,4270
202102,17,BB,BLACKBERRY LTD,86745,345.8556,0.9962529274004683,4270
202102,18,FSLY,FASTLY INC,18580,345.22183,0.9960187353629977,4270
202102,19,BYND,BEYOND MEAT INC,18572,341.73386,0.9957845433255269,4270
202102,20,NOK,NOKIA CORP,87128,339.93683,0.9955503512880562,4270
202102,21,RIDE,LORDSTOWN MOTORS CORP,18552,339.558,0.9953161592505855,4270
202102,22,SOS,S O S LTD,16656,338.84543,0.9950819672131147,4270
202102,23,BLNK,BLINK CHARGING CO,17313,338.08713,0.994847775175644,4270
202102,24,TWTR,TWITTER INC,14295,333.75443,0.9946135831381733,4270
202102,25,NIO,N I O INC,18087,333.55917,0.9943793911007026,4270
202103,1,RIDE,LORDSTOWN MOTORS CORP,18552,383.24805,1.0,4327
202103,2,PLTR,PALANTIR TECHNOLOGIES INC,19788,382.70975,0.9997688929974579,4327
202103,3,FSR,FISKER INC,18184,379.03323,0.9995377859949156,4327
202103,4,SOS,S O S LTD,16656,374.5244,0.9993066789923735,4327
202103,5,AMC,A M C ENTERTAINMENT HOLDINGS INC,14328,367.70514,0.9990755719898313,4327
202103,6,SPCE,VIRGIN GALACTIC HOLDINGS INC,16964,362.52795,0.9988444649872891,4327
202103,7,SNDL,SNDL INC,18902,358.77884,0.9986133579847469,4327
202103,8,RKT,ROCKET COMPANIES INC,19577,358.2123,0.9983822509822048,4327
202103,9,WKHS,WORKHORSE GROUP INC,15914,356.17297,0.9981511439796625,4327
202103,10,TLRY,TILRAY BRANDS INC,17977,355.04404,0.9979200369771204,4327
202103,11,FUBO,FUBOTV INC,19893,350.5325,0.9976889299745783,4327
202103,12,CCIV,LUCID GROUP INC,19751,347.80515,0.997457822972036,4327
202103,13,NKLA,NIKOLA CORP,17907,345.80176,0.9972267159694939,4327
202103,14,GNUS,KARTOON STUDIOS INC,16463,341.15872,0.9969956089669517,4327
202103,15,JMIA,JUMIA TECHNOLOGIES A G,18529,336.77075,0.9967645019644095,4327
202103,16,DKNG,DRAFTKINGS INC,18835,334.12964,0.9965333949618673,4327
202103,17,FUTU,FUTU HOLDINGS LTD,18466,330.78598,0.9963022879593252,4327
202103,18,SNOW,SNOWFLAKE INC,19654,330.15997,0.996071180956783,4327
202103,19,SNAP,SNAP INC,16595,326.16492,0.9958400739542408,4327
202103,20,APHA,APHRIA INC,18221,325.5966,0.9956089669516986,4327
202103,21,CHWY,CHEWY INC,18727,325.52948,0.9953778599491565,4327
202103,22,BNGO,BIONANO GENOMICS INC,18102,323.23328,0.9951467529466143,4327
202103,23,IQ,IQIYI INC,17362,320.07025,0.9949156459440721,4327
202103,24,OCGN,OCUGEN INC,15132,319.91135,0.99468453894153,4327
202103,25,GSX,GAOTU TECHEDU INC,18743,319.7779,0.9944534319389877,4327
202104,1,SPCE,VIRGIN GALACTIC HOLDINGS INC,16964,373.39444,1.0,4406
202104,2,PLTR,PALANTIR TECHNOLOGIES INC,19788,370.85532,0.9997730367680435,4406
202104,3,FUBO,FUBOTV INC,19893,368.64142,0.9995460735360872,4406
202104,4,NKLA,NIKOLA CORP,17907,363.58075,0.9993191103041307,4406
202104,5,QS,QUANTUMSCAPE CORP,19599,356.37396,0.9990921470721743,4406
202104,6,AMC,A M C ENTERTAINMENT HOLDINGS INC,14328,349.9998,0.9988651838402178,4406
202104,7,SOS,S O S LTD,16656,348.14987,0.9986382206082615,4406
202104,8,SNDL,SNDL INC,18902,347.15842,0.998411257376305,4406
202104,9,FSR,FISKER INC,18184,345.00937,0.9981842941443486,4406
202104,10,CAN,CANAAN INC,19065,341.06876,0.9979573309123921,4406
202104,11,TLRY,TILRAY BRANDS INC,17977,338.0746,0.9977303676804358,4406
202104,12,PINS,PINTEREST INC,18485,335.46777,0.9975034044484793,4406
202104,13,DKNG,DRAFTKINGS INC,18835,331.07462,0.9972764412165229,4406
202104,14,SKLZ,SKILLZ INC,19338,330.97174,0.9970494779845664,4406
202104,15,RKT,ROCKET COMPANIES INC,19577,329.5873,0.9968225147526101,4406
202104,16,BYND,BEYOND MEAT INC,18572,327.45978,0.9965955515206536,4406
202104,17,APHA,APHRIA INC,18221,324.8613,0.9963685882886972,4406
202104,18,TWTR,TWITTER INC,14295,324.59317,0.9961416250567408,4406
202104,19,RIDE,LORDSTOWN MOTORS CORP,18552,321.36227,0.9959146618247844,4406
202104,20,CCIV,LUCID GROUP INC,19751,321.2878,0.9956876985928279,4406
202104,21,LAZR,LUMINAR TECHNOLOGIES INC,18453,319.9799,0.9954607353608715,4406
202104,22,JMIA,JUMIA TECHNOLOGIES A G,18529,318.6185,0.9952337721289151,4406
202104,23,PLUG,PLUG POWER INC,87337,316.82422,0.9950068088969587,4406
202104,24,ABNB,AIRBNB INC,20190,315.50433,0.9947798456650022,4406
202104,25,WKHS,WORKHORSE GROUP INC,15914,313.52432,0.9945528824330458,4406
202105,1,PLTR,PALANTIR TECHNOLOGIES INC,19788,378.9931,1.0,4485
202105,2,AMC,A M C ENTERTAINMENT HOLDINGS INC,14328,356.44962,0.9997770345596433,4485
202105,3,FSR,FISKER INC,18184,353.91885,0.9995540691192865,4485
202105,4,SPCE,VIRGIN GALACTIC HOLDINGS INC,16964,347.80646,0.9993311036789297,4485
202105,5,RKT,ROCKET COMPANIES INC,19577,346.70026,0.999108138238573,4485
202105,6,JMIA,JUMIA TECHNOLOGIES A G,18529,342.94754,0.9988851727982163,4485
202105,7,WKHS,WORKHORSE GROUP INC,15914,338.36304,0.9986622073578595,4485
202105,8,SNDL,SNDL INC,18902,337.72632,0.9984392419175028,4485
202105,9,SKLZ,SKILLZ INC,19338,334.693,0.9982162764771461,4485
202105,10,OCGN,OCUGEN INC,15132,331.99414,0.9979933110367893,4485
202105,11,DKNG,DRAFTKINGS INC,18835,331.06735,0.9977703455964325,4485
202105,12,QS,QUANTUMSCAPE CORP,19599,330.64615,0.9975473801560758,4485
202105,13,ABNB,AIRBNB INC,20190,330.37018,0.9973244147157191,4485
202105,14,FSLY,FASTLY INC,18580,327.60904,0.9971014492753624,4485
202105,15,TLRY,TILRAY BRANDS INC,17977,326.56677,0.9968784838350055,4485
202105,16,UPST,UPSTART HOLDINGS INC,20196,326.22534,0.9966555183946488,4485
202105,17,NKLA,NIKOLA CORP,17907,324.70612,0.9964325529542921,4485
202105,18,LMND,LEMONADE INC,19497,321.11395,0.9962095875139353,4485
202105,19,VXRT,VAXART INC,57913,320.10138,0.9959866220735786,4485
202105,20,CHWY,CHEWY INC,18727,319.58588,0.9957636566332219,4485
202105,21,BYND,BEYOND MEAT INC,18572,318.72852,0.9955406911928651,4485
202105,22,RIDE,LORDSTOWN MOTORS CORP,18552,318.2821,0.9953177257525083,4485
202105,23,PTON,PELOTON INTERACTIVE INC,18940,317.4544,0.9950947603121516,4485
202105,24,ZM,ZOOM COMMUNICATIONS INC,18484,316.86462,0.9948717948717949,4485
202105,25,RIOT,RIOT PLATFORMS INC,92213,313.42593,0.9946488294314382,4485
202106,1,BB,BLACKBERRY LTD,86745,376.16473,1.0,4517
202106,2,CLOV,CLOVER HEALTH INVESTMENTS CORP,19456,373.55463,0.9997786141244188,4517
202106,3,SNDL,SNDL INC,18902,369.89917,0.9995572282488377,4517
202106,4,OCGN,OCUGEN INC,15132,362.05518,0.9993358423732566,4517
202106,5,PLTR,PALANTIR TECHNOLOGIES INC,19788,350.57147,0.9991144564976755,4517
202106,6,WKHS,WORKHORSE GROUP INC,15914,350.23337,0.9988930706220943,4517
202106,7,SENS,SENSEONICS HOLDINGS INC,15995,349.32385,0.9986716847465131,4517
202106,8,QS,QUANTUMSCAPE CORP,19599,341.56543,0.9984502988709321,4517
202106,9,RKT,ROCKET COMPANIES INC,19577,338.67947,0.9982289129953509,4517
202106,10,SPCE,VIRGIN GALACTIC HOLDINGS INC,16964,338.21243,0.9980075271197698,4517
202106,11,AMC,A M C ENTERTAINMENT HOLDINGS INC,14328,334.89142,0.9977861412441886,4517
202106,12,RIDE,LORDSTOWN MOTORS CORP,18552,334.4428,0.9975647553686074,4517
202106,13,NKLA,NIKOLA CORP,17907,332.9212,0.9973433694930264,4517
202106,14,NOK,NOKIA CORP,87128,331.3552,0.9971219836174452,4517
202106,15,SKLZ,SKILLZ INC,19338,329.29364,0.996900597741864,4517
202106,16,TLRY,TILRAY BRANDS INC,17977,327.38718,0.9966792118662829,4517
202106,17,FSR,FISKER INC,18184,326.81085,0.9964578259907018,4517
202106,18,WISH,CONTEXTLOGIC INC,20333,326.43655,0.9962364401151207,4517
202106,19,UPST,UPSTART HOLDINGS INC,20196,325.61188,0.9960150542395395,4517
202106,20,CLNE,CLEAN ENERGY FUELS CORP,92035,325.15994,0.9957936683639583,4517
202106,21,EXPR,EXPRESS INC,93373,324.78558,0.9955722824883773,4517
202106,22,DKNG,DRAFTKINGS INC,18835,324.21115,0.9953508966127961,4517
202106,23,ATOS,ATOSSA THERAPEUTICS INC,13693,321.85236,0.995129510737215,4517
202106,24,GME,GAMESTOP CORP NEW,89301,321.1224,0.9949081248616338,4517
202106,25,RBLX,ROBLOX CORP,20648,320.44803,0.9946867389860526,4517
202107,1,CLOV,CLOVER HEALTH INVESTMENTS CORP,19456,381.05548,1.0,4547
202107,2,SPCE,VIRGIN GALACTIC HOLDINGS INC,16964,375.68924,0.9997800747745766,4547
202107,3,NKLA,NIKOLA CORP,17907,370.4458,0.9995601495491533,4547
202107,4,PLTR,PALANTIR TECHNOLOGIES INC,19788,364.13602,0.9993402243237299,4547
202107,5,AMC,A M C ENTERTAINMENT HOLDINGS INC,14328,354.50424,0.9991202990983066,4547
202107,6,QS,QUANTUMSCAPE CORP,19599,349.47153,0.9989003738728832,4547
202107,7,WISH,CONTEXTLOGIC INC,20333,349.4293,0.9986804486474599,4547
202107,8,WKHS,WORKHORSE GROUP INC,15914,346.90967,0.9984605234220365,4547
202107,9,PINS,PINTEREST INC,18485,341.48166,0.9982405981966131,4547
202107,10,ATOS,ATOSSA THERAPEUTICS INC,13693,339.53073,0.9980206729711898,4547
202107,11,RBLX,ROBLOX CORP,20648,333.60138,0.9978007477457664,4547
202107,12,BYND,BEYOND MEAT INC,18572,333.19577,0.9975808225203431,4547
202107,13,TLRY,TILRAY BRANDS INC,17977,332.1727,0.9973608972949197,4547
202107,14,RIDE,LORDSTOWN MOTORS CORP,18552,331.0396,0.9971409720694964,4547
202107,15,SKLZ,SKILLZ INC,19338,329.6702,0.996921046844073,4547
202107,16,SNAP,SNAP INC,16595,328.91397,0.9967011216186497,4547
202107,17,SOFI,SOFI TECHNOLOGIES INC,20067,327.87646,0.9964811963932263,4547
202107,18,CCIV,LUCID GROUP INC,19751,324.11206,0.9962612711678029,4547
202107,19,PLUG,PLUG POWER INC,87337,322.77655,0.9960413459423796,4547
202107,20,DKNG,DRAFTKINGS INC,18835,321.39215,0.9958214207169562,4547
202107,21,ROKU,ROKU INC,16932,320.62067,0.9956014954915329,4547
202107,22,GOTU,GAOTU TECHEDU INC,18743,319.17194,0.9953815702661095,4547
202107,23,MRNA,MODERNA INC,18312,317.93317,0.9951616450406862,4547
202107,24,RKT,ROCKET COMPANIES INC,19577,315.25595,0.9949417198152628,4547
202107,25,JMIA,JUMIA TECHNOLOGIES A G,18529,311.10983,0.9947217945898394,4547
202108,1,WISH,CONTEXTLOGIC INC,20333,371.4095,1.0,4609
202108,2,PLTR,PALANTIR TECHNOLOGIES INC,19788,364.9369,0.999783033195921,4609
202108,3,SPCE,VIRGIN GALACTIC HOLDINGS INC,16964,360.94403,0.9995660663918421,4609
202108,4,CLOV,CLOVER HEALTH INVESTMENTS CORP,19456,358.858,0.9993490995877631,4609
202108,5,SOFI,SOFI TECHNOLOGIES INC,20067,352.4415,0.9991321327836841,4609
202108,6,SKLZ,SKILLZ INC,19338,352.18362,0.9989151659796052,4609
202108,7,SESN,CARISMA THERAPEUTICS INC,14452,351.9134,0.9986981991755262,4609
202108,8,NKLA,NIKOLA CORP,17907,350.1692,0.9984812323714471,4609
202108,9,ZM,ZOOM COMMUNICATIONS INC,18484,348.4321,0.9982642655673682,4609
202108,10,AMC,A M C ENTERTAINMENT HOLDINGS INC,14328,344.87225,0.9980472987632892,4609
202108,11,QS,QUANTUMSCAPE CORP,19599,344.64166,0.9978303319592102,4609
202108,12,SAVA,CASSAVA SCIENCES INC,88462,334.54105,0.9976133651551312,4609
202108,13,DIDI,DIDI GLOBAL INC,21374,333.33014,0.9973963983510523,4609
202108,14,PTON,PELOTON INTERACTIVE INC,18940,333.30096,0.9971794315469733,4609
202108,15,RIDE,LORDSTOWN MOTORS CORP,18552,327.9589,0.9969624647428943,4609
202108,16,CRWD,CROWDSTRIKE HOLDINGS INC,18726,326.6604,0.9967454979388154,4609
202108,17,ZNGA,ZYNGA INC,13169,325.559,0.9965285311347364,4609
202108,18,DKNG,DRAFTKINGS INC,18835,324.89474,0.9963115643306574,4609
202108,19,TLRY,TILRAY BRANDS INC,17977,323.05518,0.9960945975265785,4609
202108,20,FSR,FISKER INC,18184,322.4827,0.9958776307224995,4609
202108,21,SNOW,SNOWFLAKE INC,19654,319.7752,0.9956606639184205,4609
202108,22,FSLY,FASTLY INC,18580,318.4991,0.9954436971143416,4609
202108,23,ROKU,ROKU INC,16932,318.456,0.9952267303102625,4609
202108,24,RBLX,ROBLOX CORP,20648,317.2848,0.9950097635061835,4609
202108,25,MRNA,MODERNA INC,18312,316.46033,0.9947927967021046,4609
202109,1,PLTR,PALANTIR TECHNOLOGIES INC,19788,366.68777,1.0,4623
202109,2,BBIG,VINCO VENTURES INC,17826,360.48605,0.99978369024443,4623
202109,3,DKNG,DRAFTKINGS INC,18835,356.19446,0.9995673804888601,4623
202109,4,CLOV,CLOVER HEALTH INVESTMENTS CORP,19456,356.1648,0.9993510707332901,4623
202109,5,SKLZ,SKILLZ INC,19338,343.93567,0.9991347609777201,4623
202109,6,IRNT,IRONNET INC,19295,340.20264,0.9989184512221502,4623
202109,7,QS,QUANTUMSCAPE CORP,19599,332.60083,0.9987021414665801,4623
202109,8,LCID,LUCID GROUP INC,19751,331.35245,0.9984858317110101,4623
202109,9,TLRY,TILRAY BRANDS INC,17977,330.16855,0.9982695219554402,4623
202109,10,AMC,A M C ENTERTAINMENT HOLDINGS INC,14328,327.224,0.9980532121998702,4623
202109,11,CHPT,CHARGEPOINT HOLDINGS INC,18937,324.93524,0.9978369024443002,4623
202109,12,BNTX,BIONTECH SE,19001,324.24536,0.9976205926887303,4623
202109,13,NKLA,NIKOLA CORP,17907,323.98743,0.9974042829331603,4623
202109,14,BB,BLACKBERRY LTD,86745,322.64105,0.9971879731775903,4623
202109,15,EDIT,EDITAS MEDICINE INC,15937,321.76526,0.9969716634220204,4623
202109,16,SNAP,SNAP INC,16595,320.87283,0.9967553536664504,4623
202109,17,SOFI,SOFI TECHNOLOGIES INC,20067,320.38504,0.9965390439108803,4623
202109,18,CHWY,CHEWY INC,18727,320.0573,0.9963227341553104,4623
202109,19,WISH,CONTEXTLOGIC INC,20333,319.79718,0.9961064243997404,4623
202109,20,UPST,UPSTART HOLDINGS INC,20196,319.7141,0.9958901146441704,4623
202109,21,SPCE,VIRGIN GALACTIC HOLDINGS INC,16964,318.71378,0.9956738048886005,4623
202109,22,PTON,PELOTON INTERACTIVE INC,18940,317.7509,0.9954574951330305,4623
202109,23,BYND,BEYOND MEAT INC,18572,316.88672,0.9952411853774605,4623
202109,24,OCGN,OCUGEN INC,15132,313.27835,0.9950248756218906,4623
202109,25,OPEN,OPENDOOR TECHNOLOGIES INC,19455,312.05408,0.9948085658663206,4623
202110,1,PLTR,PALANTIR TECHNOLOGIES INC,19788,374.82898,1.0,4642
202110,2,BBIG,VINCO VENTURES INC,17826,356.6943,0.9997845756139595,4642
202110,3,SPCE,VIRGIN GALACTIC HOLDINGS INC,16964,352.89322,0.999569151227919,4642
202110,4,OCGN,OCUGEN INC,15132,349.80728,0.9993537268418785,4642
202110,5,SOFI,SOFI TECHNOLOGIES INC,20067,344.61923,0.999138302455838,4642
202110,6,DKNG,DRAFTKINGS INC,18835,339.90234,0.9989228780697975,4642
202110,7,TLRY,TILRAY BRANDS INC,17977,337.49374,0.998707453683757,4642
202110,8,PINS,PINTEREST INC,18485,336.482,0.9984920292977165,4642
202110,9,FUTU,FUTU HOLDINGS LTD,18466,334.04916,0.998276604911676,4642
202110,10,WISH,CONTEXTLOGIC INC,20333,333.84024,0.9980611805256355,4642
202110,11,QS,QUANTUMSCAPE CORP,19599,329.14133,0.997845756139595,4642
202110,12,HOOD,ROBINHOOD MARKETS INC,21723,328.41406,0.9976303317535545,4642
202110,13,LCID,LUCID GROUP INC,19751,325.83,0.997414907367514,4642
202110,14,SNAP,SNAP INC,16595,325.41888,0.9971994829814735,4642
202110,15,NET,CLOUDFLARE INC,18909,325.40118,0.996984058595433,4642
202110,16,BYND,BEYOND MEAT INC,18572,324.8573,0.9967686342093925,4642
202110,17,CLOV,CLOVER HEALTH INVESTMENTS CORP,19456,323.8593,0.996553209823352,4642
202110,18,UPST,UPSTART HOLDINGS INC,20196,321.1013,0.9963377854373116,4642
202110,19,COIN,COINBASE GLOBAL INC,20892,320.26297,0.996122361051271,4642
202110,20,RIDE,LORDSTOWN MOTORS CORP,18552,319.53235,0.9959069366652306,4642
202110,21,OPEN,OPENDOOR TECHNOLOGIES INC,19455,319.4983,0.99569151227919,4642
202110,22,PTON,PELOTON INTERACTIVE INC,18940,319.0094,0.9954760878931495,4642
202110,23,DIDI,DIDI GLOBAL INC,21374,314.6266,0.995260663507109,4642
202110,24,RBLX,ROBLOX CORP,20648,314.32806,0.9950452391210685,4642
202110,25,SKLZ,SKILLZ INC,19338,314.305,0.994829814735028,4642
202111,1,QS,QUANTUMSCAPE CORP,19599,384.67056,1.0,4684
202111,2,OCGN,OCUGEN INC,15132,377.71445,0.9997865072587532,4684
202111,3,SOFI,SOFI TECHNOLOGIES INC,20067,368.15805,0.9995730145175064,4684
202111,4,PLTR,PALANTIR TECHNOLOGIES INC,19788,363.99548,0.9993595217762596,4684
202111,5,NKLA,NIKOLA CORP,17907,357.95477,0.9991460290350128,4684
202111,6,ZM,ZOOM COMMUNICATIONS INC,18484,348.2168,0.998932536293766,4684
202111,7,DKNG,DRAFTKINGS INC,18835,343.36966,0.9987190435525192,4684
202111,8,SNDL,SNDL INC,18902,342.2443,0.9985055508112725,4684
202111,9,OPEN,OPENDOOR TECHNOLOGIES INC,19455,341.59167,0.9982920580700256,4684
202111,10,PROG,BIORA THERAPEUTICS INC,19486,339.34763,0.9980785653287788,4684
202111,11,PSFE,PAYSAFE LTD,20754,338.66312,0.997865072587532,4684
202111,12,HOOD,ROBINHOOD MARKETS INC,21723,337.99515,0.9976515798462853,4684
202111,13,WISH,CONTEXTLOGIC INC,20333,337.59952,0.9974380871050385,4684
202111,14,PTON,PELOTON INTERACTIVE INC,18940,336.24664,0.9972245943637916,4684
202111,15,BKKT,BAKKT HOLDINGS INC,20179,335.26926,0.9970111016225448,4684
202111,16,SKLZ,SKILLZ INC,19338,333.2923,0.996797608881298,4684
202111,17,TLRY,TILRAY BRANDS INC,17977,333.1128,0.9965841161400513,4684
202111,18,FUBO,FUBOTV INC,19893,332.6952,0.9963706233988044,4684
202111,19,LCID,LUCID GROUP INC,19751,332.4638,0.9961571306575576,4684
202111,20,TSLA,TESLA INC,93436,331.982,0.9959436379163108,4684
202111,21,SPCE,VIRGIN GALACTIC HOLDINGS INC,16964,331.23605,0.9957301451750641,4684
202111,22,BNTX,BIONTECH SE,19001,329.69107,0.9955166524338173,4684
202111,23,BYND,BEYOND MEAT INC,18572,328.3592,0.9953031596925704,4684
202111,24,CLOV,CLOVER HEALTH INVESTMENTS CORP,19456,327.36304,0.9950896669513236,4684
202111,25,JMIA,JUMIA TECHNOLOGIES A G,18529,324.8081,0.9948761742100769,4684
202112,1,SOFI,SOFI TECHNOLOGIES INC,20067,372.99115,1.0,4715
202112,2,LCID,LUCID GROUP INC,19751,367.8761,0.9997879109225875,4715
202112,3,QS,QUANTUMSCAPE CORP,19599,363.30527,0.999575821845175,4715
202112,4,TLRY,TILRAY BRANDS INC,17977,351.50302,0.9993637327677625,4715
202112,5,NKLA,NIKOLA CORP,17907,346.8579,0.9991516436903499,4715
202112,6,PLTR,PALANTIR TECHNOLOGIES INC,19788,345.60956,0.9989395546129375,4715
202112,7,DIDI,DIDI GLOBAL INC,21374,344.17676,0.9987274655355249,4715
202112,8,CHWY,CHEWY INC,18727,338.86725,0.9985153764581124,4715
202112,9,HOOD,ROBINHOOD MARKETS INC,21723,336.4478,0.9983032873806998,4715
202112,10,CHPT,CHARGEPOINT HOLDINGS INC,18937,335.8982,0.9980911983032874,4715
202112,11,BKKT,BAKKT HOLDINGS INC,20179,335.76776,0.9978791092258749,4715
202112,12,DKNG,DRAFTKINGS INC,18835,331.75018,0.9976670201484623,4715
202112,13,BNTX,BIONTECH SE,19001,330.87338,0.9974549310710499,4715
202112,14,RBLX,ROBLOX CORP,20648,328.637,0.9972428419936373,4715
202112,15,TSLA,TESLA INC,93436,327.48044,0.9970307529162248,4715
202112,16,SKLZ,SKILLZ INC,19338,321.39935,0.9968186638388123,4715
202112,17,SPCE,VIRGIN GALACTIC HOLDINGS INC,16964,319.0333,0.9966065747613998,4715
202112,18,PTON,PELOTON INTERACTIVE INC,18940,317.81354,0.9963944856839873,4715
202112,19,FCEL,FUELCELL ENERGY INC,77699,316.5853,0.9961823966065748,4715
202112,20,COIN,COINBASE GLOBAL INC,20892,314.0945,0.9959703075291623,4715
202112,21,AFRM,AFFIRM HOLDINGS INC,20339,314.0733,0.9957582184517497,4715
202112,22,MRNA,MODERNA INC,18312,312.84903,0.9955461293743372,4715
202112,23,ZM,ZOOM COMMUNICATIONS INC,18484,311.91455,0.9953340402969247,4715
202112,24,BB,BLACKBERRY LTD,86745,310.86627,0.9951219512195122,4715
202112,25,NIO,N I O INC,18087,309.74152,0.9949098621420996,4715
202201,1,PLTR,PALANTIR TECHNOLOGIES INC,19788,374.39908,1.0,4730
202201,2,SOFI,SOFI TECHNOLOGIES INC,20067,363.24313,0.9997885835095137,4730
202201,3,QS,QUANTUMSCAPE CORP,19599,355.70004,0.9995771670190274,4730
202201,4,SPCE,VIRGIN GALACTIC HOLDINGS INC,16964,355.50604,0.9993657505285413,4730
202201,5,NKLA,NIKOLA CORP,17907,354.33524,0.999154334038055,4730
202201,6,PTON,PELOTON INTERACTIVE INC,18940,342.58096,0.9989429175475687,4730
202201,7,LCID,LUCID GROUP INC,19751,338.82413,0.9987315010570824,4730
202201,8,AMC,A M C ENTERTAINMENT HOLDINGS INC,14328,333.08374,0.9985200845665962,4730
202201,9,RBLX,ROBLOX CORP,20648,332.66254,0.99830866807611,4730
202201,10,HOOD,ROBINHOOD MARKETS INC,21723,327.76306,0.9980972515856237,4730
202201,11,DKNG,DRAFTKINGS INC,18835,327.5451,0.9978858350951374,4730
202201,12,AFRM,AFFIRM HOLDINGS INC,20339,323.27438,0.9976744186046511,4730
202201,13,UPST,UPSTART HOLDINGS INC,20196,321.20184,0.9974630021141649,4730
202201,14,BBIG,VINCO VENTURES INC,17826,317.18475,0.9972515856236787,4730
202201,15,CHPT,CHARGEPOINT HOLDINGS INC,18937,317.1146,0.9970401691331924,4730
202201,16,SHOP,SHOPIFY INC,15358,313.69302,0.9968287526427061,4730
202201,17,SNAP,SNAP INC,16595,312.8872,0.9966173361522199,4730
202201,18,COIN,COINBASE GLOBAL INC,20892,312.66736,0.9964059196617336,4730
202201,19,BYND,BEYOND MEAT INC,18572,311.73126,0.9961945031712474,4730
202201,20,TWTR,TWITTER INC,14295,310.30582,0.9959830866807611,4730
202201,21,PLUG,PLUG POWER INC,87337,309.10748,0.9957716701902748,4730
202201,22,SKLZ,SKILLZ INC,19338,307.43564,0.9955602536997886,4730
202201,23,FUBO,FUBOTV INC,19893,307.38998,0.9953488372093023,4730
202201,24,BNTX,BIONTECH SE,19001,306.8506,0.9951374207188161,4730
202201,25,NVAX,NOVAVAX INC,82779,306.7719,0.9949260042283298,4730
202202,1,PLTR,PALANTIR TECHNOLOGIES INC,19788,387.70737,1.0,4737
202202,2,SOFI,SOFI TECHNOLOGIES INC,20067,363.43668,0.9997888959256913,4737
202202,3,AFRM,AFFIRM HOLDINGS INC,20339,338.88855,0.9995777918513827,4737
202202,4,SPCE,VIRGIN GALACTIC HOLDINGS INC,16964,337.51318,0.999366687777074,4737
202202,5,OPEN,OPENDOOR TECHNOLOGIES INC,19455,337.22028,0.9991555837027655,4737
202202,6,SKLZ,SKILLZ INC,19338,336.24072,0.9989444796284568,4737
202202,7,RBLX,ROBLOX CORP,20648,334.9689,0.9987333755541482,4737
202202,8,LCID,LUCID GROUP INC,19751,328.06204,0.9985222714798395,4737
202202,9,QS,QUANTUMSCAPE CORP,19599,327.70914,0.9983111674055309,4737
202202,10,DKNG,DRAFTKINGS INC,18835,326.865,0.9981000633312223,4737
202202,11,ZM,ZOOM COMMUNICATIONS INC,18484,324.24786,0.9978889592569137,4737
202202,12,BYND,BEYOND MEAT INC,18572,323.88834,0.997677855182605,4737
202202,13,NKLA,NIKOLA CORP,17907,323.19443,0.9974667511082964,4737
202202,14,PINS,PINTEREST INC,18485,317.52457,0.9972556470339877,4737
202202,15,HOOD,ROBINHOOD MARKETS INC,21723,316.36472,0.9970445429596791,4737
202202,16,UPST,UPSTART HOLDINGS INC,20196,315.6774,0.9968334388853705,4737
202202,17,FUBO,FUBOTV INC,19893,314.48553,0.9966223348110619,4737
202202,18,ROKU,ROKU INC,16932,313.62347,0.9964112307367532,4737
202202,19,AMC,A M C ENTERTAINMENT HOLDINGS INC,14328,311.28143,0.9962001266624446,4737
202202,20,FSR,FISKER INC,18184,311.21674,0.9959890225881359,4737
202202,21,FSLY,FASTLY INC,18580,311.107,0.9957779185138274,4737
202202,22,SHOP,SHOPIFY INC,15358,308.4356,0.9955668144395187,4737
202202,23,TWTR,TWITTER INC,14295,307.94482,0.9953557103652101,4737
202202,24,BBIG,VINCO VENTURES INC,17826,306.49493,0.9951446062909014,4737
202202,25,RIVN,RIVIAN AUTOMOTIVE INC,22265,305.895,0.9949335022165928,4737
202203,1,SOFI,SOFI TECHNOLOGIES INC,20067,360.42258,1.0,4750
202203,2,PLTR,PALANTIR TECHNOLOGIES INC,19788,350.0103,0.9997894736842106,4750
202203,3,TLRY,TILRAY BRANDS INC,17977,348.24805,0.999578947368421,4750
202203,4,SNDL,SNDL INC,18902,345.2851,0.9993684210526316,4750
202203,5,AMC,A M C ENTERTAINMENT HOLDINGS INC,14328,343.50824,0.9991578947368421,4750
202203,6,DIDI,DIDI GLOBAL INC,21374,341.3737,0.9989473684210526,4750
202203,7,DKNG,DRAFTKINGS INC,18835,330.6549,0.9987368421052631,4750
202203,8,QS,QUANTUMSCAPE CORP,19599,324.66162,0.9985263157894737,4750
202203,9,NKLA,NIKOLA CORP,17907,323.55594,0.9983157894736842,4750
202203,10,DWAC,TRUMP MEDIA & TECH GRP CORP,21927,322.0168,0.9981052631578947,4750
202203,11,CHWY,CHEWY INC,18727,314.1383,0.9978947368421053,4750
202203,12,UPST,UPSTART HOLDINGS INC,20196,312.75385,0.9976842105263158,4750
202203,13,RBLX,ROBLOX CORP,20648,310.87534,0.9974736842105263,4750
202203,14,HOOD,ROBINHOOD MARKETS INC,21723,309.40887,0.9972631578947369,4750
202203,15,SPCE,VIRGIN GALACTIC HOLDINGS INC,16964,309.3399,0.9970526315789474,4750
202203,16,NIO,N I O INC,18087,307.04495,0.9968421052631579,4750
202203,17,ZM,ZOOM COMMUNICATIONS INC,18484,306.9096,0.9966315789473684,4750
202203,18,CHPT,CHARGEPOINT HOLDINGS INC,18937,306.6139,0.996421052631579,4750
202203,19,LCID,LUCID GROUP INC,19751,304.25955,0.9962105263157894,4750
202203,20,RKT,ROCKET COMPANIES INC,19577,302.45358,0.996,4750
202203,21,RIVN,RIVIAN AUTOMOTIVE INC,22265,302.30478,0.9957894736842106,4750
202203,22,FUTU,FUTU HOLDINGS LTD,18466,301.9759,0.995578947368421,4750
202203,23,PTON,PELOTON INTERACTIVE INC,18940,301.69647,0.9953684210526316,4750
202203,24,FUBO,FUBOTV INC,19893,299.93948,0.9951578947368421,4750
202203,25,AFRM,AFFIRM HOLDINGS INC,20339,299.16852,0.9949473684210526,4750
202204,1,AMC,A M C ENTERTAINMENT HOLDINGS INC,14328,336.02997,1.0,4903
202204,2,PLTR,PALANTIR TECHNOLOGIES INC,19788,329.08856,0.9997960432388334,4903
202204,3,TLRY,TILRAY BRANDS INC,17977,328.25186,0.9995920864776667,4903
202204,4,RBLX,ROBLOX CORP,20648,327.71225,0.9993881297165002,4903
202204,5,PINS,PINTEREST INC,18485,324.2179,0.9991841729553335,4903
202204,6,NKLA,NIKOLA CORP,17907,323.112,0.9989802161941669,4903
202204,7,DIDI,DIDI GLOBAL INC,21374,320.48535,0.9987762594330002,4903
202204,8,IPOF,SOCIAL CAP HEDO HLDGS CORP VI,20068,319.4358,0.9985723026718336,4903
202204,9,ATER,ATERIAN INC,18780,316.7128,0.9983683459106669,4903
202204,10,UPST,UPSTART HOLDINGS INC,20196,315.24228,0.9981643891495003,4903
202204,11,SST,SYSTEM1 INC,19616,314.84222,0.9979604323883337,4903
202204,12,VERU,VERU INC,76461,313.39426,0.9977564756271671,4903
202204,13,SOFI,SOFI TECHNOLOGIES INC,20067,311.4556,0.9975525188660004,4903
202204,14,SNAP,SNAP INC,16595,311.14374,0.9973485621048338,4903
202204,15,COIN,COINBASE GLOBAL INC,20892,308.9441,0.9971446053436671,4903
202204,16,DKNG,DRAFTKINGS INC,18835,308.14682,0.9969406485825005,4903
202204,17,ROKU,ROKU INC,16932,305.41714,0.9967366918213338,4903
202204,18,MULN,BOLLINGER INNOVATIONS INC,12350,304.30624,0.9965327350601673,4903
202204,19,HOOD,ROBINHOOD MARKETS INC,21723,303.9376,0.9963287782990006,4903
202204,20,CHPT,CHARGEPOINT HOLDINGS INC,18937,303.7724,0.996124821537834,4903
202204,21,TWTR,TWITTER INC,14295,303.35733,0.9959208647766673,4903
202204,22,SPCE,VIRGIN GALACTIC HOLDINGS INC,16964,303.24625,0.9957169080155007,4903
202204,23,QS,QUANTUMSCAPE CORP,19599,302.93213,0.995512951254334,4903
202204,24,RIVN,RIVIAN AUTOMOTIVE INC,22265,301.09363,0.9953089944931675,4903
202204,25,PTON,PELOTON INTERACTIVE INC,18940,299.3147,0.9951050377320008,4903
202205,1,PLTR,PALANTIR TECHNOLOGIES INC,19788,354.46353,1.0,4958
202205,2,UPST,UPSTART HOLDINGS INC,20196,344.79382,0.9997983057684551,4958
202205,3,AMC,A M C ENTERTAINMENT HOLDINGS INC,14328,333.91943,0.99959661153691,4958
202205,4,TWTR,TWITTER INC,14295,321.24683,0.9993949173053651,4958
202205,5,NKLA,NIKOLA CORP,17907,320.7073,0.9991932230738201,4958
202205,6,PINS,PINTEREST INC,18485,316.33286,0.9989915288422752,4958
202205,7,RBLX,ROBLOX CORP,20648,314.333,0.9987898346107301,4958
202205,8,LYFT,LYFT INC,18452,313.19257,0.9985881403791852,4958
202205,9,COIN,COINBASE GLOBAL INC,20892,312.1423,0.9983864461476402,4958
202205,10,U,UNITY SOFTWARE INC,19794,311.06122,0.9981847519160952,4958
202205,11,ZM,ZOOM COMMUNICATIONS INC,18484,310.80753,0.9979830576845502,4958
202205,12,PTON,PELOTON INTERACTIVE INC,18940,310.16818,0.9977813634530053,4958
202205,13,BBIG,VINCO VENTURES INC,17826,308.30212,0.9975796692214602,4958
202205,14,RIVN,RIVIAN AUTOMOTIVE INC,22265,306.42365,0.9973779749899153,4958
202205,15,LAZR,LUMINAR TECHNOLOGIES INC,18453,305.66693,0.9971762807583703,4958
202205,16,CHPT,CHARGEPOINT HOLDINGS INC,18937,305.26633,0.9969745865268254,4958
202205,17,SNAP,SNAP INC,16595,305.1438,0.9967728922952803,4958
202205,18,SOFI,SOFI TECHNOLOGIES INC,20067,304.54187,0.9965711980637354,4958
202205,19,DKNG,DRAFTKINGS INC,18835,302.92865,0.9963695038321904,4958
202205,20,VERU,VERU INC,76461,302.7821,0.9961678096006454,4958
202205,21,MRNA,MODERNA INC,18312,300.03094,0.9959661153691004,4958
202205,22,AFRM,AFFIRM HOLDINGS INC,20339,298.6512,0.9957644211375555,4958
202205,23,BYND,BEYOND MEAT INC,18572,297.22052,0.9955627269060104,4958
202205,24,ABNB,AIRBNB INC,20190,296.26422,0.9953610326744655,4958
202205,25,GME,GAMESTOP CORP NEW,89301,295.9312,0.9951593384429205,4958
202206,1,NKLA,NIKOLA CORP,17907,319.9924,1.0,4956
202206,2,PLTR,PALANTIR TECHNOLOGIES INC,19788,312.63986,0.9997982243744956,4956
202206,3,RDBX,REDBOX ENTERTAINMENT INC,20322,311.31573,0.9995964487489911,4956
202206,4,HOOD,ROBINHOOD MARKETS INC,21723,310.78046,0.9993946731234867,4956
202206,5,TWTR,TWITTER INC,14295,310.3786,0.9991928974979822,4956
202206,6,WBD,WARNER BROS DISCOVERY INC,22976,309.07983,0.9989911218724778,4956
202206,7,UPST,UPSTART HOLDINGS INC,20196,308.17578,0.9987893462469734,4956
202206,8,SNAP,SNAP INC,16595,307.94183,0.998587570621469,4956
202206,9,PINS,PINTEREST INC,18485,307.16602,0.9983857949959645,4956
202206,10,CHWY,CHEWY INC,18727,305.53067,0.9981840193704601,4956
202206,11,SOFI,SOFI TECHNOLOGIES INC,20067,305.04544,0.9979822437449556,4956
202206,12,AFRM,AFFIRM HOLDINGS INC,20339,302.67615,0.9977804681194512,4956
202206,13,QS,QUANTUMSCAPE CORP,19599,302.14856,0.9975786924939467,4956
202206,14,COIN,COINBASE GLOBAL INC,20892,300.47778,0.9973769168684423,4956
202206,15,RBLX,ROBLOX CORP,20648,300.2277,0.9971751412429378,4956
202206,16,LAZR,LUMINAR TECHNOLOGIES INC,18453,298.58875,0.9969733656174334,4956
202206,17,DOCU,DOCUSIGN INC,17685,298.45233,0.9967715899919289,4956
202206,18,AAL,AMERICAN AIRLINES GROUP INC,21020,297.4529,0.9965698143664246,4956
202206,19,CHPT,CHARGEPOINT HOLDINGS INC,18937,297.44083,0.9963680387409201,4956
202206,20,ZM,ZOOM COMMUNICATIONS INC,18484,297.40747,0.9961662631154157,4956
202206,21,AMC,A M C ENTERTAINMENT HOLDINGS INC,14328,296.89203,0.9959644874899112,4956
202206,22,ROKU,ROKU INC,16932,295.4101,0.9957627118644068,4956
202206,23,ABNB,AIRBNB INC,20190,294.42505,0.9955609362389023,4956
202206,24,SHOP,SHOPIFY INC,15358,294.26837,0.9953591606133979,4956
202206,25,LCID,LUCID GROUP INC,19751,293.97955,0.9951573849878934,4956
202207,1,SNAP,SNAP INC,16595,348.98273,1.0,4941
202207,2,PLTR,PALANTIR TECHNOLOGIES INC,19788,330.69394,0.9997976118194697,4941
202207,3,UPST,UPSTART HOLDINGS INC,20196,329.70746,0.9995952236389395,4941
202207,4,PINS,PINTEREST INC,18485,324.591,0.9993928354584092,4941
202207,5,WBD,WARNER BROS DISCOVERY INC,22976,323.46234,0.999190447277879,4941
202207,6,FFIE,FARADAY FUTURE INTEL ELCTRC INC,19649,321.01993,0.9989880590973487,4941
202207,7,ZM,ZOOM COMMUNICATIONS INC,18484,314.87323,0.9987856709168185,4941
202207,8,GOEV,CANOO INC,18558,314.4399,0.9985832827362882,4941
202207,9,ROKU,ROKU INC,16932,310.93625,0.998380894555758,4941
202207,10,LCID,LUCID GROUP INC,19751,310.51315,0.9981785063752276,4941
202207,11,AMC,A M C ENTERTAINMENT HOLDINGS INC,14328,307.68243,0.9979761181946974,4941
202207,12,U,UNITY SOFTWARE INC,19794,301.6711,0.9977737300141671,4941
202207,13,GME,GAMESTOP CORP NEW,89301,301.13116,0.9975713418336369,4941
202207,14,MRNA,MODERNA INC,18312,298.73596,0.9973689536531066,4941
202207,15,HOOD,ROBINHOOD MARKETS INC,21723,298.4804,0.9971665654725764,4941
202207,16,CHPT,CHARGEPOINT HOLDINGS INC,18937,298.3782,0.9969641772920461,4941
202207,17,CHWY,CHEWY INC,18727,298.35822,0.9967617891115159,4941
202207,18,VERU,VERU INC,76461,297.7873,0.9965594009309856,4941
202207,19,LI,LI AUTO INC,19564,296.97818,0.9963570127504554,4941
202207,20,AFRM,AFFIRM HOLDINGS INC,20339,295.12555,0.9961546245699251,4941
202207,21,COIN,COINBASE GLOBAL INC,20892,294.71103,0.9959522363893949,4941
202207,22,SHOP,SHOPIFY INC,15358,294.16534,0.9957498482088646,4941
202207,23,BABA,ALIBABA GROUP HOLDING LTD,14888,294.05084,0.9955474600283344,4941
202207,24,RIVN,RIVIAN AUTOMOTIVE INC,22265,291.5113,0.9953450718478041,4941
202207,25,ABNB,AIRBNB INC,20190,291.37463,0.9951426836672739,4941
202208,1,PLTR,PALANTIR TECHNOLOGIES INC,19788,353.5442,1.0,4945
202208,2,AMC,A M C ENTERTAINMENT HOLDINGS INC,14328,343.96692,0.9997977755308393,4945
202208,3,WBD,WARNER BROS DISCOVERY INC,22976,341.61496,0.9995955510616784,4945
202208,4,CHWY,CHEWY INC,18727,338.68103,0.9993933265925177,4945
202208,5,ZM,ZOOM COMMUNICATIONS INC,18484,338.36096,0.9991911021233569,4945
202208,6,NKLA,NIKOLA CORP,17907,324.43842,0.9989888776541962,4945
202208,7,GME,GAMESTOP CORP NEW,89301,322.84357,0.9987866531850353,4945
202208,8,CHPT,CHARGEPOINT HOLDINGS INC,18937,320.11566,0.9985844287158746,4945
202208,9,RBLX,ROBLOX CORP,20648,318.8598,0.9983822042467139,4945
202208,10,BBBY,BED BATH & BEYOND INC,77659,318.1691,0.9981799797775531,4945
202208,11,SOFI,SOFI TECHNOLOGIES INC,20067,317.62045,0.9979777553083923,4945
202208,12,AFRM,AFFIRM HOLDINGS INC,20339,316.77173,0.9977755308392315,4945
202208,13,BYND,BEYOND MEAT INC,18572,315.61502,0.9975733063700708,4945
202208,14,FUBO,FUBOTV INC,19893,315.47534,0.9973710819009101,4945
202208,15,UPST,UPSTART HOLDINGS INC,20196,315.3076,0.9971688574317492,4945
202208,16,LCID,LUCID GROUP INC,19751,314.8593,0.9969666329625885,4945
202208,17,RIVN,RIVIAN AUTOMOTIVE INC,22265,313.8149,0.9967644084934277,4945
202208,18,PINS,PINTEREST INC,18485,310.81433,0.9965621840242669,4945
202208,19,SNAP,SNAP INC,16595,309.38403,0.9963599595551061,4945
202208,20,PTON,PELOTON INTERACTIVE INC,18940,304.6346,0.9961577350859454,4945
202208,21,LYFT,LYFT INC,18452,303.80875,0.9959555106167847,4945
202208,22,HOOD,ROBINHOOD MARKETS INC,21723,302.4364,0.9957532861476238,4945
202208,23,MRNA,MODERNA INC,18312,302.06848,0.9955510616784631,4945
202208,24,NVAX,NOVAVAX INC,82779,301.5744,0.9953488372093023,4945
202208,25,OPEN,OPENDOOR TECHNOLOGIES INC,19455,300.7122,0.9951466127401416,4945
202209,1,PLTR,PALANTIR TECHNOLOGIES INC,19788,333.7914,1.0,4922
202209,2,PINS,PINTEREST INC,18485,326.28604,0.9997968305566842,4922
202209,3,SOFI,SOFI TECHNOLOGIES INC,20067,325.2821,0.9995936611133686,4922
202209,4,WBD,WARNER BROS DISCOVERY INC,22976,323.99634,0.9993904916700528,4922
202209,5,SNAP,SNAP INC,16595,319.4989,0.9991873222267371,4922
202209,6,LYFT,LYFT INC,18452,315.63873,0.9989841527834213,4922
202209,7,SHOP,SHOPIFY INC,15358,311.51282,0.9987809833401057,4922
202209,8,NKLA,NIKOLA CORP,17907,311.26382,0.9985778138967899,4922
202209,9,UPST,UPSTART HOLDINGS INC,20196,309.71072,0.9983746444534742,4922
202209,10,CHPT,CHARGEPOINT HOLDINGS INC,18937,308.5143,0.9981714750101585,4922
202209,11,BBBY,BED BATH & BEYOND INC,77659,307.72845,0.9979683055668428,4922
202209,12,RBLX,ROBLOX CORP,20648,306.39008,0.997765136123527,4922
202209,13,AMC,A M C ENTERTAINMENT HOLDINGS INC,14328,306.35336,0.9975619666802112,4922
202209,14,RIVN,RIVIAN AUTOMOTIVE INC,22265,303.73007,0.9973587972368956,4922
202209,15,DKNG,DRAFTKINGS INC,18835,303.5368,0.9971556277935798,4922
202209,16,ZM,ZOOM COMMUNICATIONS INC,18484,303.1455,0.9969524583502641,4922
202209,17,ZIM,Z I M INTEGRATED SHIP SERV LTD,20410,302.78146,0.9967492889069484,4922
202209,18,TWTR,TWITTER INC,14295,301.4248,0.9965461194636327,4922
202209,19,CVNA,CARVANA CO,16655,301.02042,0.9963429500203169,4922
202209,20,AFRM,AFFIRM HOLDINGS INC,20339,300.41037,0.9961397805770013,4922
202209,21,MRNA,MODERNA INC,18312,300.22427,0.9959366111336855,4922
202209,22,PTON,PELOTON INTERACTIVE INC,18940,299.67432,0.9957334416903698,4922
202209,23,CHWY,CHEWY INC,18727,299.60208,0.995530272247054,4922
202209,24,LCID,LUCID GROUP INC,19751,299.4956,0.9953271028037384,4922
202209,25,QS,QUANTUMSCAPE CORP,19599,295.11642,0.9951239333604226,4922
202210,1,SNAP,SNAP INC,16595,365.90884,1.0,4903
202210,2,PINS,PINTEREST INC,18485,353.11307,0.9997960432388334,4903
202210,3,PLTR,PALANTIR TECHNOLOGIES INC,19788,329.0535,0.9995920864776667,4903
202210,4,PTON,PELOTON INTERACTIVE INC,18940,328.54822,0.9993881297165002,4903
202210,5,XPEV,XPENG INC,19615,328.1777,0.9991841729553335,4903
202210,6,WBD,WARNER BROS DISCOVERY INC,22976,325.9719,0.9989802161941669,4903
202210,7,SOFI,SOFI TECHNOLOGIES INC,20067,325.94708,0.9987762594330002,4903
202210,8,LYFT,LYFT INC,18452,322.668,0.9985723026718336,4903
202210,9,DKNG,DRAFTKINGS INC,18835,322.64627,0.9983683459106669,4903
202210,10,UBER,UBER TECHNOLOGIES INC,18576,317.21808,0.9981643891495003,4903
202210,11,CVNA,CARVANA CO,16655,316.721,0.9979604323883337,4903
202210,12,LCID,LUCID GROUP INC,19751,316.3268,0.9977564756271671,4903
202210,13,NIO,N I O INC,18087,316.27283,0.9975525188660004,4903
202210,14,PDD,PDD HOLDINGS INC,17972,307.73438,0.9973485621048338,4903
202210,15,ROKU,ROKU INC,16932,306.54153,0.9971446053436671,4903
202210,16,SNOW,SNOWFLAKE INC,19654,303.51553,0.9969406485825005,4903
202210,17,UPST,UPSTART HOLDINGS INC,20196,303.42133,0.9967366918213338,4903
202210,18,CHPT,CHARGEPOINT HOLDINGS INC,18937,303.14767,0.9965327350601673,4903
202210,19,ENPH,ENPHASE ENERGY INC,13323,302.34305,0.9963287782990006,4903
202210,20,RIVN,RIVIAN AUTOMOTIVE INC,22265,302.28372,0.996124821537834,4903
202210,21,BABA,ALIBABA GROUP HOLDING LTD,14888,302.2274,0.9959208647766673,4903
202210,22,SHOP,SHOPIFY INC,15358,302.05368,0.9957169080155007,4903
202210,23,LI,LI AUTO INC,19564,301.6886,0.995512951254334,4903
202210,24,PLUG,PLUG POWER INC,87337,301.46426,0.9953089944931675,4903
202210,25,COIN,COINBASE GLOBAL INC,20892,301.02304,0.9951050377320008,4903
202211,1,LCID,LUCID GROUP INC,19751,349.2086,1.0,4887
202211,2,PLTR,PALANTIR TECHNOLOGIES INC,19788,344.4197,0.9997953754859832,4887
202211,3,UPST,UPSTART HOLDINGS INC,20196,344.07703,0.9995907509719665,4887
202211,4,DKNG,DRAFTKINGS INC,18835,339.91943,0.9993861264579497,4887
202211,5,RBLX,ROBLOX CORP,20648,335.43655,0.9991815019439328,4887
202211,6,WBD,WARNER BROS DISCOVERY INC,22976,328.90494,0.9989768774299161,4887
202211,7,ZM,ZOOM COMMUNICATIONS INC,18484,327.85278,0.9987722529158993,4887
202211,8,LYFT,LYFT INC,18452,323.7072,0.9985676284018825,4887
202211,9,SNAP,SNAP INC,16595,321.82498,0.9983630038878658,4887
202211,10,CHPT,CHARGEPOINT HOLDINGS INC,18937,319.34735,0.998158379373849,4887
202211,11,CVNA,CARVANA CO,16655,313.95905,0.9979537548598322,4887
202211,12,AFRM,AFFIRM HOLDINGS INC,20339,310.3263,0.9977491303458155,4887
202211,13,CHWY,CHEWY INC,18727,309.21133,0.9975445058317987,4887
202211,14,SI,SILVERGATE CAPITAL CORP,19058,309.18793,0.9973398813177818,4887
202211,15,NKLA,NIKOLA CORP,17907,308.74802,0.9971352568037651,4887
202211,16,PINS,PINTEREST INC,18485,306.67865,0.9969306322897483,4887
202211,17,QS,QUANTUMSCAPE CORP,19599,305.86624,0.9967260077757315,4887
202211,18,SNOW,SNOWFLAKE INC,19654,304.64374,0.9965213832617148,4887
202211,19,HOOD,ROBINHOOD MARKETS INC,21723,304.41916,0.996316758747698,4887
202211,20,AMC,A M C ENTERTAINMENT HOLDINGS INC,14328,303.95306,0.9961121342336812,4887
202211,21,COIN,COINBASE GLOBAL INC,20892,303.79895,0.9959075097196645,4887
202211,22,SHOP,SHOPIFY INC,15358,303.34967,0.9957028852056476,4887
202211,23,PBR,PETROLEO BRASILEIRO SA PETROBRAS,88490,302.02942,0.9954982606916308,4887
202211,24,RIVN,RIVIAN AUTOMOTIVE INC,22265,300.9098,0.9952936361776141,4887
202211,25,NET,CLOUDFLARE INC,18909,299.79837,0.9950890116635973,4887
202212,1,WBD,WARNER BROS DISCOVERY INC,22976,344.34766,1.0,4880
202212,2,AMC,A M C ENTERTAINMENT HOLDINGS INC,14328,339.69934,0.9997950819672131,4880
202212,3,LCID,LUCID GROUP INC,19751,335.191,0.9995901639344262,4880
202212,4,CHWY,CHEWY INC,18727,334.24133,0.9993852459016394,4880
202212,5,PLTR,PALANTIR TECHNOLOGIES INC,19788,331.0885,0.9991803278688525,4880
202212,6,CHPT,CHARGEPOINT HOLDINGS INC,18937,330.4637,0.9989754098360656,4880
202212,7,RBLX,ROBLOX CORP,20648,329.14304,0.9987704918032787,4880
202212,8,RIVN,RIVIAN AUTOMOTIVE INC,22265,328.11148,0.9985655737704918,4880
202212,9,PINS,PINTEREST INC,18485,323.21027,0.9983606557377049,4880
202212,10,SNAP,SNAP INC,16595,321.67813,0.9981557377049181,4880
202212,11,UPST,UPSTART HOLDINGS INC,20196,320.51666,0.9979508196721312,4880
202212,12,SHOP,SHOPIFY INC,15358,319.2986,0.9977459016393443,4880
202212,13,MRNA,MODERNA INC,18312,316.93695,0.9975409836065574,4880
202212,14,NVAX,NOVAVAX INC,82779,314.58737,0.9973360655737705,4880
202212,15,PTON,PELOTON INTERACTIVE INC,18940,313.26093,0.9971311475409836,4880
202212,16,TSLA,TESLA INC,93436,312.2136,0.9969262295081968,4880
202212,17,DKNG,DRAFTKINGS INC,18835,311.11066,0.9967213114754099,4880
202212,18,CVNA,CARVANA CO,16655,310.57593,0.996516393442623,4880
202212,19,ROKU,ROKU INC,16932,309.0165,0.9963114754098361,4880
202212,20,XPEV,XPENG INC,19615,308.70917,0.9961065573770492,4880
202212,21,SI,SILVERGATE CAPITAL CORP,19058,308.04877,0.9959016393442623,4880
202212,22,QS,QUANTUMSCAPE CORP,19599,305.39117,0.9956967213114755,4880
202212,23,SOFI,SOFI TECHNOLOGIES INC,20067,302.89203,0.9954918032786885,4880
202212,24,U,UNITY SOFTWARE INC,19794,302.15826,0.9952868852459016,4880
202212,25,GME,GAMESTOP CORP NEW,89301,301.59454,0.9950819672131147,4880
202301,1,PINS,PINTEREST INC,18485,347.13556,1.0,4844
202301,2,LCID,LUCID GROUP INC,19751,341.88257,0.999793559042114,4844
202301,3,SNAP,SNAP INC,16595,341.8503,0.999587118084228,4844
202301,4,SI,SILVERGATE CAPITAL CORP,19058,341.76752,0.9993806771263418,4844
202301,5,SOFI,SOFI TECHNOLOGIES INC,20067,338.45642,0.9991742361684558,4844
202301,6,UPST,UPSTART HOLDINGS INC,20196,336.70425,0.9989677952105698,4844
202301,7,PTON,PELOTON INTERACTIVE INC,18940,332.50385,0.9987613542526838,4844
202301,8,XPEV,XPENG INC,19615,330.5412,0.9985549132947977,4844
202301,9,CHPT,CHARGEPOINT HOLDINGS INC,18937,326.94086,0.9983484723369116,4844
202301,10,WBD,WARNER BROS DISCOVERY INC,22976,324.0889,0.9981420313790256,4844
202301,11,AMC,A M C ENTERTAINMENT HOLDINGS INC,14328,322.79303,0.9979355904211396,4844
202301,12,SHOP,SHOPIFY INC,15358,321.7856,0.9977291494632535,4844
202301,13,PLTR,PALANTIR TECHNOLOGIES INC,19788,321.62875,0.9975227085053675,4844
202301,14,RIVN,RIVIAN AUTOMOTIVE INC,22265,319.45578,0.9973162675474814,4844
202301,15,RBLX,ROBLOX CORP,20648,315.61014,0.9971098265895953,4844
202301,16,BBBY,BED BATH & BEYOND INC,77659,313.45297,0.9969033856317093,4844
202301,17,COIN,COINBASE GLOBAL INC,20892,311.3445,0.9966969446738233,4844
202301,18,ROKU,ROKU INC,16932,311.11493,0.9964905037159373,4844
202301,19,CHWY,CHEWY INC,18727,310.49005,0.9962840627580511,4844
202301,20,LYFT,LYFT INC,18452,308.80905,0.9960776218001651,4844
202301,21,MRNA,MODERNA INC,18312,308.41595,0.9958711808422791,4844
202301,22,AI,C3 AI INC,20193,306.49396,0.9956647398843931,4844
202301,23,U,UNITY SOFTWARE INC,19794,304.4153,0.9954582989265071,4844
202301,24,CVNA,CARVANA CO,16655,303.00406,0.9952518579686209,4844
202301,25,NIO,N I O INC,18087,300.13943,0.9950454170107349,4844
202302,1,LCID,LUCID GROUP INC,19751,374.1046,1.0,4827
202302,2,PLTR,PALANTIR TECHNOLOGIES INC,19788,352.9639,0.9997928319867413,4827
202302,3,AI,C3 AI INC,20193,348.73468,0.9995856639734825,4827
202302,4,PINS,PINTEREST INC,18485,338.18527,0.9993784959602238,4827
202302,5,LYFT,LYFT INC,18452,336.59097,0.999171327946965,4827
202302,6,UPST,UPSTART HOLDINGS INC,20196,336.53635,0.9989641599337062,4827
202302,7,RBLX,ROBLOX CORP,20648,332.5919,0.9987569919204475,4827
202302,8,AMC,A M C ENTERTAINMENT HOLDINGS INC,14328,332.42438,0.9985498239071887,4827
202302,9,DKNG,DRAFTKINGS INC,18835,331.46573,0.99834265589393,4827
202302,10,RIVN,RIVIAN AUTOMOTIVE INC,22265,330.9545,0.9981354878806712,4827
202302,11,SI,SILVERGATE CAPITAL CORP,19058,327.077,0.9979283198674125,4827
202302,12,SOFI,SOFI TECHNOLOGIES INC,20067,325.3889,0.9977211518541537,4827
202302,13,CVNA,CARVANA CO,16655,323.65427,0.997513983840895,4827
202302,14,BBBY,BED BATH & BEYOND INC,77659,321.5567,0.9973068158276363,4827
202302,15,SNAP,SNAP INC,16595,319.9951,0.9970996478143774,4827
202302,16,NIO,N I O INC,18087,319.14835,0.9968924798011187,4827
202302,17,TOST,TOAST INC,21896,315.47406,0.9966853117878599,4827
202302,18,COIN,COINBASE GLOBAL INC,20892,313.20203,0.9964781437746012,4827
202302,19,SHOP,SHOPIFY INC,15358,308.65826,0.9962709757613425,4827
202302,20,WBD,WARNER BROS DISCOVERY INC,22976,307.22516,0.9960638077480837,4827
202302,21,CHPT,CHARGEPOINT HOLDINGS INC,18937,305.12857,0.995856639734825,4827
202302,22,PTON,PELOTON INTERACTIVE INC,18940,302.257,0.9956494717215661,4827
202302,23,BTU,PEABODY ENERGY CORP NEW,16689,300.7227,0.9954423037083074,4827
202302,24,SOUN,SOUNDHOUND AI INC,23054,299.5034,0.9952351356950487,4827
202302,25,MULN,BOLLINGER INNOVATIONS INC,12350,296.05716,0.9950279676817899,4827
202303,1,SI,SILVERGATE CAPITAL CORP,19058,368.2796,1.0,4815
202303,2,AMC,A M C ENTERTAINMENT HOLDINGS INC,14328,349.74176,0.9997923156801661,4815
202303,3,FRC,FIRST REPUBLIC BANK S F NEW,12448,333.7736,0.9995846313603323,4815
202303,4,SOFI,SOFI TECHNOLOGIES INC,20067,332.25046,0.9993769470404984,4815
202303,5,SNAP,SNAP INC,16595,327.45334,0.9991692627206646,4815
202303,6,AI,C3 AI INC,20193,315.4565,0.9989615784008308,4815
202303,7,COIN,COINBASE GLOBAL INC,20892,310.67822,0.9987538940809969,4815
202303,8,RIVN,RIVIAN AUTOMOTIVE INC,22265,308.47525,0.998546209761163,4815
202303,9,PLTR,PALANTIR TECHNOLOGIES INC,19788,304.7592,0.9983385254413292,4815
202303,10,ALLY,ALLY FINANCIAL INC,14558,304.2663,0.9981308411214953,4815
202303,11,CS,CREDIT SUISSE GROUP,89154,304.16348,0.9979231568016614,4815
202303,12,RBLX,ROBLOX CORP,20648,302.68018,0.9977154724818276,4815
202303,13,LCID,LUCID GROUP INC,19751,302.6541,0.9975077881619938,4815
202303,14,ZIM,Z I M INTEGRATED SHIP SERV LTD,20410,301.59995,0.99730010384216,4815
202303,15,PTON,PELOTON INTERACTIVE INC,18940,300.69186,0.9970924195223261,4815
202303,16,LAZR,LUMINAR TECHNOLOGIES INC,18453,298.6091,0.9968847352024922,4815
202303,17,CHPT,CHARGEPOINT HOLDINGS INC,18937,297.92868,0.9966770508826583,4815
202303,18,UPST,UPSTART HOLDINGS INC,20196,296.40988,0.9964693665628245,4815
202303,19,PINS,PINTEREST INC,18485,295.4642,0.9962616822429906,4815
202303,20,CHWY,CHEWY INC,18727,292.7598,0.9960539979231569,4815
202303,21,LYFT,LYFT INC,18452,291.9267,0.995846313603323,4815
202303,22,SNOW,SNOWFLAKE INC,19654,291.8202,0.9956386292834891,4815
202303,23,SQ,BLOCK INC,15826,291.08948,0.9954309449636553,4815
202303,24,DKNG,DRAFTKINGS INC,18835,290.5022,0.9952232606438214,4815
202303,25,NIO,N I O INC,18087,289.46423,0.9950155763239875,4815
202304,1,FRC,FIRST REPUBLIC BANK S F NEW,12448,366.44897,1.0,4851
202304,2,SNAP,SNAP INC,16595,359.7659,0.9997938569367141,4851
202304,3,AMC,A M C ENTERTAINMENT HOLDINGS INC,14328,350.96646,0.9995877138734282,4851
202304,4,AI,C3 AI INC,20193,349.22293,0.9993815708101422,4851
202304,5,RBLX,ROBLOX CORP,20648,340.37717,0.9991754277468563,4851
202304,6,PLTR,PALANTIR TECHNOLOGIES INC,19788,326.14072,0.9989692846835704,4851
202304,7,SOFI,SOFI TECHNOLOGIES INC,20067,313.36395,0.9987631416202845,4851
202304,8,RIVN,RIVIAN AUTOMOTIVE INC,22265,311.67596,0.9985569985569985,4851
202304,9,PINS,PINTEREST INC,18485,307.299,0.9983508554937126,4851
202304,10,COIN,COINBASE GLOBAL INC,20892,306.3903,0.9981447124304267,4851
202304,11,DKNG,DRAFTKINGS INC,18835,301.35825,0.9979385693671408,4851
202304,12,PTON,PELOTON INTERACTIVE INC,18940,301.0212,0.9977324263038548,4851
202304,13,LYFT,LYFT INC,18452,300.81067,0.9975262832405689,4851
202304,14,ABNB,AIRBNB INC,20190,299.99768,0.997320140177283,4851
202304,15,MRNA,MODERNA INC,18312,299.33734,0.9971139971139971,4851
202304,16,MARA,MARA HOLDINGS INC,14813,298.80328,0.9969078540507111,4851
202304,17,SHOP,SHOPIFY INC,15358,297.8629,0.9967017109874253,4851
202304,18,LCID,LUCID GROUP INC,19751,295.9477,0.9964955679241394,4851
202304,19,MGI,MONEYGRAM INTERNATIONAL INC,90213,295.83682,0.9962894248608535,4851
202304,20,ENVX,ENOVIX CORP,20452,295.64288,0.9960832817975676,4851
202304,21,UPST,UPSTART HOLDINGS INC,20196,295.14896,0.9958771387342816,4851
202304,22,CHPT,CHARGEPOINT HOLDINGS INC,18937,294.4694,0.9956709956709957,4851
202304,23,ROKU,ROKU INC,16932,290.1618,0.9954648526077098,4851
202304,24,NIO,N I O INC,18087,288.50986,0.9952587095444239,4851
202304,25,PBR,PETROLEO BRASILEIRO SA PETROBRAS,88490,288.45874,0.9950525664811379,4851
202305,1,PLTR,PALANTIR TECHNOLOGIES INC,19788,349.8924,1.0,4842
202305,2,ZM,ZOOM COMMUNICATIONS INC,18484,335.40372,0.9997934737711689,4842
202305,3,SOFI,SOFI TECHNOLOGIES INC,20067,328.9505,0.9995869475423379,4842
202305,4,LYFT,LYFT INC,18452,324.27322,0.9993804213135068,4842
202305,5,AI,C3 AI INC,20193,322.73917,0.9991738950846758,4842
202305,6,ONON,ON HOLDING AG,22077,319.27176,0.9989673688558447,4842
202305,7,UPST,UPSTART HOLDINGS INC,20196,316.07202,0.9987608426270136,4842
202305,8,SNAP,SNAP INC,16595,309.94485,0.9985543163981826,4842
202305,9,SNOW,SNOWFLAKE INC,19654,309.18176,0.9983477901693515,4842
202305,10,NIO,N I O INC,18087,308.80923,0.9981412639405205,4842
202305,11,DKNG,DRAFTKINGS INC,18835,308.80325,0.9979347377116894,4842
202305,12,MARA,MARA HOLDINGS INC,14813,308.42258,0.9977282114828583,4842
202305,13,RIVN,RIVIAN AUTOMOTIVE INC,22265,307.93057,0.9975216852540273,4842
202305,14,PACW,PACWEST BANCORP DE,88343,307.25958,0.9973151590251962,4842
202305,15,CHPT,CHARGEPOINT HOLDINGS INC,18937,303.85233,0.9971086327963652,4842
202305,16,AMC,A M C ENTERTAINMENT HOLDINGS INC,14328,303.32297,0.9969021065675341,4842
202305,17,LCID,LUCID GROUP INC,19751,301.11273,0.996695580338703,4842
202305,18,TTD,TRADE DESK INC,16309,301.02063,0.996489054109872,4842
202305,19,ABNB,AIRBNB INC,20190,299.8052,0.9962825278810409,4842
202305,20,OKTA,OKTA INC,16649,299.45337,0.9960760016522099,4842
202305,21,IONQ,IONQ INC,20357,295.76544,0.9958694754233788,4842
202305,22,PATH,UIPATH INC,20972,293.1387,0.9956629491945477,4842
202305,23,M,MACYS INC,77462,291.90436,0.9954564229657167,4842
202305,24,BABA,ALIBABA GROUP HOLDING LTD,14888,291.0706,0.9952498967368856,4842
202305,25,COIN,COINBASE GLOBAL INC,20892,290.51138,0.9950433705080545,4842
202306,1,PLTR,PALANTIR TECHNOLOGIES INC,19788,369.13132,1.0,4822
202306,2,SOFI,SOFI TECHNOLOGIES INC,20067,345.61108,0.9997926171712982,4822
202306,3,AI,C3 AI INC,20193,344.59167,0.9995852343425964,4822
202306,4,SNAP,SNAP INC,16595,339.99835,0.9993778515138947,4822
202306,5,LCID,LUCID GROUP INC,19751,336.92276,0.9991704686851929,4822
202306,6,CHPT,CHARGEPOINT HOLDINGS INC,18937,328.38766,0.9989630858564911,4822
202306,7,RIVN,RIVIAN AUTOMOTIVE INC,22265,327.91345,0.9987557030277893,4822
202306,8,MVIS,MICROVISION INC WA,83885,319.87,0.9985483201990876,4822
202306,9,AMC,A M C ENTERTAINMENT HOLDINGS INC,14328,316.89774,0.9983409373703858,4822
202306,10,IONQ,IONQ INC,20357,316.732,0.998133554541684,4822
202306,11,SPCE,VIRGIN GALACTIC HOLDINGS INC,16964,315.98138,0.9979261717129821,4822
202306,12,OPEN,OPENDOOR TECHNOLOGIES INC,19455,312.4884,0.9977187888842803,4822
202306,13,PATH,UIPATH INC,20972,309.71176,0.9975114060555786,4822
202306,14,COIN,COINBASE GLOBAL INC,20892,308.59784,0.9973040232268768,4822
202306,15,NKLA,NIKOLA CORP,17907,307.52414,0.997096640398175,4822
202306,16,DOCU,DOCUSIGN INC,17685,302.54794,0.9968892575694732,4822
202306,17,UPST,UPSTART HOLDINGS INC,20196,301.15686,0.9966818747407714,4822
202306,18,LYFT,LYFT INC,18452,300.75513,0.9964744919120697,4822
202306,19,DKNG,DRAFTKINGS INC,18835,298.15607,0.9962671090833679,4822
202306,20,MARA,MARA HOLDINGS INC,14813,298.03223,0.9960597262546661,4822
202306,21,ROKU,ROKU INC,16932,294.93762,0.9958523434259643,4822
202306,22,RBLX,ROBLOX CORP,20648,294.7783,0.9956449605972626,4822
202306,23,SNOW,SNOWFLAKE INC,19654,293.81778,0.9954375777685608,4822
202306,24,ZM,ZOOM COMMUNICATIONS INC,18484,293.06982,0.995230194939859,4822
202306,25,PBR,PETROLEO BRASILEIRO SA PETROBRAS,88490,292.64993,0.9950228121111572,4822
202307,1,SNAP,SNAP INC,16595,386.37793,1.0,4782
202307,2,PLTR,PALANTIR TECHNOLOGIES INC,19788,348.8699,0.9997908824759515,4782
202307,3,NKLA,NIKOLA CORP,17907,343.73376,0.999581764951903,4782
202307,4,SOFI,SOFI TECHNOLOGIES INC,20067,334.81604,0.9993726474278545,4782
202307,5,LCID,LUCID GROUP INC,19751,333.39075,0.999163529903806,4782
202307,6,APLS,APELLIS PHARMACEUTICALS INC,17104,331.87305,0.9989544123797575,4782
202307,7,LYFT,LYFT INC,18452,328.70615,0.998745294855709,4782
202307,8,QS,QUANTUMSCAPE CORP,19599,326.91592,0.9985361773316604,4782
202307,9,AI,C3 AI INC,20193,326.7954,0.9983270598076118,4782
202307,10,ENVX,ENOVIX CORP,20452,324.3945,0.9981179422835633,4782
202307,11,RBLX,ROBLOX CORP,20648,323.0358,0.9979088247595148,4782
202307,12,AMC,A M C ENTERTAINMENT HOLDINGS INC,14328,321.27246,0.9976997072354663,4782
202307,13,RXRX,RECURSION PHARMACEUTICALS INC,20898,319.8837,0.9974905897114178,4782
202307,14,RIVN,RIVIAN AUTOMOTIVE INC,22265,318.11475,0.9972814721873693,4782
202307,15,OPEN,OPENDOOR TECHNOLOGIES INC,19455,316.58646,0.9970723546633208,4782
202307,16,HOOD,ROBINHOOD MARKETS INC,21723,313.9434,0.9968632371392723,4782
202307,17,JOBY,JOBY AVIATION INC,20126,313.09836,0.9966541196152238,4782
202307,18,DKNG,DRAFTKINGS INC,18835,312.781,0.9964450020911753,4782
202307,19,PINS,PINTEREST INC,18485,311.7615,0.9962358845671268,4782
202307,20,IONQ,IONQ INC,20357,309.9614,0.9960267670430782,4782
202307,21,TTD,TRADE DESK INC,16309,309.0921,0.9958176495190297,4782
202307,22,CHPT,CHARGEPOINT HOLDINGS INC,18937,308.99313,0.9956085319949812,4782
202307,23,ZM,ZOOM COMMUNICATIONS INC,18484,308.1481,0.9953994144709327,4782
202307,24,SMCI,SUPER MICRO COMPUTER INC,91907,306.85358,0.9951902969468841,4782
202307,25,SPWR,SUNPOWER CORP,90978,304.1352,0.9949811794228356,4782
202308,1,NKLA,NIKOLA CORP,17907,380.4316,1.0,4749
202308,2,PLTR,PALANTIR TECHNOLOGIES INC,19788,366.0417,0.9997894293535481,4749
202308,3,UPST,UPSTART HOLDINGS INC,20196,346.0365,0.9995788587070963,4749
202308,4,CHWY,CHEWY INC,18727,344.2146,0.9993682880606444,4749
202308,5,IONQ,IONQ INC,20357,341.05634,0.9991577174141925,4749
202308,6,RBLX,ROBLOX CORP,20648,339.32306,0.9989471467677405,4749
202308,7,RIVN,RIVIAN AUTOMOTIVE INC,22265,336.5818,0.9987365761212887,4749
202308,8,SOFI,SOFI TECHNOLOGIES INC,20067,330.90808,0.9985260054748368,4749
202308,9,AI,C3 AI INC,20193,328.9461,0.9983154348283849,4749
202308,10,QS,QUANTUMSCAPE CORP,19599,328.17874,0.998104864181933,4749
202308,11,OPEN,OPENDOOR TECHNOLOGIES INC,19455,323.35333,0.9978942935354812,4749
202308,12,LCID,LUCID GROUP INC,19751,323.22705,0.9976837228890293,4749
202308,13,AMC,A M C ENTERTAINMENT HOLDINGS INC,14328,322.92703,0.9974731522425774,4749
202308,14,SMCI,SUPER MICRO COMPUTER INC,91907,322.68582,0.9972625815961255,4749
202308,15,LYFT,LYFT INC,18452,319.39532,0.9970520109496737,4749
202308,16,NIO,N I O INC,18087,315.62537,0.9968414403032217,4749
202308,17,PTON,PELOTON INTERACTIVE INC,18940,312.763,0.9966308696567698,4749
202308,18,PLUG,PLUG POWER INC,87337,310.70395,0.9964202990103179,4749
202308,19,ZM,ZOOM COMMUNICATIONS INC,18484,310.53476,0.9962097283638661,4749
202308,20,TUP,TUPPERWARE BRANDS CORP,83462,309.25537,0.9959991577174142,4749
202308,21,DKNG,DRAFTKINGS INC,18835,308.91293,0.9957885870709623,4749
202308,22,MARA,MARA HOLDINGS INC,14813,308.76105,0.9955780164245104,4749
202308,23,AFRM,AFFIRM HOLDINGS INC,20339,307.1015,0.9953674457780586,4749
202308,24,TTD,TRADE DESK INC,16309,305.87024,0.9951568751316067,4749
202308,25,PATH,UIPATH INC,20972,304.32184,0.9949463044851548,4749
202309,1,CGC,CANOPY GROWTH CORP,17827,345.60828,1.0,4727
202309,2,NKLA,NIKOLA CORP,17907,332.47903,0.9997884493336154,4727
202309,3,CHPT,CHARGEPOINT HOLDINGS INC,18937,325.24887,0.9995768986672308,4727
202309,4,MARA,MARA HOLDINGS INC,14813,322.1153,0.9993653480008462,4727
202309,5,SNAP,SNAP INC,16595,320.79346,0.9991537973344616,4727
202309,6,AI,C3 AI INC,20193,320.50037,0.998942246668077,4727
202309,7,PLTR,PALANTIR TECHNOLOGIES INC,19788,317.222,0.9987306960016924,4727
202309,8,AMC,A M C ENTERTAINMENT HOLDINGS INC,14328,314.89725,0.9985191453353078,4727
202309,9,IONQ,IONQ INC,20357,308.85074,0.9983075946689232,4727
202309,10,NIO,N I O INC,18087,307.9015,0.9980960440025386,4727
202309,11,KVUE,KENVUE INC,23876,307.75366,0.997884493336154,4727
202309,12,TLRY,TILRAY BRANDS INC,17977,305.78806,0.9976729426697694,4727
202309,13,PATH,UIPATH INC,20972,303.84595,0.9974613920033848,4727
202309,14,RIVN,RIVIAN AUTOMOTIVE INC,22265,303.1681,0.9972498413370002,4727
202309,15,SOFI,SOFI TECHNOLOGIES INC,20067,302.69305,0.9970382906706157,4727
202309,16,AFRM,AFFIRM HOLDINGS INC,20339,299.71957,0.996826740004231,4727
202309,17,UPST,UPSTART HOLDINGS INC,20196,299.04358,0.9966151893378464,4727
202309,18,CHWY,CHEWY INC,18727,298.92795,0.9964036386714619,4727
202309,19,RBLX,ROBLOX CORP,20648,298.68503,0.9961920880050772,4727
202309,20,ABNB,AIRBNB INC,20190,294.8731,0.9959805373386926,4727
202309,21,LCID,LUCID GROUP INC,19751,294.3905,0.9957689866723081,4727
202309,22,WBD,WARNER BROS DISCOVERY INC,22976,294.09644,0.9955574360059234,4727
202309,23,PINS,PINTEREST INC,18485,290.87866,0.9953458853395388,4727
202309,24,AAL,AMERICAN AIRLINES GROUP INC,21020,287.46967,0.9951343346731543,4727
202309,25,LYFT,LYFT INC,18452,286.56512,0.9949227840067696,4727
202310,1,SNAP,SNAP INC,16595,364.07013,1.0,4693
202310,2,PLTR,PALANTIR TECHNOLOGIES INC,19788,339.58203,0.9997869166844237,4693
202310,3,RIVN,RIVIAN AUTOMOTIVE INC,22265,326.7296,0.9995738333688472,4693
202310,4,LCID,LUCID GROUP INC,19751,325.6369,0.9993607500532709,4693
202310,5,AFRM,AFFIRM HOLDINGS INC,20339,320.61703,0.9991476667376944,4693
202310,6,ABNB,AIRBNB INC,20190,318.71045,0.998934583422118,4693
202310,7,SOFI,SOFI TECHNOLOGIES INC,20067,310.9495,0.9987215001065417,4693
202310,8,UPST,UPSTART HOLDINGS INC,20196,308.61542,0.9985084167909652,4693
202310,9,ENPH,ENPHASE ENERGY INC,13323,304.42255,0.9982953334753889,4693
202310,10,RBLX,ROBLOX CORP,20648,302.94354,0.9980822501598124,4693
202310,11,PINS,PINTEREST INC,18485,298.94208,0.9978691668442361,4693
202310,12,SMCI,SUPER MICRO COMPUTER INC,91907,298.73016,0.9976560835286598,4693
202310,13,CVNA,CARVANA CO,16655,298.62372,0.9974430002130833,4693
202310,14,TSLA,TESLA INC,93436,298.3101,0.997229916897507,4693
202310,15,COIN,COINBASE GLOBAL INC,20892,298.14716,0.9970168335819305,4693
202310,16,ROKU,ROKU INC,16932,296.70566,0.9968037502663541,4693
202310,17,SPWR,SUNPOWER CORP,90978,296.05884,0.9965906669507778,4693
202310,18,LYFT,LYFT INC,18452,295.95175,0.9963775836352013,4693
202310,19,MARA,MARA HOLDINGS INC,14813,295.62286,0.996164500319625,4693
202310,20,CHPT,CHARGEPOINT HOLDINGS INC,18937,293.84195,0.9959514170040485,4693
202310,21,MRNA,MODERNA INC,18312,293.36975,0.9957383336884722,4693
202310,22,WBD,WARNER BROS DISCOVERY INC,22976,292.31952,0.9955252503728959,4693
202310,23,CRSP,C R I S P R THERAPEUTICS AG,16383,292.02338,0.9953121670573194,4693
202310,24,PLUG,PLUG POWER INC,87337,291.35144,0.995099083741743,4693
202310,25,ZM,ZOOM COMMUNICATIONS INC,18484,290.76575,0.9948860004261666,4693
202311,1,PLTR,PALANTIR TECHNOLOGIES INC,19788,341.02048,1.0,4671
202311,2,ZM,ZOOM COMMUNICATIONS INC,18484,335.92398,0.9997859130807107,4671
202311,3,AI,C3 AI INC,20193,323.76303,0.9995718261614215,4671
202311,4,TOST,TOAST INC,21896,321.4209,0.9993577392421323,4671
202311,5,PATH,UIPATH INC,20972,319.598,0.9991436523228431,4671
202311,6,LCID,LUCID GROUP INC,19751,316.96722,0.9989295654035538,4671
202311,7,FSR,FISKER INC,18184,316.42346,0.9987154784842646,4671
202311,8,SNOW,SNOWFLAKE INC,19654,315.79584,0.9985013915649754,4671
202311,9,UPST,UPSTART HOLDINGS INC,20196,314.07043,0.9982873046456862,4671
202311,10,CHWY,CHEWY INC,18727,313.9744,0.9980732177263969,4671
202311,11,RIVN,RIVIAN AUTOMOTIVE INC,22265,313.17776,0.9978591308071076,4671
202311,12,SOFI,SOFI TECHNOLOGIES INC,20067,311.06894,0.9976450438878185,4671
202311,13,RBLX,ROBLOX CORP,20648,310.03687,0.9974309569685292,4671
202311,14,PDD,PDD HOLDINGS INC,17972,308.34186,0.99721687004924,4671
202311,15,SNAP,SNAP INC,16595,307.5541,0.9970027831299507,4671
202311,16,NIO,N I O INC,18087,307.48682,0.9967886962106616,4671
202311,17,AMC,A M C ENTERTAINMENT HOLDINGS INC,14328,306.37604,0.9965746092913723,4671
202311,18,CHPT,CHARGEPOINT HOLDINGS INC,18937,305.75598,0.9963605223720831,4671
202311,19,CRWD,CROWDSTRIKE HOLDINGS INC,18726,304.59445,0.9961464354527938,4671
202311,20,TTD,TRADE DESK INC,16309,303.7878,0.9959323485335047,4671
202311,21,PLUG,PLUG POWER INC,87337,303.69135,0.9957182616142154,4671
202311,22,NU,NU HOLDINGS LTD,22503,302.64468,0.9955041746949261,4671
202311,23,BABA,ALIBABA GROUP HOLDING LTD,14888,301.8191,0.9952900877756369,4671
202311,24,SE,SEA LTD,17023,299.4036,0.9950760008563477,4671
202311,25,DKNG,DRAFTKINGS INC,18835,299.1401,0.9948619139370585,4671
202312,1,PLTR,PALANTIR TECHNOLOGIES INC,19788,369.0646,1.0,4651
202312,2,SNAP,SNAP INC,16595,346.34894,0.9997849924747366,4651
202312,3,AI,C3 AI INC,20193,331.55478,0.9995699849494732,4651
202312,4,CHWY,CHEWY INC,18727,327.55484,0.9993549774242099,4651
202312,5,HOOD,ROBINHOOD MARKETS INC,21723,325.48355,0.9991399698989465,4651
202312,6,SOFI,SOFI TECHNOLOGIES INC,20067,320.51447,0.9989249623736831,4651
202312,7,LCID,LUCID GROUP INC,19751,314.3287,0.9987099548484197,4651
202312,8,S,SENTINELONE INC,21415,311.27704,0.9984949473231564,4651
202312,9,RIOT,RIOT PLATFORMS INC,92213,308.67264,0.998279939797893,4651
202312,10,NIO,N I O INC,18087,307.84015,0.9980649322726295,4651
202312,11,KVUE,KENVUE INC,23876,306.33502,0.9978499247473661,4651
202312,12,GME,GAMESTOP CORP NEW,89301,305.00623,0.9976349172221027,4651
202312,13,CHPT,CHARGEPOINT HOLDINGS INC,18937,303.89478,0.9974199096968394,4651
202312,14,MARA,MARA HOLDINGS INC,14813,303.87793,0.997204902171576,4651
202312,15,COIN,COINBASE GLOBAL INC,20892,303.49655,0.9969898946463126,4651
202312,16,RBLX,ROBLOX CORP,20648,302.13843,0.9967748871210492,4651
202312,17,SMCI,SUPER MICRO COMPUTER INC,91907,300.63095,0.9965598795957858,4651
202312,18,DKNG,DRAFTKINGS INC,18835,300.41232,0.9963448720705225,4651
202312,19,AMC,A M C ENTERTAINMENT HOLDINGS INC,14328,299.75583,0.9961298645452591,4651
202312,20,LYFT,LYFT INC,18452,298.3403,0.9959148570199957,4651
202312,21,NKLA,NIKOLA CORP,17907,296.81516,0.9956998494947323,4651
202312,22,MRNA,MODERNA INC,18312,295.52536,0.995484841969469,4651
202312,23,UPST,UPSTART HOLDINGS INC,20196,292.84702,0.9952698344442056,4651
202312,24,PATH,UIPATH INC,20972,291.44516,0.9950548269189422,4651
202312,25,BABA,ALIBABA GROUP HOLDING LTD,14888,291.37024,0.9948398193936788,4651
202401,1,PLTR,PALANTIR TECHNOLOGIES INC,19788,360.5328,1.0,4620
202401,2,SNAP,SNAP INC,16595,336.92206,0.9997835497835498,4620
202401,3,SOFI,SOFI TECHNOLOGIES INC,20067,334.88168,0.9995670995670995,4620
202401,4,LCID,LUCID GROUP INC,19751,334.7047,0.9993506493506493,4620
202401,5,SAVE,SPIRIT AVIATION HOLDINGS INC,12796,334.46817,0.9991341991341991,4620
202401,6,QS,QUANTUMSCAPE CORP,19599,332.5934,0.9989177489177489,4620
202401,7,RBLX,ROBLOX CORP,20648,330.19022,0.9987012987012988,4620
202401,8,DKNG,DRAFTKINGS INC,18835,325.94644,0.9984848484848485,4620
202401,9,LYFT,LYFT INC,18452,322.45544,0.9982683982683983,4620
202401,10,MARA,MARA HOLDINGS INC,14813,322.0227,0.9980519480519481,4620
202401,11,NIO,N I O INC,18087,321.58902,0.9978354978354979,4620
202401,12,RIVN,RIVIAN AUTOMOTIVE INC,22265,320.78915,0.9976190476190476,4620
202401,13,CHWY,CHEWY INC,18727,317.48746,0.9974025974025974,4620
202401,14,JD,J D COM INC,14655,316.8675,0.9971861471861472,4620
202401,15,TSLA,TESLA INC,93436,316.0983,0.996969696969697,4620
202401,16,ENPH,ENPHASE ENERGY INC,13323,313.83252,0.9967532467532467,4620
202401,17,MPW,MEDICAL PROPERTIES TRUST INC,90790,313.10226,0.9965367965367965,4620
202401,18,COIN,COINBASE GLOBAL INC,20892,310.4125,0.9963203463203463,4620
202401,19,UPST,UPSTART HOLDINGS INC,20196,307.38663,0.9961038961038962,4620
202401,20,SMCI,SUPER MICRO COMPUTER INC,91907,306.49326,0.9958874458874459,4620
202401,21,S,SENTINELONE INC,21415,303.2892,0.9956709956709957,4620
202401,22,SEDG,SOLAREDGE TECHNOLOGIES INC,15272,301.02957,0.9954545454545455,4620
202401,23,MRNA,MODERNA INC,18312,300.66412,0.9952380952380953,4620
202401,24,CLSK,CLEANSPARK INC,19187,300.1236,0.995021645021645,4620
202401,25,RIOT,RIOT PLATFORMS INC,92213,299.68488,0.9948051948051948,4620
202402,1,HOOD,ROBINHOOD MARKETS INC,21723,341.44125,1.0,4605
202402,2,LYFT,LYFT INC,18452,340.08096,0.9997828447339848,4605
202402,3,PLTR,PALANTIR TECHNOLOGIES INC,19788,339.48505,0.9995656894679696,4605
202402,4,SNAP,SNAP INC,16595,338.50818,0.9993485342019544,4605
202402,5,RIVN,RIVIAN AUTOMOTIVE INC,22265,329.20187,0.9991313789359392,4605
202402,6,UPST,UPSTART HOLDINGS INC,20196,327.52606,0.998914223669924,4605
202402,7,DKNG,DRAFTKINGS INC,18835,324.10214,0.9986970684039088,4605
202402,8,SOUN,SOUNDHOUND AI INC,23054,323.58307,0.9984799131378936,4605
202402,9,LCID,LUCID GROUP INC,19751,318.5559,0.9982627578718783,4605
202402,10,CLSK,CLEANSPARK INC,19187,318.53088,0.9980456026058632,4605
202402,11,TOST,TOAST INC,21896,316.59015,0.997828447339848,4605
202402,12,AI,C3 AI INC,20193,314.9614,0.9976112920738328,4605
202402,13,TTD,TRADE DESK INC,16309,314.58636,0.9973941368078176,4605
202402,14,ZM,ZOOM COMMUNICATIONS INC,18484,314.5379,0.9971769815418023,4605
202402,15,PATH,UIPATH INC,20972,313.05444,0.9969598262757872,4605
202402,16,PINS,PINTEREST INC,18485,312.19382,0.996742671009772,4605
202402,17,ROKU,ROKU INC,16932,310.90906,0.9965255157437568,4605
202402,18,SNOW,SNOWFLAKE INC,19654,310.80533,0.9963083604777416,4605
202402,19,SOFI,SOFI TECHNOLOGIES INC,20067,310.78845,0.9960912052117263,4605
202402,20,BILL,B I L L HOLDINGS INC,19084,308.83896,0.9958740499457112,4605
202402,21,GTLB,GITLAB INC,22084,305.55118,0.995656894679696,4605
202402,22,S,SENTINELONE INC,21415,304.72925,0.9954397394136808,4605
202402,23,U,UNITY SOFTWARE INC,19794,303.95724,0.9952225841476656,4605
202402,24,SMCI,SUPER MICRO COMPUTER INC,91907,303.76523,0.9950054288816503,4605
202402,25,NU,NU HOLDINGS LTD,22503,302.63675,0.9947882736156352,4605
202403,1,SOUN,SOUNDHOUND AI INC,23054,371.77237,1.0,4587
202403,2,CHWY,CHEWY INC,18727,348.1321,0.999781992587748,4587
202403,3,PLTR,PALANTIR TECHNOLOGIES INC,19788,334.1382,0.9995639851754959,4587
202403,4,S,SENTINELONE INC,21415,331.4532,0.999345977763244,4587
202403,5,HOOD,ROBINHOOD MARKETS INC,21723,330.52185,0.9991279703509919,4587
202403,6,SOFI,SOFI TECHNOLOGIES INC,20067,330.31302,0.9989099629387399,4587
202403,7,NIO,N I O INC,18087,326.306,0.9986919555264879,4587
202403,8,ONON,ON HOLDING AG,22077,325.36624,0.9984739481142358,4587
202403,9,PATH,UIPATH INC,20972,324.50208,0.9982559407019839,4587
202403,10,GTLB,GITLAB INC,22084,323.354,0.9980379332897319,4587
202403,11,BBAI,BIGBEAR AI HOLDINGS INC,21053,317.75067,0.9978199258774798,4587
202403,12,AI,C3 AI INC,20193,313.20273,0.9976019184652278,4587
202403,13,ARM,A R M HOLDINGS PLC,24252,312.57468,0.9973839110529757,4587
202403,14,PDD,PDD HOLDINGS INC,17972,312.4845,0.9971659036407238,4587
202403,15,CLSK,CLEANSPARK INC,19187,311.19296,0.9969478962284718,4587
202403,16,RIVN,RIVIAN AUTOMOTIVE INC,22265,310.72882,0.9967298888162197,4587
202403,17,TSLA,TESLA INC,93436,307.44333,0.9965118814039677,4587
202403,18,MARA,MARA HOLDINGS INC,14813,305.3625,0.9962938739917158,4587
202403,19,VKTX,VIKING THERAPEUTICS INC,15303,303.07025,0.9960758665794637,4587
202403,20,LYFT,LYFT INC,18452,295.4008,0.9958578591672117,4587
202403,21,RIOT,RIOT PLATFORMS INC,92213,295.09244,0.9956398517549596,4587
202403,22,IOT,SAMSARA INC,22425,292.2241,0.9954218443427076,4587
202403,23,COIN,COINBASE GLOBAL INC,20892,290.68726,0.9952038369304557,4587
202403,24,SMCI,SUPER MICRO COMPUTER INC,91907,289.52905,0.9949858295182036,4587
202403,25,SNAP,SNAP INC,16595,289.52756,0.9947678221059516,4587
202404,1,PLTR,PALANTIR TECHNOLOGIES INC,19788,367.68445,1.0,4586
202404,2,CGC,CANOPY GROWTH CORP,17827,328.4822,0.9997819450501526,4586
202404,3,RIVN,RIVIAN AUTOMOTIVE INC,22265,321.02997,0.9995638901003053,4586
202404,4,SOFI,SOFI TECHNOLOGIES INC,20067,320.11646,0.9993458351504579,4586
202404,5,LYFT,LYFT INC,18452,317.7211,0.9991277802006105,4586
202404,6,SNAP,SNAP INC,16595,317.0338,0.9989097252507632,4586
202404,7,ARM,A R M HOLDINGS PLC,24252,315.97537,0.9986916703009159,4586
202404,8,COIN,COINBASE GLOBAL INC,20892,313.35574,0.9984736153510685,4586
202404,9,CELH,CELSIUS HOLDINGS INC,93263,312.16937,0.9982555604012211,4586
202404,10,SOUN,SOUNDHOUND AI INC,23054,311.11884,0.9980375054513737,4586
202404,11,HOOD,ROBINHOOD MARKETS INC,21723,307.10037,0.9978194505015264,4586
202404,12,SMCI,SUPER MICRO COMPUTER INC,91907,306.27594,0.997601395551679,4586
202404,13,CHWY,CHEWY INC,18727,303.09808,0.9973833406018316,4586
202404,14,TOST,TOAST INC,21896,300.14407,0.9971652856519843,4586
202404,15,RBLX,ROBLOX CORP,20648,299.19275,0.996947230702137,4586
202404,16,DKNG,DRAFTKINGS INC,18835,297.53973,0.9967291757522896,4586
202404,17,TLRY,TILRAY BRANDS INC,17977,297.10852,0.9965111208024422,4586
202404,18,DJT,TRUMP MEDIA & TECH GRP CORP,21927,296.6845,0.9962930658525948,4586
202404,19,NCLH,NORWEGIAN CRUISE LINE HLDGS LTD,13760,296.37747,0.9960750109027475,4586
202404,20,ROKU,ROKU INC,16932,296.22122,0.9958569559529001,4586
202404,21,NKLA,NIKOLA CORP,17907,294.92532,0.9956389010030527,4586
202404,22,MARA,MARA HOLDINGS INC,14813,293.6676,0.9954208460532054,4586
202404,23,DUOL,DUOLINGO INC,21614,291.11105,0.9952027911033581,4586
202404,24,UPST,UPSTART HOLDINGS INC,20196,290.42502,0.9949847361535107,4586
202404,25,DELL,DELL TECHNOLOGIES INC,18267,290.37103,0.9947666812036633,4586
202405,1,PLTR,PALANTIR TECHNOLOGIES INC,19788,367.94067,1.0,4571
202405,2,CHWY,CHEWY INC,18727,342.0002,0.9997812294902647,4571
202405,3,AMC,A M C ENTERTAINMENT HOLDINGS INC,14328,337.07666,0.9995624589805294,4571
202405,4,CGC,CANOPY GROWTH CORP,17827,336.45853,0.9993436884707941,4571
202405,5,PATH,UIPATH INC,20972,336.08887,0.9991249179610588,4571
202405,6,S,SENTINELONE INC,21415,327.16974,0.9989061474513236,4571
202405,7,HOOD,ROBINHOOD MARKETS INC,21723,326.09946,0.9986873769415883,4571
202405,8,SNOW,SNOWFLAKE INC,19654,324.9128,0.998468606431853,4571
202405,9,DELL,DELL TECHNOLOGIES INC,18267,324.72443,0.9982498359221177,4571
202405,10,FFIE,FARADAY FUTURE INTEL ELCTRC INC,19649,321.62927,0.9980310654123824,4571
202405,11,TOST,TOAST INC,21896,318.88754,0.9978122949026471,4571
202405,12,SOFI,SOFI TECHNOLOGIES INC,20067,318.54684,0.9975935243929118,4571
202405,13,GME,GAMESTOP CORP NEW,89301,317.29984,0.9973747538831765,4571
202405,14,HIMS,HIMS & HERS HEALTH INC,18938,316.9191,0.9971559833734412,4571
202405,15,U,UNITY SOFTWARE INC,19794,315.00107,0.996937212863706,4571
202405,16,MDB,MONGODB INC,16968,311.81613,0.9967184423539707,4571
202405,17,RBLX,ROBLOX CORP,20648,311.5176,0.9964996718442354,4571
202405,18,CRWD,CROWDSTRIKE HOLDINGS INC,18726,309.00928,0.9962809013345001,4571
202405,19,LYFT,LYFT INC,18452,307.13324,0.9960621308247648,4571
202405,20,DDOG,DATADOG INC,18911,306.8484,0.9958433603150295,4571
202405,21,SNAP,SNAP INC,16595,306.6024,0.9956245898052942,4571
202405,22,NU,NU HOLDINGS LTD,22503,305.6679,0.9954058192955589,4571
202405,23,AI,C3 AI INC,20193,305.4788,0.9951870487858236,4571
202405,24,CAVA,CAVA GROUP INC,23941,303.43634,0.9949682782760884,4571
202405,25,ONON,ON HOLDING AG,22077,301.87222,0.9947495077663531,4571
202406,1,PLTR,PALANTIR TECHNOLOGIES INC,19788,344.73248,1.0,4548
202406,2,GME,GAMESTOP CORP NEW,89301,343.89624,0.9997801231310466,4548
202406,3,CHWY,CHEWY INC,18727,340.55392,0.9995602462620933,4548
202406,4,SOFI,SOFI TECHNOLOGIES INC,20067,336.77557,0.9993403693931399,4548
202406,5,AMC,A M C ENTERTAINMENT HOLDINGS INC,14328,336.20544,0.9991204925241864,4548
202406,6,HOOD,ROBINHOOD MARKETS INC,21723,322.6009,0.998900615655233,4548
202406,7,HIMS,HIMS & HERS HEALTH INC,18938,311.77838,0.9986807387862797,4548
202406,8,NU,NU HOLDINGS LTD,22503,309.90872,0.9984608619173263,4548
202406,9,CAVA,CAVA GROUP INC,23941,309.19406,0.9982409850483729,4548
202406,10,SNAP,SNAP INC,16595,308.85416,0.9980211081794196,4548
202406,11,RIVN,RIVIAN AUTOMOTIVE INC,22265,307.5135,0.9978012313104662,4548
202406,12,IOT,SAMSARA INC,22425,306.05145,0.9975813544415127,4548
202406,13,NIO,N I O INC,18087,304.307,0.9973614775725593,4548
202406,14,IREN,IREN LTD,22316,304.2097,0.997141600703606,4548
202406,15,DJT,TRUMP MEDIA & TECH GRP CORP,21927,303.397,0.9969217238346526,4548
202406,16,CLSK,CLEANSPARK INC,19187,301.02374,0.9967018469656992,4548
202406,17,SEDG,SOLAREDGE TECHNOLOGIES INC,15272,300.70642,0.9964819700967458,4548
202406,18,AI,C3 AI INC,20193,299.74777,0.9962620932277925,4548
202406,19,CELH,CELSIUS HOLDINGS INC,93263,293.63446,0.996042216358839,4548
202406,20,DELL,DELL TECHNOLOGIES INC,18267,292.50208,0.9958223394898856,4548
202406,21,MARA,MARA HOLDINGS INC,14813,292.21692,0.9956024626209323,4548
202406,22,LYFT,LYFT INC,18452,291.2386,0.9953825857519789,4548
202406,23,NVAX,NOVAVAX INC,82779,289.6274,0.9951627088830255,4548
202406,24,GTLB,GITLAB INC,22084,288.83264,0.9949428320140721,4548
202406,25,ENPH,ENPHASE ENERGY INC,13323,288.3012,0.9947229551451188,4548
202407,1,PLTR,PALANTIR TECHNOLOGIES INC,19788,375.30588,1.0,4529
202407,2,CHWY,CHEWY INC,18727,364.00262,0.9997792007065578,4529
202407,3,GME,GAMESTOP CORP NEW,89301,355.21637,0.9995584014131155,4529
202407,4,SOFI,SOFI TECHNOLOGIES INC,20067,342.26038,0.9993376021196733,4529
202407,5,HOOD,ROBINHOOD MARKETS INC,21723,339.12067,0.9991168028262309,4529
202407,6,SNAP,SNAP INC,16595,335.5659,0.9988960035327887,4529
202407,7,SOUN,SOUNDHOUND AI INC,23054,329.0271,0.9986752042393464,4529
202407,8,QS,QUANTUMSCAPE CORP,19599,324.30963,0.9984544049459042,4529
202407,9,PINS,PINTEREST INC,18485,321.9241,0.9982336056524619,4529
202407,10,LYFT,LYFT INC,18452,321.27612,0.9980128063590197,4529
202407,11,CAVA,CAVA GROUP INC,23941,319.23257,0.9977920070655774,4529
202407,12,DJT,TRUMP MEDIA & TECH GRP CORP,21927,313.82294,0.9975712077721351,4529
202407,13,RIVN,RIVIAN AUTOMOTIVE INC,22265,313.6939,0.9973504084786928,4529
202407,14,ARM,A R M HOLDINGS PLC,24252,313.3517,0.9971296091852506,4529
202407,15,CELH,CELSIUS HOLDINGS INC,93263,312.88568,0.9969088098918083,4529
202407,16,ENVX,ENOVIX CORP,20452,310.0997,0.9966880105983661,4529
202407,17,HIMS,HIMS & HERS HEALTH INC,18938,310.03287,0.9964672113049238,4529
202407,18,SNOW,SNOWFLAKE INC,19654,305.73422,0.9962464120114816,4529
202407,19,DKNG,DRAFTKINGS INC,18835,303.12015,0.9960256127180394,4529
202407,20,CLSK,CLEANSPARK INC,19187,303.01913,0.995804813424597,4529
202407,21,AI,C3 AI INC,20193,301.88336,0.9955840141311548,4529
202407,22,CVNA,CARVANA CO,16655,301.83475,0.9953632148377125,4529
202407,23,TOST,TOAST INC,21896,301.4754,0.9951424155442703,4529
202407,24,NVAX,NOVAVAX INC,82779,300.96326,0.994921616250828,4529
202407,25,SMCI,SUPER MICRO COMPUTER INC,91907,300.8706,0.9947008169573858,4529
202408,1,PLTR,PALANTIR TECHNOLOGIES INC,19788,340.98227,1.0,4512
202408,2,CHWY,CHEWY INC,18727,339.2186,0.9997783687943262,4512
202408,3,HIMS,HIMS & HERS HEALTH INC,18938,335.40283,0.9995567375886525,4512
202408,4,LUMN,LUMEN TECHOLOGIES INC,60599,335.35046,0.9993351063829787,4512
202408,5,SNOW,SNOWFLAKE INC,19654,334.29865,0.999113475177305,4512
202408,6,NU,NU HOLDINGS LTD,22503,334.0361,0.9988918439716312,4512
202408,7,CAVA,CAVA GROUP INC,23941,330.49924,0.9986702127659575,4512
202408,8,RIVN,RIVIAN AUTOMOTIVE INC,22265,327.9704,0.9984485815602837,4512
202408,9,HOOD,ROBINHOOD MARKETS INC,21723,326.45557,0.99822695035461,4512
202408,10,SNAP,SNAP INC,16595,325.83545,0.9980053191489362,4512
202408,11,ASTS,A S T SPACEMOBILE INC,19076,325.5276,0.9977836879432624,4512
202408,12,S,SENTINELONE INC,21415,324.25797,0.9975620567375887,4512
202408,13,SOFI,SOFI TECHNOLOGIES INC,20067,321.50296,0.9973404255319149,4512
202408,14,PATH,UIPATH INC,20972,314.3336,0.9971187943262412,4512
202408,15,CRWD,CROWDSTRIKE HOLDINGS INC,18726,310.62967,0.9968971631205674,4512
202408,16,RKLB,ROCKET LAB CORP,20178,308.5355,0.9966755319148937,4512
202408,17,SOUN,SOUNDHOUND AI INC,23054,308.482,0.9964539007092199,4512
202408,18,LYFT,LYFT INC,18452,308.25674,0.9962322695035462,4512
202408,19,PTON,PELOTON INTERACTIVE INC,18940,301.5433,0.9960106382978723,4512
202408,20,CELH,CELSIUS HOLDINGS INC,93263,301.13327,0.9957890070921985,4512
202408,21,DELL,DELL TECHNOLOGIES INC,18267,300.83124,0.9955673758865248,4512
202408,22,ARM,A R M HOLDINGS PLC,24252,300.5596,0.995345744680851,4512
202408,23,LUNR,INTUITIVE MACHINES INC,22313,300.51883,0.9951241134751773,4512
202408,24,ABNB,AIRBNB INC,20190,300.46896,0.9949024822695035,4512
202408,25,CLSK,CLEANSPARK INC,19187,298.62564,0.9946808510638298,4512
202409,1,PLTR,PALANTIR TECHNOLOGIES INC,19788,354.61002,1.0,4500
202409,2,LUNR,INTUITIVE MACHINES INC,22313,340.9214,0.9997777777777778,4500
202409,3,GME,GAMESTOP CORP NEW,89301,337.90253,0.9995555555555555,4500
202409,4,DJT,TRUMP MEDIA & TECH GRP CORP,21927,332.33044,0.9993333333333333,4500
202409,5,CELH,CELSIUS HOLDINGS INC,93263,329.9306,0.9991111111111111,4500
202409,6,ASTS,A S T SPACEMOBILE INC,19076,329.5604,0.9988888888888889,4500
202409,7,SOFI,SOFI TECHNOLOGIES INC,20067,329.0131,0.9986666666666667,4500
202409,8,CHWY,CHEWY INC,18727,316.12155,0.9984444444444445,4500
202409,9,RIVN,RIVIAN AUTOMOTIVE INC,22265,314.4407,0.9982222222222222,4500
202409,10,NIO,N I O INC,18087,313.91006,0.998,4500
202409,11,UPST,UPSTART HOLDINGS INC,20196,310.50494,0.9977777777777778,4500
202409,12,SNAP,SNAP INC,16595,310.4208,0.9975555555555555,4500
202409,13,TSLA,TESLA INC,93436,307.17136,0.9973333333333333,4500
202409,14,CAVA,CAVA GROUP INC,23941,302.84262,0.9971111111111111,4500
202409,15,SMCI,SUPER MICRO COMPUTER INC,91907,301.7813,0.9968888888888889,4500
202409,16,MRNA,MODERNA INC,18312,300.8068,0.9966666666666667,4500
202409,17,AI,C3 AI INC,20193,300.80157,0.9964444444444445,4500
202409,18,COIN,COINBASE GLOBAL INC,20892,299.53406,0.9962222222222222,4500
202409,19,SNOW,SNOWFLAKE INC,19654,298.5021,0.996,4500
202409,20,CLSK,CLEANSPARK INC,19187,297.46207,0.9957777777777778,4500
202409,21,PATH,UIPATH INC,20972,293.4301,0.9955555555555555,4500
202409,22,HOOD,ROBINHOOD MARKETS INC,21723,292.3488,0.9953333333333333,4500
202409,23,NU,NU HOLDINGS LTD,22503,290.6126,0.9951111111111111,4500
202409,24,INTC,INTEL CORP,59328,287.5647,0.9948888888888889,4500
202409,25,JD,J D COM INC,14655,285.48203,0.9946666666666667,4500
202410,1,PLTR,PALANTIR TECHNOLOGIES INC,19788,358.2399,1.0,4476
202410,2,IONQ,IONQ INC,20357,350.82843,0.9997765862377123,4476
202410,3,SMCI,SUPER MICRO COMPUTER INC,91907,338.9256,0.9995531724754245,4476
202410,4,SOFI,SOFI TECHNOLOGIES INC,20067,337.60425,0.9993297587131368,4476
202410,5,HOOD,ROBINHOOD MARKETS INC,21723,332.35242,0.9991063449508489,4476
202410,6,NIO,N I O INC,18087,328.52084,0.9988829311885612,4476
202410,7,RIVN,RIVIAN AUTOMOTIVE INC,22265,328.40128,0.9986595174262735,4476
202410,8,TIGR,U P FINTECH HOLDING LTD,18467,328.12396,0.9984361036639857,4476
202410,9,CELH,CELSIUS HOLDINGS INC,93263,326.88135,0.998212689901698,4476
202410,10,SMR,NUSCALE POWER CORP,20325,325.84982,0.9979892761394102,4476
202410,11,SNAP,SNAP INC,16595,325.56155,0.9977658623771224,4476
202410,12,OKLO,OKLO INC,21619,325.21262,0.9975424486148347,4476
202410,13,DJT,TRUMP MEDIA & TECH GRP CORP,21927,321.07117,0.9973190348525469,4476
202410,14,FUTU,FUTU HOLDINGS LTD,18466,315.18552,0.9970956210902592,4476
202410,15,GME,GAMESTOP CORP NEW,89301,310.8241,0.9968722073279714,4476
202410,16,UPST,UPSTART HOLDINGS INC,20196,310.57114,0.9966487935656837,4476
202410,17,CHWY,CHEWY INC,18727,309.87216,0.9964253798033958,4476
202410,18,CAVA,CAVA GROUP INC,23941,309.85397,0.9962019660411081,4476
202410,19,RBLX,ROBLOX CORP,20648,309.63513,0.9959785522788204,4476
202410,20,LYFT,LYFT INC,18452,308.53662,0.9957551385165326,4476
202410,21,BABA,ALIBABA GROUP HOLDING LTD,14888,307.4749,0.9955317247542449,4476
202410,22,ENPH,ENPHASE ENERGY INC,13323,307.3303,0.9953083109919572,4476
202410,23,SOUN,SOUNDHOUND AI INC,23054,304.06827,0.9950848972296693,4476
202410,24,PTON,PELOTON INTERACTIVE INC,18940,303.65848,0.9948614834673816,4476
202410,25,HIMS,HIMS & HERS HEALTH INC,18938,303.61002,0.9946380697050938,4476
202411,1,SOUN,SOUNDHOUND AI INC,23054,358.5849,1.0,4467
202411,2,GME,GAMESTOP CORP NEW,89301,350.4322,0.9997761361092455,4467
202411,3,OKLO,OKLO INC,21619,344.5606,0.9995522722184912,4467
202411,4,CAVA,CAVA GROUP INC,23941,338.17575,0.9993284083277367,4467
202411,5,DJT,TRUMP MEDIA & TECH GRP CORP,21927,337.0319,0.9991045444369823,4467
202411,6,SMCI,SUPER MICRO COMPUTER INC,91907,336.01938,0.9988806805462279,4467
202411,7,HIMS,HIMS & HERS HEALTH INC,18938,335.61655,0.9986568166554735,4467
202411,8,PLTR,PALANTIR TECHNOLOGIES INC,19788,334.05222,0.9984329527647191,4467
202411,9,SMR,NUSCALE POWER CORP,20325,329.54532,0.9982090888739646,4467
202411,10,LUNR,INTUITIVE MACHINES INC,22313,327.36887,0.9979852249832102,4467
202411,11,SOFI,SOFI TECHNOLOGIES INC,20067,326.792,0.9977613610924558,4467
202411,12,CELH,CELSIUS HOLDINGS INC,93263,323.73868,0.9975374972017014,4467
202411,13,HOOD,ROBINHOOD MARKETS INC,21723,319.4343,0.9973136333109469,4467
202411,14,NU,NU HOLDINGS LTD,22503,315.86087,0.9970897694201926,4467
202411,15,COIN,COINBASE GLOBAL INC,20892,314.60284,0.9968659055294381,4467
202411,16,SNOW,SNOWFLAKE INC,19654,313.62354,0.9966420416386836,4467
202411,17,MARA,MARA HOLDINGS INC,14813,313.48074,0.9964181777479293,4467
202411,18,IONQ,IONQ INC,20357,311.7344,0.9961943138571748,4467
202411,19,ZETA,ZETA GLOBAL HOLDINGS CORP,21349,310.6298,0.9959704499664204,4467
202411,20,RIVN,RIVIAN AUTOMOTIVE INC,22265,309.1617,0.995746586075666,4467
202411,21,RKLB,ROCKET LAB CORP,20178,305.5329,0.9955227221849116,4467
202411,22,UPST,UPSTART HOLDINGS INC,20196,304.26678,0.9952988582941572,4467
202411,23,CHWY,CHEWY INC,18727,304.01804,0.9950749944034027,4467
202411,24,NIO,N I O INC,18087,303.92392,0.9948511305126483,4467
202411,25,PDD,PDD HOLDINGS INC,17972,303.2569,0.9946272666218939,4467
202412,1,SOUN,SOUNDHOUND AI INC,23054,371.36542,1.0,4450
202412,2,QBTS,D WAVE QUANTUM INC,23263,354.78903,0.9997752808988764,4450
202412,3,RGTI,RIGETTI COMPUTING INC,21007,347.418,0.9995505617977528,4450
202412,4,QUBT,QUANTUM COMPUTING INC,21754,346.22043,0.9993258426966292,4450
202412,5,AI,C3 AI INC,20193,340.96457,0.9991011235955056,4450
202412,6,SOFI,SOFI TECHNOLOGIES INC,20067,340.14584,0.998876404494382,4450
202412,7,SMR,NUSCALE POWER CORP,20325,339.80118,0.9986516853932584,4450
202412,8,PLTR,PALANTIR TECHNOLOGIES INC,19788,329.89996,0.9984269662921348,4450
202412,9,ACHR,ARCHER AVIATION INC,20207,328.18643,0.9982022471910112,4450
202412,10,SMCI,SUPER MICRO COMPUTER INC,91907,327.84998,0.9979775280898876,4450
202412,11,RIVN,RIVIAN AUTOMOTIVE INC,22265,327.0259,0.9977528089887641,4450
202412,12,GME,GAMESTOP CORP NEW,89301,325.95065,0.9975280898876404,4450
202412,13,CAVA,CAVA GROUP INC,23941,321.64804,0.9973033707865169,4450
202412,14,RUM,RUMBLE INC,21029,320.01895,0.9970786516853932,4450
202412,15,LUNR,INTUITIVE MACHINES INC,22313,317.2329,0.9968539325842697,4450
202412,16,NU,NU HOLDINGS LTD,22503,316.80948,0.996629213483146,4450
202412,17,UPST,UPSTART HOLDINGS INC,20196,314.31827,0.9964044943820225,4450
202412,18,COIN,COINBASE GLOBAL INC,20892,313.1415,0.9961797752808988,4450
202412,19,RCAT,RED CAT HOLDINGS INC,21090,312.68365,0.9959550561797753,4450
202412,20,CELH,CELSIUS HOLDINGS INC,93263,311.57962,0.9957303370786517,4450
202412,21,CLSK,CLEANSPARK INC,19187,309.60522,0.9955056179775281,4450
202412,22,CHWY,CHEWY INC,18727,309.52066,0.9952808988764045,4450
202412,23,SNAP,SNAP INC,16595,308.80453,0.9950561797752809,4450
202412,24,GTLB,GITLAB INC,22084,308.54462,0.9948314606741573,4450
202412,25,OKLO,OKLO INC,21619,308.17014,0.9946067415730337,4450
202501,1,QBTS,D WAVE QUANTUM INC,23263,378.57166,1.0,4405
202501,2,RGTI,RIGETTI COMPUTING INC,21007,368.36093,0.9997729852440409,4405
202501,3,SOUN,SOUNDHOUND AI INC,23054,352.49286,0.9995459704880817,4405
202501,4,QUBT,QUANTUM COMPUTING INC,21754,352.39838,0.9993189557321226,4405
202501,5,SOFI,SOFI TECHNOLOGIES INC,20067,350.68866,0.9990919409761635,4405
202501,6,PLTR,PALANTIR TECHNOLOGIES INC,19788,349.50623,0.9988649262202043,4405
202501,7,FUBO,FUBOTV INC,19893,343.84497,0.9986379114642452,4405
202501,8,IONQ,IONQ INC,20357,342.234,0.9984108967082861,4405
202501,9,SMCI,SUPER MICRO COMPUTER INC,91907,340.9596,0.9981838819523269,4405
202501,10,SNAP,SNAP INC,16595,337.55164,0.9979568671963678,4405
202501,11,RIVN,RIVIAN AUTOMOTIVE INC,22265,332.8009,0.9977298524404086,4405
202501,12,SMR,NUSCALE POWER CORP,20325,320.40363,0.9975028376844495,4405
202501,13,OKLO,OKLO INC,21619,319.69983,0.9972758229284904,4405
202501,14,HOOD,ROBINHOOD MARKETS INC,21723,314.6617,0.9970488081725312,4405
202501,15,COIN,COINBASE GLOBAL INC,20892,312.7913,0.9968217934165721,4405
202501,16,ACHR,ARCHER AVIATION INC,20207,310.92328,0.996594778660613,4405
202501,17,DJT,TRUMP MEDIA & TECH GRP CORP,21927,310.24744,0.9963677639046538,4405
202501,18,QSI,QUANTUM SI INC,19952,309.1184,0.9961407491486947,4405
202501,19,RCAT,RED CAT HOLDINGS INC,21090,304.20572,0.9959137343927356,4405
202501,20,LYFT,LYFT INC,18452,303.7201,0.9956867196367764,4405
202501,21,GME,GAMESTOP CORP NEW,89301,302.30402,0.9954597048808173,4405
202501,22,TEM,TEMPUS A I INC,25142,302.2693,0.9952326901248582,4405
202501,23,HLN,HALEON PLC,23209,301.9752,0.995005675368899,4405
202501,24,LCID,LUCID GROUP INC,19751,299.86685,0.9947786606129398,4405
202501,25,ARM,A R M HOLDINGS PLC,24252,299.7756,0.9945516458569807,4405
202502,1,SOUN,SOUNDHOUND AI INC,23054,384.95764,1.0,4384
202502,2,RGTI,RIGETTI COMPUTING INC,21007,353.92276,0.999771897810219,4384
202502,3,IONQ,IONQ INC,20357,346.9522,0.9995437956204379,4384
202502,4,BBAI,BIGBEAR AI HOLDINGS INC,21053,343.2362,0.999315693430657,4384
202502,5,SMCI,SUPER MICRO COMPUTER INC,91907,342.11774,0.9990875912408759,4384
202502,6,HIMS,HIMS & HERS HEALTH INC,18938,336.43613,0.9988594890510949,4384
202502,7,RIVN,RIVIAN AUTOMOTIVE INC,22265,334.14413,0.9986313868613139,4384
202502,8,LUNR,INTUITIVE MACHINES INC,22313,334.07407,0.9984032846715328,4384
202502,9,PLTR,PALANTIR TECHNOLOGIES INC,19788,331.72574,0.9981751824817519,4384
202502,10,TEM,TEMPUS A I INC,25142,328.4626,0.9979470802919708,4384
202502,11,QBTS,D WAVE QUANTUM INC,23263,327.49994,0.9977189781021898,4384
202502,12,ACHR,ARCHER AVIATION INC,20207,327.18817,0.9974908759124088,4384
202502,13,SNOW,SNOWFLAKE INC,19654,323.62274,0.9972627737226277,4384
202502,14,OKLO,OKLO INC,21619,321.7177,0.9970346715328468,4384
202502,15,COIN,COINBASE GLOBAL INC,20892,319.39224,0.9968065693430657,4384
202502,16,SERV,SERVE ROBOTICS INC,25034,318.51285,0.9965784671532847,4384
202502,17,FUBO,FUBOTV INC,19893,317.0988,0.9963503649635036,4384
202502,18,RXRX,RECURSION PHARMACEUTICALS INC,20898,317.09152,0.9961222627737226,4384
202502,19,NU,NU HOLDINGS LTD,22503,316.3317,0.9958941605839416,4384
202502,20,SMR,NUSCALE POWER CORP,20325,314.1004,0.9956660583941606,4384
202502,21,TTD,TRADE DESK INC,16309,312.89206,0.9954379562043796,4384
202502,22,RKLB,ROCKET LAB CORP,20178,311.35605,0.9952098540145985,4384
202502,23,CRWD,CROWDSTRIKE HOLDINGS INC,18726,311.01413,0.9949817518248175,4384
202502,24,CAVA,CAVA GROUP INC,23941,310.62112,0.9947536496350365,4384
202502,25,SNAP,SNAP INC,16595,309.75137,0.9945255474452555,4384
202503,1,QBTS,D WAVE QUANTUM INC,23263,358.66992,1.0,4372
202503,2,SOUN,SOUNDHOUND AI INC,23054,348.54172,0.9997712717291857,4372
202503,3,RGTI,RIGETTI COMPUTING INC,21007,338.14215,0.9995425434583715,4372
202503,4,PLTR,PALANTIR TECHNOLOGIES INC,19788,330.63806,0.9993138151875571,4372
202503,5,IONQ,IONQ INC,20357,322.26495,0.9990850869167429,4372
202503,6,OKLO,OKLO INC,21619,322.0899,0.9988563586459286,4372
202503,7,S,SENTINELONE INC,21415,316.91187,0.9986276303751144,4372
202503,8,CHWY,CHEWY INC,18727,316.6786,0.9983989021043,4372
202503,9,HOOD,ROBINHOOD MARKETS INC,21723,315.63843,0.9981701738334858,4372
202503,10,COIN,COINBASE GLOBAL INC,20892,313.17136,0.9979414455626715,4372
202503,11,SOFI,SOFI TECHNOLOGIES INC,20067,311.56607,0.9977127172918573,4372
202503,12,LUNR,INTUITIVE MACHINES INC,22313,310.9583,0.997483989021043,4372
202503,13,NIO,N I O INC,18087,310.38358,0.9972552607502287,4372
202503,14,PATH,UIPATH INC,20972,309.5046,0.9970265324794144,4372
202503,15,HIMS,HIMS & HERS HEALTH INC,18938,308.6182,0.9967978042086002,4372
202503,16,RKLB,ROCKET LAB CORP,20178,308.60367,0.9965690759377859,4372
202503,17,CORZ,CORE SCIENTIFIC INC NEW,24698,308.53726,0.9963403476669717,4372
202503,18,RDDT,REDDIT INC,24876,306.1991,0.9961116193961573,4372
202503,19,IOT,SAMSARA INC,22425,306.14285,0.9958828911253431,4372
202503,20,SMCI,SUPER MICRO COMPUTER INC,91907,304.35837,0.9956541628545288,4372
202503,21,SMR,NUSCALE POWER CORP,20325,303.0167,0.9954254345837146,4372
202503,22,ACHR,ARCHER AVIATION INC,20207,302.48532,0.9951967063129002,4372
202503,23,GME,GAMESTOP CORP NEW,89301,302.3191,0.994967978042086,4372
202503,24,BBAI,BIGBEAR AI HOLDINGS INC,21053,302.10373,0.9947392497712717,4372
202503,25,QUBT,QUANTUM COMPUTING INC,21754,301.09958,0.9945105215004575,4372
202504,1,SOFI,SOFI TECHNOLOGIES INC,20067,341.61826,1.0,4394
202504,2,SNAP,SNAP INC,16595,327.9653,0.9997724169321802,4394
202504,3,SOUN,SOUNDHOUND AI INC,23054,324.70667,0.9995448338643604,4394
202504,4,PLTR,PALANTIR TECHNOLOGIES INC,19788,322.8036,0.9993172507965408,4394
202504,5,QBTS,D WAVE QUANTUM INC,23263,321.27094,0.999089667728721,4394
202504,6,RIVN,RIVIAN AUTOMOTIVE INC,22265,320.91675,0.9988620846609012,4394
202504,7,HTZ,HERTZ GLOBAL HOLDINGS INC NEW,16086,309.1744,0.9986345015930814,4394
202504,8,HOOD,ROBINHOOD MARKETS INC,21723,308.13696,0.9984069185252618,4394
202504,9,PINS,PINTEREST INC,18485,302.8466,0.998179335457442,4394
202504,10,RGTI,RIGETTI COMPUTING INC,21007,298.42572,0.9979517523896222,4394
202504,11,LCID,LUCID GROUP INC,19751,296.41943,0.9977241693218024,4394
202504,12,AGNC,A G N C INVESTMENT CORP,92680,293.78165,0.9974965862539827,4394
202504,13,NU,NU HOLDINGS LTD,22503,287.85107,0.997269003186163,4394
202504,14,DDOG,DATADOG INC,18911,287.77496,0.9970414201183432,4394
202504,15,HIMS,HIMS & HERS HEALTH INC,18938,287.13742,0.9968138370505234,4394
202504,16,LYFT,LYFT INC,18452,287.073,0.9965862539827037,4394
202504,17,NIO,N I O INC,18087,286.9198,0.996358670914884,4394
202504,18,CELH,CELSIUS HOLDINGS INC,93263,285.76978,0.9961310878470642,4394
202504,19,IONQ,IONQ INC,20357,284.9047,0.9959035047792444,4394
202504,20,RDDT,REDDIT INC,24876,284.33145,0.9956759217114247,4394
202504,21,AAL,AMERICAN AIRLINES GROUP INC,21020,283.44742,0.9954483386436049,4394
202504,22,TSLA,TESLA INC,93436,282.12057,0.9952207555757852,4394
202504,23,SMCI,SUPER MICRO COMPUTER INC,91907,281.78766,0.9949931725079654,4394
202504,24,ROKU,ROKU INC,16932,279.1134,0.9947655894401457,4394
202504,25,MLGO,MICROALGO INC,21114,279.09558,0.9945380063723259,4394
202505,1,QBTS,D WAVE QUANTUM INC,23263,385.2791,1.0,4353
202505,2,SOUN,SOUNDHOUND AI INC,23054,367.74396,0.9997702733746842,4353
202505,3,RGTI,RIGETTI COMPUTING INC,21007,351.9697,0.9995405467493682,4353
202505,4,QUBT,QUANTUM COMPUTING INC,21754,335.16367,0.9993108201240524,4353
202505,5,ACHR,ARCHER AVIATION INC,20207,327.85062,0.9990810934987365,4353
202505,6,LYFT,LYFT INC,18452,325.1457,0.9988513668734206,4353
202505,7,LCID,LUCID GROUP INC,19751,323.87967,0.9986216402481047,4353
202505,8,RIVN,RIVIAN AUTOMOTIVE INC,22265,321.81268,0.9983919136227889,4353
202505,9,IONQ,IONQ INC,20357,321.30865,0.998162186997473,4353
202505,10,PLTR,PALANTIR TECHNOLOGIES INC,19788,320.26614,0.9979324603721571,4353
202505,11,BBAI,BIGBEAR AI HOLDINGS INC,21053,320.1896,0.9977027337468413,4353
202505,12,OKLO,OKLO INC,21619,319.50027,0.9974730071215254,4353
202505,13,NU,NU HOLDINGS LTD,22503,318.74167,0.9972432804962095,4353
202505,14,SOFI,SOFI TECHNOLOGIES INC,20067,317.42737,0.9970135538708936,4353
202505,15,CELH,CELSIUS HOLDINGS INC,93263,314.75507,0.9967838272455778,4353
202505,16,HIMS,HIMS & HERS HEALTH INC,18938,313.88406,0.9965541006202618,4353
202505,17,OKTA,OKTA INC,16649,311.9716,0.996324373994946,4353
202505,18,TEM,TEMPUS A I INC,25142,309.9972,0.9960946473696302,4353
202505,19,DJT,TRUMP MEDIA & TECH GRP CORP,21927,309.67407,0.9958649207443143,4353
202505,20,AI,C3 AI INC,20193,307.25784,0.9956351941189984,4353
202505,21,HOOD,ROBINHOOD MARKETS INC,21723,303.5303,0.9954054674936825,4353
202505,22,PATH,UIPATH INC,20972,303.13687,0.9951757408683667,4353
202505,23,RDDT,REDDIT INC,24876,302.2602,0.9949460142430507,4353
202505,24,SMR,NUSCALE POWER CORP,20325,301.72992,0.9947162876177349,4353
202505,25,GME,GAMESTOP CORP NEW,89301,301.10953,0.994486560992419,4353
202506,1,QBTS,D WAVE QUANTUM INC,23263,366.73975,1.0,4345
202506,2,SOUN,SOUNDHOUND AI INC,23054,357.79092,0.9997698504027618,4345
202506,3,RGTI,RIGETTI COMPUTING INC,21007,352.34158,0.9995397008055236,4345
202506,4,IONQ,IONQ INC,20357,344.1869,0.9993095512082854,4345
202506,5,OSCR,OSCAR HEALTH INC,20646,341.8512,0.9990794016110471,4345
202506,6,QUBT,QUANTUM COMPUTING INC,21754,340.31647,0.998849252013809,4345
202506,7,BBAI,BIGBEAR AI HOLDINGS INC,21053,333.46716,0.9986191024165708,4345
202506,8,SOFI,SOFI TECHNOLOGIES INC,20067,331.31705,0.9983889528193326,4345
202506,9,ACHR,ARCHER AVIATION INC,20207,330.72433,0.9981588032220944,4345
202506,10,HIMS,HIMS & HERS HEALTH INC,18938,327.54044,0.9979286536248562,4345
202506,11,QS,QUANTUMSCAPE CORP,19599,322.57468,0.997698504027618,4345
202506,12,GME,GAMESTOP CORP NEW,89301,321.48734,0.9974683544303797,4345
202506,13,DJT,TRUMP MEDIA & TECH GRP CORP,21927,319.3816,0.9972382048331415,4345
202506,14,NVTS,NAVITAS SEMICONDUCTOR CORP,20381,319.16977,0.9970080552359033,4345
202506,15,OKLO,OKLO INC,21619,316.44666,0.9967779056386651,4345
202506,16,TSLA,TESLA INC,93436,315.44458,0.996547756041427,4345
202506,17,SNAP,SNAP INC,16595,315.1489,0.9963176064441888,4345
202506,18,PLTR,PALANTIR TECHNOLOGIES INC,19788,313.81378,0.9960874568469505,4345
202506,19,ASTS,A S T SPACEMOBILE INC,19076,313.77112,0.9958573072497123,4345
202506,20,SMCI,SUPER MICRO COMPUTER INC,91907,311.7593,0.9956271576524741,4345
202506,21,TEM,TEMPUS A I INC,25142,308.4075,0.9953970080552359,4345
202506,22,LCID,LUCID GROUP INC,19751,304.13846,0.9951668584579977,4345
202506,23,CHWY,CHEWY INC,18727,304.01718,0.9949367088607595,4345
202506,24,APLD,APPLIED DIGITAL CORP,89986,302.8587,0.9947065592635213,4345
202506,25,CELH,CELSIUS HOLDINGS INC,93263,302.2939,0.994476409666283,4345
202507,1,OSCR,OSCAR HEALTH INC,20646,390.79303,1.0,4331
202507,2,QS,QUANTUMSCAPE CORP,19599,380.06995,0.9997691064419303,4331
202507,3,SOUN,SOUNDHOUND AI INC,23054,376.01205,0.9995382128838606,4331
202507,4,OPEN,OPENDOOR TECHNOLOGIES INC,19455,374.1326,0.9993073193257908,4331
202507,5,RGTI,RIGETTI COMPUTING INC,21007,357.6359,0.999076425767721,4331
202507,6,QBTS,D WAVE QUANTUM INC,23263,351.51422,0.9988455322096513,4331
202507,7,BBAI,BIGBEAR AI HOLDINGS INC,21053,348.108,0.9986146386515816,4331
202507,8,IONQ,IONQ INC,20357,339.00497,0.9983837450935119,4331
202507,9,LCID,LUCID GROUP INC,19751,333.27426,0.9981528515354422,4331
202507,10,ACHR,ARCHER AVIATION INC,20207,332.91443,0.9979219579773724,4331
202507,11,SOFI,SOFI TECHNOLOGIES INC,20067,330.9461,0.9976910644193027,4331
202507,12,SNAP,SNAP INC,16595,327.6156,0.997460170861233,4331
202507,13,LUNR,INTUITIVE MACHINES INC,22313,325.87726,0.9972292773031632,4331
202507,14,JOBY,JOBY AVIATION INC,20126,321.52298,0.9969983837450935,4331
202507,15,QUBT,QUANTUM COMPUTING INC,21754,320.9684,0.9967674901870238,4331
202507,16,OKLO,OKLO INC,21619,320.68353,0.996536596628954,4331
202507,17,LYFT,LYFT INC,18452,320.4327,0.9963057030708843,4331
202507,18,NVTS,NAVITAS SEMICONDUCTOR CORP,20381,318.8109,0.9960748095128146,4331
202507,19,HOOD,ROBINHOOD MARKETS INC,21723,317.51477,0.9958439159547449,4331
202507,20,RIVN,RIVIAN AUTOMOTIVE INC,22265,316.39453,0.9956130223966752,4331
202507,21,SMR,NUSCALE POWER CORP,20325,313.368,0.9953821288386054,4331
202507,22,ASTS,A S T SPACEMOBILE INC,19076,313.0343,0.9951512352805356,4331
202507,23,TOST,TOAST INC,21896,312.44354,0.9949203417224659,4331
202507,24,DUOL,DUOLINGO INC,21614,312.2754,0.9946894481643962,4331
202507,25,PLTR,PALANTIR TECHNOLOGIES INC,19788,308.1438,0.9944585546063265,4331
202508,1,RGTI,RIGETTI COMPUTING INC,21007,369.00778,1.0,4332
202508,2,SOUN,SOUNDHOUND AI INC,23054,367.03864,0.9997691597414589,4332
202508,3,BBAI,BIGBEAR AI HOLDINGS INC,21053,360.01785,0.9995383194829178,4332
202508,4,OPEN,OPENDOOR TECHNOLOGIES INC,19455,350.73492,0.9993074792243767,4332
202508,5,QBTS,D WAVE QUANTUM INC,23263,350.3952,0.9990766389658357,4332
202508,6,AI,C3 AI INC,20193,331.33478,0.9988457987072945,4332
202508,7,SNAP,SNAP INC,16595,329.6772,0.9986149584487535,4332
202508,8,QS,QUANTUMSCAPE CORP,19599,328.1066,0.9983841181902123,4332
202508,9,OKLO,OKLO INC,21619,325.77902,0.9981532779316713,4332
202508,10,JOBY,JOBY AVIATION INC,20126,324.5229,0.9979224376731302,4332
202508,11,OSCR,OSCAR HEALTH INC,20646,320.80222,0.9976915974145891,4332
202508,12,HIMS,HIMS & HERS HEALTH INC,18938,320.52762,0.997460757156048,4332
202508,13,FUBO,FUBOTV INC,19893,319.18607,0.997229916897507,4332
202508,14,SMR,NUSCALE POWER CORP,20325,318.06787,0.9969990766389658,4332
202508,15,CRWV,COREWEAVE INC,26444,317.45746,0.9967682363804248,4332
202508,16,NVTS,NAVITAS SEMICONDUCTOR CORP,20381,316.2322,0.9965373961218836,4332
202508,17,NU,NU HOLDINGS LTD,22503,315.9617,0.9963065558633426,4332
202508,18,IONQ,IONQ INC,20357,315.23645,0.9960757156048015,4332
202508,19,NIO,N I O INC,18087,315.14844,0.9958448753462604,4332
202508,20,SOFI,SOFI TECHNOLOGIES INC,20067,313.5796,0.9956140350877193,4332
202508,21,PLTR,PALANTIR TECHNOLOGIES INC,19788,313.56348,0.9953831948291783,4332
202508,22,LCID,LUCID GROUP INC,19751,313.27496,0.9951523545706371,4332
202508,23,HOOD,ROBINHOOD MARKETS INC,21723,313.0733,0.9949215143120961,4332
202508,24,LUNR,INTUITIVE MACHINES INC,22313,308.79242,0.9946906740535549,4332
202508,25,COIN,COINBASE GLOBAL INC,20892,307.58563,0.9944598337950139,4332
202509,1,NU,NU HOLDINGS LTD,22503,328.63763,1.0,4034
202509,2,SOUN,SOUNDHOUND AI INC,23054,318.78348,0.9997521070897373,4034
202509,3,RGTI,RIGETTI COMPUTING INC,21007,294.18314,0.9995042141794744,4034
202509,4,KVUE,KENVUE INC,23876,292.35233,0.9992563212692117,4034
202509,5,CPNG,COUPANG INC,20682,289.59152,0.999008428358949,4034
202509,6,QBTS,D WAVE QUANTUM INC,23263,288.67456,0.9987605354486861,4034
202509,7,RIVN,RIVIAN AUTOMOTIVE INC,22265,286.36768,0.9985126425384234,4034
202509,8,SOFI,SOFI TECHNOLOGIES INC,20067,284.47528,0.9982647496281606,4034
202509,9,VALE,VALE S A,89330,281.8209,0.9980168567178979,4034
202509,10,SNAP,SNAP INC,16595,280.87936,0.9977689638076351,4034
202509,11,AAL,AMERICAN AIRLINES GROUP INC,21020,278.29642,0.9975210708973723,4034
202509,12,GRAB,GRAB HOLDINGS LTD,22558,277.96655,0.9972731779871096,4034
202509,13,QUBT,QUANTUM COMPUTING INC,21754,274.29404,0.9970252850768468,4034
202509,14,PLTR,PALANTIR TECHNOLOGIES INC,19788,271.07202,0.996777392166584,4034
202509,15,BBAI,BIGBEAR AI HOLDINGS INC,21053,271.02106,0.9965294992563213,4034
202509,16,BTG,B2GOLD CORP,13978,270.11157,0.9962816063460586,4034
202509,17,JOBY,JOBY AVIATION INC,20126,269.29456,0.9960337134357957,4034
202509,18,KHC,KRAFT HEINZ CO,15408,267.75757,0.995785820525533,4034
202509,19,HLN,HALEON PLC,23209,267.66074,0.9955379276152702,4034
202509,20,IONQ,IONQ INC,20357,266.3012,0.9952900347050074,4034
202509,21,RDDT,REDDIT INC,24876,264.9475,0.9950421417947447,4034
202509,22,CELH,CELSIUS HOLDINGS INC,93263,264.73355,0.9947942488844819,4034
202509,23,KDP,KEURIG DR PEPPER INC,17942,264.63092,0.9945463559742191,4034
202509,24,AGNC,A G N C INVESTMENT CORP,92680,263.26865,0.9942984630639564,4034
202509,25,LYFT,LYFT INC,18452,261.53268,0.9940505701536936,4034
202510,1,NU,NU HOLDINGS LTD,22503,334.46793,1.0,4007
202510,2,SOUN,SOUNDHOUND AI INC,23054,306.78555,0.9997504367357125,4007
202510,3,RIVN,RIVIAN AUTOMOTIVE INC,22265,290.6748,0.999500873471425,4007
202510,4,RKT,ROCKET COMPANIES INC,19577,290.5428,0.9992513102071375,4007
202510,5,BBAI,BIGBEAR AI HOLDINGS INC,21053,288.1591,0.99900174694285,4007
202510,6,LAC,LITHIUM AMERICAS CORP NEW,24422,281.61133,0.9987521836785626,4007
202510,7,VALE,VALE S A,89330,278.221,0.9985026204142751,4007
202510,8,PLTR,PALANTIR TECHNOLOGIES INC,19788,276.1338,0.9982530571499876,4007
202510,9,NOK,NOKIA CORP,87128,274.8717,0.9980034938857,4007
202510,10,SOFI,SOFI TECHNOLOGIES INC,20067,274.6575,0.9977539306214125,4007
202510,11,KVUE,KENVUE INC,23876,274.5671,0.997504367357125,4007
202510,12,ACHR,ARCHER AVIATION INC,20207,273.6985,0.9972548040928375,4007
202510,13,PBR,PETROLEO BRASILEIRO SA PETROBRAS,88490,272.46753,0.99700524082855,4007
202510,14,QBTS,D WAVE QUANTUM INC,23263,271.79388,0.9967556775642625,4007
202510,15,SNAP,SNAP INC,16595,271.0997,0.996506114299975,4007
202510,16,RR,RICHTECH ROBOTICS INC,24511,270.80518,0.9962565510356876,4007
202510,17,PATH,UIPATH INC,20972,270.22647,0.9960069877714001,4007
202510,18,GRAB,GRAB HOLDINGS LTD,22558,269.35715,0.9957574245071126,4007
202510,19,RGTI,RIGETTI COMPUTING INC,21007,268.86243,0.9955078612428251,4007
202510,20,QUBT,QUANTUM COMPUTING INC,21754,267.75824,0.9952582979785376,4007
202510,21,KHC,KRAFT HEINZ CO,15408,267.25757,0.9950087347142501,4007
202510,22,JOBY,JOBY AVIATION INC,20126,265.56906,0.9947591714499626,4007
202510,23,BTG,B2GOLD CORP,13978,265.17163,0.994509608185675,4007
202510,24,LYFT,LYFT INC,18452,264.6407,0.9942600449213875,4007
202510,25,OSCR,OSCAR HEALTH INC,20646,264.19858,0.9940104816571,4007
202511,1,NU,NU HOLDINGS LTD,22503,319.5974,1.0,4017
202511,2,SOUN,SOUNDHOUND AI INC,23054,301.1628,0.9997510580034852,4017
202511,3,BBAI,BIGBEAR AI HOLDINGS INC,21053,299.34406,0.9995021160069704,4017
202511,4,QBTS,D WAVE QUANTUM INC,23263,289.6882,0.9992531740104555,4017
202511,5,KVUE,KENVUE INC,23876,283.76596,0.9990042320139407,4017
202511,6,RGTI,RIGETTI COMPUTING INC,21007,283.05396,0.9987552900174259,4017
202511,7,JOBY,JOBY AVIATION INC,20126,280.14713,0.9985063480209111,4017
202511,8,OKLO,OKLO INC,21619,279.25568,0.9982574060243963,4017
202511,9,CPNG,COUPANG INC,20682,279.12924,0.9980084640278815,4017
202511,10,NOK,NOKIA CORP,87128,279.1046,0.9977595220313666,4017
202511,11,PFE,PFIZER INC,21936,279.08752,0.9975105800348519,4017
202511,12,PATH,UIPATH INC,20972,276.3433,0.9972616380383371,4017
202511,13,SOFI,SOFI TECHNOLOGIES INC,20067,276.33212,0.9970126960418223,4017
202511,14,OPEN,OPENDOOR TECHNOLOGIES INC,19455,274.99612,0.9967637540453075,4017
202511,15,SNAP,SNAP INC,16595,272.2338,0.9965148120487927,4017
202511,16,VALE,VALE S A,89330,272.06073,0.9962658700522778,4017
202511,17,IONQ,IONQ INC,20357,271.8999,0.996016928055763,4017
202511,18,EOSE,EOS ENERGY ENTERPRISES INC,19416,270.94354,0.9957679860592482,4017
202511,19,GRAB,GRAB HOLDINGS LTD,22558,270.54718,0.9955190440627334,4017
202511,20,ACHR,ARCHER AVIATION INC,20207,269.64996,0.9952701020662186,4017
202511,21,ROIV,ROIVANT SCIENCES LTD,22236,268.60822,0.9950211600697038,4017
202511,22,QS,QUANTUMSCAPE CORP,19599,268.34396,0.9947722180731889,4017
202511,23,RIVN,RIVIAN AUTOMOTIVE INC,22265,268.2469,0.9945232760766741,4017
202511,24,CORZ,CORE SCIENTIFIC INC NEW,24698,268.08557,0.9942743340801593,4017
202511,25,KHC,KRAFT HEINZ CO,15408,267.20648,0.9940253920836445,4017
202512,1,NU,NU HOLDINGS LTD,22503,314.0553,1.0,3993
202512,2,KVUE,KENVUE INC,23876,300.12122,0.9997495617330328,3993
202512,3,BBAI,BIGBEAR AI HOLDINGS INC,21053,288.08997,0.9994991234660656,3993
202512,4,VALE,VALE S A,89330,281.95392,0.9992486851990984,3993
202512,5,SOUN,SOUNDHOUND AI INC,23054,280.9722,0.9989982469321312,3993
202512,6,SNAP,SNAP INC,16595,280.60153,0.998747808665164,3993
202512,7,HLN,HALEON PLC,23209,278.5655,0.9984973703981969,3993
202512,8,RGTI,RIGETTI COMPUTING INC,21007,277.20023,0.9982469321312296,3993
202512,9,RIVN,RIVIAN AUTOMOTIVE INC,22265,276.8396,0.9979964938642625,3993
202512,10,WBD,WARNER BROS DISCOVERY INC,22976,276.58212,0.9977460555972952,3993
202512,11,SOFI,SOFI TECHNOLOGIES INC,20067,272.0505,0.9974956173303281,3993
202512,12,CPNG,COUPANG INC,20682,271.43195,0.9972451790633609,3993
202512,13,PATH,UIPATH INC,20972,270.0723,0.9969947407963937,3993
202512,14,PBR,PETROLEO BRASILEIRO SA PETROBRAS,88490,268.73257,0.9967443025294265,3993
202512,15,KDP,KEURIG DR PEPPER INC,17942,268.44144,0.9964938642624593,3993
202512,16,PFE,PFIZER INC,21936,266.58737,0.9962434259954921,3993
202512,17,CART,MAPLEBEAR INC,24258,266.24933,0.995992987728525,3993
202512,18,CFLT,CONFLUENT INC,21358,266.10922,0.9957425494615577,3993
202512,19,ACI,ALBERTSONS COMPANIES INC,19413,265.67972,0.9954921111945906,3993
202512,20,OPEN,OPENDOOR TECHNOLOGIES INC,19455,265.32364,0.9952416729276233,3993
202512,21,KHC,KRAFT HEINZ CO,15408,263.44962,0.9949912346606562,3993
202512,22,S,SENTINELONE INC,21415,262.76993,0.994740796393689,3993
202512,23,RKT,ROCKET COMPANIES INC,19577,261.78467,0.9944903581267218,3993
202512,24,CHWY,CHEWY INC,18727,260.6378,0.9942399198597546,3993
202512,25,SMR,NUSCALE POWER CORP,20325,259.6615,0.9939894815927873,3993
