ym,rank,ticker,company,permno,score,pctile,n_universe
201001,1,MGM,M G M RESORTS INTERNATIONAL,11891,942.9372,1.0,3772
201001,2,MMR,MCMORAN EXPLORATION CO NEW,80557,927.5739,0.9997348886532343,3772
201001,3,ILMN,ILLUMINA INC,88446,908.0924,0.9994697773064687,3772
201001,4,LVS,LAS VEGAS SANDS CORP,90505,904.9496,0.999204665959703,3772
201001,5,PCX,PATRIOT COAL CORP,92346,890.68304,0.9989395546129375,3772
201001,6,LCC,U S AIRWAYS GROUP INC NEW,90893,880.77795,0.9986744432661718,3772
201001,7,WYNN,WYNN RESORTS LTD,89533,879.8166,0.9984093319194062,3772
201001,8,EK,EASTMAN KODAK CO,11754,878.78394,0.9981442205726405,3772
201001,9,AMD,ADVANCED MICRO DEVICES INC,61241,873.93134,0.9978791092258749,3772
201001,10,ZION,ZIONS BANCORPORATION N A,84129,872.5254,0.9976139978791092,3772
201001,11,NVDA,NVIDIA CORP,86580,870.4343,0.9973488865323435,3772
201001,12,KBH,K B HOME,70092,868.6372,0.9970837751855779,3772
201001,13,MBI,M B I A INC,75175,851.0345,0.9968186638388123,3772
201001,14,VLO,VALERO ENERGY CORP NEW,85269,844.9617,0.9965535524920467,3772
201001,15,PALM,PALM INC,87800,840.45056,0.996288441145281,3772
201001,16,BIDU,BAIDU INC,90857,839.9357,0.9960233297985154,3772
201001,17,UAUA,UNITED AIRLINES HOLDINGS INC,91103,838.2286,0.9957582184517497,3772
201001,18,DAL,DELTA AIR LINES INC,91926,836.9269,0.9954931071049841,3772
201001,19,NFLX,NETFLIX INC,89393,834.2251,0.9952279957582184,3772
201001,20,GOOG,ALPHABET INC,90319,828.8301,0.9949628844114529,3772
201001,21,AMZN,AMAZON COM INC,84788,827.99084,0.9946977730646872,3772
201001,22,SHLD,SEARS HOLDINGS CORP,89757,827.3565,0.9944326617179216,3772
201001,23,ACAS,AMERICAN CAPITAL LTD,85271,825.43176,0.9941675503711559,3772
201001,24,TXT,TEXTRON INC,23579,823.7163,0.9939024390243902,3772
201001,25,ENER,ENERGY CONVERSION DEVICES INC,32636,821.1233,0.9936373276776246,3772
201002,1,WFMI,WHOLE FOODS MARKET INC,77281,867.6606,1.0,3319
201002,2,LVS,LAS VEGAS SANDS CORP,90505,857.8171,0.9996987044290448,3319
201002,3,NVDA,NVIDIA CORP,86580,857.17255,0.9993974088580898,3319
201002,4,MGM,M G M RESORTS INTERNATIONAL,11891,853.554,0.9990961132871347,3319
201002,5,BIDU,BAIDU INC,90857,840.5659,0.9987948177161796,3319
201002,6,SQNM,SEQUENOM INC,87632,837.69824,0.9984935221452245,3319
201002,7,UAUA,UNITED AIRLINES HOLDINGS INC,91103,831.2256,0.9981922265742693,3319
201002,8,ATVI,ACTIVISION BLIZZARD INC,79678,824.2065,0.9978909310033143,3319
201002,9,PCLN,BOOKING HOLDINGS INC,86783,813.8189,0.9975896354323591,3319
201002,10,FSLR,FIRST SOLAR INC,91611,803.114,0.9972883398614041,3319
201002,11,LCC,U S AIRWAYS GROUP INC NEW,90893,798.0959,0.9969870442904489,3319
201002,12,CF,C F INDUSTRIES HOLDINGS INC,90829,797.4715,0.9966857487194938,3319
201002,13,RF,REGIONS FINANCIAL CORP NEW,35044,797.41754,0.9963844531485387,3319
201002,14,X,UNITED STATES STEEL CORP NEW,76644,794.64056,0.9960831575775836,3319
201002,15,M,MACYS INC,77462,794.3386,0.9957818620066285,3319
201002,16,BRCM,BROADCOM CORP,85963,792.08966,0.9954805664356734,3319
201002,17,AIG,AMERICAN INTERNATIONAL GROUP INC,66800,790.7123,0.9951792708647182,3319
201002,18,DHI,D R HORTON INC,77661,789.51465,0.9948779752937632,3319
201002,19,SIRI,SIRIUS X M HOLDINGS INC NEW,80924,787.8312,0.994576679722808,3319
201002,20,CAL,CONTINENTAL AIRLINES INC,79641,783.8782,0.994275384151853,3319
201002,21,CECO,PERDOCEO EDUCATION CORP,85724,781.5922,0.9939740885808979,3319
201002,22,MBI,M B I A INC,75175,781.34625,0.9936727930099427,3319
201002,23,HUN,HUNTSMAN CORP,90558,780.12195,0.9933714974389877,3319
201002,24,AKAM,AKAMAI TECHNOLOGIES INC,87299,778.93567,0.9930702018680325,3319
201002,25,SHLD,SEARS HOLDINGS CORP,89757,778.3955,0.9927689062970775,3319
201003,1,LVS,LAS VEGAS SANDS CORP,90505,923.8313,1.0,3788
201003,2,SQNM,SEQUENOM INC,87632,907.26373,0.9997360084477297,3788
201003,3,WYNN,WYNN RESORTS LTD,89533,873.80536,0.9994720168954594,3788
201003,4,AIG,AMERICAN INTERNATIONAL GROUP INC,66800,870.6939,0.999208025343189,3788
201003,5,MGM,M G M RESORTS INTERNATIONAL,11891,869.94275,0.9989440337909187,3788
201003,6,WNR,WESTERN REFINING INC,91073,855.24445,0.9986800422386484,3788
201003,7,CROX,CROCS INC,91090,848.6004,0.9984160506863781,3788
201003,8,BIDU,BAIDU INC,90857,838.8979,0.9981520591341078,3788
201003,9,AMZN,AMAZON COM INC,84788,835.1968,0.9978880675818373,3788
201003,10,PCX,PATRIOT COAL CORP,92346,835.133,0.997624076029567,3788
201003,11,F,FORD MOTOR CO DEL,25785,830.99493,0.9973600844772967,3788
201003,12,MBI,M B I A INC,75175,827.3536,0.9970960929250264,3788
201003,13,FSLR,FIRST SOLAR INC,91611,824.2007,0.996832101372756,3788
201003,14,MTG,M G I C INVESTMENT CORP WIS,76804,822.97076,0.9965681098204857,3788
201003,15,GNW,GENWORTH FINANCIAL INC,90162,818.1244,0.9963041182682154,3788
201003,16,UAUA,UNITED AIRLINES HOLDINGS INC,91103,817.5992,0.9960401267159451,3788
201003,17,X,UNITED STATES STEEL CORP NEW,76644,817.2561,0.9957761351636748,3788
201003,18,POT,NUTRIEN LTD,75844,811.5097,0.9955121436114044,3788
201003,19,PCLN,BOOKING HOLDINGS INC,86783,811.25793,0.9952481520591341,3788
201003,20,GMCR,KEURIG GREEN MOUNTAIN INC,79588,809.15686,0.9949841605068638,3788
201003,21,AMR,AMERICAN AIRLINES GROUP INC,21020,806.6946,0.9947201689545935,3788
201003,22,CNO,C N O FINANCIAL GROUP INC,89841,802.65753,0.9944561774023232,3788
201003,23,FCX,FREEPORT MCMORAN INC,81774,800.2565,0.9941921858500528,3788
201003,24,C,CITIGROUP INC,70519,799.84753,0.9939281942977825,3788
201003,25,CLNE,CLEAN ENERGY FUELS CORP,92035,799.66455,0.9936642027455121,3788
201004,1,ABK,AMBAC FINANCIAL GROUP INC,76757,922.97845,1.0,3347
201004,2,MBI,M B I A INC,75175,891.36096,0.9997012249775918,3347
201004,3,PALM,PALM INC,87800,888.9867,0.9994024499551838,3347
201004,4,FSLR,FIRST SOLAR INC,91611,886.62524,0.9991036749327756,3347
201004,5,MGM,M G M RESORTS INTERNATIONAL,11891,875.55743,0.9988048999103675,3347
201004,6,AIG,AMERICAN INTERNATIONAL GROUP INC,66800,874.54297,0.9985061248879593,3347
201004,7,LVS,LAS VEGAS SANDS CORP,90505,874.0596,0.9982073498655513,3347
201004,8,BIDU,BAIDU INC,90857,864.4387,0.9979085748431431,3347
201004,9,STEC,S T E C INC,88646,859.55927,0.9976097998207349,3347
201004,10,LEAP,LEAP WIRELESS INTL INC,90733,834.2396,0.9973110247983269,3347
201004,11,NFLX,NETFLIX INC,89393,829.9361,0.9970122497759187,3347
201004,12,WYNN,WYNN RESORTS LTD,89533,829.65076,0.9967134747535106,3347
201004,13,PMI,P M I GROUP INC,81530,824.9377,0.9964146997311025,3347
201004,14,UAUA,UNITED AIRLINES HOLDINGS INC,91103,824.1882,0.9961159247086944,3347
201004,15,CROX,CROCS INC,91090,818.53564,0.9958171496862862,3347
201004,16,DNDN,DENDREON CORP,88335,817.09045,0.995518374663878,3347
201004,17,ERIC,ERICSSON,33452,815.3701,0.99521959964147,3347
201004,18,CIEN,CIENA CORP,84519,814.08624,0.9949208246190618,3347
201004,19,RF,REGIONS FINANCIAL CORP NEW,35044,812.4332,0.9946220495966537,3347
201004,20,SNDK,SANDISK CORP,82618,809.9602,0.9943232745742456,3347
201004,21,BPOP,POPULAR INC,16505,804.9157,0.9940244995518375,3347
201004,22,GME,GAMESTOP CORP NEW,89301,804.8299,0.9937257245294293,3347
201004,23,VALE,VALE S A,89330,803.26917,0.9934269495070213,3347
201004,24,PCLN,BOOKING HOLDINGS INC,86783,799.4924,0.9931281744846131,3347
201004,25,NVDA,NVIDIA CORP,86580,799.3321,0.9928293994622049,3347
201005,1,LVS,LAS VEGAS SANDS CORP,90505,913.29205,1.0,3844
201005,2,NFLX,NETFLIX INC,89393,907.3424,0.9997398543184183,3844
201005,3,AIG,AMERICAN INTERNATIONAL GROUP INC,66800,891.0955,0.9994797086368367,3844
201005,4,WYNN,WYNN RESORTS LTD,89533,879.6541,0.9992195629552549,3844
201005,5,SNDK,SANDISK CORP,82618,875.61566,0.9989594172736732,3844
201005,6,PCS,T MOBILE U S INC,91937,873.9074,0.9986992715920916,3844
201005,7,CME,C M E GROUP INC,89626,866.7335,0.9984391259105099,3844
201005,8,S,SPRINT NEXTEL CORP,39087,864.1992,0.9981789802289281,3844
201005,9,AAPL,APPLE INC,14593,856.5097,0.9979188345473465,3844
201005,10,FSLR,FIRST SOLAR INC,91611,854.1831,0.9976586888657648,3844
201005,11,AKAM,AKAMAI TECHNOLOGIES INC,87299,853.4587,0.9973985431841832,3844
201005,12,LEAP,LEAP WIRELESS INTL INC,90733,851.2282,0.9971383975026015,3844
201005,13,LCC,U S AIRWAYS GROUP INC NEW,90893,849.0473,0.9968782518210197,3844
201005,14,MGM,M G M RESORTS INTERNATIONAL,11891,842.1854,0.9966181061394381,3844
201005,15,VMW,VMWARE INC,92257,842.0474,0.9963579604578564,3844
201005,16,FCX,FREEPORT MCMORAN INC,81774,841.90314,0.9960978147762747,3844
201005,17,MBI,M B I A INC,75175,841.0113,0.9958376690946931,3844
201005,18,PCX,PATRIOT COAL CORP,92346,840.4077,0.9955775234131113,3844
201005,19,CIT,C I T GROUP INC NEW,93150,832.6939,0.9953173777315296,3844
201005,20,BIDU,BAIDU INC,90857,829.9028,0.995057232049948,3844
201005,21,CRM,SALESFORCE INC,90215,822.97375,0.9947970863683663,3844
201005,22,ISRG,INTUITIVE SURGICAL INC,88352,821.263,0.9945369406867846,3844
201005,23,X,UNITED STATES STEEL CORP NEW,76644,820.1599,0.9942767950052029,3844
201005,24,AKS,A K STEEL HOLDING CORP,80303,816.18506,0.9940166493236212,3844
201005,25,SHLD,SEARS HOLDINGS CORP,89757,815.6561,0.9937565036420395,3844
201006,1,FSLR,FIRST SOLAR INC,91611,896.83954,1.0,3844
201006,2,NFLX,NETFLIX INC,89393,874.2413,0.9997398543184183,3844
201006,3,AIG,AMERICAN INTERNATIONAL GROUP INC,66800,871.65265,0.9994797086368367,3844
201006,4,LCC,U S AIRWAYS GROUP INC NEW,90893,864.2251,0.9992195629552549,3844
201006,5,LVS,LAS VEGAS SANDS CORP,90505,849.8219,0.9989594172736732,3844
201006,6,STEC,S T E C INC,88646,843.7824,0.9986992715920916,3844
201006,7,CME,C M E GROUP INC,89626,835.9593,0.9984391259105099,3844
201006,8,UAUA,UNITED AIRLINES HOLDINGS INC,91103,825.707,0.9981789802289281,3844
201006,9,SNDK,SANDISK CORP,82618,822.63824,0.9979188345473465,3844
201006,10,CRUS,CIRRUS LOGIC INC,75603,821.86414,0.9976586888657648,3844
201006,11,S,SPRINT NEXTEL CORP,39087,817.3391,0.9973985431841832,3844
201006,12,VMW,VMWARE INC,92257,817.24396,0.9971383975026015,3844
201006,13,AAPL,APPLE INC,14593,817.12317,0.9968782518210197,3844
201006,14,ME,MARINER ENERGY INC,91116,816.07837,0.9966181061394381,3844
201006,15,MDVN,MEDIVATION INC,91141,814.3406,0.9963579604578564,3844
201006,16,AONE,A123 SYSTEMS INC,93037,807.944,0.9960978147762747,3844
201006,17,CMG,CHIPOTLE MEXICAN GRILL INC,91068,806.102,0.9958376690946931,3844
201006,18,AKAM,AKAMAI TECHNOLOGIES INC,87299,803.106,0.9955775234131113,3844
201006,19,WYNN,WYNN RESORTS LTD,89533,800.9555,0.9953173777315296,3844
201006,20,CRM,SALESFORCE INC,90215,796.2568,0.995057232049948,3844
201006,21,FCX,FREEPORT MCMORAN INC,81774,795.2971,0.9947970863683663,3844
201006,22,AMD,ADVANCED MICRO DEVICES INC,61241,794.5237,0.9945369406867846,3844
201006,23,V,VISA INC,92611,794.1695,0.9942767950052029,3844
201006,24,AMLN,AMYLIN PHARMACEUTICALS INC,77264,793.9908,0.9940166493236212,3844
201006,25,SIRI,SIRIUS X M HOLDINGS INC NEW,80924,792.68677,0.9937565036420395,3844
201007,1,STEC,S T E C INC,88646,864.5265,1.0,3373
201007,2,LVS,LAS VEGAS SANDS CORP,90505,845.32904,0.9997035280166024,3373
201007,3,POT,NUTRIEN LTD,75844,827.34985,0.9994070560332049,3373
201007,4,AIG,AMERICAN INTERNATIONAL GROUP INC,66800,823.7609,0.9991105840498073,3373
201007,5,AMD,ADVANCED MICRO DEVICES INC,61241,822.3235,0.9988141120664097,3373
201007,6,BP,B P PLC,29890,817.6927,0.9985176400830121,3373
201007,7,NTAP,NETAPP INC,82598,815.669,0.9982211680996146,3373
201007,8,FSLR,FIRST SOLAR INC,91611,812.67487,0.997924696116217,3373
201007,9,NFLX,NETFLIX INC,89393,811.57446,0.9976282241328195,3373
201007,10,JBLU,JETBLUE AIRWAYS CORP,89353,811.53015,0.9973317521494219,3373
201007,11,MOS,MOSAIC CO NEW,90386,810.3817,0.9970352801660243,3373
201007,12,GS,GOLDMAN SACHS GROUP INC,86868,810.29846,0.9967388081826267,3373
201007,13,PCLN,BOOKING HOLDINGS INC,86783,809.7253,0.9964423361992292,3373
201007,14,VMW,VMWARE INC,92257,809.1547,0.9961458642158316,3373
201007,15,AMZN,AMAZON COM INC,84788,806.8784,0.9958493922324341,3373
201007,16,MON,MONSANTO CO NEW,88668,804.9294,0.9955529202490365,3373
201007,17,ARNA,ARENA PHARMACEUTICALS INC,88421,803.9082,0.9952564482656389,3373
201007,18,FCX,FREEPORT MCMORAN INC,81774,803.3189,0.9949599762822413,3373
201007,19,NOK,NOKIA CORP,87128,799.4806,0.9946635042988438,3373
201007,20,BIDU,BAIDU INC,90857,798.0595,0.9943670323154462,3373
201007,21,LCC,U S AIRWAYS GROUP INC NEW,90893,796.49207,0.9940705603320487,3373
201007,22,SNDK,SANDISK CORP,82618,793.8543,0.9937740883486511,3373
201007,23,COF,CAPITAL ONE FINANCIAL CORP,81055,789.5092,0.9934776163652534,3373
201007,24,GENZ,GENZYME CORP,10324,787.2203,0.9931811443818559,3373
201007,25,STI,SUNTRUST BANKS INC,68144,784.0842,0.9928846723984583,3373
201008,1,NFLX,NETFLIX INC,89393,855.72375,1.0,3382
201008,2,CRM,SALESFORCE INC,90215,854.36505,0.9997043169722057,3382
201008,3,MBI,M B I A INC,75175,846.80566,0.9994086339444116,3382
201008,4,LVS,LAS VEGAS SANDS CORP,90505,829.9646,0.9991129509166173,3382
201008,5,PCLN,BOOKING HOLDINGS INC,86783,828.52106,0.9988172678888232,3382
201008,6,MOS,MOSAIC CO NEW,90386,825.7112,0.9985215848610289,3382
201008,7,HBC,H S B C HOLDINGS PLC,87033,825.01917,0.9982259018332348,3382
201008,8,AMZN,AMAZON COM INC,84788,822.3732,0.9979302188054405,3382
201008,9,AKAM,AKAMAI TECHNOLOGIES INC,87299,822.0427,0.9976345357776464,3382
201008,10,RIG,TRANSOCEAN LTD,79237,816.4053,0.9973388527498521,3382
201008,11,POT,NUTRIEN LTD,75844,815.5035,0.997043169722058,3382
201008,12,SKS,SAKS INC,11382,810.84454,0.9967474866942637,3382
201008,13,CF,C F INDUSTRIES HOLDINGS INC,90829,808.9305,0.9964518036664696,3382
201008,14,PTV,PACTIV CORP,87292,803.17267,0.9961561206386753,3382
201008,15,FSLR,FIRST SOLAR INC,91611,802.30457,0.9958604376108812,3382
201008,16,MRVL,MARVELL TECHNOLOGY INC,88360,800.12225,0.9955647545830869,3382
201008,17,ADM,ARCHER DANIELS MIDLAND CO,10516,799.9981,0.9952690715552928,3382
201008,18,WFR,SUNEDISON INC,81776,795.8811,0.9949733885274985,3382
201008,19,AEO,AMERICAN EAGLE OUTFITTERS INC NE,80432,795.5588,0.9946777054997044,3382
201008,20,X,UNITED STATES STEEL CORP NEW,76644,795.1909,0.9943820224719101,3382
201008,21,COCO,CORINTHIAN COLLEGES INC,86715,794.83624,0.994086339444116,3382
201008,22,APOL,APOLLO EDUCATION GROUP INC,81138,788.96014,0.9937906564163217,3382
201008,23,NVDA,NVIDIA CORP,86580,788.5839,0.9934949733885275,3382
201008,24,F,FORD MOTOR CO DEL,25785,787.8349,0.9931992903607333,3382
201008,25,ANF,ABERCROMBIE & FITCH CO,83976,787.70825,0.9929036073329391,3382
201009,1,AMZN,AMAZON COM INC,84788,929.35974,1.0,3831
201009,2,NFLX,NETFLIX INC,89393,928.2537,0.9997389715478987,3831
201009,3,LVS,LAS VEGAS SANDS CORP,90505,894.1918,0.9994779430957974,3831
201009,4,FSLR,FIRST SOLAR INC,91611,886.8742,0.9992169146436961,3831
201009,5,COCO,CORINTHIAN COLLEGES INC,86715,882.07056,0.9989558861915949,3831
201009,6,SVNT,SAVIENT PHARMACEUTICALS INC,18033,867.3449,0.9986948577394936,3831
201009,7,HUN,HUNTSMAN CORP,90558,864.127,0.9984338292873923,3831
201009,8,PCLN,BOOKING HOLDINGS INC,86783,862.44653,0.998172800835291,3831
201009,9,GOOG,ALPHABET INC,90319,861.8948,0.9979117723831897,3831
201009,10,MGM,M G M RESORTS INTERNATIONAL,11891,861.15106,0.9976507439310884,3831
201009,11,MMR,MCMORAN EXPLORATION CO NEW,80557,860.03687,0.9973897154789872,3831
201009,12,CRM,SALESFORCE INC,90215,852.87463,0.997128687026886,3831
201009,13,MBI,M B I A INC,75175,850.1585,0.9968676585747847,3831
201009,14,ATPG,A T P OIL & GAS CORP,88906,847.523,0.9966066301226834,3831
201009,15,BBY,BEST BUY COMPANY INC,85914,844.7637,0.9963456016705821,3831
201009,16,RVBD,RIVERBED TECHNOLOGY INC,91485,843.3707,0.9960845732184808,3831
201009,17,CML,COMPELLENT TECHNOLOGIES INC,92330,842.73065,0.9958235447663796,3831
201009,18,FFIV,F 5 INC,86964,841.3083,0.9955625163142783,3831
201009,19,FCX,FREEPORT MCMORAN INC,81774,840.1034,0.995301487862177,3831
201009,20,ARUN,ARUBA NETWORKS INC,91888,835.3918,0.9950404594100757,3831
201009,21,STEC,S T E C INC,88646,834.4603,0.9947794309579744,3831
201009,22,AAPL,APPLE INC,14593,833.86957,0.9945184025058731,3831
201009,23,AIG,AMERICAN INTERNATIONAL GROUP INC,66800,833.30023,0.9942573740537719,3831
201009,24,VMW,VMWARE INC,92257,830.5789,0.9939963456016706,3831
201009,25,X,UNITED STATES STEEL CORP NEW,76644,828.2374,0.9937353171495693,3831
201010,1,NFLX,NETFLIX INC,89393,954.9688,1.0,3854
201010,2,GOOG,ALPHABET INC,90319,924.20953,0.9997405293201869,3854
201010,3,AMZN,AMAZON COM INC,84788,911.61475,0.9994810586403736,3854
201010,4,LVS,LAS VEGAS SANDS CORP,90505,906.7604,0.9992215879605605,3854
201010,5,CRM,SALESFORCE INC,90215,888.81696,0.9989621172807472,3854
201010,6,WYNN,WYNN RESORTS LTD,89533,880.1687,0.9987026466009341,3854
201010,7,FCX,FREEPORT MCMORAN INC,81774,880.0236,0.9984431759211209,3854
201010,8,YHOO,YAHOO INC,83435,876.8824,0.9981837052413077,3854
201010,9,ATPG,A T P OIL & GAS CORP,88906,871.34784,0.9979242345614946,3854
201010,10,MGM,M G M RESORTS INTERNATIONAL,11891,871.10657,0.9976647638816813,3854
201010,11,LCC,U S AIRWAYS GROUP INC NEW,90893,868.368,0.9974052932018682,3854
201010,12,STEC,S T E C INC,88646,867.0669,0.997145822522055,3854
201010,13,PCLN,BOOKING HOLDINGS INC,86783,866.9281,0.9968863518422418,3854
201010,14,MOS,MOSAIC CO NEW,90386,862.4598,0.9966268811624286,3854
201010,15,RVBD,RIVERBED TECHNOLOGY INC,91485,860.5575,0.9963674104826155,3854
201010,16,MBI,M B I A INC,75175,860.4335,0.9961079398028023,3854
201010,17,MMR,MCMORAN EXPLORATION CO NEW,80557,856.3369,0.9958484691229891,3854
201010,18,PCX,PATRIOT COAL CORP,92346,846.8714,0.9955889984431759,3854
201010,19,WFR,SUNEDISON INC,81776,846.7802,0.9953295277633627,3854
201010,20,AAPL,APPLE INC,14593,846.5865,0.9950700570835496,3854
201010,21,FSLR,FIRST SOLAR INC,91611,843.04395,0.9948105864037364,3854
201010,22,AKAM,AKAMAI TECHNOLOGIES INC,87299,840.9152,0.9945511157239232,3854
201010,23,LDK,L D K SOLAR CO LTD,92126,836.3257,0.99429164504411,3854
201010,24,ARUN,ARUBA NETWORKS INC,91888,835.86206,0.9940321743642968,3854
201010,25,CML,COMPELLENT TECHNOLOGIES INC,92330,830.4962,0.9937727036844837,3854
201011,1,NFLX,NETFLIX INC,89393,962.0371,1.0,3851
201011,2,CRM,SALESFORCE INC,90215,937.3547,0.9997403271877434,3851
201011,3,PCX,PATRIOT COAL CORP,92346,915.7927,0.9994806543754868,3851
201011,4,AMZN,AMAZON COM INC,84788,888.7052,0.9992209815632304,3851
201011,5,TSLA,TESLA INC,93436,876.80865,0.9989613087509738,3851
201011,6,CMG,CHIPOTLE MEXICAN GRILL INC,91068,875.082,0.9987016359387172,3851
201011,7,LVS,LAS VEGAS SANDS CORP,90505,868.5334,0.9984419631264606,3851
201011,8,F,FORD MOTOR CO DEL,25785,867.32745,0.9981822903142041,3851
201011,9,SNDK,SANDISK CORP,82618,865.42737,0.9979226175019476,3851
201011,10,GOOG,ALPHABET INC,90319,864.99506,0.997662944689691,3851
201011,11,MGM,M G M RESORTS INTERNATIONAL,11891,860.94165,0.9974032718774344,3851
201011,12,CREE,WOLFSPEED INC NEW,78875,858.4965,0.9971435990651779,3851
201011,13,FFIV,F 5 INC,86964,857.3109,0.9968839262529213,3851
201011,14,FCX,FREEPORT MCMORAN INC,81774,854.7862,0.9966242534406647,3851
201011,15,YHOO,YAHOO INC,83435,851.61206,0.9963645806284082,3851
201011,16,AAPL,APPLE INC,14593,841.7109,0.9961049078161517,3851
201011,17,CHS,CHICOS FAS INC,78963,841.4995,0.9958452350038951,3851
201011,18,MCP,MOLYCORP INC DE,11999,841.3817,0.9955855621916385,3851
201011,19,ANF,ABERCROMBIE & FITCH CO,83976,840.8802,0.9953258893793819,3851
201011,20,X,UNITED STATES STEEL CORP NEW,76644,837.7647,0.9950662165671255,3851
201011,21,LULU,LULULEMON ATHLETICA INC,92203,836.0729,0.9948065437548689,3851
201011,22,JCG,J CREW GROUP INC,91302,835.061,0.9945468709426123,3851
201011,23,RVBD,RIVERBED TECHNOLOGY INC,91485,833.98505,0.9942871981303557,3851
201011,24,OPEN,OPENTABLE INC,92934,833.0174,0.9940275253180992,3851
201011,25,RIMM,BLACKBERRY LTD,86745,832.3883,0.9937678525058427,3851
201012,1,MCP,MOLYCORP INC DE,11999,902.8966,1.0,3840
201012,2,NFLX,NETFLIX INC,89393,892.36316,0.9997395833333333,3840
201012,3,MGM,M G M RESORTS INTERNATIONAL,11891,881.43805,0.9994791666666667,3840
201012,4,LULU,LULULEMON ATHLETICA INC,92203,879.5885,0.99921875,3840
201012,5,AIG,AMERICAN INTERNATIONAL GROUP INC,66800,876.39026,0.9989583333333333,3840
201012,6,AKS,A K STEEL HOLDING CORP,80303,873.81866,0.9986979166666666,3840
201012,7,PCX,PATRIOT COAL CORP,92346,871.85974,0.9984375,3840
201012,8,GOOG,ALPHABET INC,90319,866.23267,0.9981770833333333,3840
201012,9,FFIV,F 5 INC,86964,863.9258,0.9979166666666667,3840
201012,10,X,UNITED STATES STEEL CORP NEW,76644,858.2735,0.99765625,3840
201012,11,EK,EASTMAN KODAK CO,11754,856.61774,0.9973958333333334,3840
201012,12,LVS,LAS VEGAS SANDS CORP,90505,855.97437,0.9971354166666667,3840
201012,13,CRM,SALESFORCE INC,90215,854.1133,0.996875,3840
201012,14,COCO,CORINTHIAN COLLEGES INC,86715,842.5967,0.9966145833333333,3840
201012,15,V,VISA INC,92611,837.92993,0.9963541666666667,3840
201012,16,ATPG,A T P OIL & GAS CORP,88906,832.6786,0.99609375,3840
201012,17,AMZN,AMAZON COM INC,84788,831.5449,0.9958333333333333,3840
201012,18,OXPS,OPTIONSXPRESS HOLDINGS INC,90541,829.7928,0.9955729166666667,3840
201012,19,MBI,M B I A INC,75175,829.51013,0.9953125,3840
201012,20,HL,HECLA MINING CO,32651,826.8783,0.9950520833333333,3840
201012,21,CME,C M E GROUP INC,89626,826.3811,0.9947916666666666,3840
201012,22,WYNN,WYNN RESORTS LTD,89533,821.73987,0.99453125,3840
201012,23,FCX,FREEPORT MCMORAN INC,81774,821.2012,0.9942708333333333,3840
201012,24,MOS,MOSAIC CO NEW,90386,819.4553,0.9940104166666667,3840
201012,25,MIPS,M I P S TECHNOLOGIES INC,86180,818.533,0.99375,3840
201101,1,NFLX,NETFLIX INC,89393,956.7393,1.0,3860
201101,2,MCP,MOLYCORP INC DE,11999,901.9782,0.9997409326424871,3860
201101,3,NVDA,NVIDIA CORP,86580,899.2289,0.9994818652849741,3860
201101,4,PCX,PATRIOT COAL CORP,92346,882.55237,0.9992227979274612,3860
201101,5,ISRG,INTUITIVE SURGICAL INC,88352,880.3347,0.9989637305699481,3860
201101,6,MU,MICRON TECHNOLOGY INC,53613,876.46844,0.9987046632124352,3860
201101,7,MGM,M G M RESORTS INTERNATIONAL,11891,864.6554,0.9984455958549223,3860
201101,8,MEE,MASSEY ENERGY CO,26382,855.62335,0.9981865284974093,3860
201101,9,CRM,SALESFORCE INC,90215,847.82904,0.9979274611398964,3860
201101,10,PCLN,BOOKING HOLDINGS INC,86783,844.6571,0.9976683937823834,3860
201101,11,GOOG,ALPHABET INC,90319,844.5745,0.9974093264248705,3860
201101,12,X,UNITED STATES STEEL CORP NEW,76644,839.279,0.9971502590673575,3860
201101,13,LVS,LAS VEGAS SANDS CORP,90505,836.18036,0.9968911917098445,3860
201101,14,FSLR,FIRST SOLAR INC,91611,836.0052,0.9966321243523316,3860
201101,15,AMD,ADVANCED MICRO DEVICES INC,61241,834.11426,0.9963730569948187,3860
201101,16,AIG,AMERICAN INTERNATIONAL GROUP INC,66800,831.2736,0.9961139896373057,3860
201101,17,SI,SIEMENS A G,88935,830.5095,0.9958549222797928,3860
201101,18,LEN,LENNAR CORP,52708,829.9592,0.9955958549222798,3860
201101,19,COCO,CORINTHIAN COLLEGES INC,86715,828.64124,0.9953367875647668,3860
201101,20,SD,SANDRIDGE ENERGY INC,92421,828.4046,0.9950777202072539,3860
201101,21,OPEN,OPENTABLE INC,92934,826.8692,0.9948186528497409,3860
201101,22,LULU,LULULEMON ATHLETICA INC,92203,824.87244,0.994559585492228,3860
201101,23,AKS,A K STEEL HOLDING CORP,80303,821.7726,0.994300518134715,3860
201101,24,MOS,MOSAIC CO NEW,90386,821.6476,0.9940414507772021,3860
201101,25,ARMH,A R M HOLDINGS PLC,85961,821.5174,0.9937823834196892,3860
201102,1,NVDA,NVIDIA CORP,86580,899.91345,1.0,3879
201102,2,MCP,MOLYCORP INC DE,11999,898.24646,0.9997422015983501,3879
201102,3,SD,SANDRIDGE ENERGY INC,92421,891.7942,0.9994844031967002,3879
201102,4,NFLX,NETFLIX INC,89393,889.3354,0.9992266047950503,3879
201102,5,AMD,ADVANCED MICRO DEVICES INC,61241,873.4345,0.9989688063934004,3879
201102,6,SPWRA,SUNPOWER CORP,90978,873.06757,0.9987110079917505,3879
201102,7,DF,DEAN FOODS CO NEW,83421,870.1513,0.9984532095901005,3879
201102,8,JDSU,VIAVI SOLUTIONS INC,79879,869.1805,0.9981954111884507,3879
201102,9,ARUN,ARUBA NETWORKS INC,91888,866.21985,0.9979376127868007,3879
201102,10,DELL,DELL INC,11081,853.44165,0.9976798143851509,3879
201102,11,APKT,ACME PACKET INC,91493,849.54065,0.9974220159835009,3879
201102,12,LNG,CHENIERE ENERGY INC,84723,848.6917,0.997164217581851,3879
201102,13,VG,VONAGE HOLDINGS CORP,91237,842.61743,0.9969064191802011,3879
201102,14,BRCD,BROCADE COMMUNICATIONS SYS INC,86881,841.31537,0.9966486207785512,3879
201102,15,ADM,ARCHER DANIELS MIDLAND CO,10516,837.50635,0.9963908223769012,3879
201102,16,MU,MICRON TECHNOLOGY INC,53613,833.66534,0.9961330239752514,3879
201102,17,WNR,WESTERN REFINING INC,91073,831.80084,0.9958752255736014,3879
201102,18,PCX,PATRIOT COAL CORP,92346,831.5683,0.9956174271719516,3879
201102,19,NYX,N Y S E EURONEXT,91143,831.2982,0.9953596287703016,3879
201102,20,EXEL,EXELIXIS INC,88159,827.7937,0.9951018303686517,3879
201102,21,CMG,CHIPOTLE MEXICAN GRILL INC,91068,826.4266,0.9948440319670018,3879
201102,22,DO,DIAMOND OFFSHORE DRILLING INC,82298,825.9836,0.9945862335653519,3879
201102,23,ATPG,A T P OIL & GAS CORP,88906,825.3229,0.994328435163702,3879
201102,24,WTW,W W INTERNATIONAL INC,89244,824.3293,0.9940706367620521,3879
201102,25,MGM,M G M RESORTS INTERNATIONAL,11891,823.21594,0.9938128383604021,3879
201103,1,NFLX,NETFLIX INC,89393,944.76086,1.0,3897
201103,2,MCP,MOLYCORP INC DE,11999,941.6139,0.9997433923530922,3897
201103,3,NVDA,NVIDIA CORP,86580,925.5589,0.9994867847061842,3897
201103,4,LULU,LULULEMON ATHLETICA INC,92203,888.37195,0.9992301770592764,3897
201103,5,PCX,PATRIOT COAL CORP,92346,877.59625,0.9989735694123685,3897
201103,6,FSLR,FIRST SOLAR INC,91611,876.9422,0.9987169617654607,3897
201103,7,LO,LORILLARD INC,17279,870.9174,0.9984603541185527,3897
201103,8,TSLA,TESLA INC,93436,858.9227,0.9982037464716449,3897
201103,9,SD,SANDRIDGE ENERGY INC,92421,858.76917,0.997947138824737,3897
201103,10,CLNE,CLEAN ENERGY FUELS CORP,92035,850.2902,0.9976905311778291,3897
201103,11,HGSI,HUMAN GENOME SCIENCES INC,79977,845.3523,0.9974339235309212,3897
201103,12,CMG,CHIPOTLE MEXICAN GRILL INC,91068,843.24963,0.9971773158840134,3897
201103,13,MEE,MASSEY ENERGY CO,26382,840.1083,0.9969207082371054,3897
201103,14,NYX,N Y S E EURONEXT,91143,839.43274,0.9966641005901976,3897
201103,15,GMCR,KEURIG GREEN MOUNTAIN INC,79588,837.5,0.9964074929432897,3897
201103,16,CRM,SALESFORCE INC,90215,836.8488,0.9961508852963818,3897
201103,17,ATPG,A T P OIL & GAS CORP,88906,833.82513,0.9958942776494739,3897
201103,18,MU,MICRON TECHNOLOGY INC,53613,828.71375,0.9956376700025661,3897
201103,19,LDK,L D K SOLAR CO LTD,92126,823.65125,0.9953810623556582,3897
201103,20,AMZN,AMAZON COM INC,84788,821.90955,0.9951244547087503,3897
201103,21,X,UNITED STATES STEEL CORP NEW,76644,820.39594,0.9948678470618424,3897
201103,22,ARUN,ARUBA NETWORKS INC,91888,819.213,0.9946112394149346,3897
201103,23,V,VISA INC,92611,819.1569,0.9943546317680267,3897
201103,24,APKT,ACME PACKET INC,91493,818.4553,0.9940980241211188,3897
201103,25,ICO,INTERNATIONAL COAL GROUP INC,90994,817.6199,0.993841416474211,3897
201104,1,MCP,MOLYCORP INC DE,11999,935.1825,1.0,3928
201104,2,NVDA,NVIDIA CORP,86580,893.2884,0.9997454175152749,3928
201104,3,NFLX,NETFLIX INC,89393,866.5849,0.9994908350305499,3928
201104,4,AMZN,AMAZON COM INC,84788,865.9596,0.9992362525458248,3928
201104,5,ERIC,ERICSSON,33452,865.39734,0.9989816700610998,3928
201104,6,DNDN,DENDREON CORP,88335,863.59467,0.9987270875763747,3928
201104,7,MGM,M G M RESORTS INTERNATIONAL,11891,859.2405,0.9984725050916496,3928
201104,8,PCLN,BOOKING HOLDINGS INC,86783,855.96844,0.9982179226069247,3928
201104,9,CRM,SALESFORCE INC,90215,854.5453,0.9979633401221996,3928
201104,10,ARUN,ARUBA NETWORKS INC,91888,851.0163,0.9977087576374746,3928
201104,11,SVU,SUPERVALU INC,44951,850.7744,0.9974541751527495,3928
201104,12,SD,SANDRIDGE ENERGY INC,92421,849.79315,0.9971995926680245,3928
201104,13,SOHU,SOHU COM INC,19675,846.48145,0.9969450101832994,3928
201104,14,GME,GAMESTOP CORP NEW,89301,843.988,0.9966904276985743,3928
201104,15,REE,RARE ELEMENT RESOURCES LTD,12057,843.964,0.9964358452138493,3928
201104,16,WYNN,WYNN RESORTS LTD,89533,842.9123,0.9961812627291242,3928
201104,17,TSLA,TESLA INC,93436,835.6619,0.9959266802443992,3928
201104,18,DAL,DELTA AIR LINES INC,91926,831.7456,0.9956720977596741,3928
201104,19,FSLR,FIRST SOLAR INC,91611,828.10913,0.995417515274949,3928
201104,20,CLNE,CLEAN ENERGY FUELS CORP,92035,827.1353,0.995162932790224,3928
201104,21,LULU,LULULEMON ATHLETICA INC,92203,826.861,0.994908350305499,3928
201104,22,LVS,LAS VEGAS SANDS CORP,90505,825.25793,0.994653767820774,3928
201104,23,HUN,HUNTSMAN CORP,90558,824.438,0.9943991853360489,3928
201104,24,BIIB,BIOGEN INC,76841,824.3987,0.9941446028513238,3928
201104,25,VMW,VMWARE INC,92257,822.2105,0.9938900203665988,3928
201105,1,MCP,MOLYCORP INC DE,11999,917.13354,1.0,3922
201105,2,NFLX,NETFLIX INC,89393,906.09375,0.9997450280469148,3922
201105,3,CRM,SALESFORCE INC,90215,896.97784,0.9994900560938297,3922
201105,4,MGM,M G M RESORTS INTERNATIONAL,11891,893.34015,0.9992350841407445,3922
201105,5,NVDA,NVIDIA CORP,86580,872.8209,0.9989801121876594,3922
201105,6,AMZN,AMAZON COM INC,84788,849.47235,0.9987251402345741,3922
201105,7,CF,C F INDUSTRIES HOLDINGS INC,90829,847.1766,0.998470168281489,3922
201105,8,LCC,U S AIRWAYS GROUP INC NEW,90893,838.562,0.9982151963284038,3922
201105,9,X,UNITED STATES STEEL CORP NEW,76644,837.55133,0.9979602243753187,3922
201105,10,V,VISA INC,92611,836.8426,0.9977052524222335,3922
201105,11,GME,GAMESTOP CORP NEW,89301,834.2469,0.9974502804691484,3922
201105,12,CMG,CHIPOTLE MEXICAN GRILL INC,91068,827.3996,0.9971953085160632,3922
201105,13,PCX,PATRIOT COAL CORP,92346,826.39935,0.9969403365629781,3922
201105,14,MAKO,MAKO SURGICAL CORP,92558,826.36774,0.9966853646098929,3922
201105,15,PCLN,BOOKING HOLDINGS INC,86783,822.933,0.9964303926568078,3922
201105,16,SD,SANDRIDGE ENERGY INC,92421,822.859,0.9961754207037226,3922
201105,17,MPEL,MELCO RESORT & ENTERTAINMENT LTD,91673,822.5056,0.9959204487506375,3922
201105,18,WINN,WINN DIXIE STORES INC,91624,816.78754,0.9956654767975522,3922
201105,19,BRCD,BROCADE COMMUNICATIONS SYS INC,86881,815.805,0.9954105048444671,3922
201105,20,WNR,WESTERN REFINING INC,91073,815.4161,0.9951555328913819,3922
201105,21,AKAM,AKAMAI TECHNOLOGIES INC,87299,813.6265,0.9949005609382968,3922
201105,22,EK,EASTMAN KODAK CO,11754,811.9582,0.9946455889852116,3922
201105,23,TSLA,TESLA INC,93436,810.238,0.9943906170321265,3922
201105,24,LNG,CHENIERE ENERGY INC,84723,809.42816,0.9941356450790413,3922
201105,25,SODA,SODASTREAM INTERNATIONAL LTD,12405,809.4163,0.9938806731259562,3922
201106,1,NFLX,NETFLIX INC,89393,888.89056,1.0,3908
201106,2,MCP,MOLYCORP INC DE,11999,886.4904,0.9997441146366428,3908
201106,3,V,VISA INC,92611,882.2748,0.9994882292732856,3908
201106,4,LULU,LULULEMON ATHLETICA INC,92203,847.1201,0.9992323439099283,3908
201106,5,CMG,CHIPOTLE MEXICAN GRILL INC,91068,846.2015,0.9989764585465711,3908
201106,6,LCC,U S AIRWAYS GROUP INC NEW,90893,844.6508,0.9987205731832139,3908
201106,7,AMZN,AMAZON COM INC,84788,841.0297,0.9984646878198568,3908
201106,8,X,UNITED STATES STEEL CORP NEW,76644,840.919,0.9982088024564995,3908
201106,9,CRM,SALESFORCE INC,90215,840.2355,0.9979529170931423,3908
201106,10,LINC,LINCOLN EDUCATIONAL SVCS CORP,90735,834.11224,0.9976970317297851,3908
201106,11,PCX,PATRIOT COAL CORP,92346,829.83203,0.9974411463664279,3908
201106,12,RVBD,RIVERBED TECHNOLOGY INC,91485,825.74023,0.9971852610030706,3908
201106,13,LVS,LAS VEGAS SANDS CORP,90505,823.0104,0.9969293756397134,3908
201106,14,NVDA,NVIDIA CORP,86580,817.20013,0.9966734902763562,3908
201106,15,WYNN,WYNN RESORTS LTD,89533,816.45276,0.996417604912999,3908
201106,16,PCLN,BOOKING HOLDINGS INC,86783,815.1573,0.9961617195496417,3908
201106,17,DANG,E COMMERCE CHINA DANGDANG INC,12444,813.792,0.9959058341862845,3908
201106,18,FSLR,FIRST SOLAR INC,91611,813.2205,0.9956499488229273,3908
201106,19,MA,MASTERCARD INC,91233,811.86053,0.9953940634595702,3908
201106,20,BBY,BEST BUY COMPANY INC,85914,810.5951,0.9951381780962129,3908
201106,21,SPWRA,SUNPOWER CORP,90978,809.726,0.9948822927328557,3908
201106,22,JCP,PENNEY J C CO INC,18403,809.5591,0.9946264073694985,3908
201106,23,UA,UNDER ARMOUR INC,90979,808.71027,0.9943705220061413,3908
201106,24,AAPL,APPLE INC,14593,807.07306,0.994114636642784,3908
201106,25,CF,C F INDUSTRIES HOLDINGS INC,90829,804.4592,0.9938587512794268,3908
201107,1,NFLX,NETFLIX INC,89393,961.1304,1.0,3899
201107,2,WNR,WESTERN REFINING INC,91073,888.5487,0.9997435239805078,3899
201107,3,CLNE,CLEAN ENERGY FUELS CORP,92035,886.62823,0.9994870479610156,3899
201107,4,PCLN,BOOKING HOLDINGS INC,86783,882.71844,0.9992305719415234,3899
201107,5,LNKD,LINKEDIN CORP,12742,881.0787,0.9989740959220312,3899
201107,6,MCP,MOLYCORP INC DE,11999,878.1647,0.9987176199025392,3899
201107,7,AMZN,AMAZON COM INC,84788,875.8833,0.998461143883047,3899
201107,8,GOOG,ALPHABET INC,90319,864.0083,0.9982046678635548,3899
201107,9,ZAGG,ZAGG INC,93149,859.6306,0.9979481918440626,3899
201107,10,MGM,M G M RESORTS INTERNATIONAL,11891,859.5279,0.9976917158245704,3899
201107,11,CLX,CLOROX CO,46578,855.85333,0.9974352398050782,3899
201107,12,V,VISA INC,92611,854.59045,0.997178763785586,3899
201107,13,CMG,CHIPOTLE MEXICAN GRILL INC,91068,848.60345,0.9969222877660938,3899
201107,14,SD,SANDRIDGE ENERGY INC,92421,848.5246,0.9966658117466017,3899
201107,15,CF,C F INDUSTRIES HOLDINGS INC,90829,847.5736,0.9964093357271095,3899
201107,16,AAPL,APPLE INC,14593,847.02515,0.9961528597076174,3899
201107,17,CRM,SALESFORCE INC,90215,846.97455,0.9958963836881252,3899
201107,18,LULU,LULULEMON ATHLETICA INC,92203,838.0356,0.995639907668633,3899
201107,19,LVS,LAS VEGAS SANDS CORP,90505,837.3079,0.9953834316491408,3899
201107,20,NVDA,NVIDIA CORP,86580,832.99927,0.9951269556296486,3899
201107,21,LCC,U S AIRWAYS GROUP INC NEW,90893,831.4662,0.9948704796101564,3899
201107,22,GS,GOLDMAN SACHS GROUP INC,86868,829.4585,0.9946140035906643,3899
201107,23,MBI,M B I A INC,75175,828.5629,0.9943575275711721,3899
201107,24,IDCC,INTERDIGITAL INC,45306,824.9458,0.9941010515516799,3899
201107,25,X,UNITED STATES STEEL CORP NEW,76644,824.04236,0.9938445755321877,3899
201108,1,NFLX,NETFLIX INC,89393,929.4896,1.0,3916
201108,2,IDCC,INTERDIGITAL INC,45306,895.7825,0.9997446373850868,3916
201108,3,AMZN,AMAZON COM INC,84788,895.62244,0.9994892747701737,3916
201108,4,NVDA,NVIDIA CORP,86580,890.2068,0.9992339121552605,3916
201108,5,EK,EASTMAN KODAK CO,11754,883.2742,0.9989785495403473,3916
201108,6,PCLN,BOOKING HOLDINGS INC,86783,874.79626,0.9987231869254342,3916
201108,7,CF,C F INDUSTRIES HOLDINGS INC,90829,870.01984,0.998467824310521,3916
201108,8,MCP,MOLYCORP INC DE,11999,869.2964,0.9982124616956077,3916
201108,9,CMG,CHIPOTLE MEXICAN GRILL INC,91068,864.6199,0.9979570990806946,3916
201108,10,LULU,LULULEMON ATHLETICA INC,92203,859.74945,0.9977017364657814,3916
201108,11,BAC,BANK OF AMERICA CORP,59408,857.8051,0.9974463738508682,3916
201108,12,MMI,MOTOROLA MOBILITY HOLDINGS INC,12456,855.1696,0.9971910112359551,3916
201108,13,MA,MASTERCARD INC,91233,853.5212,0.9969356486210419,3916
201108,14,DNDN,DENDREON CORP,88335,853.4592,0.9966802860061287,3916
201108,15,NOK,NOKIA CORP,87128,852.7057,0.9964249233912156,3916
201108,16,LVS,LAS VEGAS SANDS CORP,90505,850.4184,0.9961695607763024,3916
201108,17,CRM,SALESFORCE INC,90215,850.2053,0.9959141981613892,3916
201108,18,AAPL,APPLE INC,14593,848.34314,0.995658835546476,3916
201108,19,CREE,WOLFSPEED INC NEW,78875,844.40247,0.9954034729315628,3916
201108,20,MAKO,MAKO SURGICAL CORP,92558,843.9758,0.9951481103166496,3916
201108,21,LNKD,LINKEDIN CORP,12742,843.4966,0.9948927477017364,3916
201108,22,X,UNITED STATES STEEL CORP NEW,76644,836.0177,0.9946373850868233,3916
201108,23,SINA,SINA CORP,88196,835.3309,0.9943820224719101,3916
201108,24,WYNN,WYNN RESORTS LTD,89533,833.86957,0.9941266598569969,3916
201108,25,V,VISA INC,92611,827.75885,0.9938712972420838,3916
201109,1,NVDA,NVIDIA CORP,86580,928.98315,1.0,3909
201109,2,AMZN,AMAZON COM INC,84788,908.1429,0.9997441800972116,3909
201109,3,NFLX,NETFLIX INC,89393,906.39886,0.9994883601944231,3909
201109,4,UAL,UNITED AIRLINES HOLDINGS INC,91103,884.3757,0.9992325402916347,3909
201109,5,CMG,CHIPOTLE MEXICAN GRILL INC,91068,879.6423,0.9989767203888462,3909
201109,6,PANL,UNIVERSAL DISPLAY CORP,77610,870.5823,0.9987209004860578,3909
201109,7,CIEN,CIENA CORP,84519,861.52954,0.9984650805832693,3909
201109,8,LCC,U S AIRWAYS GROUP INC NEW,90893,861.09174,0.998209260680481,3909
201109,9,SD,SANDRIDGE ENERGY INC,92421,854.1365,0.9979534407776925,3909
201109,10,MU,MICRON TECHNOLOGY INC,53613,847.1723,0.9976976208749041,3909
201109,11,X,UNITED STATES STEEL CORP NEW,76644,846.656,0.9974418009721157,3909
201109,12,MA,MASTERCARD INC,91233,845.6087,0.9971859810693272,3909
201109,13,PCX,PATRIOT COAL CORP,92346,841.712,0.9969301611665388,3909
201109,14,SNDK,SANDISK CORP,82618,840.74207,0.9966743412637503,3909
201109,15,MCP,MOLYCORP INC DE,11999,840.56354,0.9964185213609619,3909
201109,16,AAPL,APPLE INC,14593,840.22516,0.9961627014581734,3909
201109,17,GOOG,ALPHABET INC,90319,837.75214,0.995906881555385,3909
201109,18,LNKD,LINKEDIN CORP,12742,837.27423,0.9956510616525965,3909
201109,19,V,VISA INC,92611,832.7953,0.9953952417498081,3909
201109,20,BBY,BEST BUY COMPANY INC,85914,830.1,0.9951394218470196,3909
201109,21,DMND,DIAMOND FOODS INC,90807,824.59094,0.9948836019442313,3909
201109,22,FSLR,FIRST SOLAR INC,91611,823.1363,0.9946277820414429,3909
201109,23,PCLN,BOOKING HOLDINGS INC,86783,822.8899,0.9943719621386544,3909
201109,24,LVS,LAS VEGAS SANDS CORP,90505,822.02435,0.994116142235866,3909
201109,25,WNR,WESTERN REFINING INC,91073,821.27637,0.9938603223330775,3909
201110,1,NVDA,NVIDIA CORP,86580,907.0436,1.0,3906
201110,2,CMG,CHIPOTLE MEXICAN GRILL INC,91068,903.6666,0.9997439836149513,3906
201110,3,AKAM,AKAMAI TECHNOLOGIES INC,87299,887.7962,0.9994879672299027,3906
201110,4,NFLX,NETFLIX INC,89393,881.1591,0.999231950844854,3906
201110,5,FFIV,F 5 INC,86964,879.9055,0.9989759344598055,3906
201110,6,PCX,PATRIOT COAL CORP,92346,877.2004,0.9987199180747568,3906
201110,7,X,UNITED STATES STEEL CORP NEW,76644,871.87396,0.9984639016897081,3906
201110,8,CRM,SALESFORCE INC,90215,864.3666,0.9982078853046595,3906
201110,9,SYNA,SYNAPTICS INC,89290,862.822,0.9979518689196109,3906
201110,10,MS,MORGAN STANLEY DEAN WITTER & CO,69032,862.69727,0.9976958525345622,3906
201110,11,FSLR,FIRST SOLAR INC,91611,858.3313,0.9974398361495136,3906
201110,12,CF,C F INDUSTRIES HOLDINGS INC,90829,854.0053,0.9971838197644649,3906
201110,13,WYNN,WYNN RESORTS LTD,89533,853.35394,0.9969278033794163,3906
201110,14,YHOO,YAHOO INC,83435,853.0568,0.9966717869943676,3906
201110,15,LNKD,LINKEDIN CORP,12742,850.939,0.996415770609319,3906
201110,16,SNDK,SANDISK CORP,82618,847.7026,0.9961597542242704,3906
201110,17,LVS,LAS VEGAS SANDS CORP,90505,847.1371,0.9959037378392217,3906
201110,18,GS,GOLDMAN SACHS GROUP INC,86868,846.69495,0.995647721454173,3906
201110,19,RVBD,RIVERBED TECHNOLOGY INC,91485,846.63666,0.9953917050691244,3906
201110,20,AMZN,AMAZON COM INC,84788,846.54614,0.9951356886840758,3906
201110,21,JNPR,JUNIPER NETWORKS INC,86979,846.1413,0.9948796722990272,3906
201110,22,F,FORD MOTOR CO DEL,25785,843.60986,0.9946236559139785,3906
201110,23,MGM,M G M RESORTS INTERNATIONAL,11891,840.56714,0.9943676395289298,3906
201110,24,MCP,MOLYCORP INC DE,11999,840.083,0.9941116231438812,3906
201110,25,NOK,NOKIA CORP,87128,839.6736,0.9938556067588326,3906
201111,1,X,UNITED STATES STEEL CORP NEW,76644,919.07947,1.0,3906
201111,2,NVDA,NVIDIA CORP,86580,906.61145,0.9997439836149513,3906
201111,3,NFLX,NETFLIX INC,89393,895.3843,0.9994879672299027,3906
201111,4,FSLR,FIRST SOLAR INC,91611,886.2148,0.999231950844854,3906
201111,5,PCX,PATRIOT COAL CORP,92346,878.5689,0.9989759344598055,3906
201111,6,FIO,FUSION I O INC,12865,877.24316,0.9987199180747568,3906
201111,7,LNKD,LINKEDIN CORP,12742,862.2126,0.9984639016897081,3906
201111,8,AMZN,AMAZON COM INC,84788,854.9783,0.9982078853046595,3906
201111,9,FFIV,F 5 INC,86964,851.50684,0.9979518689196109,3906
201111,10,CRM,SALESFORCE INC,90215,851.1771,0.9976958525345622,3906
201111,11,CLNE,CLEAN ENERGY FUELS CORP,92035,850.3746,0.9974398361495136,3906
201111,12,MCP,MOLYCORP INC DE,11999,840.6584,0.9971838197644649,3906
201111,13,CMG,CHIPOTLE MEXICAN GRILL INC,91068,837.6396,0.9969278033794163,3906
201111,14,MDVN,MEDIVATION INC,91141,835.6804,0.9966717869943676,3906
201111,15,JEF,JEFFERIES GROUP INC NEW,86804,835.2063,0.996415770609319,3906
201111,16,MS,MORGAN STANLEY DEAN WITTER & CO,69032,832.4593,0.9961597542242704,3906
201111,17,BRCD,BROCADE COMMUNICATIONS SYS INC,86881,831.36816,0.9959037378392217,3906
201111,18,GS,GOLDMAN SACHS GROUP INC,86868,827.1138,0.995647721454173,3906
201111,19,MU,MICRON TECHNOLOGY INC,53613,826.2233,0.9953917050691244,3906
201111,20,LVS,LAS VEGAS SANDS CORP,90505,826.0699,0.9951356886840758,3906
201111,21,PCLN,BOOKING HOLDINGS INC,86783,825.96606,0.9948796722990272,3906
201111,22,MRVL,MARVELL TECHNOLOGY INC,88360,825.5584,0.9946236559139785,3906
201111,23,WYNN,WYNN RESORTS LTD,89533,821.81805,0.9943676395289298,3906
201111,24,LNG,CHENIERE ENERGY INC,84723,820.742,0.9941116231438812,3906
201111,25,GOOG,ALPHABET INC,90319,818.9704,0.9938556067588326,3906
201112,1,NFLX,NETFLIX INC,89393,918.63416,1.0,3898
201112,2,X,UNITED STATES STEEL CORP NEW,76644,891.63007,0.9997434581836839,3898
201112,3,DMND,DIAMOND FOODS INC,90807,881.12585,0.9994869163673679,3898
201112,4,RRR,R S C HOLDINGS INC,92018,875.3496,0.9992303745510518,3898
201112,5,FSLR,FIRST SOLAR INC,91611,874.2094,0.9989738327347357,3898
201112,6,MU,MICRON TECHNOLOGY INC,53613,863.5477,0.9987172909184197,3898
201112,7,PCX,PATRIOT COAL CORP,92346,862.137,0.9984607491021037,3898
201112,8,SD,SANDRIDGE ENERGY INC,92421,861.81287,0.9982042072857876,3898
201112,9,NVDA,NVIDIA CORP,86580,859.3976,0.9979476654694716,3898
201112,10,AKS,A K STEEL HOLDING CORP,80303,855.6513,0.9976911236531555,3898
201112,11,CF,C F INDUSTRIES HOLDINGS INC,90829,840.5608,0.9974345818368394,3898
201112,12,URI,UNITED RENTALS INC,85663,837.2642,0.9971780400205233,3898
201112,13,AMZN,AMAZON COM INC,84788,835.0202,0.9969214982042073,3898
201112,14,MS,MORGAN STANLEY DEAN WITTER & CO,69032,831.8063,0.9966649563878912,3898
201112,15,GOOG,ALPHABET INC,90319,830.9373,0.9964084145715751,3898
201112,16,ANR,ALPHA NATURAL RESOURCES INC,90547,826.48206,0.9961518727552591,3898
201112,17,MCP,MOLYCORP INC DE,11999,824.3396,0.995895330938943,3898
201112,18,FFIV,F 5 INC,86964,823.84674,0.995638789122627,3898
201112,19,GS,GOLDMAN SACHS GROUP INC,86868,820.5717,0.995382247306311,3898
201112,20,LVS,LAS VEGAS SANDS CORP,90505,817.4557,0.9951257054899949,3898
201112,21,FCX,FREEPORT MCMORAN INC,81774,816.50903,0.9948691636736788,3898
201112,22,AAPL,APPLE INC,14593,815.40497,0.9946126218573628,3898
201112,23,FIO,FUSION I O INC,12865,815.05695,0.9943560800410467,3898
201112,24,AKAM,AKAMAI TECHNOLOGIES INC,87299,813.419,0.9940995382247306,3898
201112,25,CRM,SALESFORCE INC,90215,810.77997,0.9938429964084146,3898
201201,1,NFLX,NETFLIX INC,89393,996.1395,1.0,3882
201201,2,FSLR,FIRST SOLAR INC,91611,911.8936,0.9997424008243173,3882
201201,3,DNDN,DENDREON CORP,88335,907.4366,0.9994848016486347,3882
201201,4,X,UNITED STATES STEEL CORP NEW,76644,906.65173,0.999227202472952,3882
201201,5,LCC,U S AIRWAYS GROUP INC NEW,90893,904.23114,0.9989696032972695,3882
201201,6,MGM,M G M RESORTS INTERNATIONAL,11891,879.6309,0.9987120041215868,3882
201201,7,SHLD,SEARS HOLDINGS CORP,89757,871.43256,0.9984544049459042,3882
201201,8,KBH,K B HOME,70092,869.44305,0.9981968057702215,3882
201201,9,GS,GOLDMAN SACHS GROUP INC,86868,864.2325,0.9979392065945389,3882
201201,10,AMZN,AMAZON COM INC,84788,861.0352,0.9976816074188563,3882
201201,11,FCX,FREEPORT MCMORAN INC,81774,859.0076,0.9974240082431737,3882
201201,12,MCP,MOLYCORP INC DE,11999,858.8351,0.997166409067491,3882
201201,13,AMLN,AMYLIN PHARMACEUTICALS INC,77264,856.9773,0.9969088098918083,3882
201201,14,MS,MORGAN STANLEY DEAN WITTER & CO,69032,856.9253,0.9966512107161257,3882
201201,15,NVDA,NVIDIA CORP,86580,853.6269,0.996393611540443,3882
201201,16,DMND,DIAMOND FOODS INC,90807,850.4323,0.9961360123647605,3882
201201,17,AAPL,APPLE INC,14593,849.8147,0.9958784131890778,3882
201201,18,LULU,LULULEMON ATHLETICA INC,92203,848.85645,0.9956208140133952,3882
201201,19,GNW,GENWORTH FINANCIAL INC,90162,848.7305,0.9953632148377125,3882
201201,20,DAL,DELTA AIR LINES INC,91926,842.721,0.9951056156620299,3882
201201,21,SD,SANDRIDGE ENERGY INC,92421,841.6076,0.9948480164863472,3882
201201,22,HGSI,HUMAN GENOME SCIENCES INC,79977,840.2449,0.9945904173106646,3882
201201,23,MU,MICRON TECHNOLOGY INC,53613,838.0899,0.994332818134982,3882
201201,24,PCX,PATRIOT COAL CORP,92346,837.814,0.9940752189592993,3882
201201,25,AKAM,AKAMAI TECHNOLOGIES INC,87299,836.71954,0.9938176197836167,3882
201202,1,NFLX,NETFLIX INC,89393,944.00824,1.0,3872
201202,2,LNKD,LINKEDIN CORP,12742,940.43176,0.99974173553719,3872
201202,3,DNDN,DENDREON CORP,88335,920.58307,0.9994834710743802,3872
201202,4,ZNGA,ZYNGA INC,13169,900.0658,0.9992252066115702,3872
201202,5,CRM,SALESFORCE INC,90215,895.5191,0.9989669421487604,3872
201202,6,RAX,RACKSPACE HOSTING INC,92765,886.75916,0.9987086776859504,3872
201202,7,SD,SANDRIDGE ENERGY INC,92421,885.46454,0.9984504132231405,3872
201202,8,FSLR,FIRST SOLAR INC,91611,875.26654,0.9981921487603306,3872
201202,9,CME,C M E GROUP INC,89626,875.1946,0.9979338842975206,3872
201202,10,PCLN,BOOKING HOLDINGS INC,86783,875.1752,0.9976756198347108,3872
201202,11,NVDA,NVIDIA CORP,86580,872.7254,0.9974173553719008,3872
201202,12,VVUS,VIVUS INC,80485,868.26587,0.9971590909090909,3872
201202,13,MU,MICRON TECHNOLOGY INC,53613,865.10834,0.996900826446281,3872
201202,14,DMND,DIAMOND FOODS INC,90807,860.16425,0.9966425619834711,3872
201202,15,AAPL,APPLE INC,14593,857.69977,0.9963842975206612,3872
201202,16,GM,GENERAL MOTORS CO,12369,856.7333,0.9961260330578512,3872
201202,17,LNG,CHENIERE ENERGY INC,84723,855.97595,0.9958677685950413,3872
201202,18,MPC,MARATHON PETROLEUM CORP,12872,854.6594,0.9956095041322314,3872
201202,19,APKT,ACME PACKET INC,91493,853.4244,0.9953512396694215,3872
201202,20,S,SPRINT NEXTEL CORP,39087,853.14795,0.9950929752066116,3872
201202,21,SHLD,SEARS HOLDINGS CORP,89757,851.9327,0.9948347107438017,3872
201202,22,MGM,M G M RESORTS INTERNATIONAL,11891,850.2737,0.9945764462809917,3872
201202,23,FIO,FUSION I O INC,12865,850.16534,0.9943181818181818,3872
201202,24,KBH,K B HOME,70092,848.28925,0.9940599173553719,3872
201202,25,X,UNITED STATES STEEL CORP NEW,76644,845.9953,0.993801652892562,3872
201203,1,MCP,MOLYCORP INC DE,11999,976.15735,1.0,3871
201203,2,NFLX,NETFLIX INC,89393,956.5597,0.9997416688194265,3871
201203,3,LNKD,LINKEDIN CORP,12742,945.3417,0.999483337638853,3871
201203,4,BAC,BANK OF AMERICA CORP,59408,906.5563,0.9992250064582795,3871
201203,5,SHLD,SEARS HOLDINGS CORP,89757,886.06287,0.998966675277706,3871
201203,6,DNDN,DENDREON CORP,88335,885.9591,0.9987083440971325,3871
201203,7,AAPL,APPLE INC,14593,883.50183,0.998450012916559,3871
201203,8,FSLR,FIRST SOLAR INC,91611,882.73267,0.9981916817359855,3871
201203,9,CRM,SALESFORCE INC,90215,882.0422,0.997933350555412,3871
201203,10,CLNE,CLEAN ENERGY FUELS CORP,92035,877.73224,0.9976750193748385,3871
201203,11,X,UNITED STATES STEEL CORP NEW,76644,876.85474,0.9974166881942651,3871
201203,12,OVTI,OMNIVISION TECHNOLOGIES INC,88458,876.4779,0.9971583570136916,3871
201203,13,LULU,LULULEMON ATHLETICA INC,92203,872.56055,0.9969000258331181,3871
201203,14,YOKU,YOUKU TUDOU INC,12478,860.88556,0.9966416946525446,3871
201203,15,MS,MORGAN STANLEY DEAN WITTER & CO,69032,860.6582,0.9963833634719711,3871
201203,16,FIO,FUSION I O INC,12865,857.5917,0.9961250322913976,3871
201203,17,PCLN,BOOKING HOLDINGS INC,86783,856.6303,0.9958667011108241,3871
201203,18,GS,GOLDMAN SACHS GROUP INC,86868,856.09845,0.9956083699302506,3871
201203,19,AMZN,AMAZON COM INC,84788,855.9149,0.9953500387496771,3871
201203,20,LVS,LAS VEGAS SANDS CORP,90505,852.5065,0.9950917075691036,3871
201203,21,ANR,ALPHA NATURAL RESOURCES INC,90547,852.3549,0.9948333763885301,3871
201203,22,ZNGA,ZYNGA INC,13169,844.3062,0.9945750452079566,3871
201203,23,CMG,CHIPOTLE MEXICAN GRILL INC,91068,843.38745,0.9943167140273831,3871
201203,24,MGM,M G M RESORTS INTERNATIONAL,11891,838.58887,0.9940583828468096,3871
201203,25,C,CITIGROUP INC,70519,836.92975,0.9938000516662361,3871
201204,1,AMZN,AMAZON COM INC,84788,929.80786,1.0,3896
201204,2,FSLR,FIRST SOLAR INC,91611,929.15295,0.9997433264887063,3896
201204,3,LNKD,LINKEDIN CORP,12742,929.1328,0.9994866529774127,3896
201204,4,NFLX,NETFLIX INC,89393,911.34,0.9992299794661191,3896
201204,5,CRM,SALESFORCE INC,90215,906.1318,0.9989733059548255,3896
201204,6,HGSI,HUMAN GENOME SCIENCES INC,79977,898.9754,0.9987166324435318,3896
201204,7,ANR,ALPHA NATURAL RESOURCES INC,90547,893.69885,0.9984599589322382,3896
201204,8,LCC,U S AIRWAYS GROUP INC NEW,90893,891.02594,0.9982032854209446,3896
201204,9,ISRG,INTUITIVE SURGICAL INC,88352,889.8967,0.997946611909651,3896
201204,10,MCP,MOLYCORP INC DE,11999,887.6682,0.9976899383983573,3896
201204,11,X,UNITED STATES STEEL CORP NEW,76644,881.17017,0.9974332648870636,3896
201204,12,PCLN,BOOKING HOLDINGS INC,86783,880.2465,0.99717659137577,3896
201204,13,AIG,AMERICAN INTERNATIONAL GROUP INC,66800,879.9206,0.9969199178644764,3896
201204,14,AAPL,APPLE INC,14593,878.8148,0.9966632443531828,3896
201204,15,DNDN,DENDREON CORP,88335,875.5082,0.9964065708418891,3896
201204,16,LNG,CHENIERE ENERGY INC,84723,856.7699,0.9961498973305954,3896
201204,17,CF,C F INDUSTRIES HOLDINGS INC,90829,854.93317,0.9958932238193019,3896
201204,18,CMG,CHIPOTLE MEXICAN GRILL INC,91068,853.7073,0.9956365503080082,3896
201204,19,WYNN,WYNN RESORTS LTD,89533,850.7526,0.9953798767967146,3896
201204,20,BAC,BANK OF AMERICA CORP,59408,849.26636,0.9951232032854209,3896
201204,21,AOL,A O L INC,93091,847.57385,0.9948665297741273,3896
201204,22,RENN,MOATABLE INC,12759,840.8737,0.9946098562628337,3896
201204,23,SD,SANDRIDGE ENERGY INC,92421,840.03436,0.99435318275154,3896
201204,24,CHK,CHESAPEAKE ENERGY CORP,78877,838.46704,0.9940965092402464,3896
201204,25,MA,MASTERCARD INC,91233,837.4113,0.9938398357289527,3896
201205,1,FSLR,FIRST SOLAR INC,91611,924.9711,1.0,3894
201205,2,NFLX,NETFLIX INC,89393,912.9752,0.9997431946584489,3894
201205,3,ZNGA,ZYNGA INC,13169,908.3672,0.9994863893168978,3894
201205,4,MCP,MOLYCORP INC DE,11999,899.26465,0.9992295839753467,3894
201205,5,CRM,SALESFORCE INC,90215,887.10974,0.9989727786337956,3894
201205,6,LNKD,LINKEDIN CORP,12742,884.74664,0.9987159732922445,3894
201205,7,LCC,U S AIRWAYS GROUP INC NEW,90893,881.91296,0.9984591679506933,3894
201205,8,AAPL,APPLE INC,14593,870.8296,0.9982023626091423,3894
201205,9,AMZN,AMAZON COM INC,84788,868.91797,0.9979455572675912,3894
201205,10,ANR,ALPHA NATURAL RESOURCES INC,90547,868.48193,0.99768875192604,3894
201205,11,X,UNITED STATES STEEL CORP NEW,76644,857.97675,0.997431946584489,3894
201205,12,ARNA,ARENA PHARMACEUTICALS INC,88421,854.50665,0.9971751412429378,3894
201205,13,LULU,LULULEMON ATHLETICA INC,92203,854.0435,0.9969183359013868,3894
201205,14,CMG,CHIPOTLE MEXICAN GRILL INC,91068,852.11835,0.9966615305598356,3894
201205,15,CF,C F INDUSTRIES HOLDINGS INC,90829,849.42194,0.9964047252182845,3894
201205,16,AVP,AVON PRODUCTS INC,40416,845.64307,0.9961479198767335,3894
201205,17,CHK,CHESAPEAKE ENERGY CORP,78877,841.9144,0.9958911145351823,3894
201205,18,DMND,DIAMOND FOODS INC,90807,840.3732,0.9956343091936313,3894
201205,19,ISRG,INTUITIVE SURGICAL INC,88352,838.7767,0.9953775038520801,3894
201205,20,MMR,MCMORAN EXPLORATION CO NEW,80557,832.76874,0.995120698510529,3894
201205,21,PCX,PATRIOT COAL CORP,92346,832.6068,0.9948638931689779,3894
201205,22,KMI,KINDER MORGAN INC,12558,831.0853,0.9946070878274268,3894
201205,23,VHC,VIRNETX HOLDING CORP,87084,830.2079,0.9943502824858758,3894
201205,24,FIO,FUSION I O INC,12865,829.61835,0.9940934771443246,3894
201205,25,S,SPRINT NEXTEL CORP,39087,829.1388,0.9938366718027735,3894
201206,1,FSLR,FIRST SOLAR INC,91611,954.402,1.0,3900
201206,2,NFLX,NETFLIX INC,89393,900.38666,0.9997435897435898,3900
201206,3,MMR,MCMORAN EXPLORATION CO NEW,80557,890.79645,0.9994871794871795,3900
201206,4,MCP,MOLYCORP INC DE,11999,886.9985,0.9992307692307693,3900
201206,5,X,UNITED STATES STEEL CORP NEW,76644,886.088,0.9989743589743589,3900
201206,6,ARNA,ARENA PHARMACEUTICALS INC,88421,883.8673,0.9987179487179487,3900
201206,7,LCC,U S AIRWAYS GROUP INC NEW,90893,865.4229,0.9984615384615385,3900
201206,8,ANR,ALPHA NATURAL RESOURCES INC,90547,859.39813,0.9982051282051282,3900
201206,9,LNKD,LINKEDIN CORP,12742,851.9385,0.997948717948718,3900
201206,10,ZNGA,ZYNGA INC,13169,847.80426,0.9976923076923077,3900
201206,11,AMZN,AMAZON COM INC,84788,844.5456,0.9974358974358974,3900
201206,12,DNDN,DENDREON CORP,88335,844.0247,0.9971794871794872,3900
201206,13,NVDA,NVIDIA CORP,86580,841.2619,0.9969230769230769,3900
201206,14,CF,C F INDUSTRIES HOLDINGS INC,90829,839.92004,0.9966666666666667,3900
201206,15,CRM,SALESFORCE INC,90215,827.29236,0.9964102564102564,3900
201206,16,ISRG,INTUITIVE SURGICAL INC,88352,822.92706,0.9961538461538462,3900
201206,17,APOL,APOLLO EDUCATION GROUP INC,81138,821.9646,0.9958974358974358,3900
201206,18,PCLN,BOOKING HOLDINGS INC,86783,820.418,0.9956410256410256,3900
201206,19,PCX,PATRIOT COAL CORP,92346,818.3098,0.9953846153846154,3900
201206,20,FIO,FUSION I O INC,12865,811.7072,0.9951282051282051,3900
201206,21,DMND,DIAMOND FOODS INC,90807,809.1118,0.9948717948717949,3900
201206,22,AAPL,APPLE INC,14593,808.7602,0.9946153846153846,3900
201206,23,DGIT,DIGITAL GENERATION INC,83131,801.94775,0.9943589743589744,3900
201206,24,CIEN,CIENA CORP,84519,799.3676,0.9941025641025641,3900
201206,25,RMBS,RAMBUS INC,84827,799.2842,0.9938461538461538,3900
201207,1,S,SPRINT NEXTEL CORP,39087,919.1618,1.0,3889
201207,2,FSLR,FIRST SOLAR INC,91611,915.44147,0.999742864489586,3889
201207,3,MMR,MCMORAN EXPLORATION CO NEW,80557,906.3847,0.999485728979172,3889
201207,4,NFLX,NETFLIX INC,89393,903.87494,0.999228593468758,3889
201207,5,AMZN,AMAZON COM INC,84788,903.2079,0.9989714579583441,3889
201207,6,SNDK,SANDISK CORP,82618,897.69116,0.99871432244793,3889
201207,7,ARNA,ARENA PHARMACEUTICALS INC,88421,895.0114,0.9984571869375161,3889
201207,8,X,UNITED STATES STEEL CORP NEW,76644,891.079,0.9982000514271021,3889
201207,9,ANR,ALPHA NATURAL RESOURCES INC,90547,890.85016,0.997942915916688,3889
201207,10,NVDA,NVIDIA CORP,86580,860.62524,0.9976857804062741,3889
201207,11,MCP,MOLYCORP INC DE,11999,859.5426,0.9974286448958601,3889
201207,12,FB,META PLATFORMS INC,13407,854.93256,0.9971715093854461,3889
201207,13,VVUS,VIVUS INC,80485,850.0969,0.9969143738750321,3889
201207,14,STX,SEAGATE TECHNOLOGY HOLDINGS PLC,89641,846.9472,0.9966572383646182,3889
201207,15,PCLN,BOOKING HOLDINGS INC,86783,843.6226,0.9964001028542042,3889
201207,16,SWI,SOLARWINDS INC,92931,841.907,0.9961429673437902,3889
201207,17,ALGN,ALIGN TECHNOLOGY INC,88860,841.3719,0.9958858318333762,3889
201207,18,LNKD,LINKEDIN CORP,12742,840.2921,0.9956286963229622,3889
201207,19,CRM,SALESFORCE INC,90215,838.42065,0.9953715608125482,3889
201207,20,CHK,CHESAPEAKE ENERGY CORP,78877,836.3292,0.9951144253021342,3889
201207,21,EXPE,EXPEDIA GROUP INC,90808,835.8125,0.9948572897917203,3889
201207,22,RVBD,RIVERBED TECHNOLOGY INC,91485,835.3082,0.9946001542813062,3889
201207,23,CRUS,CIRRUS LOGIC INC,75603,834.5642,0.9943430187708923,3889
201207,24,AAPL,APPLE INC,14593,833.157,0.9940858832604783,3889
201207,25,CF,C F INDUSTRIES HOLDINGS INC,90829,829.92,0.9938287477500642,3889
201208,1,FSLR,FIRST SOLAR INC,91611,982.8628,1.0,3898
201208,2,MCP,MOLYCORP INC DE,11999,924.2952,0.9997434581836839,3898
201208,3,S,SPRINT NEXTEL CORP,39087,914.6941,0.9994869163673679,3898
201208,4,FIO,FUSION I O INC,12865,902.94995,0.9992303745510518,3898
201208,5,FB,META PLATFORMS INC,13407,899.0941,0.9989738327347357,3898
201208,6,NFLX,NETFLIX INC,89393,888.6993,0.9987172909184197,3898
201208,7,ANR,ALPHA NATURAL RESOURCES INC,90547,884.27,0.9984607491021037,3898
201208,8,CRM,SALESFORCE INC,90215,879.94666,0.9982042072857876,3898
201208,9,ARNA,ARENA PHARMACEUTICALS INC,88421,878.7897,0.9979476654694716,3898
201208,10,AMZN,AMAZON COM INC,84788,867.7168,0.9976911236531555,3898
201208,11,GME,GAMESTOP CORP NEW,89301,864.8769,0.9974345818368394,3898
201208,12,LNKD,LINKEDIN CORP,12742,863.6365,0.9971780400205233,3898
201208,13,X,UNITED STATES STEEL CORP NEW,76644,857.10944,0.9969214982042073,3898
201208,14,NOK,NOKIA CORP,87128,853.06696,0.9966649563878912,3898
201208,15,ARUN,ARUBA NETWORKS INC,91888,852.7465,0.9964084145715751,3898
201208,16,NVDA,NVIDIA CORP,86580,851.0611,0.9961518727552591,3898
201208,17,ANF,ABERCROMBIE & FITCH CO,83976,849.78656,0.995895330938943,3898
201208,18,JCP,PENNEY J C CO INC,18403,845.52026,0.995638789122627,3898
201208,19,LVS,LAS VEGAS SANDS CORP,90505,845.0825,0.995382247306311,3898
201208,20,CHK,CHESAPEAKE ENERGY CORP,78877,843.0635,0.9951257054899949,3898
201208,21,CMG,CHIPOTLE MEXICAN GRILL INC,91068,842.10345,0.9948691636736788,3898
201208,22,CF,C F INDUSTRIES HOLDINGS INC,90829,841.2981,0.9946126218573628,3898
201208,23,KCG,KNIGHT CAPITAL GROUP INC,87131,840.06683,0.9943560800410467,3898
201208,24,GMCR,KEURIG GREEN MOUNTAIN INC,79588,834.08,0.9940995382247306,3898
201208,25,KBH,K B HOME,70092,833.4023,0.9938429964084146,3898
201209,1,FSLR,FIRST SOLAR INC,91611,992.38293,1.0,3912
201209,2,FB,META PLATFORMS INC,13407,919.02606,0.9997443762781186,3912
201209,3,MCP,MOLYCORP INC DE,11999,914.41034,0.9994887525562373,3912
201209,4,ANR,ALPHA NATURAL RESOURCES INC,90547,913.9409,0.9992331288343558,3912
201209,5,KBH,K B HOME,70092,913.50055,0.9989775051124744,3912
201209,6,LNKD,LINKEDIN CORP,12742,896.6862,0.998721881390593,3912
201209,7,S,SPRINT NEXTEL CORP,39087,895.68835,0.9984662576687117,3912
201209,8,AMZN,AMAZON COM INC,84788,895.6479,0.9982106339468303,3912
201209,9,X,UNITED STATES STEEL CORP NEW,76644,882.2384,0.9979550102249489,3912
201209,10,LULU,LULULEMON ATHLETICA INC,92203,879.2788,0.9976993865030674,3912
201209,11,NFLX,NETFLIX INC,89393,875.1009,0.9974437627811861,3912
201209,12,CMG,CHIPOTLE MEXICAN GRILL INC,91068,870.07965,0.9971881390593047,3912
201209,13,BAC,BANK OF AMERICA CORP,59408,868.9822,0.9969325153374233,3912
201209,14,NOK,NOKIA CORP,87128,864.3014,0.996676891615542,3912
201209,15,STX,SEAGATE TECHNOLOGY HOLDINGS PLC,89641,852.6315,0.9964212678936605,3912
201209,16,PHM,PULTE GROUP INC,54148,852.26447,0.9961656441717791,3912
201209,17,LVS,LAS VEGAS SANDS CORP,90505,852.1694,0.9959100204498977,3912
201209,18,CRM,SALESFORCE INC,90215,851.1289,0.9956543967280164,3912
201209,19,RIMM,BLACKBERRY LTD,86745,845.6849,0.995398773006135,3912
201209,20,FIO,FUSION I O INC,12865,843.67993,0.9951431492842536,3912
201209,21,KGC,KINROSS GOLD CORP,89692,831.57587,0.9948875255623721,3912
201209,22,GMCR,KEURIG GREEN MOUNTAIN INC,79588,831.3494,0.9946319018404908,3912
201209,23,GILD,GILEAD SCIENCES INC,77274,828.65717,0.9943762781186094,3912
201209,24,CRUS,CIRRUS LOGIC INC,75603,828.4444,0.994120654396728,3912
201209,25,DECK,DECKERS OUTDOOR CORP,79686,824.00684,0.9938650306748467,3912
201210,1,ANR,ALPHA NATURAL RESOURCES INC,90547,1002.26373,1.0,3913
201210,2,FSLR,FIRST SOLAR INC,91611,977.6026,0.9997444416049067,3913
201210,3,FB,META PLATFORMS INC,13407,973.5584,0.9994888832098134,3913
201210,4,NFLX,NETFLIX INC,89393,957.07416,0.9992333248147202,3913
201210,5,CLWR,CLEARWIRE CORP NEW,91892,917.2261,0.9989777664196269,3913
201210,6,MCP,MOLYCORP INC DE,11999,886.50726,0.9987222080245336,3913
201210,7,KBH,K B HOME,70092,885.91614,0.9984666496294403,3913
201210,8,X,UNITED STATES STEEL CORP NEW,76644,883.97107,0.998211091234347,3913
201210,9,BAC,BANK OF AMERICA CORP,59408,879.01434,0.9979555328392538,3913
201210,10,WLT,WALTER ENERGY INC,82540,865.872,0.9976999744441605,3913
201210,11,APKT,ACME PACKET INC,91493,865.0098,0.9974444160490672,3913
201210,12,NOK,NOKIA CORP,87128,863.34564,0.9971888576539739,3913
201210,13,AMZN,AMAZON COM INC,84788,862.52844,0.9969332992588806,3913
201210,14,QCOR,QUESTCOR PHARMACEUTICALS INC,78051,855.43915,0.9966777408637874,3913
201210,15,LVS,LAS VEGAS SANDS CORP,90505,854.3114,0.9964221824686941,3913
201210,16,ISRG,INTUITIVE SURGICAL INC,88352,850.9899,0.9961666240736008,3913
201210,17,ZNGA,ZYNGA INC,13169,850.8369,0.9959110656785075,3913
201210,18,GM,GENERAL MOTORS CO,12369,849.49615,0.9956555072834142,3913
201210,19,VALE,VALE S A,89330,849.1152,0.995399948888321,3913
201210,20,URI,UNITED RENTALS INC,85663,847.9169,0.9951443904932277,3913
201210,21,CHK,CHESAPEAKE ENERGY CORP,78877,846.2592,0.9948888320981344,3913
201210,22,CREE,WOLFSPEED INC NEW,78875,844.7156,0.9946332737030411,3913
201210,23,CMG,CHIPOTLE MEXICAN GRILL INC,91068,843.7833,0.9943777153079478,3913
201210,24,GMCR,KEURIG GREEN MOUNTAIN INC,79588,843.2486,0.9941221569128545,3913
201210,25,RIMM,BLACKBERRY LTD,86745,841.9594,0.9938665985177613,3913
201211,1,FB,META PLATFORMS INC,13407,997.94867,1.0,3913
201211,2,MCP,MOLYCORP INC DE,11999,964.4109,0.9997444416049067,3913
201211,3,FSLR,FIRST SOLAR INC,91611,936.724,0.9994888832098134,3913
201211,4,ANF,ABERCROMBIE & FITCH CO,83976,917.2478,0.9992333248147202,3913
201211,5,GMCR,KEURIG GREEN MOUNTAIN INC,79588,914.189,0.9989777664196269,3913
201211,6,NFLX,NETFLIX INC,89393,913.9056,0.9987222080245336,3913
201211,7,ANR,ALPHA NATURAL RESOURCES INC,90547,899.41174,0.9984666496294403,3913
201211,8,CRM,SALESFORCE INC,90215,891.33014,0.998211091234347,3913
201211,9,X,UNITED STATES STEEL CORP NEW,76644,888.0179,0.9979555328392538,3913
201211,10,RIMM,BLACKBERRY LTD,86745,874.80383,0.9976999744441605,3913
201211,11,PCLN,BOOKING HOLDINGS INC,86783,866.0815,0.9974444160490672,3913
201211,12,NOK,NOKIA CORP,87128,861.86743,0.9971888576539739,3913
201211,13,KCG,KNIGHT CAPITAL GROUP INC,87131,857.1858,0.9969332992588806,3913
201211,14,CMG,CHIPOTLE MEXICAN GRILL INC,91068,856.68365,0.9966777408637874,3913
201211,15,GILD,GILEAD SCIENCES INC,77274,853.098,0.9964221824686941,3913
201211,16,GRPN,GROUPON INC,13108,849.9415,0.9961666240736008,3913
201211,17,AAPL,APPLE INC,14593,849.4546,0.9959110656785075,3913
201211,18,LVS,LAS VEGAS SANDS CORP,90505,845.3782,0.9956555072834142,3913
201211,19,AOL,A O L INC,93091,844.1444,0.995399948888321,3913
201211,20,DNDN,DENDREON CORP,88335,840.2689,0.9951443904932277,3913
201211,21,ARUN,ARUBA NETWORKS INC,91888,839.93207,0.9948888320981344,3913
201211,22,V,VISA INC,92611,838.1192,0.9946332737030411,3913
201211,23,KBH,K B HOME,70092,835.1818,0.9943777153079478,3913
201211,24,JCP,PENNEY J C CO INC,18403,833.56067,0.9941221569128545,3913
201211,25,DDD,3 D SYSTEMS CORP DEL,78664,822.90515,0.9938665985177613,3913
201212,1,ANR,ALPHA NATURAL RESOURCES INC,90547,975.41064,1.0,3914
201212,2,MCP,MOLYCORP INC DE,11999,954.8289,0.9997445068983137,3914
201212,3,FSLR,FIRST SOLAR INC,91611,952.6954,0.9994890137966275,3914
201212,4,NFLX,NETFLIX INC,89393,947.4746,0.9992335206949412,3914
201212,5,X,UNITED STATES STEEL CORP NEW,76644,932.50464,0.9989780275932549,3914
201212,6,NOK,NOKIA CORP,87128,916.1353,0.9987225344915688,3914
201212,7,FB,META PLATFORMS INC,13407,910.4365,0.9984670413898825,3914
201212,8,WDC,WESTERN DIGITAL CORP,66384,889.7143,0.9982115482881962,3914
201212,9,DNDN,DENDREON CORP,88335,883.3988,0.99795605518651,3914
201212,10,WLT,WALTER ENERGY INC,82540,879.92944,0.9977005620848237,3914
201212,11,MGM,M G M RESORTS INTERNATIONAL,11891,878.3739,0.9974450689831375,3914
201212,12,GRPN,GROUPON INC,13108,876.61224,0.9971895758814512,3914
201212,13,GMCR,KEURIG GREEN MOUNTAIN INC,79588,874.54724,0.9969340827797649,3914
201212,14,RIMM,BLACKBERRY LTD,86745,872.09534,0.9966785896780787,3914
201212,15,JCP,PENNEY J C CO INC,18403,869.93677,0.9964230965763924,3914
201212,16,F,FORD MOTOR CO DEL,25785,856.8622,0.9961676034747062,3914
201212,17,NYX,N Y S E EURONEXT,91143,851.16156,0.99591211037302,3914
201212,18,BAC,BANK OF AMERICA CORP,59408,848.88654,0.9956566172713337,3914
201212,19,CMG,CHIPOTLE MEXICAN GRILL INC,91068,842.0585,0.9954011241696474,3914
201212,20,CLF,CLEVELAND CLIFFS INC NEW,27422,841.03534,0.9951456310679612,3914
201212,21,KBH,K B HOME,70092,839.625,0.9948901379662749,3914
201212,22,AAPL,APPLE INC,14593,838.3592,0.9946346448645886,3914
201212,23,STX,SEAGATE TECHNOLOGY HOLDINGS PLC,89641,834.3207,0.9943791517629024,3914
201212,24,APKT,ACME PACKET INC,91493,831.44885,0.9941236586612161,3914
201212,25,LVS,LAS VEGAS SANDS CORP,90505,828.3879,0.99386816555953,3914
201301,1,NFLX,NETFLIX INC,89393,991.9418,1.0,3907
201301,2,NOK,NOKIA CORP,87128,942.1906,0.9997440491425647,3907
201301,3,MCP,MOLYCORP INC DE,11999,938.9199,0.9994880982851293,3907
201301,4,DNDN,DENDREON CORP,88335,938.17773,0.9992321474276938,3907
201301,5,FSLR,FIRST SOLAR INC,91611,931.9618,0.9989761965702585,3907
201301,6,FB,META PLATFORMS INC,13407,909.83905,0.9987202457128231,3907
201301,7,BBY,BEST BUY COMPANY INC,85914,906.4015,0.9984642948553878,3907
201301,8,ANR,ALPHA NATURAL RESOURCES INC,90547,904.29626,0.9982083439979524,3907
201301,9,X,UNITED STATES STEEL CORP NEW,76644,902.9571,0.997952393140517,3907
201301,10,APKT,ACME PACKET INC,91493,898.3591,0.9976964422830816,3907
201301,11,DECK,DECKERS OUTDOOR CORP,79686,891.9338,0.9974404914256463,3907
201301,12,ZNGA,ZYNGA INC,13169,891.0579,0.9971845405682109,3907
201301,13,CREE,WOLFSPEED INC NEW,78875,885.45154,0.9969285897107756,3907
201301,14,GMCR,KEURIG GREEN MOUNTAIN INC,79588,884.4359,0.9966726388533401,3907
201301,15,GNW,GENWORTH FINANCIAL INC,90162,883.3086,0.9964166879959048,3907
201301,16,RIMM,BLACKBERRY LTD,86745,882.4593,0.9961607371384694,3907
201301,17,CMG,CHIPOTLE MEXICAN GRILL INC,91068,876.33777,0.9959047862810341,3907
201301,18,LVS,LAS VEGAS SANDS CORP,90505,869.88635,0.9956488354235987,3907
201301,19,JCP,PENNEY J C CO INC,18403,866.1134,0.9953928845661633,3907
201301,20,ISRG,INTUITIVE SURGICAL INC,88352,857.1908,0.9951369337087279,3907
201301,21,MGM,M G M RESORTS INTERNATIONAL,11891,853.258,0.9948809828512926,3907
201301,22,MS,MORGAN STANLEY DEAN WITTER & CO,69032,849.8423,0.9946250319938572,3907
201301,23,MA,MASTERCARD INC,91233,847.62616,0.9943690811364219,3907
201301,24,HLF,HERBALIFE LTD,90516,843.8252,0.9941131302789864,3907
201301,25,SPWR,SUNPOWER CORP,90978,841.6808,0.993857179421551,3907
201302,1,ZNGA,ZYNGA INC,13169,974.8813,1.0,3904
201302,2,NFLX,NETFLIX INC,89393,958.951,0.9997438524590164,3904
201302,3,LNKD,LINKEDIN CORP,12742,942.0533,0.9994877049180327,3904
201302,4,SPWR,SUNPOWER CORP,90978,939.04376,0.9992315573770492,3904
201302,5,FSLR,FIRST SOLAR INC,91611,925.02716,0.9989754098360656,3904
201302,6,DNDN,DENDREON CORP,88335,913.3386,0.998719262295082,3904
201302,7,CMG,CHIPOTLE MEXICAN GRILL INC,91068,911.56793,0.9984631147540983,3904
201302,8,ANR,ALPHA NATURAL RESOURCES INC,90547,909.7313,0.9982069672131147,3904
201302,9,BBY,BEST BUY COMPANY INC,85914,892.215,0.9979508196721312,3904
201302,10,HPQ,H P INC,27828,877.76385,0.9976946721311475,3904
201302,11,NOK,NOKIA CORP,87128,874.2287,0.9974385245901639,3904
201302,12,DMND,DIAMOND FOODS INC,90807,865.256,0.9971823770491803,3904
201302,13,MCP,MOLYCORP INC DE,11999,864.132,0.9969262295081968,3904
201302,14,JCP,PENNEY J C CO INC,18403,854.79156,0.9966700819672131,3904
201302,15,AOL,A O L INC,93091,854.73376,0.9964139344262295,3904
201302,16,FB,META PLATFORMS INC,13407,853.3068,0.9961577868852459,3904
201302,17,QCOR,QUESTCOR PHARMACEUTICALS INC,78051,851.3457,0.9959016393442623,3904
201302,18,NVDA,NVIDIA CORP,86580,846.842,0.9956454918032787,3904
201302,19,ARUN,ARUBA NETWORKS INC,91888,846.54565,0.9953893442622951,3904
201302,20,X,UNITED STATES STEEL CORP NEW,76644,839.66144,0.9951331967213115,3904
201302,21,HLF,HERBALIFE LTD,90516,837.53503,0.9948770491803278,3904
201302,22,AMZN,AMAZON COM INC,84788,837.2827,0.9946209016393442,3904
201302,23,MRVL,MARVELL TECHNOLOGY INC,88360,837.0731,0.9943647540983607,3904
201302,24,GS,GOLDMAN SACHS GROUP INC,86868,830.6183,0.9941086065573771,3904
201302,25,GRPN,GROUPON INC,13108,827.9782,0.9938524590163934,3904
201303,1,BBY,BEST BUY COMPANY INC,85914,941.4943,1.0,3913
201303,2,ZNGA,ZYNGA INC,13169,938.8972,0.9997444416049067,3913
201303,3,NFLX,NETFLIX INC,89393,933.31323,0.9994888832098134,3913
201303,4,FSLR,FIRST SOLAR INC,91611,915.6287,0.9992333248147202,3913
201303,5,MU,MICRON TECHNOLOGY INC,53613,911.25433,0.9989777664196269,3913
201303,6,BBRY,BLACKBERRY LTD,86745,895.2218,0.9987222080245336,3913
201303,7,FB,META PLATFORMS INC,13407,885.77374,0.9984666496294403,3913
201303,8,ANR,ALPHA NATURAL RESOURCES INC,90547,882.94745,0.998211091234347,3913
201303,9,DECK,DECKERS OUTDOOR CORP,79686,874.5731,0.9979555328392538,3913
201303,10,LNKD,LINKEDIN CORP,12742,871.5027,0.9976999744441605,3913
201303,11,GRPN,GROUPON INC,13108,867.12854,0.9974444160490672,3913
201303,12,CMG,CHIPOTLE MEXICAN GRILL INC,91068,861.9294,0.9971888576539739,3913
201303,13,CREE,WOLFSPEED INC NEW,78875,860.6955,0.9969332992588806,3913
201303,14,MTG,M G I C INVESTMENT CORP WIS,76804,859.61456,0.9966777408637874,3913
201303,15,X,UNITED STATES STEEL CORP NEW,76644,855.5735,0.9964221824686941,3913
201303,16,GNW,GENWORTH FINANCIAL INC,90162,853.75195,0.9961666240736008,3913
201303,17,MCP,MOLYCORP INC DE,11999,852.0076,0.9959110656785075,3913
201303,18,LCC,U S AIRWAYS GROUP INC NEW,90893,850.04395,0.9956555072834142,3913
201303,19,APOL,APOLLO EDUCATION GROUP INC,81138,846.7054,0.995399948888321,3913
201303,20,DMND,DIAMOND FOODS INC,90807,845.5099,0.9951443904932277,3913
201303,21,MGM,M G M RESORTS INTERNATIONAL,11891,844.71155,0.9948888320981344,3913
201303,22,JCP,PENNEY J C CO INC,18403,843.687,0.9946332737030411,3913
201303,23,NAV,NAVISTAR INTERNATIONAL CORP,12503,841.3103,0.9943777153079478,3913
201303,24,MRVL,MARVELL TECHNOLOGY INC,88360,830.8225,0.9941221569128545,3913
201303,25,UPL,ULTRA PETROLEUM CORP,88882,827.6301,0.9938665985177613,3913
201304,1,FSLR,FIRST SOLAR INC,91611,998.6136,1.0,3922
201304,2,NFLX,NETFLIX INC,89393,978.3874,0.9997450280469148,3922
201304,3,ZNGA,ZYNGA INC,13169,968.1208,0.9994900560938297,3922
201304,4,BBY,BEST BUY COMPANY INC,85914,937.7302,0.9992350841407445,3922
201304,5,FB,META PLATFORMS INC,13407,920.64886,0.9989801121876594,3922
201304,6,TSLA,TESLA INC,93436,904.8528,0.9987251402345741,3922
201304,7,X,UNITED STATES STEEL CORP NEW,76644,891.6935,0.998470168281489,3922
201304,8,LNKD,LINKEDIN CORP,12742,890.6556,0.9982151963284038,3922
201304,9,JCP,PENNEY J C CO INC,18403,890.40735,0.9979602243753187,3922
201304,10,CMG,CHIPOTLE MEXICAN GRILL INC,91068,884.63043,0.9977052524222335,3922
201304,11,MCP,MOLYCORP INC DE,11999,878.0356,0.9974502804691484,3922
201304,12,LULU,LULULEMON ATHLETICA INC,92203,876.54065,0.9971953085160632,3922
201304,13,AMD,ADVANCED MICRO DEVICES INC,61241,875.55646,0.9969403365629781,3922
201304,14,SPWR,SUNPOWER CORP,90978,869.2855,0.9966853646098929,3922
201304,15,ANR,ALPHA NATURAL RESOURCES INC,90547,862.0263,0.9964303926568078,3922
201304,16,BBRY,BLACKBERRY LTD,86745,859.9088,0.9961754207037226,3922
201304,17,CREE,WOLFSPEED INC NEW,78875,857.7772,0.9959204487506375,3922
201304,18,LCC,U S AIRWAYS GROUP INC NEW,90893,852.33264,0.9956654767975522,3922
201304,19,NIHD,N I I HOLDINGS INC,89685,849.68854,0.9954105048444671,3922
201304,20,MGM,M G M RESORTS INTERNATIONAL,11891,848.3697,0.9951555328913819,3922
201304,21,MU,MICRON TECHNOLOGY INC,53613,848.0278,0.9949005609382968,3922
201304,22,WLT,WALTER ENERGY INC,82540,847.1303,0.9946455889852116,3922
201304,23,FIO,FUSION I O INC,12865,846.93695,0.9943906170321265,3922
201304,24,DDD,3 D SYSTEMS CORP DEL,78664,844.70703,0.9941356450790413,3922
201304,25,MTG,M G I C INVESTMENT CORP WIS,76804,844.5286,0.9938806731259562,3922
201305,1,MCP,MOLYCORP INC DE,11999,974.261,1.0,3943
201305,2,FSLR,FIRST SOLAR INC,91611,971.1881,0.9997463860005072,3943
201305,3,TSLA,TESLA INC,93436,962.1203,0.9994927720010145,3943
201305,4,SPWR,SUNPOWER CORP,90978,940.97534,0.9992391580015216,3943
201305,5,ZNGA,ZYNGA INC,13169,928.6085,0.9989855440020289,3943
201305,6,NFLX,NETFLIX INC,89393,922.5345,0.9987319300025361,3943
201305,7,GRPN,GROUPON INC,13108,918.711,0.9984783160030434,3943
201305,8,AMD,ADVANCED MICRO DEVICES INC,61241,908.53796,0.9982247020035506,3943
201305,9,JCP,PENNEY J C CO INC,18403,906.15955,0.9979710880040579,3943
201305,10,DDD,3 D SYSTEMS CORP DEL,78664,892.2933,0.997717474004565,3943
201305,11,FB,META PLATFORMS INC,13407,888.7089,0.9974638600050723,3943
201305,12,P,PANDORA MEDIA INC,12873,885.0895,0.9972102460055795,3943
201305,13,X,UNITED STATES STEEL CORP NEW,76644,881.4332,0.9969566320060868,3943
201305,14,SCTY,SOLARCITY CORP,13711,877.08813,0.996703018006594,3943
201305,15,BBY,BEST BUY COMPANY INC,85914,873.92224,0.9964494040071012,3943
201305,16,BKS,BARNES & NOBLE INC,79667,872.3964,0.9961957900076084,3943
201305,17,WLT,WALTER ENERGY INC,82540,868.4609,0.9959421760081156,3943
201305,18,MU,MICRON TECHNOLOGY INC,53613,861.6135,0.9956885620086229,3943
201305,19,F,FORD MOTOR CO DEL,25785,859.9866,0.9954349480091301,3943
201305,20,GME,GAMESTOP CORP NEW,89301,854.2441,0.9951813340096374,3943
201305,21,LULU,LULULEMON ATHLETICA INC,92203,851.9571,0.9949277200101445,3943
201305,22,GMCR,KEURIG GREEN MOUNTAIN INC,79588,851.68164,0.9946741060106518,3943
201305,23,YELP,YELP INC,13318,851.17944,0.994420492011159,3943
201305,24,MGM,M G M RESORTS INTERNATIONAL,11891,850.3563,0.9941668780116663,3943
201305,25,ANR,ALPHA NATURAL RESOURCES INC,90547,845.5045,0.9939132640121735,3943
201306,1,FSLR,FIRST SOLAR INC,91611,947.9952,1.0,3924
201306,2,TSLA,TESLA INC,93436,947.2706,0.9997451580020388,3924
201306,3,NFLX,NETFLIX INC,89393,914.928,0.9994903160040775,3924
201306,4,MCP,MOLYCORP INC DE,11999,905.5497,0.9992354740061162,3924
201306,5,GRPN,GROUPON INC,13108,905.10724,0.9989806320081549,3924
201306,6,FB,META PLATFORMS INC,13407,892.2328,0.9987257900101937,3924
201306,7,WLT,WALTER ENERGY INC,82540,884.84155,0.9984709480122325,3924
201306,8,FNSR,FINISAR CORP,87390,877.2677,0.9982161060142711,3924
201306,9,MU,MICRON TECHNOLOGY INC,53613,871.87683,0.9979612640163099,3924
201306,10,X,UNITED STATES STEEL CORP NEW,76644,868.3204,0.9977064220183486,3924
201306,11,AMD,ADVANCED MICRO DEVICES INC,61241,862.37445,0.9974515800203874,3924
201306,12,ZNGA,ZYNGA INC,13169,861.9922,0.9971967380224261,3924
201306,13,JCP,PENNEY J C CO INC,18403,861.84644,0.9969418960244648,3924
201306,14,MRVL,MARVELL TECHNOLOGY INC,88360,860.07886,0.9966870540265036,3924
201306,15,GME,GAMESTOP CORP NEW,89301,856.3411,0.9964322120285423,3924
201306,16,QCOR,QUESTCOR PHARMACEUTICALS INC,78051,850.80396,0.996177370030581,3924
201306,17,HLF,HERBALIFE LTD,90516,845.7461,0.9959225280326198,3924
201306,18,KNDI,KANDI TECHNOLOGIES GROUP INC NEW,92589,845.4038,0.9956676860346585,3924
201306,19,CIEN,CIENA CORP,84519,844.7812,0.9954128440366973,3924
201306,20,NOK,NOKIA CORP,87128,843.9273,0.995158002038736,3924
201306,21,SPWR,SUNPOWER CORP,90978,843.34875,0.9949031600407747,3924
201306,22,SCTY,SOLARCITY CORP,13711,839.70654,0.9946483180428135,3924
201306,23,DMND,DIAMOND FOODS INC,90807,839.2039,0.9943934760448522,3924
201306,24,APOL,APOLLO EDUCATION GROUP INC,81138,838.3152,0.994138634046891,3924
201306,25,AMZN,AMAZON COM INC,84788,836.8632,0.9938837920489296,3924
201307,1,MCP,MOLYCORP INC DE,11999,988.0074,1.0,3926
201307,2,FB,META PLATFORMS INC,13407,974.31525,0.999745287824758,3926
201307,3,TSLA,TESLA INC,93436,932.7867,0.999490575649516,3926
201307,4,FSLR,FIRST SOLAR INC,91611,932.5628,0.9992358634742741,3926
201307,5,NFLX,NETFLIX INC,89393,911.4963,0.9989811512990321,3926
201307,6,ZNGA,ZYNGA INC,13169,909.64404,0.9987264391237901,3926
201307,7,VMW,VMWARE INC,92257,904.7832,0.9984717269485481,3926
201307,8,AMD,ADVANCED MICRO DEVICES INC,61241,899.5772,0.9982170147733062,3926
201307,9,GRPN,GROUPON INC,13108,893.26917,0.9979623025980642,3926
201307,10,HLF,HERBALIFE LTD,90516,891.3466,0.9977075904228222,3926
201307,11,QCOR,QUESTCOR PHARMACEUTICALS INC,78051,889.10706,0.9974528782475802,3926
201307,12,X,UNITED STATES STEEL CORP NEW,76644,878.5293,0.9971981660723382,3926
201307,13,BIDU,BAIDU INC,90857,878.3883,0.9969434538970963,3926
201307,14,AMZN,AMAZON COM INC,84788,874.2076,0.9966887417218543,3926
201307,15,WLT,WALTER ENERGY INC,82540,873.9679,0.9964340295466123,3926
201307,16,YELP,YELP INC,13318,866.92926,0.9961793173713703,3926
201307,17,CLF,CLEVELAND CLIFFS INC NEW,27422,864.30646,0.9959246051961284,3926
201307,18,SCTY,SOLARCITY CORP,13711,862.89,0.9956698930208864,3926
201307,19,UA,UNDER ARMOUR INC,90979,862.6411,0.9954151808456444,3926
201307,20,DDD,3 D SYSTEMS CORP DEL,78664,859.1821,0.9951604686704024,3926
201307,21,SPWR,SUNPOWER CORP,90978,858.7866,0.9949057564951604,3926
201307,22,CMG,CHIPOTLE MEXICAN GRILL INC,91068,856.2804,0.9946510443199185,3926
201307,23,AAPL,APPLE INC,14593,850.5085,0.9943963321446765,3926
201307,24,NOK,NOKIA CORP,87128,847.4364,0.9941416199694345,3926
201307,25,SD,SANDRIDGE ENERGY INC,92421,845.9528,0.9938869077941925,3926
201308,1,TSLA,TESLA INC,93436,949.29834,1.0,3953
201308,2,FB,META PLATFORMS INC,13407,939.6094,0.9997470275739945,3953
201308,3,NFLX,NETFLIX INC,89393,924.88306,0.9994940551479888,3953
201308,4,GRPN,GROUPON INC,13108,922.5786,0.9992410827219833,3953
201308,5,BBY,BEST BUY COMPANY INC,85914,914.69403,0.9989881102959778,3953
201308,6,CRM,SALESFORCE INC,90215,898.82605,0.9987351378699721,3953
201308,7,X,UNITED STATES STEEL CORP NEW,76644,894.5414,0.9984821654439666,3953
201308,8,JCP,PENNEY J C CO INC,18403,884.5785,0.9982291930179611,3953
201308,9,FSLR,FIRST SOLAR INC,91611,883.318,0.9979762205919555,3953
201308,10,DDD,3 D SYSTEMS CORP DEL,78664,882.6044,0.9977232481659499,3953
201308,11,CLF,CLEVELAND CLIFFS INC NEW,27422,880.5318,0.9974702757399444,3953
201308,12,LNKD,LINKEDIN CORP,12742,877.2475,0.9972173033139388,3953
201308,13,AAPL,APPLE INC,14593,875.7294,0.9969643308879332,3953
201308,14,YELP,YELP INC,13318,873.5258,0.9967113584619276,3953
201308,15,WLT,WALTER ENERGY INC,82540,870.89624,0.9964583860359221,3953
201308,16,MCP,MOLYCORP INC DE,11999,866.55884,0.9962054136099165,3953
201308,17,QCOR,QUESTCOR PHARMACEUTICALS INC,78051,862.10046,0.9959524411839109,3953
201308,18,P,PANDORA MEDIA INC,12873,861.70917,0.9956994687579054,3953
201308,19,ANR,ALPHA NATURAL RESOURCES INC,90547,858.1986,0.9954464963318999,3953
201308,20,MRVL,MARVELL TECHNOLOGY INC,88360,856.9905,0.9951935239058942,3953
201308,21,GME,GAMESTOP CORP NEW,89301,855.75055,0.9949405514798887,3953
201308,22,NVDA,NVIDIA CORP,86580,853.3198,0.9946875790538832,3953
201308,23,MA,MASTERCARD INC,91233,851.13873,0.9944346066278775,3953
201308,24,BBRY,BLACKBERRY LTD,86745,849.6631,0.994181634201872,3953
201308,25,ABX,BARRICK MINING CORP,71298,845.3607,0.9939286617758665,3953
201309,1,TSLA,TESLA INC,93436,959.5437,1.0,3961
201309,2,P,PANDORA MEDIA INC,12873,938.3138,0.9997475385003787,3961
201309,3,NFLX,NETFLIX INC,89393,937.9379,0.9994950770007573,3961
201309,4,FB,META PLATFORMS INC,13407,932.1324,0.999242615501136,3961
201309,5,YELP,YELP INC,13318,921.9383,0.9989901540015148,3961
201309,6,ZNGA,ZYNGA INC,13169,906.3046,0.9987376925018935,3961
201309,7,MU,MICRON TECHNOLOGY INC,53613,900.3563,0.9984852310022722,3961
201309,8,FSLR,FIRST SOLAR INC,91611,900.1323,0.9982327695026508,3961
201309,9,SCTY,SOLARCITY CORP,13711,899.44135,0.9979803080030295,3961
201309,10,WLT,WALTER ENERGY INC,82540,897.17523,0.9977278465034082,3961
201309,11,GRPN,GROUPON INC,13108,897.14514,0.997475385003787,3961
201309,12,LULU,LULULEMON ATHLETICA INC,92203,889.9359,0.9972229235041656,3961
201309,13,X,UNITED STATES STEEL CORP NEW,76644,887.047,0.9969704620045443,3961
201309,14,MCP,MOLYCORP INC DE,11999,883.8283,0.996718000504923,3961
201309,15,REGN,REGENERON PHARMACEUTICALS INC,76614,881.2628,0.9964655390053017,3961
201309,16,SWY,SAFEWAY INC,76149,878.6816,0.9962130775056803,3961
201309,17,NOK,NOKIA CORP,87128,877.94006,0.9959606160060591,3961
201309,18,DDD,3 D SYSTEMS CORP DEL,78664,871.0352,0.9957081545064378,3961
201309,19,DAL,DELTA AIR LINES INC,91926,870.9063,0.9954556930068165,3961
201309,20,CRUS,CIRRUS LOGIC INC,75603,869.31335,0.9952032315071951,3961
201309,21,AMZN,AMAZON COM INC,84788,867.3717,0.9949507700075738,3961
201309,22,CLF,CLEVELAND CLIFFS INC NEW,27422,867.0876,0.9946983085079525,3961
201309,23,AAPL,APPLE INC,14593,855.3608,0.9944458470083313,3961
201309,24,JCP,PENNEY J C CO INC,18403,855.2055,0.99419338550871,3961
201309,25,GTAT,G T ADVANCED TECHNOLOGIES INC,92758,853.64777,0.9939409240090886,3961
201310,1,SCTY,SOLARCITY CORP,13711,963.9529,1.0,3953
201310,2,TSLA,TESLA INC,93436,954.90625,0.9997470275739945,3953
201310,3,YELP,YELP INC,13318,932.09827,0.9994940551479888,3953
201310,4,NFLX,NETFLIX INC,89393,922.5243,0.9992410827219833,3953
201310,5,FSLR,FIRST SOLAR INC,91611,918.1868,0.9989881102959778,3953
201310,6,X,UNITED STATES STEEL CORP NEW,76644,912.68744,0.9987351378699721,3953
201310,7,SNDK,SANDISK CORP,82618,906.65796,0.9984821654439666,3953
201310,8,ZNGA,ZYNGA INC,13169,904.9559,0.9982291930179611,3953
201310,9,P,PANDORA MEDIA INC,12873,902.96423,0.9979762205919555,3953
201310,10,CMG,CHIPOTLE MEXICAN GRILL INC,91068,902.7442,0.9977232481659499,3953
201310,11,WLT,WALTER ENERGY INC,82540,899.25397,0.9974702757399444,3953
201310,12,JCP,PENNEY J C CO INC,18403,893.3138,0.9972173033139388,3953
201310,13,NOK,NOKIA CORP,87128,888.7395,0.9969643308879332,3953
201310,14,FB,META PLATFORMS INC,13407,887.5281,0.9967113584619276,3953
201310,15,CLF,CLEVELAND CLIFFS INC NEW,27422,885.3726,0.9964583860359221,3953
201310,16,DDD,3 D SYSTEMS CORP DEL,78664,881.561,0.9962054136099165,3953
201310,17,AMZN,AMAZON COM INC,84788,881.33734,0.9959524411839109,3953
201310,18,GRPN,GROUPON INC,13108,881.2013,0.9956994687579054,3953
201310,19,ANR,ALPHA NATURAL RESOURCES INC,90547,876.0013,0.9954464963318999,3953
201310,20,DECK,DECKERS OUTDOOR CORP,79686,873.97437,0.9951935239058942,3953
201310,21,APOL,APOLLO EDUCATION GROUP INC,81138,873.19867,0.9949405514798887,3953
201310,22,MU,MICRON TECHNOLOGY INC,53613,869.0659,0.9946875790538832,3953
201310,23,GOOG,ALPHABET INC,90319,867.3249,0.9944346066278775,3953
201310,24,MCP,MOLYCORP INC DE,11999,857.7652,0.994181634201872,3953
201310,25,PBR,PETROLEO BRASILEIRO SA PETROBRAS,88490,854.11615,0.9939286617758665,3953
201311,1,FSLR,FIRST SOLAR INC,91611,926.4221,1.0,3959
201311,2,JCP,PENNEY J C CO INC,18403,924.1631,0.9997474109623642,3959
201311,3,P,PANDORA MEDIA INC,12873,922.817,0.9994948219247285,3959
201311,4,ZNGA,ZYNGA INC,13169,916.25073,0.9992422328870927,3959
201311,5,JBLU,JETBLUE AIRWAYS CORP,89353,916.1856,0.998989643849457,3959
201311,6,MU,MICRON TECHNOLOGY INC,53613,903.8147,0.9987370548118212,3959
201311,7,DDD,3 D SYSTEMS CORP DEL,78664,896.4843,0.9984844657741854,3959
201311,8,TSLA,TESLA INC,93436,891.1499,0.9982318767365497,3959
201311,9,SCTY,SOLARCITY CORP,13711,883.88135,0.9979792876989139,3959
201311,10,X,UNITED STATES STEEL CORP NEW,76644,881.17285,0.997726698661278,3959
201311,11,ARIA,ARIAD PHARMACEUTICALS INC,80918,880.7496,0.9974741096236424,3959
201311,12,MRVL,MARVELL TECHNOLOGY INC,88360,876.61383,0.9972215205860065,3959
201311,13,NFLX,NETFLIX INC,89393,876.2267,0.9969689315483709,3959
201311,14,WLT,WALTER ENERGY INC,82540,870.47095,0.996716342510735,3959
201311,15,GRPN,GROUPON INC,13108,869.7678,0.9964637534730992,3959
201311,16,NVDA,NVIDIA CORP,86580,853.7683,0.9962111644354635,3959
201311,17,RVBD,RIVERBED TECHNOLOGY INC,91485,847.8959,0.9959585753978277,3959
201311,18,PCLN,BOOKING HOLDINGS INC,86783,846.33246,0.9957059863601919,3959
201311,19,CMG,CHIPOTLE MEXICAN GRILL INC,91068,844.7052,0.9954533973225562,3959
201311,20,LINE,LINN ENERGY LLC,91081,843.14966,0.9952008082849204,3959
201311,21,GOGO,GOGO INC,13956,842.5443,0.9949482192472847,3959
201311,22,GOOG,ALPHABET INC,90319,842.48376,0.9946956302096489,3959
201311,23,AAPL,APPLE INC,14593,840.39966,0.9944430411720131,3959
201311,24,REGN,REGENERON PHARMACEUTICALS INC,76614,838.85187,0.9941904521343774,3959
201311,25,FB,META PLATFORMS INC,13407,838.76807,0.9939378630967416,3959
201312,1,ARIA,ARIAD PHARMACEUTICALS INC,80918,966.61847,1.0,3982
201312,2,TSLA,TESLA INC,93436,937.1132,0.9997488699146158,3982
201312,3,TWTR,TWITTER INC,14295,917.45355,0.9994977398292315,3982
201312,4,S,SPRINT CORP NEW,14040,915.4904,0.9992466097438473,3982
201312,5,BBRY,BLACKBERRY LTD,86745,914.21515,0.9989954796584631,3982
201312,6,AAPL,APPLE INC,14593,895.7433,0.9987443495730789,3982
201312,7,WLT,WALTER ENERGY INC,82540,893.4638,0.9984932194876946,3982
201312,8,X,UNITED STATES STEEL CORP NEW,76644,886.5268,0.9982420894023104,3982
201312,9,JCP,PENNEY J C CO INC,18403,883.61285,0.9979909593169262,3982
201312,10,MCP,MOLYCORP INC DE,11999,883.30255,0.9977398292315419,3982
201312,11,FSLR,FIRST SOLAR INC,91611,882.31616,0.9974886991461577,3982
201312,12,GOGO,GOGO INC,13956,877.3783,0.9972375690607734,3982
201312,13,ANR,ALPHA NATURAL RESOURCES INC,90547,876.5308,0.9969864389753893,3982
201312,14,DDD,3 D SYSTEMS CORP DEL,78664,867.13617,0.9967353088900051,3982
201312,15,GRPN,GROUPON INC,13108,867.0027,0.9964841788046208,3982
201312,16,CLF,CLEVELAND CLIFFS INC NEW,27422,864.26917,0.9962330487192366,3982
201312,17,FB,META PLATFORMS INC,13407,863.8759,0.9959819186338523,3982
201312,18,CMG,CHIPOTLE MEXICAN GRILL INC,91068,862.581,0.9957307885484681,3982
201312,19,SCTY,SOLARCITY CORP,13711,857.36707,0.9954796584630838,3982
201312,20,GOOG,ALPHABET INC,90319,854.3506,0.9952285283776996,3982
201312,21,NFLX,NETFLIX INC,89393,849.79407,0.9949773982923155,3982
201312,22,MU,MICRON TECHNOLOGY INC,53613,846.02075,0.9947262682069312,3982
201312,23,TOL,TOLL BROTHERS INC,70228,840.53326,0.994475138121547,3982
201312,24,KBH,K B HOME,70092,837.4792,0.9942240080361627,3982
201312,25,YELP,YELP INC,13318,836.25885,0.9939728779507785,3982
201401,1,TSLA,TESLA INC,93436,983.268,1.0,3999
201401,2,ARIA,ARIAD PHARMACEUTICALS INC,80918,974.9601,0.9997499374843711,3999
201401,3,P,PANDORA MEDIA INC,12873,962.4304,0.9994998749687422,3999
201401,4,BBRY,BLACKBERRY LTD,86745,943.0549,0.9992498124531133,3999
201401,5,TWTR,TWITTER INC,14295,928.0657,0.9989997499374844,3999
201401,6,NFLX,NETFLIX INC,89393,928.0348,0.9987496874218554,3999
201401,7,FB,META PLATFORMS INC,13407,920.1641,0.9984996249062266,3999
201401,8,ZNGA,ZYNGA INC,13169,907.704,0.9982495623905977,3999
201401,9,SCTY,SOLARCITY CORP,13711,899.40784,0.9979994998749687,3999
201401,10,CMG,CHIPOTLE MEXICAN GRILL INC,91068,898.1657,0.9977494373593399,3999
201401,11,MCP,MOLYCORP INC DE,11999,895.8006,0.9974993748437109,3999
201401,12,PLUG,PLUG POWER INC,87337,881.9999,0.997249312328082,3999
201401,13,SRPT,SAREPTA THERAPEUTICS INC,85002,874.8336,0.9969992498124531,3999
201401,14,UA,UNDER ARMOUR INC,90979,872.53265,0.9967491872968242,3999
201401,15,ANV,ALLIED NEVADA GOLD CORP,91976,872.50574,0.9964991247811953,3999
201401,16,ILMN,ILLUMINA INC,88446,871.75244,0.9962490622655664,3999
201401,17,YELP,YELP INC,13318,866.5333,0.9959989997499374,3999
201401,18,FIO,FUSION I O INC,12865,865.6283,0.9957489372343086,3999
201401,19,JBLU,JETBLUE AIRWAYS CORP,89353,865.4777,0.9954988747186797,3999
201401,20,GOOG,ALPHABET INC,90319,861.868,0.9952488122030507,3999
201401,21,GRPN,GROUPON INC,13108,858.11774,0.9949987496874219,3999
201401,22,FSLR,FIRST SOLAR INC,91611,857.909,0.994748687171793,3999
201401,23,MU,MICRON TECHNOLOGY INC,53613,854.5704,0.994498624656164,3999
201401,24,INVN,INVENSENSE INC,13081,853.9261,0.9942485621405351,3999
201401,25,GOGO,GOGO INC,13956,848.7572,0.9939984996249063,3999
201402,1,TSLA,TESLA INC,93436,977.18384,1.0,4004
201402,2,ARIA,ARIAD PHARMACEUTICALS INC,80918,954.8944,0.9997502497502497,4004
201402,3,BBRY,BLACKBERRY LTD,86745,941.65466,0.9995004995004995,4004
201402,4,JCP,PENNEY J C CO INC,18403,932.9296,0.9992507492507493,4004
201402,5,ZNGA,ZYNGA INC,13169,932.87573,0.999000999000999,4004
201402,6,TWTR,TWITTER INC,14295,930.36646,0.9987512487512488,4004
201402,7,NFLX,NETFLIX INC,89393,916.2528,0.9985014985014985,4004
201402,8,SCTY,SOLARCITY CORP,13711,908.58154,0.9982517482517482,4004
201402,9,P,PANDORA MEDIA INC,12873,906.5195,0.998001998001998,4004
201402,10,YELP,YELP INC,13318,900.1233,0.9977522477522478,4004
201402,11,FB,META PLATFORMS INC,13407,894.4287,0.9975024975024975,4004
201402,12,EXPE,EXPEDIA GROUP INC,90808,889.6887,0.9972527472527473,4004
201402,13,S,SPRINT CORP NEW,14040,878.66113,0.997002997002997,4004
201402,14,MCP,MOLYCORP INC DE,11999,878.07556,0.9967532467532467,4004
201402,15,FSLR,FIRST SOLAR INC,91611,874.95013,0.9965034965034965,4004
201402,16,CMG,CHIPOTLE MEXICAN GRILL INC,91068,873.2231,0.9962537462537463,4004
201402,17,ABX,BARRICK MINING CORP,71298,867.5507,0.996003996003996,4004
201402,18,SUNE,SUNEDISON INC,81776,864.30225,0.9957542457542458,4004
201402,19,ANF,ABERCROMBIE & FITCH CO,83976,863.94855,0.9955044955044955,4004
201402,20,BKS,BARNES & NOBLE INC,79667,863.3606,0.9952547452547452,4004
201402,21,PLUG,PLUG POWER INC,87337,862.94336,0.995004995004995,4004
201402,22,AAL,AMERICAN AIRLINES GROUP INC,21020,859.5736,0.9947552447552448,4004
201402,23,PANW,PALO ALTO NETWORKS INC,13511,859.3847,0.9945054945054945,4004
201402,24,UA,UNDER ARMOUR INC,90979,858.4012,0.9942557442557443,4004
201402,25,GTAT,G T ADVANCED TECHNOLOGIES INC,92758,858.1875,0.994005994005994,4004
201403,1,FSLR,FIRST SOLAR INC,91611,961.4012,1.0,4037
201403,2,PLUG,PLUG POWER INC,87337,955.47614,0.9997522913054249,4037
201403,3,JCP,PENNEY J C CO INC,18403,953.69525,0.9995045826108496,4037
201403,4,TSLA,TESLA INC,93436,934.25806,0.9992568739162745,4037
201403,5,BBRY,BLACKBERRY LTD,86745,925.4294,0.9990091652216992,4037
201403,6,CMG,CHIPOTLE MEXICAN GRILL INC,91068,915.12506,0.9987614565271241,4037
201403,7,ARIA,ARIAD PHARMACEUTICALS INC,80918,913.627,0.9985137478325489,4037
201403,8,GTAT,G T ADVANCED TECHNOLOGIES INC,92758,907.7253,0.9982660391379737,4037
201403,9,ZNGA,ZYNGA INC,13169,905.9706,0.9980183304433986,4037
201403,10,ECYT,ENDOCYTE INC,12575,882.79,0.9977706217488234,4037
201403,11,SCTY,SOLARCITY CORP,13711,878.3533,0.9975229130542482,4037
201403,12,PANW,PALO ALTO NETWORKS INC,13511,876.29333,0.997275204359673,4037
201403,13,TWTR,TWITTER INC,14295,871.0458,0.9970274956650979,4037
201403,14,NFLX,NETFLIX INC,89393,864.6501,0.9967797869705227,4037
201403,15,FB,META PLATFORMS INC,13407,862.58795,0.9965320782759475,4037
201403,16,KNDI,KANDI TECHNOLOGIES GROUP INC NEW,92589,860.7354,0.9962843695813723,4037
201403,17,SNDK,SANDISK CORP,82618,858.67926,0.9960366608867971,4037
201403,18,KBH,K B HOME,70092,857.44684,0.995788952192222,4037
201403,19,S,SPRINT CORP NEW,14040,849.8368,0.9955412434976467,4037
201403,20,INVN,INVENSENSE INC,13081,847.58105,0.9952935348030716,4037
201403,21,UA,UNDER ARMOUR INC,90979,846.35565,0.9950458261084965,4037
201403,22,MCP,MOLYCORP INC DE,11999,846.09143,0.9947981174139212,4037
201403,23,P,PANDORA MEDIA INC,12873,845.02594,0.9945504087193461,4037
201403,24,AAL,AMERICAN AIRLINES GROUP INC,21020,842.71246,0.9943027000247708,4037
201403,25,FEYE,MANDIANT INC,14159,842.1169,0.9940549913301957,4037
201404,1,TSLA,TESLA INC,93436,951.0416,1.0,4069
201404,2,JCP,PENNEY J C CO INC,18403,943.68164,0.9997542393708528,4069
201404,3,FSLR,FIRST SOLAR INC,91611,934.9667,0.9995084787417056,4069
201404,4,PLUG,PLUG POWER INC,87337,913.11456,0.9992627181125584,4069
201404,5,AMD,ADVANCED MICRO DEVICES INC,61241,909.99054,0.9990169574834111,4069
201404,6,QCOR,QUESTCOR PHARMACEUTICALS INC,78051,909.13763,0.998771196854264,4069
201404,7,AAPL,APPLE INC,14593,907.1764,0.9985254362251167,4069
201404,8,TWTR,TWITTER INC,14295,896.45807,0.9982796755959695,4069
201404,9,NFLX,NETFLIX INC,89393,895.26,0.9980339149668224,4069
201404,10,ZNGA,ZYNGA INC,13169,893.449,0.9977881543376751,4069
201404,11,MU,MICRON TECHNOLOGY INC,53613,890.67365,0.9975423937085279,4069
201404,12,SRPT,SAREPTA THERAPEUTICS INC,85002,890.1237,0.9972966330793807,4069
201404,13,SUNE,SUNEDISON INC,81776,886.5129,0.9970508724502335,4069
201404,14,FB,META PLATFORMS INC,13407,882.8043,0.9968051118210862,4069
201404,15,UA,UNDER ARMOUR INC,90979,882.2055,0.9965593511919391,4069
201404,16,ARIA,ARIAD PHARMACEUTICALS INC,80918,880.36646,0.9963135905627919,4069
201404,17,PBR,PETROLEO BRASILEIRO SA PETROBRAS,88490,878.2218,0.9960678299336446,4069
201404,18,MNKD,MANNKIND CORP,90285,875.8551,0.9958220693044975,4069
201404,19,GTAT,G T ADVANCED TECHNOLOGIES INC,92758,875.6603,0.9955763086753502,4069
201404,20,SNDK,SANDISK CORP,82618,869.72174,0.995330548046203,4069
201404,21,SODA,SODASTREAM INTERNATIONAL LTD,12405,869.2669,0.9950847874170557,4069
201404,22,DAL,DELTA AIR LINES INC,91926,863.24066,0.9948390267879086,4069
201404,23,CMG,CHIPOTLE MEXICAN GRILL INC,91068,859.8582,0.9945932661587613,4069
201404,24,SPWR,SUNPOWER CORP,90978,858.11334,0.9943475055296142,4069
201404,25,S,SPRINT CORP NEW,14040,858.00586,0.994101744900467,4069
201405,1,JCP,PENNEY J C CO INC,18403,991.5337,1.0,4080
201405,2,RAX,RACKSPACE HOSTING INC,92765,916.675,0.9997549019607843,4080
201405,3,PLUG,PLUG POWER INC,87337,898.4116,0.9995098039215686,4080
201405,4,S,SPRINT CORP NEW,14040,896.85706,0.9992647058823529,4080
201405,5,TWTR,TWITTER INC,14295,895.1808,0.9990196078431373,4080
201405,6,NFLX,NETFLIX INC,89393,887.91614,0.9987745098039216,4080
201405,7,TSLA,TESLA INC,93436,883.5154,0.9985294117647059,4080
201405,8,FSLR,FIRST SOLAR INC,91611,882.2732,0.9982843137254902,4080
201405,9,SCTY,SOLARCITY CORP,13711,877.1162,0.9980392156862745,4080
201405,10,SUNE,SUNEDISON INC,81776,874.4984,0.9977941176470588,4080
201405,11,AAPL,APPLE INC,14593,870.71063,0.9975490196078431,4080
201405,12,MU,MICRON TECHNOLOGY INC,53613,865.7757,0.9973039215686275,4080
201405,13,PANW,PALO ALTO NETWORKS INC,13511,857.077,0.9970588235294118,4080
201405,14,GME,GAMESTOP CORP NEW,89301,855.66754,0.9968137254901961,4080
201405,15,EA,ELECTRONIC ARTS INC,75828,855.365,0.9965686274509804,4080
201405,16,FB,META PLATFORMS INC,13407,854.41833,0.9963235294117647,4080
201405,17,QCOR,QUESTCOR PHARMACEUTICALS INC,78051,854.1499,0.996078431372549,4080
201405,18,FEYE,MANDIANT INC,14159,850.63165,0.9958333333333333,4080
201405,19,AAL,AMERICAN AIRLINES GROUP INC,21020,848.87274,0.9955882352941177,4080
201405,20,CSCO,CISCO SYSTEMS INC,76076,848.2615,0.995343137254902,4080
201405,21,YELP,YELP INC,13318,847.7615,0.9950980392156863,4080
201405,22,GTAT,G T ADVANCED TECHNOLOGIES INC,92758,843.74335,0.9948529411764706,4080
201405,23,BBRY,BLACKBERRY LTD,86745,842.87085,0.9946078431372549,4080
201405,24,PBR,PETROLEO BRASILEIRO SA PETROBRAS,88490,841.1526,0.9943627450980392,4080
201405,25,DAL,DELTA AIR LINES INC,91926,839.1365,0.9941176470588236,4080
201406,1,BBRY,BLACKBERRY LTD,86745,958.5433,1.0,4079
201406,2,TSLA,TESLA INC,93436,951.82434,0.9997548418730081,4079
201406,3,SCTY,SOLARCITY CORP,13711,941.4263,0.9995096837460162,4079
201406,4,TWTR,TWITTER INC,14295,917.7068,0.9992645256190242,4079
201406,5,SPWR,SUNPOWER CORP,90978,915.7872,0.9990193674920324,4079
201406,6,ACHN,ACHILLION PHARMACEUTICALS INC,91491,912.2198,0.9987742093650405,4079
201406,7,PLUG,PLUG POWER INC,87337,900.94293,0.9985290512380486,4079
201406,8,QCOR,QUESTCOR PHARMACEUTICALS INC,78051,886.2068,0.9982838931110566,4079
201406,9,YELP,YELP INC,13318,885.34753,0.9980387349840647,4079
201406,10,NFLX,NETFLIX INC,89393,880.0576,0.9977935768570728,4079
201406,11,FB,META PLATFORMS INC,13407,878.0308,0.9975484187300809,4079
201406,12,JCP,PENNEY J C CO INC,18403,877.43713,0.997303260603089,4079
201406,13,FSLR,FIRST SOLAR INC,91611,876.4267,0.997058102476097,4079
201406,14,MNKD,MANNKIND CORP,90285,873.2074,0.9968129443491052,4079
201406,15,MU,MICRON TECHNOLOGY INC,53613,868.2862,0.9965677862221133,4079
201406,16,P,PANDORA MEDIA INC,12873,859.15125,0.9963226280951214,4079
201406,17,SUNE,SUNEDISON INC,81776,858.51935,0.9960774699681294,4079
201406,18,LULU,LULULEMON ATHLETICA INC,92203,855.24475,0.9958323118411375,4079
201406,19,FEYE,MANDIANT INC,14159,853.3927,0.9955871537141456,4079
201406,20,KBH,K B HOME,70092,852.0928,0.9953419955871537,4079
201406,21,GTAT,G T ADVANCED TECHNOLOGIES INC,92758,850.8936,0.9950968374601618,4079
201406,22,AMZN,AMAZON COM INC,84788,848.35156,0.9948516793331699,4079
201406,23,Z,ZILLOW GROUP INC,12927,844.9951,0.994606521206178,4079
201406,24,AAL,AMERICAN AIRLINES GROUP INC,21020,844.0901,0.9943613630791861,4079
201406,25,CMG,CHIPOTLE MEXICAN GRILL INC,91068,843.5532,0.9941162049521942,4079
201407,1,TWTR,TWITTER INC,14295,1000.44073,1.0,4110
201407,2,PLUG,PLUG POWER INC,87337,968.3963,0.9997566909975669,4110
201407,3,TSLA,TESLA INC,93436,939.27057,0.9995133819951338,4110
201407,4,UA,UNDER ARMOUR INC,90979,926.0752,0.9992700729927008,4110
201407,5,CMG,CHIPOTLE MEXICAN GRILL INC,91068,923.00385,0.9990267639902677,4110
201407,6,SCTY,SOLARCITY CORP,13711,922.9096,0.9987834549878345,4110
201407,7,FB,META PLATFORMS INC,13407,921.4406,0.9985401459854014,4110
201407,8,X,UNITED STATES STEEL CORP NEW,76644,917.25104,0.9982968369829683,4110
201407,9,JCP,PENNEY J C CO INC,18403,907.00635,0.9980535279805353,4110
201407,10,NFLX,NETFLIX INC,89393,902.82587,0.9978102189781022,4110
201407,11,AMD,ADVANCED MICRO DEVICES INC,61241,902.7668,0.9975669099756691,4110
201407,12,BBRY,BLACKBERRY LTD,86745,899.293,0.997323600973236,4110
201407,13,YELP,YELP INC,13318,897.24664,0.997080291970803,4110
201407,14,ISRG,INTUITIVE SURGICAL INC,88352,893.11523,0.9968369829683699,4110
201407,15,KNDI,KANDI TECHNOLOGIES GROUP INC NEW,92589,886.4983,0.9965936739659368,4110
201407,16,Z,ZILLOW GROUP INC,12927,877.24005,0.9963503649635036,4110
201407,17,INVN,INVENSENSE INC,13081,874.778,0.9961070559610705,4110
201407,18,INTC,INTEL CORP,59328,870.74915,0.9958637469586374,4110
201407,19,P,PANDORA MEDIA INC,12873,868.67865,0.9956204379562044,4110
201407,20,AKS,A K STEEL HOLDING CORP,80303,868.2848,0.9953771289537713,4110
201407,21,SUNE,SUNEDISON INC,81776,861.34827,0.9951338199513382,4110
201407,22,SPWR,SUNPOWER CORP,90978,859.663,0.9948905109489051,4110
201407,23,LNKD,LINKEDIN CORP,12742,854.92694,0.994647201946472,4110
201407,24,IGT,INTERNATIONAL GAME TECHNOLOGY,45277,852.87695,0.994403892944039,4110
201407,25,GTAT,G T ADVANCED TECHNOLOGIES INC,92758,851.6134,0.9941605839416059,4110
201408,1,TSLA,TESLA INC,93436,970.5145,1.0,4132
201408,2,TWTR,TWITTER INC,14295,949.6503,0.999757986447241,4132
201408,3,JCP,PENNEY J C CO INC,18403,942.4016,0.9995159728944821,4132
201408,4,YELP,YELP INC,13318,939.8016,0.9992739593417231,4132
201408,5,LNKD,LINKEDIN CORP,12742,915.42474,0.9990319457889641,4132
201408,6,SPLK,SPLUNK INC,13379,914.68756,0.9987899322362053,4132
201408,7,NFLX,NETFLIX INC,89393,906.6335,0.9985479186834463,4132
201408,8,X,UNITED STATES STEEL CORP NEW,76644,901.13916,0.9983059051306873,4132
201408,9,P,PANDORA MEDIA INC,12873,896.10474,0.9980638915779284,4132
201408,10,GTAT,G T ADVANCED TECHNOLOGIES INC,92758,889.53424,0.9978218780251694,4132
201408,11,KMI,KINDER MORGAN INC,12558,888.3925,0.9975798644724104,4132
201408,12,PLUG,PLUG POWER INC,87337,888.0967,0.9973378509196515,4132
201408,13,FSLR,FIRST SOLAR INC,91611,884.6889,0.9970958373668926,4132
201408,14,SCTY,SOLARCITY CORP,13711,883.9232,0.9968538238141336,4132
201408,15,GMCR,KEURIG GREEN MOUNTAIN INC,79588,876.06366,0.9966118102613747,4132
201408,16,BBY,BEST BUY COMPANY INC,85914,871.2796,0.9963697967086157,4132
201408,17,GRPN,GROUPON INC,13108,870.9975,0.9961277831558567,4132
201408,18,AKS,A K STEEL HOLDING CORP,80303,870.4449,0.9958857696030978,4132
201408,19,ICPT,INTERCEPT PHARMACEUTICALS INC,13643,860.94824,0.9956437560503388,4132
201408,20,PBR,PETROLEO BRASILEIRO SA PETROBRAS,88490,858.371,0.9954017424975798,4132
201408,21,GME,GAMESTOP CORP NEW,89301,858.3631,0.995159728944821,4132
201408,22,FB,META PLATFORMS INC,13407,855.2622,0.994917715392062,4132
201408,23,BBRY,BLACKBERRY LTD,86745,855.07574,0.994675701839303,4132
201408,24,UA,UNDER ARMOUR INC,90979,852.19086,0.994433688286544,4132
201408,25,SUNE,SUNEDISON INC,81776,848.8799,0.9941916747337851,4132
201409,1,TWTR,TWITTER INC,14295,959.15344,1.0,4148
201409,2,TSLA,TESLA INC,93436,939.517,0.9997589199614272,4148
201409,3,LULU,LULULEMON ATHLETICA INC,92203,931.81165,0.9995178399228544,4148
201409,4,PANW,PALO ALTO NETWORKS INC,13511,927.985,0.9992767598842816,4148
201409,5,X,UNITED STATES STEEL CORP NEW,76644,918.28125,0.9990356798457087,4148
201409,6,SPLK,SPLUNK INC,13379,909.5317,0.9987945998071359,4148
201409,7,UA,UNDER ARMOUR INC,90979,902.14825,0.9985535197685632,4148
201409,8,NFLX,NETFLIX INC,89393,892.85736,0.9983124397299904,4148
201409,9,BBRY,BLACKBERRY LTD,86745,890.02563,0.9980713596914176,4148
201409,10,GPRO,GOPRO INC,14694,886.2525,0.9978302796528448,4148
201409,11,FB,META PLATFORMS INC,13407,883.98083,0.997589199614272,4148
201409,12,AVNR,AVANIR PHARMACEUTICLAS INC,76383,881.9988,0.9973481195756991,4148
201409,13,JCP,PENNEY J C CO INC,18403,881.7488,0.9971070395371263,4148
201409,14,BBBY,BED BATH & BEYOND INC,77659,880.73413,0.9968659594985535,4148
201409,15,FEYE,MANDIANT INC,14159,879.21844,0.9966248794599807,4148
201409,16,LOCO,EL POLLO LOCO HOLDINGS INC,14812,875.48846,0.9963837994214079,4148
201409,17,S,SPRINT CORP NEW,14040,872.5763,0.996142719382835,4148
201409,18,AKS,A K STEEL HOLDING CORP,80303,859.753,0.9959016393442623,4148
201409,19,YHOO,YAHOO INC,83435,859.2474,0.9956605593056895,4148
201409,20,CMG,CHIPOTLE MEXICAN GRILL INC,91068,858.02625,0.9954194792671167,4148
201409,21,SCTY,SOLARCITY CORP,13711,856.9685,0.9951783992285439,4148
201409,22,WFM,WHOLE FOODS MARKET INC,77281,856.7589,0.9949373191899711,4148
201409,23,P,PANDORA MEDIA INC,12873,856.4255,0.9946962391513983,4148
201409,24,GTAT,G T ADVANCED TECHNOLOGIES INC,92758,854.14087,0.9944551591128254,4148
201409,25,GILD,GILEAD SCIENCES INC,77274,850.9484,0.9942140790742526,4148
201410,1,TSLA,TESLA INC,93436,938.7619,1.0,4139
201410,2,SPLK,SPLUNK INC,13379,907.7536,0.9997583957477651,4139
201410,3,PANW,PALO ALTO NETWORKS INC,13511,898.10693,0.9995167914955303,4139
201410,4,TWTR,TWITTER INC,14295,893.3709,0.9992751872432954,4139
201410,5,X,UNITED STATES STEEL CORP NEW,76644,891.63715,0.9990335829910606,4139
201410,6,LNKD,LINKEDIN CORP,12742,891.4192,0.9987919787388259,4139
201410,7,FEYE,MANDIANT INC,14159,884.20166,0.998550374486591,4139
201410,8,BBRY,BLACKBERRY LTD,86745,867.75183,0.9983087702343562,4139
201410,9,UA,UNDER ARMOUR INC,90979,864.11896,0.9980671659821213,4139
201410,10,GRPN,GROUPON INC,13108,861.43207,0.9978255617298865,4139
201410,11,CLF,CLEVELAND CLIFFS INC NEW,27422,858.5126,0.9975839574776516,4139
201410,12,FB,META PLATFORMS INC,13407,858.15125,0.9973423532254168,4139
201410,13,NFLX,NETFLIX INC,89393,857.4866,0.9971007489731819,4139
201410,14,P,PANDORA MEDIA INC,12873,856.4199,0.996859144720947,4139
201410,15,SUNE,SUNEDISON INC,81776,852.0046,0.9966175404687122,4139
201410,16,GPRO,GOPRO INC,14694,850.356,0.9963759362164775,4139
201410,17,YELP,YELP INC,13318,847.84784,0.9961343319642426,4139
201410,18,AAL,AMERICAN AIRLINES GROUP INC,21020,847.4554,0.9958927277120078,4139
201410,19,SCTY,SOLARCITY CORP,13711,847.1701,0.9956511234597729,4139
201410,20,EXPE,EXPEDIA GROUP INC,90808,844.3981,0.9954095192075381,4139
201410,21,PCLN,BOOKING HOLDINGS INC,86783,841.407,0.9951679149553032,4139
201410,22,AMZN,AMAZON COM INC,84788,838.8904,0.9949263107030684,4139
201410,23,CMG,CHIPOTLE MEXICAN GRILL INC,91068,837.03754,0.9946847064508335,4139
201410,24,JCP,PENNEY J C CO INC,18403,835.7033,0.9944431021985987,4139
201410,25,GMCR,KEURIG GREEN MOUNTAIN INC,79588,835.00256,0.9942014979463638,4139
201411,1,TWTR,TWITTER INC,14295,918.4826,1.0,4148
201411,2,GPRO,GOPRO INC,14694,915.3507,0.9997589199614272,4148
201411,3,KMI,KINDER MORGAN INC,12558,914.99854,0.9995178399228544,4148
201411,4,PANW,PALO ALTO NETWORKS INC,13511,905.343,0.9992767598842816,4148
201411,5,BBY,BEST BUY COMPANY INC,85914,901.6209,0.9990356798457087,4148
201411,6,WFM,WHOLE FOODS MARKET INC,77281,898.4064,0.9987945998071359,4148
201411,7,SPLK,SPLUNK INC,13379,898.3729,0.9985535197685632,4148
201411,8,BBRY,BLACKBERRY LTD,86745,897.55273,0.9983124397299904,4148
201411,9,ACHN,ACHILLION PHARMACEUTICALS INC,91491,893.38434,0.9980713596914176,4148
201411,10,TGT,TARGET CORP,49154,885.8017,0.9978302796528448,4148
201411,11,LULU,LULULEMON ATHLETICA INC,92203,884.1173,0.997589199614272,4148
201411,12,TSLA,TESLA INC,93436,879.60394,0.9973481195756991,4148
201411,13,SUNE,SUNEDISON INC,81776,877.73303,0.9971070395371263,4148
201411,14,ZNGA,ZYNGA INC,13169,869.45154,0.9968659594985535,4148
201411,15,RAX,RACKSPACE HOSTING INC,92765,862.8248,0.9966248794599807,4148
201411,16,P,PANDORA MEDIA INC,12873,861.76904,0.9963837994214079,4148
201411,17,FEYE,MANDIANT INC,14159,858.74066,0.996142719382835,4148
201411,18,AGIO,AGIOS PHARMACEUTICALS INC,14044,857.7361,0.9959016393442623,4148
201411,19,GME,GAMESTOP CORP NEW,89301,854.1281,0.9956605593056895,4148
201411,20,AMZN,AMAZON COM INC,84788,850.53687,0.9954194792671167,4148
201411,21,JCP,PENNEY J C CO INC,18403,849.31805,0.9951783992285439,4148
201411,22,LOCO,EL POLLO LOCO HOLDINGS INC,14812,849.2244,0.9949373191899711,4148
201411,23,UA,UNDER ARMOUR INC,90979,847.04486,0.9946962391513983,4148
201411,24,GOGO,GOGO INC,13956,844.4072,0.9944551591128254,4148
201411,25,JBLU,JETBLUE AIRWAYS CORP,89353,841.8314,0.9942140790742526,4148
201412,1,LULU,LULULEMON ATHLETICA INC,92203,918.9458,1.0,4148
201412,2,BBRY,BLACKBERRY LTD,86745,906.38354,0.9997589199614272,4148
201412,3,ACHN,ACHILLION PHARMACEUTICALS INC,91491,903.6406,0.9995178399228544,4148
201412,4,TSLA,TESLA INC,93436,893.0547,0.9992767598842816,4148
201412,5,FEYE,MANDIANT INC,14159,885.6169,0.9990356798457087,4148
201412,6,TWTR,TWITTER INC,14295,881.8284,0.9987945998071359,4148
201412,7,RAD,RITE AID CORP,46922,880.31683,0.9985535197685632,4148
201412,8,JBLU,JETBLUE AIRWAYS CORP,89353,869.02795,0.9983124397299904,4148
201412,9,HL,HECLA MINING CO,32651,864.5564,0.9980713596914176,4148
201412,10,GRPN,GROUPON INC,13108,854.16705,0.9978302796528448,4148
201412,11,GPRO,GOPRO INC,14694,851.03784,0.997589199614272,4148
201412,12,CRUS,CIRRUS LOGIC INC,75603,848.405,0.9973481195756991,4148
201412,13,UAL,UNITED AIRLINES HOLDINGS INC,91103,837.46277,0.9971070395371263,4148
201412,14,OAS,OASIS PETROLEUM INC,93420,836.20807,0.9968659594985535,4148
201412,15,V,VISA INC,92611,832.25995,0.9966248794599807,4148
201412,16,KMX,CARMAX INC,89508,830.6195,0.9963837994214079,4148
201412,17,NFLX,NETFLIX INC,89393,830.39764,0.996142719382835,4148
201412,18,ISIS,IONIS PHARMACEUTICALS INC,76661,827.2008,0.9959016393442623,4148
201412,19,TASR,AXON ENTERPRISE INC,89031,827.00146,0.9956605593056895,4148
201412,20,PANW,PALO ALTO NETWORKS INC,13511,825.0822,0.9954194792671167,4148
201412,21,INVN,INVENSENSE INC,13081,824.8383,0.9951783992285439,4148
201412,22,FB,META PLATFORMS INC,13407,824.43335,0.9949373191899711,4148
201412,23,SWKS,SKYWORKS SOLUTIONS INC,45911,822.34766,0.9946962391513983,4148
201412,24,TLM,TALISMAN ENERGY INC,85635,820.47125,0.9944551591128254,4148
201412,25,RIG,TRANSOCEAN LTD,79237,819.4315,0.9942140790742526,4148
201501,1,NFLX,NETFLIX INC,89393,945.8168,1.0,4141
201501,2,AMZN,AMAZON COM INC,84788,919.8477,0.9997585124366095,4141
201501,3,TWTR,TWITTER INC,14295,919.7208,0.999517024873219,4141
201501,4,BBRY,BLACKBERRY LTD,86745,910.3134,0.9992755373098285,4141
201501,5,FEYE,MANDIANT INC,14159,895.3992,0.9990340497464381,4141
201501,6,P,PANDORA MEDIA INC,12873,873.0423,0.9987925621830476,4141
201501,7,TSLA,TESLA INC,93436,867.2824,0.9985510746196571,4141
201501,8,LULU,LULULEMON ATHLETICA INC,92203,866.38794,0.9983095870562666,4141
201501,9,KITE,KITE PHARMA INC,14695,863.56836,0.9980680994928761,4141
201501,10,COH,TAPESTRY INC,88661,861.78796,0.9978266119294856,4141
201501,11,CREE,WOLFSPEED INC NEW,78875,861.2689,0.9975851243660951,4141
201501,12,UA,UNDER ARMOUR INC,90979,860.6066,0.9973436368027047,4141
201501,13,JCP,PENNEY J C CO INC,18403,855.9235,0.9971021492393142,4141
201501,14,SWKS,SKYWORKS SOLUTIONS INC,45911,855.03625,0.9968606616759237,4141
201501,15,HALO,HALOZYME THERAPEUTICS INC,90436,852.1575,0.9966191741125332,4141
201501,16,FB,META PLATFORMS INC,13407,848.00543,0.9963776865491427,4141
201501,17,JBLU,JETBLUE AIRWAYS CORP,89353,847.8503,0.9961361989857522,4141
201501,18,WFM,WHOLE FOODS MARKET INC,77281,847.20526,0.9958947114223617,4141
201501,19,ISIS,IONIS PHARMACEUTICALS INC,76661,846.6257,0.9956532238589713,4141
201501,20,ACHN,ACHILLION PHARMACEUTICALS INC,91491,846.463,0.9954117362955808,4141
201501,21,ARNA,ARENA PHARMACEUTICALS INC,88421,842.989,0.9951702487321903,4141
201501,22,INVN,INVENSENSE INC,13081,842.54926,0.9949287611687998,4141
201501,23,GME,GAMESTOP CORP NEW,89301,842.35345,0.9946872736054093,4141
201501,24,RIG,TRANSOCEAN LTD,79237,840.93744,0.9944457860420188,4141
201501,25,PANW,PALO ALTO NETWORKS INC,13511,839.7184,0.9942042984786283,4141
201502,1,FEYE,MANDIANT INC,14159,973.67035,1.0,4130
201502,2,TWTR,TWITTER INC,14295,954.9659,0.9997578692493947,4130
201502,3,FSLR,FIRST SOLAR INC,91611,924.5702,0.9995157384987894,4130
201502,4,NFLX,NETFLIX INC,89393,911.1162,0.999273607748184,4130
201502,5,TRIP,TRIPADVISOR INC,13168,907.35114,0.9990314769975787,4130
201502,6,TSLA,TESLA INC,93436,901.7753,0.9987893462469734,4130
201502,7,LNKD,LINKEDIN CORP,12742,900.98145,0.998547215496368,4130
201502,8,GRPN,GROUPON INC,13108,898.18604,0.9983050847457627,4130
201502,9,JCP,PENNEY J C CO INC,18403,897.8121,0.9980629539951574,4130
201502,10,S,SPRINT CORP NEW,14040,893.4302,0.997820823244552,4130
201502,11,GPRO,GOPRO INC,14694,889.5771,0.9975786924939467,4130
201502,12,ARIA,ARIAD PHARMACEUTICALS INC,80918,874.61127,0.9973365617433414,4130
201502,13,SPLK,SPLUNK INC,13379,873.62085,0.9970944309927361,4130
201502,14,PANW,PALO ALTO NETWORKS INC,13511,869.5015,0.9968523002421308,4130
201502,15,RIG,TRANSOCEAN LTD,79237,865.5807,0.9966101694915255,4130
201502,16,PCLN,BOOKING HOLDINGS INC,86783,864.9174,0.9963680387409201,4130
201502,17,UA,UNDER ARMOUR INC,90979,861.24695,0.9961259079903148,4130
201502,18,BBRY,BLACKBERRY LTD,86745,854.3964,0.9958837772397094,4130
201502,19,DATA,TABLEAU SOFTWARE INC,13914,851.76404,0.9956416464891041,4130
201502,20,WFM,WHOLE FOODS MARKET INC,77281,844.93304,0.9953995157384988,4130
201502,21,EXPE,EXPEDIA GROUP INC,90808,842.2318,0.9951573849878934,4130
201502,22,CRM,SALESFORCE INC,90215,841.3721,0.9949152542372881,4130
201502,23,SCTY,SOLARCITY CORP,13711,839.4203,0.9946731234866828,4130
201502,24,P,PANDORA MEDIA INC,12873,838.9511,0.9944309927360775,4130
201502,25,SPWR,SUNPOWER CORP,90978,838.2826,0.9941888619854722,4130
201503,1,TWTR,TWITTER INC,14295,935.1011,1.0,4133
201503,2,NFLX,NETFLIX INC,89393,923.4443,0.9997580450036293,4133
201503,3,ICPT,INTERCEPT PHARMACEUTICALS INC,13643,912.0012,0.9995160900072586,4133
201503,4,LULU,LULULEMON ATHLETICA INC,92203,899.6231,0.999274135010888,4133
201503,5,TSLA,TESLA INC,93436,898.8359,0.9990321800145173,4133
201503,6,GPRO,GOPRO INC,14694,892.4439,0.9987902250181466,4133
201503,7,FEYE,MANDIANT INC,14159,875.3468,0.9985482700217759,4133
201503,8,JBLU,JETBLUE AIRWAYS CORP,89353,874.7255,0.9983063150254052,4133
201503,9,CTRP,TRIP COM GROUP LTD,89927,867.899,0.9980643600290346,4133
201503,10,PANW,PALO ALTO NETWORKS INC,13511,864.30725,0.997822405032664,4133
201503,11,GME,GAMESTOP CORP NEW,89301,862.00287,0.9975804500362933,4133
201503,12,P,PANDORA MEDIA INC,12873,861.3308,0.9973384950399226,4133
201503,13,LOCO,EL POLLO LOCO HOLDINGS INC,14812,858.1781,0.9970965400435519,4133
201503,14,X,UNITED STATES STEEL CORP NEW,76644,857.4279,0.9968545850471813,4133
201503,15,ZNGA,ZYNGA INC,13169,855.59784,0.9966126300508106,4133
201503,16,ARIA,ARIAD PHARMACEUTICALS INC,80918,847.4656,0.9963706750544399,4133
201503,17,WYNN,WYNN RESORTS LTD,89533,845.7527,0.9961287200580692,4133
201503,18,JCP,PENNEY J C CO INC,18403,845.4878,0.9958867650616985,4133
201503,19,LL,L L FLOORING HOLDINGS INC,92400,845.1382,0.9956448100653279,4133
201503,20,RIG,TRANSOCEAN LTD,79237,844.92175,0.9954028550689572,4133
201503,21,FSLR,FIRST SOLAR INC,91611,840.53015,0.9951609000725865,4133
201503,22,ESPR,ESPERION THERAPEUTICS INC NEW,13954,839.26086,0.9949189450762158,4133
201503,23,FCX,FREEPORT MCMORAN INC,81774,837.82025,0.9946769900798451,4133
201503,24,JUNO,JUNO THERAPEUTICS INC,15134,836.8699,0.9944350350834745,4133
201503,25,UA,UNDER ARMOUR INC,90979,836.28,0.9941930800871038,4133
201504,1,NFLX,NETFLIX INC,89393,983.2703,1.0,4183
201504,2,TSLA,TESLA INC,93436,966.24066,0.9997609371264643,4183
201504,3,GPRO,GOPRO INC,14694,923.3314,0.9995218742529285,4183
201504,4,FCX,FREEPORT MCMORAN INC,81774,911.19415,0.9992828113793928,4183
201504,5,FEYE,MANDIANT INC,14159,904.77606,0.9990437485058571,4183
201504,6,SCTY,SOLARCITY CORP,13711,895.32916,0.9988046856323213,4183
201504,7,TWTR,TWITTER INC,14295,894.0559,0.9985656227587856,4183
201504,8,PBR,PETROLEO BRASILEIRO SA PETROBRAS,88490,882.04767,0.9983265598852499,4183
201504,9,UA,UNDER ARMOUR INC,90979,881.1647,0.9980874970117141,4183
201504,10,RIG,TRANSOCEAN LTD,79237,880.6592,0.9978484341381784,4183
201504,11,AKS,A K STEEL HOLDING CORP,80303,879.27844,0.9976093712646426,4183
201504,12,P,PANDORA MEDIA INC,12873,878.9753,0.9973703083911069,4183
201504,13,VALE,VALE S A,89330,876.5856,0.9971312455175712,4183
201504,14,AMZN,AMAZON COM INC,84788,875.15826,0.9968921826440353,4183
201504,15,OAS,OASIS PETROLEUM INC,93420,874.60706,0.9966531197704996,4183
201504,16,JBLU,JETBLUE AIRWAYS CORP,89353,873.2769,0.9964140568969639,4183
201504,17,X,UNITED STATES STEEL CORP NEW,76644,867.35516,0.9961749940234281,4183
201504,18,LNKD,LINKEDIN CORP,12742,861.32806,0.9959359311498924,4183
201504,19,FSLR,FIRST SOLAR INC,91611,858.8457,0.9956968682763567,4183
201504,20,PANW,PALO ALTO NETWORKS INC,13511,854.64514,0.9954578054028209,4183
201504,21,RAD,RITE AID CORP,46922,852.6503,0.9952187425292852,4183
201504,22,WUBA,58 COM INC,14209,845.3795,0.9949796796557495,4183
201504,23,LL,L L FLOORING HOLDINGS INC,92400,844.781,0.9947406167822137,4183
201504,24,PCLN,BOOKING HOLDINGS INC,86783,844.4936,0.994501553908678,4183
201504,25,AVP,AVON PRODUCTS INC,40416,844.0995,0.9942624910351422,4183
201505,1,NFLX,NETFLIX INC,89393,954.2501,1.0,4185
201505,2,TSLA,TESLA INC,93436,929.3528,0.9997610513739545,4185
201505,3,YELP,YELP INC,13318,929.0734,0.9995221027479092,4185
201505,4,ZU,ZULILY INC,14327,901.06647,0.9992831541218637,4185
201505,5,RIG,TRANSOCEAN LTD,79237,891.72675,0.9990442054958184,4185
201505,6,AKS,A K STEEL HOLDING CORP,80303,880.3391,0.998805256869773,4185
201505,7,JCP,PENNEY J C CO INC,18403,879.86414,0.9985663082437276,4185
201505,8,SRPT,SAREPTA THERAPEUTICS INC,85002,874.3682,0.9983273596176822,4185
201505,9,GME,GAMESTOP CORP NEW,89301,871.21875,0.9980884109916368,4185
201505,10,DATA,TABLEAU SOFTWARE INC,13914,870.40784,0.9978494623655914,4185
201505,11,X,UNITED STATES STEEL CORP NEW,76644,868.4499,0.997610513739546,4185
201505,12,BABA,ALIBABA GROUP HOLDING LTD,14888,863.5296,0.9973715651135006,4185
201505,13,GPRO,GOPRO INC,14694,863.4093,0.9971326164874552,4185
201505,14,FEYE,MANDIANT INC,14159,862.08887,0.9968936678614098,4185
201505,15,CTRP,TRIP COM GROUP LTD,89927,861.7965,0.9966547192353644,4185
201505,16,PANW,PALO ALTO NETWORKS INC,13511,858.26825,0.996415770609319,4185
201505,17,Z,ZILLOW GROUP INC,12927,856.79126,0.9961768219832736,4185
201505,18,ZNGA,ZYNGA INC,13169,854.4063,0.9959378733572282,4185
201505,19,OAS,OASIS PETROLEUM INC,93420,853.3593,0.9956989247311828,4185
201505,20,AEO,AMERICAN EAGLE OUTFITTERS INC NE,80432,849.6795,0.9954599761051374,4185
201505,21,BBRY,BLACKBERRY LTD,86745,849.1587,0.995221027479092,4185
201505,22,TWTR,TWITTER INC,14295,848.65027,0.9949820788530466,4185
201505,23,VALE,VALE S A,89330,845.6565,0.9947431302270012,4185
201505,24,CRM,SALESFORCE INC,90215,842.35944,0.9945041816009558,4185
201505,25,OUTR,OUTERWALL INC,85173,841.9089,0.9942652329749104,4185
201506,1,NFLX,NETFLIX INC,89393,953.63544,1.0,4187
201506,2,TSLA,TESLA INC,93436,949.153,0.9997611655123,4187
201506,3,GPRO,GOPRO INC,14694,903.3491,0.9995223310246,4187
201506,4,SGYP,SYNERGY PHARMACEUTICALS INC,13167,903.15753,0.9992834965369,4187
201506,5,LULU,LULULEMON ATHLETICA INC,92203,894.8981,0.9990446620492,4187
201506,6,FEYE,MANDIANT INC,14159,893.644,0.9988058275614998,4187
201506,7,TWTR,TWITTER INC,14295,892.57477,0.9985669930737998,4187
201506,8,QIHU,QIHOO 360 TECHNOLOGY CO LTD,12636,880.26483,0.9983281585860998,4187
201506,9,TRIP,TRIPADVISOR INC,13168,876.09656,0.9980893240983998,4187
201506,10,FB,META PLATFORMS INC,13407,872.2272,0.9978504896106998,4187
201506,11,BBRY,BLACKBERRY LTD,86745,868.7445,0.9976116551229998,4187
201506,12,ZU,ZULILY INC,14327,868.53406,0.9973728206352998,4187
201506,13,X,UNITED STATES STEEL CORP NEW,76644,866.63354,0.9971339861475997,4187
201506,14,RIG,TRANSOCEAN LTD,79237,863.15027,0.9968951516598997,4187
201506,15,RCPT,RECEPTOS INC,13942,856.38245,0.9966563171721997,4187
201506,16,UA,UNDER ARMOUR INC,90979,853.18915,0.9964174826844996,4187
201506,17,PBR,PETROLEO BRASILEIRO SA PETROBRAS,88490,848.63306,0.9961786481967996,4187
201506,18,MBLY,MOBILEYE N V,14856,843.17456,0.9959398137090996,4187
201506,19,KBH,K B HOME,70092,840.6349,0.9957009792213996,4187
201506,20,T,A T & T INC,66093,840.40424,0.9954621447336995,4187
201506,21,Z,ZILLOW GROUP INC,12927,838.2809,0.9952233102459995,4187
201506,22,CMG,CHIPOTLE MEXICAN GRILL INC,91068,836.84125,0.9949844757582995,4187
201506,23,INVN,INVENSENSE INC,13081,836.1483,0.9947456412705995,4187
201506,24,PANW,PALO ALTO NETWORKS INC,13511,835.02997,0.9945068067828995,4187
201506,25,FCX,FREEPORT MCMORAN INC,81774,832.9046,0.9942679722951995,4187
201507,1,NFLX,NETFLIX INC,89393,963.7702,1.0,4178
201507,2,TSLA,TESLA INC,93436,943.10846,0.9997606510292005,4178
201507,3,X,UNITED STATES STEEL CORP NEW,76644,932.90125,0.9995213020584012,4178
201507,4,UA,UNDER ARMOUR INC,90979,920.04364,0.9992819530876017,4178
201507,5,AMZN,AMAZON COM INC,84788,911.20154,0.9990426041168023,4178
201507,6,GPRO,GOPRO INC,14694,908.8664,0.9988032551460029,4178
201507,7,CMG,CHIPOTLE MEXICAN GRILL INC,91068,906.50195,0.9985639061752034,4178
201507,8,FB,META PLATFORMS INC,13407,898.9899,0.998324557204404,4178
201507,9,TWTR,TWITTER INC,14295,898.0349,0.9980852082336046,4178
201507,10,SGYP,SYNERGY PHARMACEUTICALS INC,13167,896.12427,0.9978458592628052,4178
201507,11,P,PANDORA MEDIA INC,12873,880.37524,0.9976065102920058,4178
201507,12,ANAC,ANACOR PHARMACEUTICALS INC,12392,876.10736,0.9973671613212063,4178
201507,13,ETSY,ETSY INC,15291,868.509,0.9971278123504069,4178
201507,14,WYNN,WYNN RESORTS LTD,89533,867.8504,0.9968884633796075,4178
201507,15,EXPE,EXPEDIA GROUP INC,90808,858.9787,0.996649114408808,4178
201507,16,SCTY,SOLARCITY CORP,13711,858.9368,0.9964097654380086,4178
201507,17,SNDK,SANDISK CORP,82618,857.1954,0.9961704164672092,4178
201507,18,FEYE,MANDIANT INC,14159,855.6697,0.9959310674964098,4178
201507,19,Z,ZILLOW GROUP INC,12927,846.4475,0.9956917185256103,4178
201507,20,CHK,CHESAPEAKE ENERGY CORP,78877,844.3288,0.9954523695548109,4178
201507,21,RIG,TRANSOCEAN LTD,79237,844.2988,0.9952130205840115,4178
201507,22,ISRG,INTUITIVE SURGICAL INC,88352,844.2021,0.994973671613212,4178
201507,23,PCLN,BOOKING HOLDINGS INC,86783,838.78973,0.9947343226424127,4178
201507,24,XON,PRECIGEN INC,14072,831.7933,0.9944949736716132,4178
201507,25,NTCT,NETSCOUT SYSTEMS INC,87179,831.4922,0.9942556247008137,4178
201508,1,NFLX,NETFLIX INC,89393,961.89417,1.0,4178
201508,2,S,SPRINT CORP NEW,14040,923.943,0.9997606510292005,4178
201508,3,JCP,PENNEY J C CO INC,18403,918.36084,0.9995213020584012,4178
201508,4,TWTR,TWITTER INC,14295,916.9042,0.9992819530876017,4178
201508,5,TSLA,TESLA INC,93436,914.747,0.9990426041168023,4178
201508,6,FCX,FREEPORT MCMORAN INC,81774,894.33826,0.9988032551460029,4178
201508,7,RIG,TRANSOCEAN LTD,79237,893.66315,0.9985639061752034,4178
201508,8,ARIA,ARIAD PHARMACEUTICALS INC,80918,886.26465,0.998324557204404,4178
201508,9,ANF,ABERCROMBIE & FITCH CO,83976,875.3578,0.9980852082336046,4178
201508,10,X,UNITED STATES STEEL CORP NEW,76644,874.0311,0.9978458592628052,4178
201508,11,WLL,WHITING PETROLEUM CORP NEW,89901,865.02625,0.9976065102920058,4178
201508,12,DDD,3 D SYSTEMS CORP DEL,78664,863.26196,0.9973671613212063,4178
201508,13,AMZN,AMAZON COM INC,84788,860.00885,0.9971278123504069,4178
201508,14,FSLR,FIRST SOLAR INC,91611,859.5716,0.9968884633796075,4178
201508,15,CHK,CHESAPEAKE ENERGY CORP,78877,858.3231,0.996649114408808,4178
201508,16,FIT,FITBIT INC,15390,857.7074,0.9964097654380086,4178
201508,17,UA,UNDER ARMOUR INC,90979,856.41284,0.9961704164672092,4178
201508,18,ZU,ZULILY INC,14327,851.93805,0.9959310674964098,4178
201508,19,LL,L L FLOORING HOLDINGS INC,92400,851.81415,0.9956917185256103,4178
201508,20,OAS,OASIS PETROLEUM INC,93420,851.633,0.9954523695548109,4178
201508,21,SHAK,SHAKE SHACK INC,15167,848.68756,0.9952130205840115,4178
201508,22,AEO,AMERICAN EAGLE OUTFITTERS INC NE,80432,844.5945,0.994973671613212,4178
201508,23,ATVI,ACTIVISION BLIZZARD INC,79678,843.9365,0.9947343226424127,4178
201508,24,FB,META PLATFORMS INC,13407,841.8884,0.9944949736716132,4178
201508,25,BBY,BEST BUY COMPANY INC,85914,835.6179,0.9942556247008137,4178
201509,1,NFLX,NETFLIX INC,89393,973.48663,1.0,4168
201509,2,TWTR,TWITTER INC,14295,914.3061,0.9997600767754319,4168
201509,3,GPRO,GOPRO INC,14694,909.2524,0.9995201535508638,4168
201509,4,TSLA,TESLA INC,93436,902.1938,0.9992802303262955,4168
201509,5,FIT,FITBIT INC,15390,893.9165,0.9990403071017274,4168
201509,6,FCX,FREEPORT MCMORAN INC,81774,893.8146,0.9988003838771593,4168
201509,7,P,PANDORA MEDIA INC,12873,884.4116,0.9985604606525912,4168
201509,8,RIG,TRANSOCEAN LTD,79237,876.04254,0.9983205374280231,4168
201509,9,X,UNITED STATES STEEL CORP NEW,76644,866.8856,0.9980806142034548,4168
201509,10,AMZN,AMAZON COM INC,84788,865.61865,0.9978406909788867,4168
201509,11,JBLU,JETBLUE AIRWAYS CORP,89353,862.22815,0.9976007677543186,4168
201509,12,SYNA,SYNAPTICS INC,89290,861.90186,0.9973608445297505,4168
201509,13,PANW,PALO ALTO NETWORKS INC,13511,859.1707,0.9971209213051824,4168
201509,14,OAS,OASIS PETROLEUM INC,93420,856.7602,0.9968809980806143,4168
201509,15,UA,UNDER ARMOUR INC,90979,856.2947,0.996641074856046,4168
201509,16,JCP,PENNEY J C CO INC,18403,855.0078,0.9964011516314779,4168
201509,17,CHK,CHESAPEAKE ENERGY CORP,78877,853.2254,0.9961612284069098,4168
201509,18,WYNN,WYNN RESORTS LTD,89533,853.1091,0.9959213051823417,4168
201509,19,SHAK,SHAKE SHACK INC,15167,851.8609,0.9956813819577736,4168
201509,20,FB,META PLATFORMS INC,13407,849.3868,0.9954414587332053,4168
201509,21,UAL,UNITED AIRLINES HOLDINGS INC,91103,846.67645,0.9952015355086372,4168
201509,22,S,SPRINT CORP NEW,14040,844.8636,0.9949616122840691,4168
201509,23,FEYE,MANDIANT INC,14159,843.7027,0.994721689059501,4168
201509,24,JOY,JOY GLOBAL INC,89105,843.146,0.9944817658349329,4168
201509,25,MU,MICRON TECHNOLOGY INC,53613,842.6429,0.9942418426103646,4168
201510,1,TWTR,TWITTER INC,14295,962.2995,1.0,4155
201510,2,FCX,FREEPORT MCMORAN INC,81774,935.8618,0.9997593261131167,4155
201510,3,WYNN,WYNN RESORTS LTD,89533,909.9729,0.9995186522262335,4155
201510,4,AMZN,AMAZON COM INC,84788,891.08405,0.9992779783393502,4155
201510,5,TSLA,TESLA INC,93436,890.09094,0.9990373044524669,4155
201510,6,TRIP,TRIPADVISOR INC,13168,888.156,0.9987966305655837,4155
201510,7,OAS,OASIS PETROLEUM INC,93420,885.5802,0.9985559566787003,4155
201510,8,NFLX,NETFLIX INC,89393,883.93494,0.9983152827918171,4155
201510,9,RIG,TRANSOCEAN LTD,79237,881.0769,0.9980746089049338,4155
201510,10,LVS,LAS VEGAS SANDS CORP,90505,868.8726,0.9978339350180505,4155
201510,11,WTW,W W INTERNATIONAL INC,89244,865.1949,0.9975932611311673,4155
201510,12,LNKD,LINKEDIN CORP,12742,864.3926,0.997352587244284,4155
201510,13,SNDK,SANDISK CORP,82618,859.9663,0.9971119133574007,4155
201510,14,X,UNITED STATES STEEL CORP NEW,76644,857.3632,0.9968712394705175,4155
201510,15,LL,L L FLOORING HOLDINGS INC,92400,850.6346,0.9966305655836342,4155
201510,16,WLL,WHITING PETROLEUM CORP NEW,89901,847.8865,0.9963898916967509,4155
201510,17,S,SPRINT CORP NEW,14040,847.6677,0.9961492178098676,4155
201510,18,MU,MICRON TECHNOLOGY INC,53613,847.5352,0.9959085439229843,4155
201510,19,FSLR,FIRST SOLAR INC,91611,844.7673,0.9956678700361011,4155
201510,20,EXPE,EXPEDIA GROUP INC,90808,840.09424,0.9954271961492178,4155
201510,21,CAT,CATERPILLAR INC,18542,839.7768,0.9951865222623345,4155
201510,22,CHK,CHESAPEAKE ENERGY CORP,78877,838.1632,0.9949458483754513,4155
201510,23,FEYE,MANDIANT INC,14159,837.8425,0.994705174488568,4155
201510,24,AAL,AMERICAN AIRLINES GROUP INC,21020,832.9462,0.9944645006016847,4155
201510,25,FB,META PLATFORMS INC,13407,832.88837,0.9942238267148015,4155
201511,1,ANF,ABERCROMBIE & FITCH CO,83976,929.6024,1.0,4156
201511,2,TSLA,TESLA INC,93436,917.76886,0.9997593840230992,4156
201511,3,WTW,W W INTERNATIONAL INC,89244,914.561,0.9995187680461982,4156
201511,4,GMCR,KEURIG GREEN MOUNTAIN INC,79588,897.9733,0.9992781520692974,4156
201511,5,PANW,PALO ALTO NETWORKS INC,13511,890.9716,0.9990375360923965,4156
201511,6,SUNE,SUNEDISON INC,81776,890.0256,0.9987969201154957,4156
201511,7,NFLX,NETFLIX INC,89393,888.7511,0.9985563041385948,4156
201511,8,FCX,FREEPORT MCMORAN INC,81774,881.72345,0.9983156881616939,4156
201511,9,TWTR,TWITTER INC,14295,881.07556,0.9980750721847931,4156
201511,10,YELP,YELP INC,13318,872.24115,0.9978344562078922,4156
201511,11,SHAK,SHAKE SHACK INC,15167,860.2341,0.9975938402309913,4156
201511,12,OAS,OASIS PETROLEUM INC,93420,853.3411,0.9973532242540905,4156
201511,13,AMZN,AMAZON COM INC,84788,852.72894,0.9971126082771896,4156
201511,14,FEYE,MANDIANT INC,14159,850.38794,0.9968719923002888,4156
201511,15,FIT,FITBIT INC,15390,847.2754,0.9966313763233878,4156
201511,16,CMG,CHIPOTLE MEXICAN GRILL INC,91068,847.03815,0.996390760346487,4156
201511,17,GPRO,GOPRO INC,14694,845.33575,0.9961501443695862,4156
201511,18,RIG,TRANSOCEAN LTD,79237,845.1944,0.9959095283926853,4156
201511,19,WFM,WHOLE FOODS MARKET INC,77281,844.6894,0.9956689124157844,4156
201511,20,SCTY,SOLARCITY CORP,13711,844.2277,0.9954282964388835,4156
201511,21,LL,L L FLOORING HOLDINGS INC,92400,843.20306,0.9951876804619827,4156
201511,22,RAX,RACKSPACE HOSTING INC,92765,839.6002,0.9949470644850819,4156
201511,23,CTRP,TRIP COM GROUP LTD,89927,839.37524,0.9947064485081809,4156
201511,24,NVDA,NVIDIA CORP,86580,838.41614,0.9944658325312801,4156
201511,25,WYNN,WYNN RESORTS LTD,89533,837.5587,0.9942252165543792,4156
201512,1,WYNN,WYNN RESORTS LTD,89533,929.0524,1.0,4167
201512,2,LL,L L FLOORING HOLDINGS INC,92400,916.48944,0.9997600191984641,4167
201512,3,SCTY,SOLARCITY CORP,13711,915.02704,0.9995200383969283,4167
201512,4,SUNE,SUNEDISON INC,81776,913.797,0.9992800575953924,4167
201512,5,TSLA,TESLA INC,93436,908.1722,0.9990400767938565,4167
201512,6,WFM,WHOLE FOODS MARKET INC,77281,906.18,0.9988000959923207,4167
201512,7,FCX,FREEPORT MCMORAN INC,81774,900.89777,0.9985601151907847,4167
201512,8,TWTR,TWITTER INC,14295,900.60785,0.9983201343892488,4167
201512,9,WTW,W W INTERNATIONAL INC,89244,897.7748,0.998080153587713,4167
201512,10,NFLX,NETFLIX INC,89393,888.82654,0.9978401727861771,4167
201512,11,BBRY,BLACKBERRY LTD,86745,881.5027,0.9976001919846412,4167
201512,12,FSLR,FIRST SOLAR INC,91611,875.5581,0.9973602111831054,4167
201512,13,CMG,CHIPOTLE MEXICAN GRILL INC,91068,873.54877,0.9971202303815695,4167
201512,14,FIT,FITBIT INC,15390,868.2791,0.9968802495800336,4167
201512,15,X,UNITED STATES STEEL CORP NEW,76644,865.3599,0.9966402687784978,4167
201512,16,WLL,WHITING PETROLEUM CORP NEW,89901,855.3056,0.9964002879769619,4167
201512,17,KMI,KINDER MORGAN INC,12558,846.7537,0.9961603071754259,4167
201512,18,AMZN,AMAZON COM INC,84788,844.0213,0.99592032637389,4167
201512,19,TERP,TERRAFORM POWER INC,14831,837.6639,0.9956803455723542,4167
201512,20,SPWR,SUNPOWER CORP,90978,831.6935,0.9954403647708183,4167
201512,21,GPRO,GOPRO INC,14694,831.29816,0.9952003839692825,4167
201512,22,LULU,LULULEMON ATHLETICA INC,92203,830.7292,0.9949604031677466,4167
201512,23,OAS,OASIS PETROLEUM INC,93420,830.0285,0.9947204223662107,4167
201512,24,JOY,JOY GLOBAL INC,89105,829.2022,0.9944804415646749,4167
201512,25,RLYP,RELYPSA INC,14321,826.7946,0.994240460763139,4167
201601,1,WYNN,WYNN RESORTS LTD,89533,913.58386,1.0,4133
201601,2,FCX,FREEPORT MCMORAN INC,81774,904.1803,0.9997580450036293,4133
201601,3,UA,UNDER ARMOUR INC,90979,902.34045,0.9995160900072586,4133
201601,4,FB,META PLATFORMS INC,13407,898.28033,0.999274135010888,4133
201601,5,TWTR,TWITTER INC,14295,897.2004,0.9990321800145173,4133
201601,6,TSLA,TESLA INC,93436,891.79425,0.9987902250181466,4133
201601,7,GPRO,GOPRO INC,14694,889.8546,0.9985482700217759,4133
201601,8,NFLX,NETFLIX INC,89393,888.6744,0.9983063150254052,4133
201601,9,KMI,KINDER MORGAN INC,12558,885.02344,0.9980643600290346,4133
201601,10,CMG,CHIPOTLE MEXICAN GRILL INC,91068,875.8246,0.997822405032664,4133
201601,11,SCTY,SOLARCITY CORP,13711,874.3212,0.9975804500362933,4133
201601,12,WLL,WHITING PETROLEUM CORP NEW,89901,866.39594,0.9973384950399226,4133
201601,13,WTW,W W INTERNATIONAL INC,89244,865.73413,0.9970965400435519,4133
201601,14,AMZN,AMAZON COM INC,84788,862.5536,0.9968545850471813,4133
201601,15,CLR,CONTINENTAL RESOURCES INC,91983,855.7598,0.9966126300508106,4133
201601,16,PANW,PALO ALTO NETWORKS INC,13511,853.7129,0.9963706750544399,4133
201601,17,FSLR,FIRST SOLAR INC,91611,850.8271,0.9961287200580692,4133
201601,18,S,SPRINT CORP NEW,14040,848.8458,0.9958867650616985,4133
201601,19,FIT,FITBIT INC,15390,848.8018,0.9956448100653279,4133
201601,20,ISRG,INTUITIVE SURGICAL INC,88352,846.467,0.9954028550689572,4133
201601,21,COH,TAPESTRY INC,88661,845.3296,0.9951609000725865,4133
201601,22,X,UNITED STATES STEEL CORP NEW,76644,845.07294,0.9949189450762158,4133
201601,23,AMD,ADVANCED MICRO DEVICES INC,61241,844.5735,0.9946769900798451,4133
201601,24,MU,MICRON TECHNOLOGY INC,53613,834.6327,0.9944350350834745,4133
201601,25,CRUS,CIRRUS LOGIC INC,75603,833.7034,0.9941930800871038,4133
201602,1,TWTR,TWITTER INC,14295,967.3691,1.0,4120
201602,2,FCX,FREEPORT MCMORAN INC,81774,965.7257,0.999757281553398,4120
201602,3,WYNN,WYNN RESORTS LTD,89533,951.847,0.9995145631067961,4120
201602,4,GPRO,GOPRO INC,14694,940.6219,0.9992718446601941,4120
201602,5,X,UNITED STATES STEEL CORP NEW,76644,923.60675,0.9990291262135922,4120
201602,6,GRPN,GROUPON INC,13108,919.7872,0.9987864077669902,4120
201602,7,TSLA,TESLA INC,93436,917.07715,0.9985436893203884,4120
201602,8,FOSL,FOSSIL GROUP INC,79089,916.1391,0.9983009708737864,4120
201602,9,CMG,CHIPOTLE MEXICAN GRILL INC,91068,911.66876,0.9980582524271845,4120
201602,10,SCTY,SOLARCITY CORP,13711,890.7009,0.9978155339805825,4120
201602,11,JCP,PENNEY J C CO INC,18403,890.1318,0.9975728155339806,4120
201602,12,NFLX,NETFLIX INC,89393,889.8017,0.9973300970873786,4120
201602,13,WLL,WHITING PETROLEUM CORP NEW,89901,887.01917,0.9970873786407767,4120
201602,14,FEYE,MANDIANT INC,14159,885.15295,0.9968446601941747,4120
201602,15,FSLR,FIRST SOLAR INC,91611,878.5413,0.9966019417475728,4120
201602,16,KMI,KINDER MORGAN INC,12558,877.0737,0.9963592233009708,4120
201602,17,PANW,PALO ALTO NETWORKS INC,13511,873.4157,0.996116504854369,4120
201602,18,KORS,CAPRI HOLDINGS LTD,13142,865.34143,0.995873786407767,4120
201602,19,DDD,3 D SYSTEMS CORP DEL,78664,862.72266,0.9956310679611651,4120
201602,20,CLR,CONTINENTAL RESOURCES INC,91983,861.3648,0.9953883495145631,4120
201602,21,PCLN,BOOKING HOLDINGS INC,86783,858.7883,0.9951456310679612,4120
201602,22,FIT,FITBIT INC,15390,856.80945,0.9949029126213592,4120
201602,23,DVN,DEVON ENERGY CORP NEW,87137,855.4556,0.9946601941747573,4120
201602,24,CENX,CENTURY ALUMINUM CO,83244,853.991,0.9944174757281553,4120
201602,25,ABX,BARRICK MINING CORP,71298,849.93036,0.9941747572815534,4120
201603,1,X,UNITED STATES STEEL CORP NEW,76644,1005.2025,1.0,4117
201603,2,FCX,FREEPORT MCMORAN INC,81774,985.2862,0.9997571046878795,4117
201603,3,DDD,3 D SYSTEMS CORP DEL,78664,946.6447,0.9995142093757591,4117
201603,4,WYNN,WYNN RESORTS LTD,89533,918.1347,0.9992713140636386,4117
201603,5,GPRO,GOPRO INC,14694,912.1312,0.999028418751518,4117
201603,6,WLL,WHITING PETROLEUM CORP NEW,89901,905.84985,0.9987855234393976,4117
201603,7,SCTY,SOLARCITY CORP,13711,897.2299,0.9985426281272771,4117
201603,8,TWTR,TWITTER INC,14295,896.48944,0.9982997328151567,4117
201603,9,LULU,LULULEMON ATHLETICA INC,92203,893.87897,0.9980568375030362,4117
201603,10,TSLA,TESLA INC,93436,889.7111,0.9978139421909157,4117
201603,11,NFLX,NETFLIX INC,89393,889.5593,0.9975710468787953,4117
201603,12,SWN,SOUTHWESTERN ENERGY CO,63765,889.02246,0.9973281515666748,4117
201603,13,JOY,JOY GLOBAL INC,89105,885.2621,0.9970852562545542,4117
201603,14,CMG,CHIPOTLE MEXICAN GRILL INC,91068,881.50946,0.9968423609424338,4117
201603,15,RIG,TRANSOCEAN LTD,79237,881.17114,0.9965994656303133,4117
201603,16,FIT,FITBIT INC,15390,881.06366,0.9963565703181929,4117
201603,17,OAS,OASIS PETROLEUM INC,93420,878.1218,0.9961136750060724,4117
201603,18,CHK,CHESAPEAKE ENERGY CORP,78877,873.2066,0.9958707796939519,4117
201603,19,AKS,A K STEEL HOLDING CORP,80303,872.56165,0.9956278843818315,4117
201603,20,PBR,PETROLEO BRASILEIRO SA PETROBRAS,88490,870.3978,0.995384989069711,4117
201603,21,LL,L L FLOORING HOLDINGS INC,92400,866.66797,0.9951420937575904,4117
201603,22,DVN,DEVON ENERGY CORP NEW,87137,863.29694,0.99489919844547,4117
201603,23,CLR,CONTINENTAL RESOURCES INC,91983,855.3464,0.9946563031333495,4117
201603,24,SDRL,SEADRILL LTD 2021,93338,855.056,0.994413407821229,4117
201603,25,MRO,MARATHON OIL CORP,15069,854.6839,0.9941705125091086,4117
201604,1,FCX,FREEPORT MCMORAN INC,81774,986.18536,1.0,4125
201604,2,GPRO,GOPRO INC,14694,970.85223,0.9997575757575757,4125
201604,3,X,UNITED STATES STEEL CORP NEW,76644,961.15967,0.9995151515151515,4125
201604,4,FIT,FITBIT INC,15390,941.4027,0.9992727272727273,4125
201604,5,TSLA,TESLA INC,93436,934.7205,0.999030303030303,4125
201604,6,CHK,CHESAPEAKE ENERGY CORP,78877,926.01636,0.9987878787878788,4125
201604,7,WLL,WHITING PETROLEUM CORP NEW,89901,922.9388,0.9985454545454545,4125
201604,8,DDD,3 D SYSTEMS CORP DEL,78664,916.83826,0.9983030303030302,4125
201604,9,SWN,SOUTHWESTERN ENERGY CO,63765,912.63745,0.9980606060606061,4125
201604,10,WYNN,WYNN RESORTS LTD,89533,907.3159,0.9978181818181818,4125
201604,11,TWTR,TWITTER INC,14295,904.63513,0.9975757575757576,4125
201604,12,OAS,OASIS PETROLEUM INC,93420,902.48517,0.9973333333333333,4125
201604,13,JOY,JOY GLOBAL INC,89105,893.9722,0.9970909090909091,4125
201604,14,SCTY,SOLARCITY CORP,13711,890.7031,0.9968484848484849,4125
201604,15,RIG,TRANSOCEAN LTD,79237,888.4587,0.9966060606060606,4125
201604,16,MRO,MARATHON OIL CORP,15069,887.8771,0.9963636363636363,4125
201604,17,AMD,ADVANCED MICRO DEVICES INC,61241,886.94824,0.9961212121212121,4125
201604,18,CLF,CLEVELAND CLIFFS INC NEW,27422,882.02747,0.9958787878787879,4125
201604,19,FEYE,MANDIANT INC,14159,875.9922,0.9956363636363637,4125
201604,20,AKS,A K STEEL HOLDING CORP,80303,870.76324,0.9953939393939394,4125
201604,21,NFLX,NETFLIX INC,89393,869.0391,0.9951515151515151,4125
201604,22,VALE,VALE S A,89330,868.24524,0.9949090909090909,4125
201604,23,P,PANDORA MEDIA INC,12873,867.44824,0.9946666666666667,4125
201604,24,SKX,SKECHERS U S A INC,86949,866.68414,0.9944242424242424,4125
201604,25,AMZN,AMAZON COM INC,84788,864.2906,0.9941818181818182,4125
201605,1,FCX,FREEPORT MCMORAN INC,81774,963.84045,1.0,4124
201605,2,SRPT,SAREPTA THERAPEUTICS INC,85002,939.19653,0.9997575169738119,4124
201605,3,X,UNITED STATES STEEL CORP NEW,76644,928.96564,0.9995150339476236,4124
201605,4,TSLA,TESLA INC,93436,922.3479,0.9992725509214355,4124
201605,5,NVDA,NVIDIA CORP,86580,912.2589,0.9990300678952473,4124
201605,6,WLL,WHITING PETROLEUM CORP NEW,89901,909.87695,0.9987875848690592,4124
201605,7,YELP,YELP INC,13318,909.3801,0.998545101842871,4124
201605,8,SCTY,SOLARCITY CORP,13711,902.0693,0.9983026188166828,4124
201605,9,NFLX,NETFLIX INC,89393,900.19617,0.9980601357904947,4124
201605,10,TWTR,TWITTER INC,14295,898.08966,0.9978176527643065,4124
201605,11,WYNN,WYNN RESORTS LTD,89533,894.0451,0.9975751697381183,4124
201605,12,CHK,CHESAPEAKE ENERGY CORP,78877,886.88654,0.9973326867119302,4124
201605,13,RIG,TRANSOCEAN LTD,79237,884.64264,0.997090203685742,4124
201605,14,MU,MICRON TECHNOLOGY INC,53613,883.3147,0.9968477206595538,4124
201605,15,DDD,3 D SYSTEMS CORP DEL,78664,876.5339,0.9966052376333656,4124
201605,16,PBR,PETROLEO BRASILEIRO SA PETROBRAS,88490,866.18744,0.9963627546071775,4124
201605,17,FIT,FITBIT INC,15390,864.95844,0.9961202715809894,4124
201605,18,CMG,CHIPOTLE MEXICAN GRILL INC,91068,864.21466,0.9958777885548011,4124
201605,19,HPE,HEWLETT PACKARD ENTERPRISE CO,15707,859.2884,0.995635305528613,4124
201605,20,GPRO,GOPRO INC,14694,858.8694,0.9953928225024248,4124
201605,21,SWN,SOUTHWESTERN ENERGY CO,63765,856.9466,0.9951503394762367,4124
201605,22,CLF,CLEVELAND CLIFFS INC NEW,27422,856.16547,0.9949078564500485,4124
201605,23,JOY,JOY GLOBAL INC,89105,852.6202,0.9946653734238603,4124
201605,24,LNKD,LINKEDIN CORP,12742,851.1918,0.9944228903976722,4124
201605,25,FEYE,MANDIANT INC,14159,847.15247,0.9941804073714839,4124
201606,1,TWTR,TWITTER INC,14295,946.93616,1.0,4121
201606,2,EXAS,EXACT SCIENCES CORP,88863,941.0802,0.9997573404513468,4121
201606,3,FCX,FREEPORT MCMORAN INC,81774,930.9917,0.9995146809026936,4121
201606,4,X,UNITED STATES STEEL CORP NEW,76644,927.75653,0.9992720213540403,4121
201606,5,AMD,ADVANCED MICRO DEVICES INC,61241,917.10443,0.999029361805387,4121
201606,6,WLL,WHITING PETROLEUM CORP NEW,89901,906.778,0.9987867022567338,4121
201606,7,TSLA,TESLA INC,93436,905.0119,0.9985440427080806,4121
201606,8,RIG,TRANSOCEAN LTD,79237,903.81354,0.9983013831594273,4121
201606,9,NFLX,NETFLIX INC,89393,899.764,0.9980587236107741,4121
201606,10,SCTY,SOLARCITY CORP,13711,898.84125,0.9978160640621209,4121
201606,11,MU,MICRON TECHNOLOGY INC,53613,895.9632,0.9975734045134677,4121
201606,12,CMG,CHIPOTLE MEXICAN GRILL INC,91068,892.05774,0.9973307449648143,4121
201606,13,MRO,MARATHON OIL CORP,15069,891.3473,0.9970880854161611,4121
201606,14,SWN,SOUTHWESTERN ENERGY CO,63765,889.67505,0.9968454258675079,4121
201606,15,JOY,JOY GLOBAL INC,89105,889.2602,0.9966027663188547,4121
201606,16,CHK,CHESAPEAKE ENERGY CORP,78877,883.62,0.9963601067702014,4121
201606,17,GPRO,GOPRO INC,14694,882.6183,0.9961174472215482,4121
201606,18,ETE,ENERGY TRANSFER L P,91111,877.8999,0.995874787672895,4121
201606,19,LULU,LULULEMON ATHLETICA INC,92203,876.8495,0.9956321281242417,4121
201606,20,PBR,PETROLEO BRASILEIRO SA PETROBRAS,88490,868.39075,0.9953894685755884,4121
201606,21,CLF,CLEVELAND CLIFFS INC NEW,27422,864.69543,0.9951468090269352,4121
201606,22,SRPT,SAREPTA THERAPEUTICS INC,85002,862.45593,0.994904149478282,4121
201606,23,LL,L L FLOORING HOLDINGS INC,92400,857.4011,0.9946614899296288,4121
201606,24,WFM,WHOLE FOODS MARKET INC,77281,853.7861,0.9944188303809754,4121
201606,25,ABX,BARRICK MINING CORP,71298,852.46967,0.9941761708323222,4121
201607,1,S,SPRINT CORP NEW,14040,950.01746,1.0,4096
201607,2,TWTR,TWITTER INC,14295,940.09576,0.999755859375,4096
201607,3,AMD,ADVANCED MICRO DEVICES INC,61241,934.50104,0.99951171875,4096
201607,4,EXAS,EXACT SCIENCES CORP,88863,934.1878,0.999267578125,4096
201607,5,FCX,FREEPORT MCMORAN INC,81774,928.16797,0.9990234375,4096
201607,6,X,UNITED STATES STEEL CORP NEW,76644,926.6654,0.998779296875,4096
201607,7,GPRO,GOPRO INC,14694,917.6605,0.99853515625,4096
201607,8,CMG,CHIPOTLE MEXICAN GRILL INC,91068,914.9111,0.998291015625,4096
201607,9,TSLA,TESLA INC,93436,905.26294,0.998046875,4096
201607,10,NFLX,NETFLIX INC,89393,897.0414,0.997802734375,4096
201607,11,SRPT,SAREPTA THERAPEUTICS INC,85002,893.37866,0.99755859375,4096
201607,12,STX,SEAGATE TECHNOLOGY HOLDINGS PLC,89641,892.85065,0.997314453125,4096
201607,13,CLF,CLEVELAND CLIFFS INC NEW,27422,890.1731,0.9970703125,4096
201607,14,WLL,WHITING PETROLEUM CORP NEW,89901,883.5356,0.996826171875,4096
201607,15,AKS,A K STEEL HOLDING CORP,80303,878.3685,0.99658203125,4096
201607,16,NVDA,NVIDIA CORP,86580,878.20197,0.996337890625,4096
201607,17,P,PANDORA MEDIA INC,12873,876.32245,0.99609375,4096
201607,18,GRPN,GROUPON INC,13108,874.604,0.995849609375,4096
201607,19,VMW,VMWARE INC,92257,874.4864,0.99560546875,4096
201607,20,FEYE,MANDIANT INC,14159,871.524,0.995361328125,4096
201607,21,RIG,TRANSOCEAN LTD,79237,869.15375,0.9951171875,4096
201607,22,CHK,CHESAPEAKE ENERGY CORP,78877,864.47284,0.994873046875,4096
201607,23,VRX,BAUSCH HEALTH COMPANIES INC,80307,859.60126,0.99462890625,4096
201607,24,HLF,HERBALIFE LTD,90516,859.5621,0.994384765625,4096
201607,25,SCTY,SOLARCITY CORP,13711,859.1575,0.994140625,4096
201608,1,GPRO,GOPRO INC,14694,994.1164,1.0,4086
201608,2,TWTR,TWITTER INC,14295,970.0187,0.9997552618697993,4086
201608,3,FIT,FITBIT INC,15390,929.7487,0.9995105237395986,4086
201608,4,CHK,CHESAPEAKE ENERGY CORP,78877,921.0904,0.9992657856093979,4086
201608,5,BBY,BEST BUY COMPANY INC,85914,920.76196,0.9990210474791973,4086
201608,6,JCP,PENNEY J C CO INC,18403,901.9285,0.9987763093489965,4086
201608,7,AMD,ADVANCED MICRO DEVICES INC,61241,900.7854,0.9985315712187959,4086
201608,8,YELP,YELP INC,13318,900.5238,0.9982868330885952,4086
201608,9,REN,RESOLUTE ENERGY CORP,93031,899.5964,0.9980420949583945,4086
201608,10,TWLO,TWILIO INC,16140,896.3909,0.9977973568281938,4086
201608,11,URBN,URBAN OUTFITTERS INC,79881,890.2607,0.9975526186979932,4086
201608,12,X,UNITED STATES STEEL CORP NEW,76644,886.9983,0.9973078805677925,4086
201608,13,TSLA,TESLA INC,93436,883.3226,0.9970631424375918,4086
201608,14,NVDA,NVIDIA CORP,86580,880.1953,0.9968184043073911,4086
201608,15,NFLX,NETFLIX INC,89393,879.9678,0.9965736661771905,4086
201608,16,VRX,BAUSCH HEALTH COMPANIES INC,80307,875.02386,0.9963289280469897,4086
201608,17,GNW,GENWORTH FINANCIAL INC,90162,874.07947,0.996084189916789,4086
201608,18,RIG,TRANSOCEAN LTD,79237,869.2191,0.9958394517865884,4086
201608,19,NTAP,NETAPP INC,82598,868.8839,0.9955947136563876,4086
201608,20,M,MACYS INC,77462,868.20685,0.995349975526187,4086
201608,21,DDD,3 D SYSTEMS CORP DEL,78664,868.0947,0.9951052373959863,4086
201608,22,DE,DEERE & CO,19350,866.0479,0.9948604992657856,4086
201608,23,OAS,OASIS PETROLEUM INC,93420,865.2093,0.9946157611355849,4086
201608,24,WLL,WHITING PETROLEUM CORP NEW,89901,862.55426,0.9943710230053843,4086
201608,25,CMG,CHIPOTLE MEXICAN GRILL INC,91068,860.66724,0.9941262848751835,4086
201609,1,TWTR,TWITTER INC,14295,1017.6223,1.0,4055
201609,2,GPRO,GOPRO INC,14694,965.63055,0.9997533908754624,4055
201609,3,CMG,CHIPOTLE MEXICAN GRILL INC,91068,936.0197,0.9995067817509248,4055
201609,4,SRPT,SAREPTA THERAPEUTICS INC,85002,930.99866,0.9992601726263872,4055
201609,5,CLVS,CLOVIS ONCOLOGY INC,13107,915.56744,0.9990135635018496,4055
201609,6,X,UNITED STATES STEEL CORP NEW,76644,913.1136,0.998766954377312,4055
201609,7,FCX,FREEPORT MCMORAN INC,81774,902.0189,0.9985203452527743,4055
201609,8,TWLO,TWILIO INC,16140,900.9354,0.9982737361282368,4055
201609,9,S,SPRINT CORP NEW,14040,897.30524,0.9980271270036991,4055
201609,10,FIT,FITBIT INC,15390,894.5935,0.9977805178791616,4055
201609,11,TSLA,TESLA INC,93436,894.06665,0.9975339087546239,4055
201609,12,CHK,CHESAPEAKE ENERGY CORP,78877,891.97656,0.9972872996300863,4055
201609,13,WLL,WHITING PETROLEUM CORP NEW,89901,890.8969,0.9970406905055487,4055
201609,14,AMD,ADVANCED MICRO DEVICES INC,61241,886.3857,0.9967940813810111,4055
201609,15,OAS,OASIS PETROLEUM INC,93420,884.57556,0.9965474722564734,4055
201609,16,NFLX,NETFLIX INC,89393,880.2258,0.9963008631319359,4055
201609,17,STX,SEAGATE TECHNOLOGY HOLDINGS PLC,89641,878.7864,0.9960542540073982,4055
201609,18,ARIA,ARIAD PHARMACEUTICALS INC,80918,876.31683,0.9958076448828607,4055
201609,19,PANW,PALO ALTO NETWORKS INC,13511,869.3747,0.9955610357583231,4055
201609,20,RIG,TRANSOCEAN LTD,79237,865.1551,0.9953144266337854,4055
201609,21,MU,MICRON TECHNOLOGY INC,53613,863.9984,0.9950678175092479,4055
201609,22,VRX,BAUSCH HEALTH COMPANIES INC,80307,863.894,0.9948212083847102,4055
201609,23,PTCT,P T C THERAPEUTICS INC,13967,860.7656,0.9945745992601727,4055
201609,24,JCP,PENNEY J C CO INC,18403,860.1445,0.994327990135635,4055
201609,25,YELP,YELP INC,13318,856.7316,0.9940813810110974,4055
201610,1,TWTR,TWITTER INC,14295,1010.40125,1.0,4046
201610,2,TSLA,TESLA INC,93436,942.3613,0.9997528423133959,4046
201610,3,NFLX,NETFLIX INC,89393,936.26337,0.9995056846267919,4046
201610,4,GPRO,GOPRO INC,14694,932.3027,0.9992585269401878,4046
201610,5,AMD,ADVANCED MICRO DEVICES INC,61241,904.38293,0.9990113692535838,4046
201610,6,X,UNITED STATES STEEL CORP NEW,76644,902.97015,0.9987642115669797,4046
201610,7,FCX,FREEPORT MCMORAN INC,81774,895.03577,0.9985170538803757,4046
201610,8,AKAM,AKAMAI TECHNOLOGIES INC,87299,894.53143,0.9982698961937716,4046
201610,9,WLL,WHITING PETROLEUM CORP NEW,89901,893.44714,0.9980227385071676,4046
201610,10,NVDA,NVIDIA CORP,86580,889.53955,0.9977755808205635,4046
201610,11,CMG,CHIPOTLE MEXICAN GRILL INC,91068,887.6109,0.9975284231339595,4046
201610,12,FIT,FITBIT INC,15390,886.95886,0.9972812654473554,4046
201610,13,S,SPRINT CORP NEW,14040,885.78094,0.9970341077607514,4046
201610,14,TWLO,TWILIO INC,16140,881.6321,0.9967869500741473,4046
201610,15,CHK,CHESAPEAKE ENERGY CORP,78877,870.86505,0.9965397923875432,4046
201610,16,GPS,GAP INC,59010,864.6071,0.9962926347009392,4046
201610,17,AAL,AMERICAN AIRLINES GROUP INC,21020,862.1258,0.9960454770143351,4046
201610,18,JCP,PENNEY J C CO INC,18403,861.24005,0.9957983193277311,4046
201610,19,WYNN,WYNN RESORTS LTD,89533,856.793,0.995551161641127,4046
201610,20,MU,MICRON TECHNOLOGY INC,53613,851.011,0.995304003954523,4046
201610,21,CLVS,CLOVIS ONCOLOGY INC,13107,849.2609,0.9950568462679189,4046
201610,22,PYPL,PAYPAL HOLDINGS INC,15488,845.928,0.9948096885813149,4046
201610,23,FSLR,FIRST SOLAR INC,91611,843.43805,0.9945625308947108,4046
201610,24,WFM,WHOLE FOODS MARKET INC,77281,842.6947,0.9943153732081068,4046
201610,25,HOG,HARLEY DAVIDSON INC,70033,841.438,0.9940682155215027,4046
201611,1,WLL,WHITING PETROLEUM CORP NEW,89901,943.4759,1.0,4032
201611,2,X,UNITED STATES STEEL CORP NEW,76644,940.67773,0.9997519841269841,4032
201611,3,TWTR,TWITTER INC,14295,940.4598,0.9995039682539683,4032
201611,4,FCX,FREEPORT MCMORAN INC,81774,931.2787,0.9992559523809523,4032
201611,5,AKS,A K STEEL HOLDING CORP,80303,922.64514,0.9990079365079365,4032
201611,6,RIG,TRANSOCEAN LTD,79237,917.6276,0.9987599206349206,4032
201611,7,NVDA,NVIDIA CORP,86580,914.9864,0.9985119047619048,4032
201611,8,AMD,ADVANCED MICRO DEVICES INC,61241,905.63464,0.9982638888888888,4032
201611,9,CRC,CALIFORNIA RESOURCES CORP,15029,904.21985,0.998015873015873,4032
201611,10,CMG,CHIPOTLE MEXICAN GRILL INC,91068,902.20654,0.9977678571428571,4032
201611,11,TSLA,TESLA INC,93436,899.33575,0.9975198412698413,4032
201611,12,BBY,BEST BUY COMPANY INC,85914,897.8691,0.9972718253968254,4032
201611,13,TWLO,TWILIO INC,16140,892.94275,0.9970238095238095,4032
201611,14,IONS,IONIS PHARMACEUTICALS INC,76661,892.90137,0.9967757936507936,4032
201611,15,CHK,CHESAPEAKE ENERGY CORP,78877,891.574,0.9965277777777778,4032
201611,16,MRO,MARATHON OIL CORP,15069,889.604,0.9962797619047619,4032
201611,17,JCP,PENNEY J C CO INC,18403,886.6698,0.996031746031746,4032
201611,18,S,SPRINT CORP NEW,14040,886.02515,0.9957837301587301,4032
201611,19,MU,MICRON TECHNOLOGY INC,53613,873.922,0.9955357142857143,4032
201611,20,GPRO,GOPRO INC,14694,873.2139,0.9952876984126984,4032
201611,21,FSLR,FIRST SOLAR INC,91611,870.00415,0.9950396825396826,4032
201611,22,SCTY,SOLARCITY CORP,13711,868.19183,0.9947916666666666,4032
201611,23,CLF,CLEVELAND CLIFFS INC NEW,27422,867.3155,0.9945436507936508,4032
201611,24,ARIA,ARIAD PHARMACEUTICALS INC,80918,864.36945,0.9942956349206349,4032
201611,25,WYNN,WYNN RESORTS LTD,89533,858.1831,0.9940476190476191,4032
201612,1,AMD,ADVANCED MICRO DEVICES INC,61241,948.8549,1.0,4012
201612,2,TSLA,TESLA INC,93436,938.05695,0.9997507477567298,4012
201612,3,X,UNITED STATES STEEL CORP NEW,76644,927.3213,0.9995014955134596,4012
201612,4,S,SPRINT CORP NEW,14040,926.2307,0.9992522432701895,4012
201612,5,AKS,A K STEEL HOLDING CORP,80303,920.45764,0.9990029910269193,4012
201612,6,NFLX,NETFLIX INC,89393,916.5477,0.998753738783649,4012
201612,7,TWTR,TWITTER INC,14295,915.98517,0.9985044865403788,4012
201612,8,MU,MICRON TECHNOLOGY INC,53613,912.7952,0.9982552342971087,4012
201612,9,RIG,TRANSOCEAN LTD,79237,895.0066,0.9980059820538385,4012
201612,10,WLL,WHITING PETROLEUM CORP NEW,89901,892.2742,0.9977567298105683,4012
201612,11,NVDA,NVIDIA CORP,86580,888.2003,0.9975074775672981,4012
201612,12,LULU,LULULEMON ATHLETICA INC,92203,888.0778,0.997258225324028,4012
201612,13,FCX,FREEPORT MCMORAN INC,81774,886.8766,0.9970089730807578,4012
201612,14,TWLO,TWILIO INC,16140,876.8844,0.9967597208374875,4012
201612,15,CMG,CHIPOTLE MEXICAN GRILL INC,91068,876.42487,0.9965104685942173,4012
201612,16,VLO,VALERO ENERGY CORP NEW,85269,868.0003,0.9962612163509471,4012
201612,17,P,PANDORA MEDIA INC,12873,862.6424,0.996011964107677,4012
201612,18,CLF,CLEVELAND CLIFFS INC NEW,27422,861.75714,0.9957627118644068,4012
201612,19,FIT,FITBIT INC,15390,861.645,0.9955134596211366,4012
201612,20,WDC,WESTERN DIGITAL CORP,66384,857.3528,0.9952642073778664,4012
201612,21,FSLR,FIRST SOLAR INC,91611,853.0895,0.9950149551345963,4012
201612,22,PAY,VERIFONE SYSTEMS INC,90657,852.9774,0.994765702891326,4012
201612,23,CHK,CHESAPEAKE ENERGY CORP,78877,849.0451,0.9945164506480558,4012
201612,24,ATW,ATWOOD OCEANICS INC,15721,847.46295,0.9942671984047856,4012
201612,25,MRO,MARATHON OIL CORP,15069,845.86566,0.9940179461615155,4012
201701,1,TWTR,TWITTER INC,14295,970.0666,1.0,4013
201701,2,TSLA,TESLA INC,93436,954.1129,0.9997508098679292,4013
201701,3,FCX,FREEPORT MCMORAN INC,81774,938.7601,0.9995016197358585,4013
201701,4,NFLX,NETFLIX INC,89393,936.24713,0.9992524296037877,4013
201701,5,S,SPRINT CORP NEW,14040,934.25635,0.9990032394717169,4013
201701,6,SN,SANCHEZ ENERGY CORP,13139,917.54065,0.9987540493396462,4013
201701,7,CMG,CHIPOTLE MEXICAN GRILL INC,91068,914.0072,0.9985048592075754,4013
201701,8,AMD,ADVANCED MICRO DEVICES INC,61241,908.716,0.9982556690755046,4013
201701,9,AKS,A K STEEL HOLDING CORP,80303,903.51666,0.9980064789434339,4013
201701,10,DDD,3 D SYSTEMS CORP DEL,78664,901.1007,0.997757288811363,4013
201701,11,X,UNITED STATES STEEL CORP NEW,76644,897.8337,0.9975080986792924,4013
201701,12,STX,SEAGATE TECHNOLOGY HOLDINGS PLC,89641,890.17554,0.9972589085472215,4013
201701,13,NVDA,NVIDIA CORP,86580,889.12305,0.9970097184151507,4013
201701,14,SWKS,SKYWORKS SOLUTIONS INC,45911,887.6703,0.99676052828308,4013
201701,15,CLVS,CLOVIS ONCOLOGY INC,13107,886.9648,0.9965113381510092,4013
201701,16,GPRO,GOPRO INC,14694,884.81854,0.9962621480189384,4013
201701,17,CF,C F INDUSTRIES HOLDINGS INC,90829,880.77893,0.9960129578868677,4013
201701,18,CENX,CENTURY ALUMINUM CO,83244,873.5438,0.9957637677547969,4013
201701,19,FEYE,MANDIANT INC,14159,872.42114,0.9955145776227261,4013
201701,20,CREE,WOLFSPEED INC NEW,78875,872.20233,0.9952653874906554,4013
201701,21,FIT,FITBIT INC,15390,870.4224,0.9950161973585846,4013
201701,22,CLF,CLEVELAND CLIFFS INC NEW,27422,868.7444,0.9947670072265138,4013
201701,23,WDC,WESTERN DIGITAL CORP,66384,867.2197,0.9945178170944431,4013
201701,24,WYNN,WYNN RESORTS LTD,89533,865.3683,0.9942686269623723,4013
201701,25,URI,UNITED RENTALS INC,85663,863.64594,0.9940194368303015,4013
201702,1,AMD,ADVANCED MICRO DEVICES INC,61241,960.8798,1.0,4008
201702,2,TSLA,TESLA INC,93436,947.8686,0.999750499001996,4008
201702,3,TWTR,TWITTER INC,14295,937.53705,0.9995009980039921,4008
201702,4,FSLR,FIRST SOLAR INC,91611,936.85516,0.999251497005988,4008
201702,5,X,UNITED STATES STEEL CORP NEW,76644,925.00555,0.999001996007984,4008
201702,6,NFLX,NETFLIX INC,89393,906.19135,0.9987524950099801,4008
201702,7,TWLO,TWILIO INC,16140,906.0381,0.9985029940119761,4008
201702,8,CLF,CLEVELAND CLIFFS INC NEW,27422,904.5916,0.998253493013972,4008
201702,9,FIT,FITBIT INC,15390,900.5289,0.998003992015968,4008
201702,10,CYH,COMMUNITY HEALTH SYS INC NEW,88284,894.5434,0.9977544910179641,4008
201702,11,SPWR,SUNPOWER CORP,90978,893.8329,0.9975049900199601,4008
201702,12,S,SPRINT CORP NEW,14040,882.1272,0.997255489021956,4008
201702,13,INFN,INFINERA CORP,92095,882.00366,0.9970059880239521,4008
201702,14,CC,CHEMOURS CO,15398,880.3117,0.9967564870259481,4008
201702,15,HTZ,HERTZ GLOBAL HOLDINGS INC NEW,16086,871.4193,0.9965069860279441,4008
201702,16,AKS,A K STEEL HOLDING CORP,80303,870.46875,0.9962574850299402,4008
201702,17,CMG,CHIPOTLE MEXICAN GRILL INC,91068,869.9332,0.9960079840319361,4008
201702,18,CF,C F INDUSTRIES HOLDINGS INC,90829,866.7387,0.9957584830339321,4008
201702,19,GRPN,GROUPON INC,13108,863.56525,0.9955089820359282,4008
201702,20,FOSL,FOSSIL GROUP INC,79089,863.0989,0.9952594810379242,4008
201702,21,PANW,PALO ALTO NETWORKS INC,13511,860.73157,0.9950099800399201,4008
201702,22,M,MACYS INC,77462,857.86975,0.9947604790419161,4008
201702,23,NVDA,NVIDIA CORP,86580,853.54114,0.9945109780439122,4008
201702,24,ANET,ARISTA NETWORKS INC,14714,850.70154,0.9942614770459082,4008
201702,25,RIG,TRANSOCEAN LTD,79237,849.41833,0.9940119760479041,4008
201703,1,TSLA,TESLA INC,93436,951.0417,1.0,4005
201703,2,AMD,ADVANCED MICRO DEVICES INC,61241,937.49963,0.9997503121098626,4005
201703,3,RH,R H,13687,904.92993,0.9995006242197253,4005
201703,4,NFLX,NETFLIX INC,89393,904.7053,0.9992509363295881,4005
201703,5,WYNN,WYNN RESORTS LTD,89533,902.0258,0.9990012484394507,4005
201703,6,ANF,ABERCROMBIE & FITCH CO,83976,900.06396,0.9987515605493134,4005
201703,7,TWTR,TWITTER INC,14295,899.6535,0.998501872659176,4005
201703,8,GPRO,GOPRO INC,14694,899.5209,0.9982521847690387,4005
201703,9,FEYE,MANDIANT INC,14159,891.31964,0.9980024968789014,4005
201703,10,CMG,CHIPOTLE MEXICAN GRILL INC,91068,887.3599,0.9977528089887641,4005
201703,11,MU,MICRON TECHNOLOGY INC,53613,884.35516,0.9975031210986267,4005
201703,12,ESPR,ESPERION THERAPEUTICS INC NEW,13954,883.3032,0.9972534332084894,4005
201703,13,NVDA,NVIDIA CORP,86580,877.02966,0.997003745318352,4005
201703,14,AA,ALCOA CORP,16347,872.1384,0.9967540574282148,4005
201703,15,FCX,FREEPORT MCMORAN INC,81774,870.2755,0.9965043695380774,4005
201703,16,SFM,SPROUTS FARMERS MARKET INC,14102,865.3778,0.9962546816479401,4005
201703,17,X,UNITED STATES STEEL CORP NEW,76644,859.88116,0.9960049937578027,4005
201703,18,CYH,COMMUNITY HEALTH SYS INC NEW,88284,854.10693,0.9957553058676654,4005
201703,19,VRX,BAUSCH HEALTH COMPANIES INC,80307,853.6405,0.9955056179775281,4005
201703,20,CLVS,CLOVIS ONCOLOGY INC,13107,852.3787,0.9952559300873908,4005
201703,21,MBLY,MOBILEYE N V,14856,850.66455,0.9950062421972534,4005
201703,22,FSLR,FIRST SOLAR INC,91611,848.6988,0.9947565543071161,4005
201703,23,KITE,KITE PHARMA INC,14695,846.231,0.9945068664169788,4005
201703,24,FIT,FITBIT INC,15390,844.63336,0.9942571785268415,4005
201703,25,OCLR,OCLARO INC,90354,843.57104,0.9940074906367041,4005
201704,1,TWTR,TWITTER INC,14295,962.1345,1.0,4004
201704,2,UAA,UNDER ARMOUR INC,90979,953.53033,0.9997502497502497,4004
201704,3,TSLA,TESLA INC,93436,949.5704,0.9995004995004995,4004
201704,4,NFLX,NETFLIX INC,89393,927.26526,0.9992507492507493,4004
201704,5,AMD,ADVANCED MICRO DEVICES INC,61241,926.46204,0.999000999000999,4004
201704,6,UA,UNDER ARMOUR INC,15980,917.2171,0.9987512487512488,4004
201704,7,FSLR,FIRST SOLAR INC,91611,910.6687,0.9985014985014985,4004
201704,8,CMG,CHIPOTLE MEXICAN GRILL INC,91068,899.4026,0.9982517482517482,4004
201704,9,TWLO,TWILIO INC,16140,893.0511,0.998001998001998,4004
201704,10,LL,L L FLOORING HOLDINGS INC,92400,886.9818,0.9977522477522478,4004
201704,11,WFM,WHOLE FOODS MARKET INC,77281,886.9708,0.9975024975024975,4004
201704,12,SNAP,SNAP INC,16595,884.3493,0.9972527472527473,4004
201704,13,WYNN,WYNN RESORTS LTD,89533,883.94257,0.997002997002997,4004
201704,14,GNC,G N C HOLDINGS INC,12660,881.7577,0.9967532467532467,4004
201704,15,AA,ALCOA CORP,16347,873.7118,0.9965034965034965,4004
201704,16,AKRX,AKORN INC,10180,871.44165,0.9962537462537463,4004
201704,17,CHK,CHESAPEAKE ENERGY CORP,78877,865.1843,0.996003996003996,4004
201704,18,SKX,SKECHERS U S A INC,86949,861.88794,0.9957542457542458,4004
201704,19,AKS,A K STEEL HOLDING CORP,80303,855.60803,0.9955044955044955,4004
201704,20,FIT,FITBIT INC,15390,853.65076,0.9952547452547452,4004
201704,21,KSS,KOHLS CORP,77606,851.9495,0.995004995004995,4004
201704,22,PLUG,PLUG POWER INC,87337,849.7136,0.9947552447552448,4004
201704,23,NVDA,NVIDIA CORP,86580,849.7127,0.9945054945054945,4004
201704,24,BBRY,BLACKBERRY LTD,86745,849.50616,0.9942557442557443,4004
201704,25,FCX,FREEPORT MCMORAN INC,81774,849.27234,0.994005994005994,4004
201705,1,TWTR,TWITTER INC,14295,973.2237,1.0,4004
201705,2,FEYE,MANDIANT INC,14159,961.8739,0.9997502497502497,4004
201705,3,FSLR,FIRST SOLAR INC,91611,946.4285,0.9995004995004995,4004
201705,4,TSLA,TESLA INC,93436,940.9226,0.9992507492507493,4004
201705,5,NVDA,NVIDIA CORP,86580,924.88104,0.999000999000999,4004
201705,6,SNAP,SNAP INC,16595,920.9092,0.9987512487512488,4004
201705,7,VRX,BAUSCH HEALTH COMPANIES INC,80307,920.80853,0.9985014985014985,4004
201705,8,BBY,BEST BUY COMPANY INC,85914,917.50793,0.9982517482517482,4004
201705,9,PBYI,PUMA BIOTECHNOLOGY INC,13621,915.80426,0.998001998001998,4004
201705,10,ANF,ABERCROMBIE & FITCH CO,83976,905.4443,0.9977522477522478,4004
201705,11,FIT,FITBIT INC,15390,901.13525,0.9975024975024975,4004
201705,12,EXAS,EXACT SCIENCES CORP,88863,896.34045,0.9972527472527473,4004
201705,13,DDD,3 D SYSTEMS CORP DEL,78664,893.36255,0.997002997002997,4004
201705,14,SQ,BLOCK INC,15826,892.7161,0.9967532467532467,4004
201705,15,NFLX,NETFLIX INC,89393,890.8592,0.9965034965034965,4004
201705,16,AAOI,APPLIED OPTOELECTRONICS INC,14145,883.91394,0.9962537462537463,4004
201705,17,DATA,TABLEAU SOFTWARE INC,13914,883.88196,0.996003996003996,4004
201705,18,AMD,ADVANCED MICRO DEVICES INC,61241,883.1376,0.9957542457542458,4004
201705,19,W,WAYFAIR INC,14983,878.4073,0.9955044955044955,4004
201705,20,TTD,TRADE DESK INC,16309,875.386,0.9952547452547452,4004
201705,21,LL,L L FLOORING HOLDINGS INC,92400,874.82745,0.995004995004995,4004
201705,22,CMG,CHIPOTLE MEXICAN GRILL INC,91068,874.59094,0.9947552447552448,4004
201705,23,SHAK,SHAKE SHACK INC,15167,864.90906,0.9945054945054945,4004
201705,24,ULTA,ULTA BEAUTY INC,92322,862.86774,0.9942557442557443,4004
201705,25,WYNN,WYNN RESORTS LTD,89533,862.5435,0.994005994005994,4004
201706,1,TWTR,TWITTER INC,14295,992.93756,1.0,4277
201706,2,VRX,BAUSCH HEALTH COMPANIES INC,80307,987.2633,0.999766191255553,4277
201706,3,LULU,LULULEMON ATHLETICA INC,92203,940.20483,0.9995323825111059,4277
201706,4,SPWR,SUNPOWER CORP,90978,936.29504,0.9992985737666589,4277
201706,5,TSLA,TESLA INC,93436,936.04156,0.9990647650222119,4277
201706,6,FSLR,FIRST SOLAR INC,91611,926.46466,0.9988309562777647,4277
201706,7,AMD,ADVANCED MICRO DEVICES INC,61241,924.81647,0.9985971475333177,4277
201706,8,PANW,PALO ALTO NETWORKS INC,13511,910.9985,0.9983633387888707,4277
201706,9,P,PANDORA MEDIA INC,12873,902.97986,0.9981295300444236,4277
201706,10,FEYE,MANDIANT INC,14159,901.54047,0.9978957212999766,4277
201706,11,RH,R H,13687,899.52466,0.9976619125555296,4277
201706,12,UAA,UNDER ARMOUR INC,90979,898.891,0.9974281038110825,4277
201706,13,BBRY,BLACKBERRY LTD,86745,889.40063,0.9971942950666355,4277
201706,14,CLVS,CLOVIS ONCOLOGY INC,13107,887.9893,0.9969604863221885,4277
201706,15,X,UNITED STATES STEEL CORP NEW,76644,885.4407,0.9967266775777414,4277
201706,16,W,WAYFAIR INC,14983,885.03357,0.9964928688332944,4277
201706,17,NVDA,NVIDIA CORP,86580,884.58746,0.9962590600888473,4277
201706,18,NFLX,NETFLIX INC,89393,882.0509,0.9960252513444002,4277
201706,19,SNAP,SNAP INC,16595,868.34155,0.9957914425999532,4277
201706,20,AKS,A K STEEL HOLDING CORP,80303,867.6386,0.9955576338555062,4277
201706,21,SQ,BLOCK INC,15826,866.1602,0.9953238251110591,4277
201706,22,AAOI,APPLIED OPTOELECTRONICS INC,14145,861.97424,0.9950900163666121,4277
201706,23,HTZ,HERTZ GLOBAL HOLDINGS INC NEW,16086,861.32733,0.9948562076221651,4277
201706,24,UA,UNDER ARMOUR INC,15980,860.4276,0.994622398877718,4277
201706,25,HAIN,HAIN CELESTIAL GROUP INC,80167,858.1555,0.994388590133271,4277
201707,1,SPWR,SUNPOWER CORP,90978,959.0971,1.0,4282
201707,2,AMD,ADVANCED MICRO DEVICES INC,61241,955.4477,0.9997664642690332,4282
201707,3,AAOI,APPLIED OPTOELECTRONICS INC,14145,954.64453,0.9995329285380663,4282
201707,4,VRX,BAUSCH HEALTH COMPANIES INC,80307,953.9458,0.9992993928070995,4282
201707,5,NFLX,NETFLIX INC,89393,951.9734,0.9990658570761326,4282
201707,6,FSLR,FIRST SOLAR INC,91611,951.2433,0.9988323213451659,4282
201707,7,TWTR,TWITTER INC,14295,951.06274,0.998598785614199,4282
201707,8,HTZ,HERTZ GLOBAL HOLDINGS INC NEW,16086,941.5182,0.9983652498832322,4282
201707,9,TSLA,TESLA INC,93436,934.90454,0.9981317141522653,4282
201707,10,NVDA,NVIDIA CORP,86580,934.84186,0.9978981784212985,4282
201707,11,X,UNITED STATES STEEL CORP NEW,76644,928.8227,0.9976646426903316,4282
201707,12,FEYE,MANDIANT INC,14159,925.1154,0.9974311069593648,4282
201707,13,FCX,FREEPORT MCMORAN INC,81774,920.02814,0.9971975712283979,4282
201707,14,SNAP,SNAP INC,16595,897.6269,0.9969640354974311,4282
201707,15,CMG,CHIPOTLE MEXICAN GRILL INC,91068,890.15186,0.9967304997664642,4282
201707,16,AKS,A K STEEL HOLDING CORP,80303,889.72107,0.9964969640354975,4282
201707,17,ATHN,ATHENAHEALTH INC,92296,888.21454,0.9962634283045306,4282
201707,18,SRPT,SAREPTA THERAPEUTICS INC,85002,873.37897,0.9960298925735638,4282
201707,19,SQ,BLOCK INC,15826,872.70496,0.9957963568425969,4282
201707,20,CLF,CLEVELAND CLIFFS INC NEW,27422,872.6477,0.9955628211116301,4282
201707,21,UAA,UNDER ARMOUR INC,90979,872.5847,0.9953292853806632,4282
201707,22,UA,UNDER ARMOUR INC,15980,871.3534,0.9950957496496964,4282
201707,23,JCP,PENNEY J C CO INC,18403,870.0251,0.9948622139187295,4282
201707,24,NTNX,NUTANIX INC,16304,869.6502,0.9946286781877627,4282
201707,25,S,SPRINT CORP NEW,14040,868.86115,0.9943951424567959,4282
201708,1,SNAP,SNAP INC,16595,972.8841,1.0,4260
201708,2,HTZ,HERTZ GLOBAL HOLDINGS INC NEW,16086,968.11115,0.9997652582159624,4260
201708,3,YELP,YELP INC,13318,958.7656,0.9995305164319249,4260
201708,4,FIT,FITBIT INC,15390,952.12317,0.9992957746478873,4260
201708,5,GPRO,GOPRO INC,14694,948.30273,0.9990610328638497,4260
201708,6,URBN,URBAN OUTFITTERS INC,79881,942.23035,0.9988262910798122,4260
201708,7,TSLA,TESLA INC,93436,935.269,0.9985915492957746,4260
201708,8,ANF,ABERCROMBIE & FITCH CO,83976,930.0478,0.998356807511737,4260
201708,9,LL,L L FLOORING HOLDINGS INC,92400,926.7398,0.9981220657276996,4260
201708,10,AMD,ADVANCED MICRO DEVICES INC,61241,924.4919,0.997887323943662,4260
201708,11,TRIP,TRIPADVISOR INC,13168,915.0053,0.9976525821596244,4260
201708,12,NVDA,NVIDIA CORP,86580,909.9642,0.9974178403755869,4260
201708,13,X,UNITED STATES STEEL CORP NEW,76644,906.1507,0.9971830985915493,4260
201708,14,TWTR,TWITTER INC,14295,905.65845,0.9969483568075117,4260
201708,15,AA,ALCOA CORP,16347,900.17566,0.9967136150234742,4260
201708,16,NFLX,NETFLIX INC,89393,896.0115,0.9964788732394366,4260
201708,17,CMG,CHIPOTLE MEXICAN GRILL INC,91068,890.63824,0.996244131455399,4260
201708,18,VRX,BAUSCH HEALTH COMPANIES INC,80307,890.3967,0.9960093896713615,4260
201708,19,WTW,W W INTERNATIONAL INC,89244,889.3108,0.995774647887324,4260
201708,20,FEYE,MANDIANT INC,14159,888.39923,0.9955399061032864,4260
201708,21,S,SPRINT CORP NEW,14040,884.9265,0.9953051643192489,4260
201708,22,THC,TENET HEALTHCARE CORP,52337,882.7753,0.9950704225352113,4260
201708,23,DKS,DICKS SPORTING GOODS INC,89540,874.9847,0.9948356807511737,4260
201708,24,WYNN,WYNN RESORTS LTD,89533,874.5819,0.9946009389671362,4260
201708,25,KORS,CAPRI HOLDINGS LTD,13142,874.515,0.9943661971830986,4260
201709,1,GPRO,GOPRO INC,14694,958.5099,1.0,4271
201709,2,FIT,FITBIT INC,15390,942.9641,0.9997658627955982,4271
201709,3,SNAP,SNAP INC,16595,939.5321,0.9995317255911964,4271
201709,4,TSLA,TESLA INC,93436,924.21576,0.9992975883867946,4271
201709,5,RH,R H,13687,921.6292,0.9990634511823929,4271
201709,6,PANW,PALO ALTO NETWORKS INC,13511,921.38916,0.9988293139779911,4271
201709,7,FEYE,MANDIANT INC,14159,913.51245,0.9985951767735893,4271
201709,8,AMD,ADVANCED MICRO DEVICES INC,61241,905.3623,0.9983610395691875,4271
201709,9,M,MACYS INC,77462,898.6435,0.9981269023647857,4271
201709,10,TWTR,TWITTER INC,14295,896.4819,0.9978927651603839,4271
201709,11,KMX,CARMAX INC,89508,895.7632,0.9976586279559823,4271
201709,12,NVDA,NVIDIA CORP,86580,895.06696,0.9974244907515805,4271
201709,13,NFLX,NETFLIX INC,89393,894.66943,0.9971903535471787,4271
201709,14,HTZ,HERTZ GLOBAL HOLDINGS INC NEW,16086,892.58435,0.9969562163427769,4271
201709,15,CMG,CHIPOTLE MEXICAN GRILL INC,91068,891.94727,0.9967220791383751,4271
201709,16,RIG,TRANSOCEAN LTD,79237,883.9896,0.9964879419339733,4271
201709,17,JUNO,JUNO THERAPEUTICS INC,15134,879.7831,0.9962538047295715,4271
201709,18,FSLR,FIRST SOLAR INC,91611,879.6539,0.9960196675251698,4271
201709,19,LULU,LULULEMON ATHLETICA INC,92203,872.48145,0.995785530320768,4271
201709,20,ARRY,ARRAY BIOPHARMA INC,88790,869.06586,0.9955513931163662,4271
201709,21,X,UNITED STATES STEEL CORP NEW,76644,868.3572,0.9953172559119644,4271
201709,22,AAOI,APPLIED OPTOELECTRONICS INC,14145,868.2156,0.9950831187075626,4271
201709,23,SRPT,SAREPTA THERAPEUTICS INC,85002,866.85834,0.9948489815031608,4271
201709,24,CF,C F INDUSTRIES HOLDINGS INC,90829,866.0066,0.9946148442987591,4271
201709,25,NLNK,LUMOS PHARMA INC,13111,865.17444,0.9943807070943573,4271
201710,1,SNAP,SNAP INC,16595,1019.9284,1.0,4230
201710,2,TWTR,TWITTER INC,14295,1000.5098,0.9997635933806147,4230
201710,3,TSLA,TESLA INC,93436,948.9485,0.9995271867612293,4230
201710,4,CREE,WOLFSPEED INC NEW,78875,942.63916,0.999290780141844,4230
201710,5,SKX,SKECHERS U S A INC,86949,924.37494,0.9990543735224586,4230
201710,6,STX,SEAGATE TECHNOLOGY HOLDINGS PLC,89641,919.46747,0.9988179669030733,4230
201710,7,NFLX,NETFLIX INC,89393,917.9124,0.9985815602836879,4230
201710,8,FSLR,FIRST SOLAR INC,91611,914.48334,0.9983451536643027,4230
201710,9,X,UNITED STATES STEEL CORP NEW,76644,909.97455,0.9981087470449173,4230
201710,10,NVDA,NVIDIA CORP,86580,909.5108,0.997872340425532,4230
201710,11,MNKD,MANNKIND CORP,90285,895.7757,0.9976359338061466,4230
201710,12,GPRO,GOPRO INC,14694,893.96545,0.9973995271867613,4230
201710,13,AMZN,AMAZON COM INC,84788,890.62946,0.9971631205673759,4230
201710,14,AMD,ADVANCED MICRO DEVICES INC,61241,889.0586,0.9969267139479906,4230
201710,15,NTNX,NUTANIX INC,16304,883.7406,0.9966903073286052,4230
201710,16,FEYE,MANDIANT INC,14159,883.7208,0.9964539007092199,4230
201710,17,HTZ,HERTZ GLOBAL HOLDINGS INC NEW,16086,882.64465,0.9962174940898345,4230
201710,18,WLL,WHITING PETROLEUM CORP NEW,89901,881.0806,0.9959810874704492,4230
201710,19,UAA,UNDER ARMOUR INC,90979,877.9115,0.9957446808510638,4230
201710,20,FIT,FITBIT INC,15390,877.2241,0.9955082742316785,4230
201710,21,MU,MICRON TECHNOLOGY INC,53613,873.78613,0.9952718676122931,4230
201710,22,M,MACYS INC,77462,873.71564,0.9950354609929078,4230
201710,23,CMG,CHIPOTLE MEXICAN GRILL INC,91068,873.3587,0.9947990543735225,4230
201710,24,WYNN,WYNN RESORTS LTD,89533,873.13336,0.9945626477541372,4230
201710,25,SQ,BLOCK INC,15826,873.003,0.9943262411347518,4230
201711,1,M,MACYS INC,77462,991.15955,1.0,4262
201711,2,ROKU,ROKU INC,16932,976.04376,0.9997653683716565,4262
201711,3,SNAP,SNAP INC,16595,972.08215,0.999530736743313,4262
201711,4,FL,FOOT LOCKER INC,15456,947.3132,0.9992961051149695,4262
201711,5,VRX,BAUSCH HEALTH COMPANIES INC,80307,937.86975,0.999061473486626,4262
201711,6,ANF,ABERCROMBIE & FITCH CO,83976,925.47815,0.9988268418582825,4262
201711,7,TWTR,TWITTER INC,14295,923.20886,0.998592210229939,4262
201711,8,MAT,MATTEL INC,39538,922.74097,0.9983575786015955,4262
201711,9,SQ,BLOCK INC,15826,920.8778,0.998122946973252,4262
201711,10,DKS,DICKS SPORTING GOODS INC,89540,912.4981,0.9978883153449085,4262
201711,11,X,UNITED STATES STEEL CORP NEW,76644,910.9037,0.997653683716565,4262
201711,12,PANW,PALO ALTO NETWORKS INC,13511,909.76263,0.9974190520882215,4262
201711,13,RH,R H,13687,907.8438,0.997184420459878,4262
201711,14,TSLA,TESLA INC,93436,907.6953,0.9969497888315345,4262
201711,15,GME,GAMESTOP CORP NEW,89301,903.9741,0.996715157203191,4262
201711,16,AAP,ADVANCE AUTO PARTS INC,89217,898.92883,0.9964805255748475,4262
201711,17,KSS,KOHLS CORP,77606,896.00745,0.996245893946504,4262
201711,18,JCP,PENNEY J C CO INC,18403,891.2854,0.9960112623181605,4262
201711,19,CMG,CHIPOTLE MEXICAN GRILL INC,91068,888.9982,0.995776630689817,4262
201711,20,SPLK,SPLUNK INC,13379,887.6335,0.9955419990614734,4262
201711,21,KORS,CAPRI HOLDINGS LTD,13142,885.2632,0.99530736743313,4262
201711,22,TGT,TARGET CORP,49154,879.8561,0.9950727358047865,4262
201711,23,UAA,UNDER ARMOUR INC,90979,879.26306,0.994838104176443,4262
201711,24,WMT,WALMART INC,55976,877.2788,0.9946034725480994,4262
201711,25,AMZN,AMAZON COM INC,84788,876.0043,0.994368840919756,4262
201712,1,SNAP,SNAP INC,16595,993.11743,1.0,4230
201712,2,TWTR,TWITTER INC,14295,977.94293,0.9997635933806147,4230
201712,3,ROKU,ROKU INC,16932,966.10706,0.9995271867612293,4230
201712,4,M,MACYS INC,77462,949.6988,0.999290780141844,4230
201712,5,X,UNITED STATES STEEL CORP NEW,76644,944.23846,0.9990543735224586,4230
201712,6,RIOT,RIOT PLATFORMS INC,92213,939.4245,0.9988179669030733,4230
201712,7,VRX,BAUSCH HEALTH COMPANIES INC,80307,925.0031,0.9985815602836879,4230
201712,8,TSLA,TESLA INC,93436,917.685,0.9983451536643027,4230
201712,9,LULU,LULULEMON ATHLETICA INC,92203,916.5233,0.9981087470449173,4230
201712,10,TEVA,TEVA PHARMACEUTICAL INDS LTD,75652,907.17755,0.997872340425532,4230
201712,11,OSTK,BED BATH & BEYOND INC NEW,89394,897.786,0.9976359338061466,4230
201712,12,FSLR,FIRST SOLAR INC,91611,897.7045,0.9973995271867613,4230
201712,13,MARA,MARA HOLDINGS INC,14813,889.2742,0.9971631205673759,4230
201712,14,FCX,FREEPORT MCMORAN INC,81774,888.66376,0.9969267139479906,4230
201712,15,STX,SEAGATE TECHNOLOGY HOLDINGS PLC,89641,879.7503,0.9966903073286052,4230
201712,16,UAA,UNDER ARMOUR INC,90979,879.51025,0.9964539007092199,4230
201712,17,CMG,CHIPOTLE MEXICAN GRILL INC,91068,879.3056,0.9962174940898345,4230
201712,18,NFLX,NETFLIX INC,89393,877.7684,0.9959810874704492,4230
201712,19,FNSR,FINISAR CORP,87390,877.3215,0.9957446808510638,4230
201712,20,AA,ALCOA CORP,16347,875.317,0.9955082742316785,4230
201712,21,SQ,BLOCK INC,15826,871.2938,0.9952718676122931,4230
201712,22,BBBY,BED BATH & BEYOND INC,77659,870.8591,0.9950354609929078,4230
201712,23,UA,UNDER ARMOUR INC,15980,868.115,0.9947990543735225,4230
201712,24,AEO,AMERICAN EAGLE OUTFITTERS INC NE,80432,867.955,0.9945626477541372,4230
201712,25,SAGE,SAGE THERAPEUTICS INC,14828,865.5067,0.9943262411347518,4230
201801,1,TWTR,TWITTER INC,14295,993.1121,1.0,4227
201801,2,AMD,ADVANCED MICRO DEVICES INC,61241,970.8544,0.9997634255973503,4227
201801,3,ROKU,ROKU INC,16932,966.9098,0.9995268511947007,4227
201801,4,SNAP,SNAP INC,16595,951.75757,0.9992902767920511,4227
201801,5,TSLA,TESLA INC,93436,949.2666,0.9990537023894015,4227
201801,6,MAT,MATTEL INC,39538,922.1733,0.9988171279867518,4227
201801,7,NFLX,NETFLIX INC,89393,919.6812,0.9985805535841022,4227
201801,8,SQ,BLOCK INC,15826,919.4494,0.9983439791814526,4227
201801,9,STX,SEAGATE TECHNOLOGY HOLDINGS PLC,89641,918.2796,0.9981074047788029,4227
201801,10,X,UNITED STATES STEEL CORP NEW,76644,908.52765,0.9978708303761533,4227
201801,11,M,MACYS INC,77462,907.6614,0.9976342559735036,4227
201801,12,NVDA,NVIDIA CORP,86580,905.0763,0.9973976815708541,4227
201801,13,CMG,CHIPOTLE MEXICAN GRILL INC,91068,900.03937,0.9971611071682044,4227
201801,14,FSLR,FIRST SOLAR INC,91611,899.2883,0.9969245327655548,4227
201801,15,TEVA,TEVA PHARMACEUTICAL INDS LTD,75652,898.2191,0.9966879583629051,4227
201801,16,CLF,CLEVELAND CLIFFS INC NEW,27422,893.6695,0.9964513839602555,4227
201801,17,JCP,PENNEY J C CO INC,18403,884.15894,0.9962148095576059,4227
201801,18,VRX,BAUSCH HEALTH COMPANIES INC,80307,882.5951,0.9959782351549562,4227
201801,19,JUNO,JUNO THERAPEUTICS INC,15134,874.557,0.9957416607523066,4227
201801,20,AMZN,AMAZON COM INC,84788,872.6745,0.995505086349657,4227
201801,21,OSTK,BED BATH & BEYOND INC NEW,89394,871.971,0.9952685119470074,4227
201801,22,KODK,EASTMAN KODAK CO,14276,868.7528,0.9950319375443577,4227
201801,23,GWW,GRAINGER W W INC,52695,867.5898,0.994795363141708,4227
201801,24,UAA,UNDER ARMOUR INC,90979,863.7966,0.9945587887390585,4227
201801,25,FCX,FREEPORT MCMORAN INC,81774,862.4162,0.9943222143364088,4227
201802,1,SNAP,SNAP INC,16595,1090.0201,1.0,4154
201802,2,UAA,UNDER ARMOUR INC,90979,1018.02045,0.9997592681752527,4154
201802,3,TWTR,TWITTER INC,14295,1014.9854,0.9995185363505056,4154
201802,4,FOSL,FOSSIL GROUP INC,79089,1011.5997,0.9992778045257583,4154
201802,5,TRIP,TRIPADVISOR INC,13168,992.7618,0.999037072701011,4154
201802,6,X,UNITED STATES STEEL CORP NEW,76644,958.5537,0.9987963408762638,4154
201802,7,CMG,CHIPOTLE MEXICAN GRILL INC,91068,954.05743,0.9985556090515166,4154
201802,8,UA,UNDER ARMOUR INC,15980,948.2371,0.9983148772267694,4154
201802,9,TSLA,TESLA INC,93436,945.56555,0.9980741454020221,4154
201802,10,TWLO,TWILIO INC,16140,939.5333,0.997833413577275,4154
201802,11,ROKU,ROKU INC,16932,936.01764,0.9975926817525277,4154
201802,12,NFLX,NETFLIX INC,89393,932.78284,0.9973519499277804,4154
201802,13,GRUB,GRUBHUB INC,14567,930.5819,0.9971112181030333,4154
201802,14,SQ,BLOCK INC,15826,928.39374,0.996870486278286,4154
201802,15,M,MACYS INC,77462,921.52795,0.9966297544535387,4154
201802,16,TEVA,TEVA PHARMACEUTICAL INDS LTD,75652,919.5452,0.9963890226287915,4154
201802,17,AMAG,A M A G PHARMACEUTICALS INC,10363,906.33673,0.9961482908040443,4154
201802,18,AKS,A K STEEL HOLDING CORP,80303,903.5839,0.9959075589792971,4154
201802,19,AMD,ADVANCED MICRO DEVICES INC,61241,903.3545,0.9956668271545498,4154
201802,20,FEYE,MANDIANT INC,14159,901.57025,0.9954260953298026,4154
201802,21,WLL,WHITING PETROLEUM CORP NEW,89901,899.9899,0.9951853635050554,4154
201802,22,NVDA,NVIDIA CORP,86580,894.7706,0.9949446316803081,4154
201802,23,PANW,PALO ALTO NETWORKS INC,13511,883.9026,0.994703899855561,4154
201802,24,MU,MICRON TECHNOLOGY INC,53613,881.7956,0.9944631680308137,4154
201802,25,FSLR,FIRST SOLAR INC,91611,878.60516,0.9942224362060664,4154
201803,1,SNAP,SNAP INC,16595,1041.9006,1.0,4165
201803,2,TWTR,TWITTER INC,14295,948.6966,0.9997599039615847,4165
201803,3,DKS,DICKS SPORTING GOODS INC,89540,948.3001,0.9995198079231693,4165
201803,4,NFLX,NETFLIX INC,89393,940.6595,0.999279711884754,4165
201803,5,SQ,BLOCK INC,15826,937.4,0.9990396158463385,4165
201803,6,ANF,ABERCROMBIE & FITCH CO,83976,930.90796,0.9987995198079231,4165
201803,7,TSLA,TESLA INC,93436,929.26764,0.9985594237695078,4165
201803,8,UAA,UNDER ARMOUR INC,90979,929.0735,0.9983193277310924,4165
201803,9,CMG,CHIPOTLE MEXICAN GRILL INC,91068,923.99146,0.9980792316926771,4165
201803,10,WLL,WHITING PETROLEUM CORP NEW,89901,915.6725,0.9978391356542617,4165
201803,11,DDD,3 D SYSTEMS CORP DEL,78664,915.20996,0.9975990396158463,4165
201803,12,AMD,ADVANCED MICRO DEVICES INC,61241,911.69763,0.9973589435774309,4165
201803,13,ROKU,ROKU INC,16932,905.5463,0.9971188475390156,4165
201803,14,LULU,LULULEMON ATHLETICA INC,92203,896.5346,0.9968787515006002,4165
201803,15,MU,MICRON TECHNOLOGY INC,53613,895.4811,0.9966386554621849,4165
201803,16,TWLO,TWILIO INC,16140,891.6158,0.9963985594237695,4165
201803,17,NVDA,NVIDIA CORP,86580,889.4395,0.9961584633853542,4165
201803,18,X,UNITED STATES STEEL CORP NEW,76644,888.17834,0.9959183673469387,4165
201803,19,RH,R H,13687,887.78015,0.9956782713085234,4165
201803,20,P,PANDORA MEDIA INC,12873,884.17535,0.995438175270108,4165
201803,21,FOSL,FOSSIL GROUP INC,79089,880.87714,0.9951980792316927,4165
201803,22,M,MACYS INC,77462,879.6013,0.9949579831932773,4165
201803,23,CLF,CLEVELAND CLIFFS INC NEW,27422,878.2343,0.994717887154862,4165
201803,24,FSLR,FIRST SOLAR INC,91611,876.29144,0.9944777911164466,4165
201803,25,BKNG,BOOKING HOLDINGS INC,86783,874.6029,0.9942376950780312,4165
201804,1,SNAP,SNAP INC,16595,1008.70514,1.0,4208
201804,2,TWTR,TWITTER INC,14295,1000.8311,0.9997623574144486,4208
201804,3,CMG,CHIPOTLE MEXICAN GRILL INC,91068,977.91547,0.9995247148288974,4208
201804,4,UAA,UNDER ARMOUR INC,90979,972.6894,0.999287072243346,4208
201804,5,AMD,ADVANCED MICRO DEVICES INC,61241,948.2836,0.9990494296577946,4208
201804,6,TSLA,TESLA INC,93436,945.2108,0.9988117870722434,4208
201804,7,NFLX,NETFLIX INC,89393,940.1414,0.998574144486692,4208
201804,8,UA,UNDER ARMOUR INC,15980,921.585,0.9983365019011406,4208
201804,9,WLL,WHITING PETROLEUM CORP NEW,89901,919.958,0.9980988593155894,4208
201804,10,ROKU,ROKU INC,16932,917.40106,0.997861216730038,4208
201804,11,S,SPRINT CORP NEW,14040,905.19684,0.9976235741444867,4208
201804,12,SQ,BLOCK INC,15826,905.17804,0.9973859315589354,4208
201804,13,AAOI,APPLIED OPTOELECTRONICS INC,14145,900.7155,0.997148288973384,4208
201804,14,RIG,TRANSOCEAN LTD,79237,891.3236,0.9969106463878327,4208
201804,15,NVDA,NVIDIA CORP,86580,890.70245,0.9966730038022814,4208
201804,16,OAS,OASIS PETROLEUM INC,93420,890.49506,0.99643536121673,4208
201804,17,CLF,CLEVELAND CLIFFS INC NEW,27422,890.2946,0.9961977186311787,4208
201804,18,ANF,ABERCROMBIE & FITCH CO,83976,884.688,0.9959600760456274,4208
201804,19,NOK,NOKIA CORP,87128,877.6282,0.995722433460076,4208
201804,20,SHOP,SHOPIFY INC,15358,874.3899,0.9954847908745247,4208
201804,21,M,MACYS INC,77462,874.0861,0.9952471482889734,4208
201804,22,GRUB,GRUBHUB INC,14567,872.735,0.9950095057034221,4208
201804,23,FEYE,MANDIANT INC,14159,872.2707,0.9947718631178707,4208
201804,24,P,PANDORA MEDIA INC,12873,868.15063,0.9945342205323194,4208
201804,25,AKS,A K STEEL HOLDING CORP,80303,865.06757,0.9942965779467681,4208
201805,1,DKS,DICKS SPORTING GOODS INC,89540,963.27795,1.0,4240
201805,2,M,MACYS INC,77462,958.0276,0.9997641509433962,4240
201805,3,ROKU,ROKU INC,16932,952.8142,0.9995283018867924,4240
201805,4,TRIP,TRIPADVISOR INC,13168,949.2792,0.9992924528301886,4240
201805,5,AMD,ADVANCED MICRO DEVICES INC,61241,945.6388,0.9990566037735849,4240
201805,6,SNAP,SNAP INC,16595,944.2042,0.9988207547169812,4240
201805,7,P,PANDORA MEDIA INC,12873,937.6281,0.9985849056603774,4240
201805,8,UAA,UNDER ARMOUR INC,90979,935.44116,0.9983490566037736,4240
201805,9,DDD,3 D SYSTEMS CORP DEL,78664,935.0847,0.9981132075471698,4240
201805,10,TTD,TRADE DESK INC,16309,934.1058,0.997877358490566,4240
201805,11,TWTR,TWITTER INC,14295,928.9912,0.9976415094339622,4240
201805,12,NFLX,NETFLIX INC,89393,924.26495,0.9974056603773584,4240
201805,13,SQ,BLOCK INC,15826,919.2214,0.9971698113207547,4240
201805,14,AAOI,APPLIED OPTOELECTRONICS INC,14145,917.6615,0.996933962264151,4240
201805,15,CMG,CHIPOTLE MEXICAN GRILL INC,91068,915.1386,0.9966981132075472,4240
201805,16,TSLA,TESLA INC,93436,912.59717,0.9964622641509434,4240
201805,17,TWLO,TWILIO INC,16140,911.23566,0.9962264150943396,4240
201805,18,FOSL,FOSSIL GROUP INC,79089,901.01166,0.9959905660377358,4240
201805,19,SHAK,SHAKE SHACK INC,15167,899.56604,0.995754716981132,4240
201805,20,UA,UNDER ARMOUR INC,15980,892.2183,0.9955188679245283,4240
201805,21,Z,ZILLOW GROUP INC,15546,886.1685,0.9952830188679245,4240
201805,22,NVDA,NVIDIA CORP,86580,886.03345,0.9950471698113208,4240
201805,23,RL,RALPH LAUREN CORP,85072,884.82745,0.994811320754717,4240
201805,24,WLL,WHITING PETROLEUM CORP NEW,89901,883.1506,0.9945754716981132,4240
201805,25,TEVA,TEVA PHARMACEUTICAL INDS LTD,75652,881.9252,0.9943396226415094,4240
201806,1,TWTR,TWITTER INC,14295,994.95233,1.0,4239
201806,2,TSLA,TESLA INC,93436,978.7986,0.9997640953054966,4239
201806,3,AMD,ADVANCED MICRO DEVICES INC,61241,971.75946,0.9995281906109932,4239
201806,4,SNAP,SNAP INC,16595,960.3362,0.9992922859164898,4239
201806,5,ROKU,ROKU INC,16932,955.0734,0.9990563812219864,4239
201806,6,RH,R H,13687,948.8566,0.9988204765274828,4239
201806,7,FIT,FITBIT INC,15390,938.2054,0.9985845718329794,4239
201806,8,NFLX,NETFLIX INC,89393,937.6298,0.998348667138476,4239
201806,9,SIG,SIGNET JEWELERS LTD,12076,924.314,0.9981127624439726,4239
201806,10,DBX,DROPBOX INC,17342,922.84937,0.9978768577494692,4239
201806,11,FIVE,FIVE BELOW INC,13527,919.5417,0.9976409530549658,4239
201806,12,SFIX,STITCH FIX INC,17038,916.54486,0.9974050483604624,4239
201806,13,SRPT,SAREPTA THERAPEUTICS INC,85002,913.54913,0.997169143665959,4239
201806,14,LULU,LULULEMON ATHLETICA INC,92203,907.2475,0.9969332389714556,4239
201806,15,P,PANDORA MEDIA INC,12873,904.001,0.9966973342769521,4239
201806,16,AAOI,APPLIED OPTOELECTRONICS INC,14145,900.6512,0.9964614295824487,4239
201806,17,ETSY,ETSY INC,15291,899.6264,0.9962255248879452,4239
201806,18,M,MACYS INC,77462,898.0268,0.9959896201934418,4239
201806,19,SQ,BLOCK INC,15826,893.05945,0.9957537154989384,4239
201806,20,GME,GAMESTOP CORP NEW,89301,886.875,0.995517810804435,4239
201806,21,TNDM,TANDEM DIABETES CARE INC,14325,884.94885,0.9952819061099316,4239
201806,22,DDD,3 D SYSTEMS CORP DEL,78664,884.0968,0.9950460014154282,4239
201806,23,TEVA,TEVA PHARMACEUTICAL INDS LTD,75652,883.65204,0.9948100967209248,4239
201806,24,CMG,CHIPOTLE MEXICAN GRILL INC,91068,881.43317,0.9945741920264213,4239
201806,25,GOOS,CANADA GOOSE HOLDINGS INC,16603,879.034,0.9943382873319179,4239
201807,1,AMD,ADVANCED MICRO DEVICES INC,61241,988.3548,1.0,4229
201807,2,ROKU,ROKU INC,16932,950.24585,0.9997635374793096,4229
201807,3,CLF,CLEVELAND CLIFFS INC NEW,27422,947.1833,0.999527074958619,4229
201807,4,TSLA,TESLA INC,93436,942.81793,0.9992906124379286,4229
201807,5,TWTR,TWITTER INC,14295,939.17004,0.9990541499172381,4229
201807,6,IRBT,IROBOT CORP,90971,912.9925,0.9988176873965476,4229
201807,7,UAA,UNDER ARMOUR INC,90979,912.401,0.9985812248758572,4229
201807,8,AAOI,APPLIED OPTOELECTRONICS INC,14145,910.5352,0.9983447623551667,4229
201807,9,SNAP,SNAP INC,16595,902.33685,0.9981082998344762,4229
201807,10,NFLX,NETFLIX INC,89393,890.90375,0.9978718373137858,4229
201807,11,GRUB,GRUBHUB INC,14567,888.8741,0.9976353747930953,4229
201807,12,SFIX,STITCH FIX INC,17038,887.8981,0.9973989122724048,4229
201807,13,UAL,UNITED AIRLINES HOLDINGS INC,91103,880.3213,0.9971624497517143,4229
201807,14,SQ,BLOCK INC,15826,879.95447,0.9969259872310239,4229
201807,15,P,PANDORA MEDIA INC,12873,878.3745,0.9966895247103335,4229
201807,16,EXPE,EXPEDIA GROUP INC,90808,875.3105,0.9964530621896429,4229
201807,17,M,MACYS INC,77462,873.1675,0.9962165996689525,4229
201807,18,DBX,DROPBOX INC,17342,872.13696,0.995980137148262,4229
201807,19,HAS,HASBRO INC,52978,868.1851,0.9957436746275715,4229
201807,20,UA,UNDER ARMOUR INC,15980,868.11255,0.9955072121068811,4229
201807,21,SWN,SOUTHWESTERN ENERGY CO,63765,865.0117,0.9952707495861906,4229
201807,22,GOOG,ALPHABET INC,14542,863.4717,0.9950342870655001,4229
201807,23,CMG,CHIPOTLE MEXICAN GRILL INC,91068,862.46655,0.9947978245448097,4229
201807,24,TWLO,TWILIO INC,16140,860.6327,0.9945613620241192,4229
201807,25,DDD,3 D SYSTEMS CORP DEL,78664,857.3097,0.9943248995034287,4229
201808,1,ROKU,ROKU INC,16932,1002.9829,1.0,4250
201808,2,AMD,ADVANCED MICRO DEVICES INC,61241,981.62585,0.9997647058823529,4250
201808,3,TSLA,TESLA INC,93436,968.89795,0.9995294117647059,4250
201808,4,TTD,TRADE DESK INC,16309,947.04926,0.9992941176470588,4250
201808,5,DDD,3 D SYSTEMS CORP DEL,78664,944.5267,0.9990588235294118,4250
201808,6,SQ,BLOCK INC,15826,940.9674,0.9988235294117647,4250
201808,7,TWLO,TWILIO INC,16140,933.51154,0.9985882352941177,4250
201808,8,GPRO,GOPRO INC,14694,931.697,0.9983529411764706,4250
201808,9,TWTR,TWITTER INC,14295,927.06934,0.9981176470588236,4250
201808,10,LULU,LULULEMON ATHLETICA INC,92203,924.9068,0.9978823529411764,4250
201808,11,P,PANDORA MEDIA INC,12873,924.2537,0.9976470588235294,4250
201808,12,SNAP,SNAP INC,16595,922.27295,0.9974117647058823,4250
201808,13,FIT,FITBIT INC,15390,915.8262,0.9971764705882353,4250
201808,14,DBX,DROPBOX INC,17342,914.3212,0.9969411764705882,4250
201808,15,MNK,MALLINCKRODT PLC,14011,914.0936,0.9967058823529412,4250
201808,16,YELP,YELP INC,13318,911.0259,0.9964705882352941,4250
201808,17,NFLX,NETFLIX INC,89393,908.2816,0.9962352941176471,4250
201808,18,EXAS,EXACT SCIENCES CORP,88863,905.18195,0.996,4250
201808,19,SIG,SIGNET JEWELERS LTD,12076,901.3218,0.995764705882353,4250
201808,20,DKS,DICKS SPORTING GOODS INC,89540,898.81775,0.9955294117647059,4250
201808,21,M,MACYS INC,77462,898.7746,0.9952941176470588,4250
201808,22,NVDA,NVIDIA CORP,86580,890.50507,0.9950588235294118,4250
201808,23,MTCH,MATCH GROUP INC NEW,15850,884.8619,0.9948235294117647,4250
201808,24,W,WAYFAIR INC,14983,882.1418,0.9945882352941177,4250
201808,25,JWN,NORDSTROM INC,57817,881.99554,0.9943529411764706,4250
201809,1,AMD,ADVANCED MICRO DEVICES INC,61241,995.46674,1.0,4254
201809,2,ROKU,ROKU INC,16932,974.8138,0.9997649271274095,4254
201809,3,NBEV,NEWAGE INC,16593,962.9513,0.999529854254819,4254
201809,4,TSLA,TESLA INC,93436,947.28094,0.9992947813822285,4254
201809,5,SQ,BLOCK INC,15826,944.41174,0.999059708509638,4254
201809,6,GPRO,GOPRO INC,14694,942.31915,0.9988246356370475,4254
201809,7,P,PANDORA MEDIA INC,12873,941.45087,0.998589562764457,4254
201809,8,SFIX,STITCH FIX INC,17038,925.6523,0.9983544898918665,4254
201809,9,CLF,CLEVELAND CLIFFS INC NEW,27422,912.7859,0.998119417019276,4254
201809,10,PLAY,DAVE & BUSTERS ENTERTAINMENT INC,15014,908.66925,0.9978843441466855,4254
201809,11,CRON,CRONOS GROUP INC,17316,907.82465,0.997649271274095,4254
201809,12,TWLO,TWILIO INC,16140,906.4909,0.9974141984015045,4254
201809,13,SNAP,SNAP INC,16595,902.6463,0.997179125528914,4254
201809,14,FIVE,FIVE BELOW INC,13527,902.39874,0.9969440526563235,4254
201809,15,TLRY,TILRAY BRANDS INC,17977,900.33417,0.996708979783733,4254
201809,16,NVDA,NVIDIA CORP,86580,898.9831,0.9964739069111425,4254
201809,17,NFLX,NETFLIX INC,89393,898.47687,0.996238834038552,4254
201809,18,TTD,TRADE DESK INC,16309,893.8323,0.9960037611659615,4254
201809,19,TWTR,TWITTER INC,14295,882.7296,0.995768688293371,4254
201809,20,VKTX,VIKING THERAPEUTICS INC,15303,879.1172,0.9955336154207804,4254
201809,21,GME,GAMESTOP CORP NEW,89301,878.8706,0.99529854254819,4254
201809,22,TNDM,TANDEM DIABETES CARE INC,14325,875.0874,0.9950634696755994,4254
201809,23,DDD,3 D SYSTEMS CORP DEL,78664,872.84784,0.9948283968030089,4254
201809,24,MTCH,MATCH GROUP INC NEW,15850,872.5923,0.9945933239304184,4254
201809,25,UAA,UNDER ARMOUR INC,90979,871.3521,0.9943582510578279,4254
201810,1,TWTR,TWITTER INC,14295,1002.4425,1.0,4232
201810,2,TSLA,TESLA INC,93436,1000.7132,0.9997637051039697,4232
201810,3,ROKU,ROKU INC,16932,960.11554,0.9995274102079396,4232
201810,4,UAA,UNDER ARMOUR INC,90979,944.5879,0.9992911153119093,4232
201810,5,SNAP,SNAP INC,16595,929.1446,0.999054820415879,4232
201810,6,AMD,ADVANCED MICRO DEVICES INC,61241,920.9889,0.9988185255198487,4232
201810,7,SQ,BLOCK INC,15826,920.9172,0.9985822306238186,4232
201810,8,NBEV,NEWAGE INC,16593,919.08496,0.9983459357277883,4232
201810,9,CRON,CRONOS GROUP INC,17316,918.7218,0.998109640831758,4232
201810,10,TWLO,TWILIO INC,16140,911.2948,0.9978733459357277,4232
201810,11,TTD,TRADE DESK INC,16309,906.89526,0.9976370510396976,4232
201810,12,SFIX,STITCH FIX INC,17038,902.7483,0.9974007561436673,4232
201810,13,FEYE,MANDIANT INC,14159,901.2652,0.997164461247637,4232
201810,14,UA,UNDER ARMOUR INC,15980,899.6851,0.9969281663516069,4232
201810,15,TLRY,TILRAY BRANDS INC,17977,895.13007,0.9966918714555766,4232
201810,16,NFLX,NETFLIX INC,89393,889.876,0.9964555765595463,4232
201810,17,PYX,PYXUS INTL INC,29867,888.2077,0.996219281663516,4232
201810,18,NVDA,NVIDIA CORP,86580,883.8584,0.9959829867674859,4232
201810,19,F,FORD MOTOR CO DEL,25785,882.07086,0.9957466918714556,4232
201810,20,GPRO,GOPRO INC,14694,876.4899,0.9955103969754253,4232
201810,21,PBR,PETROLEO BRASILEIRO SA PETROBRAS,88490,869.047,0.995274102079395,4232
201810,22,SWN,SOUTHWESTERN ENERGY CO,63765,867.11676,0.9950378071833649,4232
201810,23,SKX,SKECHERS U S A INC,86949,866.9128,0.9948015122873346,4232
201810,24,FIT,FITBIT INC,15390,866.28674,0.9945652173913043,4232
201810,25,GM,GENERAL MOTORS CO,12369,856.37555,0.994328922495274,4232
201811,1,TWLO,TWILIO INC,16140,967.6068,1.0,4214
201811,2,ANF,ABERCROMBIE & FITCH CO,83976,929.2969,0.9997626957759849,4214
201811,3,FIT,FITBIT INC,15390,928.8676,0.9995253915519696,4214
201811,4,AMD,ADVANCED MICRO DEVICES INC,61241,927.3676,0.9992880873279545,4214
201811,5,TTD,TRADE DESK INC,16309,916.1495,0.9990507831039392,4214
201811,6,TWTR,TWITTER INC,14295,905.6339,0.9988134788799241,4214
201811,7,TLRY,TILRAY BRANDS INC,17977,905.0974,0.9985761746559089,4214
201811,8,HTZ,HERTZ GLOBAL HOLDINGS INC NEW,16086,904.5438,0.9983388704318937,4214
201811,9,ETSY,ETSY INC,15291,902.4003,0.9981015662078785,4214
201811,10,NBEV,NEWAGE INC,16593,898.1339,0.9978642619838634,4214
201811,11,TSLA,TESLA INC,93436,897.1147,0.9976269577598481,4214
201811,12,SNAP,SNAP INC,16595,896.2673,0.997389653535833,4214
201811,13,SQ,BLOCK INC,15826,893.0951,0.9971523493118177,4214
201811,14,CRON,CRONOS GROUP INC,17316,890.57294,0.9969150450878026,4214
201811,15,NFLX,NETFLIX INC,89393,890.121,0.9966777408637874,4214
201811,16,SBUX,STARBUCKS CORP,77702,887.68225,0.9964404366397722,4214
201811,17,TSRO,TESARO INC,13456,885.089,0.996203132415757,4214
201811,18,NVDA,NVIDIA CORP,86580,884.81946,0.9959658281917418,4214
201811,19,ROKU,ROKU INC,16932,884.3058,0.9957285239677266,4214
201811,20,UAA,UNDER ARMOUR INC,90979,882.71625,0.9954912197437115,4214
201811,21,UA,UNDER ARMOUR INC,15980,881.1944,0.9952539155196962,4214
201811,22,M,MACYS INC,77462,878.70087,0.9950166112956811,4214
201811,23,ULTA,ULTA BEAUTY INC,92322,874.3129,0.9947793070716658,4214
201811,24,TRIP,TRIPADVISOR INC,13168,873.60046,0.9945420028476507,4214
201811,25,GME,GAMESTOP CORP NEW,89301,869.8132,0.9943046986236355,4214
201812,1,TWLO,TWILIO INC,16140,960.756,1.0,4203
201812,2,TWTR,TWITTER INC,14295,959.011,0.9997620747085415,4203
201812,3,TSLA,TESLA INC,93436,926.0131,0.999524149417083,4203
201812,4,CRON,CRONOS GROUP INC,17316,919.1072,0.9992862241256245,4203
201812,5,NBEV,NEWAGE INC,16593,915.5009,0.9990482988341661,4203
201812,6,NFLX,NETFLIX INC,89393,913.96875,0.9988103735427076,4203
201812,7,AMD,ADVANCED MICRO DEVICES INC,61241,898.7465,0.9985724482512491,4203
201812,8,SNAP,SNAP INC,16595,894.3331,0.9983345229597906,4203
201812,9,ROKU,ROKU INC,16932,893.8415,0.9980965976683321,4203
201812,10,UAA,UNDER ARMOUR INC,90979,888.5195,0.9978586723768736,4203
201812,11,SQ,BLOCK INC,15826,872.21375,0.9976207470854151,4203
201812,12,RCII,UPBOUND GROUP INC,81222,871.39404,0.9973828217939567,4203
201812,13,AMZN,AMAZON COM INC,84788,866.9955,0.9971448965024983,4203
201812,14,WDAY,WORKDAY INC,13628,866.0934,0.9969069712110398,4203
201812,15,M,MACYS INC,77462,864.94965,0.9966690459195813,4203
201812,16,AEO,AMERICAN EAGLE OUTFITTERS INC NE,80432,863.76605,0.9964311206281228,4203
201812,17,TLRY,TILRAY BRANDS INC,17977,863.71954,0.9961931953366643,4203
201812,18,SFIX,STITCH FIX INC,17038,863.2545,0.9959552700452058,4203
201812,19,ANF,ABERCROMBIE & FITCH CO,83976,862.0815,0.9957173447537473,4203
201812,20,GE,GENERAL ELECTRIC CO,12060,861.4857,0.9954794194622888,4203
201812,21,AVGO,BROADCOM INC,93002,857.32074,0.9952414941708304,4203
201812,22,UA,UNDER ARMOUR INC,15980,856.2778,0.9950035688793719,4203
201812,23,TOL,TOLL BROTHERS INC,70228,855.67426,0.9947656435879134,4203
201812,24,MU,MICRON TECHNOLOGY INC,53613,855.1037,0.9945277182964549,4203
201812,25,LRCX,LAM RESH CORP,48486,852.7087,0.9942897930049964,4203
201901,1,AMD,ADVANCED MICRO DEVICES INC,61241,964.9503,1.0,4195
201901,2,ROKU,ROKU INC,16932,958.31934,0.999761620977354,4195
201901,3,TWLO,TWILIO INC,16140,951.8962,0.999523241954708,4195
201901,4,NFLX,NETFLIX INC,89393,949.34985,0.999284862932062,4195
201901,5,BBBY,BED BATH & BEYOND INC,77659,942.42126,0.999046483909416,4195
201901,6,CRON,CRONOS GROUP INC,17316,940.356,0.99880810488677,4195
201901,7,TWTR,TWITTER INC,14295,939.6818,0.998569725864124,4195
201901,8,X,UNITED STATES STEEL CORP NEW,76644,929.10406,0.998331346841478,4195
201901,9,PCG,P G & E CORP,13688,916.4215,0.9980929678188319,4195
201901,10,NBEV,NEWAGE INC,16593,914.2168,0.9978545887961859,4195
201901,11,TLRY,TILRAY BRANDS INC,17977,906.9337,0.9976162097735399,4195
201901,12,TSLA,TESLA INC,93436,906.8487,0.9973778307508939,4195
201901,13,SNAP,SNAP INC,16595,906.4107,0.9971394517282479,4195
201901,14,WDC,WESTERN DIGITAL CORP,66384,904.5801,0.9969010727056019,4195
201901,15,SQ,BLOCK INC,15826,892.8969,0.9966626936829559,4195
201901,16,LRCX,LAM RESH CORP,48486,892.37964,0.9964243146603099,4195
201901,17,FB,META PLATFORMS INC,13407,889.72797,0.9961859356376639,4195
201901,18,GE,GENERAL ELECTRIC CO,12060,887.571,0.9959475566150179,4195
201901,19,CMG,CHIPOTLE MEXICAN GRILL INC,91068,887.0295,0.9957091775923719,4195
201901,20,CGC,CANOPY GROWTH CORP,17827,884.9709,0.9954707985697259,4195
201901,21,IQ,IQIYI INC,17362,876.95123,0.9952324195470799,4195
201901,22,FIT,FITBIT INC,15390,876.48193,0.9949940405244339,4195
201901,23,MU,MICRON TECHNOLOGY INC,53613,875.1015,0.9947556615017878,4195
201901,24,M,MACYS INC,77462,874.06134,0.9945172824791418,4195
201901,25,CLF,CLEVELAND CLIFFS INC NEW,27422,872.50476,0.9942789034564958,4195
201902,1,SNAP,SNAP INC,16595,1045.7943,1.0,4169
201902,2,ROKU,ROKU INC,16932,1007.84143,0.9997601343247782,4169
201902,3,TTD,TRADE DESK INC,16309,953.7887,0.9995202686495562,4169
201902,4,CMG,CHIPOTLE MEXICAN GRILL INC,91068,950.4928,0.9992804029743344,4169
201902,5,TSLA,TESLA INC,93436,942.2685,0.9990405372991125,4169
201902,6,CRON,CRONOS GROUP INC,17316,938.4935,0.9988006716238906,4169
201902,7,COTY,COTY INC,13983,938.29913,0.9985608059486687,4169
201902,8,Z,ZILLOW GROUP INC,15546,932.13556,0.9983209402734469,4169
201902,9,W,WAYFAIR INC,14983,930.3854,0.998081074598225,4169
201902,10,TNDM,TANDEM DIABETES CARE INC,14325,929.87506,0.9978412089230031,4169
201902,11,TWLO,TWILIO INC,16140,914.6106,0.9976013432477813,4169
201902,12,IQ,IQIYI INC,17362,913.22974,0.9973614775725593,4169
201902,13,TWTR,TWITTER INC,14295,910.1082,0.9971216118973375,4169
201902,14,SKX,SKECHERS U S A INC,86949,907.4167,0.9968817462221156,4169
201902,15,NFLX,NETFLIX INC,89393,906.5424,0.9966418805468937,4169
201902,16,SQ,BLOCK INC,15826,897.99805,0.9964020148716719,4169
201902,17,MAT,MATTEL INC,39538,896.10956,0.99616214919645,4169
201902,18,ANET,ARISTA NETWORKS INC,14714,895.9887,0.9959222835212281,4169
201902,19,PANW,PALO ALTO NETWORKS INC,13511,895.87036,0.9956824178460062,4169
201902,20,CZR,CAESARS ENTERTAINMENT CORP,13267,891.35596,0.9954425521707844,4169
201902,21,AMD,ADVANCED MICRO DEVICES INC,61241,890.50525,0.9952026864955625,4169
201902,22,OLED,UNIVERSAL DISPLAY CORP,77610,890.0489,0.9949628208203406,4169
201902,23,YELP,YELP INC,13318,889.6813,0.9947229551451188,4169
201902,24,NVDA,NVIDIA CORP,86580,889.64185,0.9944830894698968,4169
201902,25,GPRO,GOPRO INC,14694,887.6339,0.994243223794675,4169
201903,1,SNAP,SNAP INC,16595,1034.9276,1.0,4176
201903,2,AMD,ADVANCED MICRO DEVICES INC,61241,952.43317,0.9997605363984674,4176
201903,3,TWTR,TWITTER INC,14295,951.4016,0.9995210727969349,4176
201903,4,ROKU,ROKU INC,16932,951.3384,0.9992816091954023,4176
201903,5,BBBY,BED BATH & BEYOND INC,77659,939.57385,0.9990421455938697,4176
201903,6,CMG,CHIPOTLE MEXICAN GRILL INC,91068,930.5252,0.9988026819923371,4176
201903,7,TSLA,TESLA INC,93436,930.5107,0.9985632183908046,4176
201903,8,ANF,ABERCROMBIE & FITCH CO,83976,929.3012,0.998323754789272,4176
201903,9,NVDA,NVIDIA CORP,86580,922.4269,0.9980842911877394,4176
201903,10,NFLX,NETFLIX INC,89393,918.27795,0.9978448275862069,4176
201903,11,CRON,CRONOS GROUP INC,17316,917.8844,0.9976053639846744,4176
201903,12,SFIX,STITCH FIX INC,17038,916.079,0.9973659003831418,4176
201903,13,TTD,TRADE DESK INC,16309,913.00183,0.9971264367816092,4176
201903,14,TNDM,TANDEM DIABETES CARE INC,14325,904.44946,0.9968869731800766,4176
201903,15,MU,MICRON TECHNOLOGY INC,53613,903.0063,0.9966475095785441,4176
201903,16,TWLO,TWILIO INC,16140,900.10156,0.9964080459770115,4176
201903,17,LULU,LULULEMON ATHLETICA INC,92203,898.11786,0.9961685823754789,4176
201903,18,PBYI,PUMA BIOTECHNOLOGY INC,13621,889.9271,0.9959291187739464,4176
201903,19,AVGO,BROADCOM INC,93002,889.72,0.9956896551724138,4176
201903,20,CZR,CAESARS ENTERTAINMENT CORP,13267,879.10815,0.9954501915708812,4176
201903,21,MDB,MONGODB INC,16968,877.0165,0.9952107279693486,4176
201903,22,WDC,WESTERN DIGITAL CORP,66384,874.45544,0.9949712643678161,4176
201903,23,SQ,BLOCK INC,15826,873.114,0.9947318007662835,4176
201903,24,X,UNITED STATES STEEL CORP NEW,76644,860.8547,0.9944923371647509,4176
201903,25,AAPL,APPLE INC,14593,858.2853,0.9942528735632183,4176
201904,1,SNAP,SNAP INC,16595,1030.5238,1.0,4214
201904,2,TWTR,TWITTER INC,14295,1003.95276,0.9997626957759849,4214
201904,3,ROKU,ROKU INC,16932,973.51776,0.9995253915519696,4214
201904,4,AMD,ADVANCED MICRO DEVICES INC,61241,951.57794,0.9992880873279545,4214
201904,5,TSLA,TESLA INC,93436,942.4087,0.9990507831039392,4214
201904,6,QCOM,QUALCOMM INC,77178,923.67065,0.9988134788799241,4214
201904,7,TTD,TRADE DESK INC,16309,920.6504,0.9985761746559089,4214
201904,8,NFLX,NETFLIX INC,89393,915.2551,0.9983388704318937,4214
201904,9,TWLO,TWILIO INC,16140,905.31085,0.9981015662078785,4214
201904,10,F,FORD MOTOR CO DEL,25785,904.9958,0.9978642619838634,4214
201904,11,GME,GAMESTOP CORP NEW,89301,903.37177,0.9976269577598481,4214
201904,12,NBEV,NEWAGE INC,16593,901.4247,0.997389653535833,4214
201904,13,WYNN,WYNN RESORTS LTD,89533,899.79047,0.9971523493118177,4214
201904,14,BBBY,BED BATH & BEYOND INC,77659,897.49713,0.9969150450878026,4214
201904,15,PCG,P G & E CORP,13688,895.6635,0.9966777408637874,4214
201904,16,NVDA,NVIDIA CORP,86580,888.3917,0.9964404366397722,4214
201904,17,CZR,CAESARS ENTERTAINMENT CORP,13267,886.41815,0.996203132415757,4214
201904,18,LL,L L FLOORING HOLDINGS INC,92400,884.87537,0.9959658281917418,4214
201904,19,FSLR,FIRST SOLAR INC,91611,882.2263,0.9957285239677266,4214
201904,20,DIS,DISNEY WALT CO,26403,881.23517,0.9954912197437115,4214
201904,21,SHOP,SHOPIFY INC,15358,880.3753,0.9952539155196962,4214
201904,22,FB,META PLATFORMS INC,13407,879.99854,0.9950166112956811,4214
201904,23,W,WAYFAIR INC,14983,877.1067,0.9947793070716658,4214
201904,24,CMG,CHIPOTLE MEXICAN GRILL INC,91068,876.5779,0.9945420028476507,4214
201904,25,M,MACYS INC,77462,870.9598,0.9943046986236355,4214
201905,1,ROKU,ROKU INC,16932,999.85657,1.0,4218
201905,2,SNAP,SNAP INC,16595,973.0106,0.9997629208155524,4218
201905,3,TWTR,TWITTER INC,14295,953.4685,0.9995258416311048,4218
201905,4,Z,ZILLOW GROUP INC,15546,952.12634,0.9992887624466572,4218
201905,5,AMD,ADVANCED MICRO DEVICES INC,61241,947.07623,0.9990516832622096,4218
201905,6,ZS,ZSCALER INC,17341,929.03125,0.998814604077762,4218
201905,7,TSLA,TESLA INC,93436,927.571,0.9985775248933144,4218
201905,8,TTD,TRADE DESK INC,16309,921.0963,0.9983404457088667,4218
201905,9,TWLO,TWILIO INC,16140,913.74506,0.9981033665244191,4218
201905,10,OKTA,OKTA INC,16649,910.366,0.9978662873399715,4218
201905,11,LYFT,LYFT INC,18452,900.8819,0.9976292081555239,4218
201905,12,X,UNITED STATES STEEL CORP NEW,76644,892.04877,0.9973921289710763,4218
201905,13,ZNGA,ZYNGA INC,13169,886.9838,0.9971550497866287,4218
201905,14,COTY,COTY INC,13983,886.2887,0.9969179706021811,4218
201905,15,NVDA,NVIDIA CORP,86580,883.9514,0.9966808914177335,4218
201905,16,GPRO,GOPRO INC,14694,881.09155,0.9964438122332859,4218
201905,17,MTCH,MATCH GROUP INC NEW,15850,880.5995,0.9962067330488383,4218
201905,18,M,MACYS INC,77462,879.8821,0.9959696538643907,4218
201905,19,SHOP,SHOPIFY INC,15358,878.96643,0.9957325746799431,4218
201905,20,NFLX,NETFLIX INC,89393,878.06555,0.9954954954954955,4218
201905,21,MDB,MONGODB INC,16968,874.0525,0.9952584163110479,4218
201905,22,TGT,TARGET CORP,49154,863.51013,0.9950213371266002,4218
201905,23,S,SPRINT CORP NEW,14040,860.8457,0.9947842579421526,4218
201905,24,CRON,CRONOS GROUP INC,17316,852.6388,0.994547178757705,4218
201905,25,EA,ELECTRONIC ARTS INC,75828,852.12933,0.9943100995732574,4218
201906,1,SNAP,SNAP INC,16595,1014.814,1.0,4227
201906,2,ROKU,ROKU INC,16932,961.334,0.9997634255973503,4227
201906,3,TSLA,TESLA INC,93436,960.9008,0.9995268511947007,4227
201906,4,SFIX,STITCH FIX INC,17038,952.7248,0.9992902767920511,4227
201906,5,AMD,ADVANCED MICRO DEVICES INC,61241,949.6316,0.9990537023894015,4227
201906,6,TTD,TRADE DESK INC,16309,934.5262,0.9988171279867518,4227
201906,7,TWTR,TWITTER INC,14295,934.20953,0.9985805535841022,4227
201906,8,X,UNITED STATES STEEL CORP NEW,76644,931.59326,0.9983439791814526,4227
201906,9,RH,R H,13687,921.69086,0.9981074047788029,4227
201906,10,BYND,BEYOND MEAT INC,18572,917.7657,0.9978708303761533,4227
201906,11,MU,MICRON TECHNOLOGY INC,53613,911.37787,0.9976342559735036,4227
201906,12,CZR,CAESARS ENTERTAINMENT CORP,13267,905.39374,0.9973976815708541,4227
201906,13,SPWR,SUNPOWER CORP,90978,902.131,0.9971611071682044,4227
201906,14,TWLO,TWILIO INC,16140,897.7472,0.9969245327655548,4227
201906,15,NFLX,NETFLIX INC,89393,894.1637,0.9966879583629051,4227
201906,16,PCG,P G & E CORP,13688,892.565,0.9964513839602555,4227
201906,17,ZS,ZSCALER INC,17341,886.8133,0.9962148095576059,4227
201906,18,ZM,ZOOM COMMUNICATIONS INC,18484,886.1871,0.9959782351549562,4227
201906,19,MLNT,MELINTA THERAPEUTICS INC,13263,883.6949,0.9957416607523066,4227
201906,20,TLRY,TILRAY BRANDS INC,17977,879.8956,0.995505086349657,4227
201906,21,NVDA,NVIDIA CORP,86580,876.96246,0.9952685119470074,4227
201906,22,M,MACYS INC,77462,874.7024,0.9950319375443577,4227
201906,23,MDB,MONGODB INC,16968,872.4521,0.994795363141708,4227
201906,24,LYFT,LYFT INC,18452,871.7691,0.9945587887390585,4227
201906,25,OKTA,OKTA INC,16649,865.89685,0.9943222143364088,4227
201907,1,SNAP,SNAP INC,16595,1052.496,1.0,4209
201907,2,ROKU,ROKU INC,16932,987.9328,0.9997624138750297,4209
201907,3,TWTR,TWITTER INC,14295,966.7354,0.9995248277500594,4209
201907,4,TSLA,TESLA INC,93436,943.5796,0.9992872416250891,4209
201907,5,TTD,TRADE DESK INC,16309,929.1121,0.9990496555001188,4209
201907,6,X,UNITED STATES STEEL CORP NEW,76644,925.84686,0.9988120693751484,4209
201907,7,BYND,BEYOND MEAT INC,18572,922.2195,0.9985744832501782,4209
201907,8,OSTK,BED BATH & BEYOND INC NEW,89394,915.4574,0.9983368971252079,4209
201907,9,S,SPRINT CORP NEW,14040,913.9717,0.9980993110002376,4209
201907,10,AMD,ADVANCED MICRO DEVICES INC,61241,909.41876,0.9978617248752673,4209
201907,11,ZM,ZOOM COMMUNICATIONS INC,18484,906.7122,0.997624138750297,4209
201907,12,SQ,BLOCK INC,15826,903.22723,0.9973865526253267,4209
201907,13,TWLO,TWILIO INC,16140,891.566,0.9971489665003563,4209
201907,14,SKX,SKECHERS U S A INC,86949,891.09717,0.9969113803753861,4209
201907,15,WW,W W INTERNATIONAL INC,89244,890.2532,0.9966737942504158,4209
201907,16,GOOG,ALPHABET INC,14542,886.6391,0.9964362081254454,4209
201907,17,MTCH,MATCH GROUP INC NEW,15850,885.07324,0.9961986220004752,4209
201907,18,SPWR,SUNPOWER CORP,90978,883.7064,0.9959610358755049,4209
201907,19,M,MACYS INC,77462,883.47034,0.9957234497505346,4209
201907,20,CMG,CHIPOTLE MEXICAN GRILL INC,91068,882.26154,0.9954858636255642,4209
201907,21,ZS,ZSCALER INC,17341,875.4546,0.995248277500594,4209
201907,22,YETI,YETI HOLDINGS INC,18145,875.0292,0.9950106913756237,4209
201907,23,NVDA,NVIDIA CORP,86580,872.78284,0.9947731052506533,4209
201907,24,SFIX,STITCH FIX INC,17038,870.50934,0.994535519125683,4209
201907,25,SBUX,STARBUCKS CORP,77702,869.7257,0.9942979330007128,4209
201908,1,ROKU,ROKU INC,16932,997.10626,1.0,4207
201908,2,SNAP,SNAP INC,16595,989.9089,0.9997623009270263,4207
201908,3,PINS,PINTEREST INC,18485,972.0638,0.9995246018540528,4207
201908,4,BYND,BEYOND MEAT INC,18572,952.9279,0.9992869027810791,4207
201908,5,WW,W W INTERNATIONAL INC,89244,944.9819,0.9990492037081056,4207
201908,6,TTD,TRADE DESK INC,16309,934.9393,0.9988115046351319,4207
201908,7,SHAK,SHAKE SHACK INC,15167,934.03564,0.9985738055621584,4207
201908,8,TSLA,TESLA INC,93436,932.4929,0.9983361064891847,4207
201908,9,AMD,ADVANCED MICRO DEVICES INC,61241,927.5197,0.998098407416211,4207
201908,10,JWN,NORDSTROM INC,57817,923.0798,0.9978607083432375,4207
201908,11,ZM,ZOOM COMMUNICATIONS INC,18484,919.3999,0.9976230092702638,4207
201908,12,CRWD,CROWDSTRIKE HOLDINGS INC,18726,911.02686,0.9973853101972903,4207
201908,13,UBER,UBER TECHNOLOGIES INC,18576,910.787,0.9971476111243166,4207
201908,14,OKTA,OKTA INC,16649,904.1299,0.996909912051343,4207
201908,15,TWTR,TWITTER INC,14295,902.6794,0.9966722129783694,4207
201908,16,TGT,TARGET CORP,49154,900.63617,0.9964345139053957,4207
201908,17,SPWR,SUNPOWER CORP,90978,900.19336,0.9961968148324222,4207
201908,18,STMP,STAMPS COM INC,87000,897.0905,0.9959591157594485,4207
201908,19,CVNA,CARVANA CO,16655,896.9856,0.995721416686475,4207
201908,20,NVDA,NVIDIA CORP,86580,894.8466,0.9954837176135013,4207
201908,21,LYFT,LYFT INC,18452,889.5765,0.9952460185405277,4207
201908,22,NTNX,NUTANIX INC,16304,884.66986,0.9950083194675541,4207
201908,23,TWLO,TWILIO INC,16140,881.50824,0.9947706203945804,4207
201908,24,X,UNITED STATES STEEL CORP NEW,76644,876.8228,0.9945329213216069,4207
201908,25,NFLX,NETFLIX INC,89393,874.0209,0.9942952222486332,4207
201909,1,SNAP,SNAP INC,16595,992.25085,1.0,4217
201909,2,CLDR,CLOUDERA INC,16657,956.3283,0.9997628645956841,4217
201909,3,TSLA,TESLA INC,93436,951.5344,0.9995257291913683,4217
201909,4,ROKU,ROKU INC,16932,939.7153,0.9992885937870524,4217
201909,5,GME,GAMESTOP CORP NEW,89301,924.1096,0.9990514583827366,4217
201909,6,BYND,BEYOND MEAT INC,18572,915.88025,0.9988143229784207,4217
201909,7,RH,R H,13687,902.5978,0.9985771875741049,4217
201909,8,TWTR,TWITTER INC,14295,901.7477,0.9983400521697889,4217
201909,9,X,UNITED STATES STEEL CORP NEW,76644,901.626,0.9981029167654731,4217
201909,10,WLL,WHITING PETROLEUM CORP NEW,89901,900.4349,0.9978657813611572,4217
201909,11,PINS,PINTEREST INC,18485,891.12604,0.9976286459568413,4217
201909,12,M,MACYS INC,77462,889.392,0.9973915105525255,4217
201909,13,NFLX,NETFLIX INC,89393,882.59564,0.9971543751482096,4217
201909,14,CRWD,CROWDSTRIKE HOLDINGS INC,18726,882.0253,0.9969172397438938,4217
201909,15,WW,W W INTERNATIONAL INC,89244,880.2808,0.9966801043395779,4217
201909,16,SEMG,SEMGROUP CORP,12384,879.3964,0.9964429689352621,4217
201909,17,TLRY,TILRAY BRANDS INC,17977,873.8911,0.9962058335309462,4217
201909,18,PANW,PALO ALTO NETWORKS INC,13511,871.66455,0.9959686981266304,4217
201909,19,NVDA,NVIDIA CORP,86580,868.829,0.9957315627223144,4217
201909,20,LYFT,LYFT INC,18452,866.2627,0.9954944273179985,4217
201909,21,AMD,ADVANCED MICRO DEVICES INC,61241,865.4695,0.9952572919136827,4217
201909,22,JWN,NORDSTROM INC,57817,863.0521,0.9950201565093668,4217
201909,23,BBBY,BED BATH & BEYOND INC,77659,861.7,0.994783021105051,4217
201909,24,SHAK,SHAKE SHACK INC,15167,861.19574,0.9945458857007351,4217
201909,25,WORK,SLACK TECHNOLOGIES INC,18734,860.9549,0.9943087502964193,4217
201910,1,TSLA,TESLA INC,93436,1024.7156,1.0,4102
201910,2,ROKU,ROKU INC,16932,1005.57214,0.999756216479766,4102
201910,3,SNAP,SNAP INC,16595,975.2884,0.999512432959532,4102
201910,4,FIT,FITBIT INC,15390,963.80493,0.9992686494392979,4102
201910,5,BBBY,BED BATH & BEYOND INC,77659,960.57465,0.9990248659190639,4102
201910,6,AMD,ADVANCED MICRO DEVICES INC,61241,954.6652,0.9987810823988298,4102
201910,7,X,UNITED STATES STEEL CORP NEW,76644,934.2982,0.9985372988785958,4102
201910,8,BIIB,BIOGEN INC,76841,922.1456,0.9982935153583617,4102
201910,9,LYFT,LYFT INC,18452,909.78973,0.9980497318381277,4102
201910,10,BYND,BEYOND MEAT INC,18572,905.0102,0.9978059483178937,4102
201910,11,NVDA,NVIDIA CORP,86580,902.4494,0.9975621647976597,4102
201910,12,NFLX,NETFLIX INC,89393,894.23737,0.9973183812774257,4102
201910,13,LRCX,LAM RESH CORP,48486,889.5122,0.9970745977571916,4102
201910,14,DPZ,DOMINOS PIZZA INC,90248,884.9229,0.9968308142369576,4102
201910,15,TTD,TRADE DESK INC,16309,884.88104,0.9965870307167235,4102
201910,16,WORK,SLACK TECHNOLOGIES INC,18734,884.31726,0.9963432471964895,4102
201910,17,PINS,PINTEREST INC,18485,880.3723,0.9960994636762555,4102
201910,18,SFIX,STITCH FIX INC,17038,880.1676,0.9958556801560214,4102
201910,19,M,MACYS INC,77462,870.263,0.9956118966357874,4102
201910,20,KHC,KRAFT HEINZ CO,15408,865.97845,0.9953681131155534,4102
201910,21,FCX,FREEPORT MCMORAN INC,81774,865.76416,0.9951243295953194,4102
201910,22,PCG,P G & E CORP,13688,862.952,0.9948805460750854,4102
201910,23,ALGN,ALIGN TECHNOLOGY INC,88860,861.6394,0.9946367625548513,4102
201910,24,GME,GAMESTOP CORP NEW,89301,854.96216,0.9943929790346172,4102
201910,25,ZM,ZOOM COMMUNICATIONS INC,18484,854.4444,0.9941491955143832,4102
201911,1,TSLA,TESLA INC,93436,968.27625,1.0,4171
201911,2,NTNX,NUTANIX INC,16304,955.57324,0.9997602493406856,4171
201911,3,TTD,TRADE DESK INC,16309,944.3152,0.9995204986813714,4171
201911,4,X,UNITED STATES STEEL CORP NEW,76644,931.7322,0.999280748022057,4171
201911,5,JWN,NORDSTROM INC,57817,931.5096,0.9990409973627428,4171
201911,6,CLVS,CLOVIS ONCOLOGY INC,13107,928.85675,0.9988012467034284,4171
201911,7,ROKU,ROKU INC,16932,928.47327,0.9985614960441141,4171
201911,8,M,MACYS INC,77462,921.7083,0.9983217453847998,4171
201911,9,DKS,DICKS SPORTING GOODS INC,89540,920.1302,0.9980819947254855,4171
201911,10,AMD,ADVANCED MICRO DEVICES INC,61241,914.4967,0.9978422440661712,4171
201911,11,BYND,BEYOND MEAT INC,18572,909.80066,0.9976024934068569,4171
201911,12,TGT,TARGET CORP,49154,908.5578,0.9973627427475426,4171
201911,13,RH,R H,13687,906.3667,0.9971229920882282,4171
201911,14,SNAP,SNAP INC,16595,904.63104,0.9968832414289139,4171
201911,15,LK,LUCKIN COFFEE INC,18662,901.0831,0.9966434907695996,4171
201911,16,SPLK,SPLUNK INC,13379,895.6523,0.9964037401102853,4171
201911,17,GRUB,GRUBHUB INC,14567,895.339,0.996163989450971,4171
201911,18,BBBY,BED BATH & BEYOND INC,77659,891.5567,0.9959242387916567,4171
201911,19,LYFT,LYFT INC,18452,890.63727,0.9956844881323423,4171
201911,20,SQ,BLOCK INC,15826,890.1937,0.9954447374730281,4171
201911,21,NVDA,NVIDIA CORP,86580,886.07404,0.9952049868137137,4171
201911,22,PTON,PELOTON INTERACTIVE INC,18940,882.625,0.9949652361543995,4171
201911,23,PCG,P G & E CORP,13688,879.47595,0.9947254854950851,4171
201911,24,BBY,BEST BUY COMPANY INC,85914,878.6539,0.9944857348357709,4171
201911,25,LB,BATH & BODY WORKS INC,64282,874.44885,0.9942459841764565,4171
201912,1,RAD,RITE AID CORP,46922,1009.7623,1.0,4151
201912,2,TSLA,TESLA INC,93436,1002.4999,0.9997590941941701,4151
201912,3,AMD,ADVANCED MICRO DEVICES INC,61241,941.6895,0.9995181883883402,4151
201912,4,M,MACYS INC,77462,939.6861,0.9992772825825103,4151
201912,5,NIO,N I O INC,18087,930.48346,0.9990363767766803,4151
201912,6,BBBY,BED BATH & BEYOND INC,77659,926.1572,0.9987954709708504,4151
201912,7,PCG,P G & E CORP,13688,920.69366,0.9985545651650205,4151
201912,8,CLDR,CLOUDERA INC,16657,916.8626,0.9983136593591906,4151
201912,9,ROKU,ROKU INC,16932,910.8086,0.9980727535533607,4151
201912,10,X,UNITED STATES STEEL CORP NEW,76644,909.47754,0.9978318477475308,4151
201912,11,TTD,TRADE DESK INC,16309,904.06573,0.9975909419417008,4151
201912,12,SNAP,SNAP INC,16595,901.6721,0.9973500361358709,4151
201912,13,CLVS,CLOVIS ONCOLOGY INC,13107,896.31665,0.997109130330041,4151
201912,14,RH,R H,13687,895.598,0.9968682245242111,4151
201912,15,GME,GAMESTOP CORP NEW,89301,893.14026,0.9966273187183811,4151
201912,16,BYND,BEYOND MEAT INC,18572,890.5317,0.9963864129125511,4151
201912,17,LITE,LUMENTUM HOLDINGS INC,15490,888.658,0.9961455071067212,4151
201912,18,LK,LUCKIN COFFEE INC,18662,887.83374,0.9959046013008913,4151
201912,19,SHOP,SHOPIFY INC,15358,881.939,0.9956636954950614,4151
201912,20,AXSM,AXSOME THERAPEUTICS INC,15831,880.4215,0.9954227896892315,4151
201912,21,LYFT,LYFT INC,18452,878.34607,0.9951818838834016,4151
201912,22,PTON,PELOTON INTERACTIVE INC,18940,876.6962,0.9949409780775716,4151
201912,23,CLF,CLEVELAND CLIFFS INC NEW,27422,876.67664,0.9947000722717417,4151
201912,24,WYNN,WYNN RESORTS LTD,89533,876.4289,0.9944591664659118,4151
201912,25,NFLX,NETFLIX INC,89393,874.98615,0.9942182606600819,4151
202001,1,BYND,BEYOND MEAT INC,18572,1024.6595,1.0,4133
202001,2,TSLA,TESLA INC,93436,1010.77576,0.9997580450036293,4133
202001,3,SNAP,SNAP INC,16595,971.8499,0.9995160900072586,4133
202001,4,UBER,UBER TECHNOLOGIES INC,18576,950.0958,0.999274135010888,4133
202001,5,NIO,N I O INC,18087,943.81805,0.9990321800145173,4133
202001,6,RAD,RITE AID CORP,46922,939.31726,0.9987902250181466,4133
202001,7,TWTR,TWITTER INC,14295,931.2285,0.9985482700217759,4133
202001,8,SQ,BLOCK INC,15826,930.35187,0.9983063150254052,4133
202001,9,SDC,SMILEDIRECTCLUB INC,18907,930.0765,0.9980643600290346,4133
202001,10,GRUB,GRUBHUB INC,14567,928.94904,0.997822405032664,4133
202001,11,CRWD,CROWDSTRIKE HOLDINGS INC,18726,926.38806,0.9975804500362933,4133
202001,12,AMD,ADVANCED MICRO DEVICES INC,61241,923.10944,0.9973384950399226,4133
202001,13,PINS,PINTEREST INC,18485,922.99646,0.9970965400435519,4133
202001,14,BBBY,BED BATH & BEYOND INC,77659,921.6437,0.9968545850471813,4133
202001,15,TTD,TRADE DESK INC,16309,919.88916,0.9966126300508106,4133
202001,16,TWLO,TWILIO INC,16140,918.30225,0.9963706750544399,4133
202001,17,TLRY,TILRAY BRANDS INC,17977,910.5218,0.9961287200580692,4133
202001,18,NFLX,NETFLIX INC,89393,903.14923,0.9958867650616985,4133
202001,19,MDB,MONGODB INC,16968,897.7021,0.9956448100653279,4133
202001,20,LYFT,LYFT INC,18452,896.90424,0.9954028550689572,4133
202001,21,ZM,ZOOM COMMUNICATIONS INC,18484,891.19037,0.9951609000725865,4133
202001,22,CGC,CANOPY GROWTH CORP,17827,889.88007,0.9949189450762158,4133
202001,23,M,MACYS INC,77462,888.7079,0.9946769900798451,4133
202001,24,PCG,P G & E CORP,13688,886.29987,0.9944350350834745,4133
202001,25,WDC,WESTERN DIGITAL CORP,66384,886.0816,0.9941930800871038,4133
202002,1,WORK,SLACK TECHNOLOGIES INC,18734,990.35803,1.0,3938
202002,2,TSLA,TESLA INC,93436,963.563,0.999746063991874,3938
202002,3,TWTR,TWITTER INC,14295,956.7411,0.9994921279837481,3938
202002,4,S,SPRINT CORP NEW,14040,948.53485,0.9992381919756221,3938
202002,5,BYND,BEYOND MEAT INC,18572,943.9865,0.9989842559674962,3938
202002,6,ZM,ZOOM COMMUNICATIONS INC,18484,943.0195,0.9987303199593702,3938
202002,7,UBER,UBER TECHNOLOGIES INC,18576,942.5585,0.9984763839512443,3938
202002,8,PINS,PINTEREST INC,18485,934.50055,0.9982224479431183,3938
202002,9,TTD,TRADE DESK INC,16309,925.1152,0.9979685119349924,3938
202002,10,SQ,BLOCK INC,15826,922.4343,0.9977145759268664,3938
202002,11,NIO,N I O INC,18087,917.42975,0.9974606399187405,3938
202002,12,SPCE,VIRGIN GALACTIC HOLDINGS INC,16964,916.42645,0.9972067039106145,3938
202002,13,ENPH,ENPHASE ENERGY INC,13323,915.95544,0.9969527679024885,3938
202002,14,SEDG,SOLAREDGE TECHNOLOGIES INC,15272,914.4295,0.9966988318943626,3938
202002,15,PLUG,PLUG POWER INC,87337,904.711,0.9964448958862366,3938
202002,16,STMP,STAMPS COM INC,87000,903.87823,0.9961909598781107,3938
202002,17,Z,ZILLOW GROUP INC,15546,900.1534,0.9959370238699847,3938
202002,18,DBX,DROPBOX INC,17342,898.99506,0.9956830878618588,3938
202002,19,RAD,RITE AID CORP,46922,891.616,0.9954291518537328,3938
202002,20,ETSY,ETSY INC,15291,890.6459,0.9951752158456069,3938
202002,21,PBYI,PUMA BIOTECHNOLOGY INC,13621,887.1277,0.9949212798374809,3938
202002,22,DPZ,DOMINOS PIZZA INC,90248,886.914,0.994667343829355,3938
202002,23,ZNGA,ZYNGA INC,13169,885.48035,0.994413407821229,3938
202002,24,CRWD,CROWDSTRIKE HOLDINGS INC,18726,882.7774,0.994159471813103,3938
202002,25,AMD,ADVANCED MICRO DEVICES INC,61241,882.11066,0.9939055358049771,3938
202003,1,WORK,SLACK TECHNOLOGIES INC,18734,971.76996,1.0,3956
202003,2,ZM,ZOOM COMMUNICATIONS INC,18484,967.81055,0.999747219413549,3956
202003,3,UBER,UBER TECHNOLOGIES INC,18576,960.84955,0.9994944388270981,3956
202003,4,TSLA,TESLA INC,93436,949.0306,0.9992416582406471,3956
202003,5,MRNA,MODERNA INC,18312,927.0062,0.9989888776541962,3956
202003,6,TDOC,TELADOC HEALTH INC,15585,923.2604,0.9987360970677452,3956
202003,7,LYFT,LYFT INC,18452,922.2934,0.9984833164812943,3956
202003,8,BYND,BEYOND MEAT INC,18572,915.1376,0.9982305358948432,3956
202003,9,AAL,AMERICAN AIRLINES GROUP INC,21020,908.8615,0.9979777553083923,3956
202003,10,NVAX,NOVAVAX INC,82779,898.2414,0.9977249747219413,3956
202003,11,TLRY,TILRAY BRANDS INC,17977,896.85565,0.9974721941354904,3956
202003,12,CRWD,CROWDSTRIKE HOLDINGS INC,18726,896.20624,0.9972194135490394,3956
202003,13,APRN,BLUE APRON HOLDINGS INC,16755,895.74786,0.9969666329625885,3956
202003,14,ROKU,ROKU INC,16932,894.3883,0.9967138523761375,3956
202003,15,SPCE,VIRGIN GALACTIC HOLDINGS INC,16964,893.731,0.9964610717896866,3956
202003,16,PTON,PELOTON INTERACTIVE INC,18940,889.7961,0.9962082912032356,3956
202003,17,PINS,PINTEREST INC,18485,887.6167,0.9959555106167847,3956
202003,18,TWTR,TWITTER INC,14295,885.741,0.9957027300303337,3956
202003,19,RAD,RITE AID CORP,46922,884.08704,0.9954499494438828,3956
202003,20,UAL,UNITED AIRLINES HOLDINGS INC,91103,880.94965,0.9951971688574317,3956
202003,21,SNAP,SNAP INC,16595,880.10846,0.9949443882709808,3956
202003,22,CMG,CHIPOTLE MEXICAN GRILL INC,91068,875.6723,0.9946916076845298,3956
202003,23,MDB,MONGODB INC,16968,874.2837,0.9944388270980788,3956
202003,24,SQ,BLOCK INC,15826,872.7765,0.9941860465116279,3956
202003,25,INO,INOVIO PHARMACEUTICALS INC,86444,871.43933,0.993933265925177,3956
202004,1,SNAP,SNAP INC,16595,980.1275,1.0,3957
202004,2,TSLA,TESLA INC,93436,965.37744,0.9997472832954258,3957
202004,3,TTD,TRADE DESK INC,16309,942.1167,0.9994945665908517,3957
202004,4,ROKU,ROKU INC,16932,939.5934,0.9992418498862775,3957
202004,5,TWTR,TWITTER INC,14295,928.7721,0.9989891331817033,3957
202004,6,BYND,BEYOND MEAT INC,18572,927.3211,0.9987364164771292,3957
202004,7,SQ,BLOCK INC,15826,919.81696,0.9984836997725549,3957
202004,8,WORK,SLACK TECHNOLOGIES INC,18734,917.04395,0.9982309830679807,3957
202004,9,ZM,ZOOM COMMUNICATIONS INC,18484,916.97614,0.9979782663634066,3957
202004,10,PINS,PINTEREST INC,18485,915.3787,0.9977255496588324,3957
202004,11,MRNA,MODERNA INC,18312,912.28955,0.9974728329542583,3957
202004,12,M,MACYS INC,77462,910.79913,0.9972201162496841,3957
202004,13,KSS,KOHLS CORP,77606,910.49915,0.9969673995451099,3957
202004,14,TDOC,TELADOC HEALTH INC,15585,910.05,0.9967146828405358,3957
202004,15,AAL,AMERICAN AIRLINES GROUP INC,21020,907.55786,0.9964619661359616,3957
202004,16,APA,A P A CORP,39490,906.4558,0.9962092494313874,3957
202004,17,OXY,OCCIDENTAL PETROLEUM CORP,34833,898.7236,0.9959565327268133,3957
202004,18,CHWY,CHEWY INC,18727,896.9891,0.9957038160222391,3957
202004,19,W,WAYFAIR INC,14983,896.22766,0.9954510993176648,3957
202004,20,LYFT,LYFT INC,18452,891.7431,0.9951983826130907,3957
202004,21,UAL,UNITED AIRLINES HOLDINGS INC,91103,890.6552,0.9949456659085165,3957
202004,22,INO,INOVIO PHARMACEUTICALS INC,86444,890.20416,0.9946929492039424,3957
202004,23,ETSY,ETSY INC,15291,886.3458,0.9944402324993682,3957
202004,24,TLRY,TILRAY BRANDS INC,17977,885.4883,0.994187515794794,3957
202004,25,X,UNITED STATES STEEL CORP NEW,76644,885.1489,0.9939347990902199,3957
202005,1,BYND,BEYOND MEAT INC,18572,1015.2155,1.0,4198
202005,2,TWLO,TWILIO INC,16140,978.2663,0.9997617913292044,4198
202005,3,M,MACYS INC,77462,977.5891,0.9995235826584088,4198
202005,4,ZS,ZSCALER INC,17341,969.17993,0.9992853739876132,4198
202005,5,GRUB,GRUBHUB INC,14567,964.67596,0.9990471653168176,4198
202005,6,DKNG,DRAFTKINGS INC,18835,957.01624,0.9988089566460219,4198
202005,7,WORK,SLACK TECHNOLOGIES INC,18734,951.5281,0.9985707479752263,4198
202005,8,UAL,UNITED AIRLINES HOLDINGS INC,91103,944.68774,0.9983325393044307,4198
202005,9,NVAX,NOVAVAX INC,82779,944.2317,0.9980943306336351,4198
202005,10,UBER,UBER TECHNOLOGIES INC,18576,942.3549,0.9978561219628395,4198
202005,11,MRNA,MODERNA INC,18312,941.4968,0.9976179132920439,4198
202005,12,VTIQ,NIKOLA CORP,17907,938.3319,0.9973797046212483,4198
202005,13,ZM,ZOOM COMMUNICATIONS INC,18484,937.21,0.9971414959504526,4198
202005,14,TSLA,TESLA INC,93436,933.2635,0.9969032872796569,4198
202005,15,SNAP,SNAP INC,16595,932.74414,0.9966650786088613,4198
202005,16,TLRY,TILRAY BRANDS INC,17977,932.34784,0.9964268699380657,4198
202005,17,AAL,AMERICAN AIRLINES GROUP INC,21020,928.97,0.9961886612672701,4198
202005,18,LYFT,LYFT INC,18452,928.8345,0.9959504525964745,4198
202005,19,PTON,PELOTON INTERACTIVE INC,18940,927.1007,0.9957122439256789,4198
202005,20,W,WAYFAIR INC,14983,923.76117,0.9954740352548833,4198
202005,21,DDOG,DATADOG INC,18911,923.7395,0.9952358265840877,4198
202005,22,AMC,A M C ENTERTAINMENT HOLDINGS INC,14328,916.3796,0.994997617913292,4198
202005,23,SDC,SMILEDIRECTCLUB INC,18907,916.2291,0.9947594092424964,4198
202005,24,CODX,CO DIAGNOSTICS INC,16820,916.14825,0.9945212005717008,4198
202005,25,UNFI,UNITED NATURAL FOODS INC,84275,910.9157,0.9942829919009052,4198
202006,1,BYND,BEYOND MEAT INC,18572,995.7463,1.0,4248
202006,2,M,MACYS INC,77462,990.16406,0.9997645951035782,4248
202006,3,AAL,AMERICAN AIRLINES GROUP INC,21020,985.79846,0.9995291902071564,4248
202006,4,HTZ,HERTZ GLOBAL HOLDINGS INC NEW,16086,983.1649,0.9992937853107344,4248
202006,5,TSLA,TESLA INC,93436,972.87744,0.9990583804143126,4248
202006,6,UAL,UNITED AIRLINES HOLDINGS INC,91103,963.96063,0.9988229755178908,4248
202006,7,OXY,OCCIDENTAL PETROLEUM CORP,34833,961.63,0.998587570621469,4248
202006,8,PLUG,PLUG POWER INC,87337,957.1088,0.998352165725047,4248
202006,9,ZM,ZOOM COMMUNICATIONS INC,18484,954.853,0.9981167608286252,4248
202006,10,SNAP,SNAP INC,16595,952.73596,0.9978813559322034,4248
202006,11,DOCU,DOCUSIGN INC,17685,947.8984,0.9976459510357816,4248
202006,12,CLDR,CLOUDERA INC,16657,944.8812,0.9974105461393596,4248
202006,13,NVAX,NOVAVAX INC,82779,943.48444,0.9971751412429378,4248
202006,14,PLAY,DAVE & BUSTERS ENTERTAINMENT INC,15014,942.6344,0.996939736346516,4248
202006,15,ROKU,ROKU INC,16932,939.20807,0.9967043314500942,4248
202006,16,MGM,M G M RESORTS INTERNATIONAL,11891,937.55115,0.9964689265536724,4248
202006,17,GPS,GAP INC,59010,936.728,0.9962335216572504,4248
202006,18,NIO,N I O INC,18087,936.686,0.9959981167608286,4248
202006,19,INO,INOVIO PHARMACEUTICALS INC,86444,935.1031,0.9957627118644068,4248
202006,20,TTD,TRADE DESK INC,16309,931.3625,0.995527306967985,4248
202006,21,SQ,BLOCK INC,15826,929.3461,0.995291902071563,4248
202006,22,DAL,DELTA AIR LINES INC,91926,928.8331,0.9950564971751412,4248
202006,23,RAD,RITE AID CORP,46922,927.3496,0.9948210922787194,4248
202006,24,NCLH,NORWEGIAN CRUISE LINE HLDGS LTD,13760,924.4382,0.9945856873822976,4248
202006,25,BA,BOEING CO,19561,923.2021,0.9943502824858758,4248
202007,1,ROKU,ROKU INC,16932,975.70154,1.0,4244
202007,2,BYND,BEYOND MEAT INC,18572,967.9718,0.9997643732327992,4244
202007,3,TSLA,TESLA INC,93436,958.90894,0.9995287464655985,4244
202007,4,TWTR,TWITTER INC,14295,958.70703,0.9992931196983977,4244
202007,5,NVAX,NOVAVAX INC,82779,956.25964,0.9990574929311969,4244
202007,6,UAL,UNITED AIRLINES HOLDINGS INC,91103,951.768,0.9988218661639963,4244
202007,7,PINS,PINTEREST INC,18485,951.7418,0.9985862393967955,4244
202007,8,AAL,AMERICAN AIRLINES GROUP INC,21020,950.59216,0.9983506126295947,4244
202007,9,TWLO,TWILIO INC,16140,948.20624,0.998114985862394,4244
202007,10,AMD,ADVANCED MICRO DEVICES INC,61241,933.9186,0.9978793590951932,4244
202007,11,OPK,OPKO HEALTH INC,82567,931.9768,0.9976437323279924,4244
202007,12,SPCE,VIRGIN GALACTIC HOLDINGS INC,16964,931.8742,0.9974081055607917,4244
202007,13,NIO,N I O INC,18087,929.22943,0.9971724787935909,4244
202007,14,SQ,BLOCK INC,15826,927.0425,0.9969368520263902,4244
202007,15,MGM,M G M RESORTS INTERNATIONAL,11891,925.6974,0.9967012252591895,4244
202007,16,LVGO,LIVONGO HEALTH INC,18790,919.50464,0.9964655984919887,4244
202007,17,GNUS,KARTOON STUDIOS INC,16463,916.6671,0.9962299717247879,4244
202007,18,ZM,ZOOM COMMUNICATIONS INC,18484,916.15186,0.9959943449575872,4244
202007,19,MRNA,MODERNA INC,18312,914.4895,0.9957587181903864,4244
202007,20,VXRT,VAXART INC,57913,913.72406,0.9955230914231856,4244
202007,21,M,MACYS INC,77462,912.60706,0.9952874646559849,4244
202007,22,PENN,PENN ENTERTAINMENT INC,80563,911.2645,0.9950518378887842,4244
202007,23,W,WAYFAIR INC,14983,911.1526,0.9948162111215834,4244
202007,24,AA,ALCOA CORP,16347,909.7177,0.9945805843543827,4244
202007,25,APT,ALPHA PRO TECH LTD,87832,909.14246,0.9943449575871819,4244
202008,1,AAL,AMERICAN AIRLINES GROUP INC,21020,1003.08777,1.0,4231
202008,2,PLUG,PLUG POWER INC,87337,968.9489,0.9997636492554951,4231
202008,3,UAL,UNITED AIRLINES HOLDINGS INC,91103,963.1987,0.9995272985109903,4231
202008,4,PLAY,DAVE & BUSTERS ENTERTAINMENT INC,15014,955.58246,0.9992909477664854,4231
202008,5,BYND,BEYOND MEAT INC,18572,952.815,0.9990545970219806,4231
202008,6,ROKU,ROKU INC,16932,951.9715,0.9988182462774757,4231
202008,7,GRPN,GROUPON INC,13108,949.764,0.9985818955329709,4231
202008,8,GRWG,GROWGENERATION CORP,19137,942.1113,0.998345544788466,4231
202008,9,NKLA,NIKOLA CORP,17907,937.7426,0.9981091940439613,4231
202008,10,KODK,EASTMAN KODAK CO,14276,935.1589,0.9978728432994564,4231
202008,11,ZM,ZOOM COMMUNICATIONS INC,18484,934.427,0.9976364925549516,4231
202008,12,MGM,M G M RESORTS INTERNATIONAL,11891,933.65955,0.9974001418104467,4231
202008,13,M,MACYS INC,77462,933.3114,0.9971637910659419,4231
202008,14,W,WAYFAIR INC,14983,932.4901,0.996927440321437,4231
202008,15,NTNX,NUTANIX INC,16304,927.7908,0.9966910895769322,4231
202008,16,FSLY,FASTLY INC,18580,926.9672,0.9964547388324273,4231
202008,17,GME,GAMESTOP CORP NEW,89301,925.5228,0.9962183880879225,4231
202008,18,WKHS,WORKHORSE GROUP INC,15914,925.2328,0.9959820373434176,4231
202008,19,PINS,PINTEREST INC,18485,924.00543,0.9957456865989128,4231
202008,20,NIO,N I O INC,18087,921.80145,0.9955093358544079,4231
202008,21,PENN,PENN ENTERTAINMENT INC,80563,918.14557,0.9952729851099031,4231
202008,22,GPS,GAP INC,59010,917.6043,0.9950366343653982,4231
202008,23,CHWY,CHEWY INC,18727,916.62714,0.9948002836208935,4231
202008,24,PTON,PELOTON INTERACTIVE INC,18940,916.4127,0.9945639328763886,4231
202008,25,RIOT,RIOT PLATFORMS INC,92213,914.92,0.9943275821318838,4231
202009,1,DKNG,DRAFTKINGS INC,18835,986.3644,1.0,4237
202009,2,KODK,EASTMAN KODAK CO,14276,982.2991,0.9997639839509087,4237
202009,3,ROKU,ROKU INC,16932,977.7968,0.9995279679018173,4237
202009,4,BYND,BEYOND MEAT INC,18572,971.4396,0.999291951852726,4237
202009,5,GME,GAMESTOP CORP NEW,89301,969.4407,0.9990559358036346,4237
202009,6,ZM,ZOOM COMMUNICATIONS INC,18484,969.2964,0.9988199197545433,4237
202009,7,TSLA,TESLA INC,93436,963.44214,0.998583903705452,4237
202009,8,AAL,AMERICAN AIRLINES GROUP INC,21020,958.01245,0.9983478876563606,4237
202009,9,PTON,PELOTON INTERACTIVE INC,18940,954.4734,0.9981118716072693,4237
202009,10,PLUG,PLUG POWER INC,87337,953.50116,0.9978758555581779,4237
202009,11,UAL,UNITED AIRLINES HOLDINGS INC,91103,945.638,0.9976398395090866,4237
202009,12,SDC,SMILEDIRECTCLUB INC,18907,943.7596,0.9974038234599952,4237
202009,13,SRNE,SORRENTO THERAPEUTICS INC,14262,941.71423,0.9971678074109039,4237
202009,14,SHLL,HYLIION HOLDINGS CORP,18539,938.65295,0.9969317913618126,4237
202009,15,M,MACYS INC,77462,937.59674,0.9966957753127212,4237
202009,16,TWTR,TWITTER INC,14295,935.3411,0.99645975926363,4237
202009,17,PENN,PENN ENTERTAINMENT INC,80563,935.0031,0.9962237432145385,4237
202009,18,NKLA,NIKOLA CORP,17907,933.581,0.9959877271654473,4237
202009,19,NCLH,NORWEGIAN CRUISE LINE HLDGS LTD,13760,933.1858,0.995751711116356,4237
202009,20,PLAY,DAVE & BUSTERS ENTERTAINMENT INC,15014,927.80225,0.9955156950672646,4237
202009,21,SNAP,SNAP INC,16595,925.8771,0.9952796790181733,4237
202009,22,W,WAYFAIR INC,14983,924.81744,0.9950436629690819,4237
202009,23,PINS,PINTEREST INC,18485,924.757,0.9948076469199906,4237
202009,24,SPCE,VIRGIN GALACTIC HOLDINGS INC,16964,923.1635,0.9945716308708992,4237
202009,25,WKHS,WORKHORSE GROUP INC,15914,921.6834,0.9943356148218079,4237
202010,1,SNAP,SNAP INC,16595,1015.89233,1.0,4226
202010,2,GME,GAMESTOP CORP NEW,89301,997.1093,0.9997633696166588,4226
202010,3,PLUG,PLUG POWER INC,87337,974.5996,0.9995267392333176,4226
202010,4,PINS,PINTEREST INC,18485,960.6108,0.9992901088499764,4226
202010,5,AAL,AMERICAN AIRLINES GROUP INC,21020,944.78955,0.9990534784666352,4226
202010,6,ROKU,ROKU INC,16932,943.59265,0.9988168480832939,4226
202010,7,M,MACYS INC,77462,942.04865,0.9985802176999526,4226
202010,8,SPWR,SUNPOWER CORP,90978,940.9982,0.9983435873166114,4226
202010,9,HOG,HARLEY DAVIDSON INC,70033,939.098,0.9981069569332702,4226
202010,10,NKLA,NIKOLA CORP,17907,938.84735,0.997870326549929,4226
202010,11,BBBY,BED BATH & BEYOND INC,77659,934.84796,0.9976336961665878,4226
202010,12,PTON,PELOTON INTERACTIVE INC,18940,934.4652,0.9973970657832466,4226
202010,13,BYND,BEYOND MEAT INC,18572,929.1594,0.9971604353999054,4226
202010,14,X,UNITED STATES STEEL CORP NEW,76644,926.8221,0.9969238050165641,4226
202010,15,UAL,UNITED AIRLINES HOLDINGS INC,91103,926.30444,0.9966871746332229,4226
202010,16,DKNG,DRAFTKINGS INC,18835,923.91364,0.9964505442498817,4226
202010,17,GPS,GAP INC,59010,922.61847,0.9962139138665405,4226
202010,18,TTD,TRADE DESK INC,16309,921.1271,0.9959772834831992,4226
202010,19,TWLO,TWILIO INC,16140,918.05994,0.995740653099858,4226
202010,20,HTZ,HERTZ GLOBAL HOLDINGS INC NEW,16086,916.8751,0.9955040227165168,4226
202010,21,KSS,KOHLS CORP,77606,914.80176,0.9952673923331756,4226
202010,22,TLRY,TILRAY BRANDS INC,17977,914.15643,0.9950307619498343,4226
202010,23,FSLR,FIRST SOLAR INC,91611,911.1291,0.9947941315664931,4226
202010,24,TSLA,TESLA INC,93436,909.56116,0.9945575011831519,4226
202010,25,NET,CLOUDFLARE INC,18909,908.2919,0.9943208707998107,4226
202011,1,PLTR,PALANTIR TECHNOLOGIES INC,19788,1012.00714,1.0,4264
202011,2,M,MACYS INC,77462,1004.8268,0.999765478424015,4264
202011,3,MRNA,MODERNA INC,18312,988.34784,0.9995309568480301,4264
202011,4,TLRY,TILRAY BRANDS INC,17977,981.22174,0.999296435272045,4264
202011,5,WORK,SLACK TECHNOLOGIES INC,18734,972.26776,0.99906191369606,4264
202011,6,COTY,COTY INC,13983,968.10297,0.9988273921200751,4264
202011,7,PLUG,PLUG POWER INC,87337,963.52423,0.9985928705440901,4264
202011,8,JWN,NORDSTROM INC,57817,961.83453,0.998358348968105,4264
202011,9,GME,GAMESTOP CORP NEW,89301,958.93695,0.99812382739212,4264
202011,10,AAL,AMERICAN AIRLINES GROUP INC,21020,950.67053,0.9978893058161351,4264
202011,11,DKNG,DRAFTKINGS INC,18835,946.4501,0.9976547842401501,4264
202011,12,SNAP,SNAP INC,16595,945.60645,0.9974202626641651,4264
202011,13,FSR,FISKER INC,18184,945.3914,0.9971857410881801,4264
202011,14,NCLH,NORWEGIAN CRUISE LINE HLDGS LTD,13760,943.8826,0.9969512195121951,4264
202011,15,RIOT,RIOT PLATFORMS INC,92213,942.2324,0.9967166979362101,4264
202011,16,UAL,UNITED AIRLINES HOLDINGS INC,91103,940.9647,0.9964821763602252,4264
202011,17,ROKU,ROKU INC,16932,939.19275,0.9962476547842402,4264
202011,18,ACB,AURORA CANNABIS INC,18151,938.1904,0.9960131332082551,4264
202011,19,BLNK,BLINK CHARGING CO,17313,934.0603,0.9957786116322702,4264
202011,20,X,UNITED STATES STEEL CORP NEW,76644,932.9206,0.9955440900562852,4264
202011,21,LYFT,LYFT INC,18452,927.91113,0.9953095684803002,4264
202011,22,GRWG,GROWGENERATION CORP,19137,926.74774,0.9950750469043153,4264
202011,23,KSS,KOHLS CORP,77606,923.4607,0.9948405253283302,4264
202011,24,SPWR,SUNPOWER CORP,90978,920.5347,0.9946060037523452,4264
202011,25,OXY,OCCIDENTAL PETROLEUM CORP,34833,919.9051,0.9943714821763602,4264
202012,1,PLTR,PALANTIR TECHNOLOGIES INC,19788,1024.0503,1.0,4317
202012,2,TLRY,TILRAY BRANDS INC,17977,984.53345,0.9997683576557794,4317
202012,3,GME,GAMESTOP CORP NEW,89301,979.97156,0.999536715311559,4317
202012,4,AAL,AMERICAN AIRLINES GROUP INC,21020,974.5163,0.9993050729673384,4317
202012,5,QS,QUANTUMSCAPE CORP,19599,970.4266,0.9990734306231179,4317
202012,6,LMND,LEMONADE INC,19497,965.6694,0.9988417882788974,4317
202012,7,M,MACYS INC,77462,963.6125,0.9986101459346769,4317
202012,8,PLUG,PLUG POWER INC,87337,963.15826,0.9983785035904563,4317
202012,9,BLNK,BLINK CHARGING CO,17313,956.9837,0.9981468612462359,4317
202012,10,RIOT,RIOT PLATFORMS INC,92213,956.25494,0.9979152189020153,4317
202012,11,FEYE,MANDIANT INC,14159,946.3841,0.9976835765577947,4317
202012,12,X,UNITED STATES STEEL CORP NEW,76644,944.9992,0.9974519342135743,4317
202012,13,MRNA,MODERNA INC,18312,939.6733,0.9972202918693537,4317
202012,14,SFIX,STITCH FIX INC,17038,937.1531,0.9969886495251332,4317
202012,15,SNAP,SNAP INC,16595,934.1836,0.9967570071809126,4317
202012,16,RAD,RITE AID CORP,46922,933.026,0.9965253648366922,4317
202012,17,MARA,MARA HOLDINGS INC,14813,930.5959,0.9962937224924716,4317
202012,18,TSLA,TESLA INC,93436,929.7426,0.9960620801482511,4317
202012,19,ACB,AURORA CANNABIS INC,18151,927.836,0.9958304378040306,4317
202012,20,KODK,EASTMAN KODAK CO,14276,922.25616,0.99559879545981,4317
202012,21,FUBO,FUBOTV INC,19893,921.7731,0.9953671531155895,4317
202012,22,UAL,UNITED AIRLINES HOLDINGS INC,91103,919.31476,0.995135510771369,4317
202012,23,SNOW,SNOWFLAKE INC,19654,918.9149,0.9949038684271485,4317
202012,24,EDIT,EDITAS MEDICINE INC,15937,917.04724,0.9946722260829279,4317
202012,25,LYFT,LYFT INC,18452,916.5159,0.9944405837387075,4317
202101,1,PLTR,PALANTIR TECHNOLOGIES INC,19788,1030.0126,1.0,4359
202101,2,AMC,A M C ENTERTAINMENT HOLDINGS INC,14328,1005.24506,0.9997705895847672,4359
202101,3,TLRY,TILRAY BRANDS INC,17977,1001.63885,0.9995411791695343,4359
202101,4,DDD,3 D SYSTEMS CORP DEL,78664,998.4582,0.9993117687543015,4359
202101,5,PLUG,PLUG POWER INC,87337,981.7808,0.9990823583390686,4359
202101,6,GME,GAMESTOP CORP NEW,89301,977.0199,0.9988529479238357,4359
202101,7,SRNE,SORRENTO THERAPEUTICS INC,14262,975.10846,0.9986235375086029,4359
202101,8,MRNA,MODERNA INC,18312,972.99036,0.99839412709337,4359
202101,9,AAL,AMERICAN AIRLINES GROUP INC,21020,956.89996,0.9981647166781372,4359
202101,10,LMND,LEMONADE INC,19497,955.8463,0.9979353062629044,4359
202101,11,FUBO,FUBOTV INC,19893,955.55444,0.9977058958476714,4359
202101,12,QS,QUANTUMSCAPE CORP,19599,954.3198,0.9974764854324386,4359
202101,13,NVAX,NOVAVAX INC,82779,952.0822,0.9972470750172058,4359
202101,14,MARA,MARA HOLDINGS INC,14813,945.61444,0.9970176646019729,4359
202101,15,M,MACYS INC,77462,944.2894,0.9967882541867401,4359
202101,16,ACB,AURORA CANNABIS INC,18151,941.741,0.9965588437715073,4359
202101,17,BLNK,BLINK CHARGING CO,17313,939.70435,0.9963294333562743,4359
202101,18,SPWR,SUNPOWER CORP,90978,938.89813,0.9961000229410415,4359
202101,19,BBBY,BED BATH & BEYOND INC,77659,936.259,0.9958706125258087,4359
202101,20,RIOT,RIOT PLATFORMS INC,92213,933.86865,0.9956412021105758,4359
202101,21,LXRX,LEXICON PHARMACEUTICALS INC,88173,932.8573,0.995411791695343,4359
202101,22,X,UNITED STATES STEEL CORP NEW,76644,928.774,0.9951823812801102,4359
202101,23,NOK,NOKIA CORP,87128,925.469,0.9949529708648772,4359
202101,24,TWTR,TWITTER INC,14295,924.0887,0.9947235604496444,4359
202101,25,BB,BLACKBERRY LTD,86745,922.0029,0.9944941500344116,4359
202102,1,AMC,A M C ENTERTAINMENT HOLDINGS INC,14328,1025.5472,1.0,4416
202102,2,FSR,FISKER INC,18184,1001.72076,0.9997735507246377,4416
202102,3,GME,GAMESTOP CORP NEW,89301,996.0461,0.9995471014492754,4416
202102,4,PLTR,PALANTIR TECHNOLOGIES INC,19788,990.21967,0.9993206521739131,4416
202102,5,TLRY,TILRAY BRANDS INC,17977,988.2625,0.9990942028985508,4416
202102,6,QS,QUANTUMSCAPE CORP,19599,970.9719,0.9988677536231884,4416
202102,7,TWTR,TWITTER INC,14295,969.8841,0.998641304347826,4416
202102,8,AAL,AMERICAN AIRLINES GROUP INC,21020,964.6977,0.9984148550724637,4416
202102,9,SNDL,SNDL INC,18902,952.5343,0.9981884057971014,4416
202102,10,LMND,LEMONADE INC,19497,946.9489,0.9979619565217391,4416
202102,11,RKT,ROCKET COMPANIES INC,19577,944.7155,0.9977355072463768,4416
202102,12,APHA,APHRIA INC,18221,934.64514,0.9975090579710145,4416
202102,13,ABNB,AIRBNB INC,20190,930.0664,0.9972826086956522,4416
202102,14,SNAP,SNAP INC,16595,926.9226,0.9970561594202898,4416
202102,15,MARA,MARA HOLDINGS INC,14813,925.8983,0.9968297101449275,4416
202102,16,NVAX,NOVAVAX INC,82779,918.3111,0.9966032608695652,4416
202102,17,SRNE,SORRENTO THERAPEUTICS INC,14262,914.5128,0.9963768115942029,4416
202102,18,FUBO,FUBOTV INC,19893,912.06604,0.9961503623188406,4416
202102,19,KODK,EASTMAN KODAK CO,14276,910.78827,0.9959239130434783,4416
202102,20,DKNG,DRAFTKINGS INC,18835,909.0849,0.995697463768116,4416
202102,21,HYLN,HYLIION HOLDINGS CORP,18539,904.7934,0.9954710144927537,4416
202102,22,DDD,3 D SYSTEMS CORP DEL,78664,902.66205,0.9952445652173914,4416
202102,23,M,MACYS INC,77462,902.58496,0.9950181159420289,4416
202102,24,ACB,AURORA CANNABIS INC,18151,902.382,0.9947916666666666,4416
202102,25,SENS,SENSEONICS HOLDINGS INC,15995,901.6493,0.9945652173913043,4416
202103,1,AMC,A M C ENTERTAINMENT HOLDINGS INC,14328,1029.664,1.0,4482
202103,2,RKT,ROCKET COMPANIES INC,19577,1025.5972,0.999776885319054,4482
202103,3,CLVS,CLOVIS ONCOLOGY INC,13107,1020.4978,0.999553770638108,4482
202103,4,PLTR,PALANTIR TECHNOLOGIES INC,19788,1012.9821,0.999330655957162,4482
202103,5,GME,GAMESTOP CORP NEW,89301,1005.79297,0.9991075412762159,4482
202103,6,TLRY,TILRAY BRANDS INC,17977,968.176,0.99888442659527,4482
202103,7,X,UNITED STATES STEEL CORP NEW,76644,966.8527,0.998661311914324,4482
202103,8,AAL,AMERICAN AIRLINES GROUP INC,21020,961.3748,0.998438197233378,4482
202103,9,CCIV,LUCID GROUP INC,19751,954.97046,0.998215082552432,4482
202103,10,UPST,UPSTART HOLDINGS INC,20196,951.144,0.9979919678714859,4482
202103,11,EXPR,EXPRESS INC,93373,944.5428,0.99776885319054,4482
202103,12,GNUS,KARTOON STUDIOS INC,16463,943.33093,0.9975457385095939,4482
202103,13,TSLA,TESLA INC,93436,936.4838,0.9973226238286479,4482
202103,14,FSR,FISKER INC,18184,935.17554,0.997099509147702,4482
202103,15,MARA,MARA HOLDINGS INC,14813,933.80426,0.9968763944667559,4482
202103,16,GPRO,GOPRO INC,14694,921.2204,0.9966532797858099,4482
202103,17,RIOT,RIOT PLATFORMS INC,92213,918.99664,0.9964301651048639,4482
202103,18,ABNB,AIRBNB INC,20190,917.78815,0.9962070504239179,4482
202103,19,PLUG,PLUG POWER INC,87337,913.6852,0.9959839357429718,4482
202103,20,M,MACYS INC,77462,907.7963,0.9957608210620259,4482
202103,21,SNDL,SNDL INC,18902,907.6102,0.9955377063810799,4482
202103,22,DDD,3 D SYSTEMS CORP DEL,78664,906.16656,0.9953145917001339,4482
202103,23,DKNG,DRAFTKINGS INC,18835,905.5229,0.9950914770191879,4482
202103,24,UAL,UNITED AIRLINES HOLDINGS INC,91103,902.4539,0.9948683623382418,4482
202103,25,APHA,APHRIA INC,18221,901.33685,0.9946452476572959,4482
202104,1,PLTR,PALANTIR TECHNOLOGIES INC,19788,963.2122,1.0,4559
202104,2,AMC,A M C ENTERTAINMENT HOLDINGS INC,14328,948.209,0.9997806536521167,4559
202104,3,GME,GAMESTOP CORP NEW,89301,944.26825,0.9995613073042334,4559
202104,4,FSR,FISKER INC,18184,939.6526,0.9993419609563501,4559
202104,5,TLRY,TILRAY BRANDS INC,17977,937.74994,0.9991226146084667,4559
202104,6,SNAP,SNAP INC,16595,935.7487,0.9989032682605835,4559
202104,7,X,UNITED STATES STEEL CORP NEW,76644,934.8019,0.9986839219127002,4559
202104,8,AAL,AMERICAN AIRLINES GROUP INC,21020,932.6032,0.9984645755648168,4559
202104,9,PLBY,PLAYBOY INC,19644,931.8216,0.9982452292169335,4559
202104,10,VXRT,VAXART INC,57913,931.1155,0.9980258828690503,4559
202104,11,CCIV,LUCID GROUP INC,19751,925.2504,0.9978065365211669,4559
202104,12,TSLA,TESLA INC,93436,922.3464,0.9975871901732836,4559
202104,13,FUBO,FUBOTV INC,19893,918.474,0.9973678438254003,4559
202104,14,QS,QUANTUMSCAPE CORP,19599,917.8683,0.997148497477517,4559
202104,15,RKT,ROCKET COMPANIES INC,19577,914.96515,0.9969291511296337,4559
202104,16,MARA,MARA HOLDINGS INC,14813,909.7568,0.9967098047817504,4559
202104,17,OCGN,OCUGEN INC,15132,907.4966,0.9964904584338671,4559
202104,18,HYLN,HYLIION HOLDINGS CORP,18539,901.33856,0.9962711120859837,4559
202104,19,NKLA,NIKOLA CORP,17907,897.2053,0.9960517657381005,4559
202104,20,SKLZ,SKILLZ INC,19338,896.8555,0.9958324193902172,4559
202104,21,MRNA,MODERNA INC,18312,895.3463,0.9956130730423338,4559
202104,22,NCLH,NORWEGIAN CRUISE LINE HLDGS LTD,13760,895.0854,0.9953937266944506,4559
202104,23,PLUG,PLUG POWER INC,87337,894.7591,0.9951743803465672,4559
202104,24,CLOV,CLOVER HEALTH INVESTMENTS CORP,19456,894.2285,0.9949550339986839,4559
202104,25,BYND,BEYOND MEAT INC,18572,892.808,0.9947356876508006,4559
202105,1,AMC,A M C ENTERTAINMENT HOLDINGS INC,14328,1053.0436,1.0,4596
202105,2,PLTR,PALANTIR TECHNOLOGIES INC,19788,1005.7839,0.9997824194952132,4596
202105,3,GME,GAMESTOP CORP NEW,89301,982.5391,0.9995648389904265,4596
202105,4,BYND,BEYOND MEAT INC,18572,964.367,0.9993472584856397,4596
202105,5,UPST,UPSTART HOLDINGS INC,20196,956.83966,0.999129677980853,4596
202105,6,DDD,3 D SYSTEMS CORP DEL,78664,943.1761,0.9989120974760661,4596
202105,7,OCGN,OCUGEN INC,15132,942.031,0.9986945169712794,4596
202105,8,RBLX,ROBLOX CORP,20648,939.5954,0.9984769364664926,4596
202105,9,M,MACYS INC,77462,935.19995,0.9982593559617058,4596
202105,10,TSLA,TESLA INC,93436,932.00385,0.9980417754569191,4596
202105,11,SPCE,VIRGIN GALACTIC HOLDINGS INC,16964,931.0118,0.9978241949521323,4596
202105,12,CLF,CLEVELAND CLIFFS INC NEW,27422,929.80414,0.9976066144473456,4596
202105,13,FSR,FISKER INC,18184,928.1867,0.9973890339425587,4596
202105,14,TLRY,TILRAY BRANDS INC,17977,928.1678,0.997171453437772,4596
202105,15,BB,BLACKBERRY LTD,86745,927.7685,0.9969538729329852,4596
202105,16,RKT,ROCKET COMPANIES INC,19577,925.1839,0.9967362924281984,4596
202105,17,BTU,PEABODY ENERGY CORP NEW,16689,923.7164,0.9965187119234117,4596
202105,18,EXPR,EXPRESS INC,93373,923.7144,0.9963011314186249,4596
202105,19,PLUG,PLUG POWER INC,87337,922.4654,0.9960835509138382,4596
202105,20,X,UNITED STATES STEEL CORP NEW,76644,920.1209,0.9958659704090513,4596
202105,21,UWMC,U W M HOLDINGS CORP,19312,920.1199,0.9956483899042646,4596
202105,22,DKNG,DRAFTKINGS INC,18835,919.4988,0.9954308093994778,4596
202105,23,AAL,AMERICAN AIRLINES GROUP INC,21020,919.1687,0.995213228894691,4596
202105,24,NKLA,NIKOLA CORP,17907,917.6843,0.9949956483899043,4596
202105,25,PTON,PELOTON INTERACTIVE INC,18940,914.8828,0.9947780678851175,4596
202106,1,CLOV,CLOVER HEALTH INVESTMENTS CORP,19456,1039.5865,1.0,4635
202106,2,AMC,A M C ENTERTAINMENT HOLDINGS INC,14328,1020.40466,0.9997842502696872,4635
202106,3,PLTR,PALANTIR TECHNOLOGIES INC,19788,998.3903,0.9995685005393743,4635
202106,4,BB,BLACKBERRY LTD,86745,995.21136,0.9993527508090615,4635
202106,5,WKHS,WORKHORSE GROUP INC,15914,977.4088,0.9991370010787487,4635
202106,6,OCGN,OCUGEN INC,15132,973.60974,0.9989212513484358,4635
202106,7,BBBY,BED BATH & BEYOND INC,77659,971.4885,0.998705501618123,4635
202106,8,BYND,BEYOND MEAT INC,18572,968.85016,0.9984897518878102,4635
202106,9,RKT,ROCKET COMPANIES INC,19577,966.38904,0.9982740021574973,4635
202106,10,SENS,SENSEONICS HOLDINGS INC,15995,950.57275,0.9980582524271845,4635
202106,11,CCIV,LUCID GROUP INC,19751,949.16644,0.9978425026968716,4635
202106,12,FSR,FISKER INC,18184,945.2207,0.9976267529665588,4635
202106,13,NKLA,NIKOLA CORP,17907,943.6983,0.997411003236246,4635
202106,14,SPCE,VIRGIN GALACTIC HOLDINGS INC,16964,941.3774,0.9971952535059331,4635
202106,15,EXPR,EXPRESS INC,93373,939.8819,0.9969795037756203,4635
202106,16,GME,GAMESTOP CORP NEW,89301,938.8437,0.9967637540453075,4635
202106,17,DDD,3 D SYSTEMS CORP DEL,78664,937.0326,0.9965480043149946,4635
202106,18,TSLA,TESLA INC,93436,936.3265,0.9963322545846818,4635
202106,19,CLF,CLEVELAND CLIFFS INC NEW,27422,935.8622,0.996116504854369,4635
202106,20,VXRT,VAXART INC,57913,933.39386,0.9959007551240561,4635
202106,21,DOCU,DOCUSIGN INC,17685,931.7037,0.9956850053937433,4635
202106,22,SRNE,SORRENTO THERAPEUTICS INC,14262,931.2883,0.9954692556634305,4635
202106,23,CLNE,CLEAN ENERGY FUELS CORP,92035,927.96155,0.9952535059331176,4635
202106,24,SNAP,SNAP INC,16595,924.1088,0.9950377562028048,4635
202106,25,PLUG,PLUG POWER INC,87337,922.6285,0.9948220064724919,4635
202107,1,AMC,A M C ENTERTAINMENT HOLDINGS INC,14328,1023.50903,1.0,4680
202107,2,SNAP,SNAP INC,16595,994.1861,0.9997863247863248,4680
202107,3,CLOV,CLOVER HEALTH INVESTMENTS CORP,19456,981.0161,0.9995726495726496,4680
202107,4,MRNA,MODERNA INC,18312,975.8075,0.9993589743589744,4680
202107,5,SPCE,VIRGIN GALACTIC HOLDINGS INC,16964,947.3605,0.9991452991452991,4680
202107,6,TLRY,TILRAY BRANDS INC,17977,934.8572,0.9989316239316239,4680
202107,7,AAL,AMERICAN AIRLINES GROUP INC,21020,933.8319,0.9987179487179487,4680
202107,8,TSLA,TESLA INC,93436,932.5108,0.9985042735042735,4680
202107,9,CLF,CLEVELAND CLIFFS INC NEW,27422,932.0276,0.9982905982905983,4680
202107,10,TTD,TRADE DESK INC,16309,922.2106,0.9980769230769231,4680
202107,11,TWTR,TWITTER INC,14295,915.12177,0.9978632478632479,4680
202107,12,CCIV,LUCID GROUP INC,19751,913.3586,0.9976495726495727,4680
202107,13,BTU,PEABODY ENERGY CORP NEW,16689,913.325,0.9974358974358974,4680
202107,14,RKT,ROCKET COMPANIES INC,19577,911.1348,0.9972222222222222,4680
202107,15,CHWY,CHEWY INC,18727,910.90967,0.997008547008547,4680
202107,16,AMD,ADVANCED MICRO DEVICES INC,61241,910.3918,0.9967948717948718,4680
202107,17,PLTR,PALANTIR TECHNOLOGIES INC,19788,904.88354,0.9965811965811966,4680
202107,18,OCGN,OCUGEN INC,15132,901.52423,0.9963675213675214,4680
202107,19,MSTR,STRATEGY INC,86211,901.0575,0.9961538461538462,4680
202107,20,PTON,PELOTON INTERACTIVE INC,18940,898.5103,0.995940170940171,4680
202107,21,X,UNITED STATES STEEL CORP NEW,76644,898.37976,0.9957264957264957,4680
202107,22,BYND,BEYOND MEAT INC,18572,897.5367,0.9955128205128205,4680
202107,23,QS,QUANTUMSCAPE CORP,19599,896.02295,0.9952991452991453,4680
202107,24,GME,GAMESTOP CORP NEW,89301,894.99664,0.9950854700854701,4680
202107,25,DOCU,DOCUSIGN INC,17685,892.90704,0.9948717948717949,4680
202108,1,AMC,A M C ENTERTAINMENT HOLDINGS INC,14328,1040.1879,1.0,4698
202108,2,CLOV,CLOVER HEALTH INVESTMENTS CORP,19456,1033.0248,0.9997871434653044,4698
202108,3,PLTR,PALANTIR TECHNOLOGIES INC,19788,993.3634,0.9995742869306088,4698
202108,4,GME,GAMESTOP CORP NEW,89301,986.38806,0.9993614303959132,4698
202108,5,M,MACYS INC,77462,979.70447,0.9991485738612176,4698
202108,6,RKT,ROCKET COMPANIES INC,19577,972.884,0.998935717326522,4698
202108,7,UPST,UPSTART HOLDINGS INC,20196,972.5798,0.9987228607918263,4698
202108,8,MRNA,MODERNA INC,18312,941.3345,0.9985100042571307,4698
202108,9,SNOW,SNOWFLAKE INC,19654,940.23584,0.998297147722435,4698
202108,10,FSLY,FASTLY INC,18580,940.019,0.9980842911877394,4698
202108,11,MARA,MARA HOLDINGS INC,14813,939.69055,0.9978714346530438,4698
202108,12,COIN,COINBASE GLOBAL INC,20892,933.1871,0.9976585781183482,4698
202108,13,DKNG,DRAFTKINGS INC,18835,932.705,0.9974457215836526,4698
202108,14,ABNB,AIRBNB INC,20190,926.9346,0.997232865048957,4698
202108,15,RBLX,ROBLOX CORP,20648,925.1045,0.9970200085142614,4698
202108,16,EDIT,EDITAS MEDICINE INC,15937,923.41064,0.9968071519795658,4698
202108,17,RIOT,RIOT PLATFORMS INC,92213,922.4523,0.9965942954448701,4698
202108,18,FSR,FISKER INC,18184,922.11194,0.9963814389101745,4698
202108,19,SQ,BLOCK INC,15826,919.9613,0.9961685823754789,4698
202108,20,RIDE,LORDSTOWN MOTORS CORP,18552,919.4249,0.9959557258407833,4698
202108,21,SNAP,SNAP INC,16595,918.8098,0.9957428693060877,4698
202108,22,CRWD,CROWDSTRIKE HOLDINGS INC,18726,918.0626,0.9955300127713921,4698
202108,23,AAL,AMERICAN AIRLINES GROUP INC,21020,917.8519,0.9953171562366965,4698
202108,24,DKS,DICKS SPORTING GOODS INC,89540,913.1396,0.9951042997020009,4698
202108,25,OCGN,OCUGEN INC,15132,911.01843,0.9948914431673053,4698
202109,1,AFRM,AFFIRM HOLDINGS INC,20339,1004.09393,1.0,4728
202109,2,CLOV,CLOVER HEALTH INVESTMENTS CORP,19456,997.3555,0.9997884940778342,4728
202109,3,QS,QUANTUMSCAPE CORP,19599,964.6893,0.9995769881556683,4728
202109,4,AMC,A M C ENTERTAINMENT HOLDINGS INC,14328,955.6765,0.9993654822335025,4728
202109,5,SDC,SMILEDIRECTCLUB INC,18907,949.3131,0.9991539763113367,4728
202109,6,UPST,UPSTART HOLDINGS INC,20196,946.6388,0.998942470389171,4728
202109,7,BBIG,VINCO VENTURES INC,17826,943.7851,0.998730964467005,4728
202109,8,PLTR,PALANTIR TECHNOLOGIES INC,19788,942.5691,0.9985194585448393,4728
202109,9,IRNT,IRONNET INC,19295,940.2406,0.9983079526226735,4728
202109,10,OCGN,OCUGEN INC,15132,938.41534,0.9980964467005076,4728
202109,11,SOFI,SOFI TECHNOLOGIES INC,20067,928.19116,0.9978849407783418,4728
202109,12,ABNB,AIRBNB INC,20190,928.1055,0.997673434856176,4728
202109,13,LCID,LUCID GROUP INC,19751,927.35065,0.9974619289340102,4728
202109,14,AAL,AMERICAN AIRLINES GROUP INC,21020,924.2056,0.9972504230118443,4728
202109,15,SNAP,SNAP INC,16595,921.86426,0.9970389170896785,4728
202109,16,MRNA,MODERNA INC,18312,912.4806,0.9968274111675127,4728
202109,17,M,MACYS INC,77462,912.3693,0.9966159052453468,4728
202109,18,ATER,ATERIAN INC,18780,911.475,0.996404399323181,4728
202109,19,MDB,MONGODB INC,16968,905.7533,0.9961928934010152,4728
202109,20,GME,GAMESTOP CORP NEW,89301,905.2984,0.9959813874788495,4728
202109,21,FSR,FISKER INC,18184,904.5228,0.9957698815566836,4728
202109,22,TSLA,TESLA INC,93436,904.4682,0.9955583756345178,4728
202109,23,HOOD,ROBINHOOD MARKETS INC,21723,904.0668,0.995346869712352,4728
202109,24,FCEL,FUELCELL ENERGY INC,77699,899.17896,0.9951353637901861,4728
202109,25,ISEE,IVERIC BIO INC,14167,897.5768,0.9949238578680203,4728
202110,1,OCGN,OCUGEN INC,15132,1010.38214,1.0,4752
202110,2,AFRM,AFFIRM HOLDINGS INC,20339,998.665,0.9997895622895623,4752
202110,3,SOFI,SOFI TECHNOLOGIES INC,20067,986.54474,0.9995791245791246,4752
202110,4,TSLA,TESLA INC,93436,973.8783,0.9993686868686869,4752
202110,5,PLUG,PLUG POWER INC,87337,972.9503,0.9991582491582491,4752
202110,6,QS,QUANTUMSCAPE CORP,19599,967.5213,0.9989478114478114,4752
202110,7,CLOV,CLOVER HEALTH INVESTMENTS CORP,19456,967.5196,0.9987373737373737,4752
202110,8,LCID,LUCID GROUP INC,19751,965.12866,0.998526936026936,4752
202110,9,COIN,COINBASE GLOBAL INC,20892,963.2118,0.9983164983164983,4752
202110,10,IRNT,IRONNET INC,19295,949.8264,0.9981060606060606,4752
202110,11,FCEL,FUELCELL ENERGY INC,77699,946.3043,0.997895622895623,4752
202110,12,BBIG,VINCO VENTURES INC,17826,942.50714,0.9976851851851852,4752
202110,13,PLTR,PALANTIR TECHNOLOGIES INC,19788,939.365,0.9974747474747475,4752
202110,14,CCXI,CHEMOCENTRYX INC,13262,937.02026,0.9972643097643098,4752
202110,15,AMC,A M C ENTERTAINMENT HOLDINGS INC,14328,934.35236,0.9970538720538721,4752
202110,16,MARA,MARA HOLDINGS INC,14813,932.98737,0.9968434343434344,4752
202110,17,NET,CLOUDFLARE INC,18909,932.3703,0.9966329966329966,4752
202110,18,SDC,SMILEDIRECTCLUB INC,18907,928.46204,0.9964225589225589,4752
202110,19,TLRY,TILRAY BRANDS INC,17977,927.97394,0.9962121212121212,4752
202110,20,BB,BLACKBERRY LTD,86745,925.11566,0.9960016835016835,4752
202110,21,FSR,FISKER INC,18184,923.7188,0.9957912457912458,4752
202110,22,RKT,ROCKET COMPANIES INC,19577,923.1033,0.9955808080808081,4752
202110,23,SPWR,SUNPOWER CORP,90978,921.6165,0.9953703703703703,4752
202110,24,M,MACYS INC,77462,919.5056,0.9951599326599326,4752
202110,25,CHWY,CHEWY INC,18727,919.4475,0.9949494949494949,4752
202111,1,QS,QUANTUMSCAPE CORP,19599,1036.3007,1.0,4781
202111,2,FSR,FISKER INC,18184,984.2943,0.999790838736666,4781
202111,3,RBLX,ROBLOX CORP,20648,977.20306,0.9995816774733319,4781
202111,4,BLNK,BLINK CHARGING CO,17313,973.07263,0.9993725162099979,4781
202111,5,SOFI,SOFI TECHNOLOGIES INC,20067,960.4831,0.9991633549466639,4781
202111,6,LCID,LUCID GROUP INC,19751,960.0381,0.9989541936833298,4781
202111,7,TSLA,TESLA INC,93436,954.61865,0.9987450324199958,4781
202111,8,EVGO,EVGO INC,20072,952.7455,0.9985358711566618,4781
202111,9,FCEL,FUELCELL ENERGY INC,77699,951.2983,0.9983267098933277,4781
202111,10,PLUG,PLUG POWER INC,87337,947.76855,0.9981175486299937,4781
202111,11,AFRM,AFFIRM HOLDINGS INC,20339,947.498,0.9979083873666597,4781
202111,12,TLRY,TILRAY BRANDS INC,17977,944.3513,0.9976992261033256,4781
202111,13,M,MACYS INC,77462,937.1745,0.9974900648399916,4781
202111,14,GGPI,GORES GUGGENHEIM INC,21300,935.94025,0.9972809035766576,4781
202111,15,MTTR,MATTERPORT INC,20601,935.2878,0.9970717423133236,4781
202111,16,OCGN,OCUGEN INC,15132,931.3856,0.9968625810499896,4781
202111,17,TTD,TRADE DESK INC,16309,930.7746,0.9966534197866556,4781
202111,18,PROG,BIORA THERAPEUTICS INC,19486,929.213,0.9964442585233215,4781
202111,19,BBBY,BED BATH & BEYOND INC,77659,928.9956,0.9962350972599875,4781
202111,20,IONQ,IONQ INC,20357,928.94086,0.9960259359966535,4781
202111,21,MRNA,MODERNA INC,18312,924.6826,0.9958167747333194,4781
202111,22,F,FORD MOTOR CO DEL,25785,922.17584,0.9956076134699854,4781
202111,23,CHPT,CHARGEPOINT HOLDINGS INC,18937,920.40173,0.9953984522066514,4781
202111,24,AMC,A M C ENTERTAINMENT HOLDINGS INC,14328,919.90137,0.9951892909433173,4781
202111,25,NVDA,NVIDIA CORP,86580,916.29584,0.9949801296799833,4781
202112,1,SOFI,SOFI TECHNOLOGIES INC,20067,952.028,1.0,4812
202112,2,TSLA,TESLA INC,93436,940.63873,0.9997921862011637,4812
202112,3,RBLX,ROBLOX CORP,20648,933.6914,0.9995843724023276,4812
202112,4,NKLA,NIKOLA CORP,17907,931.1119,0.9993765586034913,4812
202112,5,QS,QUANTUMSCAPE CORP,19599,929.725,0.999168744804655,4812
202112,6,F,FORD MOTOR CO DEL,25785,923.0615,0.9989609310058188,4812
202112,7,LCID,LUCID GROUP INC,19751,920.5927,0.9987531172069826,4812
202112,8,CHWY,CHEWY INC,18727,920.54114,0.9985453034081463,4812
202112,9,AMC,A M C ENTERTAINMENT HOLDINGS INC,14328,917.088,0.99833748960931,4812
202112,10,TLRY,TILRAY BRANDS INC,17977,916.1394,0.9981296758104738,4812
202112,11,PTON,PELOTON INTERACTIVE INC,18940,910.6456,0.9979218620116376,4812
202112,12,AMD,ADVANCED MICRO DEVICES INC,61241,909.5321,0.9977140482128013,4812
202112,13,AAL,AMERICAN AIRLINES GROUP INC,21020,907.42957,0.9975062344139651,4812
202112,14,PLUG,PLUG POWER INC,87337,903.6854,0.9972984206151289,4812
202112,15,RAD,RITE AID CORP,46922,902.93146,0.9970906068162926,4812
202112,16,CHPT,CHARGEPOINT HOLDINGS INC,18937,898.6307,0.9968827930174564,4812
202112,17,DKNG,DRAFTKINGS INC,18835,897.3881,0.9966749792186201,4812
202112,18,AFRM,AFFIRM HOLDINGS INC,20339,897.2958,0.9964671654197839,4812
202112,19,BKKT,BAKKT HOLDINGS INC,20179,893.8681,0.9962593516209476,4812
202112,20,RIVN,RIVIAN AUTOMOTIVE INC,22265,892.50714,0.9960515378221114,4812
202112,21,UAL,UNITED AIRLINES HOLDINGS INC,91103,883.5494,0.9958437240232751,4812
202112,22,BB,BLACKBERRY LTD,86745,882.48724,0.9956359102244389,4812
202112,23,NVAX,NOVAVAX INC,82779,882.0863,0.9954280964256027,4812
202112,24,NIO,N I O INC,18087,881.28174,0.9952202826267664,4812
202112,25,GME,GAMESTOP CORP NEW,89301,879.9042,0.9950124688279302,4812
202201,1,SOFI,SOFI TECHNOLOGIES INC,20067,968.8956,1.0,4831
202201,2,BYND,BEYOND MEAT INC,18572,967.8767,0.9997930035189402,4831
202201,3,BBBY,BED BATH & BEYOND INC,77659,954.13806,0.9995860070378804,4831
202201,4,QS,QUANTUMSCAPE CORP,19599,940.23456,0.9993790105568205,4831
202201,5,F,FORD MOTOR CO DEL,25785,933.8583,0.9991720140757607,4831
202201,6,PTON,PELOTON INTERACTIVE INC,18940,931.3411,0.9989650175947009,4831
202201,7,TLRY,TILRAY BRANDS INC,17977,931.02246,0.9987580211136411,4831
202201,8,HOOD,ROBINHOOD MARKETS INC,21723,929.66235,0.9985510246325813,4831
202201,9,BBIG,VINCO VENTURES INC,17826,924.17395,0.9983440281515215,4831
202201,10,ZNGA,ZYNGA INC,13169,916.218,0.9981370316704616,4831
202201,11,NVAX,NOVAVAX INC,82779,914.6577,0.9979300351894018,4831
202201,12,PLUG,PLUG POWER INC,87337,910.66986,0.997723038708342,4831
202201,13,TSLA,TESLA INC,93436,907.1251,0.9975160422272822,4831
202201,14,DKNG,DRAFTKINGS INC,18835,904.22095,0.9973090457462224,4831
202201,15,GME,GAMESTOP CORP NEW,89301,903.6225,0.9971020492651624,4831
202201,16,AAL,AMERICAN AIRLINES GROUP INC,21020,902.98883,0.9968950527841026,4831
202201,17,LVS,LAS VEGAS SANDS CORP,90505,901.47296,0.9966880563030428,4831
202201,18,NKLA,NIKOLA CORP,17907,900.8294,0.996481059821983,4831
202201,19,PLTR,PALANTIR TECHNOLOGIES INC,19788,900.4034,0.9962740633409232,4831
202201,20,AMC,A M C ENTERTAINMENT HOLDINGS INC,14328,900.10834,0.9960670668598633,4831
202201,21,RIVN,RIVIAN AUTOMOTIVE INC,22265,896.7917,0.9958600703788035,4831
202201,22,RBLX,ROBLOX CORP,20648,896.06445,0.9956530738977437,4831
202201,23,AFRM,AFFIRM HOLDINGS INC,20339,892.9979,0.9954460774166839,4831
202201,24,GRPN,GROUPON INC,13108,891.08374,0.9952390809356241,4831
202201,25,CHWY,CHEWY INC,18727,888.79224,0.9950320844545643,4831
202202,1,SNAP,SNAP INC,16595,963.8817,1.0,4845
202202,2,PTON,PELOTON INTERACTIVE INC,18940,958.8497,0.9997936016511868,4845
202202,3,UPST,UPSTART HOLDINGS INC,20196,955.0101,0.9995872033023736,4845
202202,4,SOFI,SOFI TECHNOLOGIES INC,20067,954.69385,0.9993808049535604,4845
202202,5,Z,ZILLOW GROUP INC,15546,952.31744,0.9991744066047472,4845
202202,6,SPCE,VIRGIN GALACTIC HOLDINGS INC,16964,944.6315,0.9989680082559339,4845
202202,7,DWAC,TRUMP MEDIA & TECH GRP CORP,21927,943.7928,0.9987616099071207,4845
202202,8,AMC,A M C ENTERTAINMENT HOLDINGS INC,14328,943.46625,0.9985552115583075,4845
202202,9,PLTR,PALANTIR TECHNOLOGIES INC,19788,937.2352,0.9983488132094943,4845
202202,10,RIVN,RIVIAN AUTOMOTIVE INC,22265,925.91974,0.9981424148606811,4845
202202,11,AFRM,AFFIRM HOLDINGS INC,20339,925.5237,0.9979360165118679,4845
202202,12,X,UNITED STATES STEEL CORP NEW,76644,924.1131,0.9977296181630547,4845
202202,13,DKNG,DRAFTKINGS INC,18835,922.4483,0.9975232198142415,4845
202202,14,QS,QUANTUMSCAPE CORP,19599,919.3826,0.9973168214654283,4845
202202,15,AAL,AMERICAN AIRLINES GROUP INC,21020,918.88477,0.997110423116615,4845
202202,16,BKKT,BAKKT HOLDINGS INC,20179,911.76025,0.9969040247678018,4845
202202,17,CLOV,CLOVER HEALTH INVESTMENTS CORP,19456,908.65784,0.9966976264189886,4845
202202,18,TDOC,TELADOC HEALTH INC,15585,907.46643,0.9964912280701754,4845
202202,19,BBIG,VINCO VENTURES INC,17826,905.9049,0.9962848297213622,4845
202202,20,BE,BLOOM ENERGY CORP,17949,904.91797,0.996078431372549,4845
202202,21,PLUG,PLUG POWER INC,87337,904.90015,0.9958720330237358,4845
202202,22,SQ,BLOCK INC,15826,903.3202,0.9956656346749226,4845
202202,23,FSR,FISKER INC,18184,901.20874,0.9954592363261094,4845
202202,24,HOOD,ROBINHOOD MARKETS INC,21723,899.5473,0.9952528379772961,4845
202202,25,IRNT,IRONNET INC,19295,897.3013,0.9950464396284829,4845
202203,1,TLRY,TILRAY BRANDS INC,17977,1009.4437,1.0,4861
202203,2,AMC,A M C ENTERTAINMENT HOLDINGS INC,14328,1002.55945,0.9997942810121374,4861
202203,3,BBBY,BED BATH & BEYOND INC,77659,994.2123,0.9995885620242748,4861
202203,4,GME,GAMESTOP CORP NEW,89301,987.8563,0.9993828430364122,4861
202203,5,HOOD,ROBINHOOD MARKETS INC,21723,965.83136,0.9991771240485496,4861
202203,6,QS,QUANTUMSCAPE CORP,19599,954.9835,0.9989714050606872,4861
202203,7,CLOV,CLOVER HEALTH INVESTMENTS CORP,19456,951.20935,0.9987656860728246,4861
202203,8,SOFI,SOFI TECHNOLOGIES INC,20067,949.34467,0.998559967084962,4861
202203,9,JWN,NORDSTROM INC,57817,939.7832,0.9983542480970994,4861
202203,10,OXY,OCCIDENTAL PETROLEUM CORP,34833,938.8796,0.9981485291092368,4861
202203,11,PLUG,PLUG POWER INC,87337,930.1533,0.9979428101213742,4861
202203,12,BBIG,VINCO VENTURES INC,17826,929.987,0.9977370911335116,4861
202203,13,AFRM,AFFIRM HOLDINGS INC,20339,927.2946,0.997531372145649,4861
202203,14,X,UNITED STATES STEEL CORP NEW,76644,925.8762,0.9973256531577864,4861
202203,15,AAL,AMERICAN AIRLINES GROUP INC,21020,924.94104,0.9971199341699238,4861
202203,16,NKLA,NIKOLA CORP,17907,923.9061,0.9969142151820614,4861
202203,17,TSLA,TESLA INC,93436,922.7022,0.9967084961941988,4861
202203,18,DKNG,DRAFTKINGS INC,18835,915.4203,0.9965027772063362,4861
202203,19,UPST,UPSTART HOLDINGS INC,20196,914.0174,0.9962970582184736,4861
202203,20,SPWR,SUNPOWER CORP,90978,913.4726,0.996091339230611,4861
202203,21,PLTR,PALANTIR TECHNOLOGIES INC,19788,912.52893,0.9958856202427484,4861
202203,22,RIVN,RIVIAN AUTOMOTIVE INC,22265,909.36456,0.9956799012548858,4861
202203,23,SQ,BLOCK INC,15826,909.10706,0.9954741822670232,4861
202203,24,CHPT,CHARGEPOINT HOLDINGS INC,18937,904.8312,0.9952684632791606,4861
202203,25,IQ,IQIYI INC,17362,900.9738,0.995062744291298,4861
202204,1,TWTR,TWITTER INC,14295,1010.9784,1.0,4938
202204,2,ATER,ATERIAN INC,18780,993.59125,0.9997974888618874,4938
202204,3,AMC,A M C ENTERTAINMENT HOLDINGS INC,14328,952.691,0.9995949777237748,4938
202204,4,AAL,AMERICAN AIRLINES GROUP INC,21020,944.0141,0.9993924665856622,4938
202204,5,GME,GAMESTOP CORP NEW,89301,942.75336,0.9991899554475496,4938
202204,6,SOFI,SOFI TECHNOLOGIES INC,20067,938.7519,0.998987444309437,4938
202204,7,CLVS,CLOVIS ONCOLOGY INC,13107,935.93634,0.9987849331713244,4938
202204,8,HOOD,ROBINHOOD MARKETS INC,21723,933.68286,0.9985824220332118,4938
202204,9,VERU,VERU INC,76461,929.53595,0.9983799108950993,4938
202204,10,TLRY,TILRAY BRANDS INC,17977,923.80914,0.9981773997569866,4938
202204,11,SNAP,SNAP INC,16595,919.9731,0.9979748886188741,4938
202204,12,UPST,UPSTART HOLDINGS INC,20196,919.26825,0.9977723774807614,4938
202204,13,BBBY,BED BATH & BEYOND INC,77659,919.2016,0.9975698663426489,4938
202204,14,UAL,UNITED AIRLINES HOLDINGS INC,91103,914.7842,0.9973673552045362,4938
202204,15,QS,QUANTUMSCAPE CORP,19599,908.02545,0.9971648440664237,4938
202204,16,CVNA,CARVANA CO,16655,905.7256,0.996962332928311,4938
202204,17,OXY,OCCIDENTAL PETROLEUM CORP,34833,897.71014,0.9967598217901985,4938
202204,18,DKNG,DRAFTKINGS INC,18835,895.584,0.9965573106520859,4938
202204,19,PLUG,PLUG POWER INC,87337,893.52295,0.9963547995139733,4938
202204,20,BYND,BEYOND MEAT INC,18572,892.021,0.9961522883758607,4938
202204,21,SQ,BLOCK INC,15826,890.7085,0.995949777237748,4938
202204,22,RAD,RITE AID CORP,46922,890.6145,0.9957472660996355,4938
202204,23,ROKU,ROKU INC,16932,884.827,0.9955447549615228,4938
202204,24,SST,SYSTEM1 INC,19616,883.4844,0.9953422438234103,4938
202204,25,RIVN,RIVIAN AUTOMOTIVE INC,22265,883.0099,0.9951397326852977,4938
202205,1,SOFI,SOFI TECHNOLOGIES INC,20067,990.92316,1.0,4954
202205,2,GME,GAMESTOP CORP NEW,89301,983.57513,0.9997981429148163,4954
202205,3,AMC,A M C ENTERTAINMENT HOLDINGS INC,14328,983.15265,0.9995962858296327,4954
202205,4,AFRM,AFFIRM HOLDINGS INC,20339,967.3498,0.999394428744449,4954
202205,5,UPST,UPSTART HOLDINGS INC,20196,959.13776,0.9991925716592652,4954
202205,6,RDBX,REDBOX ENTERTAINMENT INC,20322,953.4603,0.9989907145740815,4954
202205,7,HOOD,ROBINHOOD MARKETS INC,21723,952.0431,0.9987888574888979,4954
202205,8,RBLX,ROBLOX CORP,20648,942.08295,0.9985870004037142,4954
202205,9,BYND,BEYOND MEAT INC,18572,941.2015,0.9983851433185305,4954
202205,10,CVNA,CARVANA CO,16655,939.5607,0.9981832862333468,4954
202205,11,DKNG,DRAFTKINGS INC,18835,930.7319,0.9979814291481631,4954
202205,12,PTON,PELOTON INTERACTIVE INC,18940,930.38824,0.9977795720629794,4954
202205,13,RIVN,RIVIAN AUTOMOTIVE INC,22265,928.632,0.9975777149777957,4954
202205,14,MRNA,MODERNA INC,18312,920.59644,0.9973758578926121,4954
202205,15,COIN,COINBASE GLOBAL INC,20892,920.0313,0.9971740008074284,4954
202205,16,VERU,VERU INC,76461,919.78516,0.9969721437222446,4954
202205,17,TWTR,TWITTER INC,14295,916.5207,0.9967702866370609,4954
202205,18,ZM,ZOOM COMMUNICATIONS INC,18484,913.92316,0.9965684295518773,4954
202205,19,TLRY,TILRAY BRANDS INC,17977,912.18646,0.9963665724666936,4954
202205,20,TDOC,TELADOC HEALTH INC,15585,907.7542,0.9961647153815099,4954
202205,21,JWN,NORDSTROM INC,57817,907.6111,0.9959628582963262,4954
202205,22,AAL,AMERICAN AIRLINES GROUP INC,21020,904.9759,0.9957610012111425,4954
202205,23,BBIG,VINCO VENTURES INC,17826,902.1947,0.9955591441259588,4954
202205,24,RIDE,LORDSTOWN MOTORS CORP,18552,893.254,0.9953572870407751,4954
202205,25,ROKU,ROKU INC,16932,891.5552,0.9951554299555915,4954
202206,1,RDBX,REDBOX ENTERTAINMENT INC,20322,1016.6311,1.0,4948
202206,2,CHWY,CHEWY INC,18727,992.857,0.9997978981406629,4948
202206,3,RBLX,ROBLOX CORP,20648,961.2959,0.9995957962813258,4948
202206,4,HOOD,ROBINHOOD MARKETS INC,21723,961.0971,0.9993936944219887,4948
202206,5,GME,GAMESTOP CORP NEW,89301,956.0823,0.9991915925626516,4948
202206,6,AFRM,AFFIRM HOLDINGS INC,20339,948.26086,0.9989894907033144,4948
202206,7,AMC,A M C ENTERTAINMENT HOLDINGS INC,14328,946.2634,0.9987873888439773,4948
202206,8,PLTR,PALANTIR TECHNOLOGIES INC,19788,933.9086,0.9985852869846402,4948
202206,9,CVNA,CARVANA CO,16655,930.6456,0.9983831851253031,4948
202206,10,COIN,COINBASE GLOBAL INC,20892,920.5539,0.998181083265966,4948
202206,11,UPST,UPSTART HOLDINGS INC,20196,918.06775,0.997978981406629,4948
202206,12,REV,REVLON INC,82859,913.32983,0.9977768795472919,4948
202206,13,CLVS,CLOVIS ONCOLOGY INC,13107,905.2699,0.9975747776879548,4948
202206,14,ROKU,ROKU INC,16932,904.3911,0.9973726758286177,4948
202206,15,SNOW,SNOWFLAKE INC,19654,902.6995,0.9971705739692805,4948
202206,16,SOFI,SOFI TECHNOLOGIES INC,20067,901.4153,0.9969684721099434,4948
202206,17,SAVE,SPIRIT AVIATION HOLDINGS INC,12796,896.69714,0.9967663702506063,4948
202206,18,SNAP,SNAP INC,16595,896.4184,0.9965642683912692,4948
202206,19,NVAX,NOVAVAX INC,82779,895.56805,0.9963621665319321,4948
202206,20,MRNA,MODERNA INC,18312,894.444,0.996160064672595,4948
202206,21,BYND,BEYOND MEAT INC,18572,892.7048,0.9959579628132579,4948
202206,22,NIO,N I O INC,18087,892.52576,0.9957558609539208,4948
202206,23,RIVN,RIVIAN AUTOMOTIVE INC,22265,889.94904,0.9955537590945837,4948
202206,24,DKNG,DRAFTKINGS INC,18835,888.327,0.9953516572352465,4948
202206,25,AAL,AMERICAN AIRLINES GROUP INC,21020,885.5504,0.9951495553759094,4948
202207,1,RBLX,ROBLOX CORP,20648,1002.08984,1.0,4931
202207,2,AFRM,AFFIRM HOLDINGS INC,20339,985.07007,0.9997972013790306,4931
202207,3,CVNA,CARVANA CO,16655,979.8853,0.9995944027580612,4931
202207,4,AMC,A M C ENTERTAINMENT HOLDINGS INC,14328,969.09314,0.9993916041370918,4931
202207,5,CHWY,CHEWY INC,18727,958.3794,0.9991888055161224,4931
202207,6,MARA,MARA HOLDINGS INC,14813,956.39185,0.9989860068951532,4931
202207,7,NFLX,NETFLIX INC,89393,951.8278,0.9987832082741838,4931
202207,8,TLRY,TILRAY BRANDS INC,17977,949.3631,0.9985804096532144,4931
202207,9,PLTR,PALANTIR TECHNOLOGIES INC,19788,944.6015,0.998377611032245,4931
202207,10,SOFI,SOFI TECHNOLOGIES INC,20067,942.6079,0.9981748124112756,4931
202207,11,RIVN,RIVIAN AUTOMOTIVE INC,22265,939.4667,0.9979720137903062,4931
202207,12,COIN,COINBASE GLOBAL INC,20892,934.9725,0.9977692151693368,4931
202207,13,DKNG,DRAFTKINGS INC,18835,933.9859,0.9975664165483674,4931
202207,14,HOOD,ROBINHOOD MARKETS INC,21723,929.967,0.9973636179273981,4931
202207,15,TDOC,TELADOC HEALTH INC,15585,928.5858,0.9971608193064287,4931
202207,16,PLUG,PLUG POWER INC,87337,928.5465,0.9969580206854594,4931
202207,17,GME,GAMESTOP CORP NEW,89301,924.2316,0.99675522206449,4931
202207,18,BYND,BEYOND MEAT INC,18572,922.0681,0.9965524234435206,4931
202207,19,CLVS,CLOVIS ONCOLOGY INC,13107,919.9616,0.9963496248225512,4931
202207,20,ENPH,ENPHASE ENERGY INC,13323,919.057,0.9961468262015818,4931
202207,21,U,UNITY SOFTWARE INC,19794,912.8555,0.9959440275806124,4931
202207,22,ETSY,ETSY INC,15291,911.993,0.9957412289596431,4931
202207,23,PTON,PELOTON INTERACTIVE INC,18940,911.6854,0.9955384303386737,4931
202207,24,MRNA,MODERNA INC,18312,907.8389,0.9953356317177043,4931
202207,25,GOEV,CANOO INC,18558,907.5834,0.995132833096735,4931
202208,1,BBBY,BED BATH & BEYOND INC,77659,998.25134,1.0,4947
202208,2,CVNA,CARVANA CO,16655,985.7112,0.9997978572872448,4947
202208,3,UPST,UPSTART HOLDINGS INC,20196,978.2056,0.9995957145744896,4947
202208,4,NVTA,INVITAE CORP,15198,976.63245,0.9993935718617344,4947
202208,5,FUBO,FUBOTV INC,19893,973.0529,0.9991914291489792,4947
202208,6,SNOW,SNOWFLAKE INC,19654,968.03265,0.998989286436224,4947
202208,7,DKNG,DRAFTKINGS INC,18835,962.02985,0.9987871437234688,4947
202208,8,AMC,A M C ENTERTAINMENT HOLDINGS INC,14328,961.73413,0.9985850010107136,4947
202208,9,SOFI,SOFI TECHNOLOGIES INC,20067,959.5217,0.9983828582979584,4947
202208,10,PLUG,PLUG POWER INC,87337,954.395,0.9981807155852032,4947
202208,11,RBLX,ROBLOX CORP,20648,950.84644,0.997978572872448,4947
202208,12,GME,GAMESTOP CORP NEW,89301,946.5148,0.9977764301596928,4947
202208,13,HOOD,ROBINHOOD MARKETS INC,21723,946.4274,0.9975742874469375,4947
202208,14,MARA,MARA HOLDINGS INC,14813,943.32355,0.9973721447341823,4947
202208,15,PINS,PINTEREST INC,18485,941.85626,0.9971700020214271,4947
202208,16,RIVN,RIVIAN AUTOMOTIVE INC,22265,939.687,0.9969678593086719,4947
202208,17,TTD,TRADE DESK INC,16309,938.9042,0.9967657165959167,4947
202208,18,TLRY,TILRAY BRANDS INC,17977,934.6214,0.9965635738831615,4947
202208,19,NET,CLOUDFLARE INC,18909,931.4972,0.9963614311704063,4947
202208,20,AFRM,AFFIRM HOLDINGS INC,20339,929.17017,0.9961592884576511,4947
202208,21,PTON,PELOTON INTERACTIVE INC,18940,928.3788,0.9959571457448959,4947
202208,22,CHPT,CHARGEPOINT HOLDINGS INC,18937,927.57214,0.9957550030321407,4947
202208,23,CHWY,CHEWY INC,18727,925.668,0.9955528603193855,4947
202208,24,U,UNITY SOFTWARE INC,19794,924.3159,0.9953507176066303,4947
202208,25,REV,REVLON INC,82859,922.4668,0.9951485748938751,4947
202209,1,BBBY,BED BATH & BEYOND INC,77659,977.6496,1.0,4911
202209,2,RIVN,RIVIAN AUTOMOTIVE INC,22265,971.0995,0.9997963754836082,4911
202209,3,DKNG,DRAFTKINGS INC,18835,970.08044,0.9995927509672164,4911
202209,4,COIN,COINBASE GLOBAL INC,20892,965.3318,0.9993891264508247,4911
202209,5,SOFI,SOFI TECHNOLOGIES INC,20067,959.98785,0.9991855019344329,4911
202209,6,PINS,PINTEREST INC,18485,958.17346,0.9989818774180411,4911
202209,7,AFRM,AFFIRM HOLDINGS INC,20339,955.6382,0.9987782529016493,4911
202209,8,RBLX,ROBLOX CORP,20648,952.3729,0.9985746283852576,4911
202209,9,NFLX,NETFLIX INC,89393,949.0872,0.9983710038688658,4911
202209,10,FUBO,FUBOTV INC,19893,947.41943,0.998167379352474,4911
202209,11,CVNA,CARVANA CO,16655,945.4485,0.9979637548360822,4911
202209,12,SAVA,CASSAVA SCIENCES INC,88462,943.8436,0.9977601303196905,4911
202209,13,MARA,MARA HOLDINGS INC,14813,943.07874,0.9975565058032987,4911
202209,14,SNOW,SNOWFLAKE INC,19654,941.29144,0.9973528812869069,4911
202209,15,PLTR,PALANTIR TECHNOLOGIES INC,19788,940.04083,0.9971492567705151,4911
202209,16,UPST,UPSTART HOLDINGS INC,20196,937.6854,0.9969456322541234,4911
202209,17,HOOD,ROBINHOOD MARKETS INC,21723,935.404,0.9967420077377316,4911
202209,18,LYFT,LYFT INC,18452,933.2636,0.9965383832213398,4911
202209,19,GME,GAMESTOP CORP NEW,89301,931.6283,0.996334758704948,4911
202209,20,ROKU,ROKU INC,16932,930.2127,0.9961311341885563,4911
202209,21,ENPH,ENPHASE ENERGY INC,13323,927.6013,0.9959275096721645,4911
202209,22,AMC,A M C ENTERTAINMENT HOLDINGS INC,14328,926.44403,0.9957238851557727,4911
202209,23,SNAP,SNAP INC,16595,924.3449,0.9955202606393809,4911
202209,24,PLUG,PLUG POWER INC,87337,921.2158,0.9953166361229893,4911
202209,25,ASAN,ASANA INC,19746,918.6703,0.9951130116065975,4911
202210,1,RBLX,ROBLOX CORP,20648,1005.3969,1.0,4877
202210,2,SOFI,SOFI TECHNOLOGIES INC,20067,984.927,0.9997949559155218,4877
202210,3,NFLX,NETFLIX INC,89393,976.5058,0.9995899118310436,4877
202210,4,UPST,UPSTART HOLDINGS INC,20196,976.29974,0.9993848677465655,4877
202210,5,COIN,COINBASE GLOBAL INC,20892,974.6479,0.9991798236620874,4877
202210,6,TLRY,TILRAY BRANDS INC,17977,973.6591,0.9989747795776092,4877
202210,7,SNAP,SNAP INC,16595,968.9449,0.998769735493131,4877
202210,8,AFRM,AFFIRM HOLDINGS INC,20339,961.8032,0.9985646914086529,4877
202210,9,DKNG,DRAFTKINGS INC,18835,960.6998,0.9983596473241747,4877
202210,10,PINS,PINTEREST INC,18485,959.89984,0.9981546032396965,4877
202210,11,RIVN,RIVIAN AUTOMOTIVE INC,22265,955.0916,0.9979495591552183,4877
202210,12,PTON,PELOTON INTERACTIVE INC,18940,953.04626,0.9977445150707402,4877
202210,13,CVNA,CARVANA CO,16655,947.2141,0.9975394709862621,4877
202210,14,MARA,MARA HOLDINGS INC,14813,946.22516,0.9973344269017839,4877
202210,15,CHWY,CHEWY INC,18727,945.0222,0.9971293828173057,4877
202210,16,BBBY,BED BATH & BEYOND INC,77659,941.4841,0.9969243387328276,4877
202210,17,ROKU,ROKU INC,16932,937.45874,0.9967192946483494,4877
202210,18,SNOW,SNOWFLAKE INC,19654,932.16406,0.9965142505638712,4877
202210,19,AAL,AMERICAN AIRLINES GROUP INC,21020,929.0081,0.996309206479393,4877
202210,20,GME,GAMESTOP CORP NEW,89301,924.7267,0.996104162394915,4877
202210,21,HOOD,ROBINHOOD MARKETS INC,21723,921.58405,0.9958991183104368,4877
202210,22,FUBO,FUBOTV INC,19893,920.8375,0.9956940742259586,4877
202210,23,TDOC,TELADOC HEALTH INC,15585,920.29047,0.9954890301414804,4877
202210,24,PLTR,PALANTIR TECHNOLOGIES INC,19788,919.5091,0.9952839860570023,4877
202210,25,AMC,A M C ENTERTAINMENT HOLDINGS INC,14328,917.6227,0.9950789419725241,4877
202211,1,UPST,UPSTART HOLDINGS INC,20196,995.3377,1.0,4856
202211,2,U,UNITY SOFTWARE INC,19794,989.62195,0.9997940691927513,4856
202211,3,ROKU,ROKU INC,16932,963.5818,0.9995881383855024,4856
202211,4,GRWG,GROWGENERATION CORP,19137,956.5262,0.9993822075782537,4856
202211,5,AFRM,AFFIRM HOLDINGS INC,20339,953.3487,0.999176276771005,4856
202211,6,NFLX,NETFLIX INC,89393,952.9741,0.9989703459637562,4856
202211,7,SNAP,SNAP INC,16595,951.62354,0.9987644151565074,4856
202211,8,CVNA,CARVANA CO,16655,949.96387,0.9985584843492586,4856
202211,9,ETSY,ETSY INC,15291,947.7855,0.9983525535420099,4856
202211,10,PTON,PELOTON INTERACTIVE INC,18940,947.6878,0.9981466227347611,4856
202211,11,AMC,A M C ENTERTAINMENT HOLDINGS INC,14328,943.6375,0.9979406919275123,4856
202211,12,SOFI,SOFI TECHNOLOGIES INC,20067,942.30554,0.9977347611202636,4856
202211,13,DKNG,DRAFTKINGS INC,18835,940.9832,0.9975288303130149,4856
202211,14,CHWY,CHEWY INC,18727,940.6241,0.997322899505766,4856
202211,15,PLTR,PALANTIR TECHNOLOGIES INC,19788,937.9085,0.9971169686985173,4856
202211,16,SHOP,SHOPIFY INC,15358,923.66437,0.9969110378912686,4856
202211,17,TLRY,TILRAY BRANDS INC,17977,920.5989,0.9967051070840197,4856
202211,18,DWAC,TRUMP MEDIA & TECH GRP CORP,21927,920.24097,0.996499176276771,4856
202211,19,COIN,COINBASE GLOBAL INC,20892,919.98737,0.9962932454695222,4856
202211,20,M,MACYS INC,77462,917.4922,0.9960873146622735,4856
202211,21,NVDA,NVIDIA CORP,86580,917.1991,0.9958813838550247,4856
202211,22,SQ,BLOCK INC,15826,911.9018,0.9956754530477759,4856
202211,23,RIVN,RIVIAN AUTOMOTIVE INC,22265,906.8298,0.9954695222405272,4856
202211,24,WYNN,WYNN RESORTS LTD,89533,903.85156,0.9952635914332785,4856
202211,25,MRNA,MODERNA INC,18312,902.6872,0.9950576606260296,4856
202212,1,CVNA,CARVANA CO,16655,948.5739,1.0,4841
202212,2,UPST,UPSTART HOLDINGS INC,20196,947.46106,0.999793431109275,4841
202212,3,SOFI,SOFI TECHNOLOGIES INC,20067,947.2874,0.9995868622185499,4841
202212,4,OKTA,OKTA INC,16649,937.28174,0.9993802933278249,4841
202212,5,NFLX,NETFLIX INC,89393,933.45935,0.9991737244370997,4841
202212,6,MRNA,MODERNA INC,18312,930.48425,0.9989671555463747,4841
202212,7,CHWY,CHEWY INC,18727,929.626,0.9987605866556497,4841
202212,8,AMC,A M C ENTERTAINMENT HOLDINGS INC,14328,928.41,0.9985540177649246,4841
202212,9,DOCU,DOCUSIGN INC,17685,926.35443,0.9983474488741996,4841
202212,10,PTON,PELOTON INTERACTIVE INC,18940,920.9237,0.9981408799834744,4841
202212,11,CLF,CLEVELAND CLIFFS INC NEW,27422,914.32135,0.9979343110927494,4841
202212,12,U,UNITY SOFTWARE INC,19794,913.8115,0.9977277422020244,4841
202212,13,AFRM,AFFIRM HOLDINGS INC,20339,912.4832,0.9975211733112993,4841
202212,14,SNAP,SNAP INC,16595,912.3311,0.9973146044205743,4841
202212,15,COIN,COINBASE GLOBAL INC,20892,908.77496,0.9971080355298492,4841
202212,16,XPEV,XPENG INC,19615,908.22235,0.9969014666391242,4841
202212,17,AAL,AMERICAN AIRLINES GROUP INC,21020,904.6807,0.9966948977483991,4841
202212,18,MDB,MONGODB INC,16968,903.7917,0.996488328857674,4841
202212,19,PINS,PINTEREST INC,18485,898.0857,0.996281759966949,4841
202212,20,SHOP,SHOPIFY INC,15358,896.7219,0.9960751910762239,4841
202212,21,TLRY,TILRAY BRANDS INC,17977,895.67554,0.9958686221854989,4841
202212,22,RBLX,ROBLOX CORP,20648,894.47845,0.9956620532947738,4841
202212,23,SNOW,SNOWFLAKE INC,19654,891.2382,0.9954554844040487,4841
202212,24,RIVN,RIVIAN AUTOMOTIVE INC,22265,888.99866,0.9952489155133237,4841
202212,25,W,WAYFAIR INC,14983,888.5555,0.9950423466225986,4841
202301,1,SOFI,SOFI TECHNOLOGIES INC,20067,1052.9808,1.0,4814
202301,2,CVNA,CARVANA CO,16655,1012.3605,0.9997922725384296,4814
202301,3,UPST,UPSTART HOLDINGS INC,20196,1005.2795,0.9995845450768591,4814
202301,4,BBBY,BED BATH & BEYOND INC,77659,999.961,0.9993768176152887,4814
202301,5,W,WAYFAIR INC,14983,983.88257,0.9991690901537184,4814
202301,6,PTON,PELOTON INTERACTIVE INC,18940,977.5693,0.9989613626921479,4814
202301,7,COIN,COINBASE GLOBAL INC,20892,976.7422,0.9987536352305775,4814
202301,8,U,UNITY SOFTWARE INC,19794,971.8346,0.9985459077690071,4814
202301,9,AI,C3 AI INC,20193,971.57715,0.9983381803074366,4814
202301,10,AFRM,AFFIRM HOLDINGS INC,20339,970.97675,0.9981304528458662,4814
202301,11,SNAP,SNAP INC,16595,960.051,0.9979227253842958,4814
202301,12,LCID,LUCID GROUP INC,19751,956.85626,0.9977149979227253,4814
202301,13,AMC,A M C ENTERTAINMENT HOLDINGS INC,14328,946.5912,0.997507270461155,4814
202301,14,AAL,AMERICAN AIRLINES GROUP INC,21020,943.54803,0.9972995429995846,4814
202301,15,SQ,BLOCK INC,15826,941.938,0.9970918155380141,4814
202301,16,ROKU,ROKU INC,16932,941.48425,0.9968840880764437,4814
202301,17,NFLX,NETFLIX INC,89393,939.6416,0.9966763606148733,4814
202301,18,MARA,MARA HOLDINGS INC,14813,934.2627,0.9964686331533029,4814
202301,19,SHOP,SHOPIFY INC,15358,933.0358,0.9962609056917324,4814
202301,20,RIVN,RIVIAN AUTOMOTIVE INC,22265,927.0142,0.996053178230162,4814
202301,21,PLTR,PALANTIR TECHNOLOGIES INC,19788,926.7177,0.9958454507685917,4814
202301,22,RBLX,ROBLOX CORP,20648,923.2811,0.9956377233070212,4814
202301,23,NVDA,NVIDIA CORP,86580,922.0132,0.9954299958454508,4814
202301,24,SI,SILVERGATE CAPITAL CORP,19058,920.9635,0.9952222683838804,4814
202301,25,XPEV,XPENG INC,19615,916.783,0.9950145409223099,4814
202302,1,UPST,UPSTART HOLDINGS INC,20196,1021.6945,1.0,4831
202302,2,CVNA,CARVANA CO,16655,1020.82166,0.9997930035189402,4831
202302,3,COIN,COINBASE GLOBAL INC,20892,1015.67084,0.9995860070378804,4831
202302,4,AI,C3 AI INC,20193,1007.80676,0.9993790105568205,4831
202302,5,PLTR,PALANTIR TECHNOLOGIES INC,19788,1006.94806,0.9991720140757607,4831
202302,6,SOFI,SOFI TECHNOLOGIES INC,20067,997.6576,0.9989650175947009,4831
202302,7,DKNG,DRAFTKINGS INC,18835,994.3558,0.9987580211136411,4831
202302,8,FSLY,FASTLY INC,18580,986.60864,0.9985510246325813,4831
202302,9,AMC,A M C ENTERTAINMENT HOLDINGS INC,14328,983.341,0.9983440281515215,4831
202302,10,RBLX,ROBLOX CORP,20648,977.9551,0.9981370316704616,4831
202302,11,SI,SILVERGATE CAPITAL CORP,19058,972.5229,0.9979300351894018,4831
202302,12,AFRM,AFFIRM HOLDINGS INC,20339,968.5021,0.997723038708342,4831
202302,13,SNAP,SNAP INC,16595,965.39526,0.9975160422272822,4831
202302,14,ROKU,ROKU INC,16932,960.3338,0.9973090457462224,4831
202302,15,BBBY,BED BATH & BEYOND INC,77659,960.30597,0.9971020492651624,4831
202302,16,QS,QUANTUMSCAPE CORP,19599,959.00446,0.9968950527841026,4831
202302,17,BYND,BEYOND MEAT INC,18572,952.3368,0.9966880563030428,4831
202302,18,ABNB,AIRBNB INC,20190,948.8478,0.996481059821983,4831
202302,19,PTON,PELOTON INTERACTIVE INC,18940,947.1148,0.9962740633409232,4831
202302,20,MARA,MARA HOLDINGS INC,14813,945.98224,0.9960670668598633,4831
202302,21,RIVN,RIVIAN AUTOMOTIVE INC,22265,932.59937,0.9958600703788035,4831
202302,22,NET,CLOUDFLARE INC,18909,931.81476,0.9956530738977437,4831
202302,23,LCID,LUCID GROUP INC,19751,928.61774,0.9954460774166839,4831
202302,24,TSLA,TESLA INC,93436,921.10815,0.9952390809356241,4831
202302,25,SOUN,SOUNDHOUND AI INC,23054,920.1766,0.9950320844545643,4831
202303,1,SNAP,SNAP INC,16595,1002.81506,1.0,4811
202303,2,AI,C3 AI INC,20193,1001.1713,0.9997921430056121,4811
202303,3,COIN,COINBASE GLOBAL INC,20892,998.0759,0.9995842860112243,4811
202303,4,MARA,MARA HOLDINGS INC,14813,987.56165,0.9993764290168364,4811
202303,5,UPST,UPSTART HOLDINGS INC,20196,982.1825,0.9991685720224486,4811
202303,6,SOFI,SOFI TECHNOLOGIES INC,20067,973.3603,0.9989607150280607,4811
202303,7,CVNA,CARVANA CO,16655,971.88806,0.9987528580336729,4811
202303,8,GME,GAMESTOP CORP NEW,89301,962.8071,0.998545001039285,4811
202303,9,ROKU,ROKU INC,16932,962.62646,0.9983371440448972,4811
202303,10,SI,SILVERGATE CAPITAL CORP,19058,962.6136,0.9981292870505093,4811
202303,11,RIOT,RIOT PLATFORMS INC,92213,960.8526,0.9979214300561214,4811
202303,12,AFRM,AFFIRM HOLDINGS INC,20339,954.8335,0.9977135730617335,4811
202303,13,AMC,A M C ENTERTAINMENT HOLDINGS INC,14328,950.3775,0.9975057160673456,4811
202303,14,RBLX,ROBLOX CORP,20648,939.0005,0.9972978590729578,4811
202303,15,TSLA,TESLA INC,93436,938.0769,0.9970900020785699,4811
202303,16,PLTR,PALANTIR TECHNOLOGIES INC,19788,936.20087,0.996882145084182,4811
202303,17,ZIM,Z I M INTEGRATED SHIP SERV LTD,20410,931.174,0.9966742880897942,4811
202303,18,U,UNITY SOFTWARE INC,19794,922.0956,0.9964664310954063,4811
202303,19,DKNG,DRAFTKINGS INC,18835,918.222,0.9962585741010185,4811
202303,20,META,META PLATFORMS INC,13407,916.0908,0.9960507171066306,4811
202303,21,OKTA,OKTA INC,16649,915.7336,0.9958428601122428,4811
202303,22,NFLX,NETFLIX INC,89393,915.3916,0.9956350031178549,4811
202303,23,MSTR,STRATEGY INC,86211,914.7632,0.995427146123467,4811
202303,24,AMD,ADVANCED MICRO DEVICES INC,61241,912.3269,0.9952192891290792,4811
202303,25,RIVN,RIVIAN AUTOMOTIVE INC,22265,906.8691,0.9950114321346913,4811
202304,1,MARA,MARA HOLDINGS INC,14813,979.41187,1.0,4831
202304,2,WW,W W INTERNATIONAL INC,89244,970.67444,0.9997930035189402,4831
202304,3,SOFI,SOFI TECHNOLOGIES INC,20067,959.0348,0.9995860070378804,4831
202304,4,AMC,A M C ENTERTAINMENT HOLDINGS INC,14328,955.1896,0.9993790105568205,4831
202304,5,COIN,COINBASE GLOBAL INC,20892,946.2913,0.9991720140757607,4831
202304,6,RIOT,RIOT PLATFORMS INC,92213,945.1871,0.9989650175947009,4831
202304,7,AI,C3 AI INC,20193,938.1329,0.9987580211136411,4831
202304,8,PLTR,PALANTIR TECHNOLOGIES INC,19788,931.0632,0.9985510246325813,4831
202304,9,FSR,FISKER INC,18184,927.62085,0.9983440281515215,4831
202304,10,ZIM,Z I M INTEGRATED SHIP SERV LTD,20410,923.8507,0.9981370316704616,4831
202304,11,UPST,UPSTART HOLDINGS INC,20196,920.65546,0.9979300351894018,4831
202304,12,META,META PLATFORMS INC,13407,914.08813,0.997723038708342,4831
202304,13,ROKU,ROKU INC,16932,913.97974,0.9975160422272822,4831
202304,14,CVNA,CARVANA CO,16655,910.899,0.9973090457462224,4831
202304,15,DKNG,DRAFTKINGS INC,18835,908.79865,0.9971020492651624,4831
202304,16,SNAP,SNAP INC,16595,905.168,0.9968950527841026,4831
202304,17,BBAI,BIGBEAR AI HOLDINGS INC,21053,903.1248,0.9966880563030428,4831
202304,18,LYFT,LYFT INC,18452,903.11993,0.996481059821983,4831
202304,19,FRC,FIRST REPUBLIC BANK S F NEW,12448,903.0905,0.9962740633409232,4831
202304,20,AFRM,AFFIRM HOLDINGS INC,20339,898.25934,0.9960670668598633,4831
202304,21,MSTR,STRATEGY INC,86211,895.1999,0.9958600703788035,4831
202304,22,TDOC,TELADOC HEALTH INC,15585,894.45325,0.9956530738977437,4831
202304,23,TSLA,TESLA INC,93436,889.32935,0.9954460774166839,4831
202304,24,LCID,LUCID GROUP INC,19751,884.7315,0.9952390809356241,4831
202304,25,NFLX,NETFLIX INC,89393,883.1746,0.9950320844545643,4831
202305,1,UPST,UPSTART HOLDINGS INC,20196,1035.8127,1.0,4834
202305,2,AI,C3 AI INC,20193,1008.8186,0.9997931319817956,4834
202305,3,PLTR,PALANTIR TECHNOLOGIES INC,19788,1006.8958,0.9995862639635912,4834
202305,4,CVNA,CARVANA CO,16655,1005.92316,0.9993793959453868,4834
202305,5,SOFI,SOFI TECHNOLOGIES INC,20067,1002.6926,0.9991725279271825,4834
202305,6,AFRM,AFFIRM HOLDINGS INC,20339,994.8139,0.9989656599089781,4834
202305,7,OPEN,OPENDOOR TECHNOLOGIES INC,19455,983.2189,0.9987587918907737,4834
202305,8,COIN,COINBASE GLOBAL INC,20892,971.3634,0.9985519238725693,4834
202305,9,MARA,MARA HOLDINGS INC,14813,951.9916,0.998345055854365,4834
202305,10,SNAP,SNAP INC,16595,943.9887,0.9981381878361605,4834
202305,11,TSLA,TESLA INC,93436,937.22986,0.9979313198179561,4834
202305,12,PACW,PACWEST BANCORP DE,88343,933.36523,0.9977244517997518,4834
202305,13,W,WAYFAIR INC,14983,926.2602,0.9975175837815474,4834
202305,14,GME,GAMESTOP CORP NEW,89301,926.1345,0.997310715763343,4834
202305,15,NVDA,NVIDIA CORP,86580,922.8233,0.9971038477451386,4834
202305,16,U,UNITY SOFTWARE INC,19794,921.42725,0.9968969797269343,4834
202305,17,RIOT,RIOT PLATFORMS INC,92213,921.3682,0.9966901117087298,4834
202305,18,ZS,ZSCALER INC,17341,915.6046,0.9964832436905254,4834
202305,19,IONQ,IONQ INC,20357,915.14215,0.9962763756723211,4834
202305,20,DKNG,DRAFTKINGS INC,18835,908.7897,0.9960695076541167,4834
202305,21,LYFT,LYFT INC,18452,908.526,0.9958626396359123,4834
202305,22,DDOG,DATADOG INC,18911,908.3996,0.9956557716177079,4834
202305,23,SMCI,SUPER MICRO COMPUTER INC,91907,907.01666,0.9954489035995036,4834
202305,24,MRVL,MARVELL TECHNOLOGY INC,88360,904.1521,0.9952420355812991,4834
202305,25,NET,CLOUDFLARE INC,18909,903.4279,0.9950351675630947,4834
202306,1,CVNA,CARVANA CO,16655,1016.52325,1.0,4825
202306,2,UPST,UPSTART HOLDINGS INC,20196,1002.3497,0.9997927461139896,4825
202306,3,SOFI,SOFI TECHNOLOGIES INC,20067,1000.5412,0.9995854922279793,4825
202306,4,OPEN,OPENDOOR TECHNOLOGIES INC,19455,997.7793,0.9993782383419689,4825
202306,5,AFRM,AFFIRM HOLDINGS INC,20339,994.38544,0.9991709844559585,4825
202306,6,U,UNITY SOFTWARE INC,19794,987.17975,0.9989637305699481,4825
202306,7,MARA,MARA HOLDINGS INC,14813,980.9624,0.9987564766839379,4825
202306,8,AI,C3 AI INC,20193,972.06226,0.9985492227979275,4825
202306,9,PLTR,PALANTIR TECHNOLOGIES INC,19788,965.50885,0.9983419689119171,4825
202306,10,COIN,COINBASE GLOBAL INC,20892,957.50586,0.9981347150259068,4825
202306,11,IONQ,IONQ INC,20357,957.18,0.9979274611398964,4825
202306,12,SPCE,VIRGIN GALACTIC HOLDINGS INC,16964,932.69464,0.997720207253886,4825
202306,13,RIVN,RIVIAN AUTOMOTIVE INC,22265,919.86804,0.9975129533678756,4825
202306,14,PLUG,PLUG POWER INC,87337,918.69037,0.9973056994818653,4825
202306,15,SNAP,SNAP INC,16595,917.48474,0.9970984455958549,4825
202306,16,GTLB,GITLAB INC,22084,912.65344,0.9968911917098445,4825
202306,17,CHWY,CHEWY INC,18727,911.52856,0.9966839378238342,4825
202306,18,PACW,PACWEST BANCORP DE,88343,910.33594,0.9964766839378238,4825
202306,19,TSLA,TESLA INC,93436,909.49176,0.9962694300518135,4825
202306,20,LCID,LUCID GROUP INC,19751,907.62274,0.9960621761658031,4825
202306,21,W,WAYFAIR INC,14983,905.3209,0.9958549222797928,4825
202306,22,GME,GAMESTOP CORP NEW,89301,904.34814,0.9956476683937824,4825
202306,23,SOUN,SOUNDHOUND AI INC,23054,903.5321,0.995440414507772,4825
202306,24,MVIS,MICROVISION INC WA,83885,901.4953,0.9952331606217617,4825
202306,25,JBLU,JETBLUE AIRWAYS CORP,89353,896.522,0.9950259067357513,4825
202307,1,SOFI,SOFI TECHNOLOGIES INC,20067,1033.3846,1.0,4808
202307,2,RIVN,RIVIAN AUTOMOTIVE INC,22265,1025.0891,0.9997920133111481,4808
202307,3,UPST,UPSTART HOLDINGS INC,20196,1007.2121,0.9995840266222962,4808
202307,4,AFRM,AFFIRM HOLDINGS INC,20339,1002.79694,0.9993760399334443,4808
202307,5,QS,QUANTUMSCAPE CORP,19599,1002.7081,0.9991680532445923,4808
202307,6,PLTR,PALANTIR TECHNOLOGIES INC,19788,1001.3197,0.9989600665557404,4808
202307,7,CVNA,CARVANA CO,16655,1001.26086,0.9987520798668885,4808
202307,8,MARA,MARA HOLDINGS INC,14813,994.52966,0.9985440931780366,4808
202307,9,NKLA,NIKOLA CORP,17907,988.30383,0.9983361064891847,4808
202307,10,OPEN,OPENDOOR TECHNOLOGIES INC,19455,982.9776,0.9981281198003328,4808
202307,11,AI,C3 AI INC,20193,979.6419,0.9979201331114809,4808
202307,12,ROKU,ROKU INC,16932,974.64087,0.997712146422629,4808
202307,13,COIN,COINBASE GLOBAL INC,20892,974.01154,0.997504159733777,4808
202307,14,AMC,A M C ENTERTAINMENT HOLDINGS INC,14328,969.91785,0.9972961730449251,4808
202307,15,TUP,TUPPERWARE BRANDS CORP,83462,965.9186,0.9970881863560732,4808
202307,16,RIOT,RIOT PLATFORMS INC,92213,961.5305,0.9968801996672213,4808
202307,17,TDOC,TELADOC HEALTH INC,15585,956.2048,0.9966722129783694,4808
202307,18,U,UNITY SOFTWARE INC,19794,954.05457,0.9964642262895175,4808
202307,19,BYND,BEYOND MEAT INC,18572,951.4138,0.9962562396006656,4808
202307,20,IONQ,IONQ INC,20357,949.25616,0.9960482529118136,4808
202307,21,RXRX,RECURSION PHARMACEUTICALS INC,20898,946.78613,0.9958402662229617,4808
202307,22,PLUG,PLUG POWER INC,87337,945.2027,0.9956322795341098,4808
202307,23,SNAP,SNAP INC,16595,943.10614,0.9954242928452579,4808
202307,24,SMCI,SUPER MICRO COMPUTER INC,91907,933.15643,0.995216306156406,4808
202307,25,ENVX,ENOVIX CORP,20452,924.23157,0.9950083194675541,4808
202308,1,AFRM,AFFIRM HOLDINGS INC,20339,1027.9299,1.0,4770
202308,2,RIVN,RIVIAN AUTOMOTIVE INC,22265,979.1521,0.9997903563941299,4770
202308,3,MARA,MARA HOLDINGS INC,14813,971.09534,0.99958071278826,4770
202308,4,CVNA,CARVANA CO,16655,969.4575,0.9993710691823899,4770
202308,5,AMC,A M C ENTERTAINMENT HOLDINGS INC,14328,965.76624,0.9991614255765199,4770
202308,6,UPST,UPSTART HOLDINGS INC,20196,965.7157,0.9989517819706499,4770
202308,7,IONQ,IONQ INC,20357,965.1208,0.9987421383647799,4770
202308,8,TLRY,TILRAY BRANDS INC,17977,957.0484,0.9985324947589098,4770
202308,9,SOFI,SOFI TECHNOLOGIES INC,20067,956.9999,0.9983228511530399,4770
202308,10,X,UNITED STATES STEEL CORP NEW,76644,949.6448,0.9981132075471698,4770
202308,11,PLTR,PALANTIR TECHNOLOGIES INC,19788,948.6758,0.9979035639412998,4770
202308,12,COIN,COINBASE GLOBAL INC,20892,945.1479,0.9976939203354298,4770
202308,13,NKLA,NIKOLA CORP,17907,944.9699,0.9974842767295597,4770
202308,14,TUP,TUPPERWARE BRANDS CORP,83462,943.6171,0.9972746331236897,4770
202308,15,HE,HAWAIIAN ELECTRIC INDUSTRIES INC,41187,932.76904,0.9970649895178197,4770
202308,16,AI,C3 AI INC,20193,928.8734,0.9968553459119497,4770
202308,17,OPEN,OPENDOOR TECHNOLOGIES INC,19455,924.58704,0.9966457023060796,4770
202308,18,TSLA,TESLA INC,93436,917.012,0.9964360587002097,4770
202308,19,S,SENTINELONE INC,21415,914.63226,0.9962264150943396,4770
202308,20,FSLY,FASTLY INC,18580,914.60114,0.9960167714884696,4770
202308,21,LYFT,LYFT INC,18452,912.894,0.9958071278825996,4770
202308,22,NIO,N I O INC,18087,912.37915,0.9955974842767296,4770
202308,23,ROKU,ROKU INC,16932,910.4371,0.9953878406708595,4770
202308,24,LCID,LUCID GROUP INC,19751,909.6675,0.9951781970649896,4770
202308,25,SMCI,SUPER MICRO COMPUTER INC,91907,909.0064,0.9949685534591195,4770
202309,1,RIVN,RIVIAN AUTOMOTIVE INC,22265,994.79834,1.0,4720
202309,2,AFRM,AFFIRM HOLDINGS INC,20339,978.23535,0.9997881355932203,4720
202309,3,NKLA,NIKOLA CORP,17907,978.163,0.9995762711864407,4720
202309,4,PLTR,PALANTIR TECHNOLOGIES INC,19788,966.29504,0.999364406779661,4720
202309,5,CGC,CANOPY GROWTH CORP,17827,953.0927,0.9991525423728813,4720
202309,6,ABNB,AIRBNB INC,20190,951.38586,0.9989406779661016,4720
202309,7,CVNA,CARVANA CO,16655,935.3705,0.9987288135593221,4720
202309,8,COIN,COINBASE GLOBAL INC,20892,934.8629,0.9985169491525424,4720
202309,9,UPST,UPSTART HOLDINGS INC,20196,933.7708,0.9983050847457627,4720
202309,10,FSR,FISKER INC,18184,931.02515,0.9980932203389831,4720
202309,11,TSLA,TESLA INC,93436,928.65704,0.9978813559322034,4720
202309,12,SOFI,SOFI TECHNOLOGIES INC,20067,927.25964,0.9976694915254237,4720
202309,13,PATH,UIPATH INC,20972,922.69666,0.997457627118644,4720
202309,14,MARA,MARA HOLDINGS INC,14813,921.91205,0.9972457627118644,4720
202309,15,TLRY,TILRAY BRANDS INC,17977,916.522,0.9970338983050847,4720
202309,16,IONQ,IONQ INC,20357,915.59174,0.996822033898305,4720
202309,17,AMC,A M C ENTERTAINMENT HOLDINGS INC,14328,908.5603,0.9966101694915255,4720
202309,18,ROKU,ROKU INC,16932,908.3802,0.9963983050847458,4720
202309,19,S,SENTINELONE INC,21415,906.7682,0.9961864406779661,4720
202309,20,NVAX,NOVAVAX INC,82779,900.02985,0.9959745762711865,4720
202309,21,DELL,DELL TECHNOLOGIES INC,18267,899.4181,0.9957627118644068,4720
202309,22,WE,WEWORK INC,19950,898.7646,0.9955508474576271,4720
202309,23,AI,C3 AI INC,20193,886.9127,0.9953389830508474,4720
202309,24,RIOT,RIOT PLATFORMS INC,92213,883.8933,0.9951271186440678,4720
202309,25,SMCI,SUPER MICRO COMPUTER INC,91907,882.396,0.9949152542372881,4720
202310,1,SNAP,SNAP INC,16595,972.92175,1.0,4690
202310,2,AFRM,AFFIRM HOLDINGS INC,20339,967.8468,0.9997867803837953,4690
202310,3,MARA,MARA HOLDINGS INC,14813,956.47046,0.9995735607675906,4690
202310,4,AMC,A M C ENTERTAINMENT HOLDINGS INC,14328,954.55597,0.999360341151386,4690
202310,5,PLTR,PALANTIR TECHNOLOGIES INC,19788,953.8142,0.9991471215351813,4690
202310,6,COIN,COINBASE GLOBAL INC,20892,947.59656,0.9989339019189766,4690
202310,7,SOFI,SOFI TECHNOLOGIES INC,20067,922.70526,0.9987206823027719,4690
202310,8,RIVN,RIVIAN AUTOMOTIVE INC,22265,922.60614,0.9985074626865672,4690
202310,9,RUN,SUNRUN INC,15643,912.1542,0.9982942430703625,4690
202310,10,UPST,UPSTART HOLDINGS INC,20196,907.8798,0.9980810234541578,4690
202310,11,CVNA,CARVANA CO,16655,906.49646,0.997867803837953,4690
202310,12,PINS,PINTEREST INC,18485,904.90344,0.9976545842217484,4690
202310,13,MSTR,STRATEGY INC,86211,894.0745,0.9974413646055437,4690
202310,14,RBLX,ROBLOX CORP,20648,893.49396,0.997228144989339,4690
202310,15,AI,C3 AI INC,20193,892.5019,0.9970149253731343,4690
202310,16,RIOT,RIOT PLATFORMS INC,92213,891.36847,0.9968017057569296,4690
202310,17,TSLA,TESLA INC,93436,887.3732,0.9965884861407249,4690
202310,18,LCID,LUCID GROUP INC,19751,879.9583,0.9963752665245202,4690
202310,19,PLUG,PLUG POWER INC,87337,878.9895,0.9961620469083156,4690
202310,20,SMCI,SUPER MICRO COMPUTER INC,91907,878.24805,0.9959488272921109,4690
202310,21,INTC,INTEL CORP,59328,874.1026,0.9957356076759062,4690
202310,22,NFLX,NETFLIX INC,89393,873.8524,0.9955223880597015,4690
202310,23,GME,GAMESTOP CORP NEW,89301,870.11804,0.9953091684434968,4690
202310,24,VZ,VERIZON COMMUNICATIONS INC,65875,869.21313,0.9950959488272921,4690
202310,25,META,META PLATFORMS INC,13407,862.0041,0.9948827292110874,4690
202311,1,PLTR,PALANTIR TECHNOLOGIES INC,19788,992.9985,1.0,4660
202311,2,AFRM,AFFIRM HOLDINGS INC,20339,973.28094,0.9997854077253219,4660
202311,3,COIN,COINBASE GLOBAL INC,20892,966.0,0.9995708154506437,4660
202311,4,MARA,MARA HOLDINGS INC,14813,956.11774,0.9993562231759656,4660
202311,5,GPS,GAP INC,59010,951.07135,0.9991416309012876,4660
202311,6,GME,GAMESTOP CORP NEW,89301,950.4861,0.9989270386266095,4660
202311,7,AI,C3 AI INC,20193,942.8133,0.9987124463519313,4660
202311,8,ROKU,ROKU INC,16932,942.4578,0.9984978540772532,4660
202311,9,M,MACYS INC,77462,934.10266,0.9982832618025751,4660
202311,10,UPST,UPSTART HOLDINGS INC,20196,933.5616,0.998068669527897,4660
202311,11,RBLX,ROBLOX CORP,20648,927.6785,0.9978540772532188,4660
202311,12,RUN,SUNRUN INC,15643,926.1367,0.9976394849785408,4660
202311,13,DKNG,DRAFTKINGS INC,18835,922.6306,0.9974248927038627,4660
202311,14,SNAP,SNAP INC,16595,920.90985,0.9972103004291846,4660
202311,15,CVNA,CARVANA CO,16655,920.0698,0.9969957081545064,4660
202311,16,NET,CLOUDFLARE INC,18909,913.54047,0.9967811158798283,4660
202311,17,U,UNITY SOFTWARE INC,19794,912.0866,0.9965665236051502,4660
202311,18,LMND,LEMONADE INC,19497,908.08014,0.9963519313304721,4660
202311,19,FL,FOOT LOCKER INC,15456,907.1843,0.996137339055794,4660
202311,20,RIVN,RIVIAN AUTOMOTIVE INC,22265,906.5707,0.9959227467811159,4660
202311,21,SMCI,SUPER MICRO COMPUTER INC,91907,904.95013,0.9957081545064378,4660
202311,22,DDOG,DATADOG INC,18911,900.20264,0.9954935622317597,4660
202311,23,RIOT,RIOT PLATFORMS INC,92213,898.14935,0.9952789699570815,4660
202311,24,ENPH,ENPHASE ENERGY INC,13323,888.44763,0.9950643776824034,4660
202311,25,SQ,BLOCK INC,15826,887.95636,0.9948497854077253,4660
202312,1,RUN,SUNRUN INC,15643,997.14246,1.0,4636
202312,2,UPST,UPSTART HOLDINGS INC,20196,984.64404,0.9997842968075927,4636
202312,3,SOFI,SOFI TECHNOLOGIES INC,20067,971.64606,0.9995685936151855,4636
202312,4,AFRM,AFFIRM HOLDINGS INC,20339,966.11774,0.9993528904227783,4636
202312,5,CHWY,CHEWY INC,18727,963.7427,0.999137187230371,4636
202312,6,MARA,MARA HOLDINGS INC,14813,956.0425,0.9989214840379638,4636
202312,7,GME,GAMESTOP CORP NEW,89301,953.2852,0.9987057808455565,4636
202312,8,M,MACYS INC,77462,948.6918,0.9984900776531492,4636
202312,9,COIN,COINBASE GLOBAL INC,20892,944.69366,0.998274374460742,4636
202312,10,CCCC,C4 THERAPEUTICS INC,19953,943.09937,0.9980586712683348,4636
202312,11,SNAP,SNAP INC,16595,940.03235,0.9978429680759275,4636
202312,12,AI,C3 AI INC,20193,938.9949,0.9976272648835203,4636
202312,13,CVNA,CARVANA CO,16655,938.63544,0.997411561691113,4636
202312,14,DOCU,DOCUSIGN INC,17685,937.75305,0.9971958584987057,4636
202312,15,PATH,UIPATH INC,20972,931.5374,0.9969801553062986,4636
202312,16,RIVN,RIVIAN AUTOMOTIVE INC,22265,930.54987,0.9967644521138913,4636
202312,17,OPEN,OPENDOOR TECHNOLOGIES INC,19455,924.957,0.996548748921484,4636
202312,18,CAVA,CAVA GROUP INC,23941,924.8159,0.9963330457290768,4636
202312,19,LYFT,LYFT INC,18452,923.56946,0.9961173425366695,4636
202312,20,HOOD,ROBINHOOD MARKETS INC,21723,921.10736,0.9959016393442623,4636
202312,21,U,UNITY SOFTWARE INC,19794,920.86224,0.9956859361518551,4636
202312,22,ENPH,ENPHASE ENERGY INC,13323,920.50256,0.9954702329594478,4636
202312,23,RIOT,RIOT PLATFORMS INC,92213,912.64044,0.9952545297670405,4636
202312,24,JBLU,JETBLUE AIRWAYS CORP,89353,912.546,0.9950388265746333,4636
202312,25,S,SENTINELONE INC,21415,909.98584,0.994823123382226,4636
202401,1,QS,QUANTUMSCAPE CORP,19599,996.0601,1.0,4610
202401,2,SMCI,SUPER MICRO COMPUTER INC,91907,972.24805,0.9997830802603037,4610
202401,3,UPST,UPSTART HOLDINGS INC,20196,965.94556,0.9995661605206074,4610
202401,4,MARA,MARA HOLDINGS INC,14813,961.84314,0.999349240780911,4610
202401,5,SOFI,SOFI TECHNOLOGIES INC,20067,954.1796,0.9991323210412147,4610
202401,6,AFRM,AFFIRM HOLDINGS INC,20339,937.13904,0.9989154013015185,4610
202401,7,PLTR,PALANTIR TECHNOLOGIES INC,19788,935.96716,0.9986984815618222,4610
202401,8,PTON,PELOTON INTERACTIVE INC,18940,931.2802,0.9984815618221258,4610
202401,9,JBLU,JETBLUE AIRWAYS CORP,89353,928.6592,0.9982646420824295,4610
202401,10,COIN,COINBASE GLOBAL INC,20892,924.92285,0.9980477223427332,4610
202401,11,PLUG,PLUG POWER INC,87337,923.52405,0.9978308026030369,4610
202401,12,PARA,PARAMOUNT GLOBAL,76226,922.33105,0.9976138828633405,4610
202401,13,MRNA,MODERNA INC,18312,921.9725,0.9973969631236442,4610
202401,14,DKNG,DRAFTKINGS INC,18835,916.5948,0.997180043383948,4610
202401,15,RUN,SUNRUN INC,15643,914.9453,0.9969631236442517,4610
202401,16,ZIM,Z I M INTEGRATED SHIP SERV LTD,20410,911.9166,0.9967462039045553,4610
202401,17,LCID,LUCID GROUP INC,19751,907.1932,0.996529284164859,4610
202401,18,ENPH,ENPHASE ENERGY INC,13323,906.84906,0.9963123644251627,4610
202401,19,DWAC,TRUMP MEDIA & TECH GRP CORP,21927,906.7728,0.9960954446854664,4610
202401,20,ELF,E L F BEAUTY INC,16318,905.61176,0.9958785249457701,4610
202401,21,SNAP,SNAP INC,16595,904.0274,0.9956616052060737,4610
202401,22,NFLX,NETFLIX INC,89393,903.03925,0.9954446854663774,4610
202401,23,AI,C3 AI INC,20193,899.17224,0.9952277657266811,4610
202401,24,SAVE,SPIRIT AVIATION HOLDINGS INC,12796,897.2132,0.9950108459869849,4610
202401,25,AMC,A M C ENTERTAINMENT HOLDINGS INC,14328,896.97327,0.9947939262472885,4610
202402,1,SOUN,SOUNDHOUND AI INC,23054,1005.7535,1.0,4610
202402,2,PLTR,PALANTIR TECHNOLOGIES INC,19788,982.93964,0.9997830802603037,4610
202402,3,SOFI,SOFI TECHNOLOGIES INC,20067,980.7021,0.9995661605206074,4610
202402,4,AI,C3 AI INC,20193,979.2584,0.999349240780911,4610
202402,5,LYFT,LYFT INC,18452,971.5999,0.9991323210412147,4610
202402,6,MARA,MARA HOLDINGS INC,14813,964.50775,0.9989154013015185,4610
202402,7,CVNA,CARVANA CO,16655,955.2263,0.9986984815618222,4610
202402,8,CLSK,CLEANSPARK INC,19187,954.7947,0.9984815618221258,4610
202402,9,SMCI,SUPER MICRO COMPUTER INC,91907,947.4086,0.9982646420824295,4610
202402,10,ENPH,ENPHASE ENERGY INC,13323,946.8809,0.9980477223427332,4610
202402,11,COIN,COINBASE GLOBAL INC,20892,945.09216,0.9978308026030369,4610
202402,12,HOOD,ROBINHOOD MARKETS INC,21723,941.2555,0.9976138828633405,4610
202402,13,VKTX,VIKING THERAPEUTICS INC,15303,938.3922,0.9973969631236442,4610
202402,14,BYND,BEYOND MEAT INC,18572,932.08496,0.997180043383948,4610
202402,15,UPST,UPSTART HOLDINGS INC,20196,929.6939,0.9969631236442517,4610
202402,16,JBLU,JETBLUE AIRWAYS CORP,89353,927.5338,0.9967462039045553,4610
202402,17,ARM,A R M HOLDINGS PLC,24252,920.10046,0.996529284164859,4610
202402,18,NET,CLOUDFLARE INC,18909,918.833,0.9963123644251627,4610
202402,19,TOST,TOAST INC,21896,917.634,0.9960954446854664,4610
202402,20,CELH,CELSIUS HOLDINGS INC,93263,915.3632,0.9958785249457701,4610
202402,21,ABNB,AIRBNB INC,20190,913.54486,0.9956616052060737,4610
202402,22,PLUG,PLUG POWER INC,87337,911.7289,0.9954446854663774,4610
202402,23,MSTR,STRATEGY INC,86211,909.9971,0.9952277657266811,4610
202402,24,CAVA,CAVA GROUP INC,23941,900.22595,0.9950108459869849,4610
202402,25,LUNR,INTUITIVE MACHINES INC,22313,898.6708,0.9947939262472885,4610
202403,1,SOUN,SOUNDHOUND AI INC,23054,981.6912,1.0,4594
202403,2,CGC,CANOPY GROWTH CORP,17827,956.8427,0.999782324771441,4594
202403,3,CLSK,CLEANSPARK INC,19187,947.6124,0.999564649542882,4594
202403,4,PLTR,PALANTIR TECHNOLOGIES INC,19788,941.8361,0.9993469743143231,4594
202403,5,LYFT,LYFT INC,18452,938.6753,0.9991292990857641,4594
202403,6,COIN,COINBASE GLOBAL INC,20892,934.9228,0.998911623857205,4594
202403,7,SMCI,SUPER MICRO COMPUTER INC,91907,934.22845,0.998693948628646,4594
202403,8,HOOD,ROBINHOOD MARKETS INC,21723,924.9129,0.998476273400087,4594
202403,9,MARA,MARA HOLDINGS INC,14813,921.2413,0.9982585981715281,4594
202403,10,DWAC,TRUMP MEDIA & TECH GRP CORP,21927,919.02405,0.9980409229429691,4594
202403,11,RUM,RUMBLE INC,21029,917.28064,0.9978232477144101,4594
202403,12,MSTR,STRATEGY INC,86211,909.5834,0.9976055724858511,4594
202403,13,TLRY,TILRAY BRANDS INC,17977,907.2851,0.9973878972572922,4594
202403,14,CVNA,CARVANA CO,16655,906.54407,0.9971702220287332,4594
202403,15,RIVN,RIVIAN AUTOMOTIVE INC,22265,903.0841,0.9969525468001741,4594
202403,16,UPST,UPSTART HOLDINGS INC,20196,901.8357,0.9967348715716151,4594
202403,17,PLUG,PLUG POWER INC,87337,896.00653,0.9965171963430561,4594
202403,18,DELL,DELL TECHNOLOGIES INC,18267,895.68365,0.9962995211144972,4594
202403,19,VKTX,VIKING THERAPEUTICS INC,15303,893.4962,0.9960818458859382,4594
202403,20,SOFI,SOFI TECHNOLOGIES INC,20067,891.87,0.9958641706573792,4594
202403,21,JBLU,JETBLUE AIRWAYS CORP,89353,884.9861,0.9956464954288202,4594
202403,22,BBAI,BIGBEAR AI HOLDINGS INC,21053,883.42975,0.9954288202002612,4594
202403,23,CAVA,CAVA GROUP INC,23941,880.37976,0.9952111449717023,4594
202403,24,RH,R H,13687,880.2381,0.9949934697431432,4594
202403,25,PARA,PARAMOUNT GLOBAL,76226,877.6405,0.9947757945145842,4594
202404,1,CGC,CANOPY GROWTH CORP,17827,980.7573,1.0,4590
202404,2,TLRY,TILRAY BRANDS INC,17977,953.4882,0.9997821350762527,4590
202404,3,SNAP,SNAP INC,16595,949.2984,0.9995642701525055,4590
202404,4,PLTR,PALANTIR TECHNOLOGIES INC,19788,944.1235,0.9993464052287582,4590
202404,5,TSLA,TESLA INC,93436,939.43787,0.9991285403050109,4590
202404,6,DJT,TRUMP MEDIA & TECH GRP CORP,21927,932.8224,0.9989106753812637,4590
202404,7,SOUN,SOUNDHOUND AI INC,23054,929.3252,0.9986928104575163,4590
202404,8,MPW,MEDICAL PROPERTIES TRUST INC,90790,923.541,0.998474945533769,4590
202404,9,MARA,MARA HOLDINGS INC,14813,913.0916,0.9982570806100218,4590
202404,10,CVNA,CARVANA CO,16655,907.3631,0.9980392156862745,4590
202404,11,RIOT,RIOT PLATFORMS INC,92213,906.4046,0.9978213507625272,4590
202404,12,RIVN,RIVIAN AUTOMOTIVE INC,22265,904.79956,0.99760348583878,4590
202404,13,SOFI,SOFI TECHNOLOGIES INC,20067,901.52637,0.9973856209150327,4590
202404,14,CLSK,CLEANSPARK INC,19187,899.6566,0.9971677559912854,4590
202404,15,LYFT,LYFT INC,18452,899.4378,0.9969498910675382,4590
202404,16,IBRX,IMMUNITYBIO INC,15533,897.7308,0.9967320261437909,4590
202404,17,PARA,PARAMOUNT GLOBAL,76226,895.6698,0.9965141612200435,4590
202404,18,ACB,AURORA CANNABIS INC,18151,895.2045,0.9962962962962963,4590
202404,19,CAVA,CAVA GROUP INC,23941,893.1894,0.996078431372549,4590
202404,20,UAL,UNITED AIRLINES HOLDINGS INC,91103,889.7536,0.9958605664488017,4590
202404,21,DELL,DELL TECHNOLOGIES INC,18267,887.18756,0.9956427015250545,4590
202404,22,ENPH,ENPHASE ENERGY INC,13323,885.4061,0.9954248366013072,4590
202404,23,RILY,B RILEY FINANCIAL INC,15540,885.192,0.9952069716775599,4590
202404,24,COIN,COINBASE GLOBAL INC,20892,884.01605,0.9949891067538127,4590
202404,25,AMC,A M C ENTERTAINMENT HOLDINGS INC,14328,883.7829,0.9947712418300654,4590
202405,1,AMC,A M C ENTERTAINMENT HOLDINGS INC,14328,1020.0026,1.0,4593
202405,2,NVAX,NOVAVAX INC,82779,999.01874,0.9997822773786197,4593
202405,3,CHWY,CHEWY INC,18727,988.6261,0.9995645547572393,4593
202405,4,SPWR,SUNPOWER CORP,90978,985.3778,0.999346832135859,4593
202405,5,GME,GAMESTOP CORP NEW,89301,967.6704,0.9991291095144785,4593
202405,6,UPST,UPSTART HOLDINGS INC,20196,946.00494,0.9989113868930982,4593
202405,7,CGC,CANOPY GROWTH CORP,17827,945.2629,0.9986936642717178,4593
202405,8,MPW,MEDICAL PROPERTIES TRUST INC,90790,942.7046,0.9984759416503375,4593
202405,9,AI,C3 AI INC,20193,937.5945,0.9982582190289571,4593
202405,10,ASTS,A S T SPACEMOBILE INC,19076,937.4052,0.9980404964075767,4593
202405,11,HIMS,HIMS & HERS HEALTH INC,18938,931.006,0.9978227737861964,4593
202405,12,PLUG,PLUG POWER INC,87337,926.0315,0.997605051164816,4593
202405,13,DELL,DELL TECHNOLOGIES INC,18267,925.2199,0.9973873285434357,4593
202405,14,RIVN,RIVIAN AUTOMOTIVE INC,22265,924.8073,0.9971696059220553,4593
202405,15,MARA,MARA HOLDINGS INC,14813,924.60846,0.996951883300675,4593
202405,16,RDDT,REDDIT INC,24876,921.81177,0.9967341606792945,4593
202405,17,SOUN,SOUNDHOUND AI INC,23054,918.02075,0.9965164380579142,4593
202405,18,PARA,PARAMOUNT GLOBAL,76226,917.5047,0.9962987154365338,4593
202405,19,RUN,SUNRUN INC,15643,916.1385,0.9960809928151535,4593
202405,20,CAVA,CAVA GROUP INC,23941,913.43195,0.9958632701937732,4593
202405,21,HOOD,ROBINHOOD MARKETS INC,21723,912.5281,0.9956455475723928,4593
202405,22,CVNA,CARVANA CO,16655,911.2675,0.9954278249510125,4593
202405,23,MRNA,MODERNA INC,18312,910.51965,0.995210102329632,4593
202405,24,TSLA,TESLA INC,93436,908.9321,0.9949923797082517,4593
202405,25,SNAP,SNAP INC,16595,908.7686,0.9947746570868713,4593
202406,1,AMC,A M C ENTERTAINMENT HOLDINGS INC,14328,1027.718,1.0,4558
202406,2,GME,GAMESTOP CORP NEW,89301,985.51044,0.9997806055287407,4558
202406,3,CHWY,CHEWY INC,18727,982.61383,0.9995612110574813,4558
202406,4,RIVN,RIVIAN AUTOMOTIVE INC,22265,982.1477,0.999341816586222,4558
202406,5,TSLA,TESLA INC,93436,944.06476,0.9991224221149627,4558
202406,6,ASTS,A S T SPACEMOBILE INC,19076,919.19934,0.9989030276437034,4558
202406,7,AI,C3 AI INC,20193,918.35706,0.998683633172444,4558
202406,8,ENVX,ENOVIX CORP,20452,915.5665,0.9984642387011847,4558
202406,9,NVAX,NOVAVAX INC,82779,912.73584,0.9982448442299254,4558
202406,10,SPWR,SUNPOWER CORP,90978,912.1557,0.998025449758666,4558
202406,11,UPST,UPSTART HOLDINGS INC,20196,908.1918,0.9978060552874067,4558
202406,12,CORZ,CORE SCIENTIFIC INC NEW,24698,906.5773,0.9975866608161474,4558
202406,13,CVNA,CARVANA CO,16655,904.3214,0.9973672663448881,4558
202406,14,RDDT,REDDIT INC,24876,899.951,0.9971478718736287,4558
202406,15,MARA,MARA HOLDINGS INC,14813,897.80945,0.9969284774023695,4558
202406,16,HOOD,ROBINHOOD MARKETS INC,21723,892.0054,0.9967090829311102,4558
202406,17,PLTR,PALANTIR TECHNOLOGIES INC,19788,889.72906,0.9964896884598509,4558
202406,18,HUT,HUT 8 CORP,24655,886.47485,0.9962702939885915,4558
202406,19,CRWD,CROWDSTRIKE HOLDINGS INC,18726,886.19415,0.9960508995173322,4558
202406,20,CLSK,CLEANSPARK INC,19187,883.73254,0.9958315050460729,4558
202406,21,SOFI,SOFI TECHNOLOGIES INC,20067,882.9787,0.9956121105748135,4558
202406,22,SNAP,SNAP INC,16595,881.13074,0.9953927161035542,4558
202406,23,FFIE,FARADAY FUTURE INTEL ELCTRC INC,19649,880.21045,0.9951733216322949,4558
202406,24,ARM,A R M HOLDINGS PLC,24252,875.8558,0.9949539271610356,4558
202406,25,CAVA,CAVA GROUP INC,23941,875.70575,0.9947345326897762,4558
202407,1,AMC,A M C ENTERTAINMENT HOLDINGS INC,14328,986.2009,1.0,4557
202407,2,RIVN,RIVIAN AUTOMOTIVE INC,22265,985.2032,0.999780557384244,4557
202407,3,QS,QUANTUMSCAPE CORP,19599,980.32874,0.9995611147684881,4557
202407,4,SOUN,SOUNDHOUND AI INC,23054,972.80927,0.9993416721527321,4557
202407,5,SOFI,SOFI TECHNOLOGIES INC,20067,970.74115,0.999122229536976,4557
202407,6,ASTS,A S T SPACEMOBILE INC,19076,970.0471,0.9989027869212201,4557
202407,7,UPST,UPSTART HOLDINGS INC,20196,962.1206,0.9986833443054641,4557
202407,8,HE,HAWAIIAN ELECTRIC INDUSTRIES INC,41187,955.7993,0.9984639016897081,4557
202407,9,GME,GAMESTOP CORP NEW,89301,950.3668,0.9982444590739522,4557
202407,10,MARA,MARA HOLDINGS INC,14813,937.44147,0.9980250164581962,4557
202407,11,CHWY,CHEWY INC,18727,931.4239,0.9978055738424402,4557
202407,12,RUN,SUNRUN INC,15643,930.5936,0.9975861312266843,4557
202407,13,LUMN,LUMEN TECHOLOGIES INC,60599,928.72015,0.9973666886109283,4557
202407,14,LCID,LUCID GROUP INC,19751,928.43506,0.9971472459951722,4557
202407,15,TSLA,TESLA INC,93436,924.1559,0.9969278033794163,4557
202407,16,CHTR,CHARTER COMMUNICATIONS INC NEW,12308,912.41376,0.9967083607636603,4557
202407,17,PLTR,PALANTIR TECHNOLOGIES INC,19788,905.071,0.9964889181479043,4557
202407,18,CVNA,CARVANA CO,16655,899.28485,0.9962694755321484,4557
202407,19,DJT,TRUMP MEDIA & TECH GRP CORP,21927,898.2645,0.9960500329163924,4557
202407,20,OPEN,OPENDOOR TECHNOLOGIES INC,19455,897.3606,0.9958305903006364,4557
202407,21,NVAX,NOVAVAX INC,82779,896.1897,0.9956111476848803,4557
202407,22,CLSK,CLEANSPARK INC,19187,896.1644,0.9953917050691244,4557
202407,23,RDDT,REDDIT INC,24876,895.49133,0.9951722624533684,4557
202407,24,ENVX,ENOVIX CORP,20452,886.125,0.9949528198376124,4557
202407,25,CHPT,CHARGEPOINT HOLDINGS INC,18937,882.84283,0.9947333772218565,4557
202408,1,UPST,UPSTART HOLDINGS INC,20196,1019.01276,1.0,4533
202408,2,LUMN,LUMEN TECHOLOGIES INC,60599,1015.5122,0.99977939554379,4533
202408,3,ASTS,A S T SPACEMOBILE INC,19076,1002.20575,0.99955879108758,4533
202408,4,SOFI,SOFI TECHNOLOGIES INC,20067,969.6891,0.99933818663137,4533
202408,5,PTON,PELOTON INTERACTIVE INC,18940,961.4424,0.9991175821751599,4533
202408,6,RIVN,RIVIAN AUTOMOTIVE INC,22265,961.0971,0.9988969777189499,4533
202408,7,CHWY,CHEWY INC,18727,953.8444,0.99867637326274,4533
202408,8,LUNR,INTUITIVE MACHINES INC,22313,939.0469,0.9984557688065299,4533
202408,9,PLTR,PALANTIR TECHNOLOGIES INC,19788,938.7861,0.9982351643503199,4533
202408,10,AFRM,AFFIRM HOLDINGS INC,20339,935.0553,0.9980145598941098,4533
202408,11,RKLB,ROCKET LAB CORP,20178,929.726,0.9977939554378998,4533
202408,12,GME,GAMESTOP CORP NEW,89301,925.8251,0.9975733509816899,4533
202408,13,SOUN,SOUNDHOUND AI INC,23054,925.1685,0.9973527465254798,4533
202408,14,LCID,LUCID GROUP INC,19751,917.3794,0.9971321420692698,4533
202408,15,AMC,A M C ENTERTAINMENT HOLDINGS INC,14328,915.384,0.9969115376130597,4533
202408,16,RUN,SUNRUN INC,15643,913.6137,0.9966909331568498,4533
202408,17,CAVA,CAVA GROUP INC,23941,911.7062,0.9964703287006398,4533
202408,18,MARA,MARA HOLDINGS INC,14813,902.0819,0.9962497242444297,4533
202408,19,ROKU,ROKU INC,16932,895.13586,0.9960291197882197,4533
202408,20,MDB,MONGODB INC,16968,893.0001,0.9958085153320098,4533
202408,21,SBUX,STARBUCKS CORP,77702,891.88025,0.9955879108757997,4533
202408,22,CORZ,CORE SCIENTIFIC INC NEW,24698,888.6669,0.9953673064195897,4533
202408,23,CVNA,CARVANA CO,16655,887.91534,0.9951467019633796,4533
202408,24,U,UNITY SOFTWARE INC,19794,887.66174,0.9949260975071696,4533
202408,25,WBD,WARNER BROS DISCOVERY INC,22976,886.8434,0.9947054930509597,4533
202409,1,PLTR,PALANTIR TECHNOLOGIES INC,19788,1005.27893,1.0,4522
202409,2,LUNR,INTUITIVE MACHINES INC,22313,991.44476,0.9997788589119858,4522
202409,3,UPST,UPSTART HOLDINGS INC,20196,977.38086,0.9995577178239717,4522
202409,4,SOFI,SOFI TECHNOLOGIES INC,20067,966.3905,0.9993365767359575,4522
202409,5,PLCE,CHILDRENS PLACE INC,85390,956.01776,0.9991154356479434,4522
202409,6,DJT,TRUMP MEDIA & TECH GRP CORP,21927,946.2173,0.9988942945599293,4522
202409,7,GME,GAMESTOP CORP NEW,89301,933.76,0.9986731534719151,4522
202409,8,U,UNITY SOFTWARE INC,19794,929.9057,0.9984520123839009,4522
202409,9,PTON,PELOTON INTERACTIVE INC,18940,929.73456,0.9982308712958867,4522
202409,10,APLD,APPLIED DIGITAL CORP,89986,929.51196,0.9980097302078726,4522
202409,11,ASTS,A S T SPACEMOBILE INC,19076,928.13214,0.9977885891198585,4522
202409,12,WBD,WARNER BROS DISCOVERY INC,22976,924.3407,0.9975674480318443,4522
202409,13,RDFN,REDFIN CORP,16829,922.5431,0.9973463069438302,4522
202409,14,RH,R H,13687,921.40967,0.997125165855816,4522
202409,15,RKLB,ROCKET LAB CORP,20178,918.80963,0.9969040247678018,4522
202409,16,NIO,N I O INC,18087,917.42267,0.9966828836797877,4522
202409,17,TSLA,TESLA INC,93436,914.3018,0.9964617425917736,4522
202409,18,AFRM,AFFIRM HOLDINGS INC,20339,905.27704,0.9962406015037594,4522
202409,19,MSTR,STRATEGY INC,86211,904.0404,0.9960194604157453,4522
202409,20,MARA,MARA HOLDINGS INC,14813,903.2305,0.9957983193277311,4522
202409,21,SMMT,SUMMIT THERAPEUTICS INC,19849,902.98206,0.9955771782397169,4522
202409,22,AAL,AMERICAN AIRLINES GROUP INC,21020,901.0673,0.9953560371517027,4522
202409,23,LUMN,LUMEN TECHOLOGIES INC,60599,899.7659,0.9951348960636887,4522
202409,24,AMC,A M C ENTERTAINMENT HOLDINGS INC,14328,897.1812,0.9949137549756745,4522
202409,25,LCID,LUCID GROUP INC,19751,893.0887,0.9946926138876603,4522
202410,1,OKLO,OKLO INC,21619,1016.1632,1.0,4514
202410,2,SOFI,SOFI TECHNOLOGIES INC,20067,1008.8561,0.9997784669915818,4514
202410,3,UPST,UPSTART HOLDINGS INC,20196,996.6516,0.9995569339831635,4514
202410,4,SMR,NUSCALE POWER CORP,20325,979.2974,0.9993354009747453,4514
202410,5,PLTR,PALANTIR TECHNOLOGIES INC,19788,977.6448,0.999113867966327,4514
202410,6,PTON,PELOTON INTERACTIVE INC,18940,968.77673,0.9988923349579087,4514
202410,7,DJT,TRUMP MEDIA & TECH GRP CORP,21927,968.71735,0.9986708019494904,4514
202410,8,RDDT,REDDIT INC,24876,965.5509,0.9984492689410722,4514
202410,9,IONQ,IONQ INC,20357,962.97235,0.998227735932654,4514
202410,10,MSTR,STRATEGY INC,86211,943.3637,0.9980062029242357,4514
202410,11,SOUN,SOUNDHOUND AI INC,23054,932.9029,0.9977846699158175,4514
202410,12,MARA,MARA HOLDINGS INC,14813,931.30096,0.9975631369073992,4514
202410,13,SAVE,SPIRIT AVIATION HOLDINGS INC,12796,928.88745,0.997341603898981,4514
202410,14,GME,GAMESTOP CORP NEW,89301,927.1201,0.9971200708905626,4514
202410,15,CVNA,CARVANA CO,16655,924.16534,0.9968985378821444,4514
202410,16,AFRM,AFFIRM HOLDINGS INC,20339,923.6815,0.9966770048737262,4514
202410,17,AAL,AMERICAN AIRLINES GROUP INC,21020,923.4009,0.9964554718653079,4514
202410,18,WBA,WALGREENS BOOTS ALLIANCE INC,19502,922.0129,0.9962339388568897,4514
202410,19,SNAP,SNAP INC,16595,919.4215,0.9960124058484714,4514
202410,20,TSLA,TESLA INC,93436,915.30853,0.9957908728400532,4514
202410,21,LUNR,INTUITIVE MACHINES INC,22313,911.8062,0.9955693398316349,4514
202410,22,RKLB,ROCKET LAB CORP,20178,910.7779,0.9953478068232167,4514
202410,23,U,UNITY SOFTWARE INC,19794,909.42645,0.9951262738147985,4514
202410,24,WOLF,WOLFSPEED INC NEW,78875,899.49176,0.9949047408063801,4514
202410,25,RBLX,ROBLOX CORP,20648,897.5355,0.9946832077979619,4514
202411,1,SOUN,SOUNDHOUND AI INC,23054,1021.8735,1.0,4510
202411,2,OKLO,OKLO INC,21619,1005.3531,0.9997782705099778,4510
202411,3,UPST,UPSTART HOLDINGS INC,20196,997.68427,0.9995565410199556,4510
202411,4,SOFI,SOFI TECHNOLOGIES INC,20067,985.43164,0.9993348115299335,4510
202411,5,MARA,MARA HOLDINGS INC,14813,982.5013,0.9991130820399113,4510
202411,6,SMCI,SUPER MICRO COMPUTER INC,91907,981.9096,0.9988913525498891,4510
202411,7,LUNR,INTUITIVE MACHINES INC,22313,980.3905,0.998669623059867,4510
202411,8,PLTR,PALANTIR TECHNOLOGIES INC,19788,975.56683,0.9984478935698448,4510
202411,9,DJT,TRUMP MEDIA & TECH GRP CORP,21927,968.3236,0.9982261640798226,4510
202411,10,RKLB,ROCKET LAB CORP,20178,963.58527,0.9980044345898005,4510
202411,11,SMR,NUSCALE POWER CORP,20325,960.8103,0.9977827050997783,4510
202411,12,GME,GAMESTOP CORP NEW,89301,959.9067,0.9975609756097561,4510
202411,13,APP,APPLOVIN CORP,20894,957.2121,0.9973392461197339,4510
202411,14,IONQ,IONQ INC,20357,956.32104,0.9971175166297117,4510
202411,15,AI,C3 AI INC,20193,954.31915,0.9968957871396896,4510
202411,16,SNOW,SNOWFLAKE INC,19654,953.5718,0.9966740576496674,4510
202411,17,RIVN,RIVIAN AUTOMOTIVE INC,22265,947.4147,0.9964523281596452,4510
202411,18,HIMS,HIMS & HERS HEALTH INC,18938,945.9023,0.996230598669623,4510
202411,19,BE,BLOOM ENERGY CORP,17949,940.5902,0.9960088691796009,4510
202411,20,QUBT,QUANTUM COMPUTING INC,21754,937.0468,0.9957871396895787,4510
202411,21,COIN,COINBASE GLOBAL INC,20892,936.11615,0.9955654101995566,4510
202411,22,MBLY,MOBILEYE GLOBAL INC,23439,934.1151,0.9953436807095344,4510
202411,23,RDDT,REDDIT INC,24876,931.0584,0.9951219512195122,4510
202411,24,TSLA,TESLA INC,93436,925.05273,0.99490022172949,4510
202411,25,ACHR,ARCHER AVIATION INC,20207,922.1267,0.9946784922394678,4510
202412,1,SOUN,SOUNDHOUND AI INC,23054,1033.2429,1.0,4495
202412,2,QBTS,D WAVE QUANTUM INC,23263,1003.73157,0.9997775305895439,4495
202412,3,RGTI,RIGETTI COMPUTING INC,21007,998.4198,0.9995550611790879,4495
202412,4,QUBT,QUANTUM COMPUTING INC,21754,997.9449,0.9993325917686318,4495
202412,5,RUM,RUMBLE INC,21029,977.6701,0.9991101223581758,4495
202412,6,RIVN,RIVIAN AUTOMOTIVE INC,22265,976.62854,0.9988876529477196,4495
202412,7,SMCI,SUPER MICRO COMPUTER INC,91907,965.41864,0.9986651835372636,4495
202412,8,PLTR,PALANTIR TECHNOLOGIES INC,19788,965.13574,0.9984427141268075,4495
202412,9,OKLO,OKLO INC,21619,956.81036,0.9982202447163515,4495
202412,10,SOFI,SOFI TECHNOLOGIES INC,20067,949.7322,0.9979977753058954,4495
202412,11,AI,C3 AI INC,20193,948.9047,0.9977753058954394,4495
202412,12,LUNR,INTUITIVE MACHINES INC,22313,947.04553,0.9975528364849833,4495
202412,13,WBA,WALGREENS BOOTS ALLIANCE INC,19502,942.8344,0.9973303670745273,4495
202412,14,GME,GAMESTOP CORP NEW,89301,939.59906,0.9971078976640712,4495
202412,15,RCAT,RED CAT HOLDINGS INC,21090,938.72217,0.9968854282536151,4495
202412,16,ACHR,ARCHER AVIATION INC,20207,937.8206,0.996662958843159,4495
202412,17,UPST,UPSTART HOLDINGS INC,20196,931.31213,0.996440489432703,4495
202412,18,PLUG,PLUG POWER INC,87337,924.08234,0.9962180200222469,4495
202412,19,QS,QUANTUMSCAPE CORP,19599,921.83813,0.9959955506117909,4495
202412,20,BBAI,BIGBEAR AI HOLDINGS INC,21053,921.1345,0.9957730812013348,4495
202412,21,IONQ,IONQ INC,20357,920.45013,0.9955506117908788,4495
202412,22,AAL,AMERICAN AIRLINES GROUP INC,21020,920.43,0.9953281423804227,4495
202412,23,MBLY,MOBILEYE GLOBAL INC,23439,919.0036,0.9951056729699667,4495
202412,24,DJT,TRUMP MEDIA & TECH GRP CORP,21927,917.2646,0.9948832035595105,4495
202412,25,RDDT,REDDIT INC,24876,915.28735,0.9946607341490545,4495
202501,1,RGTI,RIGETTI COMPUTING INC,21007,988.96814,1.0,4600
202501,2,OKLO,OKLO INC,21619,979.62555,0.9997826086956522,4600
202501,3,SOUN,SOUNDHOUND AI INC,23054,979.1979,0.9995652173913043,4600
202501,4,QUBT,QUANTUM COMPUTING INC,21754,974.52295,0.9993478260869565,4600
202501,5,TEM,TEMPUS A I INC,25142,969.64777,0.9991304347826087,4600
202501,6,RIVN,RIVIAN AUTOMOTIVE INC,22265,967.90497,0.9989130434782608,4600
202501,7,QBTS,D WAVE QUANTUM INC,23263,966.5448,0.9986956521739131,4600
202501,8,FUBO,FUBOTV INC,19893,962.5469,0.9984782608695653,4600
202501,9,PLTR,PALANTIR TECHNOLOGIES INC,19788,953.01117,0.9982608695652174,4600
202501,10,SOFI,SOFI TECHNOLOGIES INC,20067,949.43774,0.9980434782608696,4600
202501,11,SMCI,SUPER MICRO COMPUTER INC,91907,946.9747,0.9978260869565218,4600
202501,12,WBA,WALGREENS BOOTS ALLIANCE INC,19502,942.3121,0.9976086956521739,4600
202501,13,DJT,TRUMP MEDIA & TECH GRP CORP,21927,940.20074,0.9973913043478261,4600
202501,14,CRNC,CERENCE INC,18915,935.7538,0.9971739130434782,4600
202501,15,LUNR,INTUITIVE MACHINES INC,22313,934.49927,0.9969565217391304,4600
202501,16,UPST,UPSTART HOLDINGS INC,20196,931.9277,0.9967391304347826,4600
202501,17,MARA,MARA HOLDINGS INC,14813,927.31146,0.9965217391304347,4600
202501,18,IONQ,IONQ INC,20357,920.59827,0.996304347826087,4600
202501,19,COIN,COINBASE GLOBAL INC,20892,917.3011,0.9960869565217392,4600
202501,20,SMR,NUSCALE POWER CORP,20325,916.56964,0.9958695652173913,4600
202501,21,ARM,A R M HOLDINGS PLC,24252,915.24286,0.9956521739130435,4600
202501,22,RDDT,REDDIT INC,24876,912.2252,0.9954347826086957,4600
202501,23,RKLB,ROCKET LAB CORP,20178,910.3646,0.9952173913043478,4600
202501,24,RXRX,RECURSION PHARMACEUTICALS INC,20898,910.24274,0.995,4600
202501,25,PLUG,PLUG POWER INC,87337,907.9998,0.9947826086956522,4600
202502,1,SMCI,SUPER MICRO COMPUTER INC,91907,1008.1355,1.0,4594
202502,2,BBAI,BIGBEAR AI HOLDINGS INC,21053,987.74097,0.999782324771441,4594
202502,3,SOUN,SOUNDHOUND AI INC,23054,985.1228,0.999564649542882,4594
202502,4,RXRX,RECURSION PHARMACEUTICALS INC,20898,956.08154,0.9993469743143231,4594
202502,5,TEM,TEMPUS A I INC,25142,950.2892,0.9991292990857641,4594
202502,6,QBTS,D WAVE QUANTUM INC,23263,949.6337,0.998911623857205,4594
202502,7,U,UNITY SOFTWARE INC,19794,942.2859,0.998693948628646,4594
202502,8,OKLO,OKLO INC,21619,938.96234,0.998476273400087,4594
202502,9,HIMS,HIMS & HERS HEALTH INC,18938,936.60864,0.9982585981715281,4594
202502,10,RIVN,RIVIAN AUTOMOTIVE INC,22265,934.23016,0.9980409229429691,4594
202502,11,INTC,INTEL CORP,59328,930.95496,0.9978232477144101,4594
202502,12,BB,BLACKBERRY LTD,86745,929.3988,0.9976055724858511,4594
202502,13,RGTI,RIGETTI COMPUTING INC,21007,928.4878,0.9973878972572922,4594
202502,14,PLTR,PALANTIR TECHNOLOGIES INC,19788,926.2698,0.9971702220287332,4594
202502,15,WBA,WALGREENS BOOTS ALLIANCE INC,19502,920.69916,0.9969525468001741,4594
202502,16,NIO,N I O INC,18087,918.91394,0.9967348715716151,4594
202502,17,CELH,CELSIUS HOLDINGS INC,93263,918.76654,0.9965171963430561,4594
202502,18,SEDG,SOLAREDGE TECHNOLOGIES INC,15272,910.15356,0.9962995211144972,4594
202502,19,ACHR,ARCHER AVIATION INC,20207,909.0901,0.9960818458859382,4594
202502,20,UPST,UPSTART HOLDINGS INC,20196,905.6202,0.9958641706573792,4594
202502,21,SOFI,SOFI TECHNOLOGIES INC,20067,904.06006,0.9956464954288202,4594
202502,22,ASTS,A S T SPACEMOBILE INC,19076,902.5848,0.9954288202002612,4594
202502,23,LUNR,INTUITIVE MACHINES INC,22313,898.16675,0.9952111449717023,4594
202502,24,WBD,WARNER BROS DISCOVERY INC,22976,898.0056,0.9949934697431432,4594
202502,25,MPW,MEDICAL PROPERTIES TRUST INC,90790,897.9987,0.9947757945145842,4594
202503,1,QBTS,D WAVE QUANTUM INC,23263,1016.1227,1.0,4578
202503,2,CELH,CELSIUS HOLDINGS INC,93263,962.4231,0.9997815640017474,4578
202503,3,SMCI,SUPER MICRO COMPUTER INC,91907,953.27454,0.999563128003495,4578
202503,4,RIVN,RIVIAN AUTOMOTIVE INC,22265,949.9234,0.9993446920052425,4578
202503,5,RGTI,RIGETTI COMPUTING INC,21007,949.5568,0.9991262560069899,4578
202503,6,QUBT,QUANTUM COMPUTING INC,21754,948.87,0.9989078200087375,4578
202503,7,OKLO,OKLO INC,21619,937.74756,0.9986893840104849,4578
202503,8,INTC,INTEL CORP,59328,936.09546,0.9984709480122325,4578
202503,9,SOUN,SOUNDHOUND AI INC,23054,934.2181,0.9982525120139799,4578
202503,10,TEM,TEMPUS A I INC,25142,932.93494,0.9980340760157274,4578
202503,11,MARA,MARA HOLDINGS INC,14813,910.9193,0.9978156400174749,4578
202503,12,PLTR,PALANTIR TECHNOLOGIES INC,19788,910.83435,0.9975972040192224,4578
202503,13,F,FORD MOTOR CO DEL,25785,907.0333,0.9973787680209698,4578
202503,14,NIO,N I O INC,18087,903.42957,0.9971603320227174,4578
202503,15,BBAI,BIGBEAR AI HOLDINGS INC,21053,900.35974,0.9969418960244648,4578
202503,16,MPW,MEDICAL PROPERTIES TRUST INC,90790,897.1879,0.9967234600262124,4578
202503,17,SOFI,SOFI TECHNOLOGIES INC,20067,894.65515,0.9965050240279598,4578
202503,18,KSS,KOHLS CORP,77606,888.45984,0.9962865880297073,4578
202503,19,GRRR,GORILLA TECHNOLOGY GROUP INC,23226,884.6981,0.9960681520314548,4578
202503,20,LUNR,INTUITIVE MACHINES INC,22313,884.675,0.9958497160332023,4578
202503,21,LCID,LUCID GROUP INC,19751,883.5345,0.9956312800349497,4578
202503,22,MSTR,STRATEGY INC,86211,881.8706,0.9954128440366973,4578
202503,23,RDFN,REDFIN CORP,16829,881.452,0.9951944080384447,4578
202503,24,DJT,TRUMP MEDIA & TECH GRP CORP,21927,881.205,0.9949759720401922,4578
202503,25,DG,DOLLAR GENERAL CORP NEW,93096,880.3055,0.9947575360419397,4578
202504,1,HTZ,HERTZ GLOBAL HOLDINGS INC NEW,16086,983.8257,1.0,4608
202504,2,SOFI,SOFI TECHNOLOGIES INC,20067,952.0657,0.9997829861111112,4608
202504,3,SMCI,SUPER MICRO COMPUTER INC,91907,947.5359,0.9995659722222222,4608
202504,4,RIVN,RIVIAN AUTOMOTIVE INC,22265,947.31946,0.9993489583333334,4608
202504,5,PLTR,PALANTIR TECHNOLOGIES INC,19788,945.2143,0.9991319444444444,4608
202504,6,SOUN,SOUNDHOUND AI INC,23054,942.5716,0.9989149305555556,4608
202504,7,QBTS,D WAVE QUANTUM INC,23263,932.3721,0.9986979166666666,4608
202504,8,F,FORD MOTOR CO DEL,25785,926.55994,0.9984809027777778,4608
202504,9,SNAP,SNAP INC,16595,925.02966,0.9982638888888888,4608
202504,10,MARA,MARA HOLDINGS INC,14813,924.57764,0.998046875,4608
202504,11,RGTI,RIGETTI COMPUTING INC,21007,924.3995,0.9978298611111112,4608
202504,12,BBAI,BIGBEAR AI HOLDINGS INC,21053,923.24316,0.9976128472222222,4608
202504,13,HIMS,HIMS & HERS HEALTH INC,18938,920.67914,0.9973958333333334,4608
202504,14,RXRX,RECURSION PHARMACEUTICALS INC,20898,917.4296,0.9971788194444444,4608
202504,15,LCID,LUCID GROUP INC,19751,914.3069,0.9969618055555556,4608
202504,16,HOOD,ROBINHOOD MARKETS INC,21723,914.1557,0.9967447916666666,4608
202504,17,INTC,INTEL CORP,59328,912.5208,0.9965277777777778,4608
202504,18,DJT,TRUMP MEDIA & TECH GRP CORP,21927,911.90204,0.9963107638888888,4608
202504,19,TEM,TEMPUS A I INC,25142,907.6774,0.99609375,4608
202504,20,TSLA,TESLA INC,93436,901.20184,0.9958767361111112,4608
202504,21,IONQ,IONQ INC,20357,895.71497,0.9956597222222222,4608
202504,22,CELH,CELSIUS HOLDINGS INC,93263,895.5632,0.9954427083333334,4608
202504,23,AAL,AMERICAN AIRLINES GROUP INC,21020,895.36743,0.9952256944444444,4608
202504,24,RKLB,ROCKET LAB CORP,20178,890.24615,0.9950086805555556,4608
202504,25,CLSK,CLEANSPARK INC,19187,886.2567,0.9947916666666666,4608
202505,1,QBTS,D WAVE QUANTUM INC,23263,1044.0929,1.0,4555
202505,2,SMCI,SUPER MICRO COMPUTER INC,91907,1002.75385,0.9997804610318332,4555
202505,3,SOUN,SOUNDHOUND AI INC,23054,994.09576,0.9995609220636663,4555
202505,4,RGTI,RIGETTI COMPUTING INC,21007,988.2028,0.9993413830954995,4555
202505,5,OKLO,OKLO INC,21619,986.8469,0.9991218441273326,4555
202505,6,BBAI,BIGBEAR AI HOLDINGS INC,21053,977.0313,0.9989023051591658,4555
202505,7,QUBT,QUANTUM COMPUTING INC,21754,973.289,0.9986827661909989,4555
202505,8,HIMS,HIMS & HERS HEALTH INC,18938,970.8703,0.9984632272228321,4555
202505,9,COIN,COINBASE GLOBAL INC,20892,961.51227,0.9982436882546653,4555
202505,10,IONQ,IONQ INC,20357,959.4519,0.9980241492864984,4555
202505,11,SMR,NUSCALE POWER CORP,20325,954.36224,0.9978046103183315,4555
202505,12,CRWV,COREWEAVE INC,26444,945.2755,0.9975850713501646,4555
202505,13,AAP,ADVANCE AUTO PARTS INC,89217,941.9942,0.9973655323819978,4555
202505,14,SNAP,SNAP INC,16595,939.18335,0.9971459934138309,4555
202505,15,RIVN,RIVIAN AUTOMOTIVE INC,22265,934.785,0.9969264544456641,4555
202505,16,AI,C3 AI INC,20193,933.671,0.9967069154774972,4555
202505,17,MARA,MARA HOLDINGS INC,14813,926.152,0.9964873765093304,4555
202505,18,PONY,PONY AI INC,25862,923.5106,0.9962678375411635,4555
202505,19,LYFT,LYFT INC,18452,919.3235,0.9960482985729967,4555
202505,20,ELF,E L F BEAUTY INC,16318,916.573,0.9958287596048299,4555
202505,21,AMC,A M C ENTERTAINMENT HOLDINGS INC,14328,916.00354,0.995609220636663,4555
202505,22,TEM,TEMPUS A I INC,25142,914.93744,0.9953896816684962,4555
202505,23,HOOD,ROBINHOOD MARKETS INC,21723,913.4288,0.9951701427003293,4555
202505,24,LCID,LUCID GROUP INC,19751,911.56793,0.9949506037321625,4555
202505,25,TTD,TRADE DESK INC,16309,906.1324,0.9947310647639956,4555
202506,1,BBAI,BIGBEAR AI HOLDINGS INC,21053,1017.3334,1.0,4679
202506,2,SOUN,SOUNDHOUND AI INC,23054,992.422,0.9997862791194699,4679
202506,3,QS,QUANTUMSCAPE CORP,19599,983.18005,0.99957255823894,4679
202506,4,QBTS,D WAVE QUANTUM INC,23263,981.76697,0.9993588373584099,4679
202506,5,SMCI,SUPER MICRO COMPUTER INC,91907,973.3565,0.9991451164778798,4679
202506,6,OSCR,OSCAR HEALTH INC,20646,972.57153,0.9989313955973499,4679
202506,7,QUBT,QUANTUM COMPUTING INC,21754,968.64484,0.9987176747168198,4679
202506,8,MARA,MARA HOLDINGS INC,14813,964.87665,0.9985039538362898,4679
202506,9,SOFI,SOFI TECHNOLOGIES INC,20067,959.5964,0.9982902329557598,4679
202506,10,SNAP,SNAP INC,16595,959.1405,0.9980765120752297,4679
202506,11,NVTS,NAVITAS SEMICONDUCTOR CORP,20381,956.7272,0.9978627911946997,4679
202506,12,CRWV,COREWEAVE INC,26444,956.363,0.9976490703141697,4679
202506,13,COIN,COINBASE GLOBAL INC,20892,955.7831,0.9974353494336397,4679
202506,14,OKLO,OKLO INC,21619,953.81,0.9972216285531096,4679
202506,15,RGTI,RIGETTI COMPUTING INC,21007,952.8309,0.9970079076725796,4679
202506,16,APLD,APPLIED DIGITAL CORP,89986,950.9562,0.9967941867920496,4679
202506,17,ASTS,A S T SPACEMOBILE INC,19076,948.66815,0.9965804659115196,4679
202506,18,TEM,TEMPUS A I INC,25142,948.2198,0.9963667450309895,4679
202506,19,HOOD,ROBINHOOD MARKETS INC,21723,940.79944,0.9961530241504595,4679
202506,20,SMR,NUSCALE POWER CORP,20325,934.2325,0.9959393032699295,4679
202506,21,RKLB,ROCKET LAB CORP,20178,933.58813,0.9957255823893995,4679
202506,22,PLUG,PLUG POWER INC,87337,931.701,0.9955118615088694,4679
202506,23,CLSK,CLEANSPARK INC,19187,929.9658,0.9952981406283394,4679
202506,24,RIOT,RIOT PLATFORMS INC,92213,927.73126,0.9950844197478094,4679
202506,25,MP,M P MATERIALS CORP,19433,927.617,0.9948706988672793,4679
202507,1,OPEN,OPENDOOR TECHNOLOGIES INC,19455,1039.0999,1.0,4673
202507,2,QBTS,D WAVE QUANTUM INC,23263,996.9044,0.9997860047078965,4673
202507,3,BBAI,BIGBEAR AI HOLDINGS INC,21053,996.01984,0.9995720094157928,4673
202507,4,RGTI,RIGETTI COMPUTING INC,21007,994.27625,0.9993580141236893,4673
202507,5,APLD,APPLIED DIGITAL CORP,89986,987.9081,0.9991440188315857,4673
202507,6,SMCI,SUPER MICRO COMPUTER INC,91907,985.9117,0.9989300235394821,4673
202507,7,MP,M P MATERIALS CORP,19433,981.4869,0.9987160282473786,4673
202507,8,SOUN,SOUNDHOUND AI INC,23054,981.2425,0.998502032955275,4673
202507,9,QS,QUANTUMSCAPE CORP,19599,976.6676,0.9982880376631714,4673
202507,10,OKLO,OKLO INC,21619,970.83417,0.9980740423710678,4673
202507,11,OSCR,OSCAR HEALTH INC,20646,969.6739,0.9978600470789643,4673
202507,12,KSS,KOHLS CORP,77606,968.8628,0.9976460517868607,4673
202507,13,SNAP,SNAP INC,16595,961.6987,0.9974320564947571,4673
202507,14,JOBY,JOBY AVIATION INC,20126,960.59863,0.9972180612026535,4673
202507,15,PLUG,PLUG POWER INC,87337,959.3929,0.99700406591055,4673
202507,16,HIMS,HIMS & HERS HEALTH INC,18938,958.7119,0.9967900706184464,4673
202507,17,NVTS,NAVITAS SEMICONDUCTOR CORP,20381,949.0382,0.9965760753263428,4673
202507,18,CLF,CLEVELAND CLIFFS INC NEW,27422,947.2085,0.9963620800342392,4673
202507,19,MARA,MARA HOLDINGS INC,14813,943.28925,0.9961480847421357,4673
202507,20,SOFI,SOFI TECHNOLOGIES INC,20067,942.7298,0.9959340894500321,4673
202507,21,SMR,NUSCALE POWER CORP,20325,940.6117,0.9957200941579285,4673
202507,22,LCID,LUCID GROUP INC,19751,930.6855,0.995506098865825,4673
202507,23,UPST,UPSTART HOLDINGS INC,20196,930.3278,0.9952921035737213,4673
202507,24,CIFR,CIPHER MINING INC,20295,930.19727,0.9950781082816178,4673
202507,25,WOLF,WOLFSPEED INC NEW,78875,927.9212,0.9948641129895143,4673
202508,1,OPEN,OPENDOOR TECHNOLOGIES INC,19455,1021.678,1.0,4643
202508,2,SOUN,SOUNDHOUND AI INC,23054,997.50494,0.9997846220116304,4643
202508,3,WULF,TERAWULF INC,87759,971.46375,0.9995692440232609,4643
202508,4,RGTI,RIGETTI COMPUTING INC,21007,962.1105,0.9993538660348912,4643
202508,5,BBAI,BIGBEAR AI HOLDINGS INC,21053,960.9871,0.9991384880465216,4643
202508,6,RUN,SUNRUN INC,15643,956.8178,0.998923110058152,4643
202508,7,APLD,APPLIED DIGITAL CORP,89986,951.3165,0.9987077320697825,4643
202508,8,OKLO,OKLO INC,21619,947.88806,0.9984923540814129,4643
202508,9,MP,M P MATERIALS CORP,19433,944.8712,0.9982769760930433,4643
202508,10,TEM,TEMPUS A I INC,25142,944.4533,0.9980615981046737,4643
202508,11,KSS,KOHLS CORP,77606,943.94855,0.9978462201163041,4643
202508,12,RIVN,RIVIAN AUTOMOTIVE INC,22265,933.6029,0.9976308421279345,4643
202508,13,TLRY,TILRAY BRANDS INC,17977,930.50714,0.997415464139565,4643
202508,14,NIO,N I O INC,18087,927.64435,0.9972000861511954,4643
202508,15,IREN,IREN LTD,22316,917.4264,0.9969847081628258,4643
202508,16,JOBY,JOBY AVIATION INC,20126,916.43756,0.9967693301744561,4643
202508,17,QBTS,D WAVE QUANTUM INC,23263,913.6028,0.9965539521860866,4643
202508,18,CGC,CANOPY GROWTH CORP,17827,912.705,0.996338574197717,4643
202508,19,MARA,MARA HOLDINGS INC,14813,912.3612,0.9961231962093474,4643
202508,20,QS,QUANTUMSCAPE CORP,19599,911.61945,0.9959078182209778,4643
202508,21,MDB,MONGODB INC,16968,911.6018,0.9956924402326083,4643
202508,22,RKT,ROCKET COMPANIES INC,19577,911.1525,0.9954770622442386,4643
202508,23,OSCR,OSCAR HEALTH INC,20646,908.8757,0.995261684255869,4643
202508,24,U,UNITY SOFTWARE INC,19794,907.74506,0.9950463062674995,4643
202508,25,RDDT,REDDIT INC,24876,906.7734,0.9948309282791299,4643
202509,1,SOUN,SOUNDHOUND AI INC,23054,850.1659,1.0,4572
202509,2,OPEN,OPENDOOR TECHNOLOGIES INC,19455,845.73413,0.9997812773403325,4572
202509,3,RGTI,RIGETTI COMPUTING INC,21007,833.085,0.9995625546806649,4572
202509,4,WBD,WARNER BROS DISCOVERY INC,22976,831.17834,0.9993438320209974,4572
202509,5,LAC,LITHIUM AMERICAS CORP NEW,24422,830.2018,0.9991251093613298,4572
202509,6,QBTS,D WAVE QUANTUM INC,23263,822.62103,0.9989063867016623,4572
202509,7,PLUG,PLUG POWER INC,87337,821.9776,0.9986876640419947,4572
202509,8,EOSE,EOS ENERGY ENTERPRISES INC,19416,818.1556,0.9984689413823272,4572
202509,9,BBAI,BIGBEAR AI HOLDINGS INC,21053,812.88605,0.9982502187226596,4572
202509,10,RIVN,RIVIAN AUTOMOTIVE INC,22265,810.6222,0.9980314960629921,4572
202509,11,OKLO,OKLO INC,21619,803.7373,0.9978127734033246,4572
202509,12,JOBY,JOBY AVIATION INC,20126,803.36414,0.997594050743657,4572
202509,13,MARA,MARA HOLDINGS INC,14813,799.7057,0.9973753280839895,4572
202509,14,QS,QUANTUMSCAPE CORP,19599,797.03204,0.9971566054243219,4572
202509,15,CLF,CLEVELAND CLIFFS INC NEW,27422,796.8924,0.9969378827646544,4572
202509,16,RKT,ROCKET COMPANIES INC,19577,796.807,0.9967191601049868,4572
202509,17,APLD,APPLIED DIGITAL CORP,89986,793.9736,0.9965004374453194,4572
202509,18,APP,APPLOVIN CORP,20894,791.5264,0.9962817147856518,4572
202509,19,CIFR,CIPHER MINING INC,20295,790.7278,0.9960629921259843,4572
202509,20,AEO,AMERICAN EAGLE OUTFITTERS INC NE,80432,786.629,0.9958442694663167,4572
202509,21,RR,RICHTECH ROBOTICS INC,24511,784.7712,0.9956255468066492,4572
202509,22,TLRY,TILRAY BRANDS INC,17977,784.37756,0.9954068241469817,4572
202509,23,LCID,LUCID GROUP INC,19751,783.02716,0.9951881014873141,4572
202509,24,INTC,INTEL CORP,59328,780.9118,0.9949693788276466,4572
202509,25,HIMS,HIMS & HERS HEALTH INC,18938,779.616,0.994750656167979,4572
202510,1,NOK,NOKIA CORP,87128,840.33,1.0,4582
202510,2,OPEN,OPENDOOR TECHNOLOGIES INC,19455,832.6992,0.9997817546922741,4582
202510,3,BBAI,BIGBEAR AI HOLDINGS INC,21053,830.63617,0.9995635093845482,4582
202510,4,SOUN,SOUNDHOUND AI INC,23054,825.49274,0.9993452640768223,4582
202510,5,PLUG,PLUG POWER INC,87337,817.8559,0.9991270187690965,4582
202510,6,LAC,LITHIUM AMERICAS CORP NEW,24422,816.4573,0.9989087734613706,4582
202510,7,NVTS,NAVITAS SEMICONDUCTOR CORP,20381,809.6133,0.9986905281536447,4582
202510,8,PATH,UIPATH INC,20972,806.4797,0.9984722828459188,4582
202510,9,EOSE,EOS ENERGY ENTERPRISES INC,19416,802.74976,0.998254037538193,4582
202510,10,RXRX,RECURSION PHARMACEUTICALS INC,20898,800.7833,0.998035792230467,4582
202510,11,QBTS,D WAVE QUANTUM INC,23263,800.38116,0.9978175469227412,4582
202510,12,QS,QUANTUMSCAPE CORP,19599,799.5334,0.9975993016150153,4582
202510,13,LAES,SEALSQ CORP,23936,797.23065,0.9973810563072893,4582
202510,14,F,FORD MOTOR CO DEL,25785,797.18805,0.9971628109995635,4582
202510,15,RGTI,RIGETTI COMPUTING INC,21007,796.0566,0.9969445656918376,4582
202510,16,ACHR,ARCHER AVIATION INC,20207,795.28723,0.9967263203841118,4582
202510,17,AAL,AMERICAN AIRLINES GROUP INC,21020,791.12286,0.9965080750763858,4582
202510,18,TLRY,TILRAY BRANDS INC,17977,788.8817,0.99628982976866,4582
202510,19,RR,RICHTECH ROBOTICS INC,24511,787.82043,0.9960715844609341,4582
202510,20,CLF,CLEVELAND CLIFFS INC NEW,27422,786.2351,0.9958533391532082,4582
202510,21,BITF,BITFARMS LTD,21519,782.8151,0.9956350938454823,4582
202510,22,APLD,APPLIED DIGITAL CORP,89986,781.2939,0.9954168485377565,4582
202510,23,OKLO,OKLO INC,21619,780.1271,0.9951986032300305,4582
202510,24,WBD,WARNER BROS DISCOVERY INC,22976,776.2258,0.9949803579223047,4582
202510,25,JOBY,JOBY AVIATION INC,20126,775.7456,0.9947621126145788,4582
202511,1,RIVN,RIVIAN AUTOMOTIVE INC,22265,835.7458,1.0,4491
202511,2,BBAI,BIGBEAR AI HOLDINGS INC,21053,828.3166,0.9997773324426631,4491
202511,3,OPEN,OPENDOOR TECHNOLOGIES INC,19455,826.3916,0.9995546648853262,4491
202511,4,EOSE,EOS ENERGY ENTERPRISES INC,19416,792.3766,0.9993319973279893,4491
202511,5,PLUG,PLUG POWER INC,87337,792.0055,0.9991093297706524,4491
202511,6,ONDS,ONDAS HOLDINGS INC,20312,788.6342,0.9988866622133156,4491
202511,7,ZIM,Z I M INTEGRATED SHIP SERV LTD,20410,783.52844,0.9986639946559787,4491
202511,8,LAC,LITHIUM AMERICAS CORP NEW,24422,776.27075,0.9984413270986418,4491
202511,9,RKT,ROCKET COMPANIES INC,19577,775.79565,0.9982186595413048,4491
202511,10,WBD,WARNER BROS DISCOVERY INC,22976,773.16486,0.9979959919839679,4491
202511,11,AAL,AMERICAN AIRLINES GROUP INC,21020,771.0118,0.997773324426631,4491
202511,12,SNAP,SNAP INC,16595,768.2072,0.9975506568692941,4491
202511,13,HIMS,HIMS & HERS HEALTH INC,18938,766.5133,0.9973279893119572,4491
202511,14,SOFI,SOFI TECHNOLOGIES INC,20067,766.1984,0.9971053217546203,4491
202511,15,PFE,PFIZER INC,21936,765.4846,0.9968826541972835,4491
202511,16,KVUE,KENVUE INC,23876,761.8263,0.9966599866399466,4491
202511,17,JOBY,JOBY AVIATION INC,20126,758.0927,0.9964373190826097,4491
202511,18,RXRX,RECURSION PHARMACEUTICALS INC,20898,757.3781,0.9962146515252728,4491
202511,19,NVTS,NAVITAS SEMICONDUCTOR CORP,20381,757.06226,0.9959919839679359,4491
202511,20,NOK,NOKIA CORP,87128,754.91956,0.995769316410599,4491
202511,21,ACHR,ARCHER AVIATION INC,20207,754.0483,0.995546648853262,4491
202511,22,KSS,KOHLS CORP,77606,753.64276,0.9953239812959251,4491
202511,23,QS,QUANTUMSCAPE CORP,19599,752.7935,0.9951013137385882,4491
202511,24,QBTS,D WAVE QUANTUM INC,23263,752.6021,0.9948786461812514,4491
202511,25,OSCR,OSCAR HEALTH INC,20646,750.78845,0.9946559786239145,4491
202512,1,RIVN,RIVIAN AUTOMOTIVE INC,22265,854.8282,1.0,4479
202512,2,LUNR,INTUITIVE MACHINES INC,22313,808.7728,0.9997767358785443,4479
202512,3,PATH,UIPATH INC,20972,806.83484,0.9995534717570886,4479
202512,4,AAL,AMERICAN AIRLINES GROUP INC,21020,800.18555,0.999330207635633,4479
202512,5,WBD,WARNER BROS DISCOVERY INC,22976,797.68713,0.9991069435141773,4479
202512,6,OPEN,OPENDOOR TECHNOLOGIES INC,19455,791.7549,0.9988836793927216,4479
202512,7,KVUE,KENVUE INC,23876,791.3182,0.9986604152712659,4479
202512,8,ZIM,Z I M INTEGRATED SHIP SERV LTD,20410,790.3538,0.9984371511498102,4479
202512,9,BBAI,BIGBEAR AI HOLDINGS INC,21053,790.2943,0.9982138870283546,4479
202512,10,ONDS,ONDAS HOLDINGS INC,20312,786.9093,0.9979906229068989,4479
202512,11,DJT,TRUMP MEDIA & TECH GRP CORP,21927,781.5878,0.9977673587854432,4479
202512,12,PLUG,PLUG POWER INC,87337,775.4541,0.9975440946639875,4479
202512,13,QBTS,D WAVE QUANTUM INC,23263,772.3033,0.9973208305425318,4479
202512,14,TE,T1 ENERGY INC,21692,764.88184,0.9970975664210762,4479
202512,15,TLRY,TILRAY BRANDS INC,17977,764.8417,0.9968743022996205,4479
202512,16,SNAP,SNAP INC,16595,764.6468,0.9966510381781648,4479
202512,17,ASTS,A S T SPACEMOBILE INC,19076,763.6072,0.9964277740567091,4479
202512,18,SIDU,SIDUS SPACE INC,22602,761.6305,0.9962045099352534,4479
202512,19,RKLB,ROCKET LAB CORP,20178,754.65967,0.9959812458137978,4479
202512,20,MRNA,MODERNA INC,18312,754.0943,0.9957579816923421,4479
202512,21,ACHR,ARCHER AVIATION INC,20207,753.63153,0.9955347175708864,4479
202512,22,WU,WESTERN UNION CO,91461,753.3505,0.9953114534494307,4479
202512,23,PL,PLANET LABS P B C,20919,752.8576,0.995088189327975,4479
202512,24,CGC,CANOPY GROWTH CORP,17827,751.90643,0.9948649252065193,4479
202512,25,SOUN,SOUNDHOUND AI INC,23054,751.128,0.9946416610850636,4479
