date,R2,SignedR2,TSlope,Slope,Mom12m,Mom6m,IntMom,LRreversal,MRreversal,High52,MomVol,IndMom,ResidualMom,TrendFactor
1967-07-31,-0.04801552,-0.03451881,-0.03451881,0.00559436,-0.01162866,0.03320515,-0.02192747,0.00105332,-0.04266481,0.00187770,-0.00413591,0.03045701,-0.00788290,0.01926602
1967-08-31,-0.00915112,-0.00940514,-0.00940514,-0.00799836,-0.01017406,-0.01280311,-0.01571091,0.00186187,-0.00884308,0.00699498,-0.01339145,-0.00069390,0.00286100,-0.01330609
1967-09-30,0.02289146,0.02248597,0.02248597,0.00593842,-0.00314259,0.02350893,-0.01793248,0.02123192,-0.00853370,0.02070555,0.01593904,0.04789684,0.00766618,0.04920239
1967-10-31,0.04858928,0.04790971,0.04790971,0.06024726,0.08656144,0.06247549,0.03489100,0.01435361,-0.02937343,0.05849235,0.06382397,0.08102669,0.04850129,0.08592486
1967-11-30,0.01486263,0.00422085,0.00422085,0.01410026,0.00234064,-0.01777358,0.01419618,-0.00939741,-0.02844323,-0.01655289,-0.03112029,0.00906503,0.01790844,-0.01466837
1967-12-31,0.00494545,0.01117516,0.01117516,0.05240018,0.05303842,0.02663931,0.08280315,0.03777299,0.01591296,-0.00796361,0.04934698,0.03791768,0.05386490,0.00124226
1968-01-31,-0.03745276,-0.07284730,-0.07284730,-0.09526564,-0.09775649,-0.03562417,-0.08031894,0.12912237,0.12297978,0.03192096,-0.08889027,-0.01740372,-0.04171731,-0.00770520
1968-02-29,-0.02129417,-0.00894139,-0.00894139,-0.06222289,-0.08038154,-0.05810101,-0.07725605,0.03077375,0.08963854,0.02863347,-0.07124067,-0.06712147,-0.07784698,-0.06255148
1968-03-31,0.03557270,0.06805801,0.06805801,0.07157389,0.00162183,-0.00013634,0.03179985,-0.02545096,-0.02289950,-0.02854136,0.05336672,0.02036523,0.00706011,-0.09413136
1968-04-30,0.07836893,0.10995738,0.10995738,0.12832248,0.09196220,0.03826625,0.16461270,-0.02408545,-0.06520430,-0.06200217,0.06113147,0.13672903,0.08216213,-0.05219138
1968-05-31,0.07101434,0.06342141,0.06342141,0.09409409,0.09509902,0.07950768,0.06886197,-0.00598533,-0.05698113,-0.01302610,0.01425122,0.08112341,0.08866699,0.04793585
1968-06-30,0.00222853,0.01053116,0.01053116,0.00327917,-0.04741023,-0.02452498,-0.03968694,0.04554193,0.05730142,0.03677650,-0.04826159,-0.05239649,-0.01466652,-0.00896671
1968-07-31,-0.02247727,-0.00341373,-0.00341373,-0.01722434,-0.00995851,0.02846305,-0.01388423,0.07297141,0.10093762,0.08365201,-0.03904306,-0.01019864,0.01468873,0.07039752
1968-08-31,0.03546493,0.03707324,0.03707324,0.03210703,0.03049894,0.05316203,0.01858633,0.02314988,0.00637432,0.00694407,0.01780689,0.06876476,0.05954983,0.04270424
1968-09-30,0.01743566,0.00156468,0.00156468,0.03394675,0.01522091,0.03874470,0.01200558,0.03715385,-0.04528639,0.03155924,0.00809661,0.05420273,0.02231600,0.05084924
1968-10-31,0.00363299,-0.00339120,-0.00339120,-0.03771861,-0.05156025,-0.03728369,-0.03102394,0.01146816,0.03969446,0.05587866,-0.05177061,0.01434778,-0.03826916,0.02503222
1968-11-30,0.00027584,-0.00166151,-0.00166151,0.03692955,0.03731767,0.02844870,0.04319543,-0.02677273,-0.05802288,-0.04515819,0.02154199,-0.02581987,0.04036112,0.02403659
1968-12-31,0.00170536,0.00201409,0.00201409,0.00645740,0.00974460,0.00959874,0.02223458,0.01679318,-0.01286683,0.02081361,-0.00932457,-0.00498608,0.01914880,0.02112310
1969-01-31,0.00621571,0.01051296,0.01051296,0.00386833,0.00342690,0.02431318,-0.00793961,0.00521922,0.00798256,0.00793628,0.00046277,-0.02277974,0.00292136,-0.00070906
1969-02-28,0.00500806,0.01197900,0.01197900,-0.03373306,-0.04468365,-0.07772234,-0.03542439,0.03205818,0.06745941,-0.02682112,-0.04193887,-0.05285002,-0.02795956,-0.08510881
1969-03-31,0.02926635,0.04375757,0.04375757,0.07767799,0.07479486,0.02540945,0.05643103,0.01457570,-0.03152491,-0.01045140,0.08482338,0.00488607,0.07331074,0.01492015
1969-04-30,-0.00291084,-0.00913880,-0.00913880,0.02536171,0.02441860,0.04865554,0.04161633,-0.00244907,-0.03136407,-0.01643060,0.02191466,0.02334192,0.02672109,0.01507320
1969-05-31,0.02043599,0.02772909,0.02772909,0.06743288,0.08285333,0.04590863,0.05700281,0.00066183,0.00620701,0.02265967,0.01028972,0.00796848,0.10293864,0.02368175
1969-06-30,-0.04841823,-0.01534857,-0.01534857,-0.03199995,-0.04161274,-0.01954016,-0.07826056,-0.02249568,0.01465387,0.01516301,-0.01697563,-0.07048901,-0.04112757,-0.01735605
1969-07-31,-0.00151496,0.06514701,0.06514701,0.04541958,0.04817132,0.04160472,-0.00495239,0.03953961,0.05452813,0.02139293,0.01629016,-0.01455962,0.06008319,0.00116522
1969-08-31,0.04428858,0.03078679,0.03078679,0.03440403,0.03106256,-0.02757546,0.03691911,-0.02922352,-0.06434525,-0.03231826,0.01182413,0.05303899,0.04643836,-0.01947985
1969-09-30,-0.02944712,0.02818803,0.02818803,0.00372385,0.00927700,0.03932805,-0.04055029,0.00425609,0.02571472,0.02347488,-0.04000062,-0.05545693,-0.00680844,0.02312929
1969-10-31,0.02916215,-0.00250166,-0.00250166,-0.06295654,-0.06614942,-0.07566027,-0.04500918,0.00293289,-0.01286026,-0.01675724,-0.00758480,-0.02648043,-0.04630995,-0.02241014
1969-11-30,-0.01683645,0.04145611,0.04145611,0.07547142,0.04935904,0.03031762,0.04248586,0.00455893,-0.01187585,0.01728119,0.01325696,0.01775509,0.04298527,-0.02043934
1969-12-31,-0.00891175,0.07177195,0.07177195,0.08437646,0.07723288,0.07053512,0.05855947,0.01127829,-0.00809273,0.01564014,0.06885136,0.03580351,0.06040856,0.02822390
1970-01-31,0.00903345,-0.02181827,-0.02181827,-0.00056661,-0.01100087,0.00634973,0.02373418,0.05508880,0.07274754,0.04354606,-0.03971077,0.00186332,-0.03120893,0.04275523
1970-02-28,-0.00596139,-0.03058841,-0.03058841,-0.01460664,-0.03020656,-0.03581021,-0.03215427,0.05880857,0.04957910,-0.02773947,0.00245981,-0.02649212,-0.01170858,-0.04126687
1970-03-31,-0.02695088,-0.03208974,-0.03208974,-0.01467722,-0.01941657,0.00056072,0.01417606,-0.00553984,0.02182135,-0.01711466,-0.00749865,-0.00768654,-0.02911380,0.00460146
1970-04-30,0.03966651,-0.03857863,-0.03857863,0.03929140,0.06233164,0.05903912,0.06873283,0.01675702,0.11106079,0.01570409,0.03733435,0.01952123,0.01518446,0.09105466
1970-05-31,0.08511996,-0.09130701,-0.09130701,0.00651121,-0.01483877,-0.00395488,-0.02842684,0.00571902,0.00790700,-0.02692092,-0.00979449,0.02067202,-0.01995690,0.02554435
1970-06-30,0.02105165,0.03639907,0.03639907,0.08619508,0.09969801,0.11100787,0.05131988,0.09290007,-0.02736855,0.01457328,0.00888937,0.02486107,0.09705289,0.05940271
1970-07-31,0.07548228,-0.06293497,-0.06293497,-0.05480633,-0.04312487,0.00639374,-0.06559277,0.00811623,-0.01804772,0.01843386,0.00366443,-0.04052050,-0.05903769,0.02477950
1970-08-31,0.11638196,-0.09501686,-0.09501686,-0.11669354,-0.12424417,-0.09869328,-0.03961783,-0.04804469,0.01949029,-0.06050714,-0.07598533,-0.02591917,-0.10369763,-0.04160566
1970-09-30,0.10751558,-0.10223265,-0.10223265,-0.19038170,-0.18014836,-0.16383288,0.03532393,-0.03053040,-0.00785081,-0.15984138,-0.15959329,-0.11403140,-0.12760691,-0.07055606
1970-10-31,-0.09400962,0.10366842,0.10366842,0.15975276,0.12005341,0.11759540,0.03448957,-0.00542025,-0.02496925,0.05808333,0.08652375,0.02483927,0.07594720,-0.03410163
1970-11-30,-0.02642282,0.02621773,0.02621773,0.02076269,0.03240773,0.01465447,0.03717839,-0.01295044,-0.02045972,0.03999342,0.05078391,0.03868803,0.03143276,0.01082334
1970-12-31,0.01613273,-0.05596640,-0.05596640,-0.03121180,-0.03785549,-0.09267465,-0.01476737,0.06262223,0.01194572,-0.01514634,-0.04746572,-0.01061858,-0.06313020,-0.07860702
1971-01-31,-0.02926586,-0.06172180,-0.06172180,-0.07749207,-0.07655914,0.01432825,-0.08288230,-0.00508680,0.10657208,-0.06195407,-0.09690016,-0.04934286,-0.06533951,-0.00210594
1971-02-28,0.05916401,0.02074580,0.02074580,-0.02445619,-0.03622321,-0.00408943,-0.00185404,0.00700041,-0.02336185,-0.03276552,-0.03443796,0.01709274,-0.03202520,-0.01351905
1971-03-31,-0.02161860,-0.03095172,-0.03095172,-0.00560568,-0.01624920,0.03968849,-0.05702330,-0.02688401,-0.00182358,-0.02308478,-0.03580320,-0.06074511,-0.02163662,0.02663110
1971-04-30,0.01373508,0.01925766,0.01925766,0.02429158,-0.00851730,0.02624253,0.00026601,-0.01598030,0.02084456,0.00930306,0.03367445,0.02600742,-0.01083012,-0.01042740
1971-05-31,0.02539649,0.02682750,0.02682750,0.02243181,0.02275680,0.00224796,0.00700382,-0.02799348,-0.03495417,-0.00969956,0.01358475,0.02000856,0.02046485,-0.00707323
1971-06-30,0.06985821,0.05926808,0.05926808,0.02779680,0.04804982,-0.02184590,0.05904347,-0.04591221,-0.03525575,0.00559899,0.05176198,-0.05178328,0.07494421,0.01814246
1971-07-31,0.00993732,0.01201714,0.01201714,-0.04918535,-0.03330317,-0.05334440,-0.00376693,-0.00454925,-0.08065264,0.05526464,-0.04016351,-0.01458522,0.03222630,-0.00065939
1971-08-31,0.03597906,0.03001707,0.03001707,0.10051515,0.05295300,0.00189628,0.09837155,0.00072883,0.04562902,-0.05066430,0.02919781,0.11729207,0.02966588,-0.05071427
1971-09-30,0.01217371,0.03021629,0.03021629,0.05126300,0.03245081,0.04556043,0.02360952,-0.01565144,-0.03127403,0.00769056,0.02748000,0.01908470,0.07786519,-0.00259618
1971-10-31,-0.00663120,0.04555494,0.04555494,0.03221238,0.03563398,0.06522177,-0.00166553,-0.00824994,-0.01176137,0.01884091,0.01593965,0.02224773,0.07572283,0.05286588
1971-11-30,0.02736207,0.03461318,0.03461318,0.04046381,0.05339641,0.01275234,0.04581632,-0.04389219,-0.01683429,0.00951192,0.05793532,0.01004710,0.04581309,0.01064514
1971-12-31,0.01511447,-0.00180615,-0.00180615,-0.01864206,-0.04263886,-0.04654511,0.01849100,0.02603479,0.03853906,-0.01553876,-0.06129394,-0.00789015,-0.03279771,-0.05826217
1972-01-31,-0.00682395,0.00786320,0.00786320,0.01318516,0.08327401,0.02644310,0.10347994,0.05042820,0.12799627,-0.00649121,-0.03663303,0.03296287,0.06469565,0.05309567
1972-02-29,0.03033296,0.00884250,0.00884250,0.00280199,0.00044778,-0.01097825,0.01136572,-0.03199627,-0.05003445,0.00904799,-0.00825027,0.02173197,-0.00754366,-0.01579039
1972-03-31,0.02846655,0.04198265,0.04198265,0.02196574,0.01489657,0.01053269,0.03700865,0.03179816,-0.01496596,0.00359229,0.01739711,0.02622868,0.01981916,0.00640846
1972-04-30,0.00745241,0.00433466,0.00433466,-0.00810056,0.00781629,0.00598580,0.03076857,-0.00831889,0.01303042,0.00212992,0.01498745,0.00203601,-0.00738278,-0.01350590
1972-05-31,0.02897970,0.06439293,0.06439293,0.08632757,0.09612684,0.06586028,0.06105241,-0.06291628,-0.07038071,0.02396338,0.05551333,-0.03497692,0.08768310,0.02368204
1972-06-30,0.05239249,0.03838580,0.03838580,0.02388649,0.03851508,0.02010071,0.03981242,-0.00092892,-0.03718449,0.00839059,0.02225298,-0.00718857,0.03831137,-0.00538209
1972-07-31,0.05524805,0.04519797,0.04519797,-0.01113500,0.03969590,0.02066883,-0.00459161,-0.02044180,-0.00024940,0.04362343,0.04328721,-0.04230851,0.06714242,0.03190800
1972-08-31,-0.06208459,-0.07281980,-0.07281980,-0.10488607,-0.11153063,-0.06859939,-0.07325374,-0.01044140,0.04757128,0.01079687,-0.02098790,0.00153364,-0.07870640,-0.01956680
1972-09-30,0.02890649,0.03179053,0.03179053,0.03237664,0.04142558,0.04119125,-0.01508615,-0.00338286,-0.00493342,0.00905086,0.02403842,-0.00646778,0.04714950,0.00324800
1972-10-31,0.02786426,0.01760178,0.01760178,0.03120421,0.03124333,0.02586053,-0.02065814,-0.02815831,-0.00175350,-0.00241856,0.00322560,-0.01338832,0.03207382,-0.01667524
1972-11-30,-0.07656322,-0.09489768,-0.09489768,-0.08400039,-0.08251235,-0.07272902,-0.02363248,0.02514286,0.00664539,-0.02947690,-0.06735427,-0.03081410,-0.09417980,-0.05910471
1972-12-31,0.05651573,0.09670603,0.09670603,0.10951488,0.09008251,0.04306440,0.03150870,-0.04110113,-0.05988794,0.01905764,0.03989528,0.01302195,0.07988534,-0.00890408
1973-01-31,0.03337264,0.10791072,0.10791072,0.08926264,0.08669719,0.12086215,0.01330296,0.01134197,0.04400321,0.06222824,0.04436300,0.08311987,0.11003795,0.05670017
1973-02-28,-0.00283747,0.04604868,0.04604868,0.04445503,0.04645491,0.02500961,0.05952615,-0.01972276,0.05110437,0.03041668,0.01878924,0.01341188,0.03874742,0.04225903
1973-03-31,0.05738075,0.06118916,0.06118916,0.06924551,0.06375585,0.03741954,0.03124678,-0.00036674,0.01538113,0.03792437,0.03808868,0.04808993,0.05668578,0.03542313
1973-04-30,0.03600757,0.07511854,0.07511854,0.09927483,0.08553718,0.06297142,0.06843761,-0.02421079,0.09358625,0.06091498,0.04842172,0.08427139,0.07452864,0.04863682
1973-05-31,0.01339817,0.07449902,0.07449902,0.14203727,0.12568329,0.13833741,0.07182141,-0.05866809,0.01008295,0.04217600,0.09035409,0.00014190,0.11982275,0.04738097
1973-06-30,0.03885794,0.07070514,0.07070514,0.11013755,0.09183853,0.05279454,0.05083488,-0.02884534,0.02678544,0.05213669,0.01705475,0.08405271,0.09451162,-0.00211607
1973-07-31,-0.02307543,-0.10252036,-0.10252036,-0.14131864,-0.18104586,-0.19178992,-0.08069516,0.02480214,-0.07053024,-0.11515186,-0.11556593,-0.17790461,-0.16796825,-0.09059936
1973-08-31,-0.04671068,0.02686983,0.02686983,0.02450999,0.02897961,0.02126690,0.00970461,0.01007681,0.02146506,0.00346184,0.02494503,0.02110948,0.03158045,0.04339013
1973-09-30,0.08117357,-0.05750126,-0.05750126,-0.07796929,-0.05838351,-0.10683943,-0.03403958,0.07752604,0.04834942,-0.01560323,-0.05772116,-0.01709102,-0.06182628,0.00399251
1973-10-31,0.03585297,0.04480926,0.04480926,0.11782591,0.09425433,-0.03138100,0.06446878,-0.01374277,0.03923309,0.07349125,0.01729124,0.09774512,0.09591179,-0.00845475
1973-11-30,-0.01418690,0.12547417,0.12547417,0.16769004,0.16261175,0.09457417,0.20564889,-0.03965336,-0.01015677,0.07939661,0.11997063,0.06847899,0.15144949,0.08771247
1973-12-31,-0.01262814,0.12045015,0.12045015,0.08425189,0.08338501,0.11424069,0.05379967,-0.02145588,0.01391582,0.07303791,0.04342176,0.05877926,0.07615348,0.03823242
1974-01-31,-0.03457811,-0.11774473,-0.11774473,-0.17066527,-0.18936657,-0.12829853,-0.10299505,0.09485076,0.09885844,-0.07587331,-0.14694090,-0.09746489,-0.20250400,-0.12254335
1974-02-28,-0.00455188,0.03798633,0.03798633,0.02092163,0.03108052,-0.01655618,0.02049224,0.00930229,0.04863569,0.02334940,0.02396033,0.00064144,0.03639722,-0.01522816
1974-03-31,-0.01776166,-0.03629818,-0.03629818,-0.03790298,-0.07362970,-0.06448283,-0.00179810,-0.03142142,-0.00607632,-0.06213134,-0.03981547,-0.03357640,-0.07192337,-0.06209730
1974-04-30,-0.01108134,0.00155541,0.00155541,0.03724620,0.06652067,0.04805902,0.03424810,-0.01473690,-0.01360183,0.00129260,0.06428518,-0.01337206,0.08288880,0.03491552
1974-05-31,-0.01262882,-0.07378558,-0.07378558,-0.04006948,-0.03729555,-0.03691453,-0.02728317,-0.04807722,-0.05667809,-0.00755232,-0.00730419,-0.08891846,0.00366370,-0.02019902
1974-06-30,0.02141328,0.01668869,0.01668869,0.06821834,0.03784400,0.03129344,0.03476049,-0.02779522,-0.04550921,0.04140542,0.04335905,0.06198737,0.02538417,0.01436270
1974-07-31,-0.03365217,0.07172885,0.07172885,0.08694280,0.04308773,-0.03146263,0.09815252,0.06637072,0.02902410,0.02182281,0.03708557,0.00134053,0.01113193,0.01356726
1974-08-31,-0.00943551,0.00548673,0.00548673,0.04483135,0.03115830,0.02075268,0.03806768,-0.00096699,0.00540777,0.00690111,0.01327279,-0.00039981,0.04993617,0.01491719
1974-09-30,-0.06203705,0.04533696,0.04533696,-0.01707635,0.00669338,-0.00823906,0.02584677,0.10497020,0.12096749,0.05495591,0.04475700,-0.03496093,-0.04741639,0.02835547
1974-10-31,0.08380706,0.00893346,0.00893346,-0.00388625,-0.03666878,-0.08191365,0.01595955,-0.10931774,-0.10790649,-0.07722751,-0.03073023,0.07473563,0.06059930,-0.13380844
1974-11-30,0.01218352,-0.03157346,-0.03157346,-0.03510924,0.00732835,0.05355540,-0.03299104,-0.01395496,-0.01490846,-0.00704070,-0.02756824,0.02402479,0.00887025,0.07731029
1974-12-31,-0.01824331,-0.00268475,-0.00268475,0.00058436,-0.00138114,0.02678369,-0.04538220,-0.02884007,-0.00322038,0.03071485,0.03380202,0.00245652,-0.01653722,0.00241501
1975-01-31,0.15099486,-0.11700355,-0.11700355,-0.15308069,-0.15634982,-0.13467010,-0.00388618,0.18593184,0.28867527,-0.12781172,-0.14924769,-0.01958618,-0.14522716,-0.10920198
1975-02-28,0.02754006,-0.02557996,-0.02557996,-0.04033353,-0.04637534,-0.07524345,0.05508979,0.01601333,0.01762578,-0.02391274,-0.03127726,0.03674034,-0.03403735,-0.04947589
1975-03-31,-0.00916500,0.03890694,0.03890694,-0.00590665,0.02975070,-0.02141451,0.04873928,0.05267849,0.05808076,-0.04048632,0.00488009,0.07686167,0.00604090,-0.00024186
1975-04-30,0.06955769,-0.01685585,-0.01685585,-0.01091655,-0.01270063,-0.03070011,0.03153075,-0.04572276,-0.02669927,0.03482191,0.00211704,0.05241433,0.01614586,0.01107480
1975-05-31,0.02254796,0.00424579,0.00424579,0.04240855,0.01416739,-0.04209971,0.01127673,-0.00325252,0.02300890,-0.04304942,-0.06494261,-0.03943525,0.01770605,-0.05468289
1975-06-30,0.01576593,0.01538161,0.01538161,0.02710318,0.01377493,-0.02262329,0.02771704,0.02947424,-0.00165525,-0.02007976,0.00583224,-0.02259554,0.00890251,-0.03515299
1975-07-31,0.02680110,0.02057496,0.02057496,0.00980377,0.02343606,-0.04255956,0.03316254,0.01137365,-0.02433343,0.00932166,0.00246740,-0.02903534,0.04586763,-0.03791725
1975-08-31,0.02169894,0.02224437,0.02224437,-0.01299913,-0.00220662,-0.00215330,0.00776472,-0.03735425,-0.05862047,0.02190063,0.01009716,0.01319117,-0.00322293,-0.04434970
1975-09-30,0.04316612,0.04339142,0.04339142,0.04826120,0.03990594,0.01816256,0.04689255,-0.03083073,-0.01572543,-0.00420231,0.00749154,0.01858243,0.03765960,0.02038846
1975-10-31,-0.03999030,-0.03860103,-0.03860103,-0.01637652,-0.02232221,-0.06576587,0.02821636,0.03278499,0.08329472,0.03476507,-0.00128557,0.01217463,-0.05689296,-0.01428810
1975-11-30,-0.02448220,-0.01793512,-0.01793512,-0.00771075,-0.01573132,-0.02028924,0.02670695,0.04159731,0.07749980,0.00685844,-0.00044669,0.01331264,-0.02336396,-0.01604497
1975-12-31,0.02944234,0.03377920,0.03377920,-0.00013500,-0.00616298,-0.00077179,-0.00531172,0.01351544,-0.05144754,-0.04488518,-0.01431621,-0.02412990,-0.01266098,-0.06775650
1976-01-31,0.00375613,-0.00254129,-0.00254129,0.04475910,0.06498183,-0.02433485,0.07440294,0.07459375,0.08239405,-0.04055984,0.02607811,0.01791092,0.06278726,0.00153285
1976-02-29,0.02447174,0.03254842,0.03254842,0.05619457,0.03866923,0.07371113,0.06539556,0.05862383,0.02484755,0.01812422,-0.03578737,-0.00513162,0.05564099,0.04633873
1976-03-31,-0.01256987,-0.00938156,-0.00938156,0.00785508,-0.01999089,-0.05351083,-0.00277719,-0.00608546,-0.01259055,-0.03214904,-0.03043661,0.04365492,-0.02272610,-0.06023957
1976-04-30,0.03390934,0.03291130,0.03291130,0.01029581,0.01477276,0.00549046,0.01746428,0.00591981,-0.02043626,0.00988085,0.00857395,-0.05053043,0.01704533,0.00045052
1976-05-31,-0.01680744,-0.03328208,-0.03328208,-0.04224305,-0.02932040,-0.02085770,-0.00643101,-0.03699375,-0.02686213,-0.01096359,0.01150389,-0.03237639,-0.01846907,-0.02952031
1976-06-30,-0.03353388,-0.03298881,-0.03298881,-0.01768059,-0.02958329,0.00137369,-0.04176553,-0.01302311,0.03326938,-0.02039261,-0.00865182,-0.00377151,-0.04269349,-0.03280593
1976-07-31,-0.00881683,0.00572919,0.00572919,0.00500826,-0.02098745,-0.02030477,0.01911697,0.03898586,0.03724940,0.00842178,-0.03875166,-0.02167487,-0.00870327,-0.00135127
1976-08-31,-0.00670178,0.00545238,0.00545238,-0.02861937,-0.02200983,-0.02498286,-0.01418910,0.01774921,0.06462729,0.04775700,0.01047101,0.00792771,-0.01437953,0.01142435
1976-09-30,0.00700851,0.01384366,0.01384366,0.02131914,0.00876476,0.00874826,-0.02135313,0.00096776,-0.01251492,-0.00073352,0.02486548,0.02161472,0.04378051,-0.00061104
1976-10-31,0.00139741,0.00567056,0.00567056,-0.02217316,-0.00887526,-0.00431351,-0.01462989,0.01699697,-0.00920036,0.02297673,-0.01311670,0.00473054,-0.00677480,0.00230201
1976-11-30,0.03408265,0.02234995,0.02234995,0.03772082,0.08124801,0.03737423,0.07952377,0.04266897,-0.04917220,0.02034377,0.02122254,0.00240978,0.08813427,0.03054068
1976-12-31,-0.00826412,-0.01289688,-0.01289688,0.01624960,0.00843931,-0.03531956,0.03517135,0.06327790,0.02019455,-0.00766617,-0.02780884,0.00887298,0.01608915,-0.00559303
1977-01-31,0.04204289,0.09344643,0.09344643,0.11092040,0.13019622,0.09699049,0.11327031,0.07963395,0.02472994,0.06844305,0.06090604,0.02316853,0.13046999,0.08865163
1977-02-28,0.00088178,-0.00304447,-0.00304447,-0.00541601,-0.01548508,-0.03216280,-0.00903013,0.03191490,0.02855248,-0.00752405,-0.01132971,-0.01025739,-0.01722047,-0.02143024
1977-03-31,0.00981393,0.02189264,0.02189264,0.01913520,0.01998992,0.01407835,0.00049495,0.01730603,-0.01706176,0.00636700,0.00776494,0.00174419,0.01771185,-0.00497395
1977-04-30,0.00001918,0.04515507,0.04515507,0.07050494,0.06737899,0.04996466,0.07916062,0.02696607,-0.02136113,0.03054299,0.06622881,0.04088234,0.07172778,0.03617572
1977-05-31,0.01406383,0.03795864,0.03795864,0.03828519,0.02945532,0.02090394,0.03756727,0.02019875,-0.00567498,0.02074016,0.01608653,-0.01008354,0.03189621,0.00979990
1977-06-30,-0.01120841,-0.00316619,-0.00316619,0.04146234,0.03460392,0.01668657,0.05946384,-0.01614969,-0.00506475,-0.01203709,0.01381404,0.04068428,0.03074713,0.01873017
1977-07-31,-0.00438868,0.00443391,0.00443391,-0.00009840,0.00068789,0.00626873,0.01709339,0.04239905,0.03290415,0.01577078,-0.01099872,-0.02141338,0.00240760,0.00427688
1977-08-31,0.00587950,-0.04365363,-0.04365363,-0.02621078,-0.01555621,0.00500623,-0.04173855,-0.00692415,0.03432227,-0.02037172,-0.03719351,-0.00140288,-0.01593080,0.01803878
1977-09-30,0.01061450,0.04279278,0.04279278,0.03527150,0.02270290,0.02330030,0.01229503,0.00650201,-0.02551205,0.02097579,0.03154745,0.04298538,0.02135112,0.01180813
1977-10-31,-0.00942808,0.01088590,0.01088590,0.00293559,0.01823380,-0.00004599,0.00565985,0.01480762,0.00015006,0.00479453,0.00918251,-0.02267040,0.01512056,0.00436465
1977-11-30,0.00422203,0.01766627,0.01766627,0.04148276,0.02755448,0.02046820,0.05577612,0.01667102,-0.03981199,0.00747627,0.02333419,0.04055070,0.03843791,0.00473833
1977-12-31,0.00026057,0.01268892,0.01268892,0.01205441,0.02463198,0.01478348,0.01259447,0.00133632,-0.00668952,0.02192218,0.01675368,0.00310971,0.01430521,0.03052176
1978-01-31,-0.00381402,0.01629898,0.01629898,0.02349989,0.01978668,0.01487607,0.01762041,0.03742627,0.02264275,0.03834420,-0.00550362,-0.02283800,0.01478860,0.01256810
1978-02-28,-0.02393482,0.04378689,0.04378689,0.04119050,0.03976454,0.02437559,0.08486252,0.01951451,-0.04551306,0.02498929,0.05963721,0.03366522,0.03827116,0.00730954
1978-03-31,0.05179982,0.01473956,0.01473956,0.01414623,0.02491148,0.02162196,0.03339996,0.02553529,-0.02523826,0.01509964,0.01097472,0.04861311,0.01106622,0.01618507
1978-04-30,0.02058298,-0.01741192,-0.01741192,-0.00405309,-0.00508034,-0.02520356,0.03299890,-0.01048595,-0.00015526,-0.02377778,-0.01173050,0.04228229,-0.00024419,-0.03848081
1978-05-31,0.03567817,0.06044023,0.06044023,0.07104115,0.06783028,0.05896319,0.06622804,0.00708230,-0.02748360,0.02878510,0.02342835,0.01577364,0.06933280,0.03808142
1978-06-30,0.04422441,0.04859195,0.04859195,0.06551042,0.04895215,0.02645510,0.03588124,-0.00839356,-0.00369159,0.02409945,0.02349626,0.00891598,0.06239642,0.02711005
1978-07-31,0.02303009,0.03693081,0.03693081,0.05517226,0.05365303,0.05091765,0.01761459,-0.01027278,0.00343398,0.01630808,0.05851125,0.04439435,0.05045641,0.02866090
1978-08-31,0.03423520,0.03542095,0.03542095,0.07202692,0.04539976,0.00303127,0.06763175,0.02085815,-0.05234112,-0.00626730,-0.02601659,-0.00290826,0.04614777,-0.02633534
1978-09-30,-0.03714072,-0.03673719,-0.03673719,-0.05806769,-0.06238940,-0.06408628,-0.01953918,-0.00692537,0.01227653,0.01173475,-0.03672417,-0.01221132,-0.05211793,-0.03617407
1978-10-31,-0.10571473,-0.09964810,-0.09964810,-0.14315090,-0.15014255,-0.12980594,-0.14649190,-0.02758546,0.14173611,0.09394719,-0.05706810,-0.04849216,-0.13892569,-0.07863193
1978-11-30,0.06928434,0.06623231,0.06623231,0.09583206,0.09193170,0.05483523,0.07899987,0.02063619,-0.07057882,-0.02055421,0.03176193,0.02400521,0.07892347,0.00391546
1978-12-31,0.04933899,0.05830286,0.05830286,0.04901863,0.05308126,0.04604011,0.03203826,-0.00954687,-0.00994647,0.00370792,0.03140918,-0.01190475,0.05243452,0.00940277
1979-01-31,-0.02274809,-0.04576950,-0.04576950,-0.03103176,-0.02432148,-0.06334400,0.03427974,0.02274054,-0.03800082,-0.03881338,-0.03988067,-0.02231610,-0.02449603,-0.05376979
1979-02-28,0.00127914,0.00821650,0.00821650,-0.01836879,-0.02079478,0.04212781,-0.04964551,-0.00595010,-0.02636012,0.01881169,-0.01922868,-0.00208506,-0.00483053,-0.00327491
1979-03-31,0.00780117,0.00249145,0.00249145,0.02630919,0.05144206,-0.00467703,0.07422603,-0.01525309,-0.03950822,-0.02809890,0.02283037,-0.00041929,0.02917731,0.02174622
1979-04-30,0.02438766,0.00798224,0.00798224,0.03050620,0.02803145,0.02725639,0.02198605,-0.01488901,-0.03908000,0.00347891,0.01306760,0.01019248,0.04710275,0.01751338
1979-05-31,-0.01086263,-0.00047914,-0.00047914,0.03615411,0.03034327,0.02665716,-0.03441229,0.01595687,0.00501278,0.01938049,-0.00325376,-0.00945133,0.03231038,0.04524930
1979-06-30,0.00969633,0.00482521,0.00482521,0.02135330,0.00861462,0.04405836,-0.03421682,-0.01106237,0.00837150,0.06631416,-0.00166289,0.02523748,0.01157044,0.07757893
1979-07-31,-0.00921832,-0.00983477,-0.00983477,-0.02946985,-0.02947333,-0.01705345,-0.01800704,-0.01043092,-0.02549707,0.02653461,-0.01632204,-0.00617925,-0.03072165,-0.00124236
1979-08-31,0.01545510,-0.00678173,-0.00678173,-0.00312840,-0.01418774,0.01601872,-0.01611791,-0.02013098,-0.01419585,-0.01674068,0.00542881,0.01104780,-0.01306479,-0.00232575
1979-09-30,0.08260562,0.09137662,0.09137662,0.09814696,0.09449076,0.07397032,0.08563020,-0.01967917,0.01962677,0.00376663,0.06266495,0.04489874,0.09832972,0.02103142
1979-10-31,0.04674069,0.02643241,0.02643241,0.00178768,0.05099843,-0.00450534,0.02041182,-0.01995504,0.03307008,0.03818841,0.05850229,0.06144988,0.03729058,0.02957508
1979-11-30,0.06415222,0.07221594,0.07221594,0.08146477,0.08237360,0.02780187,0.09983420,-0.03242929,-0.06641076,-0.01387738,0.04874970,0.02628320,0.08144142,0.00994280
1979-12-31,0.00502813,0.03501010,0.03501010,0.07998443,0.07137512,0.07202728,0.06280040,-0.01633207,-0.04310869,0.02284916,0.00437854,-0.00222577,0.06921536,0.07614524
1980-01-31,0.10657722,0.11673560,0.11673560,0.09261965,0.08711643,0.07969195,0.08331312,-0.04792858,-0.02004298,0.02417174,0.08076014,0.06725039,0.09026457,0.07798968
1980-02-29,0.14324925,0.12819130,0.12819130,0.10160080,0.10407875,0.11482504,0.11760895,-0.03386428,0.02503160,0.08129217,0.12749092,0.14541660,0.11969352,0.07613612
1980-03-31,-0.09749214,-0.11815033,-0.11815033,-0.14973116,-0.21039510,-0.16400095,-0.18140792,-0.00617809,0.07088863,-0.07905260,-0.06979112,-0.04498790,-0.19106220,-0.13161570
1980-04-30,0.00601665,0.00336043,0.00336043,0.03228276,0.06853733,-0.01627711,0.05443568,0.04342153,-0.03600441,-0.00770230,-0.03848660,-0.02222393,0.08005199,-0.03622893
1980-05-31,-0.03992728,-0.00629205,-0.00629205,-0.02229991,-0.00970214,-0.05452855,0.00625502,0.01133480,0.00382295,-0.01259896,-0.04446358,-0.03738898,-0.01070590,-0.06568425
1980-06-30,0.03172332,0.02431375,0.02431375,0.04518658,0.01625050,0.01450409,0.03196022,-0.01724250,-0.02901032,-0.04886710,-0.00761768,0.01723524,0.01577511,-0.02782146
1980-07-31,0.00797821,-0.05863216,-0.05863216,-0.01709775,-0.03401887,-0.05833736,0.00013096,0.00481405,-0.04208087,0.03037864,-0.03293298,-0.03245432,-0.03762197,0.03076591
1980-08-31,0.02569919,0.01308990,0.01308990,0.01242975,0.03572608,-0.02145509,0.05655608,0.00317924,-0.04943210,-0.01537249,-0.00490315,-0.01954337,0.04018898,0.01547240
1980-09-30,0.08308971,0.05798451,0.05798451,0.05537959,0.07857488,-0.00699855,0.10181755,-0.03546631,-0.07293406,-0.03940031,0.04626135,0.01919759,0.06721813,-0.02341174
1980-10-31,0.05334453,0.09227089,0.09227089,0.09575266,0.08254275,0.01382996,0.05358700,-0.04231449,-0.02905670,-0.01679913,0.06318258,0.03939446,0.08276236,-0.01242836
1980-11-30,0.13083083,0.15642918,0.15642918,0.13567338,0.18492600,0.14921959,0.13080633,-0.08433709,-0.12034079,-0.09694734,0.19789814,0.11089107,0.15614756,0.04001529
1980-12-31,-0.05453859,-0.05384755,-0.05384755,-0.04371792,-0.06963371,-0.08899490,-0.06653266,0.05064238,0.04328370,0.02677644,-0.10020834,-0.07016917,-0.07564240,-0.06662206
1981-01-31,-0.08832008,-0.08943459,-0.08943459,-0.10488638,-0.12503870,-0.11453774,-0.09003464,0.10472955,0.09075220,0.04414953,-0.07753513,-0.06324111,-0.09385874,-0.02079283
1981-02-28,0.00128366,0.03836362,0.03836362,0.01764929,0.00230459,-0.01294454,0.00566913,0.01633169,0.02894764,0.02573195,-0.01165482,-0.00351549,-0.01001865,-0.00818574
1981-03-31,-0.05209649,-0.05713482,-0.05713482,-0.03024736,-0.01428868,-0.05719921,0.06169423,0.00501718,-0.00437419,0.01382085,-0.06693994,0.01850061,-0.00053784,-0.01033773
1981-04-30,-0.01575866,-0.00024715,-0.00024715,0.00864720,0.01050679,0.00338309,-0.01939283,0.04857543,0.04832737,0.04360625,-0.02959203,-0.04092624,0.04188514,0.02961934
1981-05-31,0.04448172,0.00524402,0.00524402,0.04324693,0.06292995,0.10260241,-0.00823212,0.01597780,-0.00236753,0.04795200,-0.02352522,0.05029518,0.06671510,0.08303136
1981-06-30,-0.02625911,-0.08081565,-0.08081565,-0.13870647,-0.14470821,-0.09115421,-0.08350723,0.03821940,0.01972740,-0.01319464,-0.06466366,-0.11968239,-0.13313437,-0.06568988
1981-07-31,-0.05575789,-0.02575242,-0.02575242,-0.01960037,-0.02356453,-0.08200683,0.02876187,-0.03978578,-0.06992183,-0.02780243,0.01944278,-0.06781538,-0.02857475,0.00101005
1981-08-31,-0.02671329,-0.02091890,-0.02091890,-0.03393387,-0.03648423,-0.00131077,-0.06080817,0.03555146,-0.00018730,0.04240649,-0.00716933,-0.02079588,-0.03646525,0.00860920
1981-09-30,0.04732524,0.04937326,0.04937326,0.03065801,-0.03605683,-0.04684643,0.04403182,0.00307857,0.09907016,0.06878058,-0.01523880,0.10430685,-0.04243324,-0.03369638
1981-10-31,0.00301643,0.04109552,0.04109552,0.05296588,0.08897499,0.02275825,0.04949422,-0.00360826,-0.05448208,-0.01680431,-0.00017013,0.00422449,0.11399541,-0.01299028
1981-11-30,-0.03662587,-0.01471566,-0.01471566,-0.02031546,-0.03252022,0.01804979,-0.07923796,0.03379739,0.00294344,-0.00161524,-0.01699035,-0.04177625,-0.05458032,-0.04511593
1981-12-31,0.02867872,0.00372532,0.00372532,0.01206503,-0.00250276,-0.04989401,0.02574773,0.02190615,0.04561597,0.02115297,-0.01363044,0.00913391,-0.02953292,-0.01865432
1982-01-31,0.03347678,0.03139879,0.03139879,-0.01313445,-0.01749326,-0.00491981,-0.01045143,0.00457920,0.07946530,0.04211743,0.02351733,0.05176550,-0.02705307,-0.02275460
1982-02-28,0.02170700,0.04345529,0.04345529,0.01925097,0.04242777,0.08834111,0.02861218,0.02901100,0.10112066,0.07008767,0.03406565,0.07015692,0.02305053,0.08410586
1982-03-31,0.01204529,0.03713072,0.03713072,0.02460727,0.00165036,0.02717011,0.01525760,0.03018069,0.05331763,0.02832116,0.01371098,0.07541981,0.00457020,0.00614378
1982-04-30,-0.03634708,-0.00194634,-0.00194634,-0.00179839,-0.02480563,-0.00319919,0.01903070,-0.02957920,-0.01011353,-0.01160240,-0.01434584,-0.00376002,-0.00488859,-0.02225726
1982-05-31,0.00833690,0.01979523,0.01979523,0.02751942,0.01654340,-0.00922588,0.02359651,0.04087166,0.05183058,0.00723300,0.00708480,0.03177840,0.00803169,0.01298884
1982-06-30,-0.01145839,0.05792956,0.05792956,0.11603522,0.08074575,0.11174163,-0.03600017,0.00646441,0.02782721,0.05052225,0.04553488,0.07063581,0.05158640,0.07201849
1982-07-31,0.00242433,0.04543074,0.04543074,0.04598818,0.01646259,0.04770863,-0.02008342,0.04500312,0.04669079,0.05706935,0.01181010,0.04369198,0.01472001,0.04515241
1982-08-31,0.00140697,-0.02781649,-0.02781649,-0.04764496,-0.07405446,-0.06286363,-0.07358672,-0.00700876,-0.00520274,-0.03890142,-0.00240382,-0.01503769,-0.03186697,-0.06285428
1982-09-30,-0.01116486,0.05611374,0.05611374,0.07043331,0.06047979,0.03219466,0.02177025,0.00988882,-0.00618368,0.02782391,-0.00555810,0.03464707,0.04857908,-0.02118721
1982-10-31,-0.00452309,-0.04507109,-0.04507109,0.01163340,0.00318336,-0.02883152,0.04103983,-0.01453813,-0.04038684,-0.04116184,-0.04400901,0.00994989,0.00710627,-0.01094932
1982-11-30,0.01907344,0.03660663,0.03660663,0.08473092,0.09209816,0.10861543,0.06055152,0.00095197,-0.03610232,0.05103928,0.03472419,0.09695476,0.08854440,0.09715037
1982-12-31,0.01864885,-0.05685379,-0.05685379,-0.07026219,-0.09396685,-0.07864271,-0.03875686,-0.00822210,0.04081179,-0.03127753,-0.06092470,-0.08818694,-0.08047335,-0.07318608
1983-01-31,-0.05773428,-0.02126383,-0.02126383,0.00645552,-0.01342920,0.00381926,-0.02801902,0.04195996,0.00852358,-0.01229252,-0.01657932,-0.03725142,-0.00806345,0.00143706
1983-02-28,0.05217178,0.05269779,0.05269779,0.07538284,0.06788197,0.00042064,0.08025042,0.01194318,-0.02834797,-0.01303149,0.04969374,0.07619215,0.06825638,-0.05331917
1983-03-31,-0.02341566,-0.01111191,-0.01111191,0.00964808,0.00795280,-0.00979145,0.02334793,0.00268708,-0.00037291,0.04065472,-0.02855823,-0.00190231,-0.00361459,-0.03535429
1983-04-30,0.02671334,0.02641317,0.02641317,0.06188342,0.04760505,0.03019822,0.03806102,0.04973384,0.00941832,-0.00897165,0.04099837,0.02561249,0.04218937,0.00855843
1983-05-31,-0.06381337,-0.06728215,-0.06728215,-0.00572048,-0.02268098,0.04481428,-0.02238308,0.01940368,-0.02444154,-0.01915880,-0.08832737,-0.05031512,0.01704443,-0.00779172
1983-06-30,0.02038027,0.02263439,0.02263439,0.02110899,0.02218361,0.02823394,-0.02494591,-0.03298874,-0.01977709,-0.00514418,0.04455467,-0.03550564,-0.00116580,0.00749909
1983-07-31,0.00264542,0.00190004,0.00190004,-0.07486756,-0.07760536,-0.02439273,-0.06177763,-0.00052462,0.03196769,0.03735794,-0.03047888,-0.04890931,-0.03092377,0.03262101
1983-08-31,-0.03064999,-0.03190217,-0.03190217,-0.04987946,-0.04946869,-0.07307056,-0.02877343,-0.02553099,0.04601557,0.05624190,-0.04304472,-0.04499152,-0.07093419,-0.02956336
1983-09-30,0.01919950,0.02157885,0.02157885,-0.01808493,-0.01588482,-0.03434421,-0.01122002,-0.00189695,-0.05361577,-0.03465314,-0.03075077,-0.03769672,0.00491593,-0.04019061
1983-10-31,0.01638256,0.01954795,0.01954795,-0.10851477,-0.09649916,0.01361879,-0.09734102,-0.01010485,0.00186740,0.07048273,-0.01628037,-0.03416581,-0.07753967,0.04176389
1983-11-30,-0.04148667,-0.05467467,-0.05467467,0.00366765,-0.02193097,-0.07427156,0.02301134,0.00338384,-0.04095555,-0.06388507,-0.04672651,0.04586853,-0.02242408,-0.06522259
1983-12-31,0.01783728,0.00564533,0.00564533,-0.03131354,-0.03840577,-0.02386160,-0.02599951,-0.01178609,0.07207557,0.01687140,-0.00925938,-0.06328186,-0.03782524,0.00227288
1984-01-31,-0.01171030,0.01394086,0.01394086,-0.04499682,-0.00248150,0.01581499,-0.04092812,0.01360124,0.10491967,0.07006484,-0.00326135,-0.05620768,-0.03132380,0.05041267
1984-02-29,0.02502477,0.04292065,0.04292065,0.01181900,0.06826246,0.06589292,-0.01933560,-0.00101965,0.07639577,0.05279683,0.00786609,-0.00549385,0.02354204,0.07345756
1984-03-31,0.00466462,0.00524822,0.00524822,0.04195679,0.01641329,0.00725646,-0.00951552,-0.02513969,0.04833816,-0.00473759,0.03865548,0.02014130,0.01923587,-0.02434516
1984-04-30,0.01484576,0.03000980,0.03000980,0.02026616,0.02161652,0.01423483,0.00815432,-0.04308233,-0.00007851,0.01675631,0.04521775,0.01121551,0.01868051,-0.00067863
1984-05-31,-0.00307190,0.02916086,0.02916086,0.02530712,-0.00142076,-0.03881785,0.05531745,-0.00331399,-0.03086585,0.02041274,-0.03091143,-0.01163005,0.01923269,-0.00443505
1984-06-30,-0.01046650,-0.00570390,-0.00570390,0.01619673,-0.00199494,-0.04494120,0.02596580,-0.00150630,-0.08702726,-0.04517863,0.01717200,-0.03151337,0.00905720,-0.03461959
1984-07-31,-0.01936672,0.02720847,0.02720847,0.05317846,0.05389383,0.03312689,0.04106454,0.00237347,-0.06544623,0.00165596,0.02510273,0.03368798,0.04990699,-0.00880807
1984-08-31,-0.01359367,-0.06083189,-0.06083189,-0.07960097,-0.09162387,-0.09436369,-0.05921506,-0.00417248,0.02976503,-0.08401378,-0.03883308,-0.06498061,-0.08179147,-0.08260192
1984-09-30,0.02309767,0.02684982,0.02684982,0.01459993,0.00996179,-0.01689224,0.03575120,0.00559401,0.01369687,0.04239443,0.00550930,0.04014760,0.01605792,0.00770564
1984-10-31,-0.01722997,0.00570208,0.00570208,0.02794744,0.03664411,0.04113766,0.00557493,-0.00719800,-0.03899480,0.01865447,0.00680540,0.04346685,0.02734207,-0.00431180
1984-11-30,-0.00890182,0.00470372,0.00470372,0.01372119,0.03170455,-0.00013066,0.03849845,0.03055571,0.04036077,0.02611263,0.01969460,0.03850477,0.02110188,0.01519704
1984-12-31,-0.00216707,-0.00762726,-0.00762726,0.00034053,-0.01528332,0.03826831,-0.02895640,0.01479314,-0.02938447,-0.01657998,-0.00427037,0.00073710,-0.00168502,-0.01921648
1985-01-31,-0.04701729,-0.08760474,-0.08760474,-0.05935839,-0.09061414,-0.05772808,-0.07306041,-0.02703594,0.00174039,-0.05131215,-0.05961463,-0.07323745,-0.08461782,-0.04865943
1985-02-28,0.00756059,0.01252454,0.01252454,0.03582705,0.02841542,-0.00567390,0.04821098,0.00337662,0.01535626,-0.00633628,-0.01481903,-0.00869471,0.03634988,-0.00710507
1985-03-31,0.02907770,0.03851466,0.03851466,0.01617289,-0.01378774,0.00826485,-0.01344500,0.02635210,0.01423922,0.02919169,-0.02205640,0.00976590,0.02158590,-0.02963526
1985-04-30,0.02298511,0.02117153,0.02117153,0.01655082,0.03235913,0.01608706,0.01858240,0.03822152,0.02112820,0.00228279,0.00911471,-0.02276507,0.05568801,-0.00132558
1985-05-31,0.02944203,0.06912572,0.06912572,0.08087473,0.07126689,0.01162615,0.06325465,0.01854913,0.00511738,-0.00156783,0.07986341,0.06375602,0.06366591,0.01624069
1985-06-30,0.03191485,0.03775178,0.03775178,0.03691713,0.04926739,0.01128956,0.05478329,0.02844263,0.00478640,0.00777426,0.02224426,0.03553461,0.02971768,0.00349376
1985-07-31,-0.07726185,-0.06628329,-0.06628329,-0.03950364,-0.06520467,-0.05232544,-0.06839683,-0.00341716,0.00039708,-0.03138763,-0.06189929,-0.06254103,-0.05985213,-0.02744840
1985-08-31,0.03186719,0.03180283,0.03180283,0.01084118,0.01340881,0.01864418,-0.03211895,0.00493200,0.02292807,0.00549893,0.00203274,0.00144363,0.02610250,0.01130622
1985-09-30,0.00210404,0.02497572,0.02497572,0.01719959,0.03426802,0.06254794,-0.01907670,-0.00494006,0.00580842,0.04018757,0.02320928,0.00384151,0.03178336,0.03572631
1985-10-31,0.03478337,0.05181791,0.05181791,0.06433000,0.04642993,0.02667127,0.05076812,0.02552808,-0.00909257,-0.02928493,0.02039229,0.02734590,0.04127188,-0.03221508
1985-11-30,-0.01151956,0.00363800,0.00363800,0.00350954,-0.01555998,-0.01391824,-0.00332643,0.02203270,-0.02869522,-0.04804784,0.00039826,0.00540498,-0.03909902,-0.03026311
1985-12-31,-0.01410163,-0.00825767,-0.00825767,-0.02223466,-0.01339445,-0.03540211,-0.00916117,-0.01091206,-0.00303428,-0.02330954,0.03154515,0.04746431,-0.02248009,-0.03856527
1986-01-31,0.01027091,0.08317111,0.08317111,0.08437653,0.10148571,0.07156362,0.03167604,0.02814225,-0.00260357,-0.00353814,0.07940763,0.02631310,0.07110295,0.04580210
1986-02-28,0.02281161,0.06327625,0.06327625,0.01878047,0.03180209,0.05316522,-0.01003471,-0.00011016,-0.04700097,0.01645191,0.01145388,0.06911200,0.02935279,0.03098008
1986-03-31,0.02197322,0.03750773,0.03750773,0.01290712,0.02416145,0.01869767,0.03180897,0.02085848,-0.00928717,-0.01015529,0.00814806,0.03538054,0.03736973,0.00177863
1986-04-30,0.01359660,0.02834150,0.02834150,0.02973134,0.01552372,-0.00058887,-0.00467253,0.01422254,-0.02142633,-0.00761720,-0.01899395,-0.00826480,0.02133888,-0.02394788
1986-05-31,0.02939612,0.02358008,0.02358008,0.00481204,0.02814275,-0.01743993,0.00362779,-0.00521574,-0.03837305,-0.03989953,0.01696689,0.01193011,0.02326252,-0.01712468
1986-06-30,0.07555208,0.07249146,0.07249146,0.09499524,0.09026147,0.08463187,0.07184481,-0.00817186,-0.07444242,0.00576075,0.06829112,0.06921121,0.09401904,-0.00592981
1986-07-31,0.04263611,0.06339340,0.06339340,0.00409343,0.00777060,0.02298462,0.01703416,-0.02753306,-0.03620279,0.02342504,-0.00508420,-0.00985195,0.02257234,-0.00546340
1986-08-31,-0.05607237,-0.08658903,-0.08658903,-0.09725893,-0.09672287,-0.08963066,-0.04521254,-0.03133244,0.02404831,0.02448187,-0.03508164,-0.06485503,-0.10043280,-0.01565204
1986-09-30,-0.08152152,-0.11618128,-0.11618128,-0.09861587,-0.11060955,-0.04875079,-0.11966990,-0.01385953,0.04749271,0.02504883,-0.08633939,-0.09409305,-0.06215337,0.01583025
1986-10-31,0.02156188,0.02218151,0.02218151,0.04615563,0.01604987,-0.02371341,0.05970635,-0.01609086,-0.03160015,-0.03394014,0.05765658,0.03529709,-0.00418330,-0.04049820
1986-11-30,-0.00721699,-0.01435394,-0.01435394,-0.01205377,-0.00747285,-0.02813981,-0.00274276,0.00253129,0.02085199,-0.00458167,0.00299728,-0.02015990,-0.01874635,-0.02982313
1986-12-31,0.01479904,0.02914358,0.02914358,0.00376325,-0.00587912,0.00880629,-0.02563876,0.01193999,0.02234850,0.00766581,-0.03020815,-0.00719738,0.00198657,-0.01724064
1987-01-31,0.01661138,0.01366666,0.01366666,0.00673038,0.00444289,0.05292482,0.01324923,-0.01026713,0.02414729,-0.00734475,0.03078449,-0.00004152,0.02621728,0.00018944
1987-02-28,-0.06330800,-0.07237347,-0.07237347,-0.02232053,-0.01570403,-0.03556203,-0.00926856,0.00442142,-0.03476147,-0.05434442,-0.01778674,-0.01363799,-0.00508916,0.00960019
1987-03-31,0.04946928,-0.00504264,-0.00504264,0.05205634,0.01864129,0.01808866,0.02802003,0.02884963,0.08713214,0.03219401,-0.01866213,0.03792580,0.03826710,0.01247647
1987-04-30,0.00061005,0.06642417,0.06642417,0.06592225,0.05450272,0.06876738,0.00503406,-0.01053143,0.04797259,0.05746022,0.02518201,0.03161489,0.05249747,0.04693856
1987-05-31,-0.00414560,0.00086623,0.00086623,-0.01748861,-0.00642881,0.00864544,-0.01099990,-0.04243685,0.02331638,0.00995801,0.00127751,0.02665283,-0.02338435,0.01161075
1987-06-30,-0.00752037,0.00500113,0.00500113,-0.00839867,-0.01831219,-0.04582268,0.01252687,-0.03054139,-0.01002904,-0.01965260,0.01287095,-0.00704296,-0.01471308,-0.04095684
1987-07-31,0.04109600,0.03197471,0.03197471,0.02765004,0.00902666,0.05473585,0.01017809,-0.00546416,0.05454040,0.00631345,0.01769331,0.02972962,0.03436995,0.00158254
1987-08-31,-0.03210128,-0.01163486,-0.01163486,0.01261653,-0.01394949,-0.05031495,0.01667231,-0.01115789,-0.03969002,-0.01630571,0.01654038,-0.03886659,-0.02141921,-0.03751392
1987-09-30,-0.00249597,0.00458432,0.00458432,0.02112295,0.04208615,0.05146248,0.03105173,0.01953197,0.06923545,0.02515002,-0.00338870,0.03859527,0.06325440,0.03516763
1987-10-31,-0.06496540,-0.09067925,-0.09067925,-0.10573455,-0.08943050,-0.05304318,-0.08095739,-0.02284847,-0.05019114,-0.14620332,-0.05262008,-0.09624076,-0.10171515,-0.20181652
1987-11-30,-0.01723632,-0.03537512,-0.03537512,0.02068135,0.00768520,-0.00118304,-0.00086877,0.04093918,0.03101302,0.03302523,-0.06252030,0.03769477,0.00374860,0.05206019
1987-12-31,-0.00167907,0.07144835,0.07144835,0.06380271,0.02754377,-0.06731004,0.10799150,-0.00765555,0.00461664,-0.08062167,0.02671814,0.00385137,0.04344104,-0.11342019
1988-01-31,-0.00489856,-0.09146378,-0.09146378,-0.07508252,-0.13408742,-0.09798709,-0.11056636,0.01320783,0.01295448,-0.02198523,-0.06354991,-0.04154791,-0.13278917,-0.06714267
1988-02-29,-0.00766546,-0.00531771,-0.00531771,-0.05152608,-0.02861638,-0.08616465,0.07954214,0.00143968,0.01561323,-0.04745012,-0.05885753,-0.04228739,-0.03090546,-0.03725346
1988-03-31,0.00208414,-0.02625509,-0.02625509,-0.00685695,0.01535582,0.01503067,-0.01040316,0.03935040,0.04640571,0.03837058,-0.02825368,0.01846750,0.00310859,0.08520302
1988-04-30,-0.00219062,-0.00002717,-0.00002717,0.02491055,0.01889201,0.00527607,0.01568357,0.02887239,0.04528039,0.01530906,0.00838424,0.01438707,0.01738254,-0.00872324
1988-05-31,0.01180537,0.00828448,0.00828448,-0.00346855,-0.02052919,-0.03865350,0.03161595,-0.02405222,-0.00346743,-0.03667575,-0.00306080,-0.00575474,-0.01915869,-0.02727276
1988-06-30,0.04245020,-0.04774643,-0.04774643,-0.04775290,-0.04874996,-0.01934075,-0.06103182,0.01476767,0.00435506,-0.01592423,-0.07033233,-0.02465048,-0.05767710,-0.04183458
1988-07-31,-0.00053060,0.00383334,0.00383334,0.01351265,0.00469583,0.00568262,-0.00595388,0.00096246,0.02097240,-0.01147037,-0.00858907,-0.02030228,-0.01096142,0.01926180
1988-08-31,-0.01719110,0.00977615,0.00977615,-0.00000084,-0.01936469,-0.01183047,-0.00320207,0.00959103,0.02407096,0.01339881,0.00393116,-0.01650254,-0.01996552,-0.00625026
1988-09-30,0.00798560,-0.00462388,-0.00462388,-0.01825155,-0.02404156,0.00024271,0.01122625,-0.02470353,-0.03217759,0.03509215,-0.00166922,0.00140440,-0.00527231,0.00678362
1988-10-31,-0.01427378,-0.00753478,-0.00753478,-0.01608476,0.01092400,0.02333685,-0.04514967,-0.02637457,-0.02094905,0.03661649,0.01698351,-0.01056712,0.02401237,0.02075570
1988-11-30,-0.00741666,-0.00189532,-0.00189532,-0.00344864,0.02161170,0.02186117,0.00528882,0.01803799,-0.01094792,-0.00665978,0.00704513,-0.00246210,-0.01273273,0.00600044
1988-12-31,-0.01272124,-0.02804005,-0.02804005,-0.02226472,-0.01765839,-0.06120296,0.04960191,0.00633291,-0.00442767,-0.01604988,-0.01630188,0.00768988,-0.02151737,-0.04261160
1989-01-31,0.00024596,-0.02283311,-0.02283311,-0.01188600,-0.01417744,0.00766095,0.00705818,0.00267641,-0.01445166,-0.01168295,0.00543063,0.01157462,-0.01107395,0.00284512
1989-02-28,0.00087809,0.00735745,0.00735745,0.03915698,0.04036436,0.01005043,0.03690126,0.02727441,0.01845944,-0.00228916,-0.01972547,0.00404116,0.04753669,0.01344819
1989-03-31,0.04627894,0.06220305,0.06220305,0.06454890,0.06700782,0.04298578,0.07059831,-0.02527466,0.00930278,0.02036451,0.03435666,0.01788090,0.07596582,0.00072913
1989-04-30,0.01823002,0.01703677,0.01703677,0.02096985,0.03470211,0.00917855,0.03286966,-0.00542487,-0.02282195,0.01297082,-0.00191270,0.00835847,0.00950422,0.02585340
1989-05-31,0.03899015,0.01770196,0.01770196,0.01925100,0.02835254,0.03530041,0.02063587,-0.00875955,-0.00419580,0.01520103,0.01138849,0.00625356,0.04026626,0.01776808
1989-06-30,0.00275720,0.00888587,0.00888587,0.02477773,0.01765618,-0.04910031,0.04000414,-0.00063040,0.02587119,0.01505860,-0.01576396,0.02008219,-0.00703503,-0.02061554
1989-07-31,0.05616343,0.09640631,0.09640631,0.05882993,0.05950844,0.04396759,0.05224151,-0.03406077,0.02222098,0.04209144,0.06341446,0.05284633,0.03857426,0.00339786
1989-08-31,-0.01525902,-0.00439594,-0.00439594,0.00199455,-0.00316817,-0.02775783,0.02338013,0.03203765,-0.01371774,-0.01496297,-0.01326865,-0.04264960,0.00969676,-0.01698143
1989-09-30,0.06798966,0.05368462,0.05368462,0.07255358,0.07722830,0.06929664,0.03493278,0.00109630,-0.02253595,0.01208798,-0.00698688,0.03601481,0.03357367,0.01531618
1989-10-31,0.06669102,0.09383276,0.09383276,0.03155228,0.04362220,0.05421827,0.00119954,-0.01943166,-0.02071697,0.03431384,0.03436222,0.02397973,0.02601863,0.02006904
1989-11-30,0.05614809,0.04025702,0.04025702,0.02655903,0.02086001,-0.00491667,0.04390044,0.01670999,-0.02871082,0.01871500,0.04377778,0.01092150,0.03364699,0.00998005
1989-12-31,0.03050686,0.03774409,0.03774409,-0.03419369,-0.02357084,-0.05978917,-0.00763192,-0.00341514,-0.00199508,0.00170451,-0.02878604,0.02547652,-0.01604295,-0.03677405
1990-01-31,-0.01987598,-0.05493074,-0.05493074,-0.04164853,-0.08013941,0.07498999,-0.12467845,0.01809028,0.05055848,0.04253637,-0.00701774,-0.04502698,-0.06368439,0.02879845
1990-02-28,-0.00857312,-0.04980296,-0.04980296,-0.00100153,0.00828487,-0.02037110,0.01105736,0.01284593,-0.02348564,-0.01864910,-0.00867722,-0.01154706,0.01508517,-0.00887784
1990-03-31,-0.00021395,-0.00817030,-0.00817030,-0.00278037,0.00832587,-0.02050300,-0.00115435,-0.02019511,-0.04212694,-0.02043228,0.02808998,-0.03128426,-0.00162552,-0.02576676
1990-04-30,0.00700345,0.01313417,0.01313417,0.01481492,0.04336239,0.02109889,0.02948261,-0.03490085,-0.01393549,-0.00765190,0.01110888,-0.01037820,0.04123824,0.01488557
1990-05-31,0.00016719,0.03124967,0.03124967,0.05612867,0.03948339,-0.00371708,0.06918336,-0.02436548,-0.02406734,0.00407479,0.05460234,0.00475172,0.03940910,0.01016915
1990-06-30,-0.00192844,0.04477658,0.04477658,0.03936600,0.04334115,0.04006878,-0.00117243,-0.01133742,-0.01812296,0.01927176,0.01747263,-0.00260681,0.03945637,0.04253457
1990-07-31,0.04888997,0.10784774,0.10784774,0.07556585,0.07364583,0.01432036,0.12280924,-0.00907588,0.03841431,0.05735971,0.06593868,0.07750806,0.07300164,0.01185514
1990-08-31,0.01485749,0.00390840,0.00390840,0.02686432,-0.03522906,-0.03143918,0.00567939,-0.00901944,0.05226284,0.00734230,-0.00623823,0.05435083,-0.00980178,-0.03268263
1990-09-30,-0.03905024,0.07885250,0.07885250,0.05738276,0.10912369,0.08361208,0.09337501,0.01115791,0.04104767,0.04103770,0.06081073,0.01512039,0.11004330,0.07274843
1990-10-31,-0.02680043,0.05484996,0.05484996,0.10126272,0.02143248,0.01923921,0.02363403,-0.04210599,-0.00410013,-0.02529437,0.02917270,-0.07233915,0.09043300,-0.02432887
1990-11-30,-0.03047584,-0.04359317,-0.04359317,-0.05393269,-0.08191072,-0.08460229,-0.03323700,-0.02405377,-0.03938524,-0.07299822,-0.05306419,0.02015226,-0.07031032,-0.08589521
1990-12-31,-0.01595765,-0.01509080,-0.01509080,-0.01850001,-0.01484786,-0.02138181,-0.00473743,0.01072205,-0.05050190,-0.02103401,-0.02690681,-0.06555691,-0.02509410,-0.01010079
1991-01-31,0.01650870,-0.07319999,-0.07319999,-0.03425408,0.00172221,-0.06849253,0.08426164,-0.00277902,0.00893898,-0.03875948,-0.03297859,0.03799997,-0.01434235,0.00728869
1991-02-28,0.03939778,-0.04370922,-0.04370922,-0.04088912,-0.08258385,-0.09659143,-0.02178715,0.00541564,-0.02288984,-0.02189105,-0.07573853,-0.03755904,-0.08426656,-0.06111733
1991-03-31,0.03754381,0.03275562,0.03275562,0.05079396,0.07004408,0.10422613,0.01414384,0.01890566,-0.00917237,0.01807645,-0.00498137,0.03607235,0.07248538,0.06886502
1991-04-30,-0.02317578,-0.01942738,-0.01942738,-0.06721731,-0.05680229,-0.02914242,-0.01463629,-0.01228158,0.01074995,0.01248541,-0.01756218,-0.02969548,-0.05493173,-0.00631929
1991-05-31,-0.03942128,-0.04654979,-0.04654979,0.01835216,0.00962350,0.03491489,-0.03169911,0.00937370,-0.02243126,-0.00228654,-0.00623338,0.07646018,0.00766735,0.00851388
1991-06-30,0.02355278,0.00662456,0.00662456,-0.01944064,-0.01529284,-0.04027070,0.01337303,-0.00462706,0.00615013,0.02137643,-0.02474691,-0.03627631,-0.01196191,0.00747479
1991-07-31,0.04641252,0.04278202,0.04278202,0.07764150,0.06851047,0.05808418,0.05268730,-0.02207387,-0.02062844,-0.02007168,0.05069251,0.04156245,0.06708045,-0.01287206
1991-08-31,0.03461174,0.02582560,0.02582560,0.04700681,0.04930095,0.02831116,0.03175045,0.00842616,-0.02326897,-0.02581763,-0.00120320,0.02393911,0.02707916,-0.02290453
1991-09-30,-0.00524475,0.00019130,0.00019130,0.02546957,0.05201340,0.00420059,0.03960881,0.03639481,-0.04819173,0.02726202,0.00849774,-0.01146910,0.04994481,0.00772792
1991-10-31,0.01429609,0.02797342,0.02797342,0.05570967,0.02998950,0.05034879,0.03770873,0.00521555,-0.00981635,0.00630869,0.02557595,-0.00985252,0.06995988,0.03755598
1991-11-30,0.06605130,0.06644271,0.06644271,0.01767828,0.02963841,0.03651144,0.00388008,-0.04741503,-0.06654483,0.04328712,0.01745217,0.01995634,0.02049591,-0.00580301
1991-12-31,0.02978606,0.05656382,0.05656382,0.10457634,0.12736800,0.04210588,0.12591471,-0.01889400,-0.06472554,-0.06506011,0.11348776,0.09057683,0.09078137,0.00668655
1992-01-31,-0.07752923,-0.03997904,-0.03997904,-0.00889152,-0.01348530,-0.06678928,0.07741735,0.07480774,0.10039093,-0.07990063,-0.05994767,-0.02052012,0.00022271,-0.05109012
1992-02-29,0.01268587,-0.00869783,-0.00869783,-0.01692108,0.00299073,-0.03141622,0.03056195,0.01651090,0.09193769,-0.00217775,0.02549859,-0.00049062,-0.01104626,0.03515280
1992-03-31,-0.00306507,-0.00474693,-0.00474693,-0.03037382,-0.02524238,-0.02637186,0.01015454,0.00196187,0.04477051,0.04906631,-0.00334456,0.00548714,-0.00701067,0.01995464
1992-04-30,-0.03404833,-0.05478742,-0.05478742,-0.08094877,-0.10208377,-0.07694259,-0.04932375,-0.01371702,0.12203326,0.04315711,-0.02226523,-0.06250772,-0.09502035,0.01031027
1992-05-31,0.01879357,-0.00481740,-0.00481740,-0.00797701,-0.01759243,-0.04062118,0.00090965,-0.01221601,-0.03210881,-0.01500427,-0.01846933,0.00099915,-0.00301672,-0.00451621
1992-06-30,-0.00866441,-0.02571424,-0.02571424,-0.00283114,-0.00717837,-0.00789860,-0.02990556,-0.01104002,0.04671532,0.00228045,-0.02646073,0.01737444,-0.00707834,0.03112563
1992-07-31,0.00046655,-0.00835237,-0.00835237,0.01818675,0.01231279,-0.06132227,0.05306980,-0.01884337,-0.04944761,-0.04040786,-0.01630268,-0.03710247,0.02110440,-0.06982820
1992-08-31,-0.01153796,0.00330980,0.00330980,-0.02574773,-0.03435519,0.00141369,-0.04963384,-0.01301799,-0.01471004,0.02710252,-0.02049988,-0.04248006,-0.02055049,-0.00884932
1992-09-30,0.01769924,0.02906707,0.02906707,0.06587651,0.07124420,0.01227240,0.08647695,0.03238603,-0.02184168,0.01915893,0.01329376,0.02977683,0.07018575,0.05902642
1992-10-31,0.05079415,0.01179684,0.01179684,0.00566040,0.08205732,-0.03102435,0.09758707,0.01024143,-0.05591353,-0.02523326,0.00910163,0.03789929,0.07561467,0.01992008
1992-11-30,-0.02130500,-0.00473462,-0.00473462,0.02654673,0.05192418,0.00156093,0.08809499,0.02019606,-0.01955377,-0.02280504,-0.03658292,0.05309405,0.04494715,0.02185975
1992-12-31,0.03588037,0.02795925,0.02795925,0.06019090,0.12033236,0.10073653,0.04694264,0.02200002,0.04231251,0.02113013,0.03398400,0.00684821,0.09987056,0.06761248
1993-01-31,0.01925854,0.04881560,0.04881560,0.05807447,0.09011765,0.06061073,0.08933802,0.02533230,0.05009223,0.05273797,0.03490620,0.05172952,0.10106304,0.05696500
1993-02-28,0.03079975,0.01599565,0.01599565,-0.01958723,0.00172199,0.00736917,0.06613355,0.00078575,0.12451465,0.00764282,0.00199014,0.06963222,0.00872524,0.01394417
1993-03-31,-0.01235384,0.01843926,0.01843926,0.04676648,0.05867377,0.04197061,0.04530380,0.03460595,0.00122972,0.00909251,0.02538421,0.03416466,0.06636262,0.03489803
1993-04-30,-0.01836808,-0.05000152,-0.05000152,-0.03836841,0.00357334,-0.01864707,0.06227831,0.01579045,0.05220746,0.04194159,0.00904954,-0.02127359,-0.00780094,0.02212005
1993-05-31,0.01232776,0.00987289,0.00987289,0.07472328,0.04783346,0.00628890,0.04663167,0.01919898,-0.02449872,-0.02424269,-0.03263835,-0.04850641,0.03794335,-0.03708678
1993-06-30,0.03945097,0.06618403,0.06618403,0.06577756,0.05790865,0.05301355,0.04425040,0.03873599,-0.01883074,0.02935610,0.05482814,0.01711873,0.06855345,0.03646704
1993-07-31,0.03332628,0.07755290,0.07755290,0.06093290,0.05160603,0.06746746,0.03263376,0.02662900,0.00863212,0.03057846,0.05088114,0.03442723,0.07892906,0.04504567
1993-08-31,0.00877578,-0.00120090,-0.00120090,0.03248899,0.02806272,0.00301260,0.05256994,-0.00348011,0.01202219,-0.02990276,0.00600058,-0.00775585,0.05384552,-0.02068383
1993-09-30,0.00433298,0.01952693,0.01952693,0.07929009,0.06432258,0.05270109,0.08814058,0.03231823,-0.06349712,0.00881874,0.04497092,0.01302274,0.05668579,0.03073118
1993-10-31,-0.02659050,-0.05235502,-0.05235502,-0.06449365,-0.07349823,-0.08175909,-0.05400310,0.03708372,0.03600446,-0.00072314,-0.08273885,-0.03616595,-0.03650303,-0.01192359
1993-11-30,-0.05405914,-0.09305887,-0.09305887,-0.11318187,-0.11507964,-0.07576695,-0.10728533,-0.03555630,0.02373184,-0.01963979,-0.08246619,-0.04352329,-0.12353066,-0.02420071
1993-12-31,0.00023502,0.02878658,0.02878658,0.05511204,0.02247823,0.00803201,0.06063001,0.03856316,-0.00835147,0.02124277,0.02415902,0.00741132,0.04394762,0.00249929
1994-01-31,0.01240445,-0.01187150,-0.01187150,-0.00094962,-0.00741901,-0.02377188,0.00756228,0.04212086,0.00420582,0.00402435,0.01184272,-0.01184752,0.00373822,0.01044613
1994-02-28,0.00351743,-0.00648615,-0.00648615,0.00805824,0.01949757,0.02521239,0.01316907,0.00341857,-0.00725929,-0.00950494,-0.00672918,-0.01841480,-0.00278388,0.02452451
1994-03-31,-0.01634767,-0.01937319,-0.01937319,-0.03164095,-0.02619750,-0.04197444,0.00561982,-0.01292513,0.01435809,-0.01134642,-0.03635081,0.02327994,-0.01702896,-0.02066080
1994-04-30,0.00583711,0.00233107,0.00233107,0.02047981,0.01628838,-0.00005853,0.00194469,-0.00359564,0.04871120,0.00265626,-0.00808144,-0.01746797,0.00460307,-0.01469100
1994-05-31,-0.02217559,-0.02378043,-0.02378043,-0.03702156,-0.04812690,-0.04966230,-0.04441556,-0.00620167,0.02267667,0.02225757,-0.01613231,0.05256509,-0.04596372,-0.00635567
1994-06-30,-0.02276490,-0.02994382,-0.02994382,-0.06192352,-0.03578838,-0.00268251,-0.05345367,-0.01771187,0.05000930,0.00264370,-0.01897508,-0.01184502,-0.03333440,-0.00531826
1994-07-31,0.03580555,0.00567288,0.00567288,-0.01129508,-0.01000297,-0.00144659,0.00094520,-0.00997361,0.00578935,-0.01635548,-0.04802386,-0.01244085,-0.01350387,-0.02385606
1994-08-31,-0.00544135,0.02217899,0.02217899,0.02868169,0.02701622,-0.04233470,0.07358994,0.01858773,0.01485235,0.00321317,0.01776074,0.01479722,0.02467584,0.00883339
1994-09-30,-0.00993010,0.00994645,0.00994645,0.03050610,0.03086367,0.03130719,0.01765828,0.01945465,0.00999459,0.03286200,-0.00385657,0.01014418,0.03253317,0.03456807
1994-10-31,0.00941774,0.01071655,0.01071655,0.02613918,0.02437381,0.04176388,0.03012109,-0.02145515,-0.02078004,-0.02085418,0.01726529,-0.01191407,0.02155666,-0.03705303
1994-11-30,-0.01051300,-0.01874918,-0.01874918,-0.00534462,-0.00457656,-0.00589316,-0.01001096,-0.03982016,0.01880150,0.01716025,-0.01649089,-0.02082621,-0.00271695,0.00720841
1994-12-31,0.02584343,-0.00058657,-0.00058657,-0.01164180,-0.00811216,0.00398161,0.02945651,0.02227693,-0.00882179,-0.03736496,0.01452577,0.02409748,0.00607059,-0.04203805
1995-01-31,-0.00508092,0.01320728,0.01320728,-0.02618490,-0.02904563,-0.05585720,-0.03339548,-0.02637183,0.05268455,0.00809776,-0.07374656,-0.01724007,-0.03857146,-0.02927993
1995-02-28,-0.00663675,-0.01848303,-0.01848303,0.02095072,0.01361378,0.00872369,0.02744947,0.00639165,-0.01867498,-0.00366638,0.03591930,0.00196928,0.01460858,-0.00250716
1995-03-31,-0.00261631,0.01266505,0.01266505,0.03970543,0.01707748,0.01074875,0.03441207,0.00083138,-0.01587782,0.00807077,0.00434588,-0.01699431,0.01855776,0.00456963
1995-04-30,0.02729771,0.02853333,0.02853333,0.01728571,0.03118078,0.01369167,0.01979039,-0.00778788,0.01629757,0.01984613,0.03852738,0.05317886,0.03572396,0.02227929
1995-05-31,-0.00910162,-0.01754953,-0.01754953,-0.00661527,-0.01408151,-0.00412732,-0.04265457,-0.02892235,-0.03190521,-0.00109883,-0.00363389,-0.02076241,-0.03599604,-0.00823480
1995-06-30,0.01370027,0.01088465,0.01088465,0.10175592,0.06109814,0.04723999,0.09294594,0.01459228,-0.06303441,-0.03234438,0.01717085,0.06169103,0.06245233,0.00322942
1995-07-31,0.01310685,0.00594809,0.00594809,0.06927978,0.02336745,0.00679078,0.05975545,0.02232593,-0.05121866,-0.01684165,-0.00888774,0.00398672,0.02600223,-0.01177550
1995-08-31,-0.02487042,0.00278766,0.00278766,0.01046787,0.01900599,0.02004619,0.01822854,0.02791960,-0.01523935,-0.00178633,-0.01333159,0.01565142,0.01752109,0.02507527
1995-09-30,0.04287212,0.04653130,0.04653130,0.03784354,0.04862558,0.03124881,0.06509708,-0.01591161,0.03165128,0.00866242,-0.01663112,0.01394653,0.05741094,-0.00964089
1995-10-31,0.05830020,0.07213095,0.07213095,0.05573296,0.07069525,0.03398886,0.05851520,-0.02666122,0.02295542,-0.01277707,0.02473148,0.03462691,0.02841646,-0.05423048
1995-11-30,-0.00769233,-0.03637819,-0.03637819,-0.09241982,-0.07279620,-0.05443351,-0.04876070,-0.00741728,0.01294624,0.03779637,-0.01546066,-0.04077021,-0.05828309,0.01226829
1995-12-31,0.04093067,0.01573990,0.01573990,-0.04109973,-0.00904085,0.00631591,-0.06113368,0.01930598,0.04405833,0.05507527,-0.00507723,-0.00517652,0.06529816,-0.00666320
1996-01-31,0.01661044,0.02522922,0.02522922,0.01258992,-0.04878490,-0.07299542,-0.01413983,-0.00009962,-0.01641239,-0.01870975,0.02537695,0.00927630,-0.00476517,-0.00458426
1996-02-29,-0.00117727,-0.02421505,-0.02421505,0.02676793,0.01278664,-0.02131800,0.02709841,0.00599689,-0.03005328,0.00156041,-0.04834119,-0.00340072,0.01647236,-0.02723661
1996-03-31,-0.03593461,-0.04907676,-0.04907676,-0.02676059,-0.03652940,0.00548759,-0.01274170,0.01770670,0.04053815,0.00540030,-0.01161752,-0.05069756,0.00836292,-0.00233726
1996-04-30,-0.05907930,-0.06359092,-0.06359092,0.00287759,0.03385052,-0.04588296,0.08547827,0.03307701,-0.08308295,-0.06737804,0.00106860,-0.00485217,0.01001048,0.00912002
1996-05-31,0.00903079,0.00780279,0.00780279,0.04928726,0.05405351,0.05433302,0.02022255,0.00059627,-0.00180701,-0.01461791,0.05606103,-0.01933150,0.06572479,0.02822088
1996-06-30,0.05238465,0.08413525,0.08413525,0.02858286,-0.00179230,-0.00207494,-0.00691967,-0.03143064,0.06611775,-0.00821331,0.02128209,-0.03432525,0.01091832,-0.06617969
1996-07-31,0.00534010,0.04677172,0.04677172,-0.03099802,-0.06085643,-0.03931103,-0.09247926,-0.05724962,-0.00382888,-0.03191725,-0.05966320,-0.11667033,-0.05530287,-0.09093728
1996-08-31,-0.00770828,-0.01080080,-0.01080080,0.01733042,-0.00761233,0.01399392,-0.01889928,0.01944336,-0.03974831,-0.04829695,-0.02095749,-0.03072474,0.00935746,-0.01264749
1996-09-30,0.00892107,0.02407146,0.02407146,0.03312508,0.04409941,0.04127412,0.03746367,-0.02142367,-0.08040153,-0.00012410,0.00588042,-0.02580876,0.02592332,0.01801314
1996-10-31,0.02414383,0.07546328,0.07546328,0.03288964,0.04863553,0.07088715,0.01122215,-0.01689696,0.02595271,0.05019319,0.01696973,-0.00797857,0.05284402,0.04869924
1996-11-30,-0.00973544,-0.03868966,-0.03868966,-0.08846521,-0.10819746,-0.01618535,-0.07676082,-0.02414484,-0.04028956,0.01456763,0.01713431,-0.02682553,-0.10125786,0.00152178
1996-12-31,-0.02222454,-0.03736095,-0.03736095,-0.03690306,-0.03696842,-0.04281451,-0.01954455,0.02722774,0.03275792,0.01422528,-0.04874428,-0.02134221,-0.03402386,-0.04118325
1997-01-31,0.05042872,0.06753444,0.06753444,0.07291946,0.08847572,0.05474244,-0.01061733,-0.02592154,-0.05379146,0.01083341,0.04569308,-0.00227102,0.08050629,0.00148774
1997-02-28,-0.00101658,-0.03022473,-0.03022473,-0.10399812,-0.10109398,-0.08647824,-0.10028580,-0.02067336,0.10422601,0.03595980,-0.03582451,-0.01346012,-0.09728072,-0.05291001
1997-03-31,-0.00550869,0.02940620,0.02940620,0.00942693,0.00327365,0.00944805,0.03499194,-0.01030599,0.08565661,0.02607161,-0.03498766,0.01361587,0.02398674,-0.00279904
1997-04-30,0.07774429,0.11843061,0.11843061,0.13421965,0.14031055,0.10457965,0.02624261,-0.05519228,-0.00160646,-0.01434432,0.06436571,0.01757432,0.09238813,-0.04047327
1997-05-31,-0.02983795,-0.07757559,-0.07757559,-0.10173707,-0.10216331,-0.09675590,-0.01755501,0.04405205,-0.08262218,-0.08747672,-0.09173791,-0.01830947,-0.11173080,-0.01219665
1997-06-30,0.03107057,0.01513560,0.01513560,-0.00985228,0.01784094,0.01203903,-0.00518420,0.01443860,0.02178170,0.02390483,-0.00537440,0.02277768,0.01120894,-0.01399389
1997-07-31,0.02880529,0.03790782,0.03790782,0.13338399,0.10361048,0.00159505,0.13359132,-0.01397739,-0.04635190,-0.02258811,0.06081572,0.04984553,0.03701627,-0.02788119
1997-08-31,-0.05927103,-0.06284630,-0.06284630,-0.02315133,-0.04222000,-0.01371180,-0.02348924,0.05286104,0.02530057,0.00747152,-0.02458916,-0.00820206,0.01686486,0.03414732
1997-09-30,0.00792269,0.01345438,0.01345438,0.01849169,0.02185277,0.03417097,-0.01590707,0.01152707,-0.00236035,-0.00041735,-0.02190278,-0.02177995,0.04829133,0.01950083
1997-10-31,0.03787744,0.02639539,0.02639539,-0.04499166,-0.04964144,-0.03964430,-0.04163643,-0.00937163,0.02586828,0.00093900,-0.00541123,-0.01007292,-0.06312706,-0.04582681
1997-11-30,0.02675058,0.02931091,0.02931091,-0.00744875,-0.02315723,-0.10007099,0.04334368,-0.03914766,0.00501848,0.04488330,0.03067683,0.01130471,-0.03720585,-0.05938299
1997-12-31,0.02584000,0.02587000,0.02587000,-0.02898666,0.03196439,-0.00269617,-0.01467183,0.01086744,0.03741004,0.02703293,0.01018655,0.01342684,0.04652391,0.03894211
1998-01-31,0.00206994,-0.01623817,-0.01623817,-0.00384196,-0.01070744,-0.06281130,0.04702887,-0.02025206,-0.04133681,-0.02189415,-0.02549854,-0.03401630,-0.02685992,-0.07313441
1998-02-28,-0.01030284,-0.01181066,-0.01181066,0.03111359,0.00279293,-0.03122267,0.03281600,0.00352227,-0.02909147,-0.02700855,-0.02713665,0.03573898,0.01775714,-0.03251935
1998-03-31,0.02104174,0.01565521,0.01565521,-0.02717928,-0.02203287,0.01181050,-0.06551313,0.02285623,0.06552880,0.04964418,-0.05766321,0.05582718,0.02558177,-0.01229221
1998-04-30,-0.00911153,-0.02080608,-0.02080608,-0.00606903,0.00437305,-0.03569032,0.04834746,0.00650980,-0.00675782,-0.03174360,-0.00701464,0.00064021,0.01927298,-0.02377404
1998-05-31,0.03458708,0.06503626,0.06503626,0.04821085,0.00600310,0.03966241,-0.01153114,-0.04320112,-0.00978640,0.04612992,-0.01189770,-0.00245794,0.02299967,-0.02377553
1998-06-30,0.08243523,0.10425687,0.10425687,0.12018313,0.12817670,0.15096045,0.06202031,-0.01294863,0.00459064,0.00837394,0.03301658,0.04805014,0.13713869,-0.00262872
1998-07-31,0.06540088,0.08016703,0.08016703,0.08699246,0.09542068,0.12757830,0.06968282,-0.04327848,-0.03463459,0.00844115,0.10821901,0.05714782,0.07354224,0.06000176
1998-08-31,0.00080642,0.04024100,0.04024100,0.01327859,0.03227606,0.05727877,0.02309613,-0.04613612,0.05865031,0.08432541,0.00395239,-0.03452086,0.02579622,0.00122682
1998-09-30,-0.00661184,-0.01338649,-0.01338649,0.00016906,0.01993288,0.00275035,0.03583415,-0.00931217,-0.06142504,0.01210722,0.02611469,-0.03435510,0.03680523,0.02957640
1998-10-31,-0.03903190,-0.05378026,-0.05378026,-0.10698309,-0.12719075,-0.15284486,-0.03420383,-0.02457131,-0.00251192,-0.12861383,-0.06003789,-0.02856395,-0.12259204,-0.11768778
1998-11-30,-0.01267429,0.03887450,0.03887450,0.07188097,0.07164979,0.03791516,0.04865570,-0.01180456,0.01448218,-0.01929808,0.03424490,0.00591596,0.07540588,-0.01208618
1998-12-31,0.10267972,0.12770410,0.12770410,0.15657247,0.16696383,0.11868297,0.12163925,0.02470751,-0.05522019,0.08165143,0.08245496,0.14810858,0.14784919,0.07998248
1999-01-31,0.05485013,0.06616408,0.06616408,0.10276523,0.11857129,0.12176305,0.11284521,0.00147756,-0.12110098,0.04300838,0.09813108,0.13043231,0.12299064,0.15537847
1999-02-28,-0.01721445,-0.02095508,-0.02095508,-0.00637140,-0.02324493,-0.03732001,0.02898537,-0.01667354,0.06258282,-0.03070932,-0.06711885,-0.02350145,-0.02119317,-0.08089129
1999-03-31,0.07298354,-0.01501695,-0.01501695,-0.00893786,0.03317418,0.08088920,0.02976607,0.04045845,-0.04366592,0.03330799,0.01263554,-0.03334861,0.03486035,0.05243157
1999-04-30,-0.07052212,-0.12723834,-0.12723834,-0.16452171,-0.16156496,-0.04250023,-0.07335048,0.11257987,0.15032578,-0.03671987,-0.07506456,-0.10371509,-0.17044348,0.02925620
1999-05-31,-0.01282958,-0.08999448,-0.08999448,-0.10707184,-0.11015974,-0.10151813,-0.06635046,-0.00622607,0.06241593,0.02539645,-0.02757273,0.05089278,-0.11646455,-0.01287562
1999-06-30,0.04478370,0.07290627,0.07290627,0.07613587,0.03803668,-0.04048205,0.05557204,-0.03785777,-0.02538428,-0.08192038,0.07777372,-0.01792106,0.01162289,-0.09020627
1999-07-31,-0.00824251,-0.00633957,-0.00633957,0.01277511,0.00608400,-0.00388254,0.02696598,0.00592307,0.03087465,0.03982050,-0.01913245,0.02965197,-0.00663922,0.03553867
1999-08-31,0.00636523,0.00193837,0.00193837,0.06425489,0.09750470,0.01111258,0.11012926,-0.06954066,-0.05939313,-0.04007655,0.04548728,0.05065898,0.09654826,0.02377051
1999-09-30,0.10437444,0.06870964,0.06870964,0.11165223,0.10130977,0.06815319,0.07750414,-0.01293507,-0.01663936,0.01290046,0.08880516,0.12069709,0.12345360,0.00656574
1999-10-31,-0.04541264,0.05607866,0.05607866,0.19904080,0.09757258,0.03334856,0.20253102,-0.04051014,-0.04507349,0.02497994,0.02836454,0.02750311,0.08433922,0.00648007
1999-11-30,0.12278082,0.10745675,0.10745675,0.15301210,0.18968658,0.14622307,0.12636450,0.03229847,0.01184664,-0.02566039,0.09445366,0.09115586,0.18767750,0.12886024
1999-12-31,0.24370468,0.20100028,0.20100028,0.30540359,0.28853762,0.19565458,0.23064222,0.03624424,-0.04096296,0.14852211,0.14194838,0.15116137,0.27231753,0.36615018
2000-01-31,0.01386720,0.05236622,0.05236622,0.05586060,0.03484996,0.02793177,0.00234025,0.06026141,0.09510165,-0.05462615,0.00263710,0.01466317,0.03626590,0.00431072
2000-02-29,0.31630859,0.32304049,0.32304049,0.46956048,0.45887271,0.41570740,0.32835175,0.04995182,-0.06418058,0.05648827,0.19759263,0.20566010,0.46784076,0.32318770
2000-03-31,-0.09301380,-0.14204547,-0.14204547,-0.20422333,-0.23585807,-0.20728621,-0.16887460,-0.10296484,-0.04556945,-0.04415507,-0.17052975,-0.12541019,-0.21487342,-0.21987803
2000-04-30,-0.04396646,-0.10047762,-0.10047762,-0.11906130,-0.11973311,-0.10603939,-0.10091199,-0.08196245,0.13023770,-0.04595696,-0.10442158,-0.04128324,-0.13786470,-0.08688251
2000-05-31,-0.09378257,-0.14666337,-0.14666337,-0.19344947,-0.14433334,-0.19799087,-0.10182390,-0.03058635,0.09641784,0.09442992,-0.11923698,-0.13103040,-0.14260743,0.06832062
2000-06-30,0.14823267,0.22297157,0.22297157,0.34676893,0.31911057,0.25212450,0.22083413,0.22539643,-0.09261302,-0.07246532,0.17330402,0.11244769,0.32335913,-0.02722567
2000-07-31,0.02789184,-0.04638894,-0.04638894,-0.08039444,-0.08938019,-0.08193054,-0.04263906,-0.01835503,0.05218323,0.04141948,-0.01884062,-0.03351677,-0.07556310,-0.04010723
2000-08-31,0.12896453,0.06550250,0.06550250,0.09810221,0.09685574,0.04586798,0.11050986,0.04361271,-0.03315810,-0.10559266,0.04626655,0.06317096,0.08825159,-0.04980420
2000-09-30,-0.12972371,-0.12147965,-0.12147965,-0.05380210,-0.02737384,0.13886734,-0.10842262,-0.03195181,0.07297291,0.21920460,-0.11409523,-0.13495196,0.03968271,0.26190428
2000-10-31,-0.09415897,-0.15334045,-0.15334045,-0.13975868,-0.19249719,-0.04841390,-0.16714297,-0.08252756,0.05029198,0.05640190,-0.04763661,-0.05978083,-0.17421957,-0.03923992
2000-11-30,-0.12093643,0.00539009,0.00539009,-0.16705033,-0.20314711,-0.05605201,-0.24743769,-0.02083672,0.19488999,0.25927800,-0.05561062,-0.08382054,-0.19409178,0.18923813
2000-12-31,0.16215112,0.21553664,0.21553664,0.26098556,0.23550465,0.15897610,0.18490456,0.11451118,0.11707543,-0.01332722,0.09957332,0.08809827,0.20198775,-0.00885877
2001-01-31,-0.14339219,-0.29179973,-0.29179973,-0.26801714,-0.28649486,-0.31396849,-0.11335046,0.01774642,-0.17196227,-0.24815918,-0.24193443,-0.19205343,-0.26249459,-0.28162394
2001-02-28,0.17102966,0.19706609,0.19706609,0.07199325,0.02672576,0.33059405,-0.19431739,0.04344149,0.45778419,0.41091910,-0.01116998,0.14002323,-0.11733507,0.44445282
2001-03-31,0.01563881,0.05886451,0.05886451,0.04259318,0.11243699,0.10215577,-0.00976311,0.00941496,0.19060274,0.15795919,0.09538514,0.04516926,0.08552544,0.15397489
2001-04-30,-0.08609843,-0.11793852,-0.11793852,-0.06822682,-0.09685962,-0.16678008,-0.00045266,-0.01973751,-0.21239252,-0.16739381,-0.03328162,-0.07885905,0.00709594,-0.18783615
2001-05-31,0.02939492,0.05610212,0.05610212,0.06113377,0.04746003,0.02393186,0.04404765,0.00303386,0.06781584,0.05206304,0.00016206,0.03245559,-0.00787747,0.02749002
2001-06-30,-0.02186755,0.00873278,0.00873278,0.02489041,0.01977352,0.07049022,-0.01188336,0.02572347,0.01329288,-0.00605996,0.05474852,0.04515205,0.01271351,0.05006084
2001-07-31,-0.00805265,0.02779059,0.02779059,-0.00081569,-0.02828907,-0.03109214,-0.02169648,-0.00220839,0.09584430,0.07985087,-0.00666360,0.00905589,-0.10376774,0.00904072
2001-08-31,-0.01112192,0.06711872,0.06711872,0.09173615,0.06375413,0.06667891,0.08364077,0.01824667,0.15544156,0.12788314,0.06410122,0.05391216,-0.00275775,0.03602101
2001-09-30,0.02157520,0.10523053,0.10523053,0.03637596,0.09586277,0.03348793,0.11432348,-0.05325154,0.13127244,0.16303018,0.10115027,0.04837938,-0.02014585,-0.00908033
2001-10-31,-0.03719818,-0.07063272,-0.07063272,-0.06197744,-0.12145254,0.00738290,-0.15689568,0.00648998,-0.17124363,-0.19839937,-0.18567900,-0.10166762,0.02562425,-0.09247392
2001-11-30,0.01954063,-0.05546611,-0.05546611,-0.02017901,-0.07591057,-0.04101007,-0.08181764,0.02478180,-0.08898425,-0.16398936,-0.08954266,-0.11455266,-0.00032341,-0.06087711
2001-12-31,0.01415610,0.02033114,0.02033114,0.02812694,0.05272060,0.02212325,0.03966366,0.03885648,0.03782861,0.02040517,0.02455230,-0.01469839,0.03481138,0.00182201
2002-01-31,0.01872668,0.02751270,0.02751270,0.00615191,0.01463264,0.04997819,-0.01600627,-0.02519859,0.01511610,0.00955549,-0.00764785,0.07742029,0.02473929,0.05043359
2002-02-28,0.00823142,0.04640359,0.04640359,-0.01246078,-0.00753615,-0.03589200,0.00627200,-0.00309666,0.09056701,0.11914630,0.10211187,0.00694596,-0.05629657,0.01901809
2002-03-31,0.00554624,-0.01317587,-0.01317587,-0.00859932,0.01378785,-0.03117779,0.03445824,0.08037207,-0.05733403,-0.05617878,0.00139546,-0.02548609,0.03653672,-0.04623081
2002-04-30,0.05891875,0.12379652,0.12379652,0.08292278,0.06704011,0.07998628,0.01065341,0.06170903,0.10275141,0.16234961,0.03972365,0.01351541,0.06791175,0.16462959
2002-05-31,0.00007547,-0.00209841,-0.00209841,-0.03508109,-0.01868719,-0.00978071,-0.02360988,0.03050213,0.09750491,0.01846783,0.01691416,-0.00483322,-0.02538878,-0.03548296
2002-06-30,0.00980362,0.05527187,0.05527187,0.04721543,0.05588659,0.06840576,0.04062929,0.02482652,0.06892973,0.06656368,0.15659497,0.04598653,0.04933277,0.11410263
2002-07-31,-0.00438740,-0.03490469,-0.03490469,-0.11635506,-0.10931382,-0.15840625,-0.01864414,-0.04206839,-0.03259239,-0.03240976,-0.05451650,-0.07314085,-0.13017815,-0.15510588
2002-08-31,0.04833375,0.00302489,0.00302489,0.01989186,-0.04981596,-0.00643759,0.00123747,0.01724670,0.01714486,-0.03585137,-0.07276373,0.04732706,-0.02756169,-0.05394562
2002-09-30,0.06691867,0.11030643,0.11030643,0.12037673,0.10926896,0.09801280,0.05606001,-0.00589050,-0.06147849,0.08194509,-0.02233570,0.00200432,0.09198578,0.09678545
2002-10-31,-0.04751956,-0.16260735,-0.16260735,-0.18542670,-0.14852490,-0.14251477,0.00397410,-0.04364656,0.06778376,-0.17104908,-0.04021778,-0.04854702,-0.11417085,-0.19379034
2002-11-30,0.03230930,-0.14508225,-0.14508225,-0.12608867,-0.12096569,-0.14016245,-0.01798760,0.02441238,0.07015987,-0.17638963,-0.11023292,-0.07912347,-0.08036271,-0.12564459
2002-12-31,-0.03436268,0.10986863,0.10986863,0.13483158,0.07152002,0.00905546,0.05046629,0.02781900,-0.01420964,0.08409203,0.04705266,0.09039479,0.02730466,-0.03334858
2003-01-31,0.00830431,0.00526738,0.00526738,0.00670705,-0.01319857,0.02379579,-0.01217101,0.01678136,-0.04328020,-0.00402811,-0.00572836,0.00958245,0.02278460,-0.02032590
2003-02-28,0.02971334,0.03237606,0.03237606,0.01831584,0.01940155,-0.00909561,-0.01001431,-0.01884582,0.00902204,0.03834722,0.01223912,-0.03565412,0.03379313,0.04502619
2003-03-31,-0.01111634,0.01723658,0.01723658,0.02756222,0.02798826,-0.02044687,0.02559074,0.00781109,-0.01740947,-0.01116016,-0.00594941,-0.04896516,0.02302097,-0.02585947
2003-04-30,0.01972369,-0.04490455,-0.04490455,-0.06916844,-0.07299699,-0.00628087,-0.08256741,0.02150455,0.02233812,-0.07025820,-0.05901382,0.00483200,-0.04875211,-0.02074867
2003-05-31,0.04817888,-0.02837883,-0.02837883,-0.01756494,-0.02776300,0.01375166,-0.02917517,0.02867779,-0.04213733,0.00021410,-0.02694385,-0.00275043,-0.04565307,0.07262150
2003-06-30,0.00719405,-0.00775992,-0.00775992,-0.02259930,-0.00806602,-0.00055598,0.00926849,0.01336624,-0.02900146,-0.01115919,-0.01589124,-0.01471916,-0.01415684,-0.01027306
2003-07-31,0.00103627,0.01093989,0.01093989,0.01142384,-0.00880967,0.01769325,-0.02056447,-0.00399360,-0.02745995,-0.01890427,0.00553061,-0.02599695,-0.00757606,0.00190634
2003-08-31,0.00860938,0.01047078,0.01047078,0.03168692,0.00713783,0.02502272,-0.00092044,0.00369490,-0.00723719,0.04852044,-0.02678595,0.02707681,0.00131009,0.07646505
2003-09-30,0.01921271,0.02215579,0.02215579,-0.00537904,-0.01719798,-0.04459136,-0.01972563,-0.00101870,-0.00984524,-0.04063893,-0.00905518,-0.01534418,0.00465363,-0.06774714
2003-10-31,0.02260388,0.02813122,0.02813122,0.04430786,0.05078635,0.04649608,0.02976849,0.00598955,-0.02233388,0.02589385,0.06926703,0.03389346,0.04135981,0.07173703
2003-11-30,0.03415903,0.03680336,0.03680336,0.02616276,0.01342089,0.02530356,0.01668461,0.01254812,-0.02775556,0.00309771,-0.01994844,0.00548202,0.02930524,0.02293873
2003-12-31,-0.05973390,-0.05700597,-0.05700597,-0.07951761,-0.07442635,-0.09683256,-0.05555113,0.02927177,0.02772785,-0.01577497,-0.03155948,-0.04039429,-0.06931643,-0.06775621
2004-01-31,-0.01337059,-0.00888278,-0.00888278,0.01645621,0.02214614,0.01252679,0.02539916,0.01396590,0.01119315,-0.01166299,-0.01241044,0.03450658,0.01247427,-0.05844261
2004-02-29,-0.02197068,-0.02515054,-0.02515054,-0.01236673,-0.01185874,-0.00241219,-0.00708889,-0.00118094,-0.01557724,0.02295810,-0.04260878,-0.04345241,0.01317725,-0.02818124
2004-03-31,0.02296798,0.02314838,0.02314838,0.01644604,0.01997781,0.00703685,0.03499770,0.00467373,-0.04288681,-0.01551055,0.01885910,-0.02949627,0.03640103,-0.02653119
2004-04-30,-0.06430997,-0.06826590,-0.06826590,-0.08558229,-0.06342655,-0.07415490,-0.06640622,-0.00275199,-0.01084979,0.00793169,-0.07807441,-0.03101465,-0.02565534,-0.00063058
2004-05-31,0.02643605,0.02685904,0.02685904,0.05287511,0.03267063,-0.02373874,0.07031997,-0.01318396,-0.04172127,-0.01727955,0.05054824,0.04775245,0.04011698,0.00937715
2004-06-30,0.01619944,0.01471499,0.01471499,0.00945339,0.01306437,0.01647929,0.00151536,0.02832990,-0.00765762,-0.00040013,0.01925175,0.00202456,0.02768362,-0.00696509
2004-07-31,-0.01404173,0.00392113,0.00392113,-0.01295418,-0.03156926,0.01316425,-0.05167274,0.00482155,0.07470821,0.05440452,-0.02153845,-0.00641891,-0.01940654,0.04263356
2004-08-31,0.01566550,0.01035646,0.01035646,-0.00507244,-0.00324082,0.03019690,-0.04274359,0.00533326,0.01754588,0.00489481,-0.00067768,-0.02784133,0.01220229,-0.00418903
2004-09-30,0.06468937,0.03388185,0.03388185,0.06827042,0.08279480,0.01265002,0.11190200,0.03494663,-0.08026452,-0.01960354,0.03357846,0.06676061,0.07340514,0.01641701
2004-10-31,-0.01225684,-0.04295301,-0.04295301,-0.02941326,-0.03396713,-0.02827122,-0.01489203,0.00800411,-0.04202227,0.02942981,-0.00297858,-0.03080469,-0.03720190,0.02869479
2004-11-30,0.03450801,0.01970086,0.01970086,0.02960160,0.03972347,0.05114107,0.02440881,0.03045802,-0.05037744,0.00113561,0.02609495,0.02427867,0.04260182,0.04044287
2004-12-31,-0.03589793,-0.02721559,-0.02721559,-0.02536830,-0.03002476,-0.02955754,-0.01721655,0.00987813,-0.01145443,-0.00794447,-0.03568147,-0.04702178,-0.02760063,-0.01191052
2005-01-31,0.00831616,0.04599790,0.04599790,0.02739725,0.05895682,0.04038724,0.05151025,-0.02440543,-0.00356466,0.02570829,0.00211997,0.05911366,0.06101204,0.01103311
2005-02-28,0.09013118,0.05324982,0.05324982,0.01419389,0.03498594,0.03851545,0.02357086,0.00689918,0.01990217,0.04266889,0.05597501,0.11797874,0.03403666,0.03336849
2005-03-31,-0.00250472,0.02525048,0.02525048,-0.00792688,-0.00503126,-0.00818093,0.03141885,-0.00011083,0.03110356,0.00718547,0.02519359,-0.03176105,0.00043949,-0.02109046
2005-04-30,-0.00706390,-0.00957828,-0.00957828,-0.06578251,-0.05323367,-0.04103172,-0.01088609,-0.02664136,0.02938391,-0.00297436,-0.00516818,-0.04872848,-0.04632195,0.00534369
2005-05-31,-0.01042988,-0.01042851,-0.01042851,0.01573587,0.00360307,-0.00432331,0.02309893,0.00059099,-0.06661423,-0.04034226,0.01716928,-0.03071628,-0.01295490,-0.04799845
2005-06-30,0.05753619,0.04480291,0.04480291,0.05795682,0.04004638,0.03707670,0.02094371,0.02070717,0.00851197,0.01875338,0.01438599,0.06108722,0.04214656,0.00930810
2005-07-31,0.00542365,0.00718491,0.00718491,0.01119419,0.02238409,-0.06086526,0.03564781,0.00180495,-0.03991126,0.01126228,0.01921937,0.00624706,0.00001823,-0.01156386
2005-08-31,0.03027266,0.04984288,0.04984288,0.06310361,0.08476777,0.05324163,0.04455137,0.01613518,0.00749777,-0.02328392,0.02638447,0.04563663,0.09172415,0.01893057
2005-09-30,0.04697072,0.05898422,0.05898422,0.05371726,0.06836659,0.04827989,0.06773551,0.01170723,-0.03177884,0.00158638,0.06497894,0.03454749,0.06653225,0.02768024
2005-10-31,-0.02423935,-0.04930805,-0.04930805,-0.02691908,-0.05007373,-0.04634336,-0.04259934,-0.02968988,-0.02095471,-0.00416430,-0.04830280,-0.08166655,-0.05568178,-0.01469894
2005-11-30,-0.01118110,-0.01572929,-0.01572929,-0.01405503,-0.00247119,0.02957840,-0.01244810,-0.00913618,-0.03795312,-0.01438478,-0.01233658,-0.00959236,0.00316404,-0.01945240
2005-12-31,0.02609412,0.02030431,0.02030431,0.03417007,0.03359094,0.00654621,0.02721799,0.01735845,-0.00778894,-0.00080647,0.00666132,0.02237161,0.02106117,-0.01075701
2006-01-31,0.04835480,0.05497963,0.05497963,0.07409955,0.06652237,0.10366813,0.03658248,0.03566163,-0.03091737,0.00972658,0.05734497,0.10306108,0.05073979,0.07823432
2006-02-28,-0.02252105,-0.03068048,-0.03068048,-0.05684094,-0.05634055,-0.06075934,-0.04524474,0.01260751,0.04439258,0.00715861,-0.01226311,-0.07026324,-0.05128382,-0.05308232
2006-03-31,0.00135914,-0.00090624,-0.00090624,0.02814603,0.03958614,0.02930188,0.02739881,0.01270489,-0.01918233,-0.00451181,-0.00470844,0.02737138,0.02948375,0.02076506
2006-04-30,0.01661093,0.01476339,0.01476339,0.04278327,0.01977102,0.02959816,-0.00590212,0.02775691,-0.04209816,-0.00706896,0.01092294,0.02296787,0.01021456,-0.01282416
2006-05-31,-0.03285783,-0.03304628,-0.03304628,-0.04163025,-0.05225520,-0.04452079,-0.05491139,0.00976564,0.05648097,-0.00234959,-0.07640951,-0.04473323,-0.04586286,-0.02174101
2006-06-30,0.00186907,0.00461306,0.00461306,0.02282994,0.00376408,-0.01747723,0.00274605,-0.00394396,-0.03477204,-0.02026953,0.00769550,0.02485572,0.01666671,-0.03436460
2006-07-31,-0.02521963,-0.00926380,-0.00926380,-0.02464323,-0.00986953,-0.02527479,-0.00699979,-0.03865196,0.03373645,0.04252422,0.01950399,0.01624063,-0.00900995,0.01363944
2006-08-31,-0.02955666,-0.03731596,-0.03731596,-0.07445184,-0.08523972,-0.06473027,-0.05097397,0.00678790,0.03226037,0.00080745,-0.05931610,-0.05065388,-0.08586878,-0.02791573
2006-09-30,0.00005360,-0.00749177,-0.00749177,-0.02534085,-0.02972274,-0.02591821,-0.01676943,-0.01118217,0.02773945,0.00395038,0.00002694,-0.03926301,-0.02725025,0.01530073
2006-10-31,0.00340317,-0.01089663,-0.01089663,0.03544216,0.01361523,-0.02690629,0.04034730,0.04570415,-0.04341631,-0.00942274,-0.03335204,0.01637472,0.00696851,-0.01814532
2006-11-30,-0.00983161,-0.01754329,-0.01754329,-0.01852054,-0.01184477,-0.05894599,0.04759585,0.01729175,-0.04583374,-0.01986726,0.00521942,-0.00198107,-0.03203285,-0.00040841
2006-12-31,0.02307606,0.01667688,0.01667688,0.02138280,0.00224333,-0.01648886,0.01481488,0.02843412,0.02862565,0.02800930,-0.01049661,-0.02359213,0.01427998,0.00846659
2007-01-31,0.01002206,0.00036938,0.00036938,0.00043629,-0.00699851,-0.01658635,0.01063107,0.01671983,-0.02485238,-0.00046280,0.00836772,-0.01510311,0.00667165,0.01578977
2007-02-28,-0.01052662,-0.05019108,-0.05019108,-0.03895287,-0.00744482,-0.02125389,0.00215946,0.01868450,-0.02292914,0.00412748,-0.00149958,0.01359098,-0.00627140,-0.01091027
2007-03-31,0.01561441,0.01893544,0.01893544,0.00840474,0.04779841,0.04157270,0.03587052,0.02543900,-0.04116826,0.01726411,0.01815083,0.04315779,0.04493831,0.04967606
2007-04-30,-0.01597366,-0.02358603,-0.02358603,-0.02611251,-0.00379891,-0.00650088,-0.01775698,-0.02194443,0.00085703,-0.01430730,0.02443340,-0.00267611,-0.00622658,-0.00799667
2007-05-31,-0.02920540,-0.01159162,-0.01159162,0.03259711,0.02115799,0.05801038,-0.01438001,0.00737594,-0.05705990,0.01434979,0.02547834,-0.01396179,0.02595359,0.04154329
2007-06-30,-0.00410169,0.00072214,0.00072214,0.03071518,0.01434671,0.04173176,0.00114081,0.00406758,-0.01210785,0.01591349,0.00247751,0.03846808,0.01869432,0.01963461
2007-07-31,0.00638433,0.01945109,0.01945109,0.05085719,0.09182685,0.06435315,0.05902476,-0.01214442,-0.04847840,0.04553971,0.01671432,0.06246924,0.08700143,0.08521264
2007-08-31,-0.01130342,0.02072830,0.02072830,0.04181608,0.00357907,0.00217960,0.06833642,-0.04377883,0.00794575,-0.03269586,-0.02928851,-0.00786028,0.03580008,-0.03090544
2007-09-30,0.03241724,0.05250303,0.05250303,0.09774612,0.07304810,0.09302813,0.04655026,0.02247223,-0.05579305,0.01041270,0.07483952,0.03334159,0.07322372,0.04794516
2007-10-31,0.04935274,0.03520343,0.03520343,0.09311161,0.10075941,0.11478371,0.08062916,0.00945761,-0.06478966,-0.00168554,-0.01338000,0.03893516,0.10125023,0.03651299
2007-11-30,-0.01294486,0.04341740,0.04341740,0.05459833,0.06204182,0.06021979,0.03536812,-0.01780460,-0.02841440,0.03517455,-0.04376329,0.02145763,0.04731851,0.02133441
2007-12-31,0.06149149,0.07995372,0.07995372,0.10455453,0.12107799,0.10537451,0.09497435,0.00407928,-0.04753099,0.03214399,0.02767620,0.09694891,0.12513058,0.08282264
2008-01-31,-0.05833483,-0.15486726,-0.15486726,-0.18115802,-0.18450815,-0.13862234,-0.17306713,-0.04507867,0.09336309,-0.03651006,-0.11924453,-0.11383729,-0.18481340,-0.10701376
2008-02-29,0.05063101,0.11942480,0.11942480,0.18994063,0.18997043,0.14680254,0.10901761,0.00877605,-0.00711060,0.04399843,0.02984762,0.13592715,0.19231281,0.13301228
2008-03-31,-0.02869488,0.05263269,0.05263269,0.07041594,0.03572764,-0.01130836,0.03925720,-0.01383462,0.02791899,0.01828723,0.02802458,-0.02717464,0.03916016,-0.05427159
2008-04-30,0.05528155,-0.03713142,-0.03713142,-0.01204148,-0.03831863,-0.06925192,0.08369805,0.01991237,-0.06434731,-0.08746129,0.01591226,0.03833992,-0.04141845,-0.09470162
2008-05-31,-0.04289928,0.11701172,0.11701172,0.12702850,0.15060955,0.06164849,0.08672479,0.02824074,-0.01797308,-0.00074082,0.03466843,0.07138421,0.14856692,0.09683621
2008-06-30,0.04125853,0.20928322,0.20928322,0.25213398,0.25783839,0.21489050,0.14530409,-0.02215275,-0.03195752,0.16053955,0.09761325,0.15380741,0.23950905,0.20053133
2008-07-31,-0.08766840,-0.12321222,-0.12321222,-0.18701939,-0.16553107,-0.16158097,-0.10453794,0.00499588,0.14556422,-0.07308110,-0.13121022,-0.16396096,-0.21077740,-0.16404243
2008-08-31,-0.03931713,-0.05336493,-0.05336493,-0.07589608,-0.10395167,-0.10057386,-0.04065151,-0.00605126,0.06562209,-0.03858247,-0.05886744,-0.07074222,-0.10251737,-0.07812078
2008-09-30,-0.06143089,-0.08835878,-0.08835878,-0.14665185,-0.18424369,-0.07480616,-0.16101705,-0.03926762,0.16846390,0.05451191,-0.15698629,-0.08702430,-0.16787023,0.00922987
2008-10-31,0.00506335,-0.01921256,-0.01921256,-0.10824736,-0.10763023,0.02334085,0.01049561,-0.05401632,0.07785314,0.03378658,-0.04340462,-0.13212608,-0.05979325,0.07510561
2008-11-30,-0.01966302,0.01500953,0.01500953,-0.01054345,-0.02381576,-0.05384831,0.02569146,-0.01889331,0.06909745,-0.00735549,0.00320717,-0.17189848,-0.04015522,-0.12331151
2008-12-31,-0.02807292,-0.03465427,-0.03465427,-0.09720865,-0.13574417,-0.06607076,-0.08276844,0.03962891,-0.02692781,-0.09871580,-0.04204265,-0.02604114,-0.12702109,-0.10804580
2009-01-31,-0.05956749,-0.04774708,-0.04774708,-0.07250836,-0.17350373,-0.22837763,0.17894359,-0.04914470,-0.06750774,-0.07264451,-0.12707089,-0.09395858,-0.19839384,-0.10179363
2009-02-28,-0.02590281,0.00661100,0.00661100,-0.08117318,-0.00766550,-0.04553662,0.08717448,0.01447565,-0.05303655,-0.00842073,-0.02458469,0.03388357,-0.00150747,0.06663320
2009-03-31,0.05956277,-0.07264194,-0.07264194,-0.07677678,-0.13473693,-0.09669223,-0.00875759,0.00509925,0.02562642,-0.13390984,-0.10582556,-0.03604007,-0.09030143,-0.16289661
2009-04-30,0.14906489,-0.18199808,-0.18199808,-0.26195447,-0.28519322,-0.26744261,-0.08244310,0.02382590,0.03062031,-0.24854281,-0.20078010,-0.13871982,-0.17748794,-0.27995885
2009-05-31,0.00985765,-0.08900351,-0.08900351,-0.10079726,-0.09149119,0.06483918,-0.08647676,0.02592611,-0.08461978,-0.20523847,-0.02409704,-0.05218697,0.00764116,-0.08656402
2009-06-30,-0.00199889,0.01129171,0.01129171,0.02743638,-0.00164136,-0.07197038,0.04955145,0.01612064,0.05980069,0.01313277,-0.00792106,0.00860119,-0.01752765,-0.08076135
2009-07-31,-0.01594342,-0.04092788,-0.04092788,-0.05451968,-0.04434147,0.02520474,-0.02797320,0.00964339,0.03585532,-0.09196298,-0.07997577,-0.00115666,-0.00703629,-0.06860023
2009-08-31,-0.02324326,-0.00227927,-0.00227927,-0.02639538,0.01323096,0.07794820,-0.05042650,-0.00539249,0.09813940,-0.06321011,0.00896906,0.02711295,0.03909551,0.00924089
2009-09-30,0.02851060,0.01947302,0.01947302,-0.00357284,-0.04958936,0.00491854,-0.02074368,0.04781022,-0.03361652,-0.05029808,-0.01217502,-0.01075290,-0.03517506,-0.05442400
2009-10-31,-0.00761068,-0.01109875,-0.01109875,-0.06314671,-0.09997633,-0.07177291,-0.02111310,-0.03804907,-0.05308186,0.02068646,-0.02772072,-0.03354502,-0.06960588,-0.05566114
2009-11-30,-0.01277748,-0.00347225,-0.00347225,0.00043787,0.01156919,0.04723362,-0.01701567,-0.01322834,-0.03848635,0.02313916,0.04129310,0.00183375,0.02390743,0.03375280
2009-12-31,0.06263575,0.06836941,0.06836941,0.03014653,-0.00401809,-0.05564778,0.01520022,0.03972228,-0.00881501,-0.04354608,0.01393846,-0.02018535,0.00032353,-0.05088072
2010-01-31,-0.04885905,-0.05230780,-0.05230780,-0.02481221,-0.04906647,-0.03533895,-0.04436960,-0.01540300,0.00865132,-0.06809738,-0.14541453,-0.04209994,-0.06613121,-0.08041872
2010-02-28,0.03231277,0.03280660,0.03280660,0.06321845,0.05186290,0.05814353,0.03531206,0.00455387,0.00829373,0.00116881,0.00725527,0.03329256,0.05748423,0.02211382
2010-03-31,-0.01305728,-0.02420724,-0.02420724,0.02953187,0.06537508,-0.00268565,0.07270050,0.03952891,0.06822918,0.00898506,0.05276727,-0.00350890,0.00109885,-0.00240293
2010-04-30,0.02353187,0.01976613,0.01976613,0.04225068,0.04318083,0.00936519,0.04161132,0.01066900,0.02055174,0.01672327,0.05871870,0.01661302,-0.00194904,0.03019981
2010-05-31,0.03889119,0.05248963,0.05248963,0.01258049,-0.02657539,-0.00441550,-0.01650331,0.00606189,-0.03304418,-0.01083812,-0.00986961,-0.00419511,0.01143709,-0.04569076
2010-06-30,0.00836571,0.01563610,0.01563610,-0.03848853,-0.03501227,-0.02679761,-0.01298712,-0.00042756,-0.03097883,0.01195769,-0.11009680,-0.05386490,-0.02447015,-0.00818854
2010-07-31,-0.02797472,-0.02658971,-0.02658971,0.02733310,0.02871174,-0.02975105,0.05506330,0.01968463,0.04163780,-0.01628832,0.05316116,0.00563921,-0.02390524,-0.03268354
2010-08-31,0.02473731,0.02087150,0.02087150,-0.00597961,0.01866189,0.01532396,-0.00040462,0.01934268,-0.07723171,0.05351105,-0.03234117,-0.02345757,0.05866520,0.04605296
2010-09-30,0.01122525,0.00117046,0.00117046,0.03065729,0.01581782,-0.03382678,0.04777504,-0.00280621,0.01794171,-0.04997081,0.01019589,0.01719568,0.01776201,-0.04145200
2010-10-31,0.00133631,-0.01896836,-0.01896836,0.00499108,0.05321554,0.00982024,0.02121405,0.00742230,-0.03003263,0.03587603,0.06032797,0.00952830,0.03188891,0.00457234
2010-11-30,0.02015005,0.02938641,0.02938641,0.07756719,0.06705335,0.02878066,0.06260874,-0.00878731,-0.06231392,0.01441557,0.00435582,-0.00610780,0.06181698,0.02906868
2010-12-31,-0.03003364,-0.05941392,-0.05941392,-0.05591300,-0.05154583,-0.03545264,-0.02966832,0.01898692,0.02238135,-0.04477461,-0.00096420,-0.02686833,-0.05915624,-0.03148898
2011-01-31,-0.01613066,-0.02899006,-0.02899006,-0.03882338,-0.03805471,-0.03096402,-0.04056545,-0.00655471,0.03000003,-0.00393389,-0.01158232,0.01814114,-0.04694996,-0.03209497
2011-02-28,0.00736127,0.02673887,0.02673887,0.03826081,0.02988278,0.04313944,-0.02492887,0.04147218,-0.00104748,0.00783460,-0.02198585,0.00371966,0.04722544,0.02902370
2011-03-31,0.04413504,0.04847269,0.04847269,0.06279658,0.05818401,0.02568227,0.04826106,0.02578835,-0.01552705,0.01987044,0.03683246,-0.01130199,0.05408365,0.01668857
2011-04-30,-0.01662257,0.01709897,0.01709897,0.01555623,0.01213136,-0.04418442,0.05040117,0.00627957,-0.00377863,0.02851213,0.00828524,-0.01618334,0.03209151,0.00119880
2011-05-31,-0.00443537,0.01378706,0.01378706,-0.01171811,0.00231005,-0.01616708,0.01062321,0.01664017,-0.00891012,0.01007511,0.01157113,-0.02300901,0.00746509,-0.00535890
2011-06-30,0.03317689,0.02206413,0.02206413,0.03299894,0.04054035,0.01510362,0.01450257,0.00202459,0.02394131,0.02330899,0.00170606,-0.00827585,0.07032410,0.01283794
2011-07-31,0.01059220,0.01047728,0.01047728,0.01484093,0.02872224,-0.04736162,0.02475218,-0.01010889,0.01612754,0.00825169,0.02574590,0.05089830,0.02771680,0.02343474
2011-08-31,0.01836314,0.02833046,0.02833046,-0.03912756,0.01496770,-0.01555737,-0.04937261,-0.00266177,0.00568909,0.01275892,-0.07071248,0.00029381,0.04725997,-0.03346014
2011-09-30,0.05643367,0.04534045,0.04534045,-0.00379616,0.01274860,0.09218794,-0.14075763,-0.05866513,0.05264771,0.14735488,0.06924896,-0.00971853,0.03326664,0.10236029
2011-10-31,-0.05755903,-0.08108000,-0.08108000,-0.05545378,-0.04448716,-0.12013519,0.11799120,0.02841073,-0.06904173,-0.12988891,-0.01443558,0.00093671,-0.07967787,-0.11633710
2011-11-30,0.01650793,0.05409856,0.05409856,0.05580437,0.04809328,0.03854327,0.00389490,-0.01385496,0.01356193,0.04943895,0.01060402,0.04184815,0.05130542,0.03570890
2011-12-31,0.01404307,0.03432986,0.03432986,0.00192658,0.00500163,0.01722766,-0.00157969,0.01787956,0.06898628,0.04963217,0.03134784,0.00643908,0.00603499,0.00439687
2012-01-31,-0.00484860,-0.09417943,-0.09417943,-0.08791291,-0.08618868,-0.12240165,-0.00399604,-0.01743496,-0.09152973,-0.13567719,-0.04960111,-0.08919454,-0.08853058,-0.11161862
2012-02-29,0.03209271,0.00375402,0.00375402,0.00564512,0.01218487,-0.02846795,0.02351455,0.02195692,-0.04676555,-0.00883076,0.04435593,-0.01108183,0.01839825,0.02452152
2012-03-31,0.02213901,0.03745177,0.03745177,0.00476230,0.01454438,0.02851688,-0.00659510,-0.01061193,-0.00020257,0.03207939,0.02920490,0.04913096,0.00945074,0.07354872
2012-04-30,0.02671649,0.03012820,0.03012820,0.03506472,0.01597568,-0.02296392,0.07094518,-0.01745966,-0.00348101,0.01412305,0.01714835,0.01433155,0.02729758,-0.01767843
2012-05-31,0.04860370,0.07139930,0.07139930,0.08365526,0.10588061,0.03572745,0.09328453,-0.02119197,0.05062777,0.10610171,0.04033039,0.09353399,0.10716070,0.03058606
2012-06-30,-0.01832900,0.01133631,0.01133631,-0.00097355,-0.01682545,-0.01546010,-0.00210262,-0.00780565,0.02651852,0.01195229,-0.00415814,-0.01495768,-0.01876170,-0.01354902
2012-07-31,0.01858393,0.04769597,0.04769597,0.06124671,0.03991626,0.04159251,0.03812797,0.00702528,0.01203252,0.01967666,0.03214691,0.00804302,0.04024183,0.01286143
2012-08-31,-0.03526412,-0.03522160,-0.03522160,0.03118931,-0.00162389,0.01455678,0.00008394,0.00947836,-0.01871176,-0.03963407,-0.00874683,-0.00657898,0.00840159,-0.02585821
2012-09-30,-0.00396507,-0.02094309,-0.02094309,-0.03058812,-0.02702160,-0.02061971,-0.00401451,0.02768042,0.01043915,-0.00110026,-0.02464611,-0.03826466,-0.04661285,-0.02792168
2012-10-31,-0.01075308,0.00014990,0.00014990,-0.05224353,0.00781292,-0.00759503,0.01634631,0.01330708,0.09125100,0.01387914,-0.01054075,-0.01393898,-0.01950684,0.00085469
2012-11-30,-0.00389853,0.03208963,0.03208963,0.01960347,0.05443010,-0.01488671,0.05909846,-0.00318075,-0.00235793,-0.01217635,-0.01255388,0.00540342,0.03310416,0.00120309
2012-12-31,-0.03077717,-0.04352086,-0.04352086,-0.08772808,-0.00239985,-0.01585210,-0.07323300,0.04793301,0.04647633,0.00095670,-0.03583119,-0.00135601,-0.03048838,-0.00885099
2013-01-31,0.00075635,-0.01464722,-0.01464722,-0.00319806,-0.00397306,0.03590215,-0.09379783,0.03039739,0.00245921,-0.00010564,-0.03759437,0.01432513,-0.01122772,0.06557435
2013-02-28,0.02585733,0.03716803,0.03716803,0.01826479,0.03694501,-0.00080725,0.03352118,0.01039775,0.01172381,0.01877882,-0.00267642,0.03390858,0.05081839,0.01546472
2013-03-31,0.00687301,0.02900488,0.02900488,0.03254580,0.04222834,0.04174903,0.00778823,0.01383433,0.02097198,0.01650153,0.02102629,0.01402627,0.05640423,0.02863808
2013-04-30,-0.00562333,-0.01944368,-0.01944368,-0.03298009,-0.02087848,-0.00340842,0.01079090,-0.01573826,0.00421904,0.03121450,0.00554746,-0.01241505,-0.01347543,-0.02522957
2013-05-31,0.01033086,-0.00449229,-0.00449229,0.03662125,0.03371944,0.03439668,-0.00180175,-0.00474734,0.04298150,0.00538433,-0.04438851,0.00999825,-0.00231455,0.01230139
2013-06-30,0.00262654,0.04349217,0.04349217,0.02013517,0.01978522,0.05833703,-0.05427533,0.01667460,-0.00230858,0.07284970,0.02133238,0.00774639,0.04191318,0.05394261
2013-07-31,0.04399398,-0.00029343,-0.00029343,0.03973003,0.01747008,-0.01846780,0.05757996,0.01321467,-0.00760984,-0.01573893,-0.05450670,0.00497253,0.02538628,-0.01819518
2013-08-31,-0.01979637,-0.06312060,-0.06312060,-0.04494428,-0.04051836,-0.03529580,-0.04782805,0.02042451,-0.04871931,-0.03860841,-0.08626072,-0.01262344,-0.03542058,-0.00207135
2013-09-30,0.01273461,0.04308194,0.04308194,0.06589801,0.07249192,0.05665027,0.05603565,0.03380519,0.00335819,0.04520411,0.01330315,0.02277854,0.07888978,0.04501027
2013-10-31,0.02630267,0.00958560,0.00958560,-0.02111740,-0.03095357,-0.02841554,-0.00075184,-0.01860113,-0.00981045,-0.01101999,-0.02533266,0.00341244,-0.04932828,-0.05779429
2013-11-30,0.01150164,0.03848955,0.03848955,0.03565050,-0.00737401,-0.00185160,0.04295105,-0.02854557,-0.01778731,0.02269367,0.04338628,0.06170015,0.02529605,-0.01550859
2013-12-31,0.00572844,-0.00068795,-0.00068795,0.01544612,0.01327785,0.01244960,0.00459125,0.04105518,0.00201112,0.00481994,0.00591169,-0.01065215,0.01368678,-0.00888779
2014-01-31,-0.01142489,-0.01434059,-0.01434059,0.05250605,0.04791685,0.04054773,0.06352641,0.03191983,-0.01877657,0.02447320,-0.00489446,-0.01265479,0.03541284,0.02254053
2014-02-28,0.01447918,0.01310411,0.01310411,0.02330845,0.02174037,0.01711055,0.01599741,-0.00460513,-0.01360698,-0.00022567,0.00065827,0.00901376,0.01572089,0.03096428
2014-03-31,-0.04015332,-0.05274958,-0.05274958,-0.07802870,-0.09139453,-0.06510565,-0.06105474,-0.04767745,0.05097063,-0.00977469,-0.05301475,-0.03527993,-0.07421341,-0.07051497
2014-04-30,-0.04284552,-0.03502513,-0.03502513,-0.04676025,-0.04970409,-0.02189971,-0.07556833,-0.03028055,0.03452756,0.02969943,-0.01977549,-0.03068634,-0.05137644,0.00502969
2014-05-31,0.01774367,0.01118364,0.01118364,0.02853661,0.01383698,0.02528681,0.03838970,0.00382542,-0.02915776,-0.00179308,0.02563543,0.01134617,0.01898912,-0.00771035
2014-06-30,-0.00361857,-0.01112541,-0.01112541,0.02282706,-0.00029104,-0.00541635,0.04042782,0.03247385,0.03094422,-0.01965158,0.01485000,-0.00360417,0.00231121,-0.01321183
2014-07-31,-0.00649104,-0.00367236,-0.00367236,-0.00023720,-0.01657402,-0.04953675,-0.00480451,-0.02134075,-0.01442844,-0.01472339,0.00755124,0.00376213,0.02403798,-0.02103091
2014-08-31,-0.00406193,0.00272794,0.00272794,0.02489995,0.03013099,-0.01296361,0.01505470,-0.02003948,-0.05928804,-0.01124221,-0.02878532,0.00414863,0.02041745,-0.00753233
2014-09-30,0.01894886,0.04565988,0.04565988,0.03201203,0.03729913,0.01537587,0.01821741,-0.01078974,-0.04183948,0.01533744,-0.00089702,0.02658834,0.02473910,0.00003112
2014-10-31,-0.00203727,0.01515669,0.01515669,-0.00227945,0.04051533,0.02604017,0.01282746,-0.02458791,-0.07049698,-0.02692552,0.00305252,0.00763496,0.03979296,-0.02136103
2014-11-30,0.01111575,0.03835940,0.03835940,0.04834768,0.08401827,0.12077616,0.01718762,-0.03388028,0.01311402,0.00990975,0.02413758,0.09461653,0.10575372,0.03419817
2014-12-31,0.00777477,0.00140697,0.00140697,-0.01701936,-0.00705389,-0.00487588,-0.02229315,0.00294972,-0.00950644,0.04244286,-0.02253872,-0.00681410,-0.02011575,0.05596149
2015-01-31,0.02136460,0.05961039,0.05961039,0.07966164,0.05292833,0.06697135,0.00999253,0.01395053,0.02714013,0.00060467,0.05278843,0.05718556,0.07250456,0.02680551
2015-02-28,-0.01899298,-0.03335583,-0.03335583,-0.03202926,-0.07126077,-0.03187049,-0.06051365,-0.00685980,-0.03991858,-0.04826437,-0.01627342,-0.04482652,-0.07524168,-0.04879884
2015-03-31,0.01475485,0.01246870,0.01246870,0.02266647,0.02821549,0.05525547,-0.02392562,0.01712468,-0.03642075,0.04134984,0.01065689,0.02512660,0.02161329,0.03911732
2015-04-30,-0.05023640,-0.09238015,-0.09238015,-0.12264783,-0.12556978,-0.13297247,-0.03499198,-0.00770934,0.02218408,-0.05071544,-0.04936809,-0.06967481,-0.12621801,-0.10265093
2015-05-31,0.03851290,0.08996975,0.08996975,0.14308343,0.14642250,0.14099237,0.09750246,-0.00815930,-0.04815972,0.01572734,0.05231564,0.05399875,0.15160615,0.07001546
2015-06-30,0.00555136,0.03817017,0.03817017,0.03579770,0.04595643,0.04334641,0.00187510,0.01542519,0.00510780,0.05735174,0.03542941,0.03207218,0.04977358,0.03473808
2015-07-31,0.02843644,0.10371339,0.10371339,0.15499336,0.17106236,0.07052350,0.15706316,0.02239815,0.00557311,0.10353310,0.10130334,0.09082425,0.17562127,0.07543519
2015-08-31,-0.01223413,-0.02145437,-0.02145437,-0.03988133,-0.04474161,-0.04829640,-0.02463433,0.00774123,0.01934398,-0.03218890,-0.03666178,-0.02897065,-0.05043187,-0.04200587
2015-09-30,0.00693985,0.02152808,0.02152808,0.03146800,0.04762872,0.08358099,0.02024771,-0.02590026,-0.02710663,0.08203486,0.07037848,-0.00922270,0.04726752,0.08478555
2015-10-31,-0.02828491,-0.02739194,-0.02739194,-0.07049298,-0.06919845,-0.00454471,-0.06294302,0.01436709,0.01322502,-0.03954918,-0.02187374,-0.02030636,-0.06689243,-0.04157933
2015-11-30,0.00178853,0.02625673,0.02625673,0.02183028,0.03074291,0.00784863,0.05610978,0.01525397,-0.00558772,-0.00082551,0.02545151,0.00725528,0.02646965,-0.02168031
2015-12-31,0.03832326,0.01082814,0.01082814,0.07906701,0.03727359,0.06422312,0.05459060,0.00897512,-0.01709156,0.02318920,0.02091685,0.08757928,0.05029446,0.02553970
2016-01-31,0.03835005,-0.00204002,-0.00204002,0.02870077,0.00017285,0.07769528,-0.09972157,-0.03380378,0.06901005,0.07168265,-0.02732436,0.02943700,0.00073456,0.05715203
2016-02-29,-0.00426779,-0.09704637,-0.09704637,-0.07888319,-0.10705419,-0.05777068,-0.06910219,-0.01952933,0.03523492,-0.02380783,-0.06325767,-0.05801920,-0.10715773,-0.03808601
2016-03-31,0.00621627,-0.01848803,-0.01848803,-0.02205294,-0.03906547,-0.00536438,-0.05742443,0.01764147,0.07849647,-0.02257003,-0.03043161,-0.03919523,-0.03386049,-0.03259091
2016-04-30,-0.00188253,-0.06456390,-0.06456390,-0.09570556,-0.07981106,-0.06706102,-0.02154556,0.00678019,0.05984238,-0.07748209,-0.05390104,-0.00415749,-0.07202151,-0.03236863
2016-05-31,0.00926891,0.01217590,0.01217590,0.04721848,0.04148140,-0.00738333,0.06725922,0.01036969,-0.02761118,0.02178187,0.02721359,0.03081611,0.04128641,-0.01022104
2016-06-30,0.04813866,0.08819588,0.08819588,0.03161072,0.02458045,0.07973010,-0.03096249,-0.01378051,0.04820334,0.05324834,0.01721752,0.00895679,0.02297242,0.04310863
2016-07-31,-0.03033347,-0.07073455,-0.07073455,-0.04985838,-0.06592756,-0.06212578,-0.00866729,-0.00405172,-0.05521697,-0.03782961,-0.00870596,-0.03305503,-0.06614332,-0.03982083
2016-08-31,-0.02916065,-0.04225864,-0.04225864,-0.04942770,-0.04985618,-0.00179438,-0.04963676,0.02489793,-0.02001038,-0.05177875,-0.06934938,-0.01984716,-0.07122313,-0.02939460
2016-09-30,0.00026550,-0.00232985,-0.00232985,0.02589074,0.02491667,0.04509145,-0.01955194,0.02660798,0.01291222,-0.00742505,0.03058070,0.01472532,0.01632002,0.04399966
2016-10-31,-0.00831320,-0.00422802,-0.00422802,-0.00561589,-0.00891731,-0.05082174,0.02808639,-0.01896775,-0.03895050,0.05713772,-0.00596016,-0.02837480,-0.00103641,-0.03122260
2016-11-30,-0.05549064,-0.06907073,-0.06907073,0.02858003,0.00593709,0.02221130,-0.00897589,-0.00417362,0.09831538,-0.02457587,-0.05760881,0.02751428,-0.01431340,0.01118271
2016-12-31,-0.02006368,-0.03058227,-0.03058227,-0.03398835,-0.02891467,-0.01172596,-0.01218333,-0.00801328,-0.01494221,-0.01142194,-0.04011594,-0.03318939,-0.01164547,0.00183251
2017-01-31,0.00941599,0.02690011,0.02690011,0.04643446,0.01488162,-0.00725150,0.01048153,-0.00062133,-0.02005485,-0.03231578,-0.00546959,-0.00902823,0.00396658,-0.02812307
2017-02-28,-0.02980115,-0.02370380,-0.02370380,-0.03803004,-0.04421671,0.00294062,-0.04133644,-0.04216399,-0.06987389,0.02108007,-0.01859483,-0.04759701,-0.04890954,-0.01573951
2017-03-31,-0.00530979,0.01561621,0.01561621,0.01911087,0.00089224,-0.02009826,0.03940673,0.00951176,-0.00508392,0.00270103,0.02539984,-0.02333226,0.01735635,-0.03063257
2017-04-30,0.01554992,0.01333353,0.01333353,-0.00841922,-0.01630478,0.00338779,-0.04393539,0.00643988,-0.06596883,0.03691504,0.00615407,-0.02674205,-0.00717059,0.01142160
2017-05-31,0.05377908,0.05421814,0.05421814,0.03498534,0.08538309,0.05110051,0.04829460,-0.01667187,-0.09310712,0.04125708,0.04061575,0.03921359,0.08790494,0.02972240
2017-06-30,-0.03931682,-0.03438981,-0.03438981,-0.00431013,-0.04004878,-0.08802784,0.01883906,0.02758063,0.00406997,-0.02691211,-0.03434627,-0.01002226,-0.06679280,-0.03789146
2017-07-31,0.03307096,0.02921334,0.02921334,0.00699577,0.00541632,0.00091652,0.00274926,0.01701019,-0.00113910,-0.01388017,0.00676890,0.00349489,0.00340732,0.01356443
2017-08-31,0.04862307,0.06820536,0.06820536,0.07537825,0.06165652,0.08317037,0.00161130,-0.01893416,-0.04946084,0.04365680,0.01952951,0.02098798,0.07242342,0.04314546
2017-09-30,-0.03887959,-0.04826396,-0.04826396,-0.01198967,-0.00807451,-0.04439428,0.03382611,0.02449203,0.07500123,-0.04214362,-0.03335878,-0.01032681,-0.02063016,-0.05805471
2017-10-31,0.07870507,0.09179158,0.09179158,0.10106632,0.08356646,0.06954164,0.07239797,-0.00810670,-0.07821482,0.07214602,0.05400172,0.02314118,0.05666782,0.10503383
2017-11-30,-0.02018520,-0.03119814,-0.03119814,-0.03430560,-0.03514829,0.00311788,-0.04875261,-0.02806360,-0.00388053,-0.01980402,-0.03096399,-0.02089678,-0.04433048,-0.00072958
2017-12-31,-0.03760293,-0.03875869,-0.03875869,-0.03973907,-0.03604426,0.00969223,-0.06367315,0.00334594,0.01945616,0.00877706,-0.02197674,-0.03791142,-0.02576713,-0.01322516
2018-01-31,0.04409931,0.06047049,0.06047049,0.09582816,0.10681003,0.05264986,0.05206663,-0.01392987,-0.08798384,0.04641847,0.05217986,0.03483973,0.10248860,0.05299345
2018-02-28,0.03849624,0.05425838,0.05425838,0.05716911,0.06141324,0.05688720,0.06764327,-0.00443366,-0.07989975,0.03461279,0.04457332,0.03120646,0.03632797,0.06363809
2018-03-31,-0.02381439,-0.02412968,-0.02412968,-0.04030931,-0.04014062,-0.04328570,-0.04828445,0.01508150,0.00817330,-0.03243155,-0.01595928,-0.05051691,-0.03601216,-0.04591355
2018-04-30,0.00969724,0.01272366,0.01272366,-0.00340416,-0.00495332,0.03214689,0.00252839,0.00694248,-0.01493112,0.00465287,0.01664618,-0.02302844,-0.00345472,0.01655410
2018-05-31,0.03415976,0.05024014,0.05024014,0.10339532,0.09802580,0.05894867,0.06939698,-0.00509640,-0.03232951,0.03589572,0.02404554,0.03569705,0.09284823,0.05531416
2018-06-30,-0.01269143,-0.04838332,-0.04838332,-0.03267573,-0.05684766,-0.00432856,-0.07230652,0.02573155,0.00985446,-0.00046054,-0.02340822,0.00081672,-0.04799368,-0.02183743
2018-07-31,-0.03393211,-0.02014395,-0.02014395,-0.02793911,-0.06596473,-0.04707342,-0.00907986,-0.04577095,-0.01837196,-0.06028013,-0.03100023,-0.06537977,-0.07348361,-0.06760046
2018-08-31,0.07836041,0.07382317,0.07382317,0.09709193,0.09196031,0.10233413,0.02500002,-0.03191069,-0.05808759,0.04704629,0.04385747,0.04310455,0.08799438,0.09841580
2018-09-30,0.00809941,0.01769663,0.01769663,0.01040330,0.00154575,0.01891484,0.01239145,-0.03932967,-0.00332038,0.03911895,0.02171329,0.01321734,0.00832551,0.03766704
2018-10-31,-0.06021089,-0.03015098,-0.03015098,-0.11131084,-0.11089687,-0.01849926,-0.11261312,-0.03525145,0.08398907,0.04223477,0.00087160,0.00830740,-0.09751534,-0.05997569
2018-11-30,-0.00889590,-0.00992165,-0.00992165,-0.00410807,-0.01860466,-0.11199314,-0.02477866,-0.00315511,0.00477353,-0.04376971,0.01026318,0.05577599,-0.02431043,-0.07861680
2018-12-31,0.00256328,0.01735988,0.01735988,0.00794698,0.02939397,0.04833820,-0.00530659,-0.00872585,-0.00974212,0.04695622,-0.01651475,0.02519521,0.04630331,0.04863015
2019-01-31,-0.03316585,-0.07826032,-0.07826032,-0.05737688,-0.08619104,-0.15700245,0.03308885,0.03964658,-0.05106193,-0.13740935,-0.02749957,0.00073256,-0.05874699,-0.15052813
2019-02-28,-0.00402047,0.01693752,0.01693752,0.01335741,0.02753540,0.00950550,0.03068669,-0.01136073,-0.04752812,-0.00520664,0.02665984,-0.02426815,0.03050553,0.00980148
2019-03-31,-0.02118544,0.04143798,0.04143798,0.01182122,0.00352620,-0.01785081,-0.01140671,-0.01545801,0.01823100,0.00266489,0.03963295,0.01306949,0.00677839,-0.02731261
2019-04-30,-0.04265712,-0.05935826,-0.05935826,-0.03608909,-0.05233490,-0.02095193,-0.03091373,-0.00215591,-0.03193938,-0.01649817,-0.03439113,0.02653058,-0.06295967,-0.00973361
2019-05-31,0.07057718,0.14269293,0.14269293,0.17780434,0.13652262,0.04209954,0.05718185,-0.01543160,0.03513643,0.12527084,0.05205512,0.05049736,0.14760357,0.08094701
2019-06-30,-0.03878615,-0.04216923,-0.04216923,-0.05424989,-0.06418271,-0.02524023,-0.08249374,-0.04111494,-0.04715797,-0.03481634,-0.02452159,-0.04673815,-0.07141997,-0.04596715
2019-07-31,-0.02999815,0.00754434,0.00754434,0.03464253,0.01115075,0.02066709,0.02967228,-0.01734700,0.00572111,0.03384767,0.04180856,0.04095595,0.00570470,0.02791438
2019-08-31,0.06520708,0.09638450,0.09638450,0.10382688,0.10756050,0.09438126,0.07212665,-0.04782190,0.00965174,0.11187185,0.02669641,0.04532479,0.12284343,0.07539435
2019-09-30,-0.04829253,-0.07932397,-0.07932397,-0.13033939,-0.11250614,-0.11490506,-0.08893822,0.00218038,0.07442081,-0.04815122,-0.04556129,-0.02967913,-0.11343035,-0.10927952
2019-10-31,-0.03920289,-0.03810715,-0.03810715,-0.01886194,0.01084867,-0.00810985,-0.03295203,-0.00623735,-0.01758081,-0.01271617,-0.00918035,0.03182170,0.00816826,-0.03622537
2019-11-30,-0.03330885,-0.03875447,-0.03875447,0.00596293,-0.02881088,-0.04384089,0.00205245,-0.01674642,-0.03655786,-0.03346733,-0.02174407,-0.01054808,-0.03302905,-0.03916514
2019-12-31,-0.01114272,-0.02566905,-0.02566905,-0.02256141,-0.05355494,0.00857563,-0.03321381,0.00540655,0.00825652,-0.03300684,-0.01093312,-0.01763214,-0.04885155,0.00275561
2020-01-31,0.07801713,0.12880547,0.12880547,0.13221433,0.12742320,0.07295627,0.08428501,-0.05169359,-0.09640372,0.06860066,0.07506099,0.00203890,0.10931039,0.05104147
2020-02-29,0.00744073,0.04531169,0.04531169,0.02169968,0.04461242,0.04136870,-0.04991371,0.00487973,-0.07417884,0.02369854,0.01092865,0.00969914,0.04448203,0.02178518
2020-03-31,0.11905483,0.15608911,0.15608911,0.18984205,0.23759330,0.14867815,0.10920278,-0.09828337,-0.09497868,0.22628499,0.06796447,0.09052874,0.23547114,0.22950639
2020-04-30,0.03396614,-0.06933503,-0.06933503,-0.11191127,-0.13497529,-0.12324737,-0.03698857,0.02024952,-0.06125810,-0.17218719,-0.06189373,-0.06419393,-0.13840874,-0.09817333
2020-05-31,0.00222449,0.00444564,0.00444564,0.03107118,0.03560666,0.00818934,-0.02194612,0.07181323,-0.04257919,-0.04283580,0.02712753,0.00390237,0.03348943,-0.02320599
2020-06-30,0.07333426,0.00439015,0.00439015,-0.00252219,0.01728137,-0.02548849,0.07173519,-0.00206402,0.00417043,-0.05232234,0.00230193,-0.03921002,0.01564313,-0.01210517
2020-07-31,0.02427477,0.08441520,0.08441520,0.10733429,0.11036419,0.14693661,0.07571484,-0.03939937,-0.03029892,0.09000378,0.01680034,0.04020531,0.10837669,0.09640899
2020-08-31,0.07409991,0.06955788,0.06955788,0.09218724,0.08644622,0.04006247,0.13845752,-0.01986879,-0.04269308,-0.00389620,0.00495665,-0.01744271,0.08226414,0.02980440
2020-09-30,-0.03615440,0.00932746,0.00932746,0.06523618,0.02153133,-0.01084001,-0.02743745,0.02106585,-0.02236205,-0.04649777,-0.01119796,0.05677406,0.01837952,-0.06956325
2020-10-31,-0.01413699,-0.02827363,-0.02827363,-0.04674066,-0.03706640,-0.01362370,-0.05805975,0.03571992,-0.00084135,0.03157147,-0.00171811,-0.04632441,-0.04542486,0.02383002
2020-11-30,-0.05933062,-0.11609521,-0.11609521,-0.10960210,-0.09561278,0.08347867,-0.13492974,0.10007963,0.02843822,-0.07554397,-0.10970527,-0.11875645,-0.11031182,-0.00615194
2020-12-31,0.01614496,-0.00858462,-0.00858462,-0.00746983,-0.00549919,0.04072770,-0.01278378,0.00436900,-0.00369035,-0.06815117,-0.02348147,-0.03502468,-0.01280530,-0.05987426
2021-01-31,0.01302025,-0.03476144,-0.03476144,0.01537589,0.02893763,0.02802310,0.04743960,0.04299530,0.02480288,0.01093674,-0.00123329,-0.03364952,0.05664849,0.03927129
2021-02-28,-0.10072067,-0.08770962,-0.08770962,-0.05627661,-0.10489495,0.00352630,-0.18169976,0.03912618,0.08065760,0.06686741,-0.08750223,-0.02784503,-0.13822365,0.08257138
2021-03-31,-0.08006953,-0.08353180,-0.08353180,-0.13174633,-0.15515948,-0.13084395,-0.08825101,-0.03928118,0.10538970,0.03504713,-0.09505981,-0.03082435,-0.16990338,-0.08366147
2021-04-30,0.02642917,0.03165780,0.03165780,0.03258922,0.02439121,-0.02377087,0.01854165,-0.01321544,-0.03659665,-0.01314996,-0.00487768,-0.01503003,0.01716560,-0.04895503
2021-05-31,0.03625947,0.02533014,0.02533014,-0.04677422,-0.05903697,-0.00779793,-0.06835338,0.02146625,0.08180272,0.07561500,-0.03071316,-0.02267204,-0.05842959,0.03227898
2021-06-30,-0.04007355,-0.04773400,-0.04773400,0.07018719,0.06541995,-0.03168250,0.05920821,-0.03647356,-0.12623750,-0.06449555,0.03126741,0.02704002,0.05170393,-0.06361432
2021-07-31,-0.00250790,0.00648585,0.00648585,-0.04138620,-0.01149882,0.02347038,-0.00471059,-0.07943189,-0.08473701,0.03240196,-0.00191068,-0.03835221,-0.02776643,0.02703510
2021-08-31,0.04098819,0.04028802,0.04028802,0.03343023,0.03165869,0.03745471,0.01540028,-0.01283824,-0.03454651,-0.01550058,0.00721199,-0.01370576,-0.00023294,-0.01328769
2021-09-30,-0.02845978,-0.02748024,-0.02748024,0.03184999,0.00278025,-0.03888821,0.06223081,0.07278048,0.08763104,0.01666750,0.03461136,0.04260214,0.02911590,-0.01716132
2021-10-31,0.06972943,0.06628139,0.06628139,0.01449227,0.03294823,0.06053760,0.01974967,-0.02876734,-0.07139891,-0.02932851,0.06843604,0.01289437,0.00114932,-0.01437246
2021-11-30,0.03002076,0.07089693,0.07089693,0.13075927,0.05590273,0.17308607,0.01712780,-0.05247003,-0.02976532,-0.05196207,0.04004689,-0.00608149,0.09897637,-0.04314549
2021-12-31,-0.02008351,-0.00857532,-0.00857532,-0.06115963,-0.10426137,-0.08309860,-0.00565302,-0.08338098,0.09126960,0.11531490,-0.04665645,-0.05458466,-0.07271721,-0.04546436
2022-01-31,-0.07607763,-0.04026421,-0.04026421,-0.07512690,-0.03741793,-0.01987018,0.03867458,-0.01724739,0.24082374,0.10643412,-0.02269453,0.09046401,0.04171334,0.06239489
2022-02-28,-0.03443405,-0.02630414,-0.02630414,-0.02362189,0.07798614,0.08287390,0.11145074,0.02867662,0.00059660,0.03989156,-0.00343526,0.03556591,0.06733277,0.06192734
2022-03-31,0.03434950,0.05062214,0.05062214,0.08625388,0.06362782,0.02887434,0.06032444,-0.06463682,-0.05753075,-0.00716950,-0.01745151,0.00888639,0.06074105,0.03005291
2022-04-30,0.00345705,0.02677840,0.02677840,0.06661326,0.08785223,0.14391765,-0.04987196,-0.03109416,0.15411061,0.25686668,0.02483513,0.03029226,0.12353905,0.18096034
2022-05-31,-0.03047766,-0.04333077,-0.04333077,0.04388206,-0.01308718,0.04100881,0.09046782,-0.00882050,0.14748480,-0.02915319,-0.00753205,0.01377893,-0.00230007,0.00445783
2022-06-30,-0.04114358,0.02381312,0.02381312,0.00698636,-0.04741488,-0.03471221,0.00334664,-0.00209712,0.05877319,-0.01775908,0.04208970,-0.05790838,-0.06192232,-0.02901426
2022-07-31,0.00429118,-0.04816592,-0.04816592,-0.07109185,-0.02802446,-0.07136862,0.05404681,-0.02740748,-0.12324280,-0.17740376,-0.05055273,-0.02732941,0.00120928,-0.13770872
2022-08-31,0.04469677,0.03703389,0.03703389,-0.00091568,-0.01014811,0.00131359,0.00458314,0.03605812,0.06912419,0.02130754,0.00000140,0.05301105,0.00865402,0.02772002
2022-09-30,0.00323597,0.09536442,0.09536442,0.04389316,0.03591565,0.02193109,-0.00218717,0.01606761,-0.00156091,0.02687614,0.00180654,0.01104445,0.05164612,0.03018668
2022-10-31,0.02299429,0.07531651,0.07531651,0.14580481,0.06545826,-0.00758153,0.07399635,-0.00008028,0.10274795,0.06716563,0.01119010,0.01248125,0.05757553,0.12330323
2022-11-30,0.00990939,-0.09219174,-0.09219174,-0.09197606,-0.09117228,-0.03090775,-0.02117963,-0.02263621,0.03824532,0.00726281,-0.04606179,-0.00394185,-0.11708404,-0.01968523
2022-12-31,0.00473711,0.03206920,0.03206920,0.02957057,0.11445037,-0.01544842,0.05069163,0.01208319,0.15696553,0.13581629,0.03534174,0.03353301,0.11068606,0.10359101
2023-01-31,-0.02098268,-0.14391009,-0.14391009,-0.20426450,-0.19477235,-0.13572156,-0.14887160,0.05933452,-0.08709164,-0.17081658,-0.13132685,-0.04811574,-0.17281825,-0.14113682
2023-02-28,-0.00599525,0.00143513,0.00143513,-0.08928082,-0.07787481,-0.04844482,-0.03615721,-0.01912630,-0.09793747,0.00068589,-0.01604023,-0.00332409,-0.07507778,0.03949662
2023-03-31,-0.01583478,-0.03000307,-0.03000307,-0.01753823,-0.09473822,0.02019737,-0.01708206,-0.04384820,-0.01822371,-0.06503472,0.07892860,0.05182505,-0.05752796,-0.02531321
2023-04-30,-0.04148795,-0.02060749,-0.02060749,0.01240218,0.03136969,0.11424801,0.03311781,-0.03677023,0.06176478,0.07899297,-0.00089683,0.02242708,0.00072428,-0.02732419
2023-05-31,-0.00268233,0.03678885,0.03678885,0.04306321,0.02159535,0.13377497,0.00668978,-0.00225305,-0.03022876,-0.08428454,0.06317244,0.00550025,0.02913989,0.00217386
2023-06-30,0.02698117,0.01571259,0.01571259,-0.04917533,-0.00034815,-0.02356440,-0.01944743,0.01245295,-0.06979530,-0.00444583,-0.01303240,0.01799915,-0.00546776,-0.03296814
2023-07-31,-0.05171787,-0.06247493,-0.06247493,-0.02090363,0.02320930,-0.03772191,-0.02535532,0.05959437,0.00858437,-0.06148830,-0.03380078,-0.03293484,-0.00621828,-0.01849118
2023-08-31,0.05468404,0.08229251,0.08229251,0.07939405,0.01973934,0.01438605,0.03868590,-0.06123464,-0.03414168,0.04456530,-0.00702024,0.06013147,0.03412324,-0.01043338
2023-09-30,-0.06655484,-0.05066402,-0.05066402,-0.03745737,-0.00582849,0.03866287,-0.04351000,0.01082428,-0.03011033,0.01782334,-0.02386776,-0.02759805,-0.00818527,0.04301627
2023-10-31,-0.00601096,0.01011271,0.01011271,0.03984009,0.05285351,0.00844062,0.06429202,-0.07594244,0.08039954,0.07583609,0.07745785,-0.01165738,0.06633895,0.03756410
2023-11-30,0.04191541,0.03926979,0.03926979,0.03255770,0.01504149,0.00663444,0.05169089,0.02288737,0.11485781,-0.09630472,-0.00589343,-0.04052272,-0.00319266,-0.04310083
2023-12-31,-0.02809742,-0.02339640,-0.02339640,-0.04599593,-0.04517982,-0.08407986,-0.05396112,0.07893525,0.04307437,-0.13415811,-0.12971126,-0.03464123,-0.05643985,-0.07698268
2024-01-31,0.04456296,0.10750094,0.10750094,0.09899370,0.08323126,-0.00443137,0.09619400,-0.07485046,0.00344081,0.07472605,0.07900769,0.02665733,0.16171712,0.02858822
2024-02-29,0.10854500,0.09048571,0.09048571,0.12242897,0.09291532,0.05229634,0.13681430,0.04112111,0.07100520,0.04380892,0.01321650,0.00926665,0.11761161,0.09087081
2024-03-31,-0.02721975,-0.02478375,-0.02478375,-0.01622747,-0.00991267,0.00759121,-0.00969089,0.02210636,-0.07068164,0.01118172,0.00059739,-0.04316830,0.01226771,0.01056754
2024-04-30,-0.01218656,-0.01176739,-0.01176739,-0.00143322,0.00074167,-0.02267769,0.00013275,-0.02246903,-0.07750381,0.01986781,0.02367855,-0.04756212,0.00312922,-0.00572941
2024-05-31,-0.02189298,0.02116829,0.02116829,0.07814385,0.07636109,0.13235275,0.10404363,-0.04382533,-0.08080071,-0.06402253,0.01854331,-0.01066165,0.08281099,0.03217305
2024-06-30,0.00371449,0.04812994,0.04812994,0.05891348,0.10346635,0.00610700,0.11826824,-0.07095172,-0.08766590,0.07291905,0.13120515,0.00141284,0.09141170,0.04370280
2024-07-31,-0.09179673,-0.12613601,-0.12613601,-0.15585377,-0.09922300,-0.08484608,-0.03814785,0.03755707,0.07046652,-0.00120101,-0.08643535,0.04116191,-0.14902364,-0.01850678
2024-08-31,0.00655409,0.01315282,0.01315282,0.07271748,0.01407890,0.01499528,0.09332574,0.00680695,-0.03797446,0.01071278,0.02712941,-0.02059504,0.04270856,-0.00601027
2024-09-30,0.00477463,-0.00032972,-0.00032972,0.04383061,0.04230894,0.00892383,0.02146569,0.00364231,0.01044086,-0.03816440,-0.01535002,0.00644949,-0.06374874,0.00207299
2024-10-31,0.01640879,0.05443256,0.05443256,0.09455054,0.09239479,0.06758227,0.04044695,0.02324191,-0.03816656,-0.04509501,0.00615737,-0.00254554,0.09966882,-0.04572453
2024-11-30,0.00497089,-0.01855490,-0.01855490,-0.02353538,0.00864777,0.05802937,-0.05480616,0.06704786,0.04317051,0.06931246,0.01265504,-0.03968901,-0.01138624,0.14165826
2024-12-31,0.04982848,0.03387338,0.03387338,0.03278108,-0.01675432,0.04953320,-0.08270639,-0.03583473,-0.01716463,-0.08960812,0.03617147,0.03234079,0.00181659,-0.03522384
2025-01-31,0.02700116,0.04744615,0.04744615,-0.03751353,-0.03229251,0.00305082,-0.02876583,0.05974232,0.04372029,0.07103269,0.01872461,0.04925280,-0.01889474,0.02934360
2025-02-28,0.00571428,0.00949440,0.00949440,-0.05627463,-0.04994734,-0.09956083,0.04954957,-0.02779202,-0.05907389,-0.03732377,-0.11154666,-0.04784570,-0.07234943,-0.08559361
2025-03-31,-0.03903689,-0.03490146,-0.03490146,-0.07552963,-0.06562842,-0.07822393,0.00329253,-0.01166407,0.07494646,0.09072152,-0.09076510,0.01920818,-0.00604878,0.07225788
2025-04-30,0.01481197,0.08810934,0.08810934,0.17633238,0.11067315,0.08921828,0.11657203,0.02997605,-0.01169695,-0.08283799,0.02459220,0.00452492,0.10116498,-0.06319560
2025-05-31,0.02033341,0.01862742,0.01862742,0.11405236,0.09990664,0.05177117,0.16197916,0.03838577,-0.03804044,-0.15141800,0.08525275,-0.02916477,0.05181682,0.09563259
2025-06-30,-0.02646523,-0.04486597,-0.04486597,-0.05039247,0.00288080,0.03671387,-0.08326046,-0.03383325,-0.09494167,-0.09137987,0.07813161,-0.00730140,-0.03192215,-0.00515701
2025-07-31,0.00040983,-0.02281516,-0.02281516,0.04614238,0.05887381,-0.02845568,0.06058805,-0.01196842,-0.07655212,0.04620828,0.03137039,-0.04290147,-0.00400466,0.06595936
2025-08-31,-0.02435143,-0.05618576,-0.05618576,-0.05884518,-0.09831162,-0.06759483,-0.04458627,0.02936121,0.06271859,-0.07830336,-0.10101081,-0.02757649,-0.09161212,-0.07806206
2025-09-30,0.03748546,0.04271007,0.04271007,0.08922997,0.13829562,0.13033844,0.12951781,-0.03454660,-0.02624087,-0.00261519,0.08045056,0.10159632,0.08866727,0.11807234
2025-10-31,-0.04102242,0.02129803,0.02129803,0.06887380,0.05946734,0.09870990,-0.12529785,-0.02056615,-0.02525366,0.07518329,0.07430022,0.10795452,0.01356825,0.10625041
2025-11-30,-0.05897655,0.01686055,0.01686055,-0.00728776,-0.02841504,-0.08540812,-0.02325256,0.02531794,0.10880703,0.03732897,-0.06776173,-0.04341411,-0.00667837,-0.02677522
2025-12-31,0.01388690,-0.06448792,-0.06448792,-0.07061513,-0.05544178,-0.01722374,-0.05097315,0.01728820,0.00762422,0.03864578,-0.00798419,0.00463162,-0.05636463,0.00035788
