formation_date,universe,n_stocks,r2_cut_rq2,r2_cut_rq3,r2_cut_rq4,r2_cut_rq5,slope_cut_rq1_sq2,slope_cut_rq1_sq3,slope_cut_rq1_sq4,slope_cut_rq1_sq5,slope_cut_rq2_sq2,slope_cut_rq2_sq3,slope_cut_rq2_sq4,slope_cut_rq2_sq5,slope_cut_rq3_sq2,slope_cut_rq3_sq3,slope_cut_rq3_sq4,slope_cut_rq3_sq5,slope_cut_rq4_sq2,slope_cut_rq4_sq3,slope_cut_rq4_sq4,slope_cut_rq4_sq5,slope_cut_rq5_sq2,slope_cut_rq5_sq3,slope_cut_rq5_sq4,slope_cut_rq5_sq5
1963-07-02,full,1610,0.28874778,0.61040181,0.75740426,0.85472031,-0.00022495,0.00004915,0.00027143,0.00045245,0.00052040,0.00072067,0.00091234,0.00114624,0.00086409,0.00106099,0.00132646,0.00165280,0.00106289,0.00130436,0.00159051,0.00204639,0.00141131,0.00171162,0.00204751,0.00252798
1963-08-01,full,1608,0.30697313,0.60143667,0.75280033,0.85035957,-0.00021427,0.00007318,0.00024623,0.00044007,0.00045998,0.00069434,0.00088246,0.00112580,0.00080311,0.00104980,0.00125114,0.00163987,0.00103254,0.00135116,0.00159002,0.00201127,0.00141728,0.00175198,0.00211519,0.00265733
1963-08-30,full,1608,0.31429207,0.60822401,0.75219003,0.85127764,-0.00018717,0.00007565,0.00023386,0.00042709,0.00047351,0.00067943,0.00086423,0.00111029,0.00080374,0.00103498,0.00123249,0.00156260,0.00112196,0.00138590,0.00166934,0.00218695,0.00143156,0.00173124,0.00214206,0.00268058
1963-10-01,full,1604,0.28621947,0.59468263,0.74700465,0.85373818,-0.00019225,0.00006262,0.00024039,0.00042119,0.00047524,0.00065547,0.00082653,0.00104749,0.00075208,0.00100098,0.00122279,0.00159071,0.00108345,0.00137371,0.00161428,0.00205217,0.00146221,0.00179516,0.00219381,0.00290364
1963-10-30,full,1604,0.21758199,0.53724618,0.71475827,0.83806916,-0.00018056,0.00004060,0.00016118,0.00030985,0.00024974,0.00047465,0.00061759,0.00080867,0.00057619,0.00078340,0.00101754,0.00138155,0.00091280,0.00111696,0.00134403,0.00176559,0.00131498,0.00166207,0.00208562,0.00292708
1963-12-03,full,1596,0.16643753,0.45425869,0.66515522,0.80715932,-0.00015837,-0.00001277,0.00008796,0.00022041,-0.00029620,0.00030132,0.00046381,0.00068743,0.00032258,0.00060259,0.00080082,0.00105420,0.00070881,0.00095868,0.00120322,0.00163562,0.00105097,0.00145580,0.00187390,0.00271784
1964-01-03,full,1584,0.14723690,0.40229330,0.61991941,0.78135086,-0.00010470,-0.00000494,0.00007588,0.00017629,-0.00039183,0.00021561,0.00037021,0.00055272,-0.00036160,0.00051658,0.00073137,0.00097736,0.00044586,0.00077227,0.00099707,0.00140484,0.00096552,0.00136005,0.00181114,0.00268536
1964-02-03,full,1598,0.11693949,0.38883542,0.60149820,0.77118413,-0.00012031,-0.00002726,0.00007540,0.00017196,-0.00035499,0.00020997,0.00034247,0.00048402,-0.00052346,0.00045359,0.00066736,0.00098174,0.00029461,0.00075470,0.00099743,0.00149396,0.00086961,0.00128121,0.00168924,0.00256173
1964-03-04,full,1610,0.10808033,0.34990792,0.57674857,0.76548015,-0.00013322,-0.00002273,0.00006496,0.00015624,-0.00033756,0.00015174,0.00031729,0.00049243,-0.00045219,0.00042201,0.00062844,0.00097916,0.00033412,0.00073066,0.00099905,0.00141904,0.00090113,0.00126333,0.00173460,0.00248563
1964-04-03,full,1617,0.10281278,0.32792118,0.56006967,0.76145360,-0.00011672,-0.00001823,0.00006581,0.00014985,-0.00031832,0.00018374,0.00031904,0.00048505,-0.00042853,0.00043651,0.00064774,0.00095753,-0.00056189,0.00068189,0.00092307,0.00132310,0.00088977,0.00128733,0.00174075,0.00251818
1964-05-04,full,1622,0.10786712,0.35093619,0.58239538,0.76518105,-0.00010709,-0.00001593,0.00007214,0.00019271,-0.00031640,0.00020220,0.00035818,0.00051536,-0.00046848,0.00045122,0.00066525,0.00098741,0.00032063,0.00077404,0.00104354,0.00154175,0.00087854,0.00127792,0.00170724,0.00248366
1964-06-03,full,1617,0.12880343,0.39986161,0.61341535,0.78836442,-0.00010007,0.00000621,0.00008832,0.00018617,-0.00030655,0.00023227,0.00040263,0.00064980,-0.00034523,0.00054609,0.00076133,0.00104175,0.00039619,0.00084558,0.00111604,0.00152268,0.00090440,0.00125455,0.00170377,0.00235272
1964-07-02,full,1617,0.14656225,0.42002568,0.63483659,0.80044887,-0.00015016,-0.00000621,0.00008791,0.00021949,-0.00038848,0.00022674,0.00040695,0.00066590,0.00020155,0.00058719,0.00078785,0.00107550,0.00052681,0.00087903,0.00111926,0.00149427,0.00094531,0.00133447,0.00166710,0.00241989
1964-08-03,full,1619,0.17643564,0.43093062,0.64532801,0.80808420,-0.00016185,-0.00001303,0.00008940,0.00020089,-0.00036543,0.00028033,0.00048260,0.00072743,-0.00041579,0.00054886,0.00076398,0.00110388,0.00061242,0.00091192,0.00122005,0.00156237,0.00099566,0.00136165,0.00167931,0.00242356
1964-09-01,full,1626,0.16444681,0.45797932,0.67590669,0.81075054,-0.00014646,0.00002219,0.00011391,0.00023434,-0.00035130,0.00029887,0.00046916,0.00071675,0.00013177,0.00058035,0.00082470,0.00115593,0.00056651,0.00090341,0.00119061,0.00154877,0.00095132,0.00133762,0.00165961,0.00242073
1964-10-01,full,1630,0.19073061,0.49669988,0.69941676,0.82922379,-0.00012832,0.00001794,0.00012989,0.00025292,-0.00041045,0.00029260,0.00048330,0.00071504,0.00040290,0.00067782,0.00088732,0.00120667,0.00070034,0.00097015,0.00126784,0.00171878,0.00106058,0.00138975,0.00167406,0.00239789
1964-10-30,full,1640,0.20032626,0.52286907,0.71373468,0.84438909,-0.00015710,-0.00002239,0.00009585,0.00025269,-0.00040375,0.00037441,0.00057371,0.00086291,0.00034634,0.00064591,0.00085944,0.00118364,0.00072603,0.00103065,0.00129848,0.00172734,0.00108400,0.00140801,0.00177913,0.00254204
1964-12-02,full,1642,0.20380645,0.52007640,0.70980379,0.84018334,-0.00019859,-0.00003334,0.00009171,0.00025403,-0.00039175,0.00036457,0.00053767,0.00079370,0.00038576,0.00065566,0.00087166,0.00127746,0.00075747,0.00101775,0.00130788,0.00175184,0.00107976,0.00143454,0.00178817,0.00251673
1965-01-04,full,1648,0.18113598,0.48079124,0.68644020,0.82243090,-0.00015335,-0.00001977,0.00010186,0.00023237,-0.00042587,0.00030026,0.00049280,0.00069487,0.00033896,0.00060375,0.00080489,0.00116364,0.00061487,0.00091096,0.00125541,0.00170880,0.00101312,0.00133783,0.00178451,0.00248103
1965-02-02,full,1659,0.15646470,0.47771441,0.68551257,0.82387969,-0.00014793,-0.00002393,0.00009494,0.00022930,-0.00036048,0.00031368,0.00046421,0.00071812,0.00036826,0.00061076,0.00082296,0.00117225,0.00065203,0.00091780,0.00119148,0.00165023,0.00100674,0.00136431,0.00179928,0.00238513
1965-03-04,full,1676,0.19785825,0.48103514,0.70139599,0.82718215,-0.00011879,0.00000786,0.00012054,0.00023419,-0.00041040,0.00034373,0.00049698,0.00069115,0.00038028,0.00061535,0.00086034,0.00120619,0.00071200,0.00096949,0.00128252,0.00171757,0.00099476,0.00129399,0.00175871,0.00239268
1965-04-02,full,1687,0.21262956,0.50378871,0.71186623,0.84146454,-0.00021489,-0.00002284,0.00013253,0.00027440,-0.00036701,0.00035871,0.00051255,0.00077465,0.00051851,0.00073065,0.00095881,0.00139467,0.00076958,0.00103573,0.00134796,0.00179447,0.00101974,0.00140040,0.00184808,0.00245226
1965-05-04,full,1695,0.26642433,0.55578907,0.73813230,0.85504143,-0.00017580,-0.00000384,0.00015427,0.00031501,0.00022575,0.00044889,0.00060916,0.00087493,0.00058561,0.00080709,0.00108944,0.00142935,0.00086154,0.00114243,0.00151898,0.00207391,0.00109507,0.00154582,0.00197592,0.00253819
1965-06-03,full,1694,0.25998979,0.57539710,0.75253966,0.85688861,-0.00017364,0.00001805,0.00016522,0.00036872,0.00030787,0.00047797,0.00063480,0.00094078,0.00059978,0.00085904,0.00113072,0.00150284,0.00084410,0.00120348,0.00158696,0.00199806,0.00122767,0.00166051,0.00209559,0.00260467
1965-07-02,full,1702,0.20388048,0.49845415,0.68173940,0.80273636,-0.00012859,0.00003244,0.00015509,0.00032016,-0.00030881,0.00033455,0.00051308,0.00071990,0.00054187,0.00073719,0.00096967,0.00131008,0.00076573,0.00110666,0.00140766,0.00186518,0.00120906,0.00168399,0.00202046,0.00261277
1965-08-03,full,1705,0.16269274,0.43307921,0.62760824,0.77308391,-0.00014061,-0.00000998,0.00010427,0.00024682,-0.00031479,0.00033090,0.00047015,0.00070923,0.00042657,0.00062432,0.00084171,0.00110946,0.00070484,0.00103098,0.00132073,0.00174659,0.00111512,0.00163449,0.00201207,0.00266837
1965-09-01,full,1712,0.14178268,0.38847081,0.60183200,0.75926303,-0.00014078,-0.00001618,0.00008315,0.00018924,-0.00031320,0.00028328,0.00043197,0.00061095,-0.00036327,0.00057810,0.00078424,0.00107594,0.00052242,0.00092046,0.00124597,0.00169194,0.00110241,0.00153370,0.00194411,0.00264400
1965-10-01,full,1709,0.12228365,0.35770311,0.59160632,0.76158037,-0.00012489,-0.00000673,0.00008811,0.00019219,-0.00036230,0.00018584,0.00035184,0.00057959,-0.00035592,0.00056055,0.00079495,0.00108614,0.00057234,0.00090335,0.00118587,0.00157792,0.00111022,0.00152413,0.00192058,0.00264146
1965-11-01,full,1717,0.12239276,0.35846949,0.59453095,0.76195543,-0.00012547,-0.00002054,0.00008737,0.00019103,-0.00028730,0.00023497,0.00039293,0.00058518,-0.00042163,0.00054647,0.00085458,0.00121688,0.00065866,0.00095374,0.00123284,0.00165739,0.00117235,0.00154876,0.00197495,0.00281118
1965-12-02,full,1735,0.11964642,0.36572707,0.58836067,0.77382155,-0.00012982,-0.00002515,0.00006830,0.00018363,-0.00032313,0.00024753,0.00044835,0.00064842,0.00029152,0.00060854,0.00087125,0.00124740,0.00061558,0.00099815,0.00139863,0.00181397,0.00126617,0.00161554,0.00215698,0.00306026
1966-01-03,full,1740,0.12594880,0.36974282,0.58512699,0.76318388,-0.00014508,-0.00004644,0.00006487,0.00017767,-0.00029168,0.00027223,0.00045268,0.00069403,-0.00026399,0.00061308,0.00087831,0.00128275,0.00067943,0.00111075,0.00150260,0.00203376,0.00123604,0.00170359,0.00230404,0.00324365
1966-02-01,full,1747,0.13796910,0.38798853,0.60732409,0.76620377,-0.00013435,-0.00002868,0.00007462,0.00021146,-0.00032920,0.00028548,0.00047255,0.00075780,0.00037312,0.00071271,0.00099496,0.00142566,0.00075577,0.00113958,0.00156005,0.00219986,0.00139538,0.00188395,0.00251744,0.00350873
1966-03-03,full,1759,0.16390803,0.44398736,0.63993505,0.78733627,-0.00013703,-0.00001268,0.00011322,0.00025365,-0.00027335,0.00034986,0.00052742,0.00082515,0.00056298,0.00088270,0.00123980,0.00167034,0.00093011,0.00129837,0.00177291,0.00244003,0.00160840,0.00210959,0.00278298,0.00379689
1966-04-01,full,1761,0.18707812,0.48285678,0.67145419,0.79930070,-0.00016528,-0.00001745,0.00013202,0.00025333,-0.00024062,0.00044721,0.00060830,0.00090005,0.00058112,0.00094646,0.00127197,0.00176954,0.00099552,0.00150555,0.00186558,0.00255301,0.00182558,0.00230191,0.00298298,0.00433032
1966-05-03,full,1776,0.25584688,0.55430642,0.72834145,0.83451803,-0.00016202,0.00000012,0.00014866,0.00029698,-0.00028627,0.00050982,0.00072313,0.00098620,0.00068065,0.00107311,0.00142587,0.00187737,0.00121852,0.00168767,0.00216021,0.00279088,0.00196618,0.00253649,0.00330097,0.00460982
1966-06-02,full,1764,0.24488278,0.54228198,0.72045500,0.83218972,-0.00016369,0.00001380,0.00017096,0.00036618,-0.00035656,0.00048365,0.00071503,0.00097031,0.00068429,0.00107191,0.00141399,0.00186206,0.00119837,0.00160817,0.00213421,0.00290597,0.00205509,0.00260031,0.00339994,0.00453774
1966-07-01,full,1767,0.19432443,0.46874137,0.66567682,0.80895974,-0.00015476,0.00003042,0.00017309,0.00032068,-0.00034435,0.00041931,0.00061535,0.00096943,-0.00041095,0.00090072,0.00130680,0.00171687,0.00097733,0.00140375,0.00195883,0.00274277,0.00176475,0.00235906,0.00323238,0.00459234
1966-08-02,full,1782,0.13889151,0.37667956,0.62545925,0.77961245,-0.00015724,-0.00001696,0.00010944,0.00024747,-0.00030789,0.00037010,0.00057900,0.00083882,-0.00046911,0.00071404,0.00109241,0.00151395,-0.00063147,0.00112025,0.00169896,0.00246221,-0.00050643,0.00199115,0.00279993,0.00411733
1966-08-31,full,1770,0.08711689,0.29869876,0.54356122,0.74580515,-0.00014304,-0.00002677,0.00007988,0.00023559,-0.00041559,0.00015596,0.00041205,0.00068473,-0.00060822,0.00041824,0.00084756,0.00136516,-0.00074595,0.00089836,0.00150730,0.00228117,-0.00098532,-0.00060308,0.00193321,0.00348657
1966-09-30,full,1784,0.08056252,0.25485176,0.50313876,0.72048511,-0.00020810,-0.00007991,0.00002351,0.00017748,-0.00045798,-0.00027659,0.00038749,0.00069628,-0.00077358,-0.00046079,0.00061867,0.00127975,-0.00101721,-0.00065464,0.00099456,0.00180690,-0.00139542,-0.00103362,-0.00075912,0.00223062
1966-10-31,full,1784,0.08447335,0.28588873,0.52008642,0.72297216,-0.00022012,-0.00006601,0.00005773,0.00022143,-0.00064327,-0.00039290,0.00022825,0.00071932,-0.00098923,-0.00073276,-0.00044710,0.00096344,-0.00138100,-0.00101608,-0.00075530,0.00107402,-0.00186224,-0.00138086,-0.00107884,-0.00074097
1966-12-01,full,1776,0.09626022,0.33553912,0.55496456,0.75187773,-0.00024160,-0.00009621,0.00003101,0.00019889,-0.00073576,-0.00046850,-0.00023113,0.00057592,-0.00117412,-0.00086987,-0.00060748,-0.00032832,-0.00155208,-0.00118487,-0.00092486,-0.00055390,-0.00220321,-0.00173007,-0.00138231,-0.00100659
1967-01-03,full,1776,0.10465230,0.33366410,0.57973335,0.77190867,-0.00027678,-0.00012416,0.00003069,0.00018512,-0.00075869,-0.00050666,-0.00032143,0.00037936,-0.00126403,-0.00088459,-0.00064410,0.00060353,-0.00173150,-0.00129746,-0.00098344,-0.00066808,-0.00238787,-0.00179728,-0.00147057,-0.00102837
1967-02-01,full,1792,0.05876632,0.22804222,0.44544668,0.64345214,-0.00019787,-0.00008988,0.00004161,0.00015456,-0.00061643,-0.00039804,-0.00023597,0.00037327,-0.00106185,-0.00074912,-0.00054260,0.00048331,-0.00146131,-0.00111053,-0.00081268,0.00065862,-0.00220950,-0.00173564,-0.00133356,-0.00079380
1967-03-03,full,1799,0.03327638,0.12544274,0.27337009,0.49239405,-0.00014101,-0.00005598,0.00003425,0.00014895,-0.00043614,-0.00030395,-0.00013546,0.00032892,-0.00071167,-0.00047473,0.00029771,0.00068314,-0.00121061,-0.00089255,-0.00045126,0.00092452,-0.00171521,-0.00119513,0.00063208,0.00170156
1967-04-04,full,1808,0.02459518,0.10621574,0.24480904,0.44016498,-0.00011168,-0.00003220,0.00003523,0.00012554,-0.00036490,-0.00018259,0.00028447,0.00043631,-0.00059642,-0.00022137,0.00047703,0.00085788,-0.00095577,0.00039506,0.00073458,0.00124009,-0.00098576,0.00092208,0.00155095,0.00239484
1967-05-03,full,1813,0.05698880,0.17790192,0.36298394,0.56362218,-0.00012276,0.00000199,0.00009353,0.00023543,-0.00043866,0.00026324,0.00045382,0.00066531,0.00027067,0.00058113,0.00082431,0.00114200,0.00065075,0.00101289,0.00135256,0.00194890,0.00097201,0.00166630,0.00232852,0.00323501
1967-06-02,full,1810,0.11242517,0.32047705,0.50057012,0.66757590,-0.00017473,0.00004117,0.00019711,0.00035957,0.00025363,0.00052111,0.00072076,0.00103106,0.00065184,0.00098091,0.00129365,0.00172650,0.00094235,0.00141583,0.00188067,0.00257395,0.00139607,0.00208800,0.00280240,0.00380108
1967-07-03,full,1803,0.23392810,0.47618844,0.63869160,0.76944667,-0.00009854,0.00015169,0.00032962,0.00054977,0.00045392,0.00074903,0.00101510,0.00131631,0.00087364,0.00129471,0.00172936,0.00234461,0.00129614,0.00178149,0.00230625,0.00316781,0.00187944,0.00250532,0.00329067,0.00429974
1967-08-02,full,1804,0.42613018,0.64690887,0.77888681,0.85915700,0.00004896,0.00030660,0.00048618,0.00079476,0.00075037,0.00102259,0.00132082,0.00173107,0.00120964,0.00160200,0.00208222,0.00282481,0.00173058,0.00228969,0.00286785,0.00382437,0.00228588,0.00299657,0.00373905,0.00502441
1967-08-31,full,1807,0.54568955,0.74923805,0.84301835,0.90661201,0.00011292,0.00035654,0.00057738,0.00093191,0.00096848,0.00123479,0.00164279,0.00218358,0.00143465,0.00182021,0.00242222,0.00314313,0.00188947,0.00244426,0.00299254,0.00407263,0.00264846,0.00332795,0.00415556,0.00523648
1967-10-02,full,1813,0.53215236,0.76714771,0.85637508,0.91488613,0.00000643,0.00030400,0.00057664,0.00092059,0.00100444,0.00136797,0.00176471,0.00244887,0.00138882,0.00182553,0.00242409,0.00324061,0.00191598,0.00251423,0.00314489,0.00425793,0.00266483,0.00332911,0.00413887,0.00531158
1967-10-31,full,1831,0.47972918,0.71712162,0.83330354,0.90601039,-0.00007230,0.00024232,0.00050585,0.00085919,0.00080040,0.00116416,0.00150559,0.00216673,0.00132131,0.00174545,0.00225431,0.00310431,0.00186164,0.00238485,0.00298353,0.00404055,0.00254094,0.00329759,0.00404835,0.00523378
1967-12-01,full,1853,0.33082959,0.60809349,0.77221980,0.87622241,-0.00012142,0.00016279,0.00038378,0.00064793,0.00052631,0.00081619,0.00111878,0.00159886,0.00110732,0.00147638,0.00194040,0.00255727,0.00171794,0.00216724,0.00283336,0.00379589,0.00237349,0.00310383,0.00389335,0.00502203
1968-01-03,full,1858,0.21044324,0.54108782,0.73316270,0.86018744,-0.00016239,0.00003403,0.00021025,0.00039916,0.00022684,0.00065087,0.00085929,0.00118617,0.00078308,0.00121509,0.00161936,0.00221196,0.00156186,0.00201038,0.00255871,0.00349053,0.00234196,0.00303710,0.00389105,0.00503271
1968-02-01,full,1856,0.16444779,0.49118987,0.71060155,0.84990323,-0.00015046,-0.00002539,0.00015234,0.00031535,-0.00033285,0.00045008,0.00071235,0.00106068,0.00077487,0.00108468,0.00150490,0.00206042,0.00144139,0.00189205,0.00239210,0.00313792,0.00229968,0.00309587,0.00378261,0.00481413
1968-03-05,full,1871,0.13926528,0.44132815,0.66254309,0.81508267,-0.00016485,-0.00003884,0.00009964,0.00025655,-0.00036821,0.00036401,0.00064112,0.00092278,0.00042679,0.00095826,0.00129126,0.00183847,0.00124336,0.00168514,0.00228217,0.00284873,0.00215189,0.00284564,0.00353340,0.00466388
1968-04-03,full,1885,0.11732877,0.36224569,0.60699160,0.77709741,-0.00017885,-0.00004238,0.00007735,0.00021412,-0.00039273,0.00028848,0.00056936,0.00084137,-0.00042599,0.00078510,0.00110236,0.00174710,0.00092145,0.00142931,0.00197787,0.00277474,0.00173179,0.00244082,0.00309073,0.00420363
1968-05-06,full,1904,0.10800453,0.34950068,0.59547472,0.77243190,-0.00016499,-0.00003699,0.00008527,0.00023600,-0.00045460,0.00028239,0.00054713,0.00074609,-0.00059866,0.00072225,0.00112541,0.00154306,0.00080072,0.00135493,0.00192888,0.00266707,0.00174905,0.00244934,0.00307599,0.00419976
1968-06-05,full,1921,0.09886020,0.35115462,0.59430747,0.77634028,-0.00013916,-0.00002604,0.00008030,0.00020170,-0.00048752,0.00025392,0.00050581,0.00078713,-0.00048992,0.00081524,0.00111972,0.00151131,0.00090347,0.00147169,0.00194546,0.00266843,0.00194589,0.00262268,0.00336538,0.00450265
1968-07-12,full,1919,0.11134237,0.36130200,0.59673000,0.77364397,-0.00016320,-0.00000400,0.00011648,0.00025372,-0.00042207,0.00037578,0.00061253,0.00083719,-0.00056955,0.00088224,0.00119161,0.00164649,0.00107109,0.00160323,0.00209865,0.00280524,0.00203026,0.00271699,0.00345999,0.00455423
1968-08-19,full,1931,0.14144738,0.38231882,0.59983468,0.77871163,-0.00016084,-0.00001315,0.00012820,0.00026218,-0.00044909,0.00044371,0.00067212,0.00091671,0.00059092,0.00100876,0.00133717,0.00167510,0.00104199,0.00165914,0.00216330,0.00276199,0.00209814,0.00286250,0.00368735,0.00472267
1968-09-24,full,1942,0.16567799,0.42570223,0.63009964,0.79154029,-0.00021017,-0.00000900,0.00015248,0.00033946,-0.00038535,0.00048250,0.00073006,0.00102814,0.00063168,0.00107655,0.00138388,0.00184549,0.00118291,0.00171872,0.00225309,0.00303042,0.00221610,0.00282751,0.00352891,0.00461432
1968-10-31,full,1947,0.19935750,0.47449563,0.67596387,0.81529928,-0.00019920,0.00003589,0.00021601,0.00043067,0.00028906,0.00057172,0.00080027,0.00113981,0.00080805,0.00128319,0.00160321,0.00201269,0.00133643,0.00189364,0.00250287,0.00324899,0.00230552,0.00290636,0.00373604,0.00484499
1968-12-06,full,1945,0.25124362,0.53724814,0.71998789,0.83921419,-0.00018366,0.00008674,0.00028719,0.00053607,0.00047861,0.00071367,0.00099815,0.00133254,0.00087545,0.00133637,0.00178253,0.00231011,0.00148134,0.00203587,0.00250500,0.00341353,0.00234960,0.00300111,0.00370962,0.00486381
1969-01-10,full,1948,0.25609723,0.56050390,0.72472876,0.84141145,-0.00016931,0.00011904,0.00034176,0.00052426,0.00052036,0.00075942,0.00100581,0.00136196,0.00099021,0.00143499,0.00178892,0.00227394,0.00154692,0.00203891,0.00253726,0.00335855,0.00229655,0.00295434,0.00366524,0.00474253
1969-02-11,full,1960,0.26540355,0.56601154,0.72974869,0.83685387,-0.00022492,0.00008510,0.00032246,0.00056838,0.00057081,0.00082007,0.00105857,0.00143748,0.00097912,0.00138252,0.00180239,0.00234365,0.00155425,0.00200766,0.00250327,0.00325949,0.00220048,0.00285319,0.00360500,0.00475948
1969-03-13,full,1969,0.24869642,0.54653483,0.71861812,0.82256794,-0.00023065,0.00007163,0.00029533,0.00050996,0.00059107,0.00084327,0.00113983,0.00153806,0.00091346,0.00124777,0.00168517,0.00220811,0.00144586,0.00195441,0.00248128,0.00325684,0.00201642,0.00262376,0.00333612,0.00450862
1969-04-15,full,1983,0.15955049,0.41041996,0.62554872,0.77127378,-0.00021991,0.00001718,0.00019854,0.00043476,-0.00046634,0.00059819,0.00083841,0.00115820,0.00073812,0.00101987,0.00140205,0.00193861,0.00101364,0.00162417,0.00212651,0.00275172,0.00174422,0.00234560,0.00300735,0.00425032
1969-05-14,full,2001,0.10773950,0.33794559,0.54705830,0.73293425,-0.00019122,-0.00003647,0.00013033,0.00025488,-0.00050692,0.00036097,0.00055165,0.00082448,-0.00075082,0.00069005,0.00103693,0.00153538,0.00063333,0.00112062,0.00160837,0.00217958,0.00134137,0.00195841,0.00263850,0.00389116
1969-06-13,full,2009,0.08690695,0.28216315,0.50550227,0.70545317,-0.00016032,-0.00002660,0.00009731,0.00021838,-0.00044745,0.00025267,0.00041921,0.00068331,-0.00082857,0.00050870,0.00081211,0.00109458,-0.00114922,0.00087173,0.00136940,0.00185935,-0.00135819,0.00154546,0.00233702,0.00327858
1969-07-15,full,2003,0.05586722,0.21821456,0.44224828,0.67090992,-0.00012812,-0.00004074,0.00006676,0.00016295,-0.00047252,-0.00023138,0.00030050,0.00049641,-0.00076963,-0.00036974,0.00065175,0.00098754,-0.00134743,-0.00087104,0.00093336,0.00158148,-0.00202027,-0.00133256,0.00155939,0.00263300
1969-08-14,full,2008,0.05372419,0.18974372,0.42015195,0.65122560,-0.00015081,-0.00003974,0.00005011,0.00016906,-0.00053228,-0.00035313,0.00017011,0.00043876,-0.00098743,-0.00064631,0.00035405,0.00081337,-0.00162069,-0.00118299,-0.00071296,0.00128061,-0.00248880,-0.00187510,-0.00127735,0.00179102
1969-09-15,full,2012,0.08947196,0.28204828,0.52058334,0.72148627,-0.00023261,-0.00010712,0.00002877,0.00018033,-0.00073094,-0.00050273,-0.00028233,0.00045206,-0.00128400,-0.00094090,-0.00064975,0.00064382,-0.00192262,-0.00147465,-0.00102441,0.00106769,-0.00301884,-0.00233512,-0.00188282,-0.00131387
1969-10-14,full,2025,0.15512717,0.43897538,0.64747817,0.79438301,-0.00032969,-0.00018086,0.00002003,0.00023846,-0.00097340,-0.00070096,-0.00048110,0.00047208,-0.00158136,-0.00116046,-0.00081973,0.00066859,-0.00224743,-0.00179586,-0.00138579,-0.00086217,-0.00344712,-0.00272424,-0.00221596,-0.00167440
1969-11-12,full,2037,0.18298503,0.46719141,0.64890030,0.79061866,-0.00034456,-0.00014010,0.00004067,0.00024384,-0.00110124,-0.00077762,-0.00051995,0.00050490,-0.00167249,-0.00127377,-0.00094783,-0.00036434,-0.00234871,-0.00185169,-0.00142291,-0.00079526,-0.00336852,-0.00262563,-0.00209435,-0.00136327
1969-12-12,full,2018,0.18003893,0.45874875,0.67680200,0.80782225,-0.00036377,-0.00017298,0.00000489,0.00022191,-0.00101884,-0.00072876,-0.00047469,0.00059179,-0.00179987,-0.00137319,-0.00103909,-0.00045391,-0.00243527,-0.00187880,-0.00144189,-0.00074988,-0.00331922,-0.00264740,-0.00214038,-0.00126988
1970-01-14,full,2046,0.16591880,0.43969034,0.66665028,0.81275899,-0.00036910,-0.00017524,-0.00000035,0.00022632,-0.00110480,-0.00072922,-0.00044920,0.00064560,-0.00176408,-0.00135884,-0.00097920,-0.00040844,-0.00245612,-0.00197366,-0.00143689,-0.00081007,-0.00322312,-0.00260697,-0.00193350,-0.00107958
1970-02-12,full,2036,0.16341250,0.41892267,0.64680912,0.80120500,-0.00037632,-0.00016679,0.00001746,0.00023459,-0.00108278,-0.00076219,-0.00046709,0.00063156,-0.00163034,-0.00125882,-0.00084480,0.00068093,-0.00238892,-0.00189060,-0.00138476,-0.00084541,-0.00317185,-0.00245688,-0.00185033,-0.00087882
1970-03-16,full,2040,0.14705699,0.39658563,0.61399380,0.77690628,-0.00033197,-0.00015245,0.00000625,0.00020026,-0.00087421,-0.00062509,-0.00038857,0.00059297,-0.00162519,-0.00118825,-0.00082214,0.00057971,-0.00222659,-0.00177150,-0.00129162,-0.00064285,-0.00313841,-0.00245303,-0.00191965,-0.00120305
1970-04-15,full,2024,0.12141281,0.36493738,0.57953049,0.75760300,-0.00028180,-0.00013070,0.00002453,0.00020961,-0.00082076,-0.00055611,-0.00034435,0.00050801,-0.00147612,-0.00104158,-0.00069533,0.00078628,-0.00222989,-0.00161165,-0.00121831,0.00059487,-0.00313406,-0.00253293,-0.00200111,-0.00144151
1970-05-14,full,1937,0.10700923,0.32560747,0.55482512,0.74158185,-0.00025171,-0.00012798,0.00003184,0.00018310,-0.00079724,-0.00053378,-0.00031964,0.00049507,-0.00143352,-0.00101708,-0.00061319,0.00087763,-0.00217703,-0.00166174,-0.00119277,0.00081924,-0.00346868,-0.00273651,-0.00217150,-0.00162896
1970-06-12,full,1939,0.10043666,0.30100676,0.53682348,0.73709188,-0.00028363,-0.00011777,0.00001737,0.00021310,-0.00086035,-0.00054520,-0.00032525,0.00050836,-0.00162155,-0.00116001,-0.00079754,0.00061562,-0.00248067,-0.00189351,-0.00144100,-0.00095183,-0.00370834,-0.00290477,-0.00232689,-0.00166289
1970-07-14,full,1865,0.11465824,0.34636441,0.57273830,0.75486786,-0.00030969,-0.00012019,0.00003428,0.00024183,-0.00102694,-0.00069128,-0.00044834,0.00042071,-0.00197023,-0.00147699,-0.00103581,-0.00061947,-0.00290071,-0.00222723,-0.00172989,-0.00114861,-0.00400492,-0.00307490,-0.00250916,-0.00179358
1970-08-12,full,1856,0.16570869,0.43930813,0.65024641,0.79678187,-0.00040433,-0.00020597,-0.00000270,0.00017122,-0.00119807,-0.00085037,-0.00058412,-0.00033117,-0.00225533,-0.00172940,-0.00128899,-0.00092140,-0.00307078,-0.00243707,-0.00197952,-0.00145510,-0.00437149,-0.00358382,-0.00289156,-0.00219376
1970-09-11,full,1915,0.19205335,0.46604543,0.66065099,0.79193991,-0.00049028,-0.00025210,-0.00011084,0.00012170,-0.00128404,-0.00089690,-0.00064698,-0.00038239,-0.00230552,-0.00171370,-0.00132743,-0.00092577,-0.00325003,-0.00258046,-0.00212229,-0.00155627,-0.00466459,-0.00370942,-0.00312868,-0.00246472
1970-10-12,full,1928,0.13050146,0.34720541,0.53998934,0.70248859,-0.00038552,-0.00020898,-0.00004610,0.00011904,-0.00112989,-0.00080985,-0.00058059,-0.00027714,-0.00211981,-0.00155777,-0.00110928,-0.00068171,-0.00299688,-0.00238375,-0.00184767,-0.00137108,-0.00407771,-0.00324743,-0.00262950,-0.00192678
1970-11-10,full,1914,0.06237745,0.23259147,0.42276019,0.60456564,-0.00022267,-0.00009134,0.00004040,0.00018056,-0.00086348,-0.00060232,-0.00036618,0.00034645,-0.00168154,-0.00119425,-0.00079508,-0.00035867,-0.00247391,-0.00194631,-0.00142256,-0.00088261,-0.00346120,-0.00274946,-0.00215417,-0.00128962
1970-12-10,full,1901,0.04175980,0.16619357,0.35109882,0.54478999,-0.00021090,-0.00007940,0.00003702,0.00015671,-0.00067953,-0.00039108,0.00019136,0.00048079,-0.00135109,-0.00094950,-0.00054592,0.00070154,-0.00211197,-0.00158409,-0.00105500,0.00061438,-0.00307773,-0.00226549,-0.00159638,0.00122748
1971-01-12,full,1925,0.03287649,0.13578822,0.29022805,0.50004773,-0.00019164,-0.00006268,0.00004636,0.00016437,-0.00056022,-0.00031185,0.00032084,0.00053869,-0.00109838,-0.00068748,0.00045514,0.00090607,-0.00174136,-0.00111731,0.00066858,0.00123976,-0.00252874,-0.00166472,0.00107895,0.00186283
1971-02-10,full,1934,0.03685734,0.13580508,0.28574472,0.50156727,-0.00020676,-0.00005772,0.00009279,0.00022901,-0.00056507,0.00023635,0.00047502,0.00070078,-0.00099807,0.00047261,0.00072844,0.00105559,-0.00094993,0.00090019,0.00126864,0.00172453,0.00105165,0.00154845,0.00206185,0.00272908
1971-03-12,full,1940,0.09078183,0.28785569,0.47241800,0.66531760,-0.00022283,0.00005391,0.00023377,0.00044899,0.00042340,0.00068763,0.00092872,0.00121114,0.00085678,0.00117313,0.00145421,0.00186302,0.00115262,0.00161032,0.00204198,0.00258558,0.00171828,0.00224512,0.00272517,0.00349532
1971-04-13,full,1944,0.34648486,0.59898490,0.73288255,0.83589133,-0.00001127,0.00047231,0.00082468,0.00114870,0.00105807,0.00141397,0.00175526,0.00215466,0.00130808,0.00184414,0.00231082,0.00283071,0.00168039,0.00225742,0.00280418,0.00339668,0.00219745,0.00277261,0.00333523,0.00411606
1971-05-12,full,1953,0.59597459,0.75773424,0.83857840,0.90821888,0.00046066,0.00093308,0.00133811,0.00182767,0.00135309,0.00176407,0.00228379,0.00283319,0.00154683,0.00221865,0.00277899,0.00343679,0.00187589,0.00249934,0.00309103,0.00380384,0.00249164,0.00306875,0.00371513,0.00445476
1971-06-11,full,1948,0.60583971,0.75107439,0.84549666,0.91099582,0.00046226,0.00086912,0.00122610,0.00169558,0.00129005,0.00179362,0.00224221,0.00288057,0.00166385,0.00218904,0.00282375,0.00344758,0.00201708,0.00266670,0.00325227,0.00395474,0.00251018,0.00308011,0.00376496,0.00449862
1971-07-13,full,1956,0.48450514,0.69429366,0.80414059,0.88996248,0.00024493,0.00060308,0.00087837,0.00139227,0.00106120,0.00145425,0.00185082,0.00239100,0.00151361,0.00207317,0.00262279,0.00321381,0.00192326,0.00257528,0.00321624,0.00398448,0.00246424,0.00294431,0.00357980,0.00430244
1971-08-11,full,1987,0.30221025,0.55126128,0.72619483,0.84246898,-0.00001385,0.00031903,0.00058490,0.00089781,0.00080001,0.00105432,0.00139453,0.00181286,0.00118931,0.00167620,0.00217674,0.00267036,0.00169885,0.00223803,0.00279494,0.00352210,0.00218575,0.00276262,0.00333106,0.00416056
1971-09-10,full,2017,0.17647484,0.44342929,0.64910997,0.80534780,-0.00012691,0.00011262,0.00032629,0.00053955,0.00052349,0.00071012,0.00102700,0.00144225,0.00097199,0.00139907,0.00177879,0.00226614,0.00138628,0.00190008,0.00249322,0.00311537,0.00192896,0.00243650,0.00304077,0.00380949
1971-10-11,full,2013,0.11048714,0.36301619,0.59248984,0.77326473,-0.00013335,0.00006669,0.00021436,0.00038045,-0.00020233,0.00051612,0.00077266,0.00110863,0.00077751,0.00117855,0.00153717,0.00197030,0.00126013,0.00170704,0.00219637,0.00289017,0.00176798,0.00230362,0.00289906,0.00357305
1971-11-09,full,2005,0.07082551,0.24429068,0.48214818,0.70421565,-0.00020685,-0.00005691,0.00007507,0.00022450,-0.00040956,0.00028430,0.00059604,0.00089562,-0.00057211,0.00075122,0.00107096,0.00154954,0.00088243,0.00128947,0.00175239,0.00235965,0.00141467,0.00195829,0.00249758,0.00323669
1971-12-09,full,2017,0.04934277,0.21537727,0.41845103,0.63876963,-0.00015436,-0.00004148,0.00005618,0.00019727,-0.00053510,-0.00022114,0.00033382,0.00060345,-0.00101630,-0.00051275,0.00062708,0.00105958,-0.00110040,0.00061606,0.00106247,0.00155675,-0.00134250,0.00129483,0.00189838,0.00270299
1972-01-10,full,2053,0.06974279,0.25361787,0.47251747,0.66695367,-0.00020044,-0.00006859,0.00003563,0.00017823,-0.00054093,-0.00034189,0.00024666,0.00053506,-0.00109193,-0.00066292,0.00044899,0.00084077,-0.00152202,-0.00094341,0.00067558,0.00125839,-0.00206437,0.00067818,0.00146987,0.00237374
1972-02-08,full,2071,0.06388707,0.20388041,0.42079255,0.64080370,-0.00017093,-0.00006017,0.00004242,0.00014605,-0.00053902,-0.00033053,0.00022702,0.00048130,-0.00099368,-0.00067181,0.00036482,0.00078691,-0.00148539,-0.00099080,0.00067454,0.00112326,-0.00203850,0.00103523,0.00156383,0.00245972
1972-03-09,full,2080,0.05355906,0.18008036,0.38644679,0.63226263,-0.00017563,-0.00005616,0.00004945,0.00014775,-0.00051493,-0.00027545,0.00025164,0.00044794,-0.00083739,-0.00047310,0.00053004,0.00096732,-0.00136242,-0.00048845,0.00087161,0.00140608,-0.00117217,0.00124551,0.00175379,0.00258439
1972-04-10,full,2085,0.05704258,0.20997328,0.42020968,0.64961479,-0.00017564,-0.00004146,0.00006081,0.00017568,-0.00047572,-0.00015241,0.00038619,0.00058702,-0.00073314,0.00037278,0.00072913,0.00105806,-0.00089607,0.00077816,0.00117710,0.00172083,0.00108366,0.00157459,0.00211927,0.00292794
1972-05-09,full,2085,0.07672030,0.28512153,0.51281948,0.71785004,-0.00015900,-0.00003276,0.00008161,0.00021091,-0.00049857,0.00024114,0.00050721,0.00077893,-0.00040005,0.00072013,0.00100564,0.00139683,0.00064079,0.00115185,0.00156184,0.00217987,0.00132293,0.00188450,0.00237966,0.00328039
1972-06-08,full,2093,0.09914707,0.33582784,0.56965168,0.75755693,-0.00020803,-0.00003073,0.00009838,0.00026827,-0.00048449,0.00027493,0.00053561,0.00081483,0.00042177,0.00086598,0.00117692,0.00163497,0.00090739,0.00134650,0.00174848,0.00231546,0.00155704,0.00214428,0.00259829,0.00360135
1972-07-10,full,2089,0.11704843,0.35581548,0.57794596,0.75854778,-0.00021366,-0.00004722,0.00007033,0.00022473,-0.00041706,0.00031896,0.00058932,0.00083138,0.00038401,0.00088923,0.00124538,0.00163775,0.00097550,0.00142360,0.00187170,0.00239123,0.00162122,0.00226220,0.00278073,0.00370332
1972-08-08,full,2084,0.11578193,0.32317033,0.55486226,0.74027649,-0.00016151,-0.00001441,0.00010620,0.00023982,-0.00052121,0.00025085,0.00053691,0.00079351,-0.00050806,0.00083850,0.00111926,0.00147264,0.00084522,0.00136802,0.00181224,0.00240421,0.00154100,0.00216471,0.00265690,0.00355272
1972-09-07,full,2085,0.10405635,0.30723621,0.54592099,0.73425030,-0.00014984,-0.00002092,0.00010573,0.00025344,-0.00050802,0.00022404,0.00049179,0.00078401,-0.00064725,0.00071455,0.00106478,0.00146732,0.00073019,0.00131330,0.00177411,0.00235749,0.00149330,0.00207799,0.00252972,0.00330975
1972-10-06,full,2092,0.08065671,0.26207135,0.48405619,0.72401747,-0.00019404,-0.00003198,0.00008632,0.00024350,-0.00046812,0.00015315,0.00046154,0.00071773,-0.00066964,0.00054194,0.00096574,0.00148388,-0.00065531,0.00110589,0.00159907,0.00215574,0.00127330,0.00187372,0.00232924,0.00299449
1972-11-06,full,2101,0.05299985,0.21944591,0.42222764,0.67867334,-0.00014941,-0.00003483,0.00006720,0.00018317,-0.00047966,0.00011385,0.00041197,0.00068655,-0.00080472,0.00028910,0.00070838,0.00110349,-0.00123508,0.00063598,0.00118843,0.00175280,-0.00099932,0.00149901,0.00205649,0.00265095
1972-12-07,full,2126,0.05441625,0.22257464,0.45164155,0.69365641,-0.00017368,-0.00005938,0.00003851,0.00013645,-0.00048028,-0.00028484,0.00028094,0.00046874,-0.00086615,-0.00044097,0.00056192,0.00090877,-0.00144762,-0.00096710,0.00082111,0.00133996,-0.00225348,0.00073761,0.00160765,0.00214139
1973-01-10,full,2118,0.07824380,0.27300611,0.50096141,0.72352860,-0.00018450,-0.00004323,0.00005139,0.00015491,-0.00057449,-0.00033377,0.00025229,0.00041258,-0.00096081,-0.00062634,0.00050281,0.00084514,-0.00159129,-0.00103280,0.00074294,0.00127028,-0.00248604,-0.00165720,0.00123578,0.00190973
1973-02-09,full,2100,0.10115271,0.31329778,0.54640909,0.74163449,-0.00021028,-0.00009539,0.00004152,0.00017720,-0.00056449,-0.00034057,0.00032091,0.00049958,-0.00105850,-0.00068147,0.00046969,0.00085053,-0.00157295,-0.00116067,0.00068704,0.00125735,-0.00272666,-0.00190732,-0.00115763,0.00168469
1973-03-13,full,2081,0.10952483,0.33477058,0.57526692,0.75564644,-0.00022388,-0.00008551,0.00002904,0.00017725,-0.00058300,-0.00034909,0.00033267,0.00056187,-0.00116784,-0.00080084,0.00041538,0.00085657,-0.00172020,-0.00134943,-0.00060334,0.00117852,-0.00297181,-0.00205615,-0.00149353,0.00146905
1973-04-11,full,2052,0.11043421,0.34328742,0.58703505,0.76959885,-0.00021225,-0.00010321,0.00002310,0.00018191,-0.00066727,-0.00045790,0.00028889,0.00054661,-0.00115632,-0.00082239,0.00045678,0.00092236,-0.00181572,-0.00137554,-0.00078274,0.00113333,-0.00313629,-0.00229255,-0.00177608,0.00094414
1973-05-11,full,2015,0.12090901,0.35433275,0.58756367,0.77029326,-0.00020650,-0.00007055,0.00008296,0.00023450,-0.00075163,-0.00049820,-0.00017142,0.00051113,-0.00118923,-0.00087298,0.00035926,0.00083130,-0.00206571,-0.00149887,-0.00097303,0.00108270,-0.00330138,-0.00244495,-0.00183114,-0.00090041
1973-06-12,full,1945,0.12368050,0.36915165,0.58453829,0.77678948,-0.00025199,-0.00010133,0.00007731,0.00022609,-0.00084686,-0.00053859,0.00015761,0.00048497,-0.00145581,-0.00109076,-0.00067958,0.00075791,-0.00223863,-0.00159867,-0.00117342,0.00081750,-0.00361737,-0.00283160,-0.00225250,-0.00165019
1973-07-12,full,1948,0.12829642,0.40401622,0.63053424,0.79700581,-0.00024362,-0.00009318,0.00005787,0.00020165,-0.00089816,-0.00062622,-0.00025603,0.00050529,-0.00178364,-0.00124885,-0.00093560,0.00055925,-0.00256979,-0.00196901,-0.00156907,-0.00100762,-0.00393967,-0.00304868,-0.00243322,-0.00191431
1973-08-10,full,1971,0.12782014,0.41095129,0.64894017,0.79232359,-0.00024200,-0.00009672,0.00004613,0.00017249,-0.00087072,-0.00061474,-0.00034736,0.00045750,-0.00177789,-0.00141107,-0.00106902,-0.00060515,-0.00267747,-0.00212909,-0.00169508,-0.00114453,-0.00385819,-0.00309055,-0.00241881,-0.00180758
1973-09-11,full,1938,0.13195570,0.41282353,0.63118109,0.78555178,-0.00024866,-0.00012152,0.00000807,0.00015116,-0.00089463,-0.00062901,-0.00039386,0.00041441,-0.00180094,-0.00132335,-0.00102748,-0.00063469,-0.00268506,-0.00214871,-0.00166706,-0.00121812,-0.00375083,-0.00297107,-0.00226487,-0.00165976
1973-10-10,full,3318,0.13709669,0.38811727,0.59401651,0.75598075,-0.00033040,-0.00012441,0.00002336,0.00019428,-0.00107158,-0.00070820,-0.00042685,0.00031524,-0.00185903,-0.00133442,-0.00099186,-0.00047508,-0.00255078,-0.00197928,-0.00155340,-0.00094768,-0.00360232,-0.00273077,-0.00197947,-0.00128276
1973-11-08,full,3404,0.09705145,0.29228821,0.50161025,0.69778427,-0.00030465,-0.00012695,0.00000335,0.00018803,-0.00096977,-0.00060979,-0.00033810,0.00049727,-0.00164148,-0.00117792,-0.00074981,-0.00024342,-0.00222344,-0.00164094,-0.00121496,-0.00057521,-0.00335582,-0.00241124,-0.00172564,-0.00092835
1973-12-10,full,3146,0.08908009,0.27037985,0.47716682,0.67315985,-0.00030403,-0.00012748,0.00001809,0.00018620,-0.00089135,-0.00059888,-0.00033903,0.00053211,-0.00145974,-0.00101146,-0.00060440,0.00084610,-0.00202988,-0.00145668,-0.00099554,-0.00047135,-0.00319381,-0.00222573,-0.00167743,-0.00090628
1974-01-10,full,3147,0.08680762,0.27355858,0.47808326,0.67465609,-0.00029346,-0.00012678,0.00000014,0.00016614,-0.00084924,-0.00059593,-0.00027920,0.00062444,-0.00141724,-0.00101487,-0.00064613,0.00082791,-0.00200210,-0.00150823,-0.00103120,-0.00043910,-0.00308094,-0.00230229,-0.00164056,-0.00083666
1974-02-08,full,3188,0.06846597,0.24829866,0.45489439,0.64252444,-0.00023023,-0.00008086,0.00004885,0.00020705,-0.00073084,-0.00050088,-0.00021462,0.00059163,-0.00126064,-0.00088913,-0.00053750,0.00085068,-0.00181446,-0.00134542,-0.00083169,0.00120708,-0.00279922,-0.00190168,-0.00127906,0.00177710
1974-03-12,full,3186,0.06126073,0.21565849,0.41458881,0.61637889,-0.00019903,-0.00006733,0.00006149,0.00018266,-0.00066455,-0.00042325,0.00013530,0.00056162,-0.00120406,-0.00079255,-0.00039399,0.00090229,-0.00165022,-0.00115198,-0.00060400,0.00138349,-0.00241571,-0.00154482,-0.00025902,0.00244534
1974-04-10,full,3147,0.05357492,0.19181342,0.38836501,0.59605888,-0.00019436,-0.00005145,0.00007053,0.00020385,-0.00057303,-0.00035042,0.00024018,0.00054087,-0.00101488,-0.00066767,0.00034057,0.00092754,-0.00154430,-0.00094491,0.00061487,0.00149750,-0.00198699,-0.00096328,0.00166161,0.00267006
1974-05-10,full,3094,0.05532760,0.18947827,0.39181153,0.59629287,-0.00018012,-0.00006307,0.00006282,0.00018925,-0.00055664,-0.00035943,0.00026202,0.00052976,-0.00095651,-0.00052009,0.00058247,0.00106482,-0.00146252,-0.00075480,0.00097660,0.00153794,-0.00188850,-0.00087397,0.00170397,0.00276244
1974-06-11,full,3007,0.05723340,0.19552317,0.37824678,0.60087363,-0.00019076,-0.00007418,0.00006334,0.00020098,-0.00059134,-0.00035872,0.00023158,0.00056557,-0.00097347,-0.00062998,0.00052708,0.00103476,-0.00160217,-0.00098340,0.00076492,0.00144667,-0.00232082,-0.00139745,0.00109428,0.00240299
1974-07-11,full,2808,0.06424510,0.23843193,0.42391893,0.61876817,-0.00020659,-0.00007297,0.00004668,0.00018066,-0.00063519,-0.00043120,0.00023305,0.00057855,-0.00109623,-0.00078988,-0.00045907,0.00096265,-0.00159675,-0.00114476,-0.00075406,0.00136121,-0.00272596,-0.00195649,-0.00128146,0.00154750
1974-08-09,full,2839,0.07406871,0.26369280,0.45883472,0.65453229,-0.00022802,-0.00008772,0.00003945,0.00022107,-0.00072827,-0.00048660,-0.00022172,0.00058807,-0.00124453,-0.00092508,-0.00064342,0.00096192,-0.00184294,-0.00138148,-0.00102066,0.00096337,-0.00306666,-0.00230439,-0.00167787,-0.00098618
1974-09-10,full,2590,0.10231507,0.32084441,0.54586952,0.71905663,-0.00033548,-0.00014426,0.00003413,0.00023472,-0.00079871,-0.00059622,-0.00039530,0.00063315,-0.00149706,-0.00116875,-0.00085736,0.00078687,-0.00214867,-0.00171130,-0.00133813,-0.00096653,-0.00330552,-0.00253285,-0.00202222,-0.00143857
1974-10-09,full,2552,0.13360110,0.37909968,0.60101881,0.76365209,-0.00035900,-0.00016227,0.00004551,0.00028108,-0.00106300,-0.00079320,-0.00059423,0.00059297,-0.00176251,-0.00140008,-0.00108040,-0.00078199,-0.00243481,-0.00194837,-0.00161099,-0.00124596,-0.00365803,-0.00294076,-0.00232893,-0.00174714
1974-11-07,full,2564,0.11420251,0.35126154,0.57866689,0.73409782,-0.00031240,-0.00014946,0.00001392,0.00021579,-0.00097361,-0.00071243,-0.00053126,0.00053976,-0.00166462,-0.00126546,-0.00100685,-0.00063446,-0.00238997,-0.00190265,-0.00153731,-0.00117272,-0.00350424,-0.00276290,-0.00214903,-0.00149794
1974-12-09,full,2386,0.14235789,0.38490470,0.59253041,0.74276660,-0.00037665,-0.00017893,-0.00000264,0.00025947,-0.00108863,-0.00080532,-0.00059136,0.00050059,-0.00178178,-0.00141383,-0.00111797,-0.00081983,-0.00243842,-0.00187018,-0.00152107,-0.00115329,-0.00341040,-0.00273284,-0.00212001,-0.00147018
1975-01-09,full,2451,0.19038703,0.47523278,0.66748974,0.79776748,-0.00050825,-0.00026263,-0.00004639,0.00022561,-0.00125842,-0.00094729,-0.00072701,-0.00047658,-0.00202070,-0.00157571,-0.00124559,-0.00091865,-0.00281469,-0.00212410,-0.00169168,-0.00128835,-0.00365468,-0.00296587,-0.00226046,-0.00173828
1975-02-07,full,2503,0.10876533,0.31911486,0.51893749,0.69857753,-0.00035663,-0.00019149,-0.00004225,0.00019507,-0.00100431,-0.00075005,-0.00054129,0.00038576,-0.00158421,-0.00124350,-0.00101653,-0.00067937,-0.00238711,-0.00188397,-0.00151340,-0.00111695,-0.00339002,-0.00272597,-0.00219931,-0.00155285
1975-03-11,full,2499,0.03664809,0.14092512,0.31255568,0.52345181,-0.00021282,-0.00007713,0.00002483,0.00015399,-0.00059525,-0.00043028,-0.00025473,0.00043679,-0.00122482,-0.00086873,-0.00061965,0.00069165,-0.00189326,-0.00143742,-0.00106768,0.00086020,-0.00279892,-0.00208906,-0.00148301,0.00149014
1975-04-10,full,2499,0.02692671,0.10350958,0.23221619,0.45064031,-0.00017806,-0.00004509,0.00007562,0.00017653,-0.00050528,-0.00032949,0.00031303,0.00050797,-0.00080764,-0.00046495,0.00060381,0.00083695,-0.00131430,-0.00077518,0.00089122,0.00129689,-0.00193144,-0.00042755,0.00172997,0.00264645
1975-05-09,full,2494,0.03853556,0.15270848,0.33096313,0.53622231,-0.00015885,-0.00002267,0.00011210,0.00024292,-0.00048917,0.00031502,0.00050214,0.00075522,-0.00039642,0.00071448,0.00098579,0.00132515,0.00070758,0.00111338,0.00144970,0.00193639,0.00137389,0.00192292,0.00252667,0.00347171
1975-06-10,full,2486,0.10863528,0.30095919,0.49332542,0.67308575,-0.00017429,0.00006456,0.00026162,0.00044921,0.00048935,0.00071108,0.00093440,0.00123519,0.00085932,0.00120118,0.00161541,0.00210730,0.00126053,0.00162306,0.00204368,0.00260147,0.00186568,0.00250096,0.00315773,0.00430876
1975-07-10,full,2487,0.28575568,0.51603608,0.66524015,0.78441464,-0.00002515,0.00028542,0.00056082,0.00087444,0.00087648,0.00116763,0.00144577,0.00188810,0.00126203,0.00163183,0.00213597,0.00282593,0.00164359,0.00207750,0.00257421,0.00321405,0.00232692,0.00299702,0.00369318,0.00496772
1975-08-08,full,2485,0.46041096,0.66281337,0.76791219,0.84555699,0.00018262,0.00058838,0.00088623,0.00128594,0.00116407,0.00152716,0.00189499,0.00248709,0.00155245,0.00188582,0.00240921,0.00310937,0.00188799,0.00238530,0.00300259,0.00374193,0.00264086,0.00338076,0.00414520,0.00542696
1975-09-09,full,2485,0.49376214,0.67878282,0.77450152,0.84940700,0.00018594,0.00059734,0.00089729,0.00132395,0.00123128,0.00156223,0.00188684,0.00236011,0.00161621,0.00196927,0.00248457,0.00323502,0.00196891,0.00238573,0.00305695,0.00403410,0.00248429,0.00338988,0.00407047,0.00530161
1975-10-08,full,2519,0.36359768,0.58329276,0.71295650,0.81854756,-0.00004430,0.00035364,0.00064169,0.00098652,0.00099231,0.00127744,0.00158725,0.00201986,0.00132817,0.00173824,0.00221191,0.00292630,0.00166055,0.00219277,0.00275298,0.00361202,0.00227717,0.00300571,0.00381548,0.00500209
1975-11-06,full,2562,0.27443427,0.51094134,0.67027339,0.79226735,-0.00004776,0.00024949,0.00051687,0.00080127,0.00079263,0.00108198,0.00138864,0.00184466,0.00112984,0.00147037,0.00194640,0.00249515,0.00163507,0.00211475,0.00269883,0.00351830,0.00213570,0.00283332,0.00358467,0.00480032
1975-12-08,full,2621,0.17052250,0.40938480,0.60247355,0.75023199,-0.00011494,0.00013159,0.00034881,0.00057487,0.00056104,0.00081105,0.00105501,0.00141899,0.00090013,0.00129904,0.00165981,0.00222516,0.00136962,0.00183893,0.00231358,0.00310928,0.00190918,0.00257550,0.00330134,0.00430157
1976-01-08,full,2682,0.09041105,0.31158509,0.53180704,0.72384887,-0.00018533,0.00000047,0.00013158,0.00027498,-0.00038004,0.00040213,0.00060671,0.00088118,0.00051346,0.00083071,0.00124105,0.00176765,0.00093095,0.00138611,0.00184981,0.00261312,0.00137698,0.00196180,0.00260213,0.00343919
1976-02-06,full,2725,0.08616861,0.29199827,0.52233427,0.72672210,-0.00019078,-0.00004640,0.00011633,0.00025789,-0.00051538,0.00032638,0.00054029,0.00081285,0.00041730,0.00076112,0.00104715,0.00140579,0.00085972,0.00127663,0.00162072,0.00227478,0.00137148,0.00191393,0.00246178,0.00314117
1976-03-09,full,2763,0.08898596,0.31040302,0.53911534,0.73981701,-0.00018941,-0.00002008,0.00012369,0.00026520,-0.00044505,0.00048442,0.00066531,0.00090510,0.00065288,0.00093737,0.00121244,0.00152253,0.00101087,0.00140682,0.00180451,0.00227990,0.00141412,0.00202842,0.00247687,0.00323643
1976-04-07,full,2792,0.11708241,0.34953691,0.57547094,0.75284123,-0.00016283,0.00002980,0.00016859,0.00035071,-0.00018644,0.00059019,0.00077547,0.00106340,0.00073752,0.00107484,0.00138713,0.00171797,0.00110466,0.00149723,0.00193864,0.00238113,0.00147742,0.00210519,0.00262694,0.00333081
1976-05-07,full,2805,0.14556114,0.40231150,0.59943808,0.76537825,-0.00016758,0.00002042,0.00020852,0.00040111,0.00037356,0.00067078,0.00089357,0.00121057,0.00081934,0.00112105,0.00143090,0.00184979,0.00112217,0.00161208,0.00206250,0.00257533,0.00149618,0.00213619,0.00270092,0.00355153
1976-06-08,full,2822,0.20322770,0.44825137,0.63552749,0.77985937,-0.00016552,0.00007543,0.00028499,0.00048906,0.00049504,0.00076581,0.00099070,0.00128783,0.00090346,0.00128285,0.00160597,0.00208217,0.00117266,0.00164695,0.00217115,0.00270913,0.00160518,0.00229353,0.00285853,0.00360096
1976-07-08,full,2822,0.26475782,0.52991568,0.68807197,0.80352562,-0.00012173,0.00013947,0.00037396,0.00060630,0.00063615,0.00088550,0.00112182,0.00146107,0.00101825,0.00137747,0.00176890,0.00227511,0.00136274,0.00188458,0.00237171,0.00294811,0.00157883,0.00233106,0.00288884,0.00364536
1976-08-06,full,2823,0.36867356,0.61563962,0.74582670,0.83762796,-0.00005143,0.00022702,0.00046169,0.00072415,0.00073628,0.00101591,0.00128299,0.00159389,0.00117665,0.00164230,0.00204204,0.00258960,0.00138197,0.00190441,0.00246735,0.00305171,0.00173528,0.00243332,0.00297834,0.00375876
1976-09-07,full,2841,0.32162376,0.57589094,0.72558725,0.83333336,-0.00010726,0.00016433,0.00041313,0.00066218,0.00070773,0.00099234,0.00125135,0.00166422,0.00108984,0.00146262,0.00184127,0.00238884,0.00131645,0.00187838,0.00236591,0.00304653,0.00163844,0.00223108,0.00287040,0.00365690
1976-10-06,full,2857,0.25404694,0.51039548,0.69779585,0.81953968,-0.00013329,0.00009773,0.00030699,0.00052315,0.00060369,0.00089046,0.00111687,0.00144283,0.00092624,0.00131561,0.00171406,0.00220576,0.00119940,0.00160618,0.00214990,0.00289607,0.00147694,0.00206870,0.00268102,0.00349469
1976-11-05,full,2933,0.15771651,0.40583603,0.62506662,0.78303379,-0.00016708,0.00005949,0.00022792,0.00042314,0.00039490,0.00064561,0.00085685,0.00113465,0.00075426,0.00111894,0.00142049,0.00187225,0.00094259,0.00137836,0.00184919,0.00241446,0.00129533,0.00183333,0.00245867,0.00331397
1976-12-07,full,2997,0.09448657,0.31612052,0.55435950,0.75149119,-0.00013671,0.00002095,0.00014396,0.00029634,-0.00034688,0.00043358,0.00060929,0.00082899,0.00057781,0.00088367,0.00115831,0.00147344,0.00080327,0.00119518,0.00160977,0.00214590,0.00109389,0.00156170,0.00218349,0.00308001
1977-01-06,full,3044,0.08095374,0.29935844,0.56036822,0.75569956,-0.00015435,-0.00003382,0.00006631,0.00018833,-0.00045733,0.00021233,0.00041227,0.00061522,-0.00044936,0.00064437,0.00085447,0.00115571,0.00061011,0.00098703,0.00130614,0.00174494,0.00097885,0.00139890,0.00190477,0.00274148
1977-02-04,full,3062,0.10181716,0.33559196,0.58249783,0.77696654,-0.00016367,-0.00003059,0.00009666,0.00022152,-0.00050485,0.00023447,0.00043540,0.00065594,-0.00070490,0.00063269,0.00085867,0.00114962,0.00065538,0.00101495,0.00131138,0.00176303,0.00102356,0.00139353,0.00189289,0.00268742
1977-03-08,full,3055,0.14769934,0.39077949,0.61828973,0.80358618,-0.00016854,0.00000571,0.00014659,0.00028317,-0.00048659,0.00037454,0.00053299,0.00073636,-0.00064990,0.00071428,0.00097639,0.00131787,0.00081622,0.00108856,0.00142557,0.00191397,0.00108050,0.00143155,0.00194023,0.00282095
1977-04-06,full,3006,0.17916811,0.45227317,0.66261130,0.82105022,-0.00020452,-0.00000065,0.00015606,0.00031275,-0.00047554,0.00043763,0.00061334,0.00082977,0.00051367,0.00083318,0.00113157,0.00149061,0.00089579,0.00122260,0.00153238,0.00199328,0.00111075,0.00150191,0.00211479,0.00286562
1977-05-06,full,3053,0.20279846,0.49654230,0.69539815,0.81964929,-0.00017822,-0.00000047,0.00016580,0.00033026,-0.00044169,0.00046514,0.00065601,0.00091518,0.00059735,0.00089108,0.00113757,0.00154457,0.00091874,0.00126568,0.00164218,0.00222460,0.00115382,0.00158862,0.00216301,0.00294265
1977-06-07,full,3050,0.20700469,0.50559091,0.70261356,0.82070580,-0.00025952,-0.00002186,0.00015299,0.00034537,-0.00041296,0.00049823,0.00066458,0.00089685,0.00061362,0.00090799,0.00118811,0.00155696,0.00089981,0.00128486,0.00168252,0.00222829,0.00113936,0.00164624,0.00224308,0.00308808
1977-07-07,full,3055,0.22819585,0.52746012,0.70100392,0.82310766,-0.00022028,-0.00001834,0.00015079,0.00032174,-0.00040181,0.00049532,0.00070971,0.00096741,0.00060010,0.00092187,0.00117953,0.00158826,0.00088674,0.00126176,0.00166659,0.00220058,0.00120277,0.00175316,0.00241244,0.00314664
1977-08-08,full,3040,0.24106656,0.55715832,0.72078552,0.83417761,-0.00020843,-0.00000679,0.00016078,0.00032303,-0.00033662,0.00052336,0.00073367,0.00099694,0.00065633,0.00097572,0.00127247,0.00166983,0.00092289,0.00130631,0.00165478,0.00225046,0.00128485,0.00185696,0.00246069,0.00318170
1977-09-07,full,3058,0.22449030,0.52451625,0.70613697,0.82378290,-0.00021164,-0.00001538,0.00016393,0.00031704,-0.00044228,0.00047802,0.00068206,0.00095653,0.00065214,0.00097092,0.00124978,0.00169466,0.00089357,0.00127125,0.00162430,0.00219123,0.00132224,0.00184096,0.00247972,0.00320655
1977-10-06,full,3080,0.19746446,0.47595593,0.67495672,0.80691406,-0.00017872,-0.00001791,0.00014105,0.00027866,-0.00037905,0.00044656,0.00064372,0.00091112,0.00057544,0.00086173,0.00115754,0.00152012,0.00077981,0.00121151,0.00157741,0.00211244,0.00132532,0.00182041,0.00242603,0.00314407
1977-11-04,full,3108,0.14426394,0.38667952,0.60965836,0.77677378,-0.00015702,-0.00002722,0.00011364,0.00024959,-0.00036630,0.00031553,0.00050991,0.00073476,0.00038174,0.00066005,0.00093619,0.00133541,0.00063785,0.00107928,0.00141785,0.00192498,0.00100879,0.00161993,0.00218504,0.00287539
1977-12-06,full,3134,0.12526538,0.36193900,0.58544779,0.75662682,-0.00015378,-0.00004058,0.00007030,0.00020790,-0.00038661,0.00026416,0.00041297,0.00064300,-0.00043560,0.00056328,0.00086249,0.00118271,0.00043385,0.00092789,0.00133056,0.00180260,0.00082348,0.00148990,0.00200788,0.00277297
1978-01-06,full,3126,0.11931845,0.37115905,0.58962463,0.76159740,-0.00014040,-0.00002558,0.00006966,0.00017614,-0.00034342,0.00024526,0.00039094,0.00060038,-0.00054039,0.00049184,0.00075895,0.00113671,0.00046004,0.00096743,0.00131683,0.00179833,0.00080242,0.00148414,0.00197930,0.00280051
1978-02-06,full,3104,0.11280106,0.37140079,0.57736307,0.75888225,-0.00013734,-0.00003239,0.00007730,0.00018157,-0.00035410,0.00023061,0.00036251,0.00057287,-0.00057882,0.00046606,0.00072944,0.00112117,0.00030596,0.00082681,0.00125414,0.00172844,0.00089346,0.00152952,0.00204219,0.00269236
1978-03-08,full,3156,0.11714962,0.36560712,0.59145026,0.76804617,-0.00012709,-0.00001663,0.00008533,0.00017437,-0.00038248,0.00021405,0.00037537,0.00058041,-0.00064877,0.00044539,0.00071349,0.00110155,-0.00051544,0.00085623,0.00127210,0.00175865,0.00093578,0.00157293,0.00210791,0.00275051
1978-04-07,full,3177,0.12706625,0.36291875,0.59780874,0.77510822,-0.00012789,-0.00002627,0.00007270,0.00019866,-0.00041616,0.00021239,0.00039534,0.00060546,-0.00061216,0.00046342,0.00078021,0.00113161,-0.00043596,0.00091540,0.00129904,0.00180294,0.00103771,0.00164851,0.00220380,0.00283425
1978-05-08,full,3195,0.12797658,0.35743301,0.59248724,0.77606788,-0.00014865,-0.00004046,0.00005763,0.00018640,-0.00039383,0.00021700,0.00045168,0.00065609,-0.00058237,0.00057398,0.00084609,0.00117236,0.00058281,0.00110135,0.00143655,0.00192531,0.00135030,0.00185741,0.00236963,0.00308612
1978-06-07,full,3194,0.12110849,0.38240021,0.60660178,0.77900231,-0.00015867,-0.00001799,0.00007647,0.00021974,-0.00042588,0.00029113,0.00048117,0.00075241,0.00027881,0.00079253,0.00108189,0.00148046,0.00088586,0.00127159,0.00166606,0.00215324,0.00154232,0.00205191,0.00258876,0.00336263
1978-07-07,full,3194,0.15683705,0.44609230,0.66525888,0.80292390,-0.00016098,-0.00001649,0.00009927,0.00024896,-0.00016230,0.00042448,0.00061844,0.00089894,0.00067810,0.00099234,0.00133042,0.00177493,0.00111034,0.00147748,0.00190927,0.00238791,0.00169042,0.00219432,0.00275525,0.00352517
1978-08-07,full,3185,0.23132172,0.53809460,0.72525610,0.83336040,-0.00012593,0.00003071,0.00015250,0.00031511,0.00029029,0.00057251,0.00078377,0.00109977,0.00085761,0.00116635,0.00143783,0.00192192,0.00136236,0.00172880,0.00209990,0.00273644,0.00186962,0.00244685,0.00297319,0.00379374
1978-09-06,full,3188,0.33141457,0.61970484,0.77377834,0.86397732,-0.00008014,0.00010976,0.00026247,0.00046675,0.00046817,0.00076222,0.00103420,0.00136673,0.00101966,0.00139850,0.00171601,0.00220966,0.00156863,0.00191526,0.00233614,0.00299996,0.00202551,0.00270818,0.00335093,0.00421880
1978-10-05,full,3210,0.41468655,0.68468987,0.80626905,0.88101984,-0.00004755,0.00017044,0.00034700,0.00060555,0.00067277,0.00094124,0.00120751,0.00157274,0.00117881,0.00152089,0.00189182,0.00245021,0.00162755,0.00209907,0.00258619,0.00325075,0.00219984,0.00295838,0.00357737,0.00450733
1978-11-03,full,3207,0.35440800,0.61636927,0.74610865,0.83969487,-0.00006717,0.00015265,0.00032926,0.00059196,0.00058665,0.00086146,0.00111111,0.00146463,0.00105096,0.00138888,0.00173238,0.00227241,0.00155192,0.00204439,0.00250300,0.00321943,0.00195348,0.00274325,0.00344967,0.00435844
1978-12-05,full,3202,0.20930182,0.44886357,0.61869814,0.75062346,-0.00011473,0.00007142,0.00022182,0.00041528,0.00042112,0.00069565,0.00090935,0.00124501,0.00083728,0.00114823,0.00145777,0.00190997,0.00121409,0.00167183,0.00216188,0.00277063,0.00163463,0.00244794,0.00307664,0.00399546
1979-01-05,full,3218,0.12553861,0.34498462,0.52711725,0.71046179,-0.00013371,0.00002524,0.00015153,0.00034137,0.00023034,0.00053691,0.00072383,0.00102315,0.00064368,0.00097076,0.00127788,0.00167527,0.00100674,0.00146113,0.00196833,0.00253833,0.00148497,0.00213348,0.00279771,0.00364743
1979-02-05,full,3260,0.08121559,0.25933354,0.46263066,0.66803423,-0.00014361,0.00000052,0.00011027,0.00025468,-0.00024474,0.00037085,0.00057340,0.00076392,0.00039059,0.00076658,0.00104110,0.00143515,0.00082818,0.00130588,0.00171277,0.00220481,0.00127573,0.00183548,0.00251098,0.00339668
1979-03-07,full,3272,0.05325972,0.20130469,0.39553598,0.61291278,-0.00011023,-0.00001063,0.00007557,0.00018437,-0.00034452,0.00019814,0.00039851,0.00060378,-0.00038599,0.00055582,0.00085782,0.00117452,0.00038810,0.00098907,0.00134150,0.00184594,0.00107914,0.00168665,0.00221196,0.00302447
1979-04-05,full,3287,0.04899464,0.17935818,0.36500311,0.58972985,-0.00013036,-0.00001551,0.00007347,0.00016818,-0.00037360,-0.00014586,0.00029763,0.00047648,-0.00051802,0.00040110,0.00069120,0.00094681,-0.00064059,0.00081056,0.00118400,0.00163880,0.00082928,0.00145005,0.00205298,0.00275247
1979-05-07,full,3274,0.04359013,0.17421318,0.36393629,0.59130447,-0.00011928,-0.00003105,0.00004532,0.00015446,-0.00035489,-0.00010243,0.00030552,0.00048388,-0.00054822,0.00030491,0.00060449,0.00089292,-0.00066373,0.00070381,0.00111915,0.00156683,0.00071616,0.00140304,0.00196282,0.00275914
1979-06-06,full,3276,0.04340195,0.17288045,0.36194554,0.58883068,-0.00010470,-0.00001932,0.00005061,0.00015258,-0.00034972,-0.00009012,0.00031089,0.00046845,-0.00060205,0.00025919,0.00059975,0.00091039,-0.00059248,0.00072467,0.00107424,0.00155127,0.00069373,0.00144029,0.00201849,0.00286100
1979-07-06,full,3268,0.04663952,0.18550565,0.38327424,0.61002303,-0.00013639,-0.00003414,0.00005340,0.00015147,-0.00037362,0.00010579,0.00033644,0.00051926,-0.00050112,0.00039510,0.00066082,0.00098691,-0.00053202,0.00078422,0.00118337,0.00169162,0.00084703,0.00160672,0.00215258,0.00292569
1979-08-06,full,3263,0.05654712,0.22045118,0.40875507,0.62770430,-0.00012448,-0.00001471,0.00005961,0.00017066,-0.00032532,0.00017762,0.00037589,0.00056986,-0.00048605,0.00049473,0.00076734,0.00106148,0.00029365,0.00091388,0.00135456,0.00182595,0.00094066,0.00164357,0.00222404,0.00310535
1979-09-05,full,3268,0.09722384,0.30817484,0.52598122,0.70644606,-0.00015233,-0.00001239,0.00010656,0.00022878,-0.00024998,0.00038227,0.00055063,0.00076656,0.00046380,0.00079637,0.00105630,0.00137564,0.00086621,0.00123826,0.00167339,0.00213050,0.00140173,0.00204628,0.00255600,0.00353772
1979-10-04,full,3251,0.22107053,0.50604620,0.68737679,0.80981902,-0.00012571,0.00007773,0.00021435,0.00042255,0.00036356,0.00061037,0.00081334,0.00110433,0.00075451,0.00103930,0.00132136,0.00176863,0.00114224,0.00157560,0.00197993,0.00246927,0.00174473,0.00235448,0.00296754,0.00393859
1979-11-02,full,3211,0.23291470,0.52687056,0.70532957,0.83532012,-0.00012257,0.00007650,0.00022580,0.00039059,0.00037144,0.00058469,0.00079618,0.00108179,0.00079448,0.00101895,0.00134575,0.00171935,0.00120161,0.00157876,0.00203001,0.00257604,0.00184002,0.00241417,0.00300082,0.00396131
1979-12-04,full,3227,0.14218152,0.41172520,0.63094597,0.80538655,-0.00016802,-0.00001504,0.00011479,0.00025956,0.00017530,0.00041375,0.00056556,0.00081212,0.00063261,0.00085309,0.00109954,0.00153283,0.00101000,0.00139895,0.00177959,0.00231685,0.00180902,0.00238264,0.00296226,0.00393890
1980-01-04,full,3218,0.12111873,0.38611736,0.60881798,0.79568436,-0.00016280,-0.00002711,0.00011833,0.00023131,-0.00036984,0.00034526,0.00049641,0.00076726,0.00037723,0.00075675,0.00099856,0.00142330,0.00095808,0.00137936,0.00174551,0.00229746,0.00173177,0.00236745,0.00296013,0.00394571
1980-02-04,full,3228,0.12673963,0.37558662,0.62110746,0.80148606,-0.00015299,-0.00001187,0.00010316,0.00023587,-0.00039839,0.00030478,0.00052512,0.00076382,0.00045377,0.00078680,0.00106466,0.00149173,0.00100525,0.00142994,0.00185800,0.00249343,0.00180444,0.00245321,0.00310537,0.00396364
1980-03-05,full,3232,0.11134834,0.38352606,0.61610593,0.79932292,-0.00015546,-0.00002697,0.00009982,0.00022737,-0.00040223,0.00026505,0.00048557,0.00074911,-0.00049783,0.00078338,0.00109616,0.00154798,0.00100551,0.00148469,0.00196060,0.00261604,0.00200400,0.00259712,0.00333952,0.00424554
1980-04-03,full,3159,0.09143405,0.31030239,0.54189459,0.74980981,-0.00017590,-0.00006605,0.00006891,0.00020231,-0.00048034,-0.00027429,0.00040360,0.00067874,-0.00064772,0.00062565,0.00095797,0.00126239,-0.00057566,0.00131579,0.00177183,0.00243234,0.00190507,0.00253772,0.00329525,0.00411972
1980-05-05,full,3159,0.07667248,0.27977196,0.48424102,0.70318362,-0.00017449,-0.00005994,0.00008061,0.00021777,-0.00045328,-0.00029069,0.00036195,0.00064247,-0.00078284,-0.00047088,0.00080802,0.00117138,-0.00093654,0.00110847,0.00162621,0.00220685,0.00141312,0.00236279,0.00305466,0.00385284
1980-06-04,full,3181,0.06664819,0.24164797,0.46372686,0.67085256,-0.00017614,-0.00006156,0.00004244,0.00015650,-0.00046045,-0.00030634,0.00033994,0.00056309,-0.00078318,-0.00046590,0.00076039,0.00113470,-0.00113469,0.00075680,0.00141218,0.00201549,0.00059523,0.00212502,0.00277785,0.00376443
1980-07-03,full,3189,0.05327928,0.22186018,0.42207401,0.65994954,-0.00015717,-0.00005480,0.00005320,0.00016291,-0.00045287,-0.00027619,0.00033348,0.00053622,-0.00081355,-0.00048832,0.00069807,0.00103498,-0.00098537,0.00094373,0.00140181,0.00195141,0.00100856,0.00214596,0.00282129,0.00369977
1980-08-04,full,3206,0.05224579,0.20093231,0.40370823,0.64660856,-0.00016717,-0.00004677,0.00005129,0.00016938,-0.00045422,-0.00020007,0.00038237,0.00051649,-0.00071075,0.00049935,0.00077775,0.00103820,-0.00082210,0.00103203,0.00143810,0.00192893,0.00156957,0.00225247,0.00289724,0.00375553
1980-09-03,full,3206,0.06706585,0.23009168,0.45251316,0.66385618,-0.00015816,-0.00001537,0.00012343,0.00021800,-0.00045349,0.00033192,0.00047009,0.00064404,0.00043368,0.00070893,0.00096629,0.00126291,0.00098989,0.00133799,0.00168271,0.00219999,0.00179558,0.00244318,0.00306328,0.00387529
1980-10-02,full,3216,0.12793249,0.33987523,0.54404441,0.72204113,-0.00016708,0.00006584,0.00021063,0.00038034,0.00038472,0.00056923,0.00073536,0.00097532,0.00079137,0.00102270,0.00133234,0.00174287,0.00126638,0.00166287,0.00207682,0.00265094,0.00201433,0.00266308,0.00327544,0.00415667
1980-10-31,full,3243,0.16804591,0.40538095,0.59677351,0.74342853,-0.00009863,0.00013156,0.00029351,0.00046873,0.00051700,0.00067867,0.00087135,0.00118187,0.00086388,0.00119481,0.00150910,0.00197939,0.00137722,0.00178088,0.00226148,0.00293028,0.00210290,0.00276429,0.00345406,0.00447186
1980-12-03,full,3248,0.17030646,0.42196398,0.61666730,0.75764255,-0.00005908,0.00016193,0.00030787,0.00045879,0.00051394,0.00068245,0.00088850,0.00122389,0.00094282,0.00125867,0.00164752,0.00211381,0.00150241,0.00191929,0.00241262,0.00310903,0.00223515,0.00295579,0.00370599,0.00464321
1981-01-05,full,3253,0.18039076,0.43600096,0.64290224,0.77326017,-0.00009922,0.00011809,0.00027420,0.00043782,0.00053786,0.00071414,0.00091570,0.00119368,0.00103295,0.00134960,0.00167696,0.00216517,0.00167645,0.00209262,0.00256883,0.00324757,0.00240589,0.00312558,0.00389557,0.00483765
1981-02-03,full,3245,0.24423768,0.52245212,0.69255045,0.81299788,-0.00005786,0.00018155,0.00036054,0.00055138,0.00065423,0.00084558,0.00107611,0.00141364,0.00110144,0.00147576,0.00182695,0.00237195,0.00177383,0.00223439,0.00279877,0.00351401,0.00244042,0.00322553,0.00402059,0.00504499
1981-03-05,full,3245,0.28443404,0.58131181,0.74923851,0.85350494,-0.00001047,0.00020852,0.00037184,0.00060854,0.00072048,0.00095480,0.00123293,0.00160580,0.00123736,0.00166677,0.00206547,0.00266438,0.00177883,0.00234110,0.00296676,0.00385519,0.00225544,0.00307659,0.00384409,0.00500706
1981-04-03,full,3264,0.23680405,0.54045862,0.72293326,0.84584850,-0.00010792,0.00011303,0.00029808,0.00049890,0.00059726,0.00084722,0.00110371,0.00151985,0.00117050,0.00156671,0.00192021,0.00257537,0.00164834,0.00217039,0.00275803,0.00362301,0.00211430,0.00281931,0.00359601,0.00474007
1981-05-05,full,3303,0.20619112,0.47561159,0.67923409,0.82984808,-0.00016265,0.00003245,0.00022473,0.00047524,0.00046082,0.00070454,0.00094938,0.00141009,0.00098679,0.00133453,0.00174706,0.00243610,0.00143725,0.00189922,0.00239568,0.00317261,0.00204603,0.00262318,0.00333870,0.00441851
1981-06-04,full,3358,0.15824141,0.41366090,0.64384522,0.81468475,-0.00014343,0.00000378,0.00017425,0.00038201,0.00033991,0.00061028,0.00081253,0.00118529,0.00083853,0.00120093,0.00154418,0.00209417,0.00125733,0.00162042,0.00211800,0.00288529,0.00186361,0.00246269,0.00318130,0.00428321
1981-07-06,full,3366,0.12261237,0.37405008,0.62364132,0.80608427,-0.00019419,-0.00000065,0.00015596,0.00030924,-0.00016678,0.00052432,0.00074883,0.00107018,0.00069000,0.00099556,0.00126229,0.00174814,0.00122686,0.00160709,0.00200760,0.00272284,0.00170853,0.00228999,0.00291960,0.00393969
1981-08-04,full,3401,0.12212836,0.37267803,0.60656109,0.78258687,-0.00020957,0.00000185,0.00015396,0.00031111,-0.00049363,0.00040808,0.00059500,0.00089832,0.00036292,0.00086927,0.00116177,0.00158260,0.00106330,0.00145071,0.00175804,0.00242231,0.00159285,0.00215670,0.00272069,0.00372728
1981-09-02,full,3373,0.12396183,0.38444055,0.60081284,0.76231765,-0.00021766,-0.00003800,0.00012235,0.00026773,-0.00059692,0.00037387,0.00059318,0.00085866,-0.00060596,0.00079164,0.00111256,0.00154316,0.00072817,0.00125308,0.00161044,0.00224400,0.00139033,0.00193390,0.00250515,0.00342599
1981-10-02,full,3325,0.11978616,0.34728851,0.54655177,0.72441553,-0.00025063,-0.00009443,0.00008579,0.00027980,-0.00059535,0.00035055,0.00058547,0.00084148,-0.00089649,0.00068090,0.00101348,0.00134400,-0.00111240,0.00104135,0.00152236,0.00221030,-0.00089040,0.00149474,0.00212176,0.00295352
1981-11-02,full,3352,0.10551703,0.32897404,0.54353329,0.72016812,-0.00019494,-0.00001613,0.00012453,0.00028346,-0.00062693,0.00018517,0.00055027,0.00081822,-0.00104504,0.00044755,0.00095533,0.00134646,-0.00133611,0.00078203,0.00138469,0.00201986,-0.00191474,0.00109664,0.00186729,0.00268908
1981-12-02,full,3327,0.09682181,0.31209641,0.53604965,0.71968888,-0.00022386,-0.00005734,0.00007592,0.00023861,-0.00062089,0.00024834,0.00053990,0.00078715,-0.00106163,-0.00022932,0.00084884,0.00129917,-0.00144519,0.00065415,0.00123647,0.00182590,-0.00191630,0.00109909,0.00179784,0.00268030
1982-01-04,full,3309,0.08397923,0.28599290,0.50851182,0.70265938,-0.00019222,-0.00003374,0.00010265,0.00024579,-0.00060141,-0.00033828,0.00042688,0.00067114,-0.00100867,-0.00041903,0.00078124,0.00121215,-0.00150254,-0.00078273,0.00099612,0.00164323,-0.00203774,0.00088712,0.00152492,0.00237667
1982-02-02,full,3320,0.07736709,0.26615992,0.49796686,0.69968728,-0.00020843,-0.00005907,0.00005985,0.00018445,-0.00057919,-0.00035068,0.00036536,0.00061456,-0.00104905,-0.00060363,0.00066606,0.00105896,-0.00159068,-0.00101201,0.00080888,0.00145050,-0.00235211,-0.00134494,0.00116223,0.00197660
1982-03-04,full,3267,0.07925819,0.28138931,0.51260059,0.72685977,-0.00020810,-0.00007109,0.00005110,0.00019137,-0.00060257,-0.00035739,0.00031048,0.00055420,-0.00106166,-0.00071151,0.00055919,0.00095465,-0.00176712,-0.00124031,0.00026683,0.00113346,-0.00262768,-0.00178824,0.00062441,0.00164122
1982-04-02,full,3286,0.09667447,0.31369424,0.55502750,0.74992565,-0.00020389,-0.00007879,0.00004634,0.00020594,-0.00063423,-0.00041755,0.00031510,0.00056882,-0.00124787,-0.00089390,-0.00047359,0.00084455,-0.00202422,-0.00139683,-0.00090608,0.00104354,-0.00283518,-0.00213596,-0.00138709,0.00124785
1982-05-04,full,3293,0.09858809,0.31638257,0.54326068,0.74082891,-0.00022110,-0.00009049,0.00006035,0.00020209,-0.00070678,-0.00047085,0.00009249,0.00055452,-0.00119448,-0.00080992,0.00038019,0.00087150,-0.00193322,-0.00139693,-0.00079430,0.00116390,-0.00283783,-0.00208650,-0.00116055,0.00134600
1982-06-03,full,3274,0.09553237,0.30534327,0.52239741,0.72559332,-0.00023615,-0.00011591,0.00002771,0.00018611,-0.00066075,-0.00041954,0.00027375,0.00055619,-0.00120376,-0.00074954,0.00042096,0.00092444,-0.00180211,-0.00122401,0.00050652,0.00122848,-0.00260425,-0.00181375,0.00073730,0.00152405
1982-07-02,full,3210,0.09609729,0.30462411,0.55295374,0.74260855,-0.00020505,-0.00006307,0.00007020,0.00020091,-0.00062151,-0.00037071,0.00032331,0.00058834,-0.00111618,-0.00072922,0.00053993,0.00095149,-0.00170990,-0.00116449,0.00080682,0.00149387,-0.00260493,-0.00163495,0.00103292,0.00162225
1982-08-03,full,3196,0.10376035,0.31958954,0.55615133,0.75594376,-0.00020559,-0.00006462,0.00005357,0.00020887,-0.00061738,-0.00035346,0.00038795,0.00060866,-0.00112619,-0.00070141,0.00059745,0.00107930,-0.00168368,-0.00109748,0.00089277,0.00146663,-0.00252097,-0.00146977,0.00118721,0.00191513
1982-09-01,full,3209,0.10775639,0.32767316,0.56197757,0.75970267,-0.00023140,-0.00009303,0.00006662,0.00017840,-0.00062131,-0.00037779,0.00039106,0.00066183,-0.00112987,-0.00068937,0.00058479,0.00101120,-0.00171496,-0.00108308,0.00089755,0.00157819,-0.00232141,0.00079897,0.00132722,0.00210900
1982-10-01,full,3156,0.08847719,0.28861477,0.54162057,0.75532874,-0.00019373,-0.00005470,0.00007389,0.00020910,-0.00062879,-0.00038183,0.00034870,0.00055962,-0.00109575,-0.00068838,0.00068575,0.00104117,-0.00151542,-0.00081467,0.00104589,0.00158944,-0.00221915,0.00103080,0.00150031,0.00229552
1982-11-01,full,3227,0.07895051,0.26725838,0.51438514,0.73873786,-0.00020799,-0.00004356,0.00008862,0.00022486,-0.00058662,-0.00025736,0.00044746,0.00066438,-0.00103733,0.00046094,0.00086337,0.00120275,-0.00166896,0.00074428,0.00129515,0.00173521,0.00036690,0.00130834,0.00199561,0.00273017
1982-12-01,full,3219,0.09872839,0.31612608,0.54225199,0.75785565,-0.00024291,-0.00002331,0.00015003,0.00030754,-0.00062900,0.00044062,0.00069840,0.00096093,-0.00079544,0.00091896,0.00122022,0.00165594,0.00051923,0.00135919,0.00174832,0.00224435,0.00132607,0.00182536,0.00255854,0.00334509
1982-12-31,full,3216,0.16176790,0.42637614,0.63527556,0.80373840,-0.00025539,0.00000378,0.00023320,0.00046541,-0.00055665,0.00070523,0.00099983,0.00133023,0.00086455,0.00129914,0.00167624,0.00225351,0.00135651,0.00182100,0.00229143,0.00287325,0.00156755,0.00228309,0.00309171,0.00389639
1983-01-31,full,3216,0.23580764,0.53663794,0.71759134,0.84738614,-0.00028289,0.00002890,0.00035993,0.00065931,0.00060614,0.00095735,0.00123610,0.00166630,0.00127313,0.00167590,0.00208123,0.00274606,0.00168004,0.00218356,0.00269281,0.00344194,0.00188378,0.00261638,0.00342802,0.00438974
1983-03-02,full,3210,0.36459071,0.63678304,0.78284450,0.87476066,-0.00020118,0.00020783,0.00055497,0.00088644,0.00101569,0.00132517,0.00166375,0.00211527,0.00148074,0.00194373,0.00238195,0.00306452,0.00192669,0.00241018,0.00309323,0.00390047,0.00209979,0.00302579,0.00380316,0.00489819
1983-03-31,full,3218,0.45175977,0.70569316,0.81561205,0.88791411,-0.00002206,0.00040530,0.00076206,0.00120380,0.00122753,0.00157073,0.00192662,0.00250808,0.00172192,0.00215519,0.00259026,0.00331300,0.00206727,0.00267111,0.00330517,0.00428076,0.00229017,0.00321373,0.00392598,0.00507607
1983-05-02,full,3230,0.56687561,0.77017640,0.85727900,0.90742105,0.00010466,0.00057187,0.00097544,0.00140687,0.00148842,0.00185103,0.00218465,0.00272792,0.00193072,0.00242225,0.00296883,0.00378631,0.00224171,0.00285684,0.00351484,0.00434756,0.00260538,0.00347466,0.00425753,0.00548253
1983-06-01,full,3245,0.67132309,0.82608558,0.88969092,0.92862369,0.00040291,0.00093595,0.00133597,0.00187058,0.00168351,0.00204566,0.00255618,0.00318678,0.00210622,0.00263788,0.00318191,0.00410891,0.00246162,0.00299858,0.00366140,0.00481374,0.00295527,0.00372039,0.00448603,0.00581020
1983-06-30,full,3285,0.69458318,0.83179542,0.89346894,0.93051361,0.00055389,0.00110980,0.00147419,0.00209720,0.00166964,0.00212147,0.00261325,0.00335905,0.00211643,0.00270916,0.00324362,0.00407609,0.00248534,0.00304111,0.00363810,0.00501589,0.00308258,0.00392758,0.00467191,0.00589262
1983-08-01,full,3331,0.67488672,0.81285583,0.87677896,0.92147872,0.00059356,0.00104078,0.00149670,0.00207969,0.00153617,0.00203827,0.00251687,0.00340304,0.00199832,0.00250138,0.00304509,0.00388492,0.00238382,0.00284730,0.00344681,0.00439215,0.00324182,0.00397796,0.00483059,0.00589796
1983-08-30,full,3442,0.57547667,0.75720922,0.83737866,0.89825445,0.00031075,0.00073609,0.00113653,0.00157070,0.00127870,0.00172894,0.00216830,0.00280911,0.00171916,0.00223312,0.00285454,0.00377945,0.00203785,0.00258745,0.00316610,0.00402437,0.00256697,0.00337669,0.00425472,0.00538497
1983-09-29,full,3493,0.47547352,0.68676765,0.79868595,0.87744034,0.00010211,0.00048765,0.00077401,0.00123155,0.00103270,0.00141595,0.00180767,0.00247753,0.00149735,0.00192043,0.00246690,0.00314048,0.00182843,0.00234262,0.00290898,0.00392174,0.00217364,0.00286157,0.00370555,0.00489581
1983-10-28,full,3522,0.34507650,0.60977298,0.75333371,0.85428193,-0.00011237,0.00022853,0.00052045,0.00083480,0.00080147,0.00112686,0.00147650,0.00204782,0.00124229,0.00163263,0.00208306,0.00269834,0.00152935,0.00209545,0.00266983,0.00357487,0.00192906,0.00244244,0.00321701,0.00427243
1983-11-29,full,3571,0.21671461,0.49782874,0.68905562,0.82503693,-0.00021526,0.00009509,0.00033147,0.00055345,0.00055048,0.00089091,0.00120678,0.00159682,0.00095034,0.00137878,0.00180769,0.00239282,0.00127641,0.00175438,0.00234587,0.00324984,0.00173110,0.00219204,0.00274015,0.00377314
1983-12-29,full,3614,0.14001868,0.40239782,0.62337283,0.78835124,-0.00020575,0.00000403,0.00020889,0.00041947,-0.00042541,0.00061207,0.00087382,0.00123231,0.00065259,0.00108809,0.00148525,0.00203646,0.00103597,0.00150832,0.00196717,0.00292552,0.00147405,0.00192860,0.00244538,0.00330568
1984-01-30,full,3659,0.10586517,0.33521446,0.55692864,0.76228187,-0.00019127,0.00001195,0.00014308,0.00032105,-0.00054226,0.00041756,0.00063933,0.00092518,-0.00055812,0.00082107,0.00115118,0.00159017,0.00077118,0.00123584,0.00160531,0.00228066,0.00124523,0.00167044,0.00220316,0.00284217
1984-02-29,full,3635,0.07070020,0.25256568,0.47609925,0.70176561,-0.00019747,-0.00005232,0.00007883,0.00021530,-0.00052893,0.00013847,0.00043078,0.00066030,-0.00085184,0.00051963,0.00086330,0.00125237,-0.00124821,0.00083561,0.00120823,0.00180008,0.00085095,0.00137091,0.00180419,0.00242878
1984-03-29,full,3670,0.06585901,0.24547595,0.45476876,0.67702334,-0.00018923,-0.00005731,0.00005451,0.00018922,-0.00057909,-0.00029863,0.00035314,0.00058822,-0.00096221,-0.00054902,0.00061378,0.00096567,-0.00151346,-0.00068387,0.00088372,0.00148598,-0.00194289,0.00097661,0.00143304,0.00202725
1984-04-30,full,3664,0.08753823,0.28279532,0.51094756,0.71285200,-0.00019300,-0.00005091,0.00005210,0.00017938,-0.00056270,-0.00035919,0.00031383,0.00056198,-0.00108035,-0.00074171,0.00030847,0.00080517,-0.00165124,-0.00109872,0.00067635,0.00122449,-0.00271919,-0.00167797,0.00100318,0.00167567
1984-05-30,full,3650,0.09637599,0.32924588,0.53482083,0.72396132,-0.00020827,-0.00007466,0.00005240,0.00018105,-0.00062045,-0.00040651,0.00025505,0.00052161,-0.00112063,-0.00076759,-0.00038221,0.00078295,-0.00161230,-0.00121751,0.00052571,0.00113550,-0.00292699,-0.00203507,-0.00090778,0.00148290
1984-06-28,full,3643,0.10950008,0.32397973,0.53899885,0.72185505,-0.00020825,-0.00007505,0.00005973,0.00019492,-0.00060865,-0.00041980,0.00022340,0.00049743,-0.00111285,-0.00077036,-0.00047868,0.00066420,-0.00163322,-0.00120161,-0.00066510,0.00108145,-0.00280049,-0.00207708,-0.00125207,0.00144284
1984-07-30,full,3601,0.10231573,0.30181215,0.52832115,0.71846909,-0.00020196,-0.00008134,0.00004700,0.00017933,-0.00058535,-0.00039375,0.00023617,0.00046661,-0.00105795,-0.00072934,-0.00034748,0.00069751,-0.00162361,-0.00121792,-0.00076086,0.00096849,-0.00272983,-0.00192676,-0.00110164,0.00149974
1984-08-28,full,3667,0.08308038,0.27661855,0.49121607,0.69817665,-0.00018665,-0.00007625,0.00004028,0.00016424,-0.00057320,-0.00036469,0.00023312,0.00045834,-0.00100425,-0.00069937,0.00024841,0.00071338,-0.00164240,-0.00117539,-0.00072773,0.00090040,-0.00268063,-0.00183713,-0.00086607,0.00157561
1984-09-27,full,3696,0.06766806,0.22710215,0.43739463,0.65987709,-0.00017962,-0.00007260,0.00004864,0.00015448,-0.00050262,-0.00032620,0.00024166,0.00044232,-0.00093059,-0.00064039,0.00037232,0.00072810,-0.00147633,-0.00098403,0.00052024,0.00103003,-0.00230867,-0.00150522,0.00095558,0.00180745
1984-10-26,full,3688,0.05842570,0.21894130,0.42829414,0.65474696,-0.00015174,-0.00004984,0.00004601,0.00014633,-0.00048627,-0.00029321,0.00025126,0.00041240,-0.00088475,-0.00055618,0.00048511,0.00075244,-0.00135777,-0.00085978,0.00074988,0.00117605,-0.00201936,-0.00083492,0.00118304,0.00195983
1984-11-27,full,3648,0.06862160,0.23375822,0.44207906,0.66457856,-0.00016913,-0.00004179,0.00005758,0.00015983,-0.00051872,-0.00031005,0.00030033,0.00047569,-0.00086874,-0.00046067,0.00059320,0.00083815,-0.00124736,-0.00055887,0.00084985,0.00125011,-0.00188993,0.00072996,0.00126728,0.00203102
1984-12-27,full,3632,0.08151883,0.26313779,0.48829274,0.68592028,-0.00018233,-0.00003736,0.00008806,0.00021626,-0.00054424,-0.00030349,0.00034337,0.00056934,-0.00082828,0.00040151,0.00069834,0.00096719,-0.00127132,0.00048234,0.00095733,0.00137258,-0.00171594,0.00097074,0.00140957,0.00205494
1985-01-28,full,3663,0.10221968,0.33389930,0.56441973,0.74366730,-0.00019754,-0.00003332,0.00009762,0.00022125,-0.00057740,0.00017979,0.00048799,0.00069506,-0.00094582,0.00053905,0.00081990,0.00111272,-0.00120342,0.00086530,0.00118192,0.00158998,0.00098487,0.00135352,0.00170708,0.00229384
1985-02-27,full,3650,0.12819320,0.37114069,0.60806210,0.79112984,-0.00021207,-0.00002662,0.00012718,0.00029896,-0.00068991,0.00036905,0.00059331,0.00082908,-0.00079365,0.00076699,0.00100023,0.00137022,0.00080236,0.00120251,0.00150479,0.00190285,0.00128055,0.00160073,0.00197363,0.00252583
1985-03-28,full,3647,0.16535583,0.44180178,0.66227496,0.82914854,-0.00024059,-0.00001211,0.00015416,0.00033780,-0.00066622,0.00048671,0.00071413,0.00095006,0.00056137,0.00098422,0.00124847,0.00164870,0.00101922,0.00143349,0.00178444,0.00222818,0.00141503,0.00174490,0.00211061,0.00271626
1985-04-29,full,3630,0.19142317,0.49365276,0.70405427,0.85670514,-0.00028119,-0.00004491,0.00015775,0.00035783,-0.00065173,0.00056614,0.00081166,0.00110170,0.00069413,0.00108104,0.00137060,0.00181604,0.00123658,0.00159684,0.00193846,0.00248958,0.00152105,0.00188054,0.00227335,0.00288254
1985-05-29,full,3599,0.22207601,0.53064162,0.74033137,0.87686445,-0.00027979,-0.00000559,0.00022548,0.00041862,-0.00061264,0.00060808,0.00084883,0.00117451,0.00079968,0.00117526,0.00142625,0.00185871,0.00133116,0.00173136,0.00209879,0.00265254,0.00159943,0.00198140,0.00236404,0.00300576
1985-06-27,full,3570,0.22473816,0.53731583,0.75299299,0.88100088,-0.00025118,0.00003219,0.00023470,0.00043597,-0.00062396,0.00061630,0.00085852,0.00122664,0.00080680,0.00115951,0.00151902,0.00194694,0.00136454,0.00174052,0.00217393,0.00280657,0.00163628,0.00203273,0.00241871,0.00305851
1985-07-29,full,3588,0.21476570,0.53929375,0.75487342,0.88182827,-0.00027744,-0.00000924,0.00019941,0.00039842,-0.00061828,0.00057093,0.00084404,0.00116046,0.00080425,0.00116961,0.00151365,0.00203035,0.00132549,0.00169153,0.00208322,0.00264467,0.00165137,0.00205362,0.00247006,0.00317947
1985-08-27,full,3571,0.21551147,0.53982615,0.75044492,0.87620548,-0.00026412,-0.00001469,0.00016461,0.00035374,-0.00053415,0.00059531,0.00082516,0.00116718,0.00079521,0.00117979,0.00153425,0.00196784,0.00129598,0.00162007,0.00199437,0.00263159,0.00164751,0.00207781,0.00258403,0.00333785
1985-09-26,full,3537,0.19650898,0.51914711,0.73558720,0.85797006,-0.00021291,0.00002718,0.00018777,0.00036521,-0.00045477,0.00057468,0.00082542,0.00113319,0.00074018,0.00107793,0.00140594,0.00186454,0.00120732,0.00153417,0.00194048,0.00256995,0.00164244,0.00208541,0.00260962,0.00340275
1985-10-28,full,3544,0.17392100,0.46011219,0.67898182,0.83614033,-0.00021798,-0.00001057,0.00015828,0.00033393,-0.00055384,0.00048945,0.00071743,0.00102515,0.00065025,0.00095049,0.00122523,0.00164629,0.00105037,0.00142949,0.00179517,0.00243667,0.00161121,0.00203780,0.00250025,0.00325243
1985-11-26,full,3562,0.14712941,0.42704632,0.66517311,0.82776588,-0.00023202,-0.00004583,0.00014602,0.00032675,-0.00055180,0.00043917,0.00064072,0.00088686,0.00037240,0.00085295,0.00112628,0.00151841,0.00101273,0.00136314,0.00178366,0.00240341,0.00158028,0.00203859,0.00244845,0.00320190
1985-12-27,full,3561,0.13808433,0.40569924,0.64836286,0.82042653,-0.00021339,-0.00002209,0.00013794,0.00028779,-0.00062577,0.00034271,0.00056924,0.00080223,-0.00067173,0.00077077,0.00102807,0.00138893,0.00092184,0.00126604,0.00165520,0.00221504,0.00157830,0.00199651,0.00245142,0.00310332
1986-01-28,full,3548,0.14040259,0.41637460,0.64816042,0.82141742,-0.00019093,-0.00003405,0.00011271,0.00026605,-0.00060530,0.00035296,0.00055540,0.00078261,-0.00070368,0.00075209,0.00100742,0.00141951,0.00088069,0.00123379,0.00157450,0.00207890,0.00152647,0.00195515,0.00243852,0.00312745
1986-02-27,full,3553,0.17594260,0.46611282,0.67899594,0.83694459,-0.00026798,-0.00003230,0.00014249,0.00031957,-0.00060396,0.00045819,0.00068415,0.00093818,0.00055825,0.00092571,0.00120379,0.00161574,0.00105552,0.00137390,0.00169617,0.00222286,0.00169752,0.00211160,0.00261667,0.00330402
1986-03-31,full,3569,0.21583944,0.51992968,0.71616574,0.84669166,-0.00025262,0.00003253,0.00021448,0.00041895,-0.00059533,0.00062193,0.00085864,0.00116338,0.00087401,0.00114828,0.00141322,0.00188719,0.00125296,0.00157252,0.00190103,0.00243874,0.00188090,0.00229571,0.00280912,0.00348291
1986-04-29,full,3596,0.26563414,0.58664598,0.75017396,0.85876170,-0.00029173,0.00003880,0.00026832,0.00053904,0.00040833,0.00080478,0.00103956,0.00141117,0.00100653,0.00132976,0.00165074,0.00214904,0.00141575,0.00174383,0.00215189,0.00280826,0.00201164,0.00240875,0.00293249,0.00366962
1986-05-29,full,3612,0.31187243,0.62026778,0.77577537,0.86717944,-0.00028284,0.00004556,0.00036272,0.00059295,0.00055166,0.00090013,0.00118487,0.00154620,0.00115522,0.00146587,0.00183716,0.00235570,0.00151917,0.00187151,0.00228590,0.00296666,0.00209056,0.00254099,0.00307212,0.00383703
1986-06-27,full,3615,0.35241518,0.65880790,0.80220015,0.88137833,-0.00026915,0.00008156,0.00040218,0.00068532,0.00062399,0.00099059,0.00126789,0.00165967,0.00125630,0.00165231,0.00199442,0.00258509,0.00164915,0.00205384,0.00250862,0.00321971,0.00212053,0.00259395,0.00319180,0.00403250
1986-07-29,full,3569,0.36234227,0.67618603,0.81765963,0.89874442,-0.00029136,0.00009629,0.00039677,0.00071380,0.00069862,0.00103872,0.00133120,0.00176490,0.00133825,0.00171302,0.00213060,0.00280348,0.00176602,0.00219435,0.00268124,0.00345641,0.00213222,0.00257925,0.00314131,0.00398096
1986-08-27,full,3596,0.32233730,0.62372225,0.78894997,0.88902945,-0.00033402,0.00005867,0.00035127,0.00065340,0.00055804,0.00098856,0.00130688,0.00174609,0.00121577,0.00164198,0.00200079,0.00259736,0.00171610,0.00211787,0.00260712,0.00329274,0.00214388,0.00259473,0.00318936,0.00405885
1986-09-26,full,3596,0.22974799,0.53493357,0.71999722,0.84562400,-0.00029136,0.00003894,0.00028795,0.00058099,-0.00052803,0.00079297,0.00106603,0.00150883,0.00101215,0.00145562,0.00176625,0.00231801,0.00153214,0.00189719,0.00236847,0.00310875,0.00195469,0.00237195,0.00289755,0.00367249
1986-10-27,full,3611,0.14220607,0.40463344,0.62959695,0.78620137,-0.00025331,-0.00000792,0.00016916,0.00037720,-0.00062113,0.00053172,0.00077151,0.00112786,0.00064819,0.00107668,0.00136403,0.00178761,0.00119836,0.00161165,0.00202210,0.00266162,0.00163055,0.00202791,0.00256512,0.00333306
1986-11-25,full,3619,0.10275135,0.33142010,0.55312896,0.75357781,-0.00023070,-0.00005832,0.00010780,0.00027927,-0.00061018,0.00034218,0.00061267,0.00085325,-0.00073942,0.00085269,0.00114577,0.00152587,0.00076541,0.00128077,0.00164481,0.00227808,0.00137809,0.00178623,0.00227037,0.00312717
1986-12-26,full,3587,0.08270788,0.27733989,0.50801736,0.71324135,-0.00018571,-0.00003501,0.00010773,0.00025048,-0.00055361,-0.00020696,0.00049098,0.00070688,-0.00092829,0.00057959,0.00085805,0.00122042,-0.00110750,0.00104105,0.00141656,0.00200794,0.00103744,0.00151509,0.00192888,0.00268196
1987-01-27,full,3618,0.06874602,0.26201053,0.48204654,0.69066494,-0.00018237,-0.00005023,0.00005662,0.00018718,-0.00053936,-0.00020162,0.00041228,0.00060773,-0.00096251,-0.00038152,0.00073193,0.00104893,-0.00130812,0.00079558,0.00115049,0.00167123,-0.00109753,0.00129962,0.00173068,0.00246760
1987-02-26,full,3664,0.06794896,0.24775428,0.46535677,0.68066557,-0.00020110,-0.00005954,0.00007412,0.00018949,-0.00055041,-0.00029246,0.00036462,0.00056087,-0.00089992,-0.00030916,0.00070881,0.00106403,-0.00129961,0.00068130,0.00109896,0.00156884,0.00070760,0.00129379,0.00175413,0.00249781
1987-03-27,full,3699,0.06893319,0.24790049,0.45517958,0.68711201,-0.00018752,-0.00003497,0.00009844,0.00021551,-0.00050639,-0.00026447,0.00041202,0.00061854,-0.00083185,0.00051328,0.00080230,0.00111461,-0.00101366,0.00088866,0.00124866,0.00172778,0.00098293,0.00147768,0.00201475,0.00278567
1987-04-28,full,3775,0.08201724,0.26076718,0.48396219,0.70074563,-0.00018472,-0.00004419,0.00008399,0.00021168,-0.00051725,0.00026273,0.00047681,0.00068598,-0.00066696,0.00065669,0.00092372,0.00128644,-0.00086370,0.00101188,0.00140409,0.00190477,0.00115759,0.00171898,0.00229626,0.00321120
1987-05-28,full,3794,0.08623400,0.29953624,0.52642513,0.72396878,-0.00017430,-0.00004150,0.00008546,0.00020823,-0.00049807,0.00028827,0.00050851,0.00072453,-0.00066842,0.00076224,0.00101659,0.00137581,0.00078067,0.00123702,0.00162349,0.00217688,0.00130033,0.00194673,0.00256860,0.00352457
1987-06-26,full,3825,0.11458364,0.36808818,0.60467302,0.76762366,-0.00017876,-0.00003887,0.00008794,0.00023339,-0.00045368,0.00034044,0.00057470,0.00083855,-0.00058934,0.00087142,0.00119009,0.00163478,0.00100286,0.00139722,0.00174310,0.00229449,0.00163345,0.00219501,0.00288177,0.00387284
1987-07-28,full,3844,0.14614241,0.42915094,0.65057691,0.80491917,-0.00019172,-0.00000548,0.00014116,0.00029005,-0.00048873,0.00042262,0.00066324,0.00091967,0.00050678,0.00096275,0.00130484,0.00172567,0.00121415,0.00158286,0.00191560,0.00256591,0.00175293,0.00230530,0.00298410,0.00393022
1987-08-26,full,3879,0.17411041,0.46461526,0.68062471,0.82946192,-0.00018560,-0.00002014,0.00012304,0.00031747,-0.00046687,0.00047360,0.00073138,0.00104966,0.00070490,0.00102544,0.00138699,0.00180433,0.00126754,0.00165288,0.00201412,0.00276100,0.00183400,0.00235463,0.00303900,0.00398249
1987-09-25,full,3915,0.16708008,0.46535859,0.68424867,0.83151321,-0.00021778,-0.00002360,0.00016080,0.00034679,-0.00050595,0.00043441,0.00070256,0.00104323,0.00071559,0.00107222,0.00136936,0.00177177,0.00121231,0.00160987,0.00204885,0.00279235,0.00179542,0.00230953,0.00293174,0.00392938
1987-10-26,full,3577,0.12693656,0.37394486,0.58707030,0.75838381,-0.00018884,-0.00000673,0.00014408,0.00031039,-0.00050916,0.00041094,0.00064086,0.00088634,0.00047377,0.00092293,0.00117102,0.00147758,0.00104600,0.00143633,0.00175600,0.00230091,0.00169980,0.00231082,0.00284197,0.00377949
1987-11-24,full,3584,0.04389283,0.16279095,0.33948485,0.54873591,-0.00017254,-0.00006275,0.00005186,0.00020735,-0.00049218,-0.00010944,0.00043106,0.00062223,-0.00074976,0.00043104,0.00077398,0.00109390,-0.00110082,0.00084543,0.00126588,0.00179206,-0.00096705,0.00152586,0.00220329,0.00308272
1987-12-24,full,3593,0.03639478,0.14674009,0.31113784,0.53042855,-0.00018897,-0.00007465,0.00003234,0.00017393,-0.00056492,-0.00036456,0.00029167,0.00053453,-0.00103223,-0.00069353,0.00039129,0.00091839,-0.00152448,-0.00102994,0.00056754,0.00147261,-0.00230986,-0.00156418,-0.00048652,0.00222625
1988-01-26,full,3627,0.05520487,0.19519958,0.38672736,0.59398334,-0.00023473,-0.00010264,0.00004983,0.00018290,-0.00067989,-0.00048946,-0.00028647,0.00046636,-0.00117848,-0.00084749,-0.00047604,0.00092135,-0.00187577,-0.00139832,-0.00100134,0.00103013,-0.00277203,-0.00210964,-0.00145942,0.00128320
1988-02-25,full,3661,0.05411639,0.20933190,0.38772212,0.59148712,-0.00022605,-0.00008914,0.00003165,0.00017324,-0.00067098,-0.00047366,-0.00027367,0.00048943,-0.00124098,-0.00093420,-0.00063798,0.00071170,-0.00186883,-0.00144986,-0.00110658,0.00082203,-0.00290955,-0.00227584,-0.00158711,0.00121986
1988-03-25,full,3675,0.04169601,0.15210391,0.32832672,0.53300017,-0.00022264,-0.00009166,0.00004077,0.00015510,-0.00058776,-0.00038731,0.00010806,0.00047217,-0.00109355,-0.00081650,-0.00054562,0.00069966,-0.00175420,-0.00130980,-0.00092020,0.00104962,-0.00271634,-0.00204534,-0.00109187,0.00178316
1988-04-26,full,3687,0.03353424,0.12960164,0.28484855,0.49677689,-0.00015954,-0.00005194,0.00005880,0.00017397,-0.00052484,-0.00034851,0.00023761,0.00046226,-0.00101431,-0.00072382,-0.00018685,0.00077941,-0.00160823,-0.00117421,-0.00058321,0.00114644,-0.00248181,-0.00158841,0.00087353,0.00219402
1988-05-25,full,3663,0.03350401,0.12224764,0.26997218,0.47738716,-0.00017005,-0.00004342,0.00006970,0.00017337,-0.00052189,-0.00032736,0.00029367,0.00049839,-0.00095555,-0.00065511,0.00044786,0.00090435,-0.00152604,-0.00106098,0.00034402,0.00122550,-0.00213058,-0.00112836,0.00139303,0.00240597
1988-06-24,full,3686,0.03178407,0.11777057,0.26266825,0.48290626,-0.00017544,-0.00004880,0.00005111,0.00016354,-0.00050004,-0.00031633,0.00029623,0.00049352,-0.00088996,-0.00045569,0.00059465,0.00094275,-0.00131998,-0.00078360,0.00083546,0.00150446,-0.00166528,0.00087274,0.00180327,0.00278651
1988-07-26,full,3675,0.03280685,0.12772325,0.28965703,0.50473383,-0.00014886,-0.00002871,0.00009392,0.00019642,-0.00050573,-0.00022870,0.00036093,0.00056046,-0.00074524,0.00038003,0.00070662,0.00104435,-0.00103969,0.00074188,0.00125225,0.00171791,0.00046565,0.00146904,0.00221266,0.00322743
1988-08-24,full,3629,0.05065664,0.18769451,0.36369168,0.57422157,-0.00016225,-0.00002086,0.00010361,0.00024591,-0.00042452,0.00033892,0.00051788,0.00070429,-0.00050645,0.00069121,0.00092543,0.00124942,0.00063103,0.00113732,0.00154738,0.00199017,0.00123534,0.00196945,0.00262561,0.00347177
1988-09-23,full,3594,0.11817600,0.32243042,0.52063214,0.69124287,-0.00019012,0.00001875,0.00016506,0.00032814,0.00031472,0.00060200,0.00076664,0.00098641,0.00068547,0.00099006,0.00122008,0.00157265,0.00108795,0.00149626,0.00192165,0.00245671,0.00158731,0.00224667,0.00280035,0.00361292
1988-10-24,full,3581,0.25755761,0.53514002,0.69898048,0.82670813,-0.00012581,0.00011248,0.00033052,0.00055539,0.00051283,0.00077694,0.00103625,0.00135267,0.00085005,0.00118972,0.00154476,0.00197590,0.00127993,0.00167958,0.00216408,0.00282190,0.00166783,0.00223560,0.00280448,0.00372046
1988-11-22,full,3544,0.19498145,0.46234568,0.65364835,0.79966059,-0.00018452,0.00005789,0.00021176,0.00039459,0.00038600,0.00062514,0.00085132,0.00114201,0.00068392,0.00098367,0.00131408,0.00176984,0.00105622,0.00141654,0.00183218,0.00241059,0.00150978,0.00205433,0.00257676,0.00332485
1988-12-22,full,3545,0.13023341,0.36841314,0.59465725,0.77958228,-0.00018036,-0.00002675,0.00010594,0.00025876,-0.00037526,0.00038470,0.00055456,0.00077194,0.00043768,0.00069541,0.00099316,0.00137639,0.00076529,0.00108431,0.00144590,0.00206401,0.00120538,0.00173469,0.00222787,0.00300151
1989-01-24,full,3566,0.10712318,0.33028226,0.57341137,0.75335424,-0.00014991,-0.00002744,0.00008942,0.00021610,-0.00042494,0.00025780,0.00042185,0.00063978,-0.00039107,0.00052423,0.00076616,0.00108422,0.00055462,0.00096076,0.00130437,0.00181253,0.00097874,0.00151594,0.00202561,0.00284556
1989-02-23,full,3576,0.10737687,0.33930970,0.57718383,0.75881568,-0.00016599,-0.00003356,0.00009102,0.00020399,-0.00044012,0.00019272,0.00038280,0.00056007,-0.00061551,0.00046280,0.00072918,0.00103416,0.00041910,0.00086193,0.00118881,0.00166621,0.00097652,0.00148357,0.00198222,0.00275054
1989-03-27,full,3573,0.11736193,0.37151524,0.58585272,0.77041069,-0.00015806,-0.00003102,0.00008201,0.00019708,-0.00044152,0.00024887,0.00042855,0.00063045,-0.00059456,0.00046373,0.00073462,0.00108167,0.00045899,0.00088282,0.00123420,0.00169782,0.00102840,0.00151087,0.00198006,0.00276646
1989-04-25,full,3583,0.12997536,0.39150351,0.61539420,0.78755865,-0.00019413,-0.00003552,0.00007256,0.00020423,-0.00044526,0.00027331,0.00047034,0.00069212,-0.00037168,0.00057674,0.00081817,0.00124101,0.00051715,0.00090412,0.00126019,0.00178160,0.00113936,0.00158195,0.00210755,0.00282684
1989-05-24,full,3573,0.14837657,0.41473320,0.63605415,0.79818699,-0.00017337,-0.00004138,0.00008319,0.00023538,-0.00050362,0.00030788,0.00051230,0.00078045,0.00024733,0.00065668,0.00089960,0.00129668,0.00062377,0.00099042,0.00134157,0.00188349,0.00114797,0.00163331,0.00215400,0.00301229
1989-06-23,full,3572,0.17532969,0.45573739,0.66382948,0.81556055,-0.00017364,-0.00000181,0.00013002,0.00028792,-0.00049308,0.00035506,0.00055577,0.00081120,0.00041582,0.00074897,0.00103547,0.00148012,0.00077218,0.00112017,0.00150056,0.00211957,0.00124700,0.00170672,0.00225851,0.00318895
1989-07-25,full,3550,0.21574585,0.52159330,0.72470404,0.84218702,-0.00020211,-0.00000319,0.00015848,0.00035164,-0.00046149,0.00044721,0.00063846,0.00093431,0.00057449,0.00088660,0.00117566,0.00168094,0.00092800,0.00128905,0.00175417,0.00235771,0.00131169,0.00180398,0.00229066,0.00327524
1989-08-23,full,3544,0.25167252,0.56980223,0.75024810,0.86034387,-0.00021624,0.00000178,0.00017645,0.00037179,-0.00035401,0.00054226,0.00075607,0.00107658,0.00068707,0.00098667,0.00128608,0.00184359,0.00103302,0.00139144,0.00187577,0.00251427,0.00148640,0.00192612,0.00244555,0.00335513
1989-09-22,full,3539,0.27934811,0.60682730,0.77209253,0.87092644,-0.00021224,0.00002309,0.00020991,0.00042939,-0.00030114,0.00057999,0.00082065,0.00119931,0.00073978,0.00106510,0.00138590,0.00183691,0.00108189,0.00150068,0.00196228,0.00267335,0.00155182,0.00199939,0.00249309,0.00337130
1989-10-23,full,3512,0.29195316,0.62350924,0.78750426,0.88439669,-0.00022973,0.00001257,0.00023329,0.00046338,0.00025045,0.00061762,0.00086612,0.00126196,0.00076903,0.00115015,0.00147296,0.00201097,0.00114318,0.00157944,0.00202059,0.00282435,0.00162472,0.00202990,0.00255567,0.00335292
1989-11-21,full,3471,0.23713764,0.55757296,0.75430967,0.86764091,-0.00024173,0.00000205,0.00017717,0.00038123,-0.00057050,0.00057479,0.00082848,0.00114393,0.00065110,0.00105715,0.00141527,0.00203162,0.00103561,0.00148834,0.00193927,0.00253315,0.00148796,0.00192187,0.00248334,0.00330556
1989-12-21,full,3424,0.18561690,0.48872897,0.70870189,0.84885972,-0.00025799,-0.00005621,0.00012520,0.00035287,-0.00058170,0.00044501,0.00068003,0.00100972,0.00043465,0.00092741,0.00129546,0.00177406,0.00088301,0.00134999,0.00175343,0.00239114,0.00128051,0.00178658,0.00229731,0.00323482
1990-01-23,full,3375,0.15869112,0.42506521,0.66457547,0.82912797,-0.00021598,-0.00000440,0.00015544,0.00030966,-0.00056338,0.00029873,0.00057013,0.00083176,-0.00079248,0.00072570,0.00107934,0.00146003,0.00068086,0.00123807,0.00172121,0.00237092,0.00110755,0.00153450,0.00204398,0.00290582
1990-02-22,full,3342,0.10493936,0.36457825,0.60599922,0.79036881,-0.00018412,-0.00003058,0.00009596,0.00023047,-0.00058988,-0.00018003,0.00044899,0.00072128,-0.00090798,0.00055760,0.00095304,0.00136987,-0.00107879,0.00096185,0.00138675,0.00202669,0.00083898,0.00136023,0.00184266,0.00260806
1990-03-23,full,3350,0.10210040,0.34145911,0.57897801,0.76117515,-0.00018012,-0.00005944,0.00007157,0.00020922,-0.00060424,-0.00032119,0.00042179,0.00066699,-0.00096216,-0.00036379,0.00073108,0.00117523,-0.00128957,0.00066390,0.00111686,0.00161911,-0.00132591,0.00118678,0.00174890,0.00260522
1990-04-24,full,3307,0.11105049,0.33740028,0.56657404,0.74776368,-0.00020013,-0.00007186,0.00007041,0.00019852,-0.00056898,-0.00031431,0.00036457,0.00060773,-0.00101918,-0.00058671,0.00063179,0.00102067,-0.00138362,-0.00068618,0.00089110,0.00143742,-0.00168019,0.00091050,0.00162687,0.00247359
1990-05-23,full,3311,0.10955920,0.33752226,0.56508630,0.75159648,-0.00020005,-0.00005836,0.00006282,0.00018512,-0.00059516,-0.00035244,0.00033072,0.00059472,-0.00096974,-0.00058215,0.00055711,0.00101283,-0.00154128,-0.00088011,0.00076612,0.00141953,-0.00211308,-0.00112426,0.00137888,0.00234774
1990-06-22,full,3309,0.10303843,0.33111534,0.55891822,0.75171093,-0.00020300,-0.00007198,0.00004223,0.00017876,-0.00057491,-0.00034229,0.00029829,0.00056036,-0.00100573,-0.00063371,0.00049716,0.00093138,-0.00138260,-0.00080194,0.00087437,0.00157339,-0.00215099,-0.00102859,0.00146607,0.00251885
1990-07-24,full,3275,0.10447582,0.34247609,0.56946646,0.76189023,-0.00016646,-0.00004577,0.00005585,0.00018057,-0.00056885,-0.00034732,0.00025556,0.00053857,-0.00099789,-0.00060647,0.00055836,0.00101179,-0.00137189,-0.00084061,0.00097896,0.00175425,-0.00207028,-0.00099218,0.00147080,0.00259274
1990-08-22,full,3170,0.11045608,0.33396555,0.57575480,0.75910856,-0.00016970,-0.00004237,0.00007422,0.00019939,-0.00058898,-0.00034301,0.00026356,0.00055729,-0.00100801,-0.00060610,0.00063483,0.00110657,-0.00134683,-0.00081158,0.00107248,0.00182551,-0.00217310,-0.00126710,0.00127047,0.00259527
1990-09-21,full,3110,0.10038307,0.31660304,0.55477960,0.73884671,-0.00021387,-0.00007530,0.00002651,0.00017884,-0.00059288,-0.00034771,0.00029495,0.00060828,-0.00097730,-0.00063703,0.00065432,0.00117565,-0.00142275,-0.00089270,0.00092802,0.00167641,-0.00230718,-0.00150246,0.00010900,0.00241176
1990-10-22,full,2979,0.09229771,0.29788428,0.52339583,0.71301689,-0.00020878,-0.00009192,0.00004632,0.00021184,-0.00060923,-0.00038224,0.00030792,0.00061066,-0.00108576,-0.00073163,0.00035562,0.00105508,-0.00160753,-0.00109977,-0.00051979,0.00152977,-0.00256601,-0.00169869,-0.00103570,0.00180618
1990-11-20,full,2937,0.09342899,0.30506040,0.53180399,0.72013145,-0.00022203,-0.00008545,0.00005656,0.00021098,-0.00069376,-0.00040478,0.00022851,0.00056612,-0.00135781,-0.00093403,-0.00054059,0.00087201,-0.00190473,-0.00129950,-0.00086530,0.00114037,-0.00285659,-0.00203841,-0.00140504,0.00120345
1990-12-20,full,2955,0.09304183,0.30228006,0.52489117,0.70306665,-0.00023575,-0.00008900,0.00002921,0.00020296,-0.00075060,-0.00044675,0.00016420,0.00055560,-0.00134085,-0.00094573,-0.00052386,0.00084168,-0.00207431,-0.00145655,-0.00096080,0.00099737,-0.00285662,-0.00210065,-0.00137859,0.00136169
1991-01-22,full,2908,0.07976910,0.27914864,0.51466132,0.69667549,-0.00022987,-0.00010631,0.00002919,0.00016911,-0.00069109,-0.00045778,0.00018653,0.00055031,-0.00132098,-0.00094568,-0.00056007,0.00076267,-0.00206011,-0.00144285,-0.00092743,0.00099879,-0.00284208,-0.00204488,-0.00129569,0.00151924
1991-02-21,full,2988,0.06404466,0.22734612,0.43791934,0.63698164,-0.00022183,-0.00008523,0.00003607,0.00017063,-0.00067786,-0.00045668,0.00021250,0.00054891,-0.00131780,-0.00088817,-0.00049465,0.00073208,-0.00211233,-0.00139177,-0.00070665,0.00129187,-0.00255207,-0.00167612,0.00069569,0.00222887
1991-03-22,full,3007,0.04017892,0.16732190,0.34756652,0.57476752,-0.00018490,-0.00005983,0.00005544,0.00016482,-0.00064171,-0.00039417,0.00025886,0.00054329,-0.00118943,-0.00069254,0.00051099,0.00092716,-0.00175043,-0.00105189,0.00059460,0.00151056,-0.00176357,0.00065384,0.00155222,0.00300413
1991-04-23,full,3033,0.03948425,0.15233513,0.32922647,0.57100947,-0.00021071,-0.00004304,0.00008694,0.00022433,-0.00057647,-0.00011557,0.00042821,0.00065411,-0.00101214,-0.00020342,0.00068726,0.00112885,-0.00127169,0.00060952,0.00122001,0.00195962,0.00059086,0.00136247,0.00226788,0.00371086
1991-05-22,full,3029,0.05428687,0.19243603,0.39083811,0.62528849,-0.00021728,-0.00002900,0.00011881,0.00030400,-0.00056947,0.00029256,0.00059273,0.00087611,-0.00051512,0.00079601,0.00112514,0.00149170,0.00045854,0.00123351,0.00171470,0.00245848,0.00095055,0.00178710,0.00272468,0.00415376
1991-06-21,full,3037,0.10773563,0.33717558,0.53274655,0.71488848,-0.00024394,0.00001935,0.00020122,0.00045277,0.00023141,0.00070686,0.00095594,0.00131061,0.00082505,0.00127583,0.00158565,0.00209383,0.00117977,0.00170827,0.00227986,0.00299970,0.00126715,0.00222437,0.00320430,0.00475186
1991-07-23,full,3022,0.23890522,0.51957800,0.68831623,0.80535486,-0.00018906,0.00016792,0.00041374,0.00070255,0.00060215,0.00102153,0.00138133,0.00176537,0.00113051,0.00162580,0.00210932,0.00263344,0.00158390,0.00207509,0.00264884,0.00355069,0.00179444,0.00263060,0.00363692,0.00503174
1991-08-21,full,3008,0.37751383,0.64562669,0.78358438,0.86559781,-0.00015045,0.00025097,0.00057071,0.00091403,0.00089230,0.00125664,0.00165312,0.00212165,0.00137551,0.00191076,0.00235083,0.00315088,0.00178877,0.00234715,0.00303058,0.00386792,0.00205263,0.00291225,0.00370925,0.00502915
1991-09-20,full,3007,0.40797228,0.65933778,0.80196617,0.88611338,-0.00011673,0.00029727,0.00062567,0.00098875,0.00092170,0.00129098,0.00167822,0.00218918,0.00137551,0.00186762,0.00237167,0.00313469,0.00176726,0.00235005,0.00315846,0.00401932,0.00221916,0.00306385,0.00379339,0.00487476
1991-10-21,full,3022,0.33072240,0.60484062,0.78191212,0.88279605,-0.00005980,0.00023604,0.00050396,0.00086311,0.00079121,0.00114114,0.00144277,0.00196174,0.00122594,0.00169309,0.00218216,0.00299889,0.00159856,0.00219453,0.00282972,0.00382457,0.00213191,0.00287659,0.00372525,0.00471690
1991-11-19,full,3064,0.22757062,0.54528187,0.75511146,0.87396253,-0.00014846,0.00010084,0.00031936,0.00060283,0.00053574,0.00085888,0.00113502,0.00151777,0.00110155,0.00149894,0.00206403,0.00276339,0.00138663,0.00201081,0.00269297,0.00357702,0.00192376,0.00266922,0.00356991,0.00454043
1991-12-19,full,3107,0.13747755,0.45404255,0.70804801,0.85558666,-0.00023780,-0.00000621,0.00015670,0.00035612,-0.00042587,0.00054554,0.00081647,0.00120329,0.00081164,0.00128335,0.00168342,0.00234194,0.00129975,0.00188802,0.00249442,0.00337597,0.00164538,0.00238618,0.00322968,0.00428016
1992-01-21,full,3222,0.14209391,0.42966794,0.69567654,0.85388717,-0.00028407,-0.00008175,0.00010776,0.00029939,-0.00067623,0.00033491,0.00064679,0.00099452,-0.00045654,0.00094820,0.00135264,0.00196794,0.00116485,0.00174502,0.00236349,0.00320291,0.00154462,0.00216136,0.00293482,0.00414224
1992-02-20,full,3266,0.15665629,0.44564272,0.70608218,0.85778486,-0.00023636,-0.00001240,0.00012854,0.00032699,-0.00066472,0.00033858,0.00066869,0.00098622,-0.00093686,0.00084919,0.00128684,0.00194863,0.00117891,0.00171117,0.00226232,0.00305977,0.00152600,0.00221543,0.00296516,0.00420498
1992-03-20,full,3297,0.16407932,0.46286106,0.71034307,0.85607088,-0.00023137,-0.00003507,0.00014571,0.00034694,-0.00070243,0.00040355,0.00069291,0.00104398,0.00051694,0.00102953,0.00142553,0.00214317,0.00112357,0.00167559,0.00229749,0.00317193,0.00162806,0.00231585,0.00308410,0.00426519
1992-04-21,full,3320,0.16852203,0.48311750,0.70021482,0.84496424,-0.00026621,-0.00006291,0.00012931,0.00033245,-0.00063029,0.00051023,0.00081188,0.00119520,0.00070571,0.00111699,0.00151323,0.00232173,0.00106517,0.00165222,0.00230742,0.00314502,0.00163042,0.00228743,0.00305346,0.00416482
1992-05-20,full,3354,0.17598129,0.47570108,0.68535261,0.83497028,-0.00026855,-0.00006668,0.00011620,0.00035013,-0.00053930,0.00055932,0.00086105,0.00127372,0.00071410,0.00115447,0.00157086,0.00222343,0.00108052,0.00161464,0.00221884,0.00306581,0.00157301,0.00222220,0.00298700,0.00415053
1992-06-19,full,3371,0.16806318,0.44747387,0.66925936,0.83048221,-0.00021980,-0.00000976,0.00018083,0.00042439,-0.00052983,0.00054424,0.00085118,0.00124239,0.00067977,0.00109637,0.00147906,0.00210297,0.00115726,0.00168106,0.00223716,0.00303092,0.00152562,0.00210298,0.00281219,0.00396408
1992-07-21,full,3371,0.13730516,0.41176971,0.63896772,0.81396093,-0.00025296,-0.00005100,0.00013521,0.00033248,-0.00046900,0.00046857,0.00074683,0.00114877,0.00046601,0.00097548,0.00134921,0.00197632,0.00105973,0.00151724,0.00200575,0.00278369,0.00138014,0.00196428,0.00267582,0.00376093
1992-08-19,full,3414,0.12107582,0.38362161,0.62543079,0.81312806,-0.00025672,-0.00005482,0.00012432,0.00031766,-0.00058880,0.00042639,0.00068888,0.00103621,0.00023432,0.00088668,0.00127797,0.00188000,0.00095000,0.00138220,0.00186456,0.00261443,0.00137105,0.00193841,0.00260204,0.00361188
1992-09-18,full,3444,0.11485489,0.36923671,0.61350423,0.80703590,-0.00023925,-0.00003124,0.00013094,0.00032120,-0.00069167,0.00031826,0.00059256,0.00094220,-0.00070218,0.00079486,0.00113318,0.00167650,0.00078651,0.00130832,0.00176863,0.00257409,0.00133601,0.00190210,0.00251505,0.00345710
1992-10-19,full,3443,0.10913107,0.35475093,0.59912028,0.79015847,-0.00022495,-0.00002237,0.00012829,0.00030387,-0.00068046,0.00026327,0.00056644,0.00088675,-0.00096510,0.00069448,0.00106416,0.00156962,0.00049665,0.00112369,0.00161305,0.00241890,0.00125002,0.00180594,0.00242393,0.00325327
1992-11-17,full,3529,0.10239565,0.34881004,0.59228303,0.78442844,-0.00020635,-0.00004160,0.00010584,0.00027234,-0.00073472,0.00012943,0.00050051,0.00079854,-0.00109189,0.00063873,0.00100781,0.00150753,-0.00105223,0.00102536,0.00149417,0.00233237,0.00123966,0.00183050,0.00240405,0.00343050
1992-12-17,full,3575,0.10289170,0.33560569,0.58036018,0.78051941,-0.00026400,-0.00008358,0.00007934,0.00022990,-0.00073473,-0.00031574,0.00046329,0.00079331,-0.00113540,0.00050224,0.00085755,0.00135217,-0.00105094,0.00088772,0.00130102,0.00196279,0.00124505,0.00180151,0.00240984,0.00329796
1993-01-19,full,3660,0.10859805,0.33826722,0.59441776,0.79887348,-0.00024446,-0.00006055,0.00010471,0.00027330,-0.00072284,-0.00027085,0.00050025,0.00079827,-0.00097814,0.00052002,0.00092408,0.00141698,0.00051997,0.00097515,0.00138305,0.00204942,0.00122248,0.00174812,0.00243320,0.00328425
1993-02-18,full,3701,0.11237439,0.37563717,0.63374853,0.82120297,-0.00023333,-0.00004524,0.00012245,0.00031013,-0.00065200,0.00032512,0.00056914,0.00090801,-0.00052146,0.00080661,0.00118752,0.00166475,0.00083319,0.00123466,0.00180458,0.00258642,0.00135470,0.00188063,0.00256290,0.00345230
1993-03-19,full,3722,0.15322557,0.44539601,0.68579893,0.84088679,-0.00024379,-0.00003881,0.00015834,0.00037843,-0.00050895,0.00050855,0.00077893,0.00113569,0.00064181,0.00101741,0.00144607,0.00199004,0.00105139,0.00148166,0.00203823,0.00297072,0.00150337,0.00214012,0.00288367,0.00391840
1993-04-20,full,3735,0.19884303,0.51334012,0.72396842,0.85624385,-0.00025943,0.00000533,0.00020967,0.00042703,-0.00036190,0.00062034,0.00090910,0.00135846,0.00082663,0.00119432,0.00157601,0.00218496,0.00118610,0.00166384,0.00225204,0.00320192,0.00163477,0.00224625,0.00301120,0.00407852
1993-05-19,full,3754,0.21903116,0.54661828,0.74688278,0.85738817,-0.00025046,0.00003234,0.00025360,0.00047493,0.00025281,0.00066521,0.00103424,0.00142765,0.00090539,0.00124714,0.00166446,0.00229386,0.00124562,0.00171175,0.00228607,0.00322389,0.00170168,0.00230420,0.00310551,0.00427765
1993-06-18,full,3799,0.24612447,0.57137883,0.74796356,0.85866328,-0.00024042,0.00004513,0.00023964,0.00050402,0.00029265,0.00070635,0.00105050,0.00146501,0.00091368,0.00128582,0.00170509,0.00225086,0.00123869,0.00177821,0.00236207,0.00318029,0.00172999,0.00226604,0.00309469,0.00431777
1993-07-20,full,3813,0.22851238,0.55883985,0.74403913,0.85662829,-0.00028295,-0.00000672,0.00020820,0.00048029,-0.00030983,0.00066807,0.00101077,0.00145473,0.00085715,0.00128747,0.00167307,0.00225703,0.00120687,0.00174604,0.00228973,0.00325868,0.00173479,0.00227914,0.00309077,0.00419079
1993-08-18,full,3872,0.23151310,0.55418036,0.73975664,0.86226908,-0.00031448,-0.00002389,0.00020908,0.00046520,-0.00059746,0.00063049,0.00095800,0.00143691,0.00088598,0.00128518,0.00164521,0.00226094,0.00115969,0.00179061,0.00230322,0.00314372,0.00167443,0.00227587,0.00305404,0.00418423
1993-09-17,full,3927,0.22559472,0.53497106,0.73398081,0.86773069,-0.00033170,-0.00003866,0.00019869,0.00043779,-0.00064553,0.00058216,0.00092455,0.00134671,0.00075045,0.00118902,0.00155001,0.00210705,0.00116580,0.00171348,0.00225470,0.00297106,0.00163660,0.00231437,0.00313979,0.00425552
1993-10-18,full,4009,0.20999089,0.51610081,0.72131555,0.85878658,-0.00029026,-0.00002801,0.00018966,0.00043856,-0.00071089,0.00049999,0.00079910,0.00120865,0.00055623,0.00107276,0.00146138,0.00200532,0.00107277,0.00160709,0.00208462,0.00278342,0.00162117,0.00235216,0.00308595,0.00428293
1993-11-16,full,4048,0.18226517,0.47965299,0.69879128,0.84580440,-0.00027189,-0.00004266,0.00016101,0.00035056,-0.00068529,0.00042806,0.00075030,0.00110425,0.00048073,0.00093505,0.00130309,0.00183843,0.00096857,0.00149489,0.00197802,0.00270649,0.00161189,0.00225014,0.00300873,0.00409857
1993-12-16,full,4072,0.14215565,0.43209077,0.66706203,0.82332302,-0.00022175,-0.00002450,0.00013373,0.00029731,-0.00057076,0.00036010,0.00060101,0.00093842,0.00037119,0.00088593,0.00123383,0.00177207,0.00097222,0.00143107,0.00186109,0.00262847,0.00154603,0.00222563,0.00294539,0.00392532
1994-01-17,full,4156,0.12778749,0.39989113,0.64860814,0.80548557,-0.00021130,-0.00002928,0.00011883,0.00026637,-0.00053990,0.00032160,0.00057683,0.00088859,0.00037056,0.00079734,0.00116165,0.00170478,0.00091948,0.00138554,0.00185041,0.00262262,0.00152502,0.00214714,0.00290764,0.00390017
1994-02-15,full,4185,0.13264278,0.42382921,0.65656706,0.81393774,-0.00018067,-0.00002892,0.00011508,0.00024293,-0.00046011,0.00034378,0.00059126,0.00089433,0.00042278,0.00083286,0.00121568,0.00170543,0.00100413,0.00144488,0.00190268,0.00258894,0.00165706,0.00222797,0.00299047,0.00403831
1994-03-17,full,4236,0.14083670,0.43349439,0.65594772,0.81375159,-0.00017338,-0.00001889,0.00011514,0.00028174,-0.00050438,0.00033917,0.00057276,0.00090761,0.00032330,0.00084960,0.00118744,0.00177118,0.00102156,0.00148935,0.00194047,0.00265686,0.00161294,0.00222875,0.00289278,0.00395122
1994-04-18,full,4243,0.14064927,0.40743930,0.63887319,0.80707415,-0.00018932,-0.00002626,0.00011915,0.00027078,-0.00053961,0.00033426,0.00055277,0.00088824,0.00039470,0.00082950,0.00114779,0.00169170,0.00089508,0.00139187,0.00186784,0.00249453,0.00158319,0.00220242,0.00289055,0.00377440
1994-05-18,full,4275,0.11583196,0.35885090,0.59722378,0.77830134,-0.00017363,-0.00003627,0.00009035,0.00024222,-0.00046825,0.00029788,0.00050413,0.00079220,-0.00061399,0.00069992,0.00099003,0.00141513,0.00070884,0.00126648,0.00169896,0.00238547,0.00140399,0.00200623,0.00263077,0.00342074
1994-06-17,full,4333,0.10505590,0.33137005,0.57005580,0.75934830,-0.00016078,-0.00002140,0.00010558,0.00024475,-0.00050702,0.00020090,0.00046176,0.00072791,-0.00059112,0.00060822,0.00094107,0.00138429,-0.00056196,0.00109426,0.00151402,0.00220855,0.00114792,0.00185929,0.00245856,0.00328584
1994-07-19,full,4313,0.10019456,0.31831161,0.54192599,0.74470233,-0.00018404,-0.00004172,0.00009173,0.00021047,-0.00047214,0.00017064,0.00042143,0.00069110,-0.00075587,0.00049126,0.00084771,0.00129957,-0.00079625,0.00087300,0.00132273,0.00196881,0.00065964,0.00154022,0.00214839,0.00294125
1994-08-17,full,4381,0.09756983,0.29878155,0.54023192,0.73265103,-0.00019704,-0.00005542,0.00006288,0.00019043,-0.00052428,-0.00020727,0.00038597,0.00065871,-0.00085838,0.00040229,0.00074512,0.00114911,-0.00098209,0.00075076,0.00120747,0.00179700,-0.00098490,0.00137548,0.00202403,0.00278209
1994-09-16,full,4461,0.09347211,0.30856451,0.52822633,0.72341686,-0.00020587,-0.00006477,0.00005027,0.00017799,-0.00060329,-0.00024736,0.00038012,0.00063478,-0.00085392,0.00037005,0.00071311,0.00106877,-0.00118534,0.00062216,0.00105139,0.00163891,0.00052400,0.00138518,0.00194557,0.00273226
1994-10-17,full,4506,0.10363889,0.31143474,0.53510026,0.73023336,-0.00019902,-0.00006256,0.00008006,0.00020537,-0.00057534,-0.00024053,0.00037247,0.00060488,-0.00094737,-0.00033730,0.00062972,0.00103980,-0.00110198,0.00066661,0.00106469,0.00163338,0.00066263,0.00136755,0.00193863,0.00270949
1994-11-15,full,4488,0.09782966,0.31192862,0.53208491,0.73296062,-0.00018218,-0.00004609,0.00007305,0.00020417,-0.00053062,-0.00025472,0.00033742,0.00058175,-0.00083097,0.00036506,0.00068038,0.00105839,-0.00115234,0.00064790,0.00110579,0.00167640,0.00073709,0.00138501,0.00191812,0.00269841
1994-12-15,full,4465,0.08659115,0.28402388,0.50477373,0.72108711,-0.00015631,-0.00003499,0.00007534,0.00018845,-0.00046598,-0.00020504,0.00033159,0.00054348,-0.00080471,-0.00033073,0.00061471,0.00102560,-0.00109852,0.00060665,0.00108514,0.00159795,-0.00138797,0.00120285,0.00181223,0.00272302
1995-01-17,full,4503,0.08156047,0.28625163,0.50633098,0.71401263,-0.00014270,-0.00004116,0.00006661,0.00017204,-0.00048827,-0.00025788,0.00029194,0.00051565,-0.00075931,-0.00019871,0.00063041,0.00104690,-0.00116567,0.00049314,0.00103437,0.00153272,-0.00160839,0.00110508,0.00175602,0.00269666
1995-02-15,full,4549,0.09186086,0.29049242,0.50828831,0.71400827,-0.00016057,-0.00005330,0.00006166,0.00016543,-0.00052443,-0.00024722,0.00031779,0.00054397,-0.00077322,0.00019154,0.00062936,0.00103152,-0.00109981,0.00061798,0.00109763,0.00171521,-0.00117846,0.00130419,0.00193013,0.00305004
1995-03-17,full,4555,0.08753459,0.29143253,0.52873658,0.73751866,-0.00016749,-0.00005430,0.00005986,0.00016463,-0.00048775,-0.00022901,0.00032503,0.00057078,-0.00076999,0.00040113,0.00067558,0.00102738,-0.00094215,0.00072855,0.00115998,0.00178354,0.00087119,0.00153859,0.00223196,0.00330289
1995-04-18,full,4600,0.08399503,0.30690933,0.55987793,0.76248144,-0.00015326,-0.00003117,0.00005506,0.00016910,-0.00044138,-0.00011531,0.00035213,0.00056590,-0.00079049,0.00041483,0.00071405,0.00110852,-0.00061388,0.00086387,0.00128516,0.00192139,0.00108985,0.00165413,0.00247945,0.00355059
1995-05-17,full,4619,0.08896365,0.30902035,0.56406950,0.76720023,-0.00014872,-0.00002826,0.00008064,0.00017744,-0.00048324,-0.00017596,0.00036267,0.00056562,-0.00072237,0.00049636,0.00076568,0.00119377,0.00044458,0.00091850,0.00133212,0.00203033,0.00117355,0.00176025,0.00254147,0.00373456
1995-06-16,full,4641,0.09643169,0.33521998,0.58492138,0.78780484,-0.00017146,-0.00003770,0.00007855,0.00021314,-0.00047176,0.00025266,0.00044312,0.00064724,-0.00021490,0.00062741,0.00085811,0.00127036,0.00058809,0.00100123,0.00142137,0.00209607,0.00125459,0.00187990,0.00265171,0.00375311
1995-07-18,full,4653,0.11713905,0.38022165,0.61375791,0.79315696,-0.00019130,-0.00001457,0.00012458,0.00026378,-0.00036553,0.00036316,0.00057315,0.00080670,0.00034714,0.00070696,0.00094283,0.00134230,0.00069199,0.00110927,0.00161072,0.00237211,0.00128134,0.00194905,0.00274091,0.00385295
1995-08-16,full,4708,0.16248263,0.44360215,0.65718371,0.81357896,-0.00018634,0.00002398,0.00018204,0.00033534,-0.00037627,0.00046273,0.00069649,0.00098512,0.00052997,0.00085680,0.00115730,0.00160518,0.00082338,0.00122934,0.00179875,0.00250945,0.00135325,0.00204330,0.00284371,0.00406299
1995-09-15,full,4735,0.24101653,0.53781322,0.72751857,0.84659604,-0.00023511,0.00001821,0.00023517,0.00042526,0.00026691,0.00060895,0.00086649,0.00121143,0.00068821,0.00104679,0.00139709,0.00201412,0.00105553,0.00147802,0.00197367,0.00275914,0.00149864,0.00220071,0.00302013,0.00428995
1995-10-16,full,4709,0.30929122,0.61755059,0.78215054,0.87947670,-0.00027198,0.00003987,0.00027971,0.00051244,0.00041222,0.00071833,0.00099008,0.00145579,0.00084211,0.00120174,0.00163170,0.00237972,0.00123375,0.00172138,0.00224532,0.00320736,0.00163899,0.00220349,0.00297421,0.00423834
1995-11-14,full,4679,0.34063828,0.65472384,0.81294156,0.89776454,-0.00029135,0.00001874,0.00030088,0.00056491,0.00038871,0.00076843,0.00106464,0.00153070,0.00090916,0.00128219,0.00181958,0.00261199,0.00134659,0.00180593,0.00239094,0.00346124,0.00168072,0.00218587,0.00282619,0.00403028
1995-12-14,full,4692,0.30760350,0.64312238,0.80627669,0.89358088,-0.00033232,0.00001035,0.00026815,0.00051182,0.00030298,0.00071962,0.00106572,0.00156198,0.00090712,0.00130579,0.00183876,0.00269337,0.00124588,0.00174850,0.00237311,0.00344099,0.00162558,0.00210135,0.00266299,0.00379162
1996-01-16,full,4702,0.27638990,0.61034112,0.78515422,0.88520649,-0.00029265,0.00000291,0.00023866,0.00049723,-0.00056014,0.00066913,0.00098701,0.00154967,0.00084592,0.00127342,0.00175826,0.00251108,0.00118285,0.00163109,0.00224107,0.00323186,0.00152138,0.00198975,0.00253523,0.00363036
1996-02-14,full,4736,0.23877752,0.58542906,0.77036773,0.87991166,-0.00026610,0.00000856,0.00023788,0.00047744,-0.00061050,0.00062704,0.00098646,0.00151974,0.00075216,0.00111320,0.00163124,0.00239133,0.00116099,0.00155722,0.00212805,0.00307730,0.00147833,0.00188699,0.00247477,0.00358280
1996-03-15,full,4789,0.23329763,0.56064650,0.76290811,0.87418725,-0.00033415,-0.00004963,0.00016753,0.00042242,-0.00065443,0.00061883,0.00094191,0.00141533,0.00068815,0.00105967,0.00153420,0.00223992,0.00113742,0.00154067,0.00203374,0.00305556,0.00145073,0.00186367,0.00247605,0.00367937
1996-04-16,full,4843,0.21975964,0.53427451,0.73908395,0.86345134,-0.00033191,-0.00007120,0.00016336,0.00042783,-0.00069057,0.00051370,0.00079227,0.00124243,0.00064231,0.00101889,0.00145069,0.00212448,0.00109325,0.00149312,0.00200508,0.00291378,0.00143746,0.00189021,0.00249993,0.00372817
1996-05-15,full,4952,0.20651880,0.49986852,0.71277850,0.84817677,-0.00030321,-0.00003018,0.00019756,0.00042205,-0.00078904,0.00045697,0.00073606,0.00114600,0.00062467,0.00097269,0.00135504,0.00203598,0.00100982,0.00146271,0.00203335,0.00291427,0.00139283,0.00190743,0.00263493,0.00393409
1996-06-14,full,5017,0.19276347,0.47907997,0.69044519,0.83809861,-0.00026570,0.00000269,0.00019938,0.00039478,-0.00074297,0.00043306,0.00070831,0.00113582,0.00062012,0.00091025,0.00129858,0.00198133,0.00101761,0.00139985,0.00200800,0.00300522,0.00140434,0.00197030,0.00275643,0.00417582
1996-07-16,full,4959,0.17762331,0.46180982,0.67611712,0.82705574,-0.00028605,-0.00000654,0.00015260,0.00033537,-0.00052951,0.00043079,0.00068615,0.00109714,0.00053820,0.00085242,0.00125244,0.00197352,0.00093289,0.00135213,0.00197506,0.00298591,0.00135347,0.00193536,0.00278864,0.00413880
1996-08-14,full,5011,0.15045064,0.41160556,0.63582440,0.79935281,-0.00024430,-0.00001871,0.00012901,0.00031911,-0.00053785,0.00035344,0.00057400,0.00097362,0.00040128,0.00075200,0.00112290,0.00176051,0.00078465,0.00120478,0.00181515,0.00286807,0.00125542,0.00188144,0.00277091,0.00410712
1996-09-13,full,5051,0.14705760,0.40708603,0.63541059,0.79980875,-0.00021993,-0.00002236,0.00011898,0.00028825,-0.00050233,0.00033590,0.00056558,0.00097299,-0.00035381,0.00069282,0.00103488,0.00167419,0.00077841,0.00120185,0.00183621,0.00280828,0.00123489,0.00192545,0.00276532,0.00411226
1996-10-14,full,5085,0.14544232,0.41749057,0.64417021,0.81068545,-0.00022141,-0.00001533,0.00013634,0.00029996,-0.00055371,0.00031481,0.00057178,0.00091571,-0.00046703,0.00067948,0.00104984,0.00178969,0.00080362,0.00121865,0.00184611,0.00281749,0.00128007,0.00195248,0.00279672,0.00417601
1996-11-12,full,5071,0.14175022,0.41442484,0.63491747,0.80753926,-0.00022595,-0.00002208,0.00011825,0.00030766,-0.00058388,0.00033505,0.00055541,0.00094583,-0.00063726,0.00066983,0.00102837,0.00174517,0.00074556,0.00113341,0.00176731,0.00279279,0.00128555,0.00185001,0.00269429,0.00395879
1996-12-12,full,5093,0.14050190,0.40516991,0.62668165,0.80087371,-0.00026650,-0.00006204,0.00011669,0.00030719,-0.00063267,0.00031993,0.00057919,0.00098926,-0.00075552,0.00068738,0.00101761,0.00169666,0.00077897,0.00117340,0.00167492,0.00266366,0.00132021,0.00180541,0.00260324,0.00380945
1997-01-14,full,5135,0.12674392,0.41009513,0.62926054,0.79875486,-0.00024221,-0.00003874,0.00010843,0.00028996,-0.00072862,0.00024425,0.00056105,0.00101875,-0.00080923,0.00067461,0.00102590,0.00166815,0.00077769,0.00115049,0.00157887,0.00235792,0.00129341,0.00174908,0.00236998,0.00366475
1997-02-12,full,5185,0.13694356,0.41950248,0.64995451,0.81410667,-0.00025169,-0.00004308,0.00011376,0.00032324,-0.00072188,0.00028298,0.00062410,0.00101071,-0.00082737,0.00075093,0.00115291,0.00171581,0.00080145,0.00119075,0.00157458,0.00235650,0.00133011,0.00175101,0.00223153,0.00339392
1997-03-14,full,5217,0.13974495,0.43404768,0.67267962,0.82633821,-0.00026836,-0.00002660,0.00014135,0.00033302,-0.00077047,0.00030803,0.00064132,0.00104256,-0.00079365,0.00080389,0.00116889,0.00168768,0.00088209,0.00128041,0.00171507,0.00246590,0.00138328,0.00177353,0.00218883,0.00307641
1997-04-15,full,5182,0.14207003,0.42949834,0.67275302,0.83120423,-0.00026411,-0.00005334,0.00012241,0.00030655,-0.00076088,0.00029430,0.00060545,0.00097772,-0.00106603,0.00073981,0.00116375,0.00178142,0.00084614,0.00128372,0.00173390,0.00248676,0.00136048,0.00176111,0.00211404,0.00280482
1997-05-14,full,5232,0.14574462,0.44125638,0.67125797,0.83290651,-0.00030583,-0.00006809,0.00011554,0.00031627,-0.00077951,0.00028754,0.00064121,0.00105349,-0.00127237,0.00072673,0.00111832,0.00173229,0.00075994,0.00127104,0.00167015,0.00243495,0.00139050,0.00176300,0.00211959,0.00278019
1997-06-13,full,5266,0.16253180,0.46697969,0.69624659,0.84542202,-0.00029286,-0.00004219,0.00013693,0.00035040,-0.00089791,0.00032798,0.00066534,0.00105317,-0.00073451,0.00088351,0.00127156,0.00185078,0.00103619,0.00139814,0.00179049,0.00261006,0.00154247,0.00189002,0.00227316,0.00302327
1997-07-15,full,5241,0.16817192,0.49216730,0.72083775,0.85945290,-0.00031993,-0.00006505,0.00014536,0.00039878,-0.00091952,0.00045299,0.00075328,0.00115566,0.00063722,0.00100412,0.00137573,0.00199098,0.00120214,0.00155371,0.00192367,0.00273905,0.00161625,0.00198184,0.00236333,0.00310691
1997-08-13,full,5278,0.17469122,0.49794179,0.72596836,0.86172197,-0.00034157,-0.00007718,0.00014409,0.00039188,-0.00077247,0.00054611,0.00084424,0.00122852,0.00063967,0.00105139,0.00143518,0.00207826,0.00122677,0.00158131,0.00201365,0.00272190,0.00168966,0.00204256,0.00247635,0.00326766
1997-09-12,full,5330,0.19717828,0.52330895,0.73891700,0.86360224,-0.00032807,-0.00001833,0.00022959,0.00046843,-0.00067943,0.00061846,0.00091410,0.00136608,0.00080066,0.00120563,0.00163725,0.00218136,0.00125667,0.00163334,0.00207875,0.00280225,0.00171882,0.00211546,0.00259206,0.00347066
1997-10-13,full,5364,0.23654378,0.56080440,0.75774095,0.86868098,-0.00033671,0.00000587,0.00027606,0.00057666,0.00033017,0.00078345,0.00110680,0.00160901,0.00096128,0.00136992,0.00183299,0.00246905,0.00134368,0.00174859,0.00224264,0.00306544,0.00186368,0.00226982,0.00277762,0.00371486
1997-11-11,full,5323,0.28219404,0.59608758,0.76930422,0.87041111,-0.00029969,0.00005707,0.00033370,0.00065286,0.00050223,0.00092363,0.00130070,0.00180557,0.00102211,0.00146879,0.00194319,0.00275267,0.00144266,0.00187092,0.00240877,0.00330522,0.00189593,0.00232515,0.00285415,0.00378565
1997-12-11,full,5289,0.29073456,0.60858078,0.77672962,0.86859946,-0.00027471,0.00007726,0.00035634,0.00071731,0.00051597,0.00091812,0.00127091,0.00185588,0.00108237,0.00154670,0.00204252,0.00284269,0.00151882,0.00194878,0.00252603,0.00337063,0.00191067,0.00238710,0.00285684,0.00370057
1998-01-13,full,5239,0.26620950,0.58731181,0.76092786,0.86211021,-0.00029438,0.00008922,0.00035682,0.00067289,0.00042906,0.00088938,0.00126818,0.00182429,0.00106334,0.00154646,0.00205454,0.00285384,0.00145516,0.00186452,0.00246776,0.00330535,0.00193317,0.00240059,0.00284457,0.00360435
1998-02-12,full,5248,0.25568632,0.58058674,0.75746767,0.86423464,-0.00030404,0.00005460,0.00031576,0.00062656,0.00043216,0.00091985,0.00128703,0.00178591,0.00101827,0.00147503,0.00202723,0.00278083,0.00144743,0.00189886,0.00241317,0.00332788,0.00190438,0.00237353,0.00286377,0.00371380
1998-03-16,full,5262,0.24307751,0.57059224,0.76981535,0.87962684,-0.00030786,0.00002539,0.00031018,0.00064328,0.00047609,0.00088018,0.00127974,0.00186281,0.00106941,0.00153562,0.00203628,0.00272378,0.00146615,0.00190008,0.00246009,0.00332404,0.00198980,0.00243546,0.00295086,0.00382640
1998-04-15,full,5284,0.21491479,0.53820215,0.75263049,0.87932139,-0.00031679,0.00001743,0.00026671,0.00055720,0.00032015,0.00082468,0.00114832,0.00164941,0.00097786,0.00143772,0.00191170,0.00260360,0.00144513,0.00191074,0.00242951,0.00319919,0.00198097,0.00243949,0.00292422,0.00381666
1998-05-14,full,5315,0.18788588,0.50777632,0.72835168,0.86638688,-0.00029327,-0.00002304,0.00024632,0.00048884,-0.00078668,0.00061435,0.00095164,0.00135886,0.00078276,0.00123213,0.00164449,0.00230129,0.00137077,0.00180025,0.00228151,0.00302785,0.00191348,0.00233295,0.00285751,0.00368209
1998-06-15,full,5248,0.16437324,0.46228557,0.68969972,0.83931412,-0.00029372,-0.00004857,0.00015048,0.00040880,-0.00075939,0.00049935,0.00080812,0.00114936,0.00048966,0.00101170,0.00146088,0.00204875,0.00116460,0.00159090,0.00207122,0.00283032,0.00179264,0.00219072,0.00267795,0.00351765
1998-07-15,full,5227,0.15138858,0.42910748,0.65352236,0.81577136,-0.00027404,-0.00006235,0.00013339,0.00033137,-0.00075112,0.00036784,0.00066358,0.00104104,-0.00108449,0.00088519,0.00121829,0.00175597,0.00089328,0.00140689,0.00184691,0.00261813,0.00167011,0.00212907,0.00263707,0.00350062
1998-08-13,full,5143,0.12398256,0.37359215,0.60187756,0.77749756,-0.00026905,-0.00006588,0.00010792,0.00030379,-0.00077134,0.00028202,0.00060907,0.00087783,-0.00110947,0.00072350,0.00106064,0.00150042,-0.00118150,0.00122232,0.00165621,0.00233944,0.00143685,0.00201308,0.00263014,0.00350910
1998-09-14,full,4953,0.08152890,0.27022187,0.48729650,0.69501601,-0.00024452,-0.00006604,0.00007634,0.00022819,-0.00067722,-0.00021969,0.00049744,0.00072734,-0.00114717,-0.00028001,0.00087004,0.00124750,-0.00166078,0.00059188,0.00129399,0.00192822,-0.00207862,0.00156892,0.00230949,0.00323698
1998-10-13,full,4732,0.05862379,0.21139408,0.42009581,0.64925670,-0.00022049,-0.00006917,0.00006342,0.00020004,-0.00062554,-0.00035849,0.00040822,0.00062670,-0.00116800,-0.00066964,0.00065427,0.00109180,-0.00188067,-0.00112418,0.00085358,0.00169087,-0.00268524,-0.00068282,0.00183470,0.00294742
1998-11-11,full,4967,0.05377685,0.20615878,0.41540162,0.63117060,-0.00021778,-0.00007264,0.00006630,0.00021878,-0.00070728,-0.00046052,0.00022148,0.00056459,-0.00137586,-0.00086720,0.00026032,0.00101211,-0.00209843,-0.00132518,-0.00043035,0.00147016,-0.00315204,-0.00171935,0.00129589,0.00263872
1998-12-11,full,4894,0.06156105,0.21992544,0.42233617,0.62781221,-0.00022182,-0.00007512,0.00005933,0.00022192,-0.00075977,-0.00050086,-0.00014349,0.00056603,-0.00141400,-0.00089296,-0.00036498,0.00104910,-0.00224369,-0.00137728,-0.00079753,0.00134420,-0.00292467,-0.00157315,0.00126605,0.00265342
1999-01-13,full,4892,0.06476751,0.24167442,0.44646003,0.64957440,-0.00026626,-0.00011672,0.00005253,0.00021230,-0.00082459,-0.00050556,0.00018149,0.00065538,-0.00143702,-0.00093819,-0.00047215,0.00104294,-0.00234414,-0.00145854,-0.00087162,0.00137570,-0.00309548,-0.00185812,0.00090993,0.00265501
1999-02-12,full,4859,0.06769643,0.24766587,0.46060299,0.67094759,-0.00025211,-0.00009102,0.00007418,0.00023640,-0.00080975,-0.00051071,0.00017222,0.00070915,-0.00142625,-0.00091032,-0.00048367,0.00113875,-0.00204049,-0.00136351,-0.00076944,0.00156854,-0.00309287,-0.00193421,-0.00104470,0.00262298
1999-03-16,full,4800,0.07237664,0.25426957,0.47186073,0.68395303,-0.00023918,-0.00009109,0.00006597,0.00024665,-0.00081082,-0.00047300,0.00032191,0.00076604,-0.00132693,-0.00085704,-0.00039622,0.00124817,-0.00199873,-0.00130213,-0.00071672,0.00184586,-0.00311018,-0.00202207,-0.00120340,0.00272609
1999-04-15,full,4729,0.07081237,0.24459992,0.46191808,0.67368615,-0.00023783,-0.00007981,0.00008282,0.00025045,-0.00076036,-0.00042869,0.00032395,0.00077390,-0.00133270,-0.00086108,-0.00020549,0.00137550,-0.00187827,-0.00119959,-0.00038108,0.00217309,-0.00282953,-0.00174634,0.00086496,0.00337957
1999-05-14,full,4799,0.06018716,0.21200000,0.42585811,0.64667331,-0.00023390,-0.00008232,0.00006401,0.00022441,-0.00069346,-0.00041116,0.00034326,0.00070305,-0.00115964,-0.00066545,0.00060343,0.00130799,-0.00159981,-0.00094241,0.00121023,0.00248294,-0.00207274,-0.00047177,0.00260999,0.00458344
1999-06-15,full,4775,0.05388493,0.20560888,0.41370774,0.64932003,-0.00018654,-0.00004106,0.00007849,0.00019895,-0.00058639,-0.00032367,0.00037402,0.00068939,-0.00099112,-0.00040412,0.00085470,0.00139939,-0.00127775,0.00056204,0.00151774,0.00246187,-0.00114254,0.00231405,0.00362433,0.00530412
1999-07-15,full,4719,0.07076378,0.23699376,0.45513641,0.68800282,-0.00017590,-0.00002241,0.00011691,0.00027328,-0.00058153,-0.00013755,0.00048424,0.00076622,-0.00079472,0.00055848,0.00097917,0.00156501,-0.00072640,0.00125857,0.00189413,0.00280177,0.00176776,0.00288999,0.00410211,0.00575637
1999-08-13,full,4626,0.09232903,0.30813311,0.53951399,0.74147498,-0.00019322,-0.00001911,0.00011125,0.00028755,-0.00047589,0.00036002,0.00057197,0.00091104,-0.00058889,0.00081516,0.00118748,0.00178089,0.00097049,0.00154167,0.00223669,0.00316488,0.00216234,0.00310362,0.00436493,0.00596503
1999-09-14,full,4615,0.09431747,0.31908398,0.54385579,0.74179384,-0.00015887,-0.00001017,0.00011529,0.00025474,-0.00044991,0.00034472,0.00058016,0.00093473,-0.00058191,0.00075984,0.00116473,0.00185338,0.00085394,0.00153641,0.00223154,0.00322412,0.00203818,0.00304637,0.00425505,0.00599813
1999-10-13,full,4564,0.07742253,0.28859322,0.51325242,0.72248854,-0.00018937,-0.00003640,0.00008073,0.00022900,-0.00048873,0.00017059,0.00046107,0.00080571,-0.00076732,0.00058088,0.00101913,0.00165523,-0.00068803,0.00131347,0.00196823,0.00296093,0.00185004,0.00286076,0.00396543,0.00567538
1999-11-11,full,4550,0.08130398,0.27611912,0.51317476,0.71874406,-0.00019360,-0.00004616,0.00006881,0.00021199,-0.00056440,-0.00022685,0.00042140,0.00072468,-0.00094189,-0.00023811,0.00087762,0.00148939,-0.00112045,0.00101030,0.00175331,0.00277942,0.00123402,0.00259658,0.00374969,0.00542963
1999-12-13,full,4522,0.08700167,0.27993529,0.52069938,0.72431940,-0.00021553,-0.00005595,0.00007460,0.00023231,-0.00059155,-0.00027638,0.00039912,0.00076409,-0.00097204,0.00015869,0.00093004,0.00152737,-0.00131811,0.00089764,0.00168721,0.00277050,0.00118993,0.00259367,0.00378151,0.00562801
2000-01-12,full,4516,0.08875894,0.29374983,0.53014356,0.73491742,-0.00021832,-0.00005370,0.00009289,0.00024627,-0.00062447,-0.00028783,0.00044118,0.00082304,-0.00108796,-0.00049108,0.00085877,0.00162208,-0.00128874,0.00094908,0.00174246,0.00290395,-0.00107574,0.00259786,0.00392152,0.00594624
2000-02-11,full,4522,0.09440590,0.30974346,0.54225072,0.74671683,-0.00021074,-0.00005356,0.00009030,0.00026936,-0.00067993,-0.00036947,0.00042490,0.00081763,-0.00109279,-0.00051924,0.00093545,0.00188721,-0.00141765,0.00062080,0.00179716,0.00308327,-0.00074030,0.00300730,0.00449945,0.00673744
2000-03-14,full,4538,0.10619702,0.33522594,0.56536779,0.76331960,-0.00024643,-0.00009966,0.00005380,0.00027088,-0.00071927,-0.00045407,0.00042334,0.00089538,-0.00119636,-0.00069406,0.00097456,0.00205283,-0.00167850,-0.00086478,0.00192333,0.00350409,-0.00139178,0.00328736,0.00534602,0.00786675
2000-04-12,full,4526,0.13210565,0.39771941,0.61447349,0.78660365,-0.00029318,-0.00013455,0.00005808,0.00028924,-0.00080250,-0.00050809,0.00042191,0.00108328,-0.00129699,-0.00084412,0.00084332,0.00204852,-0.00176219,-0.00099940,0.00210243,0.00409659,-0.00175622,0.00346528,0.00575291,0.00838904
2000-05-12,full,4479,0.12715580,0.38770079,0.61024069,0.77983477,-0.00028316,-0.00011018,0.00004807,0.00027242,-0.00079706,-0.00051153,0.00038609,0.00103331,-0.00128849,-0.00077209,0.00115156,0.00250091,-0.00166314,-0.00094229,0.00217083,0.00445828,-0.00176539,0.00321525,0.00561355,0.00838410
2000-06-13,full,4507,0.10294422,0.34934042,0.57879286,0.75853823,-0.00026016,-0.00006974,0.00008243,0.00027627,-0.00074735,-0.00044110,0.00050023,0.00108833,-0.00120335,-0.00068875,0.00112876,0.00249877,-0.00164853,-0.00073713,0.00233506,0.00444360,-0.00156104,0.00299229,0.00521623,0.00783239
2000-07-13,full,4440,0.10010152,0.31673797,0.55189119,0.75713271,-0.00026043,-0.00006810,0.00011891,0.00030546,-0.00068717,-0.00037053,0.00055177,0.00101770,-0.00108573,-0.00050637,0.00116325,0.00239914,-0.00148549,0.00070015,0.00244478,0.00432355,-0.00133493,0.00320377,0.00517140,0.00770705
2000-08-11,full,4416,0.10238674,0.31454352,0.53557340,0.74134371,-0.00026475,-0.00007586,0.00009134,0.00029027,-0.00064856,-0.00026924,0.00057399,0.00104286,-0.00100556,0.00060569,0.00124688,0.00237629,-0.00134256,0.00109350,0.00221879,0.00400557,0.00149563,0.00324790,0.00484647,0.00740934
2000-09-12,full,4468,0.09283305,0.31549555,0.54689446,0.74089109,-0.00023991,-0.00004462,0.00012353,0.00033769,-0.00068191,-0.00024829,0.00060273,0.00105966,-0.00106530,0.00068969,0.00125976,0.00237748,-0.00113062,0.00141722,0.00229216,0.00409453,0.00166215,0.00315049,0.00451387,0.00691923
2000-10-11,full,4328,0.09180289,0.31437880,0.54707005,0.74615813,-0.00026609,-0.00008713,0.00010301,0.00031635,-0.00068843,0.00022541,0.00063030,0.00113974,-0.00098288,0.00078314,0.00134360,0.00248962,-0.00088565,0.00144723,0.00216640,0.00380842,0.00173058,0.00290560,0.00405195,0.00618725
2000-11-09,full,4285,0.09575616,0.32417125,0.55232875,0.75176207,-0.00028619,-0.00006428,0.00010414,0.00030574,-0.00070946,0.00028476,0.00065577,0.00116633,-0.00108420,0.00075595,0.00127666,0.00233369,-0.00127274,0.00128879,0.00205153,0.00340744,0.00160543,0.00260036,0.00354521,0.00541637
2000-12-11,full,4113,0.10153153,0.33635027,0.57397691,0.76263077,-0.00027153,-0.00005759,0.00011774,0.00036485,-0.00088296,-0.00023366,0.00058167,0.00111142,-0.00120775,0.00073518,0.00120695,0.00213185,-0.00106099,0.00128697,0.00201800,0.00309740,0.00150582,0.00234096,0.00322099,0.00445832
2001-01-11,full,4107,0.10864417,0.34351451,0.59576673,0.77625238,-0.00029823,-0.00004622,0.00013779,0.00038711,-0.00100460,-0.00028266,0.00058779,0.00114093,-0.00161595,0.00068708,0.00109517,0.00182712,-0.00219924,0.00120413,0.00179794,0.00277524,0.00148229,0.00221969,0.00296994,0.00402718
2001-02-12,full,4152,0.11769138,0.36707984,0.60106871,0.79189404,-0.00035569,-0.00005596,0.00015664,0.00038874,-0.00117177,-0.00031846,0.00064387,0.00104347,-0.00187574,0.00069100,0.00110780,0.00182550,-0.00164222,0.00134351,0.00187813,0.00261849,0.00158920,0.00218062,0.00296494,0.00404608
2001-03-14,full,3996,0.11819421,0.36855923,0.60930258,0.79670755,-0.00037545,-0.00007786,0.00016254,0.00038754,-0.00120132,0.00029370,0.00070887,0.00113060,-0.00160340,0.00078719,0.00120955,0.00177759,0.00079089,0.00137514,0.00189949,0.00272454,0.00162442,0.00209732,0.00278487,0.00378714
2001-04-12,full,3912,0.11958686,0.36953250,0.60137034,0.78698822,-0.00036559,-0.00008279,0.00014354,0.00040902,-0.00115069,0.00024781,0.00068376,0.00112781,-0.00155115,0.00080373,0.00118513,0.00172299,0.00080225,0.00133818,0.00177363,0.00249434,0.00153927,0.00205217,0.00270901,0.00371242
2001-05-14,full,3978,0.12950830,0.37816061,0.62003717,0.78878416,-0.00042681,-0.00009846,0.00012276,0.00038464,-0.00117547,0.00032431,0.00071164,0.00109912,-0.00176574,0.00080817,0.00118267,0.00175524,0.00074693,0.00135023,0.00182028,0.00255253,0.00155296,0.00196797,0.00262435,0.00364432
2001-06-13,full,4012,0.14304403,0.40533945,0.64260019,0.80345374,-0.00044507,-0.00008580,0.00014665,0.00040888,-0.00117310,0.00041071,0.00075550,0.00120162,-0.00202513,0.00087194,0.00129692,0.00198601,0.00092683,0.00146076,0.00189077,0.00254494,0.00154816,0.00205557,0.00277115,0.00369775
2001-07-13,full,3945,0.14288734,0.42232273,0.65290731,0.81406528,-0.00040671,-0.00004588,0.00021071,0.00044796,-0.00120836,0.00044950,0.00082431,0.00130857,-0.00154725,0.00097997,0.00136895,0.00206705,0.00098788,0.00152088,0.00197310,0.00270323,0.00159317,0.00209352,0.00272153,0.00372649
2001-08-13,full,3908,0.14712420,0.43610819,0.67183771,0.82711540,-0.00033110,-0.00001973,0.00019583,0.00048619,-0.00123299,0.00042180,0.00077320,0.00124888,0.00038247,0.00109019,0.00154644,0.00235414,0.00107614,0.00159054,0.00208595,0.00290360,0.00163312,0.00211963,0.00269873,0.00375420
2001-09-18,full,3757,0.16228679,0.47095582,0.70122192,0.83677062,-0.00040072,-0.00007869,0.00016142,0.00045018,-0.00100932,0.00051107,0.00087363,0.00136934,0.00066168,0.00117305,0.00159762,0.00248103,0.00115316,0.00168185,0.00214551,0.00307576,0.00174855,0.00223075,0.00286002,0.00387491
2001-10-17,full,3724,0.13891279,0.39028533,0.63919447,0.80838627,-0.00041121,-0.00007366,0.00017044,0.00042221,-0.00107589,0.00037376,0.00075753,0.00117266,-0.00095416,0.00098320,0.00142273,0.00218108,0.00097802,0.00154105,0.00209557,0.00303012,0.00159605,0.00207643,0.00264528,0.00377535
2001-11-15,full,3732,0.11557895,0.35755126,0.59724188,0.78640854,-0.00029670,-0.00002761,0.00014572,0.00035487,-0.00096695,0.00017322,0.00064662,0.00110569,-0.00129963,0.00075364,0.00117367,0.00185535,0.00075290,0.00136631,0.00185267,0.00280734,0.00148231,0.00201704,0.00262971,0.00378989
2001-12-17,full,3745,0.09722634,0.33195437,0.57855699,0.76889140,-0.00026974,-0.00005960,0.00010272,0.00032057,-0.00084436,0.00022172,0.00057733,0.00098546,-0.00146473,0.00060630,0.00107353,0.00173437,0.00059466,0.00127300,0.00172574,0.00265874,0.00136151,0.00190998,0.00254909,0.00382960
2002-01-17,full,3758,0.09149305,0.31902610,0.57378541,0.76724613,-0.00026879,-0.00005147,0.00011367,0.00027906,-0.00081568,0.00019215,0.00054105,0.00094503,-0.00125975,0.00061480,0.00103708,0.00168518,0.00051025,0.00113261,0.00158324,0.00244226,0.00130798,0.00179877,0.00250166,0.00386721
2002-02-19,full,3707,0.09640298,0.32563594,0.56919782,0.77130659,-0.00021617,-0.00002523,0.00013746,0.00032692,-0.00073838,0.00023438,0.00055836,0.00095556,-0.00105736,0.00069696,0.00117573,0.00181923,0.00072505,0.00111211,0.00157409,0.00243622,0.00131865,0.00178257,0.00251220,0.00398388
2002-03-20,full,3724,0.09426270,0.32132749,0.56945916,0.77356915,-0.00024770,-0.00004109,0.00012711,0.00032457,-0.00066588,0.00033420,0.00057631,0.00098497,-0.00083725,0.00078224,0.00114128,0.00176504,0.00083638,0.00124484,0.00168378,0.00261991,0.00131174,0.00174819,0.00240746,0.00380993
2002-04-19,full,3730,0.08871545,0.31276959,0.56439142,0.77082406,-0.00024658,-0.00003596,0.00012933,0.00030341,-0.00072179,0.00032683,0.00059414,0.00091058,-0.00077000,0.00079591,0.00110647,0.00168831,0.00080701,0.00119071,0.00163761,0.00249710,0.00130593,0.00171400,0.00234707,0.00357615
2002-05-20,full,3692,0.10598119,0.32898673,0.58800024,0.78106660,-0.00026029,-0.00002339,0.00016701,0.00035701,-0.00065955,0.00040262,0.00064571,0.00100207,0.00053121,0.00088475,0.00124398,0.00178288,0.00087291,0.00124133,0.00166535,0.00249704,0.00135304,0.00178302,0.00237248,0.00343744
2002-06-19,full,3618,0.14160054,0.40914913,0.62402442,0.78994910,-0.00025262,0.00001363,0.00020497,0.00040764,-0.00060143,0.00054480,0.00079015,0.00119562,0.00062096,0.00097878,0.00133623,0.00202182,0.00099488,0.00138252,0.00183524,0.00265095,0.00139847,0.00182940,0.00233274,0.00338416
2002-07-19,full,3526,0.14211081,0.40644350,0.62873292,0.77774834,-0.00022261,0.00000249,0.00019596,0.00041161,-0.00063769,0.00052148,0.00078055,0.00119279,0.00070246,0.00101942,0.00134810,0.00198999,0.00099324,0.00139105,0.00180077,0.00239705,0.00138721,0.00182041,0.00236334,0.00328324
2002-08-19,full,3477,0.11311757,0.34654390,0.57087846,0.76034505,-0.00028463,-0.00004712,0.00015958,0.00034561,-0.00072386,0.00044101,0.00071288,0.00105384,0.00044193,0.00086587,0.00121103,0.00172397,0.00088474,0.00127786,0.00167275,0.00242354,0.00128425,0.00173397,0.00225694,0.00310192
2002-09-18,full,3433,0.10611079,0.32727166,0.56570530,0.76277850,-0.00034158,-0.00007618,0.00014807,0.00032647,-0.00084295,0.00030687,0.00061522,0.00093806,-0.00097747,0.00080711,0.00111150,0.00158712,0.00075083,0.00120736,0.00162298,0.00233004,0.00125126,0.00168277,0.00216929,0.00304272
2002-10-17,full,3377,0.09338498,0.29895259,0.51350419,0.72035845,-0.00026951,-0.00006789,0.00009806,0.00028808,-0.00091187,-0.00038649,0.00047016,0.00076204,-0.00136181,0.00037190,0.00082103,0.00122558,-0.00186530,0.00077687,0.00122477,0.00182564,0.00071751,0.00134787,0.00183378,0.00269343
2002-11-15,full,3438,0.09522665,0.29410405,0.50589412,0.70272562,-0.00025991,-0.00005886,0.00009200,0.00024232,-0.00083990,-0.00037100,0.00041874,0.00071905,-0.00156835,-0.00087695,0.00061871,0.00103548,-0.00243794,-0.00134640,0.00097309,0.00148476,-0.00275684,0.00099019,0.00154483,0.00231737
2002-12-17,full,3437,0.08147261,0.26955811,0.47064264,0.66576330,-0.00025433,-0.00007233,0.00007274,0.00021362,-0.00073867,-0.00038113,0.00035155,0.00058968,-0.00150340,-0.00088712,0.00051164,0.00088162,-0.00224738,-0.00152906,0.00069028,0.00127907,-0.00254786,0.00084984,0.00140251,0.00219639
2003-01-17,full,3437,0.07269028,0.23566204,0.44149667,0.64761029,-0.00022960,-0.00005636,0.00007684,0.00019526,-0.00067432,-0.00039321,0.00027243,0.00049088,-0.00133355,-0.00084809,0.00041423,0.00081333,-0.00212779,-0.00125059,0.00063737,0.00121503,-0.00236079,0.00075350,0.00126307,0.00199176
2003-02-19,full,3372,0.06404846,0.23558716,0.44344252,0.65905841,-0.00019956,-0.00006453,0.00005910,0.00015957,-0.00062915,-0.00032593,0.00024645,0.00050114,-0.00128929,-0.00080264,-0.00018727,0.00073338,-0.00186653,-0.00117055,0.00057632,0.00110178,-0.00248142,-0.00130736,0.00107428,0.00187737
2003-03-20,full,3344,0.06326406,0.23406338,0.45587159,0.67137016,-0.00018473,-0.00006798,0.00004080,0.00014162,-0.00065277,-0.00037591,0.00020299,0.00045721,-0.00113304,-0.00072790,0.00032611,0.00076712,-0.00180130,-0.00114293,0.00049676,0.00110887,-0.00259114,-0.00160939,0.00090828,0.00171150
2003-04-21,full,3354,0.05764324,0.23228864,0.45201101,0.67427928,-0.00016945,-0.00005899,0.00004191,0.00017480,-0.00056477,-0.00031165,0.00024856,0.00046251,-0.00112104,-0.00069273,0.00037134,0.00081683,-0.00157702,-0.00097567,0.00068676,0.00129103,-0.00243723,-0.00135030,0.00109411,0.00194263
2003-05-20,full,3376,0.06075528,0.22686153,0.44339534,0.66282829,-0.00017061,-0.00004873,0.00006742,0.00017871,-0.00055044,-0.00026993,0.00032564,0.00053957,-0.00093491,-0.00046734,0.00055492,0.00102503,-0.00151401,-0.00045144,0.00090792,0.00150433,-0.00148368,0.00109887,0.00163256,0.00265528
2003-06-19,full,3382,0.08052804,0.26149049,0.48406131,0.72100747,-0.00020152,-0.00004943,0.00010297,0.00023698,-0.00051058,0.00019395,0.00042097,0.00066027,-0.00084616,0.00051062,0.00081972,0.00125363,-0.00047420,0.00091653,0.00132679,0.00200361,0.00116625,0.00163224,0.00211476,0.00326694
2003-07-21,full,3367,0.10810769,0.34593058,0.59535988,0.78711675,-0.00023848,-0.00002514,0.00012105,0.00029611,-0.00052117,0.00038367,0.00058443,0.00087415,0.00056630,0.00084382,0.00116535,0.00163869,0.00095808,0.00122945,0.00170450,0.00251642,0.00141340,0.00188183,0.00246790,0.00358692
2003-08-19,full,3385,0.14307718,0.41192595,0.64800988,0.80983254,-0.00017885,0.00003213,0.00017940,0.00037724,0.00025272,0.00053370,0.00078517,0.00112202,0.00070495,0.00100744,0.00135957,0.00187751,0.00108090,0.00141920,0.00186081,0.00274773,0.00146116,0.00199709,0.00264299,0.00377761
2003-09-18,full,3418,0.25037532,0.53967331,0.73057876,0.85120394,-0.00014186,0.00013230,0.00032316,0.00060739,0.00052231,0.00080625,0.00111931,0.00155515,0.00091319,0.00126258,0.00168819,0.00235109,0.00127682,0.00167985,0.00230673,0.00333212,0.00159643,0.00206247,0.00271439,0.00399220
2003-10-17,full,3441,0.31413887,0.58722469,0.75531239,0.86263674,-0.00010331,0.00020370,0.00041766,0.00070891,0.00062322,0.00090848,0.00123771,0.00162189,0.00094834,0.00135744,0.00181162,0.00250073,0.00131761,0.00177597,0.00239363,0.00343421,0.00160161,0.00201496,0.00267574,0.00410256
2003-11-17,full,3443,0.39703068,0.64429855,0.78664262,0.87717501,-0.00002527,0.00027991,0.00049286,0.00082956,0.00074906,0.00107079,0.00144018,0.00199109,0.00111869,0.00152328,0.00195863,0.00272397,0.00136558,0.00179954,0.00243516,0.00360352,0.00166815,0.00216052,0.00280716,0.00417402
2003-12-17,full,3470,0.48925287,0.71853126,0.82204203,0.89353021,0.00007735,0.00037036,0.00066170,0.00105621,0.00088268,0.00123688,0.00163551,0.00227012,0.00125614,0.00167453,0.00215776,0.00304976,0.00148861,0.00199591,0.00258269,0.00363183,0.00178235,0.00232122,0.00306606,0.00429815
2004-01-20,full,3492,0.58518605,0.77570980,0.86079501,0.91344365,0.00022194,0.00051442,0.00083212,0.00134147,0.00102602,0.00134281,0.00174665,0.00249423,0.00141498,0.00186171,0.00234715,0.00351413,0.00154909,0.00206381,0.00272993,0.00375158,0.00186950,0.00240586,0.00314231,0.00420239
2004-02-19,full,3546,0.59071670,0.78570703,0.86900336,0.91977040,0.00025546,0.00060310,0.00090467,0.00141851,0.00101708,0.00135693,0.00181930,0.00268440,0.00143026,0.00189866,0.00234946,0.00343764,0.00158328,0.00204209,0.00271480,0.00365344,0.00194396,0.00256238,0.00335828,0.00439955
2004-03-19,full,3643,0.54494270,0.75449401,0.85176929,0.91075286,0.00017961,0.00053289,0.00081169,0.00127612,0.00096542,0.00129058,0.00173926,0.00247254,0.00133803,0.00177825,0.00222567,0.00315743,0.00152522,0.00207609,0.00269160,0.00384691,0.00182682,0.00243304,0.00310120,0.00399510
2004-04-20,full,3725,0.47466658,0.71477432,0.82789134,0.89663283,0.00000606,0.00035573,0.00063701,0.00100658,0.00081181,0.00115369,0.00149219,0.00217395,0.00115727,0.00156898,0.00208268,0.00287481,0.00140680,0.00187333,0.00246596,0.00336866,0.00178380,0.00237555,0.00309456,0.00405608
2004-05-19,full,3743,0.36018215,0.62847296,0.76727593,0.86048822,-0.00006736,0.00021971,0.00044332,0.00071820,0.00064755,0.00088176,0.00118897,0.00169899,0.00099923,0.00130199,0.00173832,0.00237390,0.00131398,0.00171666,0.00219676,0.00312560,0.00169381,0.00225780,0.00289306,0.00391640
2004-06-21,full,3784,0.25875942,0.54565692,0.72464669,0.83799734,-0.00015414,0.00010480,0.00030315,0.00055637,0.00048686,0.00070475,0.00094566,0.00139678,0.00081713,0.00113000,0.00152687,0.00207189,0.00117511,0.00150029,0.00195709,0.00275081,0.00160064,0.00211720,0.00275457,0.00386492
2004-07-21,full,3772,0.18069774,0.48470296,0.68476448,0.82409534,-0.00015924,0.00003885,0.00021060,0.00038096,0.00019485,0.00053841,0.00075606,0.00115548,0.00068627,0.00094928,0.00128383,0.00187134,0.00104903,0.00137450,0.00177439,0.00250080,0.00151179,0.00202601,0.00263958,0.00368935
2004-08-19,full,3755,0.11931887,0.38499070,0.60239324,0.78035481,-0.00021204,-0.00004558,0.00010591,0.00025510,-0.00046821,0.00034481,0.00052539,0.00082240,0.00041486,0.00072115,0.00105237,0.00153385,0.00076460,0.00111611,0.00147170,0.00207944,0.00130838,0.00181246,0.00236312,0.00334724
2004-09-20,full,3827,0.10630087,0.33365902,0.57288144,0.75787681,-0.00019489,-0.00003339,0.00010116,0.00023293,-0.00051539,0.00025218,0.00044278,0.00073901,-0.00068103,0.00056276,0.00085661,0.00123514,0.00043292,0.00089455,0.00127115,0.00183995,0.00113420,0.00163225,0.00223210,0.00313394
2004-10-19,full,3833,0.09707558,0.32150665,0.55732639,0.75593290,-0.00017988,-0.00004383,0.00008328,0.00020205,-0.00055196,0.00017034,0.00038820,0.00063733,-0.00084420,0.00043079,0.00071056,0.00110907,-0.00076837,0.00082143,0.00116937,0.00174914,0.00097121,0.00153224,0.00207320,0.00285969
2004-11-17,full,3862,0.09568840,0.30830125,0.54592999,0.74639982,-0.00022271,-0.00006666,0.00005532,0.00017566,-0.00054524,-0.00018744,0.00036380,0.00058615,-0.00082988,0.00039311,0.00067354,0.00104088,-0.00117446,0.00074978,0.00111957,0.00163092,0.00095693,0.00150423,0.00207145,0.00278355
2004-12-17,full,3882,0.09298065,0.31646484,0.54152921,0.74382674,-0.00016449,-0.00004412,0.00007761,0.00021469,-0.00057290,-0.00022457,0.00037497,0.00062621,-0.00086545,0.00048037,0.00072619,0.00106588,-0.00116770,0.00077234,0.00112964,0.00168510,0.00101063,0.00149519,0.00198999,0.00276400
2005-01-19,full,3889,0.10559821,0.32792257,0.56382173,0.75325523,-0.00019272,-0.00003681,0.00008346,0.00021247,-0.00057264,0.00021342,0.00045692,0.00066349,-0.00096556,0.00053608,0.00076890,0.00116471,-0.00045701,0.00085686,0.00120806,0.00168581,0.00114540,0.00158784,0.00205336,0.00280687
2005-02-17,full,3882,0.12651314,0.37308111,0.59528732,0.77498546,-0.00021254,-0.00004820,0.00008841,0.00025430,-0.00062931,0.00029137,0.00049452,0.00071035,-0.00070897,0.00065628,0.00087876,0.00126350,0.00069107,0.00102590,0.00139500,0.00194593,0.00123661,0.00167687,0.00215200,0.00289188
2005-03-21,full,3867,0.14556566,0.42213386,0.64363073,0.80032766,-0.00024898,-0.00004855,0.00012385,0.00028532,-0.00060442,0.00033647,0.00054333,0.00084937,0.00045094,0.00076733,0.00103687,0.00144816,0.00081063,0.00113876,0.00152094,0.00205968,0.00131494,0.00180047,0.00223293,0.00300973
2005-04-20,full,3825,0.15802336,0.44333428,0.66222343,0.81000116,-0.00020676,-0.00002019,0.00014664,0.00029279,-0.00049228,0.00038789,0.00059212,0.00089501,0.00046414,0.00077055,0.00107324,0.00150167,0.00086092,0.00120877,0.00157223,0.00213183,0.00133516,0.00180951,0.00229600,0.00313670
2005-05-19,full,3827,0.13220391,0.39190209,0.62366637,0.78903674,-0.00018199,-0.00001013,0.00012759,0.00029735,-0.00044568,0.00038561,0.00057484,0.00082387,-0.00030682,0.00068113,0.00095324,0.00142077,0.00078253,0.00115675,0.00155417,0.00219536,0.00126352,0.00173997,0.00223613,0.00302436
2005-06-20,full,3842,0.12359840,0.36121279,0.61455233,0.78467884,-0.00018563,-0.00001714,0.00011583,0.00025829,-0.00045914,0.00031987,0.00049732,0.00079283,0.00030886,0.00070261,0.00097894,0.00139289,0.00073013,0.00110084,0.00148994,0.00210722,0.00130964,0.00178828,0.00227373,0.00304132
2005-07-20,full,3841,0.12727221,0.37090726,0.61688211,0.80270952,-0.00018490,-0.00001225,0.00011912,0.00026367,-0.00048713,0.00028072,0.00047512,0.00077387,0.00035889,0.00070555,0.00095381,0.00134440,0.00080937,0.00117631,0.00156165,0.00213810,0.00139152,0.00188487,0.00236534,0.00317568
2005-08-18,full,3860,0.12139244,0.35057257,0.60404529,0.79839964,-0.00020280,-0.00003808,0.00009096,0.00022381,-0.00049020,0.00025700,0.00045729,0.00072737,-0.00050581,0.00061241,0.00090187,0.00124090,0.00072980,0.00110342,0.00143775,0.00207624,0.00138137,0.00186600,0.00233858,0.00306536
2005-09-19,full,3871,0.10219962,0.34034065,0.59121801,0.78312077,-0.00018976,-0.00005366,0.00006275,0.00019164,-0.00044084,0.00020903,0.00041746,0.00064286,-0.00066896,0.00055819,0.00083297,0.00122925,0.00059362,0.00099829,0.00137390,0.00195739,0.00131712,0.00183580,0.00230885,0.00300665
2005-10-18,full,3882,0.09821009,0.32054008,0.56276771,0.75619172,-0.00016114,-0.00004940,0.00006253,0.00019668,-0.00045957,-0.00016984,0.00036300,0.00062739,-0.00074392,0.00043504,0.00074619,0.00111944,-0.00056858,0.00085699,0.00125643,0.00176123,0.00121767,0.00173315,0.00226252,0.00303898
2005-11-16,full,3872,0.09799047,0.32168747,0.54539717,0.74941125,-0.00015275,-0.00003370,0.00007526,0.00018922,-0.00048567,-0.00017790,0.00035871,0.00060231,-0.00074556,0.00037609,0.00066356,0.00100460,-0.00091783,0.00077562,0.00121260,0.00176497,0.00102700,0.00155143,0.00214369,0.00290802
2005-12-16,full,3908,0.09836279,0.31644119,0.55786477,0.76602850,-0.00014845,-0.00003690,0.00007003,0.00019511,-0.00048352,0.00012785,0.00035661,0.00058215,-0.00065233,0.00048319,0.00076850,0.00112507,-0.00092331,0.00078627,0.00117738,0.00180293,0.00116522,0.00167203,0.00222404,0.00316392
2006-01-19,full,3906,0.10554376,0.34165602,0.58690679,0.78020944,-0.00016301,-0.00001923,0.00009310,0.00020409,-0.00049412,-0.00013732,0.00035601,0.00062020,-0.00069634,0.00045548,0.00075303,0.00116701,-0.00062035,0.00095639,0.00133930,0.00184879,0.00125389,0.00172117,0.00230106,0.00318600
2006-02-17,full,3886,0.12317211,0.37306509,0.61881094,0.79322544,-0.00019654,-0.00004680,0.00006254,0.00021622,-0.00051044,0.00022023,0.00042245,0.00070747,-0.00060691,0.00052698,0.00080041,0.00127485,0.00068029,0.00110154,0.00149405,0.00200411,0.00133723,0.00180575,0.00248940,0.00339182
2006-03-21,full,3891,0.14205129,0.41648844,0.65482953,0.82148908,-0.00017714,-0.00001548,0.00010546,0.00023964,-0.00056495,0.00023883,0.00045041,0.00076356,0.00030351,0.00069737,0.00098952,0.00142436,0.00075347,0.00118138,0.00154933,0.00214594,0.00147404,0.00194118,0.00264230,0.00357506
2006-04-20,full,3912,0.14667337,0.43093418,0.66449563,0.82643479,-0.00018368,-0.00002964,0.00010791,0.00024752,-0.00049245,0.00027533,0.00050763,0.00080181,0.00033142,0.00069412,0.00099852,0.00142821,0.00082131,0.00120298,0.00159907,0.00223399,0.00151785,0.00205952,0.00273266,0.00368631
2006-05-19,full,3914,0.14305267,0.42040346,0.65119008,0.81828913,-0.00018099,-0.00002967,0.00009998,0.00023210,-0.00049642,0.00023378,0.00046950,0.00072074,-0.00033934,0.00064635,0.00098071,0.00143075,0.00077360,0.00115997,0.00155423,0.00220599,0.00140546,0.00203597,0.00270675,0.00377185
2006-06-20,full,3913,0.12451507,0.37957571,0.60940639,0.77834344,-0.00017152,-0.00003198,0.00007768,0.00020270,-0.00044729,0.00022189,0.00042247,0.00069025,-0.00055354,0.00059466,0.00090627,0.00134902,0.00060384,0.00105792,0.00147263,0.00221623,0.00119602,0.00178255,0.00243123,0.00355835
2006-07-20,full,3902,0.11508774,0.35235583,0.57594024,0.75320671,-0.00014325,-0.00001649,0.00009336,0.00023245,-0.00048159,0.00018911,0.00041722,0.00070329,-0.00059059,0.00051963,0.00079710,0.00131120,0.00045685,0.00098636,0.00137794,0.00196490,0.00094053,0.00156227,0.00224054,0.00323965
2006-08-18,full,3902,0.10552140,0.33553272,0.56037450,0.74665404,-0.00016131,-0.00003490,0.00007923,0.00023714,-0.00046609,0.00020195,0.00042555,0.00071265,-0.00069186,0.00046563,0.00080961,0.00124907,-0.00039168,0.00085454,0.00125584,0.00189980,0.00090414,0.00143665,0.00199122,0.00301014
2006-09-19,full,3934,0.09803659,0.32394976,0.54876951,0.74735736,-0.00016657,-0.00001968,0.00010031,0.00022528,-0.00051860,0.00017973,0.00041513,0.00067682,-0.00073276,0.00043971,0.00076807,0.00126727,-0.00064697,0.00078316,0.00118556,0.00176658,0.00089490,0.00138282,0.00197033,0.00284624
2006-10-18,full,3958,0.08830779,0.30832026,0.53620679,0.74283253,-0.00016007,-0.00003463,0.00006890,0.00018214,-0.00052966,0.00008220,0.00036847,0.00061204,-0.00081462,0.00039570,0.00071300,0.00111772,-0.00080563,0.00077487,0.00113742,0.00170020,0.00079972,0.00127757,0.00182678,0.00261902
2006-11-16,full,3938,0.08339407,0.30429137,0.52565608,0.72818530,-0.00017612,-0.00003798,0.00006818,0.00019594,-0.00051648,-0.00013531,0.00036052,0.00057974,-0.00080760,0.00039105,0.00070036,0.00108222,-0.00106910,0.00067827,0.00100795,0.00156453,0.00077405,0.00122065,0.00179560,0.00250960
2006-12-18,full,3931,0.09327971,0.29313070,0.51700439,0.72962343,-0.00018343,-0.00005135,0.00006906,0.00019271,-0.00054759,-0.00011771,0.00037621,0.00058552,-0.00080749,0.00038285,0.00070971,0.00106415,-0.00091227,0.00074651,0.00104868,0.00162212,0.00082687,0.00125299,0.00174719,0.00246989
2007-01-22,full,3923,0.08730810,0.29153346,0.52581372,0.73897503,-0.00016433,-0.00003977,0.00007498,0.00020892,-0.00057421,-0.00019246,0.00034989,0.00056860,-0.00081451,0.00040998,0.00074438,0.00111462,-0.00043656,0.00077622,0.00106817,0.00151502,0.00088936,0.00127850,0.00174562,0.00246633
2007-02-21,full,3929,0.09266183,0.30680909,0.54302564,0.74871484,-0.00018472,-0.00005579,0.00005653,0.00018535,-0.00051294,0.00020738,0.00042905,0.00068761,-0.00072262,0.00043426,0.00073005,0.00109245,0.00048731,0.00091047,0.00124351,0.00167832,0.00094167,0.00132500,0.00176961,0.00251914
2007-03-22,full,3918,0.10029482,0.32057263,0.55444242,0.75049773,-0.00017205,-0.00001370,0.00010086,0.00024318,-0.00051741,0.00022503,0.00043420,0.00068201,-0.00056917,0.00054285,0.00081930,0.00117394,0.00056132,0.00095221,0.00128639,0.00176765,0.00100498,0.00139508,0.00183480,0.00265010
2007-04-23,full,3904,0.12551055,0.37275200,0.60356630,0.77845902,-0.00017702,-0.00001597,0.00011829,0.00026418,-0.00045635,0.00031367,0.00054245,0.00077431,0.00024618,0.00066400,0.00095378,0.00132188,0.00068566,0.00108511,0.00138913,0.00198849,0.00116785,0.00160477,0.00203697,0.00291725
2007-05-22,full,3903,0.16478876,0.44803660,0.67095107,0.82591792,-0.00017019,-0.00003143,0.00011775,0.00029102,-0.00033297,0.00041169,0.00064590,0.00089381,0.00039406,0.00077834,0.00109045,0.00149500,0.00084739,0.00124140,0.00160263,0.00215423,0.00133018,0.00177575,0.00225031,0.00314159
2007-06-21,full,3883,0.16352368,0.46150076,0.68615731,0.83518812,-0.00016648,0.00000266,0.00013751,0.00028564,-0.00034662,0.00043563,0.00063139,0.00088045,0.00043644,0.00083224,0.00116032,0.00156029,0.00087118,0.00126922,0.00163442,0.00217463,0.00141938,0.00189736,0.00241555,0.00335091
2007-07-23,full,3873,0.15919751,0.45430895,0.68155629,0.83713371,-0.00018296,-0.00001811,0.00012213,0.00026345,-0.00042338,0.00036575,0.00057245,0.00087104,0.00033325,0.00078412,0.00109427,0.00148019,0.00087192,0.00125939,0.00164575,0.00230861,0.00142613,0.00191076,0.00245618,0.00334824
2007-08-21,full,3835,0.11948017,0.37075730,0.60969043,0.79322334,-0.00017656,-0.00003247,0.00010326,0.00023951,-0.00050993,-0.00013026,0.00042055,0.00068354,-0.00065173,0.00061987,0.00091752,0.00130356,0.00042672,0.00108988,0.00145588,0.00206725,0.00133594,0.00184585,0.00240125,0.00322365
2007-09-20,full,3865,0.11865299,0.35137244,0.57813079,0.76751948,-0.00018789,-0.00004705,0.00006914,0.00021880,-0.00055872,-0.00023801,0.00039879,0.00068010,-0.00085260,-0.00030721,0.00073273,0.00112588,-0.00084990,0.00084404,0.00127272,0.00191031,0.00113889,0.00166696,0.00229080,0.00313949
2007-10-19,full,3843,0.11617456,0.36628083,0.59077512,0.77317513,-0.00019391,-0.00004669,0.00007167,0.00020835,-0.00053796,-0.00029145,0.00035229,0.00065212,-0.00093245,-0.00050650,0.00069755,0.00110158,-0.00117097,0.00064445,0.00116411,0.00173008,0.00087270,0.00162132,0.00232501,0.00319229
2007-11-19,full,3760,0.12414952,0.37439804,0.59370358,0.77083838,-0.00021471,-0.00007155,0.00006540,0.00021417,-0.00061604,-0.00035513,0.00033787,0.00061750,-0.00095419,-0.00050536,0.00074293,0.00118446,-0.00141019,-0.00065820,0.00107879,0.00173361,-0.00140346,0.00145543,0.00225657,0.00322024
2007-12-19,full,3727,0.11592620,0.36965251,0.59912589,0.77887590,-0.00020526,-0.00005997,0.00005474,0.00020854,-0.00068827,-0.00036249,0.00037235,0.00066030,-0.00110320,-0.00061719,0.00070500,0.00117977,-0.00161532,-0.00100233,0.00089311,0.00161144,-0.00200780,0.00123055,0.00203066,0.00303012
2008-01-22,full,3666,0.11197031,0.36465166,0.59688501,0.77728297,-0.00023022,-0.00007487,0.00004826,0.00020498,-0.00066159,-0.00033528,0.00038202,0.00067724,-0.00128811,-0.00079144,0.00046211,0.00110818,-0.00170684,-0.00116551,0.00082246,0.00156711,-0.00256858,-0.00140253,0.00173194,0.00289746
2008-02-21,full,3683,0.10817670,0.34399306,0.57728959,0.75600280,-0.00020957,-0.00006802,0.00005258,0.00022008,-0.00070839,-0.00044033,0.00025354,0.00059213,-0.00128374,-0.00076545,0.00047959,0.00108258,-0.00193639,-0.00126953,-0.00042720,0.00152175,-0.00278304,-0.00187616,-0.00090583,0.00240018
2008-03-24,full,3631,0.10834721,0.34440794,0.57172234,0.74730257,-0.00024064,-0.00009656,0.00002639,0.00018180,-0.00070387,-0.00044945,0.00020531,0.00061769,-0.00132931,-0.00086475,-0.00044171,0.00100252,-0.00201281,-0.00136631,-0.00096193,0.00135788,-0.00299066,-0.00225293,-0.00156526,0.00181347
2008-04-22,full,3606,0.10229740,0.33764177,0.55063534,0.74226300,-0.00022741,-0.00008016,0.00004339,0.00019770,-0.00078297,-0.00047898,-0.00018129,0.00056382,-0.00134049,-0.00090369,-0.00058448,0.00079334,-0.00209433,-0.00141987,-0.00092153,0.00125600,-0.00312866,-0.00230076,-0.00160164,0.00161940
2008-05-21,full,3592,0.09349486,0.28626088,0.51580295,0.71823764,-0.00023949,-0.00008991,0.00003421,0.00017076,-0.00070489,-0.00044866,-0.00010020,0.00050770,-0.00136664,-0.00092950,-0.00049436,0.00085235,-0.00199442,-0.00134537,-0.00085125,0.00110903,-0.00322162,-0.00228525,-0.00150705,0.00188333
2008-06-20,full,3557,0.07560916,0.26096353,0.49062258,0.70056146,-0.00020837,-0.00007647,0.00003388,0.00016740,-0.00067467,-0.00040843,0.00022987,0.00056975,-0.00125021,-0.00083834,-0.00033933,0.00081791,-0.00193452,-0.00122762,-0.00057526,0.00126250,-0.00300565,-0.00205108,-0.00118303,0.00213112
2008-07-22,full,3474,0.08147441,0.26804733,0.49335780,0.70114198,-0.00021170,-0.00006371,0.00005252,0.00018405,-0.00067580,-0.00043371,0.00022906,0.00057391,-0.00124502,-0.00085105,-0.00041551,0.00086456,-0.00197506,-0.00131367,-0.00065212,0.00132131,-0.00307211,-0.00209330,-0.00099837,0.00240887
2008-08-20,full,3476,0.07184879,0.26549252,0.48882871,0.68548249,-0.00019934,-0.00005246,0.00007093,0.00021574,-0.00064676,-0.00040798,0.00025757,0.00058103,-0.00121156,-0.00077202,0.00038967,0.00098555,-0.00203552,-0.00135408,-0.00072591,0.00130630,-0.00321793,-0.00219864,-0.00097386,0.00235779
2008-09-19,full,3453,0.07004723,0.23904630,0.45844650,0.66803136,-0.00020046,-0.00007410,0.00006023,0.00019227,-0.00060224,-0.00036315,0.00032835,0.00062824,-0.00114181,-0.00067785,0.00056481,0.00099761,-0.00193754,-0.00123328,0.00011899,0.00150056,-0.00298369,-0.00208107,-0.00094968,0.00212942
2008-10-20,full,3138,0.05196870,0.19952724,0.38298878,0.59485279,-0.00019755,-0.00006333,0.00005516,0.00016129,-0.00062286,-0.00036509,0.00028105,0.00056250,-0.00109613,-0.00066264,0.00047826,0.00101632,-0.00171044,-0.00110490,0.00055419,0.00135944,-0.00278211,-0.00191682,-0.00110304,0.00184459
2008-11-18,full,2812,0.04537958,0.18145493,0.36380610,0.56530726,-0.00024862,-0.00007119,0.00005552,0.00022529,-0.00080565,-0.00050636,-0.00014458,0.00051428,-0.00128318,-0.00091010,-0.00049253,0.00086711,-0.00188120,-0.00130695,-0.00071910,0.00118779,-0.00298086,-0.00221454,-0.00140292,0.00143788
2008-12-18,full,2833,0.06386250,0.21550616,0.39485910,0.58073842,-0.00033523,-0.00011830,0.00003701,0.00021753,-0.00100157,-0.00068376,-0.00038212,0.00050776,-0.00183423,-0.00132231,-0.00090055,0.00066578,-0.00250919,-0.00183772,-0.00124109,0.00082458,-0.00352646,-0.00264720,-0.00173661,0.00129291
2009-01-21,full,2776,0.07771223,0.24635705,0.43405316,0.60566554,-0.00029377,-0.00011360,0.00001709,0.00021277,-0.00105564,-0.00072642,-0.00043196,0.00054892,-0.00209184,-0.00145853,-0.00104441,0.00059797,-0.00282901,-0.00210438,-0.00146901,0.00048472,-0.00380351,-0.00288467,-0.00196979,0.00121357
2009-02-20,full,2617,0.08545025,0.29416356,0.48987804,0.65201340,-0.00033725,-0.00014036,0.00001715,0.00020733,-0.00112092,-0.00073784,-0.00042356,0.00057251,-0.00207779,-0.00146095,-0.00107129,0.00070353,-0.00317438,-0.00236580,-0.00183376,-0.00107537,-0.00410099,-0.00313178,-0.00236084,-0.00094221
2009-03-23,full,2610,0.11368121,0.34795728,0.55212753,0.70725957,-0.00038965,-0.00016052,0.00004648,0.00026827,-0.00130817,-0.00093859,-0.00057297,0.00064161,-0.00223214,-0.00165813,-0.00117822,0.00016285,-0.00350304,-0.00275595,-0.00210604,-0.00146205,-0.00470828,-0.00373925,-0.00295385,-0.00212289
2009-04-22,full,2651,0.10705834,0.31508079,0.51554150,0.67646143,-0.00041302,-0.00020111,0.00003838,0.00028541,-0.00127555,-0.00089755,-0.00056217,0.00061794,-0.00238935,-0.00167942,-0.00124806,0.00044100,-0.00328277,-0.00250464,-0.00190916,-0.00118019,-0.00459526,-0.00362033,-0.00284125,-0.00194330
2009-05-21,full,2647,0.06202992,0.20889045,0.37666087,0.55674229,-0.00034871,-0.00016286,0.00002796,0.00026609,-0.00111572,-0.00073446,-0.00041080,0.00056614,-0.00198594,-0.00135515,-0.00092488,0.00067645,-0.00289288,-0.00206317,-0.00148813,0.00068640,-0.00360529,-0.00266498,-0.00190422,0.00171602
2009-06-22,full,2629,0.03128602,0.11653372,0.25421894,0.45668322,-0.00028414,-0.00009607,0.00003914,0.00019708,-0.00082003,-0.00051359,0.00026319,0.00059978,-0.00145411,-0.00097855,-0.00049692,0.00091827,-0.00213374,-0.00139395,-0.00067874,0.00131045,-0.00248226,-0.00148005,0.00158293,0.00285058
2009-07-22,full,2623,0.02380511,0.09461660,0.22233567,0.44429720,-0.00022716,-0.00005875,0.00007094,0.00022164,-0.00069332,-0.00039050,0.00031255,0.00060973,-0.00107049,-0.00051625,0.00070362,0.00124340,-0.00147267,-0.00077546,0.00106536,0.00171055,-0.00185151,0.00098216,0.00216667,0.00337183
2009-08-20,full,2630,0.03501854,0.13187610,0.28971942,0.51127865,-0.00017378,-0.00000991,0.00013994,0.00028696,-0.00049084,0.00035887,0.00064630,0.00095723,-0.00073680,0.00076232,0.00117283,0.00161908,0.00071054,0.00137259,0.00189255,0.00253636,0.00138618,0.00220237,0.00311637,0.00440154
2009-09-21,full,2624,0.11229556,0.33823672,0.51801854,0.70323847,-0.00018502,0.00005988,0.00024655,0.00049177,0.00051350,0.00083937,0.00113090,0.00155217,0.00122740,0.00160265,0.00201289,0.00254398,0.00156295,0.00213451,0.00272970,0.00345017,0.00229917,0.00308956,0.00404960,0.00547079
2009-10-20,full,2608,0.26956089,0.55806101,0.71633105,0.83068291,-0.00008949,0.00025181,0.00050478,0.00088979,0.00090389,0.00126814,0.00161628,0.00216728,0.00154629,0.00208146,0.00261133,0.00343819,0.00209824,0.00276657,0.00337497,0.00426472,0.00275989,0.00362710,0.00450232,0.00585839
2009-11-18,full,2600,0.34298387,0.61939102,0.75702707,0.84967992,-0.00004910,0.00031532,0.00061329,0.00093746,0.00103551,0.00147116,0.00187605,0.00242298,0.00156005,0.00220317,0.00274454,0.00349699,0.00216327,0.00285143,0.00358449,0.00478246,0.00283879,0.00363230,0.00448683,0.00577290
2009-12-18,full,2613,0.37625349,0.63214900,0.76396439,0.84800362,-0.00004732,0.00030228,0.00065008,0.00101588,0.00104588,0.00136950,0.00178439,0.00239866,0.00157426,0.00224610,0.00286334,0.00365061,0.00206129,0.00271613,0.00339873,0.00452636,0.00262967,0.00344581,0.00438983,0.00553345
2010-01-21,full,2658,0.44265478,0.68315415,0.79571261,0.86790667,-0.00006934,0.00036411,0.00072064,0.00112661,0.00122344,0.00154908,0.00206256,0.00270279,0.00160635,0.00220749,0.00275263,0.00367999,0.00207613,0.00275063,0.00349953,0.00447760,0.00266677,0.00345933,0.00430640,0.00547739
2010-02-22,full,2732,0.37859626,0.65204522,0.77781823,0.85905735,-0.00007359,0.00031852,0.00066744,0.00109294,0.00112130,0.00153017,0.00200010,0.00266184,0.00158587,0.00210176,0.00273721,0.00348113,0.00193488,0.00253348,0.00330880,0.00428749,0.00230192,0.00304576,0.00379964,0.00496299
2010-03-23,full,2816,0.32259414,0.62579136,0.77599967,0.85898726,-0.00012613,0.00021422,0.00044789,0.00071548,0.00078741,0.00113742,0.00147543,0.00210131,0.00132024,0.00176916,0.00225427,0.00300537,0.00165326,0.00212876,0.00276312,0.00371973,0.00210885,0.00271929,0.00333597,0.00451475
2010-04-22,full,2879,0.29714343,0.61024789,0.77250884,0.86545749,-0.00021443,0.00011143,0.00034585,0.00058312,0.00068377,0.00098594,0.00129286,0.00169846,0.00118484,0.00151937,0.00194471,0.00254128,0.00152037,0.00198860,0.00256493,0.00336335,0.00198005,0.00250285,0.00308429,0.00420514
2010-05-21,full,2899,0.28289522,0.59436065,0.76417568,0.85901474,-0.00021998,0.00010033,0.00031884,0.00059579,0.00061807,0.00090244,0.00116563,0.00151881,0.00108211,0.00143415,0.00186032,0.00240989,0.00152828,0.00192531,0.00243351,0.00315704,0.00187573,0.00239596,0.00300443,0.00402969
2010-06-22,full,2920,0.22068352,0.51084175,0.69778425,0.82157094,-0.00017896,0.00007739,0.00029223,0.00051053,0.00044262,0.00071206,0.00093804,0.00127550,0.00093030,0.00125311,0.00159082,0.00207434,0.00133194,0.00167054,0.00219300,0.00285150,0.00175041,0.00226499,0.00294519,0.00391899
2010-07-22,full,2931,0.14054163,0.40261219,0.62331051,0.77640839,-0.00022649,-0.00002925,0.00013451,0.00031921,-0.00030973,0.00049709,0.00070152,0.00096349,0.00053426,0.00093280,0.00123942,0.00166561,0.00093110,0.00132802,0.00172096,0.00235356,0.00146914,0.00195350,0.00253503,0.00345903
2010-08-20,full,2926,0.10905220,0.33990643,0.57835101,0.75486337,-0.00021679,-0.00004468,0.00009839,0.00024492,-0.00049003,0.00036010,0.00054825,0.00082187,0.00038438,0.00080274,0.00105649,0.00145965,0.00082232,0.00120494,0.00159493,0.00217837,0.00126387,0.00179275,0.00236709,0.00312645
2010-09-21,full,2963,0.09459633,0.30747752,0.53181539,0.72933920,-0.00017007,-0.00002692,0.00010928,0.00025118,-0.00051362,0.00025765,0.00046450,0.00071999,-0.00073001,0.00062902,0.00090883,0.00128084,0.00062283,0.00103157,0.00143713,0.00199004,0.00113490,0.00161949,0.00213344,0.00284131
2010-10-20,full,2977,0.09252375,0.30806223,0.53797373,0.74144170,-0.00019137,-0.00004037,0.00010967,0.00023150,-0.00052144,0.00026535,0.00049142,0.00071448,-0.00075429,0.00063921,0.00091727,0.00131171,0.00065141,0.00103149,0.00145245,0.00200370,0.00114349,0.00162104,0.00216795,0.00284502
2010-11-18,full,2979,0.08872369,0.31668718,0.54073128,0.74339818,-0.00018718,-0.00004123,0.00008770,0.00022045,-0.00049165,0.00030481,0.00051296,0.00074476,-0.00048789,0.00067149,0.00094225,0.00128450,0.00061183,0.00104183,0.00139295,0.00196428,0.00114896,0.00166307,0.00219937,0.00285161
2010-12-20,full,2992,0.08866993,0.31870263,0.54674436,0.74593116,-0.00018226,-0.00001429,0.00009973,0.00025180,-0.00051894,0.00031044,0.00052070,0.00076536,-0.00066461,0.00067498,0.00097371,0.00133419,0.00074248,0.00111345,0.00145688,0.00196704,0.00118631,0.00166039,0.00217744,0.00293006
2011-01-20,full,3017,0.11115036,0.34799488,0.58385670,0.76888885,-0.00021010,-0.00003276,0.00011854,0.00029058,-0.00046685,0.00041415,0.00060045,0.00083807,0.00054123,0.00086294,0.00114980,0.00154637,0.00087889,0.00125420,0.00163229,0.00207463,0.00135147,0.00180072,0.00235253,0.00324780
2011-02-18,full,3031,0.11921826,0.36177700,0.60333431,0.77264950,-0.00020390,-0.00002419,0.00014172,0.00030838,-0.00035830,0.00048766,0.00069009,0.00093593,0.00059159,0.00089942,0.00119845,0.00161914,0.00098002,0.00132842,0.00177312,0.00231440,0.00129687,0.00180788,0.00238049,0.00327132
2011-03-22,full,3023,0.15683709,0.42682494,0.63952482,0.78826171,-0.00017040,0.00003550,0.00019357,0.00037274,0.00033158,0.00057062,0.00079885,0.00109660,0.00074491,0.00104799,0.00138312,0.00186922,0.00106970,0.00146762,0.00191290,0.00250931,0.00133624,0.00190962,0.00245723,0.00348802
2011-04-20,full,3020,0.25727332,0.54919901,0.72595307,0.83226657,-0.00014169,0.00011385,0.00029967,0.00048723,0.00049646,0.00075668,0.00101831,0.00132593,0.00090344,0.00123467,0.00162033,0.00209482,0.00122087,0.00165134,0.00221249,0.00274055,0.00155331,0.00210495,0.00271614,0.00368465
2011-05-20,full,3015,0.37696526,0.66035147,0.79832476,0.88201384,-0.00012103,0.00019348,0.00044399,0.00068146,0.00064291,0.00091555,0.00118755,0.00163322,0.00108453,0.00143218,0.00182689,0.00247406,0.00136338,0.00179509,0.00228537,0.00303406,0.00174129,0.00230906,0.00284878,0.00382452
2011-06-21,full,2992,0.34207672,0.62061116,0.77405217,0.86971912,-0.00011386,0.00016177,0.00040753,0.00066786,0.00064576,0.00090569,0.00116811,0.00160727,0.00101380,0.00132016,0.00176525,0.00233384,0.00130055,0.00175935,0.00230119,0.00295379,0.00167105,0.00215251,0.00269087,0.00357151
2011-07-21,full,2995,0.25710211,0.56131094,0.73720793,0.85301117,-0.00018499,0.00009732,0.00029616,0.00050995,0.00052392,0.00076776,0.00098856,0.00135976,0.00087835,0.00122250,0.00158736,0.00210839,0.00116138,0.00156201,0.00206297,0.00264509,0.00150951,0.00200724,0.00257971,0.00343369
2011-08-19,full,2931,0.12789092,0.37162026,0.58658397,0.76989312,-0.00018977,0.00002113,0.00016160,0.00033353,-0.00029492,0.00049599,0.00069633,0.00097845,0.00058309,0.00094838,0.00126340,0.00165785,0.00093966,0.00128856,0.00163177,0.00213547,0.00133242,0.00191136,0.00247536,0.00328022
2011-09-20,full,2957,0.05973060,0.21859535,0.43780392,0.67549500,-0.00016143,-0.00004755,0.00006418,0.00019106,-0.00048192,-0.00011669,0.00039911,0.00059889,-0.00070534,0.00048280,0.00078516,0.00106156,-0.00051473,0.00082443,0.00123292,0.00174868,0.00088154,0.00136227,0.00193012,0.00272635
2011-10-19,full,2952,0.05287883,0.19843501,0.40637735,0.62631390,-0.00016437,-0.00004259,0.00006426,0.00017716,-0.00055489,-0.00031734,0.00027391,0.00050139,-0.00091461,-0.00053449,0.00045544,0.00080378,-0.00136427,-0.00077801,0.00076791,0.00134251,-0.00164566,0.00086593,0.00142451,0.00210334
2011-11-17,full,2956,0.06178009,0.22733390,0.42630436,0.63403306,-0.00016366,-0.00003904,0.00007039,0.00016993,-0.00059335,-0.00035194,0.00022169,0.00046192,-0.00098533,-0.00066236,0.00039442,0.00077216,-0.00157157,-0.00104939,0.00048197,0.00112363,-0.00211628,-0.00097877,0.00118973,0.00196229
2011-12-19,full,2930,0.06941154,0.24802826,0.45801747,0.65952470,-0.00016623,-0.00003854,0.00006180,0.00017135,-0.00058949,-0.00038517,0.00019699,0.00043936,-0.00101610,-0.00068381,0.00030754,0.00081085,-0.00159135,-0.00117445,0.00031593,0.00111090,-0.00250681,-0.00166574,0.00086805,0.00174189
2012-01-20,full,2965,0.06223856,0.22718110,0.43958043,0.66065144,-0.00016806,-0.00004967,0.00005452,0.00015400,-0.00059277,-0.00038605,0.00022779,0.00046434,-0.00101988,-0.00068620,0.00024091,0.00077591,-0.00158367,-0.00105458,0.00050470,0.00112574,-0.00263963,-0.00158552,0.00097313,0.00174508
2012-02-21,full,2973,0.04526333,0.17506367,0.38289039,0.62247733,-0.00016867,-0.00005055,0.00004947,0.00015455,-0.00051201,-0.00032412,0.00024888,0.00041296,-0.00087560,-0.00051148,0.00047108,0.00078558,-0.00157081,-0.00094578,0.00067016,0.00110190,-0.00231167,0.00072678,0.00136167,0.00209001
2012-03-21,full,2973,0.03784521,0.16021705,0.35478958,0.60710042,-0.00015836,-0.00002627,0.00006611,0.00016543,-0.00045471,-0.00021545,0.00031471,0.00048816,-0.00084565,-0.00027827,0.00057927,0.00083136,-0.00129451,0.00053606,0.00091737,0.00126509,-0.00154063,0.00099353,0.00156029,0.00229984
2012-04-20,full,2964,0.05178891,0.19580080,0.39627577,0.63807516,-0.00014625,-0.00002059,0.00008592,0.00022014,-0.00047594,0.00025139,0.00041941,0.00059515,-0.00073868,0.00054943,0.00076897,0.00105918,-0.00059403,0.00081393,0.00112778,0.00150836,0.00074774,0.00135428,0.00179648,0.00259240
2012-05-21,full,2938,0.09028074,0.26799831,0.48323869,0.68562392,-0.00018338,-0.00000945,0.00013587,0.00027763,-0.00055377,0.00036656,0.00057959,0.00078868,0.00034174,0.00073136,0.00098102,0.00131160,0.00065995,0.00108235,0.00135596,0.00174766,0.00106127,0.00151405,0.00200507,0.00276627
2012-06-20,full,2921,0.10140942,0.31196728,0.51893760,0.70590564,-0.00020354,0.00000413,0.00013628,0.00029587,-0.00048867,0.00041825,0.00062592,0.00085192,0.00045603,0.00083592,0.00110449,0.00140763,0.00075557,0.00113277,0.00147923,0.00189504,0.00108149,0.00153996,0.00200820,0.00283380
2012-07-20,full,2907,0.14431590,0.39524349,0.61392252,0.77851474,-0.00020582,0.00002210,0.00016947,0.00034485,0.00022133,0.00056052,0.00074988,0.00100602,0.00057651,0.00094683,0.00123766,0.00163481,0.00090377,0.00130369,0.00162955,0.00209124,0.00126001,0.00174370,0.00218894,0.00298774
2012-08-20,full,2903,0.14298832,0.41911190,0.64560709,0.80748288,-0.00018487,0.00002966,0.00018536,0.00035223,-0.00037033,0.00054522,0.00074685,0.00099365,0.00057025,0.00091693,0.00124235,0.00160899,0.00091791,0.00132497,0.00171247,0.00219346,0.00130566,0.00171722,0.00218520,0.00288307
2012-09-19,full,2929,0.13289806,0.39171044,0.63419375,0.80860173,-0.00020729,-0.00000664,0.00014836,0.00034372,-0.00043464,0.00047610,0.00067426,0.00092088,0.00046146,0.00083033,0.00116425,0.00148093,0.00084327,0.00123508,0.00158958,0.00214677,0.00127790,0.00171420,0.00216426,0.00288866
2012-10-18,full,2924,0.11921438,0.37023218,0.62528350,0.80794341,-0.00020405,-0.00003440,0.00011428,0.00026443,-0.00060837,0.00034735,0.00052307,0.00073956,0.00025264,0.00066375,0.00094058,0.00131994,0.00066736,0.00104983,0.00137756,0.00184758,0.00117905,0.00162386,0.00208267,0.00280614
2012-11-20,full,2905,0.10301789,0.35385050,0.58934806,0.78393218,-0.00019992,-0.00004037,0.00011500,0.00023840,-0.00052949,0.00025717,0.00045689,0.00067984,-0.00073564,0.00057288,0.00082759,0.00120387,0.00064396,0.00094930,0.00127971,0.00175086,0.00112637,0.00159087,0.00198594,0.00270459
2012-12-20,full,2943,0.09797919,0.32449518,0.57343932,0.76135809,-0.00019896,-0.00004512,0.00006769,0.00019365,-0.00051992,0.00015729,0.00037951,0.00059297,-0.00075983,0.00048240,0.00074857,0.00105838,-0.00055538,0.00079166,0.00110278,0.00153261,0.00094126,0.00137171,0.00179854,0.00254727
2013-01-23,full,2962,0.08780596,0.31740238,0.55581949,0.76097572,-0.00017145,-0.00001512,0.00007807,0.00020305,-0.00045401,0.00020079,0.00038039,0.00060635,-0.00084510,0.00042870,0.00067347,0.00099403,0.00036346,0.00079395,0.00107564,0.00151871,0.00091035,0.00130881,0.00173866,0.00247299
2013-02-22,full,2961,0.10891983,0.33056213,0.58910812,0.77158742,-0.00016837,-0.00001836,0.00008589,0.00022597,-0.00048740,0.00028224,0.00050959,0.00072206,-0.00045478,0.00055207,0.00081114,0.00116965,0.00061241,0.00091333,0.00123921,0.00173091,0.00104162,0.00143079,0.00187069,0.00253974
2013-03-25,full,2971,0.14013367,0.41457947,0.64047015,0.80658992,-0.00017655,0.00000914,0.00015104,0.00030506,-0.00035606,0.00041305,0.00058316,0.00083637,0.00045862,0.00076824,0.00104189,0.00144039,0.00079081,0.00110410,0.00143892,0.00190560,0.00121399,0.00161226,0.00205149,0.00284005
2013-04-24,full,2961,0.20424469,0.50358549,0.71612218,0.84354631,-0.00016824,0.00004378,0.00019027,0.00037922,0.00028347,0.00049592,0.00071901,0.00101016,0.00066626,0.00091481,0.00120215,0.00161688,0.00101350,0.00131595,0.00165500,0.00210682,0.00138000,0.00176528,0.00222494,0.00304777
2013-05-23,full,2988,0.25156286,0.59405964,0.77096029,0.87456294,-0.00019786,0.00004228,0.00021894,0.00042001,0.00037496,0.00058812,0.00081177,0.00114647,0.00086046,0.00108808,0.00138713,0.00181583,0.00110399,0.00142527,0.00181031,0.00232704,0.00155664,0.00193956,0.00238905,0.00308305
2013-06-24,full,2990,0.26947036,0.60673295,0.77215131,0.87060783,-0.00025862,0.00001933,0.00021237,0.00041069,0.00039205,0.00063901,0.00085414,0.00125960,0.00081618,0.00105755,0.00137185,0.00192046,0.00115771,0.00147325,0.00180631,0.00239367,0.00155814,0.00192593,0.00235728,0.00304246
2013-07-24,full,3000,0.32530733,0.63018081,0.77994799,0.87556691,-0.00019504,0.00008823,0.00028850,0.00047165,0.00044580,0.00070209,0.00095303,0.00132056,0.00084201,0.00108384,0.00143730,0.00200250,0.00112134,0.00147196,0.00182940,0.00247106,0.00157526,0.00198227,0.00241821,0.00302093
2013-08-22,full,3026,0.34920605,0.64113468,0.78856984,0.87881373,-0.00017952,0.00013379,0.00032833,0.00055489,0.00053790,0.00074560,0.00096729,0.00129475,0.00088595,0.00113732,0.00147846,0.00209309,0.00116353,0.00153609,0.00191568,0.00261068,0.00158895,0.00200406,0.00237820,0.00312115
2013-09-23,full,3038,0.35210720,0.63510243,0.78791620,0.87846070,-0.00017357,0.00012596,0.00030325,0.00055076,0.00055415,0.00075416,0.00097105,0.00132942,0.00088122,0.00115054,0.00150020,0.00206758,0.00119398,0.00152281,0.00194450,0.00253594,0.00166113,0.00206524,0.00251448,0.00324939
2013-10-22,full,3038,0.34774770,0.65750975,0.80628452,0.89217610,-0.00017771,0.00014535,0.00033855,0.00054935,0.00051563,0.00072876,0.00096184,0.00128970,0.00092316,0.00119982,0.00155392,0.00215316,0.00123227,0.00152799,0.00199026,0.00269294,0.00169711,0.00211491,0.00259417,0.00340595
2013-11-20,full,3056,0.32016448,0.64059753,0.79824676,0.88990134,-0.00019815,0.00009111,0.00028094,0.00047676,0.00048130,0.00070421,0.00095636,0.00129517,0.00083987,0.00112240,0.00141875,0.00209936,0.00126644,0.00157374,0.00200203,0.00274756,0.00162528,0.00203765,0.00248690,0.00322486
2013-12-20,full,3078,0.28658119,0.61504284,0.78671954,0.88134774,-0.00020710,0.00002114,0.00020256,0.00039663,0.00038685,0.00063684,0.00083580,0.00125764,0.00077380,0.00101562,0.00138226,0.00192894,0.00120157,0.00149525,0.00196366,0.00264591,0.00156102,0.00192735,0.00236380,0.00313876
2014-01-23,full,3102,0.27472399,0.60000705,0.77913121,0.88122314,-0.00021507,-0.00001549,0.00016475,0.00035324,0.00033522,0.00057215,0.00083508,0.00124975,0.00074422,0.00104243,0.00136213,0.00197300,0.00112216,0.00145390,0.00186443,0.00254759,0.00156924,0.00193628,0.00236563,0.00316947
2014-02-24,full,3116,0.24597993,0.55749660,0.74723286,0.86288545,-0.00023671,-0.00002066,0.00015947,0.00034069,0.00024974,0.00053667,0.00075835,0.00109753,0.00069214,0.00099477,0.00131794,0.00180658,0.00108383,0.00140575,0.00180192,0.00248380,0.00151615,0.00187885,0.00240842,0.00314021
2014-03-25,full,3155,0.22788347,0.53536558,0.74657579,0.85962330,-0.00022395,-0.00000491,0.00016582,0.00033844,-0.00025956,0.00049450,0.00072490,0.00105237,0.00068107,0.00097636,0.00125467,0.00175642,0.00108582,0.00140531,0.00177059,0.00249315,0.00152843,0.00190902,0.00236952,0.00318763
2014-04-24,full,3167,0.18667649,0.49572938,0.71896207,0.84291329,-0.00019343,-0.00000955,0.00015859,0.00031767,-0.00029948,0.00041893,0.00064261,0.00095317,0.00061475,0.00086702,0.00113969,0.00161094,0.00100803,0.00133099,0.00170798,0.00227420,0.00141593,0.00182409,0.00229854,0.00321522
2014-05-23,full,3174,0.16633693,0.45652971,0.66708375,0.81219407,-0.00017803,0.00000594,0.00013181,0.00027591,-0.00028789,0.00040211,0.00057160,0.00089687,0.00051129,0.00075174,0.00099773,0.00138928,0.00085676,0.00118103,0.00154758,0.00212943,0.00124401,0.00164249,0.00206940,0.00290403
2014-06-24,full,3199,0.15592681,0.42536784,0.64073019,0.80360054,-0.00017772,-0.00001673,0.00012037,0.00027260,-0.00041903,0.00034637,0.00053116,0.00080411,0.00046465,0.00068560,0.00092189,0.00135550,0.00078515,0.00105300,0.00142065,0.00197095,0.00114526,0.00148280,0.00194738,0.00274842
2014-07-24,full,3231,0.15892900,0.42102995,0.63944078,0.80462526,-0.00019378,-0.00003191,0.00011713,0.00025532,-0.00041283,0.00033705,0.00049328,0.00076280,0.00038419,0.00067951,0.00089581,0.00138308,0.00072263,0.00098429,0.00129673,0.00192953,0.00109053,0.00139300,0.00182064,0.00265342
2014-08-22,full,3248,0.13803826,0.37290612,0.61381214,0.78639749,-0.00017506,-0.00002554,0.00009640,0.00023167,-0.00047010,0.00027873,0.00045140,0.00067696,-0.00025061,0.00059147,0.00084913,0.00123146,0.00058748,0.00091590,0.00122927,0.00175529,0.00098000,0.00126842,0.00169190,0.00248052
2014-09-23,full,3258,0.10887085,0.34114958,0.58462404,0.77190800,-0.00016377,-0.00003063,0.00009239,0.00020036,-0.00041607,0.00022849,0.00038154,0.00064070,-0.00063522,0.00048534,0.00071678,0.00107585,0.00035026,0.00078319,0.00111455,0.00159227,0.00089395,0.00119854,0.00164016,0.00240098
2014-10-22,full,3245,0.08860417,0.29112470,0.51895892,0.71868996,-0.00014266,-0.00003686,0.00007208,0.00016976,-0.00039362,0.00009101,0.00031385,0.00053264,-0.00065523,0.00036367,0.00061479,0.00095328,-0.00084998,0.00062661,0.00090708,0.00141064,0.00062408,0.00098312,0.00138063,0.00206092
2014-11-20,full,3255,0.08351354,0.28305141,0.51699537,0.72220446,-0.00013440,-0.00002476,0.00007480,0.00016189,-0.00038948,0.00013246,0.00030253,0.00052365,-0.00064916,0.00036177,0.00055501,0.00089114,-0.00098968,0.00056586,0.00082450,0.00137510,0.00054267,0.00096873,0.00131400,0.00197000
2014-12-22,full,3248,0.08510822,0.28994869,0.52406529,0.72873656,-0.00014581,-0.00003069,0.00006174,0.00017201,-0.00043871,-0.00014155,0.00030847,0.00050518,-0.00076706,0.00032165,0.00055242,0.00084503,-0.00103540,0.00057886,0.00081392,0.00130564,0.00052123,0.00094316,0.00128415,0.00197149
2015-01-23,full,3256,0.10302925,0.32950997,0.56075848,0.75232986,-0.00018654,-0.00005256,0.00006418,0.00017833,-0.00053073,-0.00016885,0.00033370,0.00053586,-0.00090209,0.00035674,0.00058656,0.00093756,-0.00107653,0.00063959,0.00088503,0.00137638,0.00067582,0.00105978,0.00138498,0.00205966
2015-02-24,full,3263,0.11467211,0.35706518,0.58595270,0.76493617,-0.00019357,-0.00006390,0.00005576,0.00018455,-0.00056815,-0.00011852,0.00038082,0.00059570,-0.00090557,0.00035322,0.00060823,0.00093443,-0.00108147,0.00066864,0.00097461,0.00148285,0.00066847,0.00107751,0.00140322,0.00209519
2015-03-25,full,3259,0.14151657,0.40850651,0.63788644,0.79100461,-0.00019995,-0.00004337,0.00008600,0.00020783,-0.00055826,0.00022361,0.00042881,0.00071264,-0.00086582,0.00050763,0.00075009,0.00114558,-0.00107243,0.00080417,0.00109743,0.00162110,0.00083734,0.00120588,0.00167417,0.00245525
2015-04-24,full,3286,0.16277308,0.45260776,0.67065077,0.81180802,-0.00020449,-0.00005987,0.00010573,0.00023828,-0.00062252,0.00024751,0.00044360,0.00074049,-0.00077162,0.00056757,0.00087419,0.00126592,-0.00094575,0.00087595,0.00115611,0.00170939,0.00093508,0.00131615,0.00185043,0.00264573
2015-05-26,full,3288,0.16048947,0.44085760,0.65164948,0.79909979,-0.00021064,-0.00004968,0.00009440,0.00024571,-0.00058526,0.00023730,0.00044802,0.00073267,-0.00088632,0.00056536,0.00080291,0.00120207,0.00029556,0.00088921,0.00117798,0.00180312,0.00095710,0.00132406,0.00184013,0.00268108
2015-06-24,full,3294,0.16331449,0.42571660,0.64119956,0.79433090,-0.00023376,-0.00003735,0.00009801,0.00024105,-0.00050847,0.00027783,0.00048092,0.00070446,-0.00082251,0.00056010,0.00080939,0.00119879,0.00043717,0.00090901,0.00121032,0.00175151,0.00099198,0.00143619,0.00194742,0.00274817
2015-07-24,full,3262,0.14853197,0.42851082,0.64735721,0.80671455,-0.00018414,-0.00001006,0.00012916,0.00026777,-0.00054242,0.00028695,0.00048615,0.00071622,-0.00077137,0.00056520,0.00083813,0.00122146,0.00052295,0.00088426,0.00124012,0.00190094,0.00106560,0.00148999,0.00201421,0.00289248
2015-08-24,full,3224,0.12231388,0.38734087,0.62424615,0.79504141,-0.00016235,-0.00002072,0.00010340,0.00024088,-0.00052137,0.00027982,0.00043904,0.00068652,-0.00084861,0.00048476,0.00075829,0.00110707,0.00013895,0.00086800,0.00121965,0.00178900,0.00100273,0.00144057,0.00190882,0.00287972
2015-09-23,full,3261,0.09213142,0.32075633,0.57007801,0.75704162,-0.00017121,-0.00003831,0.00007230,0.00021196,-0.00049683,-0.00019090,0.00033386,0.00055730,-0.00087772,0.00040792,0.00067940,0.00105516,-0.00103928,0.00075610,0.00109156,0.00169485,0.00081632,0.00132261,0.00185527,0.00285324
2015-10-22,full,3274,0.08765096,0.30713009,0.54823759,0.73719718,-0.00020251,-0.00006181,0.00004696,0.00015810,-0.00057813,-0.00031225,0.00025871,0.00049910,-0.00092217,-0.00034074,0.00057138,0.00094642,-0.00129152,0.00036789,0.00082062,0.00139284,-0.00132451,0.00100211,0.00148661,0.00241426
2015-11-20,full,3239,0.09393526,0.30996319,0.53586599,0.73589312,-0.00019269,-0.00005344,0.00005183,0.00017651,-0.00055605,-0.00031061,0.00025450,0.00050354,-0.00102403,-0.00050372,0.00053308,0.00093561,-0.00138003,-0.00061344,0.00076796,0.00125479,-0.00161818,0.00084958,0.00133411,0.00208146
2015-12-22,full,3223,0.10050377,0.32094863,0.55346667,0.74390931,-0.00020078,-0.00004357,0.00006192,0.00018164,-0.00062743,-0.00030509,0.00028150,0.00057561,-0.00106013,-0.00061497,0.00046339,0.00084912,-0.00156028,-0.00074375,0.00072298,0.00126991,-0.00197028,0.00071993,0.00124271,0.00188521
2016-01-25,full,3143,0.09319123,0.32098770,0.55647495,0.74120241,-0.00020075,-0.00007556,0.00005155,0.00017552,-0.00057716,-0.00030086,0.00028592,0.00049502,-0.00110072,-0.00069631,0.00042417,0.00082173,-0.00173570,-0.00096517,0.00066043,0.00116213,-0.00250073,-0.00133521,0.00097944,0.00161692
2016-02-24,full,3133,0.10366917,0.33425017,0.55466461,0.74040104,-0.00023490,-0.00007570,0.00002696,0.00016779,-0.00069438,-0.00038797,0.00026850,0.00052859,-0.00114938,-0.00071195,0.00041962,0.00086070,-0.00182581,-0.00117957,-0.00048734,0.00098177,-0.00303328,-0.00210035,-0.00132766,0.00114167
2016-03-24,full,3151,0.09709439,0.32238513,0.53184176,0.71332721,-0.00020708,-0.00007677,0.00005161,0.00019247,-0.00067372,-0.00042655,0.00020080,0.00047375,-0.00122099,-0.00079820,0.00035361,0.00076211,-0.00179058,-0.00124963,-0.00048826,0.00093188,-0.00302597,-0.00206642,-0.00121381,0.00118786
2016-04-25,full,3194,0.07969993,0.27808441,0.48811767,0.68345785,-0.00019205,-0.00007858,0.00004254,0.00016023,-0.00066480,-0.00040605,0.00022809,0.00045404,-0.00126130,-0.00078902,0.00031026,0.00069045,-0.00181859,-0.00125640,0.00031192,0.00094952,-0.00272568,-0.00166232,0.00085375,0.00145596
2016-05-24,full,3180,0.06322579,0.23767546,0.44582507,0.65924145,-0.00019097,-0.00006355,0.00005467,0.00015753,-0.00061891,-0.00035688,0.00021224,0.00043767,-0.00107885,-0.00069249,0.00038472,0.00070315,-0.00179184,-0.00121979,0.00055445,0.00097644,-0.00227624,-0.00107564,0.00106946,0.00159201
2016-06-23,full,3181,0.05857186,0.22041206,0.43452530,0.64200768,-0.00017852,-0.00005639,0.00005710,0.00017332,-0.00057590,-0.00030050,0.00029167,0.00047745,-0.00103262,-0.00053554,0.00048360,0.00082532,-0.00146818,-0.00071354,0.00073378,0.00116250,-0.00188620,0.00080829,0.00127825,0.00178813
2016-07-25,full,3167,0.06605827,0.24082251,0.45292441,0.66811997,-0.00017050,-0.00003575,0.00007351,0.00020198,-0.00057270,-0.00026743,0.00033266,0.00055863,-0.00096548,0.00031809,0.00059960,0.00090176,-0.00124913,0.00063499,0.00095097,0.00139840,0.00059930,0.00111231,0.00146689,0.00205505
2016-08-23,full,3169,0.07430122,0.26792740,0.49687160,0.71240600,-0.00017971,-0.00002875,0.00008486,0.00021712,-0.00060942,0.00013671,0.00041099,0.00067250,-0.00093030,0.00049726,0.00074569,0.00110132,0.00038795,0.00081843,0.00111471,0.00159307,0.00104167,0.00134912,0.00168656,0.00234657
2016-09-22,full,3162,0.08912050,0.29415358,0.52013717,0.72333513,-0.00019847,-0.00004390,0.00010495,0.00023553,-0.00057275,0.00026614,0.00048198,0.00079191,-0.00059024,0.00061900,0.00087174,0.00126858,0.00062746,0.00096625,0.00127692,0.00186069,0.00105256,0.00140279,0.00179294,0.00253880
2016-10-21,full,3160,0.10786493,0.33993522,0.55809807,0.73265262,-0.00021991,-0.00004783,0.00010485,0.00027720,-0.00042436,0.00035130,0.00057080,0.00083361,0.00035057,0.00068417,0.00097025,0.00138849,0.00073612,0.00106148,0.00144390,0.00205679,0.00107142,0.00145269,0.00186875,0.00279320
2016-11-21,full,3130,0.14504537,0.40255303,0.60393506,0.75286055,-0.00019563,0.00000446,0.00015117,0.00031932,-0.00033619,0.00047487,0.00063270,0.00094040,0.00058071,0.00081176,0.00106776,0.00154511,0.00081681,0.00113412,0.00149263,0.00209431,0.00124453,0.00163913,0.00211197,0.00312372
2016-12-21,full,3112,0.20783472,0.48762681,0.67784914,0.80698441,-0.00019165,0.00004313,0.00023486,0.00043287,0.00040069,0.00064123,0.00083762,0.00118649,0.00076262,0.00098971,0.00129882,0.00174780,0.00106213,0.00139510,0.00166667,0.00226214,0.00158722,0.00200100,0.00249821,0.00337433
2017-01-24,full,3111,0.22831244,0.52366050,0.71913919,0.84262767,-0.00021931,0.00006545,0.00022759,0.00041565,0.00044064,0.00066001,0.00087197,0.00117691,0.00081855,0.00110080,0.00143711,0.00193443,0.00117398,0.00155051,0.00190954,0.00249851,0.00166918,0.00210190,0.00255732,0.00323992
2017-02-23,full,3115,0.20517216,0.51629659,0.71981219,0.84522612,-0.00019321,0.00003508,0.00020011,0.00038572,0.00026420,0.00053513,0.00076266,0.00116545,0.00070885,0.00101947,0.00131878,0.00180851,0.00110356,0.00146889,0.00182483,0.00248592,0.00161280,0.00205740,0.00248149,0.00303802
2017-03-24,full,3111,0.20278717,0.51101135,0.71918154,0.84195113,-0.00020898,-0.00000713,0.00015210,0.00035307,0.00025097,0.00051992,0.00076490,0.00110691,0.00066939,0.00096348,0.00130200,0.00178576,0.00109580,0.00150008,0.00189331,0.00247123,0.00159354,0.00204463,0.00245672,0.00300920
2017-04-25,full,3108,0.19650310,0.51172077,0.72152545,0.83633760,-0.00018268,-0.00000139,0.00017328,0.00036989,-0.00025240,0.00050612,0.00072213,0.00104973,0.00063825,0.00094295,0.00126751,0.00174932,0.00106966,0.00148010,0.00186769,0.00237505,0.00154598,0.00200382,0.00243399,0.00299970
2017-05-24,full,3111,0.19888255,0.48787562,0.69587912,0.83052356,-0.00021043,-0.00000112,0.00015816,0.00032582,-0.00044035,0.00046734,0.00069990,0.00102060,0.00063054,0.00093989,0.00122118,0.00171098,0.00099116,0.00141913,0.00183315,0.00226190,0.00152562,0.00198143,0.00237158,0.00296842
2017-06-23,full,3116,0.18511491,0.47031863,0.67499802,0.82365883,-0.00022267,0.00000193,0.00016536,0.00035764,-0.00038643,0.00049203,0.00073741,0.00103710,0.00062365,0.00088521,0.00115689,0.00169239,0.00091882,0.00133994,0.00171755,0.00218121,0.00143652,0.00191171,0.00235665,0.00298072
2017-07-25,full,3136,0.17234556,0.46696905,0.66917045,0.81652005,-0.00021870,0.00000185,0.00018099,0.00033096,-0.00039647,0.00048253,0.00067937,0.00099201,0.00051511,0.00088266,0.00117197,0.00160328,0.00087533,0.00122633,0.00157950,0.00205722,0.00133383,0.00174888,0.00226324,0.00298872
2017-08-23,full,3137,0.17173633,0.44081291,0.65850299,0.81253951,-0.00020691,0.00001314,0.00018000,0.00033291,-0.00040623,0.00042471,0.00069717,0.00095787,0.00050044,0.00083774,0.00112109,0.00149465,0.00081856,0.00116617,0.00152939,0.00194964,0.00120892,0.00160821,0.00212056,0.00288693
2017-09-22,full,3141,0.13705005,0.41316617,0.63734902,0.81478114,-0.00017049,-0.00000332,0.00013146,0.00028089,-0.00052383,0.00039744,0.00058969,0.00080531,0.00034184,0.00077900,0.00108503,0.00142505,0.00077791,0.00111059,0.00143868,0.00194002,0.00115054,0.00155111,0.00201752,0.00286528
2017-10-23,full,3117,0.11625443,0.40900409,0.65291761,0.82765195,-0.00018544,-0.00004392,0.00010647,0.00023637,-0.00045781,0.00036735,0.00052075,0.00074074,-0.00076984,0.00071031,0.00096542,0.00134109,0.00069416,0.00108301,0.00141419,0.00198532,0.00113144,0.00154400,0.00200350,0.00292596
2017-11-21,full,3106,0.13922130,0.39618965,0.65329842,0.82796492,-0.00016765,-0.00002426,0.00010892,0.00024080,-0.00054856,0.00019159,0.00039886,0.00062627,-0.00066430,0.00057832,0.00086632,0.00129139,-0.00080128,0.00090928,0.00123966,0.00181752,0.00107978,0.00146154,0.00194979,0.00270764
2017-12-21,full,3111,0.13966794,0.41187360,0.63760939,0.81523612,-0.00015988,-0.00002103,0.00009391,0.00025424,-0.00055915,0.00027601,0.00045143,0.00072301,-0.00087282,0.00055315,0.00084246,0.00128700,0.00058360,0.00093402,0.00130098,0.00193838,0.00112280,0.00149336,0.00197646,0.00272136
2018-01-24,full,3122,0.14434041,0.42287007,0.64529344,0.81450747,-0.00021383,-0.00003527,0.00009045,0.00023998,-0.00058678,0.00025996,0.00047476,0.00074287,-0.00069753,0.00063514,0.00085475,0.00132826,0.00072767,0.00099110,0.00135288,0.00203095,0.00120564,0.00156743,0.00201705,0.00279562
2018-02-23,full,3127,0.14246252,0.40946940,0.64395211,0.81328873,-0.00021020,-0.00005497,0.00007137,0.00022242,-0.00054223,0.00028223,0.00046703,0.00075766,0.00006330,0.00065990,0.00087633,0.00131455,0.00075869,0.00105293,0.00143846,0.00209540,0.00124458,0.00162138,0.00204121,0.00283249
2018-03-26,full,3116,0.12586539,0.40660786,0.64618368,0.81599677,-0.00018998,-0.00004066,0.00010499,0.00022792,-0.00047807,0.00028152,0.00047011,0.00075190,-0.00051365,0.00063568,0.00090851,0.00134646,0.00076965,0.00107910,0.00145994,0.00219305,0.00127126,0.00163532,0.00206146,0.00288585
2018-04-25,full,3124,0.13278236,0.39100658,0.63101841,0.80682673,-0.00015267,-0.00002710,0.00009866,0.00020999,-0.00044365,0.00028078,0.00046118,0.00068170,-0.00064353,0.00059114,0.00087711,0.00128247,0.00071747,0.00103704,0.00138715,0.00205133,0.00121074,0.00163622,0.00211064,0.00297571
2018-05-24,full,3141,0.12948677,0.38650779,0.62244770,0.79984189,-0.00015683,-0.00002465,0.00010237,0.00022648,-0.00046744,0.00025702,0.00045933,0.00072179,-0.00062925,0.00056156,0.00087551,0.00127749,0.00068573,0.00102822,0.00135368,0.00201845,0.00119622,0.00168030,0.00219008,0.00309599
2018-06-25,full,3149,0.12394469,0.37881574,0.62606807,0.80483479,-0.00017578,-0.00003931,0.00008303,0.00021838,-0.00047545,0.00023662,0.00044847,0.00070698,-0.00056809,0.00060802,0.00090404,0.00139877,0.00063050,0.00100558,0.00138903,0.00206031,0.00123877,0.00172925,0.00223866,0.00322158
2018-07-25,full,3147,0.11586082,0.38250318,0.62232901,0.80321867,-0.00017886,-0.00003988,0.00008414,0.00020422,-0.00049049,0.00021020,0.00042067,0.00065921,-0.00050685,0.00063613,0.00093084,0.00139750,0.00071103,0.00103451,0.00138120,0.00212056,0.00128696,0.00175406,0.00223271,0.00319934
2018-08-23,full,3148,0.11230679,0.37058557,0.60650355,0.79640478,-0.00018562,-0.00005194,0.00006918,0.00018748,-0.00051658,0.00019652,0.00039831,0.00065913,-0.00051160,0.00059556,0.00086367,0.00138069,0.00066057,0.00099570,0.00136023,0.00212222,0.00128617,0.00179832,0.00224883,0.00322684
2018-09-24,full,3169,0.11316606,0.36599497,0.59725365,0.78248482,-0.00018251,-0.00003478,0.00007874,0.00018594,-0.00050570,0.00016902,0.00039069,0.00059657,-0.00048548,0.00057055,0.00084476,0.00133033,0.00042238,0.00089181,0.00134568,0.00205792,0.00113320,0.00172265,0.00230633,0.00327809
2018-10-23,full,3150,0.10549578,0.32490863,0.57431526,0.76147307,-0.00016252,-0.00003199,0.00007778,0.00018867,-0.00045119,0.00023255,0.00040624,0.00061640,-0.00066811,0.00047419,0.00070720,0.00114937,-0.00064196,0.00087781,0.00127759,0.00191575,0.00100628,0.00168076,0.00228399,0.00332079
2018-11-21,full,3126,0.07974385,0.29077275,0.52118160,0.72634540,-0.00014896,-0.00001932,0.00007194,0.00017602,-0.00043616,-0.00019614,0.00035029,0.00057058,-0.00076122,0.00040983,0.00068205,0.00106954,-0.00101468,0.00071001,0.00115278,0.00179451,-0.00120110,0.00128291,0.00197844,0.00312225
2018-12-24,full,3023,0.08378776,0.26574265,0.49645488,0.70615050,-0.00017967,-0.00003891,0.00006091,0.00019315,-0.00050313,-0.00027403,0.00031218,0.00057528,-0.00083968,-0.00035790,0.00063383,0.00109077,-0.00123786,0.00007708,0.00092531,0.00152209,-0.00172571,0.00075891,0.00156548,0.00266748
2019-01-25,full,3096,0.07593458,0.26363211,0.47976957,0.69089683,-0.00020566,-0.00006247,0.00004775,0.00018498,-0.00054528,-0.00032453,0.00034027,0.00056733,-0.00098623,-0.00060506,0.00044867,0.00088768,-0.00137431,-0.00080270,0.00079514,0.00144976,-0.00209758,-0.00119012,0.00107859,0.00221911
2019-02-26,full,3118,0.07503783,0.26561693,0.48059317,0.67516319,-0.00018685,-0.00007349,0.00004753,0.00017180,-0.00055337,-0.00033662,0.00028160,0.00055563,-0.00101612,-0.00066692,0.00042972,0.00085734,-0.00151882,-0.00102022,0.00058977,0.00120294,-0.00211502,-0.00072137,0.00114901,0.00216333
2019-03-27,full,3115,0.07676596,0.25905482,0.46704843,0.66743893,-0.00018283,-0.00006539,0.00005339,0.00017362,-0.00058633,-0.00036554,0.00026153,0.00050470,-0.00103118,-0.00069029,0.00024613,0.00078952,-0.00163772,-0.00110324,0.00054493,0.00114643,-0.00188142,0.00018460,0.00119021,0.00221757
2019-04-26,full,3125,0.07313408,0.25380244,0.46766170,0.66126285,-0.00018851,-0.00005779,0.00006471,0.00019565,-0.00057339,-0.00033324,0.00026461,0.00050663,-0.00115644,-0.00075133,-0.00036318,0.00075476,-0.00151680,-0.00097353,0.00059212,0.00115180,-0.00186814,-0.00066104,0.00111483,0.00198268
2019-05-28,full,3090,0.06990730,0.24748475,0.45382815,0.66961418,-0.00018679,-0.00006063,0.00006745,0.00018647,-0.00057502,-0.00034594,0.00028117,0.00049748,-0.00106554,-0.00065773,0.00029335,0.00077987,-0.00143096,-0.00096656,0.00054034,0.00120257,-0.00191773,-0.00066526,0.00114605,0.00195472
2019-06-26,full,3082,0.07590562,0.24311541,0.45551485,0.67804785,-0.00018439,-0.00004860,0.00007592,0.00019756,-0.00059355,-0.00033471,0.00030604,0.00051257,-0.00097963,-0.00059003,0.00044881,0.00086703,-0.00153020,-0.00094897,0.00055369,0.00128929,-0.00198128,0.00024679,0.00121706,0.00206314
2019-07-26,full,3089,0.07054194,0.24625929,0.46223504,0.68872806,-0.00018119,-0.00006827,0.00003692,0.00017689,-0.00052281,-0.00028004,0.00032686,0.00057835,-0.00090993,-0.00054840,0.00056131,0.00091715,-0.00138857,-0.00079129,0.00086277,0.00146339,-0.00199212,0.00078778,0.00138284,0.00220023
2019-08-26,full,3049,0.07459030,0.26387982,0.48627302,0.71775957,-0.00016504,-0.00004187,0.00007776,0.00019220,-0.00053855,-0.00031219,0.00029705,0.00053226,-0.00087922,-0.00039956,0.00066533,0.00101894,-0.00130645,0.00052010,0.00109315,0.00159852,-0.00197348,0.00104748,0.00155774,0.00238761
2019-09-25,full,3058,0.08349394,0.30354576,0.54515032,0.76280975,-0.00017043,-0.00004076,0.00006376,0.00018806,-0.00050543,-0.00023614,0.00039632,0.00062070,-0.00091272,0.00035937,0.00075565,0.00117875,-0.00140539,0.00079165,0.00122464,0.00182413,0.00026374,0.00130755,0.00177539,0.00261631
2019-10-24,full,3035,0.11238226,0.35787310,0.58264276,0.78341596,-0.00019292,-0.00003539,0.00009634,0.00023474,-0.00053914,0.00025086,0.00042631,0.00067959,-0.00098266,0.00051096,0.00080232,0.00124736,-0.00142148,0.00083665,0.00125901,0.00179570,0.00086170,0.00143736,0.00187109,0.00259409
2019-11-22,full,3009,0.12607832,0.36347804,0.59453526,0.77921592,-0.00019801,-0.00002115,0.00010532,0.00027671,-0.00060454,0.00026813,0.00045732,0.00070477,-0.00102931,0.00054187,0.00078721,0.00122170,-0.00069138,0.00096273,0.00126634,0.00175690,0.00105225,0.00150777,0.00192252,0.00259652
2019-12-24,full,3026,0.11737690,0.35465623,0.59091145,0.77659088,-0.00021188,-0.00004572,0.00011996,0.00023953,-0.00063371,0.00025991,0.00045578,0.00067511,-0.00104305,0.00052722,0.00079924,0.00119302,0.00059288,0.00099123,0.00129577,0.00184864,0.00096938,0.00144111,0.00181766,0.00250472
2020-01-27,full,3038,0.11594234,0.34468615,0.58541223,0.77604761,-0.00021133,-0.00004905,0.00008400,0.00023990,-0.00062259,0.00017529,0.00040192,0.00064215,-0.00085115,0.00048671,0.00074721,0.00116405,0.00043203,0.00086698,0.00114647,0.00177112,0.00088368,0.00128498,0.00167274,0.00237735
2020-02-26,full,3020,0.11506856,0.36233416,0.58759497,0.77607879,-0.00018138,-0.00003161,0.00009037,0.00022592,-0.00063634,0.00023599,0.00044910,0.00071568,-0.00072925,0.00053562,0.00079028,0.00116150,0.00046662,0.00082669,0.00115591,0.00169288,0.00093806,0.00132913,0.00172623,0.00246342
2020-03-26,full,2875,0.02706144,0.12273878,0.28593087,0.52627406,-0.00013462,-0.00004167,0.00003766,0.00013563,-0.00043655,-0.00026386,0.00026141,0.00042180,-0.00077799,-0.00035579,0.00054726,0.00081575,-0.00129294,-0.00043969,0.00089887,0.00131683,-0.00142923,0.00108237,0.00160713,0.00243413
2020-04-27,full,2902,0.03370013,0.12877036,0.27876198,0.49717603,-0.00017493,-0.00005113,0.00004787,0.00017248,-0.00060115,-0.00043686,-0.00023181,0.00038753,-0.00100443,-0.00075909,-0.00049197,0.00063703,-0.00155803,-0.00102253,0.00059751,0.00118347,-0.00218165,0.00012837,0.00145383,0.00250243
2020-05-27,full,2962,0.04364509,0.16374170,0.31444605,0.51339506,-0.00022481,-0.00010626,0.00001982,0.00016834,-0.00070392,-0.00047413,-0.00014684,0.00049259,-0.00126202,-0.00094237,-0.00063382,0.00068825,-0.00178244,-0.00130018,-0.00061767,0.00115734,-0.00217516,0.00012501,0.00166304,0.00286280
2020-06-25,full,2947,0.04800632,0.17280778,0.32783950,0.51508195,-0.00022495,-0.00008057,0.00005379,0.00018943,-0.00071888,-0.00049873,-0.00019594,0.00056486,-0.00120677,-0.00089858,-0.00051237,0.00085800,-0.00178960,-0.00133258,-0.00050813,0.00134876,-0.00193175,0.00116075,0.00202070,0.00339783
2020-07-27,full,2969,0.05406331,0.20289766,0.37083650,0.56596846,-0.00024645,-0.00008593,0.00004535,0.00021463,-0.00076762,-0.00053346,-0.00017850,0.00064917,-0.00130106,-0.00087674,0.00053399,0.00105999,-0.00182076,-0.00131797,0.00077003,0.00176629,-0.00165348,0.00173679,0.00259430,0.00420888
2020-08-25,full,2983,0.05768972,0.21016329,0.40721196,0.60405188,-0.00026486,-0.00010331,0.00004570,0.00026556,-0.00078593,-0.00050099,0.00039707,0.00078132,-0.00139374,-0.00088648,0.00064841,0.00122101,-0.00173365,-0.00110751,0.00114817,0.00217283,0.00020213,0.00217186,0.00319578,0.00474818
2020-09-24,full,2971,0.05531158,0.21529272,0.42271903,0.62988803,-0.00027145,-0.00011493,0.00005369,0.00026115,-0.00077831,-0.00046010,0.00049690,0.00087711,-0.00133146,-0.00075404,0.00088941,0.00155178,-0.00165877,-0.00076429,0.00137259,0.00226725,0.00133044,0.00253986,0.00346838,0.00519546
2020-10-23,full,2985,0.05822401,0.21234434,0.42486984,0.64332428,-0.00024283,-0.00007457,0.00009716,0.00026610,-0.00070350,-0.00033336,0.00055965,0.00089421,-0.00125579,-0.00073297,0.00097941,0.00163953,-0.00152738,0.00086975,0.00168067,0.00256766,0.00149071,0.00263832,0.00371629,0.00535312
2020-11-23,full,2997,0.05536063,0.19839043,0.41027296,0.63998695,-0.00023631,-0.00005489,0.00008404,0.00026256,-0.00070265,-0.00033881,0.00053614,0.00089477,-0.00104786,0.00073857,0.00119282,0.00168415,0.00022094,0.00139140,0.00201530,0.00279832,0.00186704,0.00292772,0.00399232,0.00558787
2020-12-23,full,3019,0.06629253,0.24580792,0.47739457,0.67831665,-0.00022321,-0.00003230,0.00014762,0.00033768,-0.00052370,0.00051928,0.00076156,0.00108337,0.00079095,0.00124324,0.00157585,0.00209570,0.00141833,0.00196029,0.00260577,0.00334484,0.00239523,0.00325632,0.00426360,0.00593059
2021-01-26,full,3033,0.20127641,0.43931614,0.61700814,0.76351585,-0.00002383,0.00027953,0.00049831,0.00080131,0.00076166,0.00110070,0.00139136,0.00186542,0.00128560,0.00168939,0.00215499,0.00277773,0.00190186,0.00252620,0.00316087,0.00402657,0.00277073,0.00373050,0.00476960,0.00650526
2021-02-25,full,3048,0.45071197,0.66001558,0.78101749,0.86624268,0.00015520,0.00058286,0.00097104,0.00143266,0.00117995,0.00164100,0.00205328,0.00268100,0.00176195,0.00225021,0.00277963,0.00368942,0.00224945,0.00298212,0.00364784,0.00469052,0.00315504,0.00406613,0.00507067,0.00683054
2021-03-26,full,3086,0.50894135,0.73254894,0.82812485,0.89824085,0.00002917,0.00048415,0.00092285,0.00152448,0.00121216,0.00171371,0.00231961,0.00310426,0.00184018,0.00239435,0.00297789,0.00395769,0.00232437,0.00290570,0.00363939,0.00496397,0.00309125,0.00388262,0.00484494,0.00626127
2021-04-27,full,3133,0.50426803,0.73788620,0.83220079,0.89973350,-0.00003564,0.00036078,0.00072546,0.00125278,0.00114917,0.00167548,0.00231812,0.00339863,0.00172976,0.00224396,0.00284508,0.00380285,0.00220185,0.00282537,0.00350479,0.00463416,0.00281090,0.00354122,0.00446514,0.00570303
2021-05-26,full,3182,0.47983180,0.72428643,0.83173964,0.89605449,-0.00011968,0.00030457,0.00069677,0.00114056,0.00113449,0.00161721,0.00222490,0.00325927,0.00164103,0.00217774,0.00302728,0.00413829,0.00202955,0.00266979,0.00334038,0.00446148,0.00264889,0.00329535,0.00398850,0.00509126
2021-06-25,full,3230,0.46670600,0.73319380,0.84446312,0.90584551,-0.00022338,0.00024737,0.00064099,0.00127017,0.00106514,0.00152547,0.00224466,0.00337449,0.00154958,0.00207836,0.00272062,0.00392616,0.00208171,0.00270911,0.00336661,0.00437341,0.00269975,0.00330062,0.00400625,0.00506615
2021-07-27,full,3285,0.40024347,0.69272712,0.81107455,0.88521982,-0.00021205,0.00015576,0.00048954,0.00106724,0.00092511,0.00141427,0.00201348,0.00311086,0.00140724,0.00188879,0.00250214,0.00349171,0.00188602,0.00253424,0.00321192,0.00414708,0.00247285,0.00310640,0.00382019,0.00503505
2021-08-25,full,3337,0.33287396,0.62902138,0.77195090,0.86294555,-0.00023466,0.00009760,0.00043015,0.00098012,0.00072578,0.00125879,0.00181978,0.00259838,0.00135751,0.00185910,0.00240798,0.00334520,0.00162254,0.00220785,0.00289367,0.00377660,0.00221356,0.00280751,0.00355178,0.00469214
2021-09-24,full,3430,0.23148016,0.52385264,0.70639401,0.83311025,-0.00026278,0.00004935,0.00030131,0.00071305,0.00054882,0.00099272,0.00140499,0.00208934,0.00105887,0.00154285,0.00199181,0.00271045,0.00147392,0.00199307,0.00256244,0.00344471,0.00189018,0.00250242,0.00314845,0.00446063
2021-10-25,full,3496,0.16033545,0.42633775,0.64462422,0.80271425,-0.00023522,-0.00000885,0.00018706,0.00045505,-0.00045279,0.00061884,0.00096208,0.00147736,0.00069202,0.00114266,0.00159009,0.00220280,0.00117997,0.00165536,0.00212693,0.00280757,0.00174226,0.00218981,0.00278016,0.00406618
2021-11-23,full,3542,0.13758778,0.38811161,0.62127235,0.79698746,-0.00026126,-0.00003385,0.00014227,0.00037320,-0.00070653,0.00033866,0.00063339,0.00102401,-0.00055459,0.00081857,0.00114539,0.00171188,0.00093761,0.00135489,0.00171732,0.00243560,0.00153405,0.00195546,0.00248177,0.00375772
2021-12-23,full,3582,0.11870303,0.35724115,0.59189435,0.76621883,-0.00021822,-0.00003853,0.00012049,0.00030123,-0.00063542,-0.00008600,0.00051685,0.00085238,-0.00113387,0.00048952,0.00087606,0.00128478,-0.00113251,0.00106635,0.00144797,0.00207681,0.00128826,0.00172746,0.00219078,0.00328261
2022-01-25,full,3574,0.10667055,0.34305527,0.56695416,0.74654552,-0.00016638,-0.00002978,0.00005485,0.00021856,-0.00061931,-0.00015303,0.00039008,0.00062514,-0.00094224,0.00040496,0.00081358,0.00124952,-0.00154610,0.00086327,0.00122112,0.00181615,0.00090235,0.00151782,0.00192843,0.00289083
2022-02-24,full,3664,0.10611752,0.30645149,0.52283123,0.72030058,-0.00017904,-0.00002015,0.00006807,0.00020965,-0.00050814,-0.00010786,0.00029032,0.00059862,-0.00089714,-0.00006137,0.00060757,0.00113698,-0.00144565,0.00057282,0.00095062,0.00146802,-0.00211236,0.00109309,0.00157150,0.00259175
2022-03-25,full,3705,0.08255469,0.27514800,0.49003842,0.70431054,-0.00015051,-0.00001638,0.00003160,0.00016351,-0.00051271,-0.00006440,0.00029922,0.00058395,-0.00090489,-0.00029332,0.00054395,0.00092479,-0.00144122,-0.00013669,0.00084511,0.00133409,-0.00259855,0.00010962,0.00141284,0.00243819
2022-04-26,full,3655,0.07572581,0.26039526,0.48796852,0.70443340,-0.00015331,-0.00002251,0.00004580,0.00019403,-0.00054490,-0.00021107,0.00027220,0.00051793,-0.00084140,0.00003059,0.00055136,0.00092231,-0.00149803,-0.00066706,0.00075357,0.00135419,-0.00268759,0.00005892,0.00119744,0.00236854
2022-05-25,full,3648,0.07880507,0.26980517,0.49927563,0.70603683,-0.00015750,-0.00002098,0.00005561,0.00018426,-0.00058133,-0.00026142,0.00025725,0.00049478,-0.00106583,-0.00055609,0.00039967,0.00085595,-0.00155912,-0.00068510,0.00072536,0.00137496,-0.00346400,-0.00178939,0.00011774,0.00189944
2022-06-27,full,3629,0.08491648,0.29112729,0.52318338,0.72807703,-0.00017956,-0.00004306,0.00005486,0.00019770,-0.00057881,-0.00031966,0.00022453,0.00052359,-0.00115149,-0.00065976,0.00026921,0.00082406,-0.00200121,-0.00110989,0.00006062,0.00116466,-0.00386654,-0.00219941,0.00007966,0.00184252
2022-07-27,full,3676,0.09598713,0.31970391,0.54572237,0.73889075,-0.00022287,-0.00005767,0.00004758,0.00018175,-0.00067183,-0.00041932,0.00007381,0.00051611,-0.00132018,-0.00082260,0.00003239,0.00069572,-0.00219600,-0.00129980,0.00004949,0.00100487,-0.00393532,-0.00234431,-0.00108538,0.00120571
2022-08-25,full,3707,0.09746199,0.29978431,0.52910181,0.71483267,-0.00021288,-0.00005660,0.00005527,0.00021640,-0.00074058,-0.00044027,0.00002332,0.00045792,-0.00130082,-0.00087595,-0.00046801,0.00066623,-0.00206539,-0.00123414,0.00005110,0.00102076,-0.00355362,-0.00211251,0.00006773,0.00132027
2022-09-26,full,3657,0.09797734,0.30962076,0.52822569,0.71870621,-0.00025401,-0.00008476,0.00001257,0.00015602,-0.00070803,-0.00041305,0.00002844,0.00050019,-0.00138696,-0.00084810,-0.00053178,0.00061941,-0.00178723,-0.00126088,0.00004492,0.00101267,-0.00317485,-0.00192788,0.00006999,0.00116941
2022-10-25,full,3687,0.10565808,0.33265890,0.57215852,0.75398115,-0.00025870,-0.00008303,0.00002824,0.00020043,-0.00079764,-0.00049464,-0.00003261,0.00048617,-0.00142999,-0.00091819,-0.00052590,0.00071858,-0.00197206,-0.00136864,-0.00074590,0.00102432,-0.00317463,-0.00203031,0.00006840,0.00012127
2022-11-23,full,3695,0.09654618,0.31124618,0.55779962,0.75493492,-0.00024838,-0.00009009,0.00003472,0.00020459,-0.00073019,-0.00045043,0.00017093,0.00059064,-0.00126990,-0.00087957,-0.00019447,0.00083668,-0.00200257,-0.00134026,0.00008308,0.00134356,-0.00281129,-0.00158086,0.00010250,0.00014831
2022-12-23,full,3597,0.08433926,0.29740057,0.52882052,0.74991946,-0.00021863,-0.00006554,0.00005854,0.00021626,-0.00067400,-0.00039376,0.00036794,0.00068178,-0.00129854,-0.00082106,0.00033779,0.00107764,-0.00189045,-0.00122928,0.00010012,0.00156346,-0.00251780,0.00009657,0.00012832,0.00017983
2023-01-26,full,3628,0.08304082,0.27105531,0.51616902,0.73548175,-0.00021784,-0.00004478,0.00010300,0.00024321,-0.00059809,-0.00032280,0.00039225,0.00067733,-0.00112173,-0.00066068,0.00064115,0.00111853,-0.00176517,-0.00101237,0.00065356,0.00161576,-0.00207307,0.00013196,0.00016352,0.00149104
2023-02-27,full,3586,0.07675661,0.25607995,0.47993833,0.71787724,-0.00022483,-0.00007059,0.00009233,0.00023401,-0.00060498,-0.00026689,0.00040347,0.00066623,-0.00102880,-0.00040851,0.00077140,0.00116943,-0.00152240,0.00013678,0.00105694,0.00174083,0.00014236,0.00017485,0.00020873,0.00200127
2023-03-28,full,3481,0.07110230,0.24783929,0.48283580,0.71456266,-0.00020795,-0.00005946,0.00008391,0.00021619,-0.00055877,-0.00019000,0.00042507,0.00070199,-0.00097453,-0.00039190,0.00078257,0.00115405,-0.00113387,0.00086704,0.00130247,0.00185781,0.00017239,0.00020627,0.00028008,0.00235274
2023-04-27,full,3455,0.07458546,0.26396388,0.51417696,0.74322893,-0.00018354,-0.00004112,0.00010348,0.00022349,-0.00057332,-0.00022854,0.00040798,0.00063935,-0.00090408,0.00056037,0.00086600,0.00130652,-0.00100947,0.00104976,0.00149773,0.00208435,0.00021097,0.00024667,0.00123076,0.00261033
2023-05-26,full,3424,0.08139575,0.28411721,0.52487130,0.74946861,-0.00023707,-0.00007501,0.00006419,0.00021401,-0.00067624,-0.00035346,0.00043349,0.00068308,-0.00099125,0.00050595,0.00087488,0.00129256,-0.00130963,0.00096295,0.00145684,0.00206885,0.00023790,0.00027439,0.00127680,0.00260424
2023-06-28,full,3401,0.09082206,0.29594225,0.54538809,0.75919580,-0.00022077,-0.00006195,0.00010327,0.00024915,-0.00066435,-0.00030384,0.00046494,0.00074408,-0.00109639,0.00018706,0.00084774,0.00128366,-0.00143087,0.00093272,0.00146510,0.00209017,0.00025470,0.00029706,0.00149716,0.00266619
2023-07-28,full,3387,0.09872753,0.31056381,0.55558459,0.75958760,-0.00022542,-0.00004090,0.00011484,0.00027229,-0.00057184,-0.00021503,0.00051338,0.00076684,-0.00108886,-0.00035752,0.00085859,0.00128837,-0.00154736,0.00089314,0.00143969,0.00208502,0.00026964,0.00032262,0.00166981,0.00279918
2023-08-28,full,3347,0.10844417,0.33131440,0.57159422,0.78611420,-0.00021171,-0.00004645,0.00009932,0.00026306,-0.00061634,0.00026714,0.00049336,0.00076780,-0.00120642,0.00005751,0.00091685,0.00131041,-0.00105594,0.00116208,0.00160757,0.00224254,0.00029718,0.00040361,0.00198716,0.00302263
2023-09-27,full,3308,0.09682999,0.34197175,0.57399499,0.78794323,-0.00021675,-0.00006960,0.00008129,0.00021662,-0.00066889,-0.00029745,0.00049873,0.00079813,-0.00115146,0.00047956,0.00089949,0.00132636,-0.00105092,0.00110080,0.00157243,0.00229669,0.00030052,0.00041766,0.00201965,0.00288877
2023-10-26,full,3248,0.09698295,0.31648427,0.54861636,0.76057454,-0.00020199,-0.00003137,0.00009561,0.00024624,-0.00067278,-0.00038180,0.00037295,0.00065449,-0.00111856,-0.00053655,0.00082312,0.00127576,-0.00144633,0.00050930,0.00127785,0.00196736,0.00023995,0.00035606,0.00160275,0.00259002
2023-11-27,full,3244,0.09508679,0.30583063,0.54382237,0.75379224,-0.00020937,-0.00007889,0.00007935,0.00026492,-0.00064211,-0.00038291,0.00035540,0.00065067,-0.00117008,-0.00063728,0.00063810,0.00116819,-0.00151720,-0.00060066,0.00121579,0.00183887,0.00018082,0.00031354,0.00131082,0.00237986
2023-12-27,full,3227,0.07527585,0.25838300,0.50061413,0.74206074,-0.00021075,-0.00007335,0.00005580,0.00020172,-0.00059272,-0.00032601,0.00034095,0.00060341,-0.00110135,-0.00061247,0.00061281,0.00108064,-0.00138872,0.00051213,0.00126741,0.00181331,0.00019998,0.00034203,0.00160963,0.00260039
2024-01-29,full,3201,0.06516882,0.24544213,0.49778716,0.73610815,-0.00016564,-0.00005814,0.00008002,0.00021335,-0.00057247,-0.00027673,0.00038478,0.00064009,-0.00091278,0.00010125,0.00076597,0.00112076,-0.00120680,0.00077455,0.00130677,0.00186883,0.00023071,0.00042943,0.00171571,0.00260913
2024-02-28,full,3181,0.08994944,0.30780989,0.55591637,0.76510862,-0.00020636,-0.00003885,0.00009199,0.00024126,-0.00052100,0.00031106,0.00053511,0.00076287,-0.00088541,0.00061103,0.00091426,0.00132223,-0.00083784,0.00106610,0.00149607,0.00206340,0.00027691,0.00136226,0.00206730,0.00281341
2024-03-28,full,3168,0.12405646,0.35877880,0.59355700,0.78696280,-0.00022525,-0.00003846,0.00013220,0.00029411,-0.00060995,0.00037888,0.00058403,0.00093298,-0.00075426,0.00075291,0.00105813,0.00147118,0.00022362,0.00118053,0.00159787,0.00223500,0.00030656,0.00161289,0.00218108,0.00294215
2024-04-29,full,3137,0.12591311,0.37071267,0.59363409,0.78877257,-0.00022488,-0.00003585,0.00013424,0.00030281,-0.00055955,0.00037169,0.00059678,0.00090780,-0.00077823,0.00081446,0.00110300,0.00159747,0.00072241,0.00122375,0.00162930,0.00222392,0.00028140,0.00163101,0.00221305,0.00297013
2024-05-29,full,3128,0.11106586,0.35661983,0.59309994,0.78136915,-0.00021088,-0.00004137,0.00010112,0.00024387,-0.00046795,0.00037304,0.00058414,0.00085226,-0.00070959,0.00080174,0.00107589,0.00160199,0.00063574,0.00122658,0.00161301,0.00221851,0.00027473,0.00156410,0.00218258,0.00300484
2024-06-28,full,3099,0.11125700,0.35017095,0.58621961,0.77458370,-0.00017987,-0.00002129,0.00011394,0.00026891,-0.00057603,0.00035910,0.00055805,0.00082168,-0.00053982,0.00077654,0.00106397,0.00158647,0.00065321,0.00124940,0.00163384,0.00243722,0.00025742,0.00150064,0.00220816,0.00316219
2024-07-30,full,3104,0.13237975,0.38023816,0.61962372,0.79262554,-0.00021547,-0.00002487,0.00014199,0.00030899,-0.00052441,0.00042392,0.00064018,0.00096374,0.00014115,0.00085811,0.00113190,0.00167674,0.00083156,0.00130098,0.00168459,0.00236503,0.00033671,0.00169391,0.00235509,0.00328055
2024-08-28,full,3076,0.14806454,0.42389583,0.65060663,0.80756840,-0.00024686,-0.00003832,0.00014062,0.00037798,-0.00052744,0.00046500,0.00069692,0.00100202,0.00060273,0.00099535,0.00126019,0.00177971,0.00095352,0.00135782,0.00181361,0.00246077,0.00106806,0.00174802,0.00238003,0.00326107
2024-09-27,full,3072,0.15446651,0.44832234,0.66003583,0.82140783,-0.00024657,0.00002602,0.00019047,0.00036136,-0.00052189,0.00052119,0.00077425,0.00109902,0.00063986,0.00101266,0.00134044,0.00186266,0.00093360,0.00139688,0.00180481,0.00255252,0.00132015,0.00185026,0.00238556,0.00330590
2024-10-28,full,3072,0.15453821,0.41897803,0.64925899,0.81870548,-0.00024178,-0.00000351,0.00018986,0.00035442,-0.00058670,0.00047378,0.00072405,0.00108617,0.00039516,0.00089828,0.00124615,0.00172230,0.00088336,0.00130720,0.00169875,0.00249369,0.00121831,0.00179027,0.00227246,0.00310492
2024-11-26,full,3044,0.15143522,0.42228050,0.64234408,0.80503478,-0.00022348,-0.00000169,0.00016289,0.00037169,-0.00055384,0.00045259,0.00070927,0.00110228,-0.00078989,0.00085371,0.00117836,0.00170829,0.00065916,0.00120374,0.00163515,0.00225514,0.00116918,0.00171528,0.00216615,0.00303537
2024-12-27,full,3015,0.15798384,0.43547315,0.64923131,0.80624130,-0.00025709,-0.00002433,0.00013724,0.00032767,-0.00072698,0.00038513,0.00069030,0.00110751,-0.00081970,0.00088714,0.00121258,0.00183065,0.00084791,0.00133261,0.00173145,0.00234946,0.00126325,0.00182450,0.00232792,0.00317484
2025-01-30,full,3021,0.16666748,0.44254523,0.65536303,0.81224479,-0.00024799,-0.00005824,0.00012495,0.00035846,-0.00071431,0.00033492,0.00064525,0.00099873,-0.00093679,0.00083891,0.00117722,0.00172570,0.00089278,0.00135315,0.00177496,0.00260272,0.00134520,0.00191865,0.00242107,0.00325291
2025-03-03,full,2974,0.15524239,0.44136629,0.67282563,0.81406188,-0.00025608,-0.00002375,0.00015913,0.00033274,-0.00068932,0.00031028,0.00059017,0.00095669,-0.00091005,0.00080967,0.00115218,0.00171737,0.00080332,0.00131789,0.00175715,0.00270211,0.00135084,0.00193843,0.00244723,0.00326859
2025-04-01,full,2951,0.13212830,0.39776993,0.62774634,0.77718869,-0.00024314,-0.00002845,0.00013563,0.00032409,-0.00075507,0.00022438,0.00055018,0.00087473,-0.00083150,0.00080314,0.00118248,0.00177784,0.00063696,0.00124972,0.00163933,0.00224374,0.00043303,0.00167665,0.00228399,0.00336770
2025-05-01,full,2931,0.10287682,0.31321433,0.51861957,0.72696029,-0.00025924,-0.00004681,0.00010342,0.00025708,-0.00062899,0.00028269,0.00051188,0.00081945,-0.00096728,0.00058557,0.00097308,0.00138747,-0.00132360,0.00091310,0.00142336,0.00199345,-0.00171728,0.00130446,0.00207145,0.00341817
2025-06-02,full,2937,0.09500960,0.27771744,0.50409081,0.71778091,-0.00023671,-0.00005955,0.00010206,0.00025881,-0.00062113,0.00025293,0.00047064,0.00078814,-0.00097222,0.00055446,0.00087971,0.00129353,-0.00145424,0.00074490,0.00133216,0.00199998,-0.00187762,0.00118336,0.00195492,0.00323097
2025-07-02,full,2955,0.06698411,0.25735802,0.48055210,0.71219478,-0.00017732,-0.00004640,0.00008291,0.00020095,-0.00054598,-0.00021196,0.00039219,0.00062338,-0.00098903,-0.00034800,0.00078058,0.00119499,-0.00160778,0.00058981,0.00125863,0.00203950,-0.00199958,0.00093454,0.00174560,0.00304121
2025-08-01,full,2956,0.06771999,0.25188862,0.47864060,0.70611414,-0.00017658,-0.00004136,0.00006330,0.00017933,-0.00053670,-0.00022870,0.00038611,0.00065373,-0.00099652,-0.00043056,0.00075060,0.00122268,-0.00145029,0.00060750,0.00123648,0.00198359,-0.00178730,0.00097568,0.00185196,0.00304537
2025-09-02,full,2972,0.07204325,0.24649642,0.46478549,0.69467395,-0.00017065,-0.00004273,0.00006934,0.00021793,-0.00061796,-0.00026804,0.00037433,0.00062064,-0.00101760,-0.00042358,0.00073831,0.00119334,-0.00139916,0.00068617,0.00128149,0.00209443,-0.00156466,0.00113155,0.00204759,0.00332021
2025-10-01,full,2978,0.07525223,0.24973047,0.45772347,0.68490552,-0.00019090,-0.00005100,0.00007706,0.00020897,-0.00063351,-0.00028976,0.00037154,0.00067547,-0.00088334,0.00041747,0.00082247,0.00130608,-0.00128190,0.00077436,0.00137540,0.00224011,-0.00096651,0.00126468,0.00207065,0.00340699
2025-10-30,full,2978,0.08274306,0.26369427,0.49285431,0.70204710,-0.00023071,-0.00006587,0.00007434,0.00022472,-0.00050941,0.00010804,0.00042666,0.00071937,-0.00082777,0.00050422,0.00090237,0.00143651,-0.00120128,0.00083923,0.00144171,0.00250793,0.00020867,0.00132460,0.00238485,0.00385107
2025-12-01,full,2971,0.08797519,0.29864126,0.52600752,0.73338848,-0.00019808,-0.00003911,0.00011056,0.00024440,-0.00051486,0.00025120,0.00047309,0.00076022,-0.00079977,0.00060846,0.00099686,0.00166224,-0.00097265,0.00107312,0.00168537,0.00268924,0.00020217,0.00132486,0.00254918,0.00397138
1963-07-02,top500,500,0.57400221,0.76339036,0.83577993,0.89077317,0.00016404,0.00047828,0.00064537,0.00085485,0.00083612,0.00098384,0.00114736,0.00136489,0.00097792,0.00113474,0.00138106,0.00171076,0.00120455,0.00145012,0.00166328,0.00202139,0.00153681,0.00178482,0.00196566,0.00230850
1963-08-01,top500,500,0.54936857,0.73064411,0.81961255,0.88995770,0.00010874,0.00036664,0.00060701,0.00083318,0.00078108,0.00088914,0.00104722,0.00124893,0.00094581,0.00116703,0.00139471,0.00162895,0.00115045,0.00138900,0.00164454,0.00190367,0.00157878,0.00179085,0.00202805,0.00238444
1963-08-30,top500,500,0.55039155,0.70778174,0.81384509,0.89469061,0.00013176,0.00037745,0.00055814,0.00073650,0.00070028,0.00085144,0.00102631,0.00129132,0.00092579,0.00112652,0.00130924,0.00152395,0.00117450,0.00149620,0.00169445,0.00195645,0.00155791,0.00174922,0.00196978,0.00230998
1963-10-01,top500,500,0.51511780,0.70460679,0.80067630,0.88206335,0.00013284,0.00029371,0.00052602,0.00066072,0.00068556,0.00081120,0.00094630,0.00121191,0.00088021,0.00113811,0.00130891,0.00161428,0.00112076,0.00128281,0.00148227,0.00173719,0.00151151,0.00177062,0.00199872,0.00245028
1963-10-30,top500,500,0.40833411,0.63955606,0.77189208,0.86040241,0.00000799,0.00014080,0.00028880,0.00042568,0.00047465,0.00056882,0.00065211,0.00088035,0.00070628,0.00087267,0.00103710,0.00121169,0.00097042,0.00113639,0.00127258,0.00146172,0.00136822,0.00158702,0.00177707,0.00218579
1963-12-03,top500,500,0.25810433,0.54092424,0.71064659,0.82670839,-0.00010027,0.00004030,0.00014750,0.00022450,0.00025559,0.00033216,0.00044803,0.00062891,0.00053319,0.00066494,0.00080082,0.00097934,0.00079020,0.00093742,0.00108327,0.00133360,0.00114778,0.00136996,0.00156160,0.00196139
1964-01-03,top500,500,0.18453650,0.45949164,0.65395372,0.80162516,-0.00008959,0.00003109,0.00010038,0.00016635,-0.00019375,0.00026032,0.00039043,0.00047540,0.00043205,0.00055019,0.00066080,0.00088032,0.00062772,0.00082937,0.00095069,0.00122791,0.00109053,0.00135016,0.00157496,0.00203363
1964-02-03,top500,500,0.18987253,0.45991219,0.64807238,0.80260316,-0.00008595,0.00002495,0.00011853,0.00017887,0.00016943,0.00029041,0.00036514,0.00046511,0.00033932,0.00048358,0.00057480,0.00078222,0.00060015,0.00079823,0.00093442,0.00113701,0.00114630,0.00137006,0.00164438,0.00207722
1964-03-04,top500,500,0.17610463,0.42204202,0.63221788,0.80287320,-0.00009546,0.00002963,0.00010717,0.00018454,-0.00017051,0.00025697,0.00033431,0.00046086,0.00029653,0.00043251,0.00059340,0.00077611,0.00055555,0.00073066,0.00087808,0.00111878,0.00114540,0.00131135,0.00167371,0.00218086
1964-04-03,top500,500,0.15503901,0.39614040,0.63462346,0.81102725,-0.00005659,0.00002131,0.00008697,0.00015717,-0.00023394,0.00021497,0.00030063,0.00042113,0.00030515,0.00045363,0.00059146,0.00077376,0.00061400,0.00074463,0.00092766,0.00118831,0.00107405,0.00132772,0.00158555,0.00215803
1964-05-04,top500,500,0.14062989,0.44185420,0.65486000,0.80845268,-0.00011105,-0.00001066,0.00003657,0.00010609,-0.00020030,0.00022592,0.00031884,0.00041277,0.00027672,0.00050653,0.00066014,0.00091267,0.00059680,0.00081972,0.00099614,0.00123476,0.00104922,0.00130838,0.00162855,0.00227669
1964-06-03,top500,500,0.16539789,0.48625318,0.67843503,0.83162206,-0.00007389,-0.00001171,0.00008264,0.00014380,-0.00022145,0.00024768,0.00035730,0.00056939,0.00038757,0.00054428,0.00068100,0.00091279,0.00071787,0.00096051,0.00111604,0.00129916,0.00108530,0.00136048,0.00168191,0.00226722
1964-07-02,top500,500,0.23940397,0.50626714,0.68640686,0.85003909,-0.00009465,0.00003019,0.00011687,0.00024105,-0.00021922,0.00025626,0.00039084,0.00053714,0.00041371,0.00058706,0.00076129,0.00095831,0.00069533,0.00095001,0.00115936,0.00137960,0.00113092,0.00139389,0.00163382,0.00214179
1964-08-03,top500,500,0.26071474,0.51647081,0.70740980,0.84333273,-0.00010792,0.00002306,0.00013107,0.00027603,-0.00020973,0.00030674,0.00045794,0.00058881,0.00053599,0.00067190,0.00080479,0.00094895,0.00071511,0.00098436,0.00122508,0.00136362,0.00112294,0.00135532,0.00155050,0.00200611
1964-09-01,top500,500,0.25668742,0.53836307,0.72132133,0.83915406,-0.00011139,0.00004169,0.00015983,0.00028819,0.00019448,0.00036036,0.00045761,0.00060597,0.00052139,0.00065960,0.00083252,0.00103247,0.00077346,0.00089297,0.00113518,0.00141576,0.00108145,0.00132475,0.00153230,0.00194392
1964-10-01,top500,500,0.31892714,0.58892531,0.74285738,0.86893356,-0.00009394,0.00004505,0.00017680,0.00029059,0.00022924,0.00039130,0.00054342,0.00068654,0.00052476,0.00073519,0.00084744,0.00102454,0.00078641,0.00092770,0.00114314,0.00150572,0.00112479,0.00132940,0.00153945,0.00192141
1964-10-30,top500,500,0.27861886,0.62269217,0.77409657,0.86823010,-0.00013198,-0.00001620,0.00012717,0.00029075,0.00030495,0.00043347,0.00057109,0.00074122,0.00058925,0.00069761,0.00083771,0.00111578,0.00083397,0.00097511,0.00120757,0.00145734,0.00111675,0.00125266,0.00156309,0.00194057
1964-12-02,top500,500,0.29367375,0.60875619,0.75929145,0.86474525,-0.00010695,-0.00000860,0.00012216,0.00032567,0.00029249,0.00041831,0.00055827,0.00067498,0.00051993,0.00073370,0.00088259,0.00116352,0.00079875,0.00091830,0.00111377,0.00145949,0.00107976,0.00123632,0.00153677,0.00192343
1965-01-04,top500,500,0.27408591,0.55861165,0.73949737,0.85000850,-0.00012534,-0.00000221,0.00012166,0.00027615,0.00027141,0.00042538,0.00056063,0.00070586,0.00048605,0.00067127,0.00080594,0.00099912,0.00065654,0.00085151,0.00101556,0.00129803,0.00101386,0.00121437,0.00148836,0.00183512
1965-02-02,top500,500,0.21832777,0.54411607,0.73289307,0.85217835,-0.00009412,0.00002613,0.00013915,0.00023831,-0.00035151,0.00036842,0.00049441,0.00059593,0.00053772,0.00068277,0.00087028,0.00113214,0.00071734,0.00085119,0.00098464,0.00132540,0.00101541,0.00116651,0.00142041,0.00181413
1965-03-04,top500,500,0.24490521,0.56814391,0.74591691,0.85552693,-0.00010684,0.00002438,0.00013750,0.00025168,0.00023042,0.00040461,0.00048919,0.00064611,0.00054510,0.00068876,0.00080507,0.00114542,0.00075859,0.00091322,0.00108119,0.00140208,0.00097039,0.00115935,0.00143211,0.00177481
1965-04-02,top500,500,0.27265705,0.57621792,0.75524952,0.86853321,-0.00012568,-0.00000058,0.00017168,0.00030989,0.00028218,0.00046313,0.00058588,0.00073835,0.00051208,0.00064443,0.00083444,0.00108184,0.00084816,0.00092517,0.00111130,0.00141327,0.00098380,0.00126229,0.00156438,0.00209804
1965-05-04,top500,500,0.31083501,0.63069744,0.76965883,0.86800866,-0.00018508,0.00003869,0.00017358,0.00030334,0.00026376,0.00043998,0.00052078,0.00069430,0.00052050,0.00073382,0.00088371,0.00106685,0.00082360,0.00095766,0.00114952,0.00153203,0.00108844,0.00144398,0.00176547,0.00224954
1965-06-03,top500,500,0.29638784,0.61731527,0.77998425,0.86740308,-0.00021381,-0.00001142,0.00015556,0.00025311,0.00033831,0.00043317,0.00052758,0.00066768,0.00050030,0.00071002,0.00088457,0.00110363,0.00082785,0.00099222,0.00120723,0.00160367,0.00115742,0.00148001,0.00184396,0.00228004
1965-07-02,top500,500,0.18620962,0.51480148,0.68345007,0.80005252,-0.00014192,0.00000689,0.00009388,0.00018930,-0.00023906,0.00029524,0.00036071,0.00055251,0.00050176,0.00061048,0.00072053,0.00090095,0.00069582,0.00080764,0.00104113,0.00134455,0.00110613,0.00139488,0.00170904,0.00204559
1965-08-03,top500,500,0.13876547,0.42075947,0.60876837,0.76654061,-0.00010800,0.00000724,0.00008574,0.00015033,-0.00031179,0.00021618,0.00035938,0.00049806,0.00041177,0.00052956,0.00062461,0.00076723,0.00029184,0.00084561,0.00099323,0.00126038,0.00097539,0.00144093,0.00165897,0.00203218
1965-09-01,top500,500,0.10782667,0.36606289,0.57271152,0.75738441,-0.00013926,-0.00001582,0.00007453,0.00012358,-0.00022743,0.00021131,0.00031538,0.00042185,-0.00044537,0.00039337,0.00052723,0.00069694,0.00041165,0.00070443,0.00088120,0.00117995,0.00093892,0.00136802,0.00166580,0.00201040
1965-10-01,top500,500,0.11357131,0.30831713,0.56326509,0.75769384,-0.00009549,-0.00000576,0.00007698,0.00012784,-0.00032130,-0.00014329,0.00022882,0.00032522,-0.00046928,0.00034858,0.00049677,0.00069279,0.00042849,0.00076079,0.00091909,0.00112707,0.00102876,0.00140146,0.00162280,0.00216542
1965-11-01,top500,500,0.11506741,0.28863685,0.56534458,0.76396322,-0.00008502,-0.00002916,0.00004697,0.00015251,-0.00024855,-0.00010884,0.00024397,0.00036636,-0.00043580,0.00029769,0.00045920,0.00072150,0.00044750,0.00079464,0.00095137,0.00126737,0.00117235,0.00142078,0.00163116,0.00221135
1965-12-02,top500,500,0.08950101,0.32709576,0.58306728,0.79107743,-0.00009911,-0.00003227,0.00004051,0.00010704,-0.00021849,0.00016903,0.00029637,0.00046106,-0.00038787,0.00033792,0.00056906,0.00079449,0.00061558,0.00087981,0.00104847,0.00146227,0.00126617,0.00148980,0.00187901,0.00258310
1966-01-03,top500,500,0.10835952,0.33732014,0.57332406,0.79548718,-0.00010176,-0.00004979,0.00003287,0.00009939,-0.00021714,0.00012645,0.00033221,0.00048018,-0.00033549,0.00038396,0.00062290,0.00089941,0.00045064,0.00083848,0.00115407,0.00150260,0.00126282,0.00164372,0.00201171,0.00279763
1966-02-01,top500,500,0.13044991,0.38466911,0.62343304,0.79498564,-0.00011186,-0.00003081,0.00005459,0.00012276,-0.00023280,0.00017289,0.00036439,0.00055252,-0.00031940,0.00046847,0.00066342,0.00098464,0.00062348,0.00094066,0.00128032,0.00168855,0.00128207,0.00172754,0.00220355,0.00307786
1966-03-03,top500,500,0.16390803,0.45997027,0.64824836,0.80910217,-0.00009301,-0.00001667,0.00007513,0.00015793,-0.00026999,0.00019646,0.00036432,0.00058086,-0.00034169,0.00064160,0.00085013,0.00122337,0.00068395,0.00110206,0.00147054,0.00199825,0.00152484,0.00196017,0.00250534,0.00379689
1966-04-01,top500,500,0.17699005,0.45926757,0.68030600,0.81282862,-0.00014153,-0.00003820,0.00006094,0.00017558,-0.00027719,0.00027223,0.00044721,0.00059824,-0.00037465,0.00060278,0.00084239,0.00121259,0.00063253,0.00113608,0.00149477,0.00180083,0.00182558,0.00215402,0.00272254,0.00411323
1966-05-03,top500,500,0.17412623,0.52117094,0.72932460,0.84433074,-0.00012206,-0.00003363,0.00009257,0.00019919,-0.00037203,-0.00019010,0.00042685,0.00064756,-0.00045529,0.00070581,0.00098620,0.00126635,0.00104828,0.00139332,0.00172481,0.00215785,0.00190622,0.00235505,0.00298302,0.00449509
1966-06-02,top500,500,0.17105911,0.48064132,0.71362416,0.83782208,-0.00013516,-0.00004733,0.00007755,0.00019117,-0.00038306,-0.00020249,0.00038896,0.00057948,-0.00049173,0.00061606,0.00094046,0.00129874,0.00090275,0.00133902,0.00162764,0.00216086,0.00188097,0.00234845,0.00273403,0.00418355
1966-07-01,top500,500,0.15727664,0.46677601,0.67458438,0.82018511,-0.00016984,-0.00006362,0.00005369,0.00017360,-0.00036623,-0.00024385,0.00042735,0.00064597,-0.00053379,0.00054720,0.00101817,0.00139685,-0.00057925,0.00117002,0.00160458,0.00218214,0.00137039,0.00205305,0.00245004,0.00361947
1966-08-02,top500,500,0.15244678,0.42311643,0.64901903,0.80177660,-0.00015724,-0.00005103,0.00004922,0.00017844,-0.00040898,-0.00027355,0.00042464,0.00067877,-0.00053993,-0.00034733,0.00087202,0.00117465,-0.00072350,-0.00047257,0.00121982,0.00181467,-0.00082552,0.00148706,0.00204420,0.00305372
1966-08-31,top500,500,0.11256032,0.40172875,0.61874501,0.80158530,-0.00014249,-0.00004147,0.00009750,0.00028214,-0.00047484,-0.00031947,0.00028985,0.00066751,-0.00074440,-0.00043912,0.00068698,0.00104701,-0.00082601,-0.00068251,0.00080952,0.00154419,-0.00098532,-0.00082413,0.00156349,0.00259592
1966-09-30,top500,500,0.11825070,0.36325381,0.62755876,0.78742920,-0.00024251,-0.00012652,0.00001672,0.00024129,-0.00048622,-0.00031776,0.00034932,0.00062309,-0.00087363,-0.00061959,-0.00042338,0.00087388,-0.00098794,-0.00076541,-0.00053532,0.00137119,-0.00122257,-0.00097123,-0.00083487,0.00151883
1966-10-31,top500,500,0.12286456,0.37730466,0.60996113,0.76539139,-0.00026676,-0.00011004,0.00005510,0.00020672,-0.00067842,-0.00036262,0.00015182,0.00060200,-0.00098325,-0.00073276,-0.00053288,0.00064972,-0.00120723,-0.00085503,-0.00071127,0.00115099,-0.00160551,-0.00126972,-0.00104106,-0.00086751
1966-12-01,top500,500,0.10901190,0.34198221,0.53362636,0.72386440,-0.00021413,-0.00010034,0.00002345,0.00014441,-0.00053489,-0.00035407,0.00021014,0.00047152,-0.00086987,-0.00067601,-0.00051006,0.00051187,-0.00119330,-0.00099181,-0.00074254,0.00069975,-0.00180693,-0.00151631,-0.00119767,-0.00091996
1967-01-03,top500,500,0.08584880,0.27631624,0.49943880,0.71794911,-0.00018594,-0.00006438,0.00005550,0.00013707,-0.00048232,-0.00035387,-0.00017640,0.00034531,-0.00082082,-0.00057372,-0.00031508,0.00068456,-0.00129695,-0.00101097,-0.00075985,0.00087406,-0.00175986,-0.00146339,-0.00117157,-0.00090311
1967-02-01,top500,500,0.04957725,0.19747689,0.37775254,0.59147571,-0.00015112,-0.00004726,0.00004192,0.00010980,-0.00041567,-0.00025118,0.00019017,0.00033266,-0.00077578,-0.00057907,-0.00026756,0.00049855,-0.00100643,-0.00067399,0.00066306,0.00097917,-0.00157794,-0.00119249,-0.00090973,0.00102240
1967-03-03,top500,500,0.02845612,0.12523126,0.28136722,0.53108759,-0.00010219,-0.00005022,0.00003012,0.00011572,-0.00038140,-0.00022012,0.00017610,0.00031676,-0.00054859,0.00024772,0.00036652,0.00050735,-0.00087877,-0.00045126,0.00062842,0.00091006,-0.00107897,0.00056157,0.00110343,0.00154486
1967-04-04,top500,500,0.03538838,0.13597317,0.30769914,0.50874327,-0.00008183,-0.00000814,0.00005428,0.00015348,-0.00027163,0.00018806,0.00030463,0.00042489,-0.00041298,0.00036272,0.00049104,0.00076091,-0.00055623,0.00052594,0.00070078,0.00098056,0.00056462,0.00104618,0.00141564,0.00179498
1967-05-03,top500,500,0.09624551,0.28106654,0.43661264,0.62329650,-0.00010439,0.00001298,0.00011923,0.00024019,0.00014551,0.00041488,0.00055995,0.00070757,0.00049394,0.00064812,0.00085696,0.00113351,0.00062445,0.00072791,0.00106476,0.00163890,0.00111869,0.00157134,0.00189233,0.00233262
1967-06-02,top500,500,0.16208861,0.41042194,0.56285036,0.70976906,-0.00002694,0.00014157,0.00024243,0.00042206,0.00037244,0.00056179,0.00072710,0.00094333,0.00067584,0.00086010,0.00114936,0.00142325,0.00076671,0.00104618,0.00145112,0.00212285,0.00130581,0.00178534,0.00213021,0.00274379
1967-07-03,top500,500,0.27961886,0.51009643,0.66715149,0.78261643,-0.00000249,0.00022587,0.00038419,0.00051353,0.00045841,0.00065157,0.00087116,0.00115582,0.00076595,0.00097578,0.00131997,0.00161995,0.00117601,0.00147900,0.00190129,0.00241213,0.00176339,0.00212593,0.00257197,0.00344026
1967-08-02,top500,500,0.40216829,0.63600654,0.78844010,0.86920700,0.00004820,0.00027060,0.00037342,0.00055701,0.00060956,0.00076508,0.00093257,0.00123417,0.00103853,0.00130185,0.00153031,0.00200020,0.00145810,0.00184805,0.00236269,0.00280936,0.00200762,0.00248879,0.00314779,0.00381294
1967-08-31,top500,500,0.41994355,0.71101178,0.83116832,0.91067586,0.00003611,0.00017481,0.00031287,0.00050007,0.00063016,0.00087826,0.00105244,0.00132058,0.00115239,0.00151369,0.00175305,0.00242222,0.00155490,0.00195245,0.00230401,0.00274763,0.00226967,0.00278618,0.00335376,0.00421971
1967-10-02,top500,500,0.36259953,0.69521999,0.82992616,0.91204384,-0.00011683,0.00006222,0.00023882,0.00040973,0.00053014,0.00080795,0.00097974,0.00135966,0.00110589,0.00138125,0.00171822,0.00210102,0.00153135,0.00188841,0.00236193,0.00314267,0.00226138,0.00273198,0.00320915,0.00402646
1967-10-31,top500,500,0.35409742,0.62150123,0.80219837,0.90113669,-0.00015589,-0.00000781,0.00021196,0.00041526,0.00033138,0.00058944,0.00086141,0.00109780,0.00082804,0.00113711,0.00143223,0.00176236,0.00148358,0.00180559,0.00227953,0.00266179,0.00210478,0.00249657,0.00311654,0.00391562
1967-12-01,top500,500,0.22273093,0.48151997,0.72186302,0.86137165,-0.00012885,0.00003399,0.00013569,0.00031597,-0.00030431,0.00049248,0.00059295,0.00077433,0.00048925,0.00086101,0.00114433,0.00147638,0.00130455,0.00157636,0.00188702,0.00247521,0.00200020,0.00242886,0.00306143,0.00383902
1968-01-03,top500,500,0.14410712,0.43935965,0.65997945,0.83877126,-0.00013212,-0.00002134,0.00007122,0.00020787,-0.00030385,0.00030246,0.00041084,0.00064915,-0.00045569,0.00064408,0.00086771,0.00128941,0.00087292,0.00139014,0.00170236,0.00220440,0.00171598,0.00217990,0.00280497,0.00359759
1968-02-01,top500,500,0.09854643,0.32716246,0.60455152,0.80655511,-0.00011612,-0.00004604,0.00003603,0.00016604,-0.00036626,-0.00027545,0.00021836,0.00044631,-0.00048586,0.00051210,0.00078614,0.00105949,0.00074373,0.00117173,0.00145423,0.00192644,0.00169313,0.00209210,0.00253747,0.00338347
1968-03-05,top500,500,0.08116024,0.27464837,0.54280220,0.73167542,-0.00013128,-0.00004996,0.00003941,0.00012338,-0.00031951,-0.00020548,0.00028373,0.00047431,-0.00060107,-0.00026389,0.00056886,0.00093861,-0.00060150,0.00095826,0.00110757,0.00152405,0.00105409,0.00166054,0.00209948,0.00283532
1968-04-03,top500,500,0.06379689,0.26317926,0.48833664,0.70574502,-0.00010603,-0.00003748,0.00003867,0.00012591,-0.00035677,-0.00024759,0.00019327,0.00049547,-0.00046837,-0.00026483,0.00059003,0.00087381,-0.00079752,0.00070088,0.00099629,0.00139802,-0.00106439,0.00130234,0.00177946,0.00271505
1968-05-06,top500,500,0.06588016,0.25720727,0.49641685,0.70750303,-0.00013541,-0.00004231,0.00002972,0.00010669,-0.00029199,-0.00022484,0.00027692,0.00045176,-0.00062529,-0.00041701,0.00046249,0.00075647,-0.00089077,0.00061890,0.00092774,0.00127830,-0.00080763,0.00142795,0.00181265,0.00265700
1968-06-05,top500,500,0.06887122,0.25320533,0.48169400,0.70991367,-0.00010658,-0.00002600,0.00002280,0.00012771,-0.00033022,-0.00016131,0.00025681,0.00042265,-0.00058720,-0.00033475,0.00060031,0.00081524,-0.00089400,0.00070411,0.00100435,0.00137976,0.00098153,0.00147169,0.00180795,0.00263086
1968-07-12,top500,500,0.06979068,0.27078585,0.46871080,0.71006931,-0.00008244,-0.00000878,0.00006549,0.00013034,-0.00032300,-0.00017634,0.00027850,0.00046796,-0.00063402,0.00042375,0.00066299,0.00082458,-0.00062606,0.00083735,0.00116758,0.00162843,0.00111726,0.00146785,0.00190028,0.00283785
1968-08-19,top500,500,0.06636556,0.29893065,0.51490063,0.69544134,-0.00011393,-0.00002645,0.00005017,0.00013770,-0.00034849,0.00021579,0.00031377,0.00043273,-0.00056643,0.00053133,0.00073276,0.00097121,0.00060831,0.00095403,0.00115157,0.00154631,0.00110622,0.00150106,0.00184913,0.00239519
1968-09-24,top500,500,0.09124940,0.31867254,0.53052828,0.71779867,-0.00012152,-0.00000096,0.00009906,0.00018824,-0.00038470,0.00025381,0.00040315,0.00051430,0.00032285,0.00058687,0.00088104,0.00110158,0.00066681,0.00101649,0.00118443,0.00167061,0.00114089,0.00155561,0.00198785,0.00269530
1968-10-31,top500,500,0.14294905,0.37675844,0.60547296,0.78187225,-0.00016404,-0.00001322,0.00015189,0.00024813,0.00021434,0.00036296,0.00049051,0.00066494,0.00044988,0.00066333,0.00082969,0.00112306,0.00087908,0.00118070,0.00147380,0.00170339,0.00136747,0.00179986,0.00230057,0.00281776
1968-12-06,top500,500,0.23078531,0.45781523,0.66846000,0.81606621,-0.00013496,0.00009835,0.00019061,0.00037780,0.00040754,0.00052074,0.00064496,0.00095402,0.00063794,0.00074187,0.00097354,0.00138439,0.00106127,0.00128972,0.00158485,0.00201597,0.00159433,0.00197557,0.00247809,0.00314432
1969-01-10,top500,500,0.23425086,0.48718483,0.68675232,0.82502258,-0.00010577,0.00012055,0.00028222,0.00040107,0.00046115,0.00060350,0.00067978,0.00099560,0.00071768,0.00084835,0.00105937,0.00139000,0.00109180,0.00142943,0.00170664,0.00218045,0.00170740,0.00213099,0.00248045,0.00326695
1969-02-11,top500,500,0.25540696,0.54154825,0.70065451,0.83544886,-0.00014504,0.00011548,0.00030103,0.00041446,0.00051143,0.00062165,0.00076879,0.00098204,0.00078485,0.00099148,0.00117277,0.00151389,0.00105735,0.00148815,0.00178864,0.00216619,0.00168283,0.00208094,0.00238123,0.00331008
1969-03-13,top500,500,0.23272149,0.56131170,0.71354697,0.81464910,-0.00020399,0.00010373,0.00022124,0.00036037,0.00046760,0.00059971,0.00080176,0.00100392,0.00081453,0.00102092,0.00129445,0.00180600,0.00097443,0.00128753,0.00162369,0.00199581,0.00151706,0.00189698,0.00228618,0.00283603
1969-04-15,top500,500,0.16961243,0.44609679,0.64498180,0.77961161,-0.00028158,-0.00003399,0.00012070,0.00029982,0.00024237,0.00044976,0.00059819,0.00089479,0.00068011,0.00085136,0.00105091,0.00139510,0.00082429,0.00101033,0.00132455,0.00197246,0.00150566,0.00178518,0.00209491,0.00276278
1969-05-14,top500,500,0.14662282,0.37457698,0.57351444,0.74187635,-0.00011302,-0.00001047,0.00013901,0.00023512,-0.00040229,0.00037918,0.00051412,0.00071140,0.00030135,0.00059946,0.00075904,0.00104388,0.00044899,0.00080450,0.00106358,0.00161136,0.00110749,0.00160700,0.00194108,0.00260475
1969-06-13,top500,500,0.10443507,0.28141803,0.49834377,0.73651538,-0.00013884,0.00000244,0.00010936,0.00020623,-0.00026692,0.00023980,0.00034384,0.00046346,0.00026552,0.00053281,0.00068409,0.00090306,-0.00086557,0.00079360,0.00098494,0.00134739,0.00099946,0.00145001,0.00176956,0.00246551
1969-07-15,top500,500,0.04510650,0.19997466,0.40791829,0.67852118,-0.00010723,-0.00004326,0.00003433,0.00010451,-0.00027220,-0.00009141,0.00022982,0.00032102,-0.00043261,0.00038399,0.00053592,0.00070681,-0.00080000,0.00059813,0.00084507,0.00125162,-0.00146496,0.00100018,0.00143049,0.00185864
1969-08-14,top500,500,0.04527550,0.16454658,0.35925473,0.61774228,-0.00009042,-0.00002550,0.00004342,0.00012362,-0.00031840,-0.00018665,0.00017546,0.00030359,-0.00055588,-0.00038268,0.00030043,0.00050722,-0.00080281,-0.00047737,0.00074948,0.00107083,-0.00171935,-0.00091303,0.00113007,0.00176891
1969-09-15,top500,500,0.05880968,0.23523517,0.44377483,0.66350126,-0.00014164,-0.00002957,0.00004064,0.00012936,-0.00035942,-0.00023448,0.00020579,0.00038235,-0.00075785,-0.00050835,-0.00037249,0.00060419,-0.00090834,-0.00071494,-0.00029156,0.00099418,-0.00217138,-0.00156430,-0.00105024,0.00122617
1969-10-14,top500,500,0.09964412,0.32861475,0.56453911,0.73987275,-0.00020553,-0.00010385,0.00000952,0.00009037,-0.00044755,-0.00029996,0.00032151,0.00049548,-0.00084194,-0.00065538,-0.00047127,0.00054847,-0.00119090,-0.00092733,-0.00063212,0.00103538,-0.00232864,-0.00176533,-0.00122002,-0.00069994
1969-11-12,top500,500,0.10324598,0.36567393,0.59089035,0.75427308,-0.00013822,0.00000462,0.00009066,0.00014102,-0.00053147,-0.00035976,-0.00013337,0.00054651,-0.00102096,-0.00077545,-0.00054545,0.00074093,-0.00135567,-0.00102417,-0.00066671,0.00105033,-0.00237229,-0.00146444,-0.00109397,-0.00052990
1969-12-12,top500,500,0.11771613,0.35561390,0.60904487,0.77289884,-0.00020275,-0.00004144,0.00004056,0.00019066,-0.00052712,-0.00036677,0.00028992,0.00052023,-0.00092045,-0.00067715,0.00042610,0.00093701,-0.00143247,-0.00109879,-0.00074752,0.00111510,-0.00217912,-0.00126988,-0.00085284,0.00126887
1970-01-14,top500,500,0.13848552,0.38366456,0.63902689,0.80191576,-0.00023364,-0.00013275,0.00000573,0.00017492,-0.00063090,-0.00040878,0.00029138,0.00055760,-0.00093034,-0.00068286,0.00057298,0.00085113,-0.00155701,-0.00112267,-0.00079647,0.00109325,-0.00193350,-0.00114247,-0.00072174,0.00171284
1970-02-12,top500,500,0.11556886,0.39488633,0.62544634,0.81398804,-0.00018326,-0.00006233,0.00004549,0.00021008,-0.00060580,-0.00044116,-0.00022820,0.00053419,-0.00098310,-0.00068432,0.00051653,0.00081142,-0.00160354,-0.00111707,-0.00086180,0.00107046,-0.00186303,-0.00104085,0.00121202,0.00181115
1970-03-16,top500,500,0.08191643,0.33182523,0.56190307,0.76362795,-0.00016988,-0.00006142,0.00004239,0.00014031,-0.00050826,-0.00037873,0.00021895,0.00046137,-0.00085478,-0.00059505,0.00035211,0.00072990,-0.00133803,-0.00091212,-0.00063825,0.00113668,-0.00212828,-0.00162354,-0.00082349,0.00163256
1970-04-15,top500,500,0.07914698,0.25116446,0.51076434,0.71347886,-0.00016533,-0.00009015,0.00001878,0.00013996,-0.00043853,-0.00029426,0.00023745,0.00039559,-0.00078497,-0.00054701,0.00044285,0.00073547,-0.00113451,-0.00085016,0.00043894,0.00104773,-0.00207366,-0.00157350,-0.00089703,0.00154429
1970-05-14,top500,500,0.07754406,0.24672857,0.43955285,0.66526357,-0.00014737,-0.00006409,0.00004822,0.00013706,-0.00041693,-0.00026956,0.00020706,0.00037939,-0.00064810,-0.00043313,0.00057376,0.00079498,-0.00114485,-0.00086478,-0.00048199,0.00106299,-0.00214061,-0.00179059,-0.00132388,0.00119831
1970-06-12,top500,500,0.08104535,0.19842824,0.38598382,0.60338041,-0.00015354,-0.00005605,0.00000990,0.00015239,-0.00042673,-0.00026245,0.00032247,0.00044820,-0.00072312,-0.00049702,0.00032007,0.00065318,-0.00128981,-0.00092501,-0.00059927,0.00089875,-0.00223558,-0.00181638,-0.00141354,-0.00097156
1970-07-14,top500,500,0.06251146,0.21816263,0.40637856,0.62156577,-0.00015325,-0.00001235,0.00004289,0.00012659,-0.00046004,-0.00027176,0.00027781,0.00044285,-0.00094851,-0.00066920,-0.00045325,0.00050619,-0.00156053,-0.00110633,-0.00086767,-0.00040310,-0.00266906,-0.00215674,-0.00160287,-0.00109386
1970-08-12,top500,500,0.08037742,0.25671336,0.49658203,0.66689879,-0.00017635,-0.00005525,0.00004709,0.00013488,-0.00049017,-0.00037367,-0.00028658,0.00029505,-0.00094528,-0.00074504,-0.00056026,0.00052795,-0.00174004,-0.00133855,-0.00103797,-0.00076601,-0.00278771,-0.00229775,-0.00201859,-0.00142144
1970-09-11,top500,500,0.08472703,0.27074741,0.48845282,0.67918030,-0.00020878,-0.00010909,-0.00000390,0.00012599,-0.00056347,-0.00044616,-0.00035102,0.00035067,-0.00103491,-0.00079465,-0.00063792,-0.00035725,-0.00164694,-0.00139410,-0.00114766,-0.00080277,-0.00312084,-0.00242894,-0.00210690,-0.00151359
1970-10-12,top500,500,0.04784825,0.24705278,0.39141457,0.59877741,-0.00015593,-0.00003929,0.00003999,0.00011059,-0.00063416,-0.00040739,-0.00026992,0.00028102,-0.00100113,-0.00070457,-0.00056048,0.00049633,-0.00147426,-0.00106643,-0.00080742,0.00066153,-0.00281916,-0.00208898,-0.00167644,-0.00116495
1970-11-10,top500,500,0.03303542,0.13786166,0.31419228,0.54221020,-0.00013625,-0.00006378,0.00004880,0.00013034,-0.00045176,-0.00029899,-0.00014256,0.00028020,-0.00075398,-0.00059000,-0.00041303,0.00046116,-0.00133111,-0.00088565,-0.00061834,0.00069099,-0.00217444,-0.00149645,-0.00082789,0.00121504
1970-12-10,top500,500,0.02858598,0.11782739,0.27566176,0.52196423,-0.00011615,-0.00005112,0.00003702,0.00010749,-0.00034270,-0.00024075,0.00022901,0.00035484,-0.00059288,-0.00027917,0.00038750,0.00064188,-0.00121289,-0.00080235,-0.00045854,0.00083685,-0.00175499,0.00046481,0.00120319,0.00148202
1971-01-12,top500,500,0.03710886,0.12740237,0.29355130,0.50401524,-0.00007548,-0.00000035,0.00008099,0.00016744,-0.00039329,0.00015963,0.00030910,0.00045780,-0.00049931,0.00050797,0.00062451,0.00081720,-0.00092188,0.00060469,0.00084355,0.00115222,0.00085896,0.00113962,0.00146154,0.00182345
1971-02-10,top500,500,0.08350864,0.22630172,0.39402773,0.59574255,-0.00019281,0.00000195,0.00012320,0.00030250,0.00031458,0.00048676,0.00058240,0.00077329,0.00048480,0.00071644,0.00084630,0.00108980,0.00084862,0.00107465,0.00131947,0.00161220,0.00120992,0.00148745,0.00178362,0.00223228
1971-03-12,top500,500,0.22503828,0.43612470,0.59188113,0.72477924,-0.00011352,0.00018392,0.00037316,0.00066049,0.00064103,0.00082146,0.00099338,0.00136169,0.00097318,0.00120066,0.00150076,0.00176700,0.00116949,0.00146074,0.00176576,0.00215273,0.00159267,0.00187582,0.00217433,0.00267921
1971-04-13,top500,500,0.55189853,0.71608226,0.81209121,0.87998227,0.00026022,0.00058199,0.00084055,0.00108947,0.00105884,0.00130006,0.00164460,0.00206196,0.00133048,0.00157282,0.00200892,0.00249440,0.00145400,0.00172667,0.00208071,0.00255898,0.00209193,0.00244242,0.00276861,0.00334858
1971-05-12,top500,500,0.71589920,0.82294606,0.88598295,0.93324885,0.00060185,0.00094183,0.00112284,0.00148100,0.00128641,0.00147036,0.00172254,0.00237909,0.00148445,0.00178329,0.00220684,0.00280664,0.00178966,0.00217715,0.00252661,0.00281420,0.00246120,0.00281091,0.00312281,0.00372376
1971-06-11,top500,500,0.67646746,0.82243145,0.89188171,0.93242422,0.00049553,0.00074119,0.00100536,0.00124913,0.00117516,0.00137702,0.00168506,0.00206087,0.00153548,0.00177569,0.00240026,0.00284947,0.00188554,0.00225528,0.00266669,0.00309392,0.00250894,0.00279651,0.00310419,0.00394689
1971-07-13,top500,500,0.58025769,0.77252899,0.86728283,0.92294746,0.00023133,0.00053085,0.00070848,0.00086297,0.00103862,0.00118607,0.00137808,0.00174715,0.00142736,0.00180978,0.00211085,0.00273344,0.00182090,0.00235091,0.00260939,0.00295833,0.00216815,0.00260654,0.00297194,0.00372451
1971-08-11,top500,500,0.41425043,0.66646402,0.81832548,0.89146669,0.00006893,0.00030116,0.00044509,0.00064773,0.00079759,0.00091106,0.00108429,0.00137874,0.00117607,0.00145365,0.00189446,0.00243008,0.00156723,0.00193557,0.00221417,0.00251988,0.00215344,0.00254293,0.00291849,0.00339240
1971-09-10,top500,500,0.29723264,0.59918063,0.77505387,0.87983545,-0.00006153,0.00011262,0.00031181,0.00046034,0.00060636,0.00071012,0.00088658,0.00109490,0.00100018,0.00130631,0.00154322,0.00203594,0.00142974,0.00177929,0.00205587,0.00237610,0.00193160,0.00230356,0.00275744,0.00317048
1971-10-11,top500,500,0.19862970,0.50909913,0.74613985,0.85280098,-0.00010241,0.00005361,0.00018066,0.00031422,0.00036270,0.00055074,0.00069216,0.00099037,0.00093396,0.00109422,0.00136456,0.00178453,0.00127076,0.00156251,0.00181676,0.00225336,0.00194906,0.00229889,0.00264179,0.00309515
1971-11-09,top500,500,0.11128954,0.37697719,0.63460553,0.79095545,-0.00010584,-0.00002577,0.00007517,0.00020669,-0.00036996,0.00026826,0.00048900,0.00061993,0.00050363,0.00082856,0.00108958,0.00137287,0.00092897,0.00120237,0.00144244,0.00186814,0.00153805,0.00195486,0.00238032,0.00287889
1971-12-09,top500,500,0.08679924,0.30781796,0.54700887,0.72428034,-0.00011366,0.00000201,0.00006242,0.00017670,-0.00033332,-0.00020142,0.00031928,0.00059763,-0.00058111,0.00046390,0.00071672,0.00090821,-0.00067769,0.00081966,0.00106247,0.00136418,0.00105994,0.00142309,0.00190365,0.00251148
1972-01-10,top500,500,0.07648503,0.27217466,0.54107960,0.71790212,-0.00011642,-0.00003419,0.00003467,0.00012212,-0.00037774,-0.00023770,0.00024800,0.00044842,-0.00065737,-0.00034121,0.00052703,0.00070831,-0.00071082,0.00073199,0.00098943,0.00132768,0.00082211,0.00129811,0.00176538,0.00251909
1972-02-08,top500,500,0.05636736,0.23949864,0.50304072,0.72621758,-0.00011993,-0.00004749,0.00005178,0.00011580,-0.00033398,-0.00022218,0.00020713,0.00028602,-0.00078912,-0.00040670,0.00049817,0.00064705,-0.00089005,0.00071902,0.00093800,0.00117725,0.00097611,0.00127099,0.00161149,0.00245492
1972-03-09,top500,500,0.06534573,0.22769168,0.50124551,0.72994024,-0.00013724,-0.00004550,0.00002614,0.00011544,-0.00032802,-0.00013802,0.00025756,0.00035125,-0.00073171,-0.00039646,0.00045757,0.00069598,-0.00062674,0.00078488,0.00100553,0.00130286,0.00108541,0.00135899,0.00170020,0.00239124
1972-04-10,top500,500,0.06901920,0.27268280,0.54430818,0.74530129,-0.00012822,-0.00002492,0.00006541,0.00014237,-0.00039783,-0.00019459,0.00029251,0.00042714,-0.00054093,0.00042120,0.00064228,0.00083869,0.00054723,0.00088623,0.00114708,0.00135575,0.00116044,0.00153569,0.00192186,0.00240954
1972-05-09,top500,500,0.11044185,0.36144230,0.62396324,0.79669462,-0.00018725,-0.00007696,0.00005169,0.00014928,-0.00035963,0.00024174,0.00040207,0.00057183,0.00029725,0.00057390,0.00076851,0.00103538,0.00077527,0.00102452,0.00124770,0.00150296,0.00147386,0.00172928,0.00208944,0.00254513
1972-06-08,top500,500,0.13573888,0.40706258,0.62855067,0.81099696,-0.00012994,-0.00004026,0.00006753,0.00020079,-0.00035380,0.00031343,0.00043898,0.00065736,0.00042649,0.00069886,0.00089363,0.00115977,0.00088035,0.00117476,0.00144974,0.00179370,0.00141973,0.00182756,0.00221500,0.00274083
1972-07-10,top500,500,0.16374582,0.41745673,0.65957926,0.82714725,-0.00015950,-0.00004541,0.00008183,0.00024461,-0.00037165,0.00030397,0.00044665,0.00072874,0.00043780,0.00069925,0.00090378,0.00123737,0.00092162,0.00123701,0.00156324,0.00189811,0.00157918,0.00197918,0.00234928,0.00287258
1972-08-08,top500,500,0.13598348,0.38711842,0.63699127,0.82281925,-0.00015300,-0.00003104,0.00004963,0.00018190,-0.00038230,0.00024367,0.00038683,0.00060190,0.00043166,0.00074826,0.00101589,0.00123987,0.00080479,0.00121975,0.00140543,0.00200695,0.00160690,0.00203594,0.00235007,0.00282124
1972-09-07,top500,500,0.12499189,0.37444606,0.65414683,0.82360415,-0.00012552,0.00001311,0.00012450,0.00021944,-0.00039901,0.00018436,0.00035147,0.00048864,0.00045565,0.00075716,0.00104551,0.00135062,0.00087352,0.00121494,0.00158603,0.00208169,0.00159201,0.00195392,0.00226199,0.00283538
1972-10-06,top500,500,0.11274767,0.31771111,0.61177787,0.81533350,-0.00016751,-0.00002992,0.00006131,0.00017669,-0.00035137,0.00016457,0.00040706,0.00050484,-0.00033712,0.00069301,0.00090666,0.00125246,0.00072459,0.00110988,0.00139464,0.00188784,0.00160568,0.00196123,0.00219849,0.00266030
1972-11-06,top500,500,0.05963506,0.27487607,0.54202078,0.77965429,-0.00008298,-0.00002560,0.00002639,0.00010576,-0.00040144,0.00017783,0.00032616,0.00052860,-0.00046217,0.00051336,0.00065180,0.00090808,0.00046701,0.00098383,0.00127783,0.00149762,0.00143134,0.00180523,0.00211658,0.00241711
1972-12-07,top500,500,0.06796665,0.26998125,0.51478353,0.75794544,-0.00013367,-0.00006896,0.00003059,0.00010076,-0.00035919,0.00011693,0.00028813,0.00041329,-0.00056313,0.00046667,0.00059798,0.00071726,-0.00089214,0.00082111,0.00101038,0.00135162,0.00133432,0.00150777,0.00186434,0.00222313
1973-01-10,top500,500,0.09272428,0.27365027,0.49913697,0.76070071,-0.00015577,-0.00004379,0.00004844,0.00011866,-0.00031918,0.00024668,0.00032339,0.00040485,-0.00065926,0.00043472,0.00058987,0.00080103,-0.00072481,0.00075985,0.00098477,0.00121012,0.00120920,0.00157262,0.00181029,0.00214062
1973-02-09,top500,500,0.10826116,0.31874630,0.54135853,0.75777692,-0.00013561,-0.00001463,0.00010559,0.00018981,-0.00042406,0.00023168,0.00036677,0.00044339,-0.00073027,0.00043242,0.00063980,0.00088196,-0.00110224,0.00069205,0.00095210,0.00125735,0.00117850,0.00153847,0.00183299,0.00210878
1973-03-13,top500,500,0.11733365,0.32560871,0.57187568,0.76688189,-0.00016451,-0.00004779,0.00003482,0.00017251,-0.00043379,0.00025828,0.00036659,0.00054592,-0.00079304,0.00038486,0.00056611,0.00079950,-0.00125583,0.00070133,0.00101127,0.00123842,0.00089270,0.00134079,0.00173616,0.00201557
1973-04-11,top500,500,0.11096521,0.34026977,0.54604724,0.73447857,-0.00018563,-0.00009929,0.00002728,0.00016564,-0.00050322,-0.00030294,0.00037481,0.00048145,-0.00083571,0.00040784,0.00064761,0.00089771,-0.00112281,0.00064274,0.00095569,0.00123434,-0.00169500,0.00112813,0.00141073,0.00186307
1973-05-11,top500,500,0.10953739,0.30517588,0.49485608,0.72191010,-0.00015506,-0.00005776,0.00008099,0.00016086,-0.00051683,-0.00036486,0.00032953,0.00048549,-0.00077021,0.00042593,0.00065228,0.00081572,-0.00111951,0.00048388,0.00087505,0.00114919,-0.00179789,0.00093710,0.00135528,0.00175483
1973-06-12,top500,500,0.08930544,0.25980730,0.47131054,0.67751384,-0.00013373,-0.00001020,0.00010296,0.00018340,-0.00049224,-0.00026238,0.00030420,0.00043740,-0.00079532,0.00025449,0.00049933,0.00069930,-0.00128402,-0.00072865,0.00077853,0.00106776,-0.00222519,-0.00124737,0.00101285,0.00154139
1973-07-12,top500,500,0.07720219,0.24313812,0.45495857,0.70395320,-0.00014669,-0.00002052,0.00005787,0.00013636,-0.00042355,-0.00016710,0.00029771,0.00042067,-0.00085423,-0.00057709,0.00041586,0.00067542,-0.00164394,-0.00113528,-0.00064512,0.00087871,-0.00238006,-0.00158941,-0.00097222,0.00152893
1973-08-10,top500,500,0.07721127,0.23429517,0.49046590,0.70863123,-0.00012883,-0.00002350,0.00008625,0.00014592,-0.00038760,-0.00029482,0.00023169,0.00034698,-0.00091284,-0.00066973,0.00025408,0.00066706,-0.00159436,-0.00119338,-0.00094579,0.00081934,-0.00248601,-0.00188103,-0.00133811,0.00138265
1973-09-11,top500,500,0.05840663,0.27781802,0.49206822,0.69174730,-0.00011565,-0.00004770,0.00002256,0.00012162,-0.00040039,-0.00025487,0.00014888,0.00033872,-0.00095961,-0.00075261,-0.00041604,0.00058740,-0.00160019,-0.00115836,-0.00082484,0.00075236,-0.00251333,-0.00191297,-0.00135478,0.00135990
1973-10-10,top500,500,0.07793397,0.22918038,0.42950869,0.62120986,-0.00012561,-0.00004122,0.00005372,0.00014677,-0.00048751,-0.00033080,0.00019269,0.00042669,-0.00083926,-0.00067324,-0.00039026,0.00055990,-0.00142711,-0.00105328,-0.00063083,0.00071722,-0.00204200,-0.00138355,-0.00075901,0.00157097
1973-11-08,top500,500,0.06197210,0.23050464,0.42688901,0.62783053,-0.00017812,-0.00007151,0.00002322,0.00011402,-0.00049962,-0.00030417,0.00022123,0.00044992,-0.00078164,-0.00050538,-0.00021312,0.00082134,-0.00129093,-0.00097703,-0.00056889,0.00092421,-0.00153546,-0.00079668,0.00097673,0.00188862
1973-12-10,top500,500,0.05987081,0.21651642,0.40423124,0.63443430,-0.00019626,-0.00002733,0.00007572,0.00018971,-0.00051492,-0.00032391,0.00018574,0.00038462,-0.00082175,-0.00051377,0.00046663,0.00084716,-0.00112077,-0.00076931,-0.00046347,0.00117023,-0.00162476,-0.00095234,0.00120165,0.00184641
1974-01-10,top500,500,0.06043543,0.23038512,0.43722932,0.64360266,-0.00015136,-0.00004693,0.00005386,0.00014627,-0.00052253,-0.00024689,0.00036481,0.00057445,-0.00090389,-0.00063381,-0.00027195,0.00074704,-0.00127119,-0.00071498,-0.00046370,0.00142095,-0.00162607,-0.00087609,0.00147704,0.00230740
1974-02-08,top500,500,0.06338716,0.24527802,0.46820918,0.64916506,-0.00013280,-0.00001205,0.00007340,0.00017514,-0.00048598,-0.00021687,0.00035066,0.00053444,-0.00085786,-0.00053750,-0.00031247,0.00079200,-0.00133514,-0.00083697,0.00065051,0.00122664,-0.00153309,0.00107225,0.00191860,0.00263618
1974-03-12,top500,500,0.07441778,0.25170388,0.46996579,0.66691895,-0.00011507,-0.00004692,0.00011671,0.00021662,-0.00049411,-0.00028829,0.00027161,0.00051461,-0.00104266,-0.00050954,0.00050695,0.00091482,-0.00127166,-0.00075886,0.00100041,0.00152529,-0.00146660,0.00143549,0.00194867,0.00257661
1974-04-10,top500,500,0.07234591,0.24378460,0.45543369,0.66119333,-0.00016891,-0.00004823,0.00008148,0.00018770,-0.00046357,-0.00020357,0.00034661,0.00055122,-0.00101077,-0.00056893,0.00025061,0.00081028,-0.00125186,-0.00060446,0.00114408,0.00150995,-0.00136089,0.00156177,0.00183993,0.00252897
1974-05-10,top500,500,0.07087969,0.24304142,0.44516618,0.63110748,-0.00015117,-0.00005204,0.00007418,0.00019039,-0.00049167,-0.00026447,0.00033875,0.00050832,-0.00090582,-0.00051299,0.00048910,0.00086811,-0.00122487,-0.00060764,0.00102747,0.00147276,-0.00146977,0.00105186,0.00175202,0.00227026
1974-06-11,top500,500,0.07147508,0.22475278,0.39196361,0.60650964,-0.00022364,-0.00011695,0.00007365,0.00021310,-0.00055949,-0.00032074,0.00022820,0.00051731,-0.00084814,-0.00060001,0.00054671,0.00088625,-0.00127889,-0.00090938,0.00074606,0.00134083,-0.00197782,-0.00152031,0.00098278,0.00176843
1974-07-11,top500,500,0.06308064,0.25382805,0.42171188,0.60208790,-0.00020614,-0.00007413,0.00003893,0.00016965,-0.00058952,-0.00040438,0.00025866,0.00048752,-0.00098482,-0.00070379,-0.00044692,0.00087793,-0.00133634,-0.00105113,-0.00077960,0.00099293,-0.00243719,-0.00190245,-0.00137928,0.00071210
1974-08-09,top500,500,0.08073174,0.26638715,0.45939765,0.66052639,-0.00019244,-0.00008239,0.00007090,0.00020570,-0.00058859,-0.00048505,-0.00026856,0.00054459,-0.00100144,-0.00078390,-0.00063803,0.00092082,-0.00160139,-0.00124952,-0.00103168,-0.00076248,-0.00280749,-0.00220156,-0.00178043,-0.00134852
1974-09-10,top500,500,0.12261581,0.37787828,0.58872731,0.73532520,-0.00033920,-0.00023982,-0.00000614,0.00023486,-0.00074552,-0.00062851,-0.00047724,0.00048921,-0.00144908,-0.00121438,-0.00099682,-0.00075271,-0.00217247,-0.00172940,-0.00153915,-0.00117401,-0.00309719,-0.00260524,-0.00220664,-0.00181850
1974-10-09,top500,500,0.18581950,0.46026806,0.65714361,0.77796012,-0.00048970,-0.00032006,-0.00010512,0.00021879,-0.00116853,-0.00098791,-0.00074232,-0.00052419,-0.00178412,-0.00147791,-0.00121872,-0.00095583,-0.00256608,-0.00208697,-0.00183942,-0.00149107,-0.00333923,-0.00274476,-0.00239839,-0.00188106
1974-11-07,top500,500,0.17386058,0.43878453,0.60314570,0.72612505,-0.00048830,-0.00022247,-0.00006433,0.00023421,-0.00112092,-0.00092119,-0.00070151,-0.00052262,-0.00174366,-0.00142366,-0.00120541,-0.00086546,-0.00218015,-0.00188411,-0.00164321,-0.00135878,-0.00339507,-0.00285903,-0.00233329,-0.00180284
1974-12-09,top500,500,0.19446202,0.41351433,0.57523072,0.70993732,-0.00055036,-0.00030138,-0.00012985,0.00014086,-0.00112940,-0.00097317,-0.00077240,-0.00056276,-0.00186281,-0.00144614,-0.00124305,-0.00096770,-0.00237857,-0.00186809,-0.00158974,-0.00115780,-0.00320095,-0.00252379,-0.00211554,-0.00154102
1975-01-09,top500,500,0.17360065,0.40085444,0.60174531,0.74950230,-0.00044579,-0.00025034,-0.00007019,0.00010453,-0.00126953,-0.00092729,-0.00068728,-0.00056879,-0.00173006,-0.00148322,-0.00119348,-0.00096038,-0.00233243,-0.00187509,-0.00161455,-0.00116217,-0.00340103,-0.00275754,-0.00226046,-0.00171992
1975-02-07,top500,500,0.07447977,0.22601371,0.43302380,0.63460696,-0.00027190,-0.00014908,-0.00002371,0.00019507,-0.00081887,-0.00059246,-0.00046684,0.00037356,-0.00133611,-0.00102524,-0.00082136,-0.00054641,-0.00225691,-0.00165732,-0.00141664,-0.00120282,-0.00319632,-0.00268235,-0.00221746,-0.00176394
1975-03-11,top500,500,0.02073668,0.08860010,0.24717659,0.43474503,-0.00017828,-0.00005215,0.00002310,0.00014579,-0.00045999,-0.00030747,-0.00021096,0.00033664,-0.00089760,-0.00071928,-0.00043528,0.00066826,-0.00154567,-0.00118902,-0.00091192,0.00088015,-0.00268821,-0.00192206,-0.00145048,0.00093244
1975-04-10,top500,500,0.01989355,0.08885095,0.20894750,0.40197445,-0.00013784,-0.00003872,0.00003172,0.00014059,-0.00046135,-0.00030853,0.00027060,0.00045145,-0.00076896,0.00033643,0.00057154,0.00079490,-0.00113426,0.00065679,0.00086188,0.00123305,-0.00159203,0.00110220,0.00146497,0.00204603
1975-05-09,top500,500,0.03913771,0.15381216,0.32568075,0.53235209,-0.00011028,0.00006759,0.00017675,0.00028507,-0.00039651,0.00040514,0.00054758,0.00078064,0.00044270,0.00069997,0.00099693,0.00128783,0.00089396,0.00112368,0.00137053,0.00165966,0.00144601,0.00174122,0.00212477,0.00285967
1975-06-10,top500,500,0.16110155,0.34762430,0.52988393,0.68455234,-0.00020222,0.00024808,0.00046938,0.00067755,0.00067341,0.00086038,0.00106523,0.00141379,0.00097776,0.00127585,0.00161714,0.00206971,0.00137033,0.00169416,0.00207942,0.00254608,0.00175783,0.00216665,0.00257650,0.00349180
1975-07-10,top500,500,0.41026634,0.58528470,0.70111437,0.80845134,0.00041514,0.00077452,0.00096868,0.00139014,0.00111558,0.00126279,0.00155864,0.00194355,0.00138492,0.00171442,0.00220652,0.00274186,0.00190634,0.00210428,0.00257127,0.00301397,0.00233971,0.00270150,0.00332263,0.00423243
1975-08-08,top500,500,0.59251333,0.71766725,0.79922801,0.86451027,0.00081583,0.00111092,0.00131153,0.00163904,0.00146822,0.00172968,0.00208720,0.00241132,0.00155593,0.00190330,0.00240921,0.00301865,0.00198115,0.00225923,0.00272603,0.00337048,0.00250307,0.00313266,0.00383218,0.00468551
1975-09-09,top500,500,0.57156720,0.70601760,0.77648687,0.84961142,0.00061633,0.00088111,0.00109880,0.00155471,0.00134972,0.00154461,0.00179767,0.00226068,0.00167047,0.00193403,0.00239061,0.00280437,0.00200974,0.00226631,0.00283468,0.00352605,0.00233388,0.00322969,0.00379088,0.00449305
1975-10-08,top500,500,0.39837659,0.58969023,0.70522987,0.80629391,0.00011068,0.00043430,0.00070303,0.00098069,0.00100071,0.00121373,0.00143645,0.00191290,0.00119400,0.00158503,0.00189055,0.00240605,0.00163183,0.00197051,0.00244039,0.00317111,0.00207810,0.00275286,0.00351631,0.00425623
1975-11-06,top500,500,0.29608609,0.53117688,0.66621368,0.79186027,-0.00000962,0.00026282,0.00039126,0.00081099,0.00078309,0.00096701,0.00117625,0.00158802,0.00109934,0.00144097,0.00186270,0.00229595,0.00152586,0.00183710,0.00229343,0.00290807,0.00196467,0.00253610,0.00324836,0.00413411
1975-12-08,top500,500,0.18167331,0.42853755,0.60698206,0.73912605,-0.00011494,0.00017330,0.00034881,0.00053521,0.00057075,0.00075677,0.00095311,0.00124687,0.00092393,0.00118465,0.00145682,0.00184215,0.00133649,0.00164585,0.00206891,0.00250573,0.00178848,0.00230961,0.00292921,0.00363170
1976-01-08,top500,500,0.09991308,0.31535809,0.54886346,0.72856547,-0.00014440,0.00005098,0.00015285,0.00031293,-0.00038004,0.00042863,0.00057780,0.00079490,0.00054085,0.00078234,0.00101608,0.00139217,0.00096203,0.00128140,0.00164566,0.00205982,0.00132092,0.00162535,0.00212309,0.00268355
1976-02-06,top500,500,0.10626772,0.29111669,0.52842653,0.74364707,-0.00011930,0.00000964,0.00016696,0.00027900,-0.00053854,0.00040951,0.00054449,0.00066566,0.00050223,0.00070637,0.00091786,0.00116620,0.00091596,0.00115623,0.00149257,0.00175516,0.00139217,0.00166925,0.00202376,0.00252681
1976-03-09,top500,500,0.10009780,0.31014886,0.56987588,0.76244110,-0.00014968,-0.00002580,0.00013990,0.00025660,-0.00039571,0.00050240,0.00063246,0.00076134,0.00065668,0.00086080,0.00098227,0.00117842,0.00094506,0.00123486,0.00160282,0.00195456,0.00140465,0.00176835,0.00217284,0.00248279
1976-04-07,top500,500,0.10930450,0.35321066,0.60071541,0.76439279,-0.00017462,0.00002980,0.00013041,0.00026111,-0.00031962,0.00052818,0.00061469,0.00079649,0.00069060,0.00092904,0.00113411,0.00138550,0.00104272,0.00123073,0.00160142,0.00202514,0.00139369,0.00165652,0.00214185,0.00262694
1976-05-07,top500,500,0.12870916,0.41979632,0.61683465,0.78033149,-0.00012792,0.00000208,0.00016565,0.00028319,-0.00037609,0.00055223,0.00069770,0.00092010,0.00083460,0.00106250,0.00118571,0.00146725,0.00098827,0.00119133,0.00148409,0.00219058,0.00133118,0.00168756,0.00221540,0.00276297
1976-06-08,top500,500,0.17139630,0.43741707,0.63624199,0.78241842,-0.00016068,0.00001467,0.00022679,0.00035140,0.00037635,0.00061186,0.00078803,0.00097730,0.00086253,0.00107876,0.00126471,0.00156233,0.00098961,0.00125261,0.00154126,0.00208426,0.00138845,0.00192250,0.00237922,0.00285028
1976-07-08,top500,500,0.28825624,0.53286465,0.70870166,0.81347653,-0.00008267,0.00011997,0.00031046,0.00048847,0.00062675,0.00076463,0.00094806,0.00127431,0.00089872,0.00113703,0.00132618,0.00166595,0.00128559,0.00156649,0.00197171,0.00264364,0.00140047,0.00180212,0.00230198,0.00282680
1976-08-06,top500,500,0.38310074,0.62607834,0.75641257,0.84545375,-0.00004471,0.00016110,0.00042143,0.00062148,0.00076207,0.00086599,0.00104291,0.00125454,0.00109738,0.00131912,0.00151863,0.00206095,0.00133934,0.00158924,0.00187547,0.00251495,0.00158873,0.00202891,0.00252984,0.00323365
1976-09-07,top500,500,0.29673352,0.60820138,0.73932044,0.83517869,-0.00007405,0.00010383,0.00033842,0.00051096,0.00062522,0.00077495,0.00100814,0.00128637,0.00102740,0.00124116,0.00151947,0.00177853,0.00120252,0.00153267,0.00179254,0.00224886,0.00145404,0.00183743,0.00243110,0.00315856
1976-10-06,top500,500,0.23870990,0.53468548,0.72247760,0.83013446,-0.00009693,0.00007492,0.00019796,0.00035306,0.00044831,0.00064077,0.00088400,0.00112059,0.00086994,0.00110506,0.00130802,0.00155950,0.00105704,0.00136766,0.00175948,0.00223305,0.00133398,0.00175926,0.00214737,0.00280721
1976-11-05,top500,500,0.16545992,0.42183895,0.65269892,0.79595369,-0.00019997,-0.00000695,0.00012899,0.00026436,0.00036748,0.00047523,0.00062834,0.00086242,0.00070118,0.00095385,0.00116322,0.00152696,0.00093097,0.00117849,0.00154802,0.00188190,0.00110591,0.00151941,0.00186429,0.00244421
1976-12-07,top500,500,0.11342579,0.33272227,0.59985263,0.76642436,-0.00013253,-0.00003710,0.00009911,0.00024890,-0.00035867,0.00036346,0.00047659,0.00065013,0.00052138,0.00074521,0.00095928,0.00130790,0.00079526,0.00098474,0.00129803,0.00155385,0.00098277,0.00131664,0.00162214,0.00194504
1977-01-06,top500,500,0.10902627,0.33024722,0.63158175,0.76879001,-0.00015435,-0.00003216,0.00006543,0.00020449,-0.00041681,0.00018445,0.00032844,0.00054077,0.00039135,0.00062949,0.00075731,0.00102130,0.00067987,0.00094141,0.00113098,0.00133399,0.00091318,0.00120858,0.00145536,0.00184897
1977-02-04,top500,500,0.13672253,0.39897842,0.63011990,0.80587902,-0.00015312,-0.00003178,0.00014040,0.00022956,-0.00047088,-0.00029093,0.00040475,0.00052160,-0.00048863,0.00069214,0.00081346,0.00104760,0.00062215,0.00092838,0.00113468,0.00131239,0.00090889,0.00109143,0.00140618,0.00189323
1977-03-08,top500,500,0.17541857,0.41263206,0.65277260,0.82451882,-0.00012733,0.00005723,0.00015590,0.00026744,-0.00046308,-0.00029789,0.00043219,0.00059853,-0.00064210,0.00055968,0.00073647,0.00092337,0.00051740,0.00096698,0.00109165,0.00129598,0.00093637,0.00115418,0.00146996,0.00183606
1977-04-06,top500,500,0.18453848,0.44277218,0.65277966,0.81636028,-0.00015116,0.00005443,0.00015634,0.00026541,-0.00046839,-0.00030355,0.00039519,0.00055467,-0.00060636,0.00064073,0.00079941,0.00097390,-0.00097756,0.00087752,0.00104888,0.00129648,0.00087450,0.00110223,0.00141661,0.00182712
1977-05-06,top500,500,0.18063247,0.46840809,0.65252978,0.80841293,-0.00011707,-0.00000113,0.00011440,0.00022857,-0.00046409,-0.00036238,0.00036184,0.00055684,-0.00064313,0.00059881,0.00074512,0.00089588,-0.00116061,0.00085982,0.00104148,0.00135818,0.00086945,0.00110349,0.00135994,0.00176756
1977-06-07,top500,500,0.16558796,0.44489427,0.66772628,0.80566090,-0.00020130,-0.00009639,0.00002640,0.00016705,-0.00041702,0.00027463,0.00041193,0.00052936,-0.00065653,0.00046579,0.00069621,0.00094349,-0.00103669,0.00076299,0.00099249,0.00125121,0.00078870,0.00107894,0.00127260,0.00188889
1977-07-07,top500,500,0.13228189,0.44079178,0.65668932,0.80314070,-0.00014347,-0.00007292,0.00004916,0.00015216,-0.00042261,0.00017094,0.00038804,0.00048717,-0.00080217,-0.00047778,0.00060712,0.00082318,-0.00108441,0.00075102,0.00092645,0.00119437,0.00072606,0.00099901,0.00135960,0.00178150
1977-08-08,top500,500,0.16493570,0.41612192,0.64975213,0.79050103,-0.00016234,-0.00005395,0.00005617,0.00022134,-0.00040350,-0.00026521,0.00032505,0.00049518,-0.00074291,-0.00047194,0.00057293,0.00069300,-0.00082924,0.00076721,0.00097053,0.00122766,0.00074232,0.00102238,0.00127343,0.00175316
1977-09-07,top500,500,0.09826439,0.36932595,0.58131424,0.75527317,-0.00014012,-0.00005874,0.00005109,0.00012993,-0.00040354,-0.00029078,0.00031156,0.00047740,-0.00069557,0.00037124,0.00056042,0.00076576,-0.00081098,0.00065214,0.00089129,0.00110388,-0.00113219,0.00090319,0.00116999,0.00171231
1977-10-06,top500,500,0.07586935,0.31273073,0.53330731,0.72193561,-0.00014260,-0.00006623,0.00003445,0.00010635,-0.00037905,-0.00021995,0.00023197,0.00036033,-0.00052904,0.00038343,0.00053387,0.00068922,-0.00068853,0.00056928,0.00077577,0.00097040,-0.00106179,0.00075787,0.00110077,0.00148289
1977-11-04,top500,500,0.07699257,0.23704935,0.45550931,0.67897626,-0.00014333,-0.00005301,0.00004781,0.00011364,-0.00029296,-0.00018679,0.00022886,0.00032510,-0.00050253,0.00017490,0.00038174,0.00057706,-0.00080594,0.00044017,0.00061082,0.00088399,-0.00133753,-0.00080743,0.00083189,0.00113869
1977-12-06,top500,500,0.06684887,0.22808122,0.44219740,0.67660479,-0.00008703,-0.00003821,0.00003490,0.00008408,-0.00029875,0.00014134,0.00023123,0.00031243,-0.00049341,-0.00030129,0.00035714,0.00052978,-0.00078327,-0.00055658,0.00047709,0.00077614,-0.00142601,-0.00107402,0.00073592,0.00098538
1978-01-06,top500,500,0.07500749,0.25323495,0.45959461,0.68402995,-0.00009639,-0.00002713,0.00003524,0.00011957,-0.00026965,0.00012966,0.00024239,0.00034083,-0.00054934,-0.00032698,0.00035140,0.00049393,-0.00074864,-0.00043826,0.00054746,0.00083826,-0.00149226,-0.00103010,0.00072031,0.00094902
1978-02-06,top500,500,0.07818716,0.26458165,0.46440567,0.67131532,-0.00011540,-0.00004591,0.00002614,0.00011038,-0.00025106,-0.00013646,0.00024274,0.00032680,-0.00051733,-0.00026843,0.00038415,0.00054007,-0.00075294,-0.00052255,0.00047519,0.00071368,-0.00152384,-0.00111307,0.00049604,0.00113053
1978-03-08,top500,500,0.06709570,0.23734880,0.46364585,0.66269315,-0.00009114,-0.00003384,0.00004969,0.00011692,-0.00024532,-0.00016386,0.00017319,0.00026184,-0.00051132,-0.00033425,0.00038663,0.00052525,-0.00078766,-0.00053843,0.00042135,0.00067730,-0.00155517,-0.00112651,-0.00083022,0.00105490
1978-04-07,top500,500,0.04845242,0.23990042,0.45409104,0.66977065,-0.00006891,-0.00001926,0.00002810,0.00008006,-0.00026574,-0.00019578,0.00015541,0.00028657,-0.00053425,-0.00037558,0.00026763,0.00044576,-0.00080819,-0.00061216,0.00046491,0.00072302,-0.00148129,-0.00117492,-0.00085845,0.00089633
1978-05-08,top500,500,0.05533731,0.20151706,0.37954940,0.61785779,-0.00008803,-0.00004217,0.00002417,0.00007183,-0.00026668,-0.00016397,0.00012528,0.00025910,-0.00045412,-0.00031573,0.00021345,0.00043717,-0.00079009,-0.00058696,0.00028305,0.00068430,-0.00122943,-0.00082282,0.00075098,0.00141089
1978-06-07,top500,500,0.05134323,0.17981228,0.32496063,0.56525543,-0.00008089,-0.00000728,0.00005494,0.00010948,-0.00027818,-0.00018845,0.00015161,0.00030359,-0.00043931,-0.00017702,0.00038634,0.00047748,-0.00063791,-0.00043033,0.00027881,0.00070619,-0.00074072,0.00083935,0.00112603,0.00171426
1978-07-07,top500,500,0.05348302,0.18980534,0.36439835,0.59616151,-0.00009568,-0.00002567,0.00003771,0.00010753,-0.00030289,-0.00011416,0.00021671,0.00030224,-0.00038607,0.00026457,0.00045816,0.00059805,-0.00028038,0.00055039,0.00071818,0.00095780,0.00054665,0.00109411,0.00146345,0.00215374
1978-08-07,top500,500,0.08236276,0.25032183,0.46340635,0.69060529,-0.00006717,-0.00000107,0.00005287,0.00012507,-0.00021039,0.00017804,0.00027092,0.00041248,0.00020542,0.00047612,0.00060301,0.00077680,0.00056075,0.00085761,0.00101926,0.00125537,0.00115073,0.00153477,0.00176221,0.00255470
1978-09-06,top500,500,0.12516305,0.36811624,0.59701372,0.77756030,-0.00009720,0.00000452,0.00010433,0.00020049,0.00022440,0.00035442,0.00043943,0.00055458,0.00048993,0.00073111,0.00090905,0.00109397,0.00091810,0.00111078,0.00133615,0.00165020,0.00142733,0.00178249,0.00212136,0.00299212
1978-10-05,top500,500,0.25509802,0.50423924,0.70266166,0.81775307,-0.00001329,0.00008177,0.00016723,0.00031287,0.00034403,0.00047576,0.00060555,0.00075643,0.00073491,0.00094058,0.00112484,0.00133688,0.00111002,0.00131813,0.00152187,0.00188077,0.00160282,0.00194073,0.00228958,0.00319742
1978-11-03,top500,500,0.24478546,0.49179093,0.66789097,0.77754477,-0.00005045,0.00004796,0.00018825,0.00030673,0.00035090,0.00050759,0.00063113,0.00074792,0.00074875,0.00091294,0.00108096,0.00125642,0.00111165,0.00133735,0.00155921,0.00181416,0.00145423,0.00185026,0.00222293,0.00297024
1978-12-05,top500,500,0.18547632,0.43125022,0.57472730,0.70824513,-0.00009138,0.00004001,0.00012710,0.00026843,0.00027101,0.00044942,0.00060271,0.00073714,0.00069565,0.00087439,0.00104380,0.00126370,0.00092084,0.00113930,0.00135412,0.00169836,0.00134689,0.00167913,0.00213937,0.00301100
1979-01-05,top500,500,0.15374660,0.35263477,0.52907664,0.68822091,-0.00009520,0.00001386,0.00009211,0.00023858,0.00025445,0.00046663,0.00058830,0.00068868,0.00050129,0.00081120,0.00101076,0.00118164,0.00078930,0.00110483,0.00133370,0.00171142,0.00114950,0.00151575,0.00203170,0.00261531
1979-02-05,top500,500,0.10016225,0.27547734,0.45853009,0.66587696,-0.00009517,0.00000450,0.00010845,0.00019689,0.00013772,0.00035161,0.00046623,0.00057632,0.00039059,0.00065308,0.00084365,0.00104023,0.00072229,0.00096398,0.00124822,0.00166168,0.00117440,0.00136072,0.00173006,0.00230662
1979-03-07,top500,500,0.04289152,0.17840278,0.34828468,0.62108055,-0.00005736,0.00000459,0.00005324,0.00012908,-0.00016516,0.00017440,0.00026161,0.00043774,0.00023161,0.00045073,0.00058177,0.00079052,0.00039250,0.00070147,0.00093286,0.00123136,0.00092446,0.00126630,0.00164150,0.00207556
1979-04-05,top500,500,0.04240633,0.13457834,0.31582945,0.59396990,-0.00007391,0.00000195,0.00005073,0.00011423,-0.00024836,-0.00008185,0.00019285,0.00030950,-0.00036470,0.00023325,0.00042014,0.00051082,-0.00039256,0.00056698,0.00081120,0.00100188,0.00075208,0.00116712,0.00145145,0.00187736
1979-05-07,top500,500,0.02856869,0.12820252,0.31179213,0.58680306,-0.00006879,-0.00000915,0.00003178,0.00005858,-0.00021767,-0.00012761,0.00017828,0.00025635,-0.00044800,0.00020674,0.00037866,0.00051800,-0.00050107,0.00050514,0.00072563,0.00101254,0.00070829,0.00112661,0.00150902,0.00195121
1979-06-06,top500,500,0.04301824,0.16529536,0.35960479,0.60025323,-0.00006549,-0.00001932,0.00003201,0.00008222,-0.00024289,-0.00016878,0.00012394,0.00028868,-0.00040441,0.00020932,0.00042418,0.00062741,-0.00062071,0.00039577,0.00067241,0.00100417,0.00089009,0.00129834,0.00157043,0.00210742
1979-07-06,top500,500,0.03917774,0.17447105,0.38568554,0.62818974,-0.00009128,-0.00001787,0.00003880,0.00010888,-0.00019721,-0.00011773,0.00021174,0.00033644,-0.00041818,0.00018176,0.00045268,0.00059219,-0.00067441,0.00054960,0.00079536,0.00105061,0.00083898,0.00131006,0.00162781,0.00236561
1979-08-06,top500,500,0.04838917,0.21989070,0.41505461,0.64449734,-0.00008445,-0.00002013,0.00004169,0.00009868,-0.00020699,0.00014884,0.00022971,0.00034887,-0.00035461,0.00041916,0.00057340,0.00076036,-0.00060646,0.00065168,0.00088608,0.00115992,0.00090448,0.00142002,0.00172866,0.00230119
1979-09-05,top500,500,0.11922530,0.30703996,0.53665121,0.72988047,-0.00012461,0.00000077,0.00010197,0.00017074,0.00015064,0.00033984,0.00043855,0.00054860,0.00034858,0.00055534,0.00078023,0.00108893,0.00078779,0.00101460,0.00125569,0.00148598,0.00135378,0.00176005,0.00209463,0.00262325
1979-10-04,top500,500,0.25065116,0.55722194,0.71662962,0.82901735,-0.00008903,0.00007644,0.00016300,0.00025293,0.00035601,0.00054453,0.00071286,0.00085252,0.00064172,0.00084909,0.00102670,0.00133782,0.00100487,0.00125670,0.00152738,0.00181703,0.00170544,0.00206201,0.00248361,0.00293516
1979-11-02,top500,500,0.25264482,0.56895735,0.73199789,0.87000799,-0.00008583,0.00005721,0.00015812,0.00024832,0.00038026,0.00052626,0.00066665,0.00088367,0.00077547,0.00091541,0.00106085,0.00135209,0.00105436,0.00134878,0.00165176,0.00198986,0.00174492,0.00214557,0.00268214,0.00315377
1979-12-04,top500,500,0.19053960,0.45094571,0.67929054,0.85539269,-0.00011778,0.00001176,0.00008765,0.00026889,0.00026421,0.00043328,0.00056510,0.00068647,0.00063717,0.00079147,0.00092420,0.00114176,0.00101398,0.00131900,0.00151618,0.00178662,0.00189159,0.00218935,0.00265083,0.00325827
1980-01-04,top500,500,0.19302489,0.46695697,0.69297282,0.86427090,-0.00009624,-0.00000256,0.00014005,0.00026116,-0.00019720,0.00040508,0.00055415,0.00070036,0.00065126,0.00086109,0.00097769,0.00132201,0.00099145,0.00139719,0.00157176,0.00233593,0.00181552,0.00227102,0.00263618,0.00319582
1980-02-04,top500,500,0.20253423,0.47740838,0.72481094,0.87550738,-0.00013791,0.00002895,0.00013774,0.00027141,-0.00031124,0.00042976,0.00054387,0.00067178,0.00065842,0.00090542,0.00114739,0.00158841,0.00120441,0.00149191,0.00180444,0.00247816,0.00192822,0.00238199,0.00281038,0.00346760
1980-03-05,top500,500,0.14347102,0.46913295,0.71390957,0.86676337,-0.00013887,-0.00000384,0.00010358,0.00021954,-0.00040069,-0.00018677,0.00043298,0.00063629,0.00057991,0.00087030,0.00104635,0.00147447,0.00141791,0.00173796,0.00210996,0.00300948,0.00210721,0.00252849,0.00309453,0.00382106
1980-04-03,top500,500,0.12327938,0.37220086,0.62765836,0.82578842,-0.00019859,-0.00009390,0.00006618,0.00021835,-0.00044722,-0.00034843,0.00036777,0.00052257,-0.00054692,0.00058025,0.00078271,0.00113282,0.00119604,0.00153937,0.00192224,0.00256024,0.00219121,0.00265975,0.00331118,0.00385186
1980-05-05,top500,500,0.10028283,0.31364760,0.53306522,0.76407511,-0.00017371,-0.00006836,0.00007721,0.00022456,-0.00044649,-0.00035112,0.00024362,0.00047327,-0.00071048,-0.00050152,0.00060144,0.00098588,-0.00063030,0.00120116,0.00157368,0.00183868,0.00214923,0.00263311,0.00307523,0.00360589
1980-06-04,top500,500,0.07919545,0.25280772,0.45724671,0.71477462,-0.00015005,-0.00005907,0.00002449,0.00009936,-0.00040350,-0.00032015,-0.00022500,0.00037817,-0.00066101,-0.00045267,0.00068674,0.00095484,-0.00077560,0.00102786,0.00128927,0.00157432,0.00193314,0.00251240,0.00285356,0.00354105
1980-07-03,top500,500,0.04515801,0.21827241,0.44846488,0.70883842,-0.00007020,-0.00001850,0.00005859,0.00011899,-0.00036256,-0.00025454,0.00023137,0.00037152,-0.00061233,-0.00039693,0.00055913,0.00086320,0.00089449,0.00115136,0.00134962,0.00173859,0.00179583,0.00241122,0.00283291,0.00352897
1980-08-04,top500,500,0.05455031,0.19680286,0.46651276,0.70481844,-0.00016180,-0.00006286,0.00003974,0.00015210,-0.00034591,0.00027636,0.00037429,0.00044012,0.00032383,0.00052777,0.00070004,0.00088832,0.00105999,0.00125273,0.00151297,0.00191684,0.00180482,0.00224364,0.00300086,0.00364073
1980-09-03,top500,500,0.10371070,0.30647590,0.54454589,0.73033934,-0.00005075,0.00009280,0.00020634,0.00027219,0.00035020,0.00050951,0.00057538,0.00067599,0.00067299,0.00080489,0.00093445,0.00125330,0.00114833,0.00141225,0.00167317,0.00198619,0.00183735,0.00240559,0.00307953,0.00360392
1980-10-02,top500,500,0.26616974,0.47376054,0.64096239,0.77606166,0.00006961,0.00032151,0.00045033,0.00059953,0.00060500,0.00074855,0.00087302,0.00098426,0.00092887,0.00112175,0.00129956,0.00165779,0.00136732,0.00167901,0.00194611,0.00250789,0.00203583,0.00255407,0.00326674,0.00395817
1980-10-31,top500,500,0.32238384,0.51199121,0.67499530,0.79175244,0.00017627,0.00040395,0.00049581,0.00067619,0.00069797,0.00082981,0.00100805,0.00121206,0.00103529,0.00129895,0.00149200,0.00174523,0.00145399,0.00175914,0.00212407,0.00281648,0.00208549,0.00266827,0.00335171,0.00401086
1980-12-03,top500,500,0.29871170,0.52454007,0.68154714,0.79531816,0.00019072,0.00037048,0.00046375,0.00061703,0.00075223,0.00085822,0.00097594,0.00131674,0.00113821,0.00141563,0.00167580,0.00194349,0.00151686,0.00188206,0.00227603,0.00304375,0.00237051,0.00294123,0.00351256,0.00433714
1981-01-05,top500,500,0.30372035,0.55552427,0.69925297,0.81216454,0.00019610,0.00036481,0.00043127,0.00059065,0.00071337,0.00085184,0.00102201,0.00125277,0.00113638,0.00145237,0.00172346,0.00200828,0.00169842,0.00201973,0.00251438,0.00321056,0.00232680,0.00300889,0.00356055,0.00448343
1981-02-03,top500,500,0.35089249,0.60286843,0.73891196,0.83900388,0.00016929,0.00036786,0.00055499,0.00070867,0.00077326,0.00093946,0.00109951,0.00137940,0.00127185,0.00155633,0.00180907,0.00220111,0.00174274,0.00207475,0.00245920,0.00313128,0.00218434,0.00279859,0.00347866,0.00443094
1981-03-05,top500,500,0.35087775,0.64222588,0.78436758,0.86217508,0.00007941,0.00028696,0.00043632,0.00063608,0.00082286,0.00100166,0.00119347,0.00147088,0.00140578,0.00166677,0.00201082,0.00263139,0.00177691,0.00216832,0.00259051,0.00345070,0.00214531,0.00267399,0.00340131,0.00417959
1981-04-03,top500,500,0.28159381,0.59382303,0.75287757,0.85165376,-0.00009469,0.00015233,0.00032497,0.00050055,0.00065758,0.00087686,0.00106501,0.00140702,0.00126611,0.00163154,0.00190138,0.00276569,0.00163284,0.00194689,0.00236651,0.00315476,0.00196213,0.00238024,0.00307105,0.00381616
1981-05-05,top500,500,0.22388945,0.49847673,0.70146898,0.82635051,-0.00016552,0.00004272,0.00024274,0.00047480,0.00050199,0.00069887,0.00092329,0.00135415,0.00101507,0.00137111,0.00168527,0.00225769,0.00139308,0.00167953,0.00190612,0.00247393,0.00177477,0.00207407,0.00282080,0.00341917
1981-06-04,top500,500,0.14983759,0.40471811,0.63889661,0.79607446,-0.00012775,0.00000378,0.00016757,0.00035961,0.00036524,0.00054272,0.00072982,0.00099876,0.00091771,0.00111046,0.00136684,0.00176299,0.00125021,0.00146023,0.00165911,0.00218175,0.00157973,0.00182643,0.00234497,0.00314596
1981-07-06,top500,500,0.10347326,0.36834619,0.60823373,0.78767026,-0.00014969,-0.00001899,0.00015330,0.00025349,0.00029660,0.00046381,0.00064500,0.00089010,0.00070194,0.00093189,0.00106167,0.00131092,0.00117095,0.00132291,0.00151930,0.00180878,0.00147296,0.00174519,0.00205821,0.00283749
1981-08-04,top500,500,0.11547673,0.35963055,0.60094474,0.74049874,-0.00027640,-0.00005379,0.00013416,0.00029693,-0.00032790,0.00037294,0.00047837,0.00067690,0.00036401,0.00077539,0.00101626,0.00132876,0.00100159,0.00118286,0.00135970,0.00167787,0.00136692,0.00160586,0.00192517,0.00254879
1981-09-02,top500,500,0.10791722,0.38049605,0.58746198,0.73098195,-0.00019726,-0.00008258,0.00004030,0.00021004,-0.00057852,0.00029374,0.00053707,0.00067833,0.00035633,0.00072433,0.00091859,0.00114606,0.00081413,0.00109170,0.00129708,0.00167301,0.00119664,0.00151016,0.00182063,0.00218745
1981-10-02,top500,500,0.14241881,0.34298126,0.51631096,0.69224112,-0.00029727,-0.00012946,0.00010812,0.00030452,-0.00056996,-0.00043214,0.00051808,0.00070611,-0.00085813,0.00057225,0.00085067,0.00112341,-0.00091283,0.00096646,0.00120606,0.00155613,0.00072889,0.00118839,0.00155913,0.00202396
1981-11-02,top500,500,0.12715070,0.34405882,0.54279903,0.71176070,-0.00008760,0.00001935,0.00020299,0.00030791,-0.00062244,-0.00037487,0.00055027,0.00072275,-0.00092144,-0.00071363,0.00076923,0.00101544,-0.00120271,0.00057805,0.00112318,0.00156085,-0.00149431,0.00105275,0.00134541,0.00182369
1981-12-02,top500,500,0.08941581,0.31230923,0.51952849,0.70211001,-0.00022249,-0.00010962,0.00005006,0.00021008,-0.00055943,0.00025728,0.00044765,0.00066900,-0.00091256,-0.00056931,0.00075705,0.00093732,-0.00115531,0.00052257,0.00103555,0.00131549,-0.00143028,0.00103862,0.00127842,0.00164852
1982-01-04,top500,500,0.08582696,0.25186707,0.50140603,0.70138642,-0.00020302,-0.00001397,0.00009698,0.00021145,-0.00047585,-0.00034332,0.00035343,0.00048802,-0.00078644,-0.00043572,0.00063975,0.00087239,-0.00119394,-0.00078273,0.00081755,0.00108287,-0.00151633,0.00100170,0.00125973,0.00168087
1982-02-02,top500,500,0.07588999,0.24875029,0.47196617,0.69211634,-0.00013114,-0.00002524,0.00008356,0.00016766,-0.00048302,-0.00028940,0.00033028,0.00045503,-0.00086873,-0.00066626,0.00045229,0.00069484,-0.00116440,-0.00095518,0.00066600,0.00104633,-0.00165287,0.00061652,0.00113546,0.00155388
1982-03-04,top500,500,0.08852977,0.30113736,0.53802907,0.73884717,-0.00015313,-0.00003129,0.00011193,0.00018661,-0.00053868,-0.00035497,-0.00014851,0.00039019,-0.00100652,-0.00074383,-0.00042598,0.00070444,-0.00138728,-0.00105171,0.00051681,0.00092272,-0.00189315,-0.00133619,0.00088345,0.00138889
1982-04-02,top500,500,0.11330716,0.33772109,0.58518495,0.76045341,-0.00021115,-0.00004923,0.00009178,0.00021069,-0.00064311,-0.00050771,-0.00032620,0.00043686,-0.00111031,-0.00078464,-0.00060410,0.00063479,-0.00163806,-0.00120666,-0.00083704,0.00092191,-0.00204679,-0.00161880,-0.00096615,0.00123238
1982-05-04,top500,500,0.12336083,0.34016769,0.53482413,0.76233914,-0.00023761,-0.00008753,0.00006277,0.00015821,-0.00066508,-0.00050249,-0.00025439,0.00048102,-0.00105098,-0.00071124,-0.00053549,0.00069451,-0.00158744,-0.00122169,0.00044585,0.00096980,-0.00199993,-0.00148917,0.00102602,0.00129428
1982-06-03,top500,500,0.12703502,0.31116514,0.57458998,0.76806078,-0.00024344,-0.00012541,0.00002253,0.00014938,-0.00059581,-0.00041835,0.00032485,0.00048972,-0.00105158,-0.00069707,-0.00039733,0.00082146,-0.00154617,-0.00119141,-0.00072748,0.00102136,-0.00201829,-0.00133687,0.00106391,0.00149911
1982-07-02,top500,500,0.12522042,0.41981155,0.63777902,0.78384954,-0.00021115,-0.00006455,0.00008783,0.00020835,-0.00064577,-0.00043952,-0.00019937,0.00052892,-0.00116698,-0.00084625,0.00064306,0.00086547,-0.00173539,-0.00130470,0.00070486,0.00110406,-0.00198095,0.00090227,0.00116083,0.00155856
1982-08-03,top500,500,0.15298433,0.45015861,0.67330476,0.79424891,-0.00029128,-0.00007779,0.00004472,0.00023538,-0.00073325,-0.00050172,0.00027944,0.00057021,-0.00130713,-0.00102722,-0.00045272,0.00097871,-0.00179289,-0.00117570,0.00089277,0.00127507,-0.00179838,0.00093551,0.00124301,0.00155087
1982-09-01,top500,500,0.15149798,0.41795944,0.62796879,0.80509577,-0.00028613,-0.00015296,-0.00001523,0.00013765,-0.00074189,-0.00052651,-0.00027697,0.00057412,-0.00118270,-0.00094856,-0.00048184,0.00082273,-0.00177144,-0.00128527,0.00089995,0.00138813,-0.00166031,0.00121251,0.00138337,0.00175733
1982-10-01,top500,500,0.10732196,0.32431651,0.58557503,0.80737682,-0.00023837,-0.00008186,0.00007389,0.00021394,-0.00061675,-0.00045101,-0.00028776,0.00048840,-0.00120079,-0.00086078,0.00057229,0.00089528,-0.00157540,0.00062553,0.00098065,0.00134336,0.00109848,0.00129768,0.00150538,0.00206997
1982-11-01,top500,500,0.06219142,0.24659625,0.53313066,0.78704069,-0.00020279,-0.00005182,0.00003814,0.00019338,-0.00062726,-0.00038753,0.00040245,0.00058703,-0.00102975,0.00056763,0.00086703,0.00110771,-0.00137384,0.00104790,0.00131125,0.00159509,0.00120048,0.00143904,0.00178853,0.00258552
1982-12-01,top500,500,0.09903870,0.32277878,0.59175097,0.81665162,-0.00025073,-0.00003063,0.00017786,0.00035336,-0.00044279,0.00060494,0.00073691,0.00095168,0.00056025,0.00109650,0.00140162,0.00170723,0.00119179,0.00148815,0.00175679,0.00218284,0.00136211,0.00170503,0.00211331,0.00283083
1982-12-31,top500,500,0.22218680,0.49774054,0.71819897,0.86155584,-0.00010544,0.00017817,0.00038684,0.00060766,0.00045325,0.00091006,0.00121291,0.00141919,0.00123194,0.00163015,0.00196241,0.00246887,0.00125226,0.00167126,0.00213730,0.00269479,0.00154049,0.00207223,0.00266094,0.00342721
1983-01-31,top500,500,0.32585057,0.58008372,0.77324403,0.87121451,-0.00031897,0.00023961,0.00062895,0.00090120,0.00100737,0.00123980,0.00148670,0.00180856,0.00148229,0.00173843,0.00211118,0.00270321,0.00151760,0.00205977,0.00241771,0.00301529,0.00160762,0.00218580,0.00286563,0.00358923
1983-03-02,top500,500,0.49155861,0.69138545,0.82146311,0.88457924,0.00013223,0.00052080,0.00084514,0.00128441,0.00126302,0.00160837,0.00191980,0.00226745,0.00144331,0.00192468,0.00229920,0.00283086,0.00163361,0.00219638,0.00273078,0.00363380,0.00188035,0.00271395,0.00333828,0.00387204
1983-03-31,top500,500,0.56489012,0.75159556,0.84263518,0.89287952,0.00034017,0.00066839,0.00099612,0.00137040,0.00134188,0.00167898,0.00199884,0.00248968,0.00181572,0.00215266,0.00266310,0.00311608,0.00164583,0.00247846,0.00299289,0.00386472,0.00211636,0.00295786,0.00345310,0.00435822
1983-05-02,top500,500,0.67870539,0.81290640,0.87538680,0.90935940,0.00059013,0.00086219,0.00121173,0.00167283,0.00148867,0.00179515,0.00218120,0.00262903,0.00193463,0.00237778,0.00270632,0.00316725,0.00169535,0.00249035,0.00321617,0.00385678,0.00280475,0.00315286,0.00362143,0.00479142
1983-06-01,top500,500,0.74439093,0.85249696,0.89547905,0.92850623,0.00088522,0.00114195,0.00145730,0.00182945,0.00166180,0.00194969,0.00244042,0.00281370,0.00185851,0.00246689,0.00284455,0.00338240,0.00246162,0.00285730,0.00340109,0.00389460,0.00268311,0.00323912,0.00379207,0.00468140
1983-06-30,top500,500,0.74451589,0.83185711,0.88408880,0.91878127,0.00086423,0.00130260,0.00147711,0.00178418,0.00145599,0.00179515,0.00226106,0.00285734,0.00203624,0.00255919,0.00304013,0.00351916,0.00205011,0.00256919,0.00290495,0.00344472,0.00287705,0.00337878,0.00415882,0.00495298
1983-08-01,top500,500,0.68798609,0.79549997,0.85879182,0.90232091,0.00076994,0.00107467,0.00141771,0.00171552,0.00120069,0.00155076,0.00187649,0.00248699,0.00175758,0.00221461,0.00250320,0.00309310,0.00203305,0.00236575,0.00277843,0.00336701,0.00265598,0.00316873,0.00380586,0.00454567
1983-08-30,top500,500,0.57105617,0.73794314,0.82026594,0.87953232,0.00042990,0.00080354,0.00104518,0.00123043,0.00092957,0.00123431,0.00160121,0.00189355,0.00122409,0.00167352,0.00193114,0.00221364,0.00177835,0.00209674,0.00255873,0.00294537,0.00202159,0.00258086,0.00307257,0.00410912
1983-09-29,top500,500,0.48588944,0.68140207,0.79274233,0.86902694,0.00027869,0.00051021,0.00067659,0.00091675,0.00085317,0.00115379,0.00138806,0.00156894,0.00082971,0.00140929,0.00165255,0.00192960,0.00160201,0.00184941,0.00226978,0.00260825,0.00184789,0.00230891,0.00274170,0.00393895
1983-10-28,top500,500,0.39423790,0.64717275,0.77605299,0.85440310,0.00008408,0.00033673,0.00050142,0.00068196,0.00070609,0.00093896,0.00115485,0.00138449,0.00092508,0.00125866,0.00146302,0.00182977,0.00129516,0.00167404,0.00193975,0.00243275,0.00166034,0.00201127,0.00238678,0.00322223
1983-11-29,top500,500,0.25633975,0.59559925,0.73071245,0.84165993,-0.00009107,0.00021049,0.00035363,0.00050206,0.00065436,0.00082065,0.00101704,0.00117129,0.00083227,0.00118121,0.00141670,0.00180712,0.00118823,0.00156456,0.00185096,0.00233461,0.00141837,0.00188811,0.00216985,0.00278019
1983-12-29,top500,500,0.20939236,0.47782096,0.67664627,0.81052073,-0.00012557,0.00011188,0.00022539,0.00040904,0.00044086,0.00054940,0.00074461,0.00097750,0.00080558,0.00097172,0.00117153,0.00167328,0.00090921,0.00125398,0.00157858,0.00193081,0.00139096,0.00167529,0.00195056,0.00228019
1984-01-30,top500,500,0.12738768,0.38516985,0.59793994,0.79069099,-0.00014031,0.00001673,0.00013361,0.00025207,0.00022301,0.00042744,0.00052846,0.00075170,0.00061584,0.00082107,0.00099557,0.00130480,0.00088689,0.00114548,0.00139775,0.00171886,0.00124593,0.00150322,0.00171768,0.00212283
1984-02-29,top500,500,0.07814486,0.23028439,0.44974805,0.68006452,-0.00015975,-0.00004555,0.00007883,0.00019231,-0.00032783,0.00026004,0.00037336,0.00050247,-0.00042442,0.00051876,0.00066641,0.00092080,-0.00045600,0.00082345,0.00101270,0.00116212,0.00099446,0.00127112,0.00149477,0.00185132
1984-03-29,top500,500,0.03713502,0.20300135,0.38490861,0.63863019,-0.00011476,-0.00005105,0.00003712,0.00011492,-0.00026422,0.00014393,0.00027914,0.00037661,-0.00056571,-0.00029062,0.00047347,0.00068122,-0.00070864,0.00063528,0.00080057,0.00104293,-0.00073985,0.00104126,0.00128711,0.00158006
1984-04-30,top500,500,0.05174983,0.19420244,0.39547936,0.63322341,-0.00010492,-0.00004454,0.00005514,0.00012677,-0.00033290,-0.00021763,0.00023259,0.00036483,-0.00059066,-0.00041673,0.00031474,0.00056489,-0.00099391,-0.00058558,0.00069179,0.00091583,-0.00106066,0.00072544,0.00107241,0.00141808
1984-05-30,top500,500,0.06003721,0.22332782,0.43541318,0.63759715,-0.00013586,-0.00007114,0.00003522,0.00010805,-0.00038850,-0.00028619,-0.00020324,0.00030232,-0.00057962,-0.00043769,0.00039223,0.00058921,-0.00101197,-0.00075094,0.00063889,0.00088826,-0.00157789,-0.00098514,0.00096974,0.00128902
1984-06-28,top500,500,0.07092531,0.21305210,0.43519735,0.63664382,-0.00013468,-0.00005230,0.00002112,0.00010836,-0.00042134,-0.00031720,-0.00022626,0.00029073,-0.00065221,-0.00050498,0.00039375,0.00057458,-0.00097209,-0.00069691,0.00052100,0.00085447,-0.00152086,-0.00094146,0.00079607,0.00126491
1984-07-30,top500,500,0.08412079,0.22094604,0.43771754,0.63935032,-0.00016664,-0.00005861,0.00002988,0.00012906,-0.00040633,-0.00025571,0.00018438,0.00036440,-0.00065293,-0.00053003,0.00023617,0.00051881,-0.00111292,-0.00082075,-0.00057874,0.00088928,-0.00159140,-0.00106464,-0.00065053,0.00115340
1984-08-28,top500,500,0.05419401,0.19482644,0.38202077,0.58233138,-0.00013392,-0.00008081,-0.00001313,0.00011120,-0.00035629,-0.00022506,0.00020066,0.00034993,-0.00072548,-0.00053325,-0.00029293,0.00048853,-0.00097746,-0.00075311,-0.00052752,0.00075675,-0.00150209,-0.00106193,0.00075117,0.00127749
1984-09-27,top500,500,0.03929852,0.13582207,0.31357899,0.53403720,-0.00010919,-0.00001565,0.00002928,0.00011448,-0.00030694,-0.00019298,0.00021359,0.00028162,-0.00059115,-0.00043161,0.00023389,0.00046366,-0.00090077,-0.00064382,0.00052534,0.00078727,-0.00140155,0.00058398,0.00098940,0.00141838
1984-10-26,top500,500,0.02655108,0.14585832,0.30993389,0.57319240,-0.00008732,-0.00002592,0.00003065,0.00009163,-0.00027124,0.00013596,0.00024299,0.00032384,-0.00051931,-0.00026556,0.00043254,0.00056776,-0.00089786,0.00042797,0.00069130,0.00088680,-0.00104738,0.00091145,0.00117056,0.00154933
1984-11-27,top500,500,0.06507094,0.19380324,0.37234395,0.61004930,-0.00012213,-0.00000409,0.00005227,0.00015553,-0.00033752,0.00024485,0.00031104,0.00041844,-0.00049495,0.00042780,0.00058205,0.00073479,-0.00084570,0.00066166,0.00082900,0.00106061,0.00079018,0.00105785,0.00119185,0.00149381
1984-12-27,top500,500,0.07271772,0.28056726,0.48195800,0.70172731,-0.00012880,-0.00000111,0.00010761,0.00020536,-0.00035981,0.00031959,0.00039609,0.00056934,0.00038508,0.00059317,0.00069661,0.00090422,0.00057535,0.00085080,0.00110146,0.00127688,0.00094654,0.00119298,0.00135799,0.00169465
1985-01-28,top500,500,0.16455216,0.45019966,0.65105015,0.80364579,-0.00018915,0.00000965,0.00012501,0.00026561,0.00031725,0.00049079,0.00060957,0.00081204,0.00066604,0.00082273,0.00097190,0.00115603,0.00088865,0.00106470,0.00123467,0.00160027,0.00120119,0.00143354,0.00161506,0.00184602
1985-02-27,top500,500,0.24196917,0.55024186,0.73745380,0.86837966,-0.00011943,0.00007131,0.00024082,0.00040787,0.00052026,0.00066947,0.00080310,0.00097541,0.00084744,0.00105359,0.00120736,0.00143205,0.00107449,0.00132291,0.00156573,0.00191752,0.00140026,0.00156854,0.00177732,0.00208483
1985-03-28,top500,500,0.31986983,0.61496146,0.79596931,0.88934161,-0.00009304,0.00007827,0.00029711,0.00055423,0.00062892,0.00078570,0.00097212,0.00124464,0.00092746,0.00117360,0.00138555,0.00172085,0.00117035,0.00140820,0.00170164,0.00204940,0.00151369,0.00167834,0.00193578,0.00229713
1985-04-29,top500,500,0.39471941,0.65541021,0.82617113,0.90371794,-0.00007636,0.00020364,0.00036098,0.00060163,0.00069129,0.00087267,0.00106373,0.00128899,0.00101057,0.00123584,0.00138884,0.00159920,0.00130610,0.00158558,0.00189578,0.00214500,0.00149416,0.00175435,0.00197655,0.00233347
1985-05-29,top500,500,0.45767421,0.70514573,0.85159860,0.92151337,-0.00002935,0.00022548,0.00046383,0.00062466,0.00075692,0.00096164,0.00111989,0.00129104,0.00115023,0.00141680,0.00162062,0.00186122,0.00133826,0.00154182,0.00180997,0.00219483,0.00160007,0.00184193,0.00205414,0.00241419
1985-06-27,top500,500,0.41017289,0.73200817,0.85222155,0.92143162,-0.00021899,0.00026164,0.00044572,0.00058773,0.00072642,0.00088776,0.00102284,0.00131297,0.00123221,0.00148570,0.00164531,0.00188067,0.00140601,0.00165397,0.00189840,0.00228639,0.00161765,0.00188562,0.00213661,0.00237470
1985-07-29,top500,500,0.37379944,0.72637256,0.84916418,0.92256860,-0.00006433,0.00017209,0.00040254,0.00052384,0.00063043,0.00083199,0.00100294,0.00128631,0.00113077,0.00133076,0.00159539,0.00184383,0.00139438,0.00155670,0.00179397,0.00214622,0.00162163,0.00190493,0.00209510,0.00233808
1985-08-27,top500,500,0.40006315,0.71438970,0.84478460,0.90194518,0.00003319,0.00019955,0.00034928,0.00053722,0.00067295,0.00078399,0.00097077,0.00113330,0.00109454,0.00131417,0.00147994,0.00173913,0.00136153,0.00146466,0.00172410,0.00197341,0.00155654,0.00184730,0.00209689,0.00250074
1985-09-26,top500,500,0.38042589,0.68631015,0.79714225,0.87681016,0.00001296,0.00016621,0.00034109,0.00048267,0.00066083,0.00078861,0.00093089,0.00113314,0.00096151,0.00115889,0.00135294,0.00166773,0.00120732,0.00137482,0.00156443,0.00185708,0.00151794,0.00176894,0.00203397,0.00254023
1985-10-28,top500,500,0.29143742,0.58386278,0.73948436,0.84165166,-0.00017861,0.00004502,0.00022923,0.00040501,0.00054327,0.00067507,0.00084051,0.00104073,0.00076485,0.00096823,0.00111635,0.00139554,0.00110637,0.00128241,0.00150863,0.00192252,0.00141852,0.00163458,0.00186945,0.00223758
1985-11-26,top500,500,0.28048785,0.54023003,0.73573878,0.83959104,-0.00020599,0.00005913,0.00021931,0.00037364,0.00047906,0.00063259,0.00074142,0.00094284,0.00076879,0.00089088,0.00101057,0.00133303,0.00107393,0.00127284,0.00143793,0.00168140,0.00149428,0.00167425,0.00191391,0.00223893
1985-12-27,top500,500,0.23817590,0.50377356,0.72006005,0.83209595,-0.00018515,0.00011421,0.00026282,0.00035502,-0.00040426,0.00054300,0.00065004,0.00082729,0.00072704,0.00082868,0.00097131,0.00131983,0.00103796,0.00118331,0.00137089,0.00166857,0.00142921,0.00170676,0.00192087,0.00222628
1986-01-28,top500,500,0.28567615,0.52719147,0.71450902,0.83479724,-0.00022458,0.00004575,0.00024982,0.00039229,0.00047022,0.00057512,0.00069498,0.00082293,0.00072703,0.00084378,0.00101130,0.00132588,0.00104693,0.00118540,0.00133090,0.00165932,0.00143638,0.00164584,0.00188779,0.00227060
1986-02-27,top500,500,0.36032756,0.59757222,0.73252065,0.84580229,-0.00002798,0.00013098,0.00034298,0.00052005,0.00060616,0.00075245,0.00085183,0.00097821,0.00092525,0.00103174,0.00126776,0.00149778,0.00117270,0.00133779,0.00153599,0.00171629,0.00159805,0.00177149,0.00200730,0.00247780
1986-03-31,top500,500,0.41229567,0.65200697,0.76143594,0.85357850,-0.00008885,0.00022232,0.00047545,0.00068825,0.00080705,0.00098201,0.00113485,0.00134310,0.00113368,0.00128247,0.00144280,0.00171242,0.00131848,0.00159177,0.00176298,0.00211319,0.00172074,0.00192197,0.00213619,0.00246489
1986-04-29,top500,500,0.50373964,0.71081776,0.79062936,0.86387034,-0.00018091,0.00028091,0.00059830,0.00086837,0.00097037,0.00116780,0.00139194,0.00168499,0.00132022,0.00148158,0.00168649,0.00195617,0.00144380,0.00172619,0.00189508,0.00221473,0.00187762,0.00212635,0.00236640,0.00281535
1986-05-29,top500,500,0.58520645,0.73380696,0.81288107,0.87171360,-0.00019075,0.00039219,0.00064371,0.00094682,0.00110774,0.00133182,0.00147421,0.00175261,0.00134735,0.00156069,0.00181842,0.00215604,0.00165833,0.00193119,0.00218560,0.00251823,0.00196154,0.00214434,0.00238312,0.00294698
1986-06-27,top500,500,0.64092895,0.78206885,0.85366974,0.89901247,-0.00005044,0.00045650,0.00071999,0.00106893,0.00115489,0.00146779,0.00168488,0.00194254,0.00157593,0.00177682,0.00215678,0.00241161,0.00173741,0.00205110,0.00225422,0.00264294,0.00212699,0.00240786,0.00264750,0.00327526
1986-07-29,top500,500,0.63423180,0.81919550,0.88752141,0.93394445,0.00005282,0.00051311,0.00087125,0.00111994,0.00122359,0.00143910,0.00172353,0.00206237,0.00173234,0.00192025,0.00221923,0.00256744,0.00190354,0.00224387,0.00251151,0.00283232,0.00214772,0.00240730,0.00272885,0.00333281
1986-08-27,top500,500,0.51588133,0.77394189,0.88006316,0.93322333,-0.00009685,0.00037718,0.00066272,0.00095137,0.00109036,0.00142695,0.00166431,0.00195872,0.00154930,0.00179853,0.00202497,0.00241968,0.00200756,0.00224489,0.00244971,0.00292480,0.00223432,0.00249733,0.00278011,0.00330908
1986-09-26,top500,500,0.40218077,0.68538569,0.81606880,0.88946304,-0.00026843,0.00023932,0.00052960,0.00070917,0.00090510,0.00109728,0.00135168,0.00159612,0.00141900,0.00169874,0.00193939,0.00213817,0.00177278,0.00197973,0.00232848,0.00276793,0.00205822,0.00232636,0.00256529,0.00308519
1986-10-27,top500,500,0.25740898,0.54466108,0.72708063,0.84529049,-0.00015392,0.00011490,0.00035545,0.00052513,0.00060853,0.00081212,0.00099374,0.00123444,0.00108299,0.00131024,0.00151240,0.00178861,0.00145626,0.00170463,0.00200066,0.00233926,0.00180399,0.00198351,0.00216085,0.00282643
1986-11-25,top500,500,0.16230628,0.44958806,0.65291813,0.79961570,-0.00019385,0.00005465,0.00021521,0.00031003,0.00036892,0.00059902,0.00075628,0.00097789,0.00085603,0.00104176,0.00124442,0.00152110,0.00126071,0.00146147,0.00175356,0.00198096,0.00160611,0.00174995,0.00196402,0.00229186
1986-12-26,top500,500,0.12958304,0.35943732,0.60460967,0.77754606,-0.00012186,0.00002390,0.00014165,0.00025974,-0.00029621,0.00047151,0.00061867,0.00076920,0.00058231,0.00082693,0.00108979,0.00142937,0.00111639,0.00125860,0.00153446,0.00179384,0.00139248,0.00160435,0.00174782,0.00206168
1987-01-27,top500,500,0.09423047,0.34997164,0.58644832,0.76817266,-0.00012755,-0.00001891,0.00005710,0.00017723,-0.00043163,0.00031291,0.00046693,0.00062715,0.00050809,0.00081301,0.00097146,0.00124606,0.00097706,0.00113382,0.00130956,0.00154330,0.00125555,0.00140426,0.00166202,0.00216978
1987-02-26,top500,500,0.11135604,0.34492786,0.58803393,0.74088588,-0.00014500,-0.00000365,0.00010627,0.00022048,-0.00035268,0.00034768,0.00047765,0.00070110,0.00056124,0.00080271,0.00100629,0.00131174,0.00096934,0.00114096,0.00128905,0.00153370,0.00123123,0.00142179,0.00174353,0.00223576
1987-03-27,top500,500,0.15797312,0.40717053,0.62277121,0.76269697,-0.00018095,0.00005536,0.00018625,0.00029796,0.00034689,0.00052117,0.00066304,0.00092592,0.00071882,0.00092207,0.00110417,0.00138448,0.00103270,0.00131678,0.00156661,0.00191664,0.00136568,0.00162116,0.00198645,0.00268933
1987-04-28,top500,500,0.15708338,0.43307338,0.61500064,0.78651343,-0.00013421,0.00002763,0.00018200,0.00034319,0.00044619,0.00056381,0.00070492,0.00087868,0.00073547,0.00096919,0.00121703,0.00147983,0.00112709,0.00135352,0.00171731,0.00199992,0.00166812,0.00209150,0.00245040,0.00308711
1987-05-28,top500,500,0.14228649,0.44634269,0.64830380,0.81747889,-0.00006498,0.00008195,0.00015335,0.00029656,0.00037175,0.00051019,0.00058431,0.00080636,0.00084227,0.00101601,0.00118171,0.00168886,0.00116651,0.00150696,0.00179280,0.00216128,0.00182416,0.00216712,0.00269237,0.00343064
1987-06-26,top500,500,0.20743813,0.55065034,0.72642456,0.84693286,-0.00010698,0.00006365,0.00023219,0.00032993,0.00042940,0.00056101,0.00073071,0.00095911,0.00098157,0.00118926,0.00135928,0.00166578,0.00148876,0.00176397,0.00207994,0.00255343,0.00197271,0.00233240,0.00293074,0.00366938
1987-07-28,top500,500,0.30319332,0.63454116,0.79416553,0.86721980,-0.00020270,0.00006950,0.00023240,0.00037676,0.00061278,0.00075150,0.00093995,0.00115570,0.00121567,0.00135836,0.00162727,0.00183043,0.00155178,0.00177986,0.00226973,0.00268417,0.00203270,0.00236791,0.00277013,0.00361469
1987-08-26,top500,500,0.38553985,0.67886268,0.82620512,0.88678091,-0.00015570,0.00003390,0.00030211,0.00045416,0.00071454,0.00089655,0.00115689,0.00143896,0.00127273,0.00148100,0.00168076,0.00214036,0.00159302,0.00180995,0.00210023,0.00265782,0.00201775,0.00255196,0.00304424,0.00359483
1987-09-25,top500,500,0.42297674,0.69240055,0.82218342,0.89179919,-0.00014656,0.00007445,0.00030755,0.00048436,0.00075387,0.00099042,0.00116413,0.00148308,0.00110919,0.00139984,0.00159657,0.00190511,0.00156405,0.00181194,0.00210235,0.00274797,0.00218509,0.00260464,0.00290326,0.00327818
1987-10-26,top500,500,0.23820126,0.49398364,0.65298101,0.78564787,-0.00007899,0.00005913,0.00029703,0.00043191,0.00059015,0.00071705,0.00086324,0.00103200,0.00087244,0.00103702,0.00121368,0.00141640,0.00131756,0.00152001,0.00171237,0.00230309,0.00207981,0.00242761,0.00270236,0.00315960
1987-11-24,top500,500,0.03753304,0.14909272,0.32458325,0.55570306,-0.00010786,-0.00001574,0.00008761,0.00023625,-0.00017280,0.00030335,0.00040334,0.00050489,-0.00022337,0.00061331,0.00073183,0.00093721,0.00085816,0.00109015,0.00133758,0.00168592,0.00121756,0.00181650,0.00223980,0.00307324
1987-12-24,top500,500,0.02174994,0.09036745,0.21896801,0.41564786,-0.00010844,-0.00004397,0.00003917,0.00013362,-0.00035875,-0.00025782,0.00013299,0.00033092,-0.00062638,-0.00023925,0.00050954,0.00075058,-0.00095726,-0.00044147,0.00072891,0.00109162,-0.00080506,0.00099144,0.00160218,0.00237745
1988-01-26,top500,500,0.03678055,0.12232343,0.25807425,0.44573963,-0.00017321,-0.00005742,0.00004028,0.00017601,-0.00046554,-0.00030184,-0.00016865,0.00035082,-0.00073106,-0.00057781,-0.00041887,0.00050019,-0.00118157,-0.00088134,0.00038491,0.00090314,-0.00162586,-0.00117615,-0.00042453,0.00179861
1988-02-25,top500,500,0.03921596,0.12814703,0.26038052,0.46278357,-0.00017519,-0.00007865,0.00002183,0.00010112,-0.00041705,-0.00030369,0.00011068,0.00042014,-0.00078726,-0.00058729,-0.00043771,0.00048232,-0.00121971,-0.00097358,-0.00079838,0.00057377,-0.00184393,-0.00138265,-0.00063627,0.00146378
1988-03-25,top500,500,0.02674290,0.09238147,0.23578847,0.43706851,-0.00016576,-0.00006002,0.00002707,0.00009728,-0.00035955,-0.00026993,0.00016846,0.00035684,-0.00069149,-0.00052423,-0.00024106,0.00052818,-0.00109150,-0.00092847,-0.00069491,0.00057282,-0.00165206,-0.00123837,0.00070749,0.00156313
1988-04-26,top500,500,0.02506706,0.09538222,0.21025444,0.39503375,-0.00011505,-0.00003342,0.00005735,0.00014607,-0.00038694,-0.00026187,0.00013908,0.00033357,-0.00070653,-0.00046420,0.00037315,0.00060995,-0.00104962,-0.00079540,-0.00056981,0.00057444,-0.00178755,-0.00117442,0.00047079,0.00136318
1988-05-25,top500,500,0.02765992,0.10629628,0.21362605,0.41615958,-0.00015263,-0.00006081,0.00006444,0.00017084,-0.00040423,-0.00027536,0.00023077,0.00038398,-0.00073988,-0.00051169,-0.00026835,0.00051149,-0.00105935,-0.00076932,-0.00034968,0.00084966,-0.00174067,-0.00121762,-0.00061476,0.00135685
1988-06-24,top500,500,0.02181437,0.09871005,0.21249930,0.37342743,-0.00009248,-0.00001133,0.00005547,0.00012807,-0.00038839,-0.00028030,0.00020761,0.00043127,-0.00066934,-0.00043940,0.00024966,0.00060542,-0.00092356,-0.00070329,0.00022761,0.00071882,-0.00147864,-0.00091480,0.00052461,0.00157642
1988-07-26,top500,500,0.02767111,0.08866393,0.19405306,0.35304797,-0.00014307,-0.00004210,0.00006005,0.00014900,-0.00035554,-0.00023250,0.00026546,0.00037024,-0.00056821,-0.00017496,0.00046919,0.00065720,-0.00077446,-0.00038475,0.00072790,0.00104435,-0.00106125,0.00046305,0.00079175,0.00174217
1988-08-24,top500,500,0.02901519,0.10556467,0.23883660,0.44378511,-0.00010139,-0.00002176,0.00006822,0.00017386,-0.00028959,0.00022885,0.00029642,0.00043053,-0.00037464,0.00043674,0.00058409,0.00073424,-0.00051684,0.00067450,0.00092543,0.00107879,0.00053254,0.00106968,0.00152091,0.00205806
1988-09-23,top500,500,0.06581927,0.22847394,0.40044091,0.58249494,-0.00012983,0.00000673,0.00013269,0.00022341,0.00015100,0.00036763,0.00048183,0.00062612,0.00055854,0.00072109,0.00085350,0.00100552,0.00066961,0.00096369,0.00116419,0.00143161,0.00105860,0.00155714,0.00196449,0.00238683
1988-10-24,top500,500,0.23843511,0.47475949,0.64755535,0.78140339,-0.00008697,0.00015467,0.00028713,0.00040790,0.00039380,0.00054230,0.00072160,0.00085218,0.00062309,0.00085188,0.00102346,0.00130126,0.00098252,0.00118532,0.00147441,0.00188167,0.00139766,0.00171911,0.00215829,0.00277163
1988-11-22,top500,500,0.17901662,0.43184895,0.60268431,0.75926648,-0.00012152,0.00009681,0.00019873,0.00034706,0.00035428,0.00049080,0.00060185,0.00077759,0.00050076,0.00070692,0.00078620,0.00107945,0.00077634,0.00100529,0.00124173,0.00155732,0.00126333,0.00160579,0.00190193,0.00257676
1988-12-22,top500,500,0.12898456,0.36211650,0.56403833,0.73362390,-0.00013398,0.00002205,0.00011027,0.00020656,-0.00024190,0.00033688,0.00041219,0.00049642,0.00040658,0.00053825,0.00061841,0.00083892,0.00060231,0.00078356,0.00096098,0.00130733,0.00106572,0.00135153,0.00170695,0.00226150
1989-01-24,top500,500,0.14137615,0.33920042,0.55051589,0.71202249,-0.00014991,-0.00002377,0.00009619,0.00018964,-0.00031761,0.00025290,0.00034647,0.00048134,0.00026789,0.00045197,0.00053461,0.00065339,0.00055462,0.00074468,0.00094564,0.00120279,0.00091001,0.00124143,0.00155979,0.00202509
1989-02-23,top500,500,0.15334286,0.36481823,0.60966943,0.75046885,-0.00014954,-0.00003122,0.00009265,0.00021808,-0.00033347,0.00026991,0.00037705,0.00053760,0.00035339,0.00049545,0.00064533,0.00081352,0.00061257,0.00082393,0.00100040,0.00121883,0.00086001,0.00121966,0.00156763,0.00198222
1989-03-27,top500,500,0.16105155,0.43852774,0.64072682,0.79191770,-0.00016960,-0.00000822,0.00009886,0.00022351,-0.00022639,0.00032090,0.00041217,0.00052226,0.00045605,0.00060710,0.00073081,0.00099407,0.00068251,0.00086295,0.00107307,0.00133759,0.00097387,0.00124278,0.00156915,0.00220089
1989-04-25,top500,500,0.20730525,0.47894990,0.68568012,0.82586639,-0.00014139,0.00003732,0.00012817,0.00026912,0.00019183,0.00033419,0.00048294,0.00061854,0.00056084,0.00068287,0.00084637,0.00106852,0.00078304,0.00092813,0.00115687,0.00141775,0.00106609,0.00133161,0.00160893,0.00226534
1989-05-24,top500,500,0.21209330,0.50227828,0.69477830,0.83398293,-0.00013329,-0.00000575,0.00010694,0.00024386,0.00033389,0.00044229,0.00052179,0.00074133,0.00060815,0.00073929,0.00089903,0.00115287,0.00080366,0.00099854,0.00122700,0.00150072,0.00111729,0.00140901,0.00165564,0.00222545
1989-06-23,top500,500,0.32417210,0.60103886,0.75599688,0.85761572,-0.00006232,0.00010311,0.00026165,0.00041117,0.00042104,0.00056139,0.00071493,0.00087271,0.00074734,0.00094438,0.00113294,0.00141371,0.00093705,0.00111297,0.00132377,0.00169721,0.00123743,0.00156638,0.00173714,0.00225195
1989-07-25,top500,500,0.44457518,0.70937833,0.80259804,0.88738876,-0.00006136,0.00022893,0.00040555,0.00054244,0.00055852,0.00070178,0.00085048,0.00107417,0.00088706,0.00108505,0.00124402,0.00164413,0.00113537,0.00133324,0.00170162,0.00211806,0.00129923,0.00161261,0.00184031,0.00226360
1989-08-23,top500,500,0.54903638,0.74344575,0.84063160,0.90297679,0.00017645,0.00038251,0.00053106,0.00069556,0.00071248,0.00083177,0.00101341,0.00121621,0.00100436,0.00122774,0.00151524,0.00178327,0.00127856,0.00146500,0.00170080,0.00211753,0.00137995,0.00173540,0.00198261,0.00253840
1989-09-22,top500,500,0.61802218,0.77635242,0.86533451,0.91070303,0.00021556,0.00042105,0.00061827,0.00083887,0.00081645,0.00097222,0.00117759,0.00159228,0.00109375,0.00124404,0.00150023,0.00190510,0.00132588,0.00154143,0.00181398,0.00210559,0.00153447,0.00188075,0.00222149,0.00273488
1989-10-23,top500,500,0.65716386,0.80688551,0.88628900,0.92574326,0.00024549,0.00052810,0.00073342,0.00090883,0.00087290,0.00100780,0.00123901,0.00157246,0.00108583,0.00128961,0.00154948,0.00188759,0.00139960,0.00166295,0.00179575,0.00219039,0.00176541,0.00205756,0.00233476,0.00276322
1989-11-21,top500,500,0.52361899,0.75515500,0.85917815,0.91928939,0.00011959,0.00038601,0.00060540,0.00071064,0.00074669,0.00103162,0.00118335,0.00151006,0.00106391,0.00128141,0.00160733,0.00207113,0.00125525,0.00148796,0.00167181,0.00197306,0.00169690,0.00195105,0.00221185,0.00260040
1989-12-21,top500,500,0.42085915,0.67858940,0.84386608,0.91248542,-0.00005504,0.00017500,0.00035342,0.00059477,0.00058301,0.00090384,0.00107446,0.00145679,0.00101630,0.00127451,0.00149553,0.00177702,0.00117081,0.00138778,0.00169079,0.00199238,0.00150865,0.00177295,0.00208127,0.00245595
1990-01-23,top500,500,0.25886572,0.62838256,0.81450958,0.89823449,-0.00016775,0.00004096,0.00022929,0.00037777,0.00052530,0.00068295,0.00093818,0.00114512,0.00097604,0.00114414,0.00136768,0.00181491,0.00111157,0.00133772,0.00158055,0.00183355,0.00133322,0.00159782,0.00195202,0.00224436
1990-02-22,top500,500,0.13852543,0.50440593,0.72585074,0.83916531,-0.00018438,-0.00001807,0.00011129,0.00023730,-0.00062368,0.00041385,0.00066897,0.00088211,0.00076396,0.00095468,0.00115673,0.00150502,0.00098461,0.00125983,0.00148254,0.00172423,0.00124294,0.00144004,0.00169093,0.00203134
1990-03-23,top500,500,0.14197923,0.42475612,0.63145686,0.79398199,-0.00027771,-0.00007750,0.00005105,0.00022183,-0.00053395,-0.00031912,0.00051316,0.00076658,-0.00059689,0.00066390,0.00079243,0.00101107,0.00076244,0.00104175,0.00123526,0.00145269,0.00109522,0.00132402,0.00165776,0.00206015
1990-04-24,top500,500,0.16908591,0.40877679,0.58931595,0.74811171,-0.00021516,-0.00004200,0.00010213,0.00020204,-0.00056325,-0.00031222,0.00041817,0.00060319,-0.00084648,0.00046325,0.00062749,0.00082389,-0.00088769,0.00075421,0.00091201,0.00118608,0.00097051,0.00124149,0.00153588,0.00198697
1990-05-23,top500,500,0.11861401,0.37076466,0.57597693,0.73775574,-0.00012322,0.00002016,0.00010725,0.00018208,-0.00045333,-0.00026415,0.00030013,0.00048410,-0.00071022,0.00046437,0.00063792,0.00078741,-0.00121677,-0.00068626,0.00079644,0.00107990,-0.00118865,0.00100757,0.00134897,0.00180026
1990-06-22,top500,500,0.10574309,0.31355779,0.54998591,0.73363484,-0.00019278,-0.00006281,0.00004749,0.00014293,-0.00045905,-0.00022018,0.00029533,0.00042189,-0.00067259,0.00032528,0.00055366,0.00072176,-0.00104614,0.00057861,0.00090086,0.00115103,-0.00120463,0.00101779,0.00135225,0.00181108
1990-07-24,top500,500,0.09632404,0.28599354,0.52271864,0.74287749,-0.00008571,0.00000332,0.00008256,0.00014539,-0.00050242,-0.00030857,0.00022112,0.00040499,-0.00063136,-0.00021235,0.00051619,0.00072640,-0.00102891,0.00058044,0.00094911,0.00120698,-0.00132262,0.00103210,0.00139356,0.00189407
1990-08-22,top500,500,0.07001144,0.27330837,0.50760419,0.73098475,-0.00009932,0.00001146,0.00006993,0.00012838,-0.00035337,-0.00023581,0.00015254,0.00035272,-0.00066838,-0.00040302,0.00054221,0.00073854,-0.00098503,0.00065538,0.00098510,0.00123132,-0.00148018,0.00086847,0.00133575,0.00205164
1990-09-21,top500,500,0.07812927,0.25244031,0.48384007,0.69444599,-0.00012284,-0.00004265,0.00001130,0.00011543,-0.00042516,-0.00029356,0.00017976,0.00037120,-0.00077531,-0.00044464,0.00050297,0.00076507,-0.00106495,0.00045729,0.00083832,0.00119151,-0.00157549,-0.00077250,0.00125328,0.00192586
1990-10-22,top500,500,0.08180449,0.26071152,0.46122876,0.65930497,-0.00020168,-0.00011860,-0.00001760,0.00014561,-0.00043883,-0.00022817,0.00023990,0.00044696,-0.00090825,-0.00060720,0.00036351,0.00071952,-0.00122481,-0.00080867,0.00063410,0.00101965,-0.00171430,-0.00103570,0.00107669,0.00151310
1990-11-20,top500,500,0.09609685,0.25381845,0.47263300,0.64578878,-0.00018307,-0.00009677,0.00004385,0.00010601,-0.00055280,-0.00026287,0.00030487,0.00043409,-0.00094010,-0.00065027,-0.00026844,0.00071394,-0.00146512,-0.00107027,-0.00046078,0.00100169,-0.00197211,-0.00138845,0.00074753,0.00138800
1990-12-20,top500,500,0.09958502,0.25679347,0.45624786,0.65497420,-0.00024127,-0.00008490,0.00001792,0.00013491,-0.00054778,-0.00032117,0.00022189,0.00043201,-0.00100675,-0.00064866,0.00035275,0.00065304,-0.00146164,-0.00103628,0.00064672,0.00098303,-0.00232922,-0.00127577,0.00087205,0.00147427
1991-01-22,top500,500,0.07018429,0.23571316,0.42616666,0.64517838,-0.00015089,-0.00006227,0.00002709,0.00016963,-0.00060473,-0.00032806,0.00020262,0.00039096,-0.00101493,-0.00077490,-0.00052735,0.00052620,-0.00151594,-0.00103713,0.00058487,0.00095779,-0.00211691,-0.00087338,0.00103403,0.00152131
1991-02-21,top500,500,0.06014592,0.17827480,0.36664044,0.60982819,-0.00020056,-0.00007259,0.00004062,0.00016577,-0.00053079,-0.00038754,0.00020269,0.00035521,-0.00100139,-0.00065290,0.00034138,0.00056680,-0.00169551,-0.00076020,0.00066832,0.00098443,-0.00142798,0.00090319,0.00124591,0.00159542
1991-03-22,top500,500,0.03171447,0.14655330,0.33022806,0.58262456,-0.00015541,-0.00006427,0.00003291,0.00011363,-0.00053219,-0.00026420,0.00027459,0.00045188,-0.00091937,-0.00035830,0.00057223,0.00076721,-0.00108880,0.00049464,0.00075540,0.00104658,0.00079932,0.00101146,0.00137033,0.00178964
1991-04-23,top500,500,0.04228072,0.14805350,0.37577853,0.61862899,-0.00016736,-0.00000129,0.00010775,0.00018937,-0.00038755,0.00026628,0.00044709,0.00065260,-0.00063794,0.00045830,0.00071683,0.00103785,0.00050502,0.00085774,0.00121569,0.00156389,0.00092291,0.00130386,0.00166014,0.00219348
1991-05-22,top500,500,0.07201480,0.22383459,0.43847360,0.67318601,-0.00016460,-0.00003169,0.00020061,0.00034081,0.00018479,0.00045605,0.00066668,0.00089750,0.00042351,0.00074977,0.00106018,0.00144496,0.00070612,0.00124212,0.00151514,0.00190214,0.00100985,0.00137846,0.00177135,0.00233570
1991-06-21,top500,500,0.17875339,0.39339027,0.60103482,0.75140795,-0.00006789,0.00013671,0.00036366,0.00064321,0.00047493,0.00082408,0.00111118,0.00157020,0.00090665,0.00124629,0.00167430,0.00219403,0.00095238,0.00150864,0.00172790,0.00217521,0.00114325,0.00166730,0.00219327,0.00298730
1991-07-23,top500,500,0.38855814,0.62773767,0.74433292,0.83817733,-0.00002597,0.00027628,0.00044620,0.00083615,0.00078463,0.00118299,0.00151972,0.00219089,0.00115788,0.00158350,0.00189763,0.00239924,0.00098892,0.00165376,0.00196679,0.00271930,0.00173263,0.00222045,0.00258659,0.00361493
1991-08-21,top500,500,0.49133971,0.72801219,0.82362449,0.89261374,0.00003936,0.00032404,0.00061692,0.00098445,0.00087997,0.00120645,0.00155513,0.00209892,0.00111569,0.00156598,0.00208979,0.00273460,0.00160316,0.00197557,0.00247937,0.00311853,0.00187305,0.00239403,0.00291850,0.00370058
1991-09-20,top500,500,0.47845467,0.72544372,0.83295048,0.90381009,-0.00009231,0.00031738,0.00055253,0.00085284,0.00089252,0.00118662,0.00138664,0.00201803,0.00123264,0.00173981,0.00208699,0.00269013,0.00149136,0.00209146,0.00246492,0.00348318,0.00187406,0.00251687,0.00307739,0.00410998
1991-10-21,top500,500,0.36972502,0.64003216,0.80418447,0.88785494,-0.00007115,0.00022478,0.00041384,0.00057885,0.00072968,0.00095497,0.00114954,0.00148286,0.00110446,0.00150225,0.00188277,0.00255013,0.00093380,0.00179641,0.00216397,0.00313166,0.00162157,0.00237743,0.00278771,0.00389270
1991-11-19,top500,500,0.24811310,0.56826849,0.76076995,0.87313393,-0.00008190,0.00010226,0.00025656,0.00043884,0.00050413,0.00071758,0.00095252,0.00124690,0.00090637,0.00131107,0.00163731,0.00218084,0.00099991,0.00152115,0.00186484,0.00279687,0.00148001,0.00208950,0.00249371,0.00338303
1991-12-19,top500,500,0.15409805,0.48657886,0.70193163,0.86630493,-0.00013410,0.00001272,0.00015128,0.00024539,-0.00028772,0.00047410,0.00068444,0.00092420,0.00080010,0.00109124,0.00135810,0.00168975,0.00093322,0.00133951,0.00174776,0.00242821,0.00124080,0.00174628,0.00220590,0.00306526
1992-01-21,top500,500,0.14856889,0.45854519,0.69139075,0.86519722,-0.00016664,0.00000366,0.00008677,0.00020111,-0.00050528,0.00037239,0.00061594,0.00082965,0.00054293,0.00078396,0.00102741,0.00135003,0.00097493,0.00137348,0.00169027,0.00207437,0.00120352,0.00177601,0.00208540,0.00292014
1992-02-20,top500,500,0.17488920,0.46378002,0.69552778,0.87189347,-0.00010666,0.00003865,0.00015932,0.00031249,-0.00051136,0.00033263,0.00055517,0.00074149,-0.00053540,0.00078741,0.00093360,0.00134556,0.00095621,0.00133575,0.00153320,0.00198107,0.00126081,0.00184803,0.00226376,0.00310061
1992-03-20,top500,500,0.17546966,0.48356550,0.68763067,0.84800928,-0.00018877,-0.00004755,0.00007951,0.00024453,-0.00041902,0.00046816,0.00066406,0.00084532,0.00053309,0.00085783,0.00104605,0.00134255,0.00090070,0.00116656,0.00140852,0.00188289,0.00133825,0.00180608,0.00229738,0.00326678
1992-04-21,top500,500,0.18123396,0.49887455,0.69060252,0.83117853,-0.00017392,-0.00002036,0.00011505,0.00025865,-0.00037538,0.00047262,0.00067798,0.00093104,0.00065994,0.00090867,0.00109926,0.00131319,0.00084923,0.00116050,0.00141790,0.00193570,0.00138741,0.00184554,0.00215021,0.00306376
1992-05-20,top500,500,0.19441026,0.48475843,0.65521305,0.80872729,-0.00014986,-0.00002044,0.00013424,0.00026703,-0.00037515,0.00046507,0.00068810,0.00094046,0.00067019,0.00089753,0.00108373,0.00138885,0.00085436,0.00111142,0.00130314,0.00184631,0.00127091,0.00165663,0.00202474,0.00293741
1992-06-19,top500,500,0.17235378,0.44798401,0.64565640,0.78724366,-0.00014524,-0.00003412,0.00012952,0.00033907,0.00019425,0.00047127,0.00062863,0.00088385,0.00061890,0.00081011,0.00105090,0.00137940,0.00083595,0.00114558,0.00144579,0.00194286,0.00114750,0.00152486,0.00183287,0.00247997
1992-07-21,top500,500,0.14696107,0.43619072,0.62673823,0.77320178,-0.00019046,-0.00004040,0.00012326,0.00026680,-0.00024037,0.00040513,0.00055696,0.00075350,0.00049809,0.00069304,0.00094656,0.00120386,0.00083623,0.00114296,0.00149646,0.00175484,0.00108098,0.00133337,0.00168965,0.00234029
1992-08-19,top500,500,0.12702296,0.38920276,0.63178120,0.77684969,-0.00016313,-0.00005884,0.00006738,0.00023020,0.00022089,0.00041993,0.00053525,0.00068731,0.00046266,0.00068208,0.00088900,0.00125751,0.00074484,0.00108273,0.00128087,0.00163709,0.00115248,0.00140041,0.00168212,0.00220900
1992-09-18,top500,500,0.11450752,0.37108705,0.59353148,0.75970231,-0.00015011,0.00001844,0.00013705,0.00027422,-0.00035123,0.00033561,0.00044427,0.00062959,0.00052925,0.00070773,0.00087542,0.00104976,0.00069962,0.00091590,0.00117078,0.00156050,0.00108216,0.00136689,0.00163497,0.00214024
1992-10-19,top500,500,0.12852350,0.36964044,0.57943901,0.74042152,-0.00013964,0.00002337,0.00011102,0.00020955,-0.00046463,0.00031467,0.00047575,0.00067433,0.00050917,0.00068112,0.00082952,0.00106076,0.00068431,0.00090357,0.00108198,0.00135145,0.00085086,0.00116046,0.00146364,0.00197885
1992-11-17,top500,500,0.12679555,0.40138514,0.58032233,0.73899838,-0.00014259,-0.00000076,0.00014490,0.00026075,-0.00036198,0.00038048,0.00050760,0.00064291,0.00045059,0.00069100,0.00084410,0.00107569,0.00057962,0.00079410,0.00100850,0.00138148,0.00083697,0.00113801,0.00147196,0.00210028
1992-12-17,top500,500,0.13126245,0.37276238,0.58036018,0.74355256,-0.00013269,-0.00002130,0.00011858,0.00023707,-0.00030529,0.00033870,0.00047905,0.00069388,-0.00046436,0.00057280,0.00071596,0.00089362,0.00053515,0.00074103,0.00087774,0.00125236,0.00076509,0.00107580,0.00143369,0.00204995
1993-01-19,top500,500,0.16536721,0.43224397,0.62344518,0.79560246,-0.00008172,0.00007916,0.00018527,0.00028260,-0.00046255,0.00036874,0.00051787,0.00069004,0.00040062,0.00068408,0.00085581,0.00107664,0.00069643,0.00088854,0.00099234,0.00122665,0.00081056,0.00116988,0.00146279,0.00213762
1993-02-18,top500,500,0.20797845,0.47444061,0.68234128,0.82251885,-0.00021310,0.00001926,0.00016909,0.00032767,-0.00044079,0.00040411,0.00057909,0.00079132,0.00055990,0.00074990,0.00092426,0.00118526,0.00081144,0.00103500,0.00121422,0.00149217,0.00089070,0.00116431,0.00163100,0.00227744
1993-03-19,top500,500,0.24366511,0.51922573,0.72428785,0.84544690,-0.00020660,-0.00000245,0.00015584,0.00029082,0.00038049,0.00058366,0.00077893,0.00104969,0.00062015,0.00086393,0.00107308,0.00138303,0.00089266,0.00110492,0.00131483,0.00165774,0.00110636,0.00141815,0.00191500,0.00265676
1993-04-20,top500,500,0.23921262,0.55329707,0.73735895,0.86400685,-0.00020938,0.00004727,0.00021337,0.00039494,0.00028635,0.00051391,0.00074906,0.00118674,0.00072653,0.00098557,0.00120808,0.00153506,0.00088806,0.00105164,0.00128189,0.00162136,0.00124812,0.00157043,0.00210777,0.00286993
1993-05-19,top500,500,0.24319115,0.56358383,0.75369866,0.86555571,-0.00022032,0.00002516,0.00023091,0.00037190,0.00030746,0.00056721,0.00079129,0.00098764,0.00081675,0.00102777,0.00117955,0.00155626,0.00085241,0.00107796,0.00147685,0.00196873,0.00122937,0.00167268,0.00213694,0.00309703
1993-06-18,top500,500,0.24220114,0.58951197,0.74523693,0.86388099,-0.00013516,0.00005068,0.00020253,0.00035932,0.00036888,0.00059308,0.00080500,0.00098320,0.00075067,0.00097726,0.00120701,0.00156231,0.00085927,0.00108247,0.00145501,0.00187652,0.00121568,0.00172999,0.00222322,0.00329336
1993-07-20,top500,500,0.23740674,0.59379327,0.76551442,0.87114621,-0.00018437,0.00000833,0.00014936,0.00034141,0.00031059,0.00055677,0.00078973,0.00103827,0.00058127,0.00095004,0.00117083,0.00144939,0.00085244,0.00108471,0.00143276,0.00189037,0.00131652,0.00192169,0.00243585,0.00345796
1993-08-18,top500,500,0.27269414,0.60751211,0.78008482,0.88538991,-0.00021667,-0.00002389,0.00010873,0.00029074,-0.00034744,0.00053808,0.00074157,0.00096664,0.00069327,0.00105305,0.00128114,0.00156235,0.00085423,0.00105758,0.00151069,0.00217863,0.00136184,0.00192405,0.00248615,0.00356519
1993-09-17,top500,500,0.27149231,0.59335847,0.78918231,0.89083847,-0.00028680,-0.00004969,0.00013059,0.00036380,-0.00043244,0.00050379,0.00070268,0.00096160,0.00062519,0.00097652,0.00119973,0.00159986,0.00086294,0.00119871,0.00148595,0.00224266,0.00132454,0.00184267,0.00242774,0.00340480
1993-10-18,top500,500,0.27633159,0.58565065,0.78626038,0.89376398,-0.00019620,-0.00003954,0.00013311,0.00029767,-0.00056096,0.00050010,0.00062756,0.00081326,0.00046608,0.00084314,0.00118919,0.00160090,0.00084853,0.00115666,0.00161840,0.00236398,0.00142454,0.00191758,0.00255768,0.00375809
1993-11-16,top500,500,0.19608957,0.48753337,0.71598726,0.86294291,-0.00019650,-0.00007250,0.00009181,0.00022997,-0.00051575,0.00033930,0.00043091,0.00063330,0.00042882,0.00067707,0.00095116,0.00137843,0.00074685,0.00107406,0.00137496,0.00202965,0.00141251,0.00190585,0.00238217,0.00343006
1993-12-16,top500,500,0.11545896,0.35688797,0.63777077,0.82022629,-0.00011697,0.00000200,0.00009447,0.00015080,-0.00036428,0.00025938,0.00036748,0.00043958,-0.00052005,0.00051742,0.00069600,0.00100921,0.00075317,0.00105577,0.00136581,0.00178586,0.00135442,0.00188604,0.00248067,0.00320028
1994-01-17,top500,500,0.07657470,0.29571794,0.59343014,0.79978812,-0.00011285,-0.00001011,0.00006443,0.00014298,-0.00030393,0.00020664,0.00026976,0.00037191,-0.00040438,0.00047570,0.00060323,0.00090778,0.00068827,0.00094091,0.00116165,0.00181793,0.00137579,0.00180225,0.00230273,0.00310250
1994-02-15,top500,500,0.09750860,0.29219614,0.56060167,0.80034722,-0.00011637,-0.00002892,0.00004545,0.00016987,-0.00030053,0.00017961,0.00030681,0.00039164,-0.00053326,0.00040437,0.00057880,0.00082634,0.00072805,0.00093902,0.00134870,0.00177446,0.00133422,0.00186971,0.00236066,0.00301565
1994-03-17,top500,500,0.09975136,0.30468285,0.56799717,0.78230164,-0.00012424,-0.00002454,0.00004886,0.00012418,-0.00032366,0.00024345,0.00035178,0.00046724,-0.00047549,0.00047856,0.00065516,0.00090208,0.00059535,0.00094756,0.00129896,0.00181852,0.00135009,0.00178996,0.00214115,0.00276747
1994-04-18,top500,500,0.08308352,0.29939378,0.55962168,0.75857940,-0.00012315,-0.00004653,0.00005802,0.00014852,-0.00033528,-0.00015140,0.00030251,0.00042223,0.00034963,0.00051251,0.00064958,0.00105223,-0.00043905,0.00082787,0.00111233,0.00155471,0.00119518,0.00161676,0.00195882,0.00240160
1994-05-18,top500,500,0.08240131,0.25695968,0.47702132,0.70600061,-0.00011192,-0.00003924,0.00003326,0.00014115,-0.00024835,0.00019749,0.00029751,0.00046989,-0.00039626,0.00042701,0.00060676,0.00092364,-0.00066171,0.00066479,0.00092455,0.00129224,0.00096730,0.00131773,0.00184374,0.00219459
1994-06-17,top500,500,0.06591799,0.25728509,0.49121211,0.71649727,-0.00009539,-0.00000818,0.00005815,0.00013277,-0.00032684,0.00015930,0.00027350,0.00042397,-0.00045124,0.00035954,0.00054717,0.00078011,-0.00067820,0.00069865,0.00098651,0.00127596,-0.00090870,0.00113058,0.00170397,0.00227912
1994-07-19,top500,500,0.08884408,0.26470126,0.46670211,0.74020174,-0.00014242,-0.00003822,0.00003945,0.00015375,-0.00032677,0.00018973,0.00032336,0.00045765,-0.00046518,0.00023949,0.00054995,0.00075111,-0.00068372,0.00058455,0.00094240,0.00123574,-0.00128400,0.00091303,0.00136957,0.00208589
1994-08-17,top500,500,0.07916844,0.26594512,0.48641606,0.72719762,-0.00011551,-0.00001147,0.00008039,0.00014968,-0.00030579,-0.00015820,0.00029848,0.00044381,-0.00056324,0.00032573,0.00052167,0.00069698,-0.00093378,-0.00050538,0.00078559,0.00108069,-0.00126590,0.00071236,0.00132942,0.00186580
1994-09-16,top500,500,0.08087128,0.27311275,0.50555065,0.70927008,-0.00013000,-0.00002207,0.00004201,0.00011070,-0.00032676,-0.00014137,0.00030247,0.00041706,-0.00051955,-0.00025196,0.00056224,0.00071281,-0.00101688,-0.00074836,0.00065937,0.00097897,-0.00091967,0.00097428,0.00135564,0.00186001
1994-10-17,top500,500,0.10409344,0.29553799,0.49292762,0.69676239,-0.00014007,-0.00006908,0.00004500,0.00014098,-0.00033596,-0.00016829,0.00029960,0.00040427,-0.00055671,-0.00029109,0.00052351,0.00071746,-0.00096520,-0.00045642,0.00076588,0.00098858,-0.00085294,0.00101867,0.00136570,0.00184551
1994-11-15,top500,500,0.09523517,0.28070407,0.48326828,0.68948129,-0.00015765,-0.00002999,0.00007112,0.00016133,-0.00034830,-0.00023480,0.00023437,0.00040833,-0.00045523,0.00036904,0.00050665,0.00071063,-0.00081650,0.00044791,0.00077414,0.00105932,-0.00111222,0.00092198,0.00124231,0.00163459
1994-12-15,top500,500,0.07952457,0.25391495,0.45430316,0.66813634,-0.00013412,-0.00002056,0.00005566,0.00015585,-0.00029021,-0.00012001,0.00026423,0.00036496,-0.00055414,-0.00039015,0.00037308,0.00061112,-0.00071206,0.00047578,0.00079945,0.00097542,-0.00127126,0.00066523,0.00110856,0.00148360
1995-01-17,top500,500,0.07122815,0.25917459,0.45389235,0.63617768,-0.00009909,-0.00004230,0.00004150,0.00011724,-0.00034299,-0.00013189,0.00022889,0.00032875,-0.00057507,-0.00038182,0.00036669,0.00054472,-0.00060958,0.00057653,0.00081171,0.00104267,-0.00114881,0.00062772,0.00111130,0.00150714
1995-02-15,top500,500,0.08479113,0.24866111,0.46600928,0.66172564,-0.00011501,-0.00003983,0.00006237,0.00010896,-0.00031228,-0.00020999,0.00022194,0.00035161,-0.00064366,-0.00030396,0.00042071,0.00061239,-0.00067979,0.00061574,0.00085970,0.00125517,0.00055801,0.00093604,0.00122044,0.00175273
1995-03-17,top500,500,0.07442447,0.27240628,0.52720400,0.71678893,-0.00012931,-0.00006216,0.00004163,0.00012280,-0.00032788,-0.00018232,0.00024951,0.00037408,-0.00062456,0.00037125,0.00054188,0.00071033,0.00050605,0.00068323,0.00084402,0.00106365,0.00090044,0.00119997,0.00156840,0.00214703
1995-04-18,top500,500,0.08026323,0.33402512,0.56479225,0.78195939,-0.00011274,-0.00001138,0.00006640,0.00013161,-0.00032728,0.00020609,0.00032640,0.00043438,-0.00045675,0.00054100,0.00067601,0.00084513,0.00060888,0.00079495,0.00094001,0.00134399,0.00098184,0.00130262,0.00167681,0.00221136
1995-05-17,top500,500,0.10943575,0.35752801,0.59358949,0.80498478,-0.00009865,0.00000158,0.00011894,0.00019266,-0.00033350,0.00026098,0.00039208,0.00054316,0.00041910,0.00057990,0.00071729,0.00083915,0.00066656,0.00083158,0.00102950,0.00140376,0.00107224,0.00138895,0.00174165,0.00263306
1995-06-16,top500,500,0.15747541,0.43830163,0.66029833,0.83747936,-0.00014736,-0.00002486,0.00010007,0.00024219,0.00014450,0.00039386,0.00050523,0.00064470,0.00057982,0.00071420,0.00088009,0.00109725,0.00078130,0.00096637,0.00116773,0.00152935,0.00111208,0.00147453,0.00181738,0.00274599
1995-07-18,top500,500,0.23506324,0.52072294,0.72840664,0.85362208,-0.00014961,0.00006645,0.00019721,0.00035382,0.00045317,0.00058402,0.00070478,0.00081784,0.00068952,0.00087403,0.00104931,0.00133422,0.00082702,0.00111235,0.00131588,0.00173612,0.00114065,0.00154908,0.00200035,0.00299064
1995-08-16,top500,500,0.36915354,0.62121981,0.78629963,0.87304808,-0.00006533,0.00017933,0.00033331,0.00052833,0.00059442,0.00074189,0.00088086,0.00112381,0.00079228,0.00101255,0.00117785,0.00160910,0.00094625,0.00124976,0.00157349,0.00199742,0.00114863,0.00161473,0.00224468,0.00350972
1995-09-15,top500,500,0.47804780,0.73003142,0.83239038,0.90487396,0.00007247,0.00032646,0.00049179,0.00072202,0.00070995,0.00095774,0.00112981,0.00136253,0.00094592,0.00115546,0.00131683,0.00160888,0.00107580,0.00132104,0.00167546,0.00229237,0.00134859,0.00187034,0.00226693,0.00342402
1995-10-16,top500,500,0.55403209,0.77267405,0.87007581,0.91605437,0.00011806,0.00040053,0.00061916,0.00085498,0.00075030,0.00092380,0.00112934,0.00135086,0.00112516,0.00128517,0.00153841,0.00198882,0.00119197,0.00145665,0.00176267,0.00230861,0.00156649,0.00199274,0.00241491,0.00352234
1995-11-14,top500,500,0.57035479,0.78454361,0.88599046,0.92967569,0.00017101,0.00042153,0.00062335,0.00092832,0.00078819,0.00097292,0.00119738,0.00159884,0.00105430,0.00125653,0.00152250,0.00199299,0.00128620,0.00157379,0.00189640,0.00241690,0.00164932,0.00199524,0.00239493,0.00340735
1995-12-14,top500,500,0.52888404,0.75462856,0.87669698,0.92562367,0.00005794,0.00035863,0.00055215,0.00073394,0.00079408,0.00098848,0.00118262,0.00157561,0.00099250,0.00124819,0.00155761,0.00198561,0.00133503,0.00156766,0.00178109,0.00235372,0.00153757,0.00188407,0.00223409,0.00294695
1996-01-16,top500,500,0.47168551,0.73305559,0.86432515,0.91934438,0.00001338,0.00023203,0.00051333,0.00070715,0.00074274,0.00091935,0.00111338,0.00162162,0.00099502,0.00125938,0.00148594,0.00203598,0.00122624,0.00148000,0.00170668,0.00222242,0.00144611,0.00173225,0.00207738,0.00265901
1996-02-14,top500,500,0.45169472,0.70775103,0.85485020,0.91607882,-0.00004460,0.00020480,0.00040592,0.00071932,0.00066865,0.00089489,0.00100952,0.00135301,0.00093527,0.00119350,0.00150717,0.00208081,0.00129571,0.00152419,0.00167541,0.00226313,0.00147325,0.00167724,0.00202946,0.00242492
1996-03-15,top500,500,0.40263216,0.71209090,0.85463929,0.91581488,-0.00013938,0.00013679,0.00037340,0.00057451,0.00069223,0.00082775,0.00105967,0.00138107,0.00102563,0.00121329,0.00146396,0.00199859,0.00128167,0.00148029,0.00178950,0.00222823,0.00150017,0.00168139,0.00206382,0.00253100
1996-04-16,top500,500,0.40269498,0.70562503,0.83665843,0.90202017,-0.00012065,0.00014907,0.00037761,0.00059373,0.00068634,0.00084233,0.00103018,0.00136993,0.00096267,0.00113796,0.00141067,0.00171377,0.00122324,0.00140926,0.00165375,0.00209003,0.00154577,0.00185678,0.00216633,0.00297573
1996-05-15,top500,500,0.38495473,0.65450659,0.80639602,0.88945266,-0.00009512,0.00022486,0.00032331,0.00056269,0.00063955,0.00078373,0.00094368,0.00115223,0.00094010,0.00109907,0.00132058,0.00169228,0.00119124,0.00138249,0.00161810,0.00198231,0.00146451,0.00180782,0.00221032,0.00312689
1996-06-14,top500,500,0.38505282,0.64509392,0.79723779,0.88311322,-0.00003501,0.00023735,0.00041730,0.00061836,0.00059160,0.00076241,0.00097403,0.00115439,0.00090433,0.00108376,0.00123860,0.00154653,0.00122600,0.00141851,0.00160299,0.00199563,0.00138545,0.00171045,0.00218221,0.00333224
1996-07-16,top500,500,0.35343740,0.60739936,0.75859472,0.87029271,-0.00010611,0.00017151,0.00035431,0.00059837,0.00055443,0.00065210,0.00082366,0.00101518,0.00086411,0.00102825,0.00114387,0.00140222,0.00102886,0.00126425,0.00149599,0.00172315,0.00140065,0.00168937,0.00210940,0.00318285
1996-08-14,top500,500,0.25096953,0.51559104,0.69445278,0.82405316,-0.00013730,0.00008171,0.00023327,0.00034328,0.00046004,0.00057705,0.00075802,0.00094222,0.00071245,0.00085735,0.00101798,0.00122384,0.00086898,0.00110163,0.00130500,0.00174335,0.00132200,0.00151098,0.00190994,0.00295790
1996-09-13,top500,500,0.21310148,0.51231821,0.68416600,0.81690716,-0.00018598,0.00002129,0.00016216,0.00029609,0.00037785,0.00050003,0.00065840,0.00083532,0.00064204,0.00086378,0.00102612,0.00138865,0.00084723,0.00107842,0.00124414,0.00162936,0.00120020,0.00149301,0.00194393,0.00268088
1996-10-14,top500,500,0.21910773,0.51284462,0.69873879,0.82763179,-0.00013906,0.00004061,0.00016601,0.00029422,0.00029274,0.00047502,0.00068321,0.00092413,0.00063263,0.00078270,0.00093850,0.00126965,0.00084481,0.00104924,0.00130416,0.00223799,0.00128007,0.00148887,0.00185616,0.00295694
1996-11-12,top500,500,0.20696859,0.49811618,0.69734604,0.82408848,-0.00014739,0.00001177,0.00015125,0.00027379,-0.00021527,0.00043061,0.00059289,0.00075022,0.00059163,0.00081324,0.00103357,0.00132039,0.00080663,0.00102985,0.00116822,0.00166774,0.00132309,0.00152785,0.00195748,0.00299116
1996-12-12,top500,500,0.21276268,0.50211918,0.70226106,0.83167811,-0.00016278,-0.00004682,0.00009686,0.00028802,-0.00034453,0.00040746,0.00059003,0.00081882,0.00067699,0.00090697,0.00106530,0.00147264,0.00096929,0.00116116,0.00137528,0.00172795,0.00136635,0.00153450,0.00188097,0.00278906
1997-01-14,top500,500,0.17943204,0.50575516,0.68237679,0.83488770,-0.00012478,0.00001948,0.00011395,0.00025106,-0.00029398,0.00043589,0.00064542,0.00087488,0.00061871,0.00082340,0.00107943,0.00135110,0.00096215,0.00121826,0.00143100,0.00173611,0.00128631,0.00157836,0.00183713,0.00254342
1997-02-12,top500,500,0.22007666,0.52383329,0.71341680,0.84970205,-0.00011543,0.00002679,0.00016801,0.00029710,-0.00026791,0.00046908,0.00065654,0.00104591,0.00070125,0.00088042,0.00108642,0.00142566,0.00100910,0.00124733,0.00147999,0.00172948,0.00147030,0.00170465,0.00196945,0.00261192
1997-03-14,top500,500,0.27915240,0.59042895,0.76905443,0.87396702,-0.00018139,0.00003686,0.00020595,0.00033161,0.00031865,0.00053725,0.00070609,0.00095678,0.00083030,0.00106353,0.00133302,0.00162805,0.00117423,0.00139316,0.00158000,0.00191141,0.00157693,0.00183291,0.00211291,0.00250264
1997-04-15,top500,500,0.24505402,0.56407281,0.77318395,0.87710139,-0.00018833,-0.00004156,0.00017923,0.00033624,0.00028307,0.00049620,0.00064782,0.00090897,0.00076525,0.00103781,0.00134708,0.00174797,0.00120489,0.00140693,0.00161085,0.00217762,0.00160178,0.00190214,0.00211667,0.00255006
1997-05-14,top500,500,0.22872832,0.56168890,0.77117614,0.86831980,-0.00019231,0.00001772,0.00020280,0.00032424,-0.00035939,0.00049919,0.00071270,0.00092880,0.00078544,0.00095795,0.00117215,0.00159323,0.00128780,0.00152730,0.00182694,0.00220592,0.00156792,0.00181917,0.00214868,0.00270014
1997-06-13,top500,500,0.26733090,0.65077681,0.82241931,0.89412087,-0.00019701,0.00003350,0.00018260,0.00036540,0.00044214,0.00065363,0.00089286,0.00106326,0.00093182,0.00110156,0.00132321,0.00169649,0.00139990,0.00167876,0.00191353,0.00248864,0.00172551,0.00201830,0.00228277,0.00289679
1997-07-15,top500,500,0.32075977,0.68065483,0.83370600,0.90608021,-0.00010724,0.00004621,0.00028189,0.00049297,0.00062611,0.00077324,0.00093070,0.00121747,0.00104615,0.00127838,0.00150446,0.00175223,0.00151521,0.00177407,0.00194407,0.00271663,0.00180343,0.00200867,0.00237575,0.00285230
1997-08-13,top500,500,0.37839409,0.68367790,0.83352520,0.90262447,-0.00015690,0.00005125,0.00033471,0.00051166,0.00065461,0.00082712,0.00100453,0.00131097,0.00117106,0.00138439,0.00162605,0.00207248,0.00148463,0.00171504,0.00191443,0.00248416,0.00187400,0.00210377,0.00250223,0.00314472
1997-09-12,top500,500,0.40061710,0.68948191,0.82373285,0.89759371,-0.00023628,0.00010134,0.00042296,0.00059599,0.00066649,0.00094783,0.00113855,0.00150806,0.00115275,0.00135226,0.00161184,0.00215280,0.00149911,0.00168695,0.00199894,0.00242754,0.00181775,0.00199825,0.00247493,0.00315503
1997-10-13,top500,500,0.47114641,0.71214527,0.82571577,0.89939272,-0.00015621,0.00016176,0.00051922,0.00078652,0.00077716,0.00101567,0.00120115,0.00148392,0.00121904,0.00143847,0.00175782,0.00224423,0.00152951,0.00167653,0.00193237,0.00242579,0.00189054,0.00212230,0.00262475,0.00318930
1997-11-11,top500,500,0.46319751,0.70425970,0.82104338,0.89071700,-0.00007807,0.00019944,0.00053999,0.00075628,0.00081880,0.00100166,0.00124142,0.00162450,0.00120435,0.00142444,0.00165122,0.00219261,0.00150043,0.00169406,0.00194543,0.00259106,0.00188540,0.00212816,0.00261406,0.00304135
1997-12-11,top500,500,0.47581989,0.71674200,0.82997584,0.88942459,-0.00008972,0.00027161,0.00051897,0.00082570,0.00080805,0.00097058,0.00117403,0.00152849,0.00117329,0.00141440,0.00172725,0.00210145,0.00149987,0.00174267,0.00206455,0.00256858,0.00197314,0.00217445,0.00256555,0.00298074
1998-01-13,top500,500,0.41514094,0.67420894,0.81322993,0.88131835,-0.00005702,0.00031657,0.00047472,0.00075869,0.00075223,0.00091197,0.00115507,0.00149660,0.00112214,0.00129320,0.00157504,0.00202356,0.00154869,0.00173012,0.00205327,0.00264131,0.00193413,0.00215808,0.00247511,0.00271247
1998-02-12,top500,500,0.37363674,0.66342942,0.80339776,0.87438559,-0.00000385,0.00027182,0.00047407,0.00071521,0.00071213,0.00090921,0.00112283,0.00145865,0.00109352,0.00134014,0.00162028,0.00221861,0.00146153,0.00168947,0.00205217,0.00245628,0.00181940,0.00205768,0.00243484,0.00275151
1998-03-16,top500,500,0.40375901,0.69216297,0.82624275,0.89626155,-0.00016305,0.00016453,0.00045682,0.00069141,0.00084031,0.00099246,0.00129257,0.00156419,0.00120644,0.00146512,0.00173393,0.00205353,0.00151742,0.00177995,0.00225175,0.00260194,0.00192172,0.00216578,0.00251698,0.00301287
1998-04-15,top500,500,0.39652709,0.68757723,0.83609786,0.91095786,-0.00021662,0.00024020,0.00045124,0.00059710,0.00079365,0.00096011,0.00124208,0.00154172,0.00124201,0.00144188,0.00173007,0.00209813,0.00168433,0.00188634,0.00211752,0.00251644,0.00194564,0.00224939,0.00260452,0.00319355
1998-05-14,top500,500,0.32058937,0.66012913,0.83778950,0.90312931,-0.00016716,0.00011678,0.00033848,0.00057950,0.00067143,0.00084276,0.00111158,0.00137705,0.00115273,0.00143066,0.00157278,0.00193133,0.00159578,0.00185319,0.00209056,0.00261939,0.00184838,0.00214414,0.00252143,0.00313395
1998-06-15,top500,500,0.31581395,0.65835299,0.81494677,0.89095043,-0.00026425,-0.00004162,0.00030495,0.00051678,0.00063602,0.00085599,0.00110595,0.00139634,0.00106084,0.00129698,0.00155807,0.00186350,0.00145641,0.00170830,0.00195552,0.00247846,0.00172540,0.00209513,0.00233711,0.00319472
1998-07-15,top500,500,0.31322627,0.65107530,0.81218920,0.88715285,-0.00031847,-0.00002814,0.00020083,0.00039823,0.00057057,0.00082701,0.00101960,0.00130010,0.00103445,0.00127767,0.00145693,0.00174849,0.00148438,0.00174981,0.00203285,0.00262042,0.00180185,0.00211225,0.00267348,0.00331995
1998-08-13,top500,500,0.22615156,0.59055935,0.77264583,0.87721421,-0.00030942,-0.00007310,0.00018000,0.00041664,-0.00036620,0.00069577,0.00088796,0.00115565,0.00092493,0.00119271,0.00143895,0.00182403,0.00143962,0.00165154,0.00186556,0.00230243,0.00187942,0.00227051,0.00285421,0.00341613
1998-09-14,top500,500,0.12664458,0.41212393,0.63261444,0.82256100,-0.00021242,0.00001982,0.00017318,0.00030681,-0.00058799,0.00044763,0.00065902,0.00091403,0.00055127,0.00100010,0.00114427,0.00143883,0.00096567,0.00134089,0.00165494,0.00231733,0.00169619,0.00218411,0.00271666,0.00347852
1998-10-13,top500,500,0.06504074,0.26288593,0.52127182,0.74433200,-0.00016758,-0.00003041,0.00009093,0.00024039,-0.00051604,0.00025020,0.00047075,0.00073187,-0.00089938,0.00059170,0.00084442,0.00118834,0.00071848,0.00097971,0.00137124,0.00188635,0.00147167,0.00190651,0.00262473,0.00319297
1998-11-11,top500,500,0.05683114,0.22403811,0.47622610,0.71653942,-0.00021242,-0.00009145,0.00003337,0.00019107,-0.00053930,-0.00027780,0.00040056,0.00064569,-0.00074698,0.00048943,0.00066969,0.00100457,-0.00123602,0.00081430,0.00119449,0.00162542,0.00132505,0.00186347,0.00257526,0.00313842
1998-12-11,top500,500,0.06976292,0.21020866,0.43543546,0.71043896,-0.00018715,-0.00002385,0.00005060,0.00021753,-0.00058989,-0.00038348,0.00036438,0.00054603,-0.00091708,0.00033152,0.00073960,0.00110224,-0.00098536,0.00079326,0.00128832,0.00164697,0.00126605,0.00189339,0.00244592,0.00320925
1999-01-13,top500,500,0.05816108,0.23119322,0.47129791,0.71783395,-0.00019012,-0.00009843,0.00009474,0.00017840,-0.00052596,-0.00029506,0.00036739,0.00057729,-0.00092435,-0.00036459,0.00086110,0.00116546,-0.00115436,0.00076581,0.00137570,0.00188270,0.00129523,0.00177641,0.00255000,0.00332677
1999-02-12,top500,500,0.06911782,0.23755755,0.51180680,0.72403447,-0.00018038,-0.00002251,0.00008965,0.00020571,-0.00058973,-0.00045930,0.00033406,0.00067073,-0.00085665,0.00038592,0.00080257,0.00115745,-0.00136873,0.00078775,0.00148981,0.00210600,0.00130839,0.00194265,0.00262298,0.00359024
1999-03-16,top500,500,0.06570415,0.25482532,0.52919032,0.71434679,-0.00023427,-0.00008647,0.00007694,0.00021519,-0.00050292,-0.00021515,0.00043245,0.00070442,-0.00093761,0.00042915,0.00094014,0.00124146,-0.00125653,0.00101618,0.00161553,0.00243623,0.00157251,0.00217537,0.00285921,0.00441237
1999-04-15,top500,500,0.07102812,0.24912380,0.52861913,0.74618362,-0.00018531,-0.00003993,0.00009489,0.00021836,-0.00048156,0.00027043,0.00050045,0.00086920,-0.00083376,0.00036311,0.00097686,0.00158340,-0.00107250,0.00116879,0.00180004,0.00240982,0.00187332,0.00253849,0.00358661,0.00525952
1999-05-14,top500,500,0.07220384,0.28770843,0.55132982,0.75669787,-0.00017293,0.00003223,0.00013533,0.00023653,-0.00048780,0.00033041,0.00054464,0.00077512,-0.00067505,0.00084751,0.00131140,0.00179670,0.00131190,0.00174613,0.00231045,0.00290586,0.00208328,0.00301995,0.00390072,0.00553734
1999-06-15,top500,500,0.10015647,0.34407546,0.59355194,0.78016403,-0.00015623,0.00005703,0.00016918,0.00037252,-0.00036632,0.00048457,0.00066741,0.00092409,0.00066191,0.00106388,0.00128096,0.00174614,0.00146005,0.00195021,0.00249099,0.00316627,0.00221936,0.00306714,0.00414915,0.00574651
1999-07-15,top500,500,0.20970251,0.46960200,0.68959014,0.81917620,-0.00021341,0.00008090,0.00023337,0.00045835,0.00047855,0.00073889,0.00093721,0.00133090,0.00102554,0.00135842,0.00172191,0.00229509,0.00177159,0.00216485,0.00272807,0.00354129,0.00286005,0.00368454,0.00496004,0.00714504
1999-08-13,top500,500,0.23807702,0.54492665,0.72851604,0.84114220,-0.00012849,0.00008269,0.00029745,0.00045940,0.00042186,0.00082044,0.00106650,0.00134586,0.00119063,0.00145124,0.00183849,0.00246861,0.00175745,0.00222393,0.00276294,0.00345590,0.00284563,0.00377223,0.00496792,0.00650076
1999-09-14,top500,500,0.20345750,0.51200199,0.68902729,0.81791514,-0.00011986,0.00005733,0.00017366,0.00032572,-0.00045977,0.00072111,0.00099171,0.00126471,0.00097648,0.00132754,0.00199109,0.00241790,0.00167884,0.00202705,0.00256909,0.00359093,0.00289464,0.00378270,0.00493421,0.00621110
1999-10-13,top500,500,0.13305068,0.40731111,0.61976800,0.79207193,-0.00020824,-0.00007808,0.00010926,0.00023989,-0.00047411,0.00041738,0.00070589,0.00110388,0.00062769,0.00110355,0.00148528,0.00196125,0.00134437,0.00185549,0.00222379,0.00305032,0.00267959,0.00345501,0.00470805,0.00585538
1999-11-11,top500,500,0.13884470,0.37052683,0.59417441,0.77513107,-0.00028608,-0.00007419,0.00007187,0.00030820,-0.00051269,0.00042786,0.00063898,0.00088783,-0.00086521,0.00076005,0.00120846,0.00162564,0.00111468,0.00163916,0.00203616,0.00283222,0.00255302,0.00360280,0.00486258,0.00617011
1999-12-13,top500,500,0.11112895,0.37694246,0.58494609,0.77900693,-0.00021070,-0.00000745,0.00015103,0.00028054,-0.00056544,0.00035466,0.00056737,0.00085522,-0.00086885,0.00066098,0.00119726,0.00190996,0.00092790,0.00149678,0.00189120,0.00302496,0.00250919,0.00356182,0.00473625,0.00671058
2000-01-12,top500,500,0.12436177,0.40107275,0.62426943,0.80694342,-0.00023645,-0.00006996,0.00005925,0.00026128,-0.00054752,0.00032215,0.00059507,0.00094401,-0.00105114,0.00067851,0.00126358,0.00179661,-0.00115667,0.00146122,0.00210266,0.00312472,0.00300615,0.00420661,0.00552185,0.00740527
2000-02-11,top500,500,0.13914928,0.39896480,0.66436172,0.83575779,-0.00026408,-0.00007615,0.00010025,0.00034751,-0.00064751,-0.00038052,0.00058547,0.00084599,-0.00116731,0.00062080,0.00126640,0.00245194,-0.00129130,0.00184280,0.00302095,0.00382810,0.00335594,0.00510089,0.00678295,0.00875217
2000-03-14,top500,500,0.17241029,0.48717968,0.71167883,0.86491185,-0.00038750,-0.00013304,0.00011887,0.00037722,-0.00084611,-0.00054037,0.00069169,0.00116039,-0.00138880,-0.00088867,0.00156000,0.00286268,-0.00201117,0.00191234,0.00347984,0.00543226,0.00457296,0.00618274,0.00818718,0.01057475
2000-04-12,top500,500,0.15961651,0.47314162,0.71394721,0.86367241,-0.00034849,-0.00015779,0.00005527,0.00039914,-0.00086672,-0.00067746,0.00044993,0.00102318,-0.00151206,-0.00100717,0.00122073,0.00197868,-0.00200535,-0.00134939,0.00287306,0.00493783,0.00417550,0.00618148,0.00789924,0.01020891
2000-05-12,top500,500,0.16541940,0.42941029,0.67500179,0.86005569,-0.00032673,-0.00010645,0.00006750,0.00029344,-0.00083668,-0.00062546,0.00056857,0.00095116,-0.00134604,-0.00097955,0.00114902,0.00221851,-0.00199818,0.00176154,0.00315007,0.00543144,0.00419992,0.00581981,0.00716665,0.01018600
2000-06-13,top500,500,0.10723010,0.36225946,0.60936240,0.83098987,-0.00022866,-0.00007557,0.00013914,0.00031360,-0.00085587,-0.00062349,0.00039695,0.00078848,-0.00152687,-0.00076059,0.00118829,0.00168888,-0.00097678,0.00235533,0.00410940,0.00583460,0.00412072,0.00568319,0.00697333,0.00950218
2000-07-13,top500,500,0.11308733,0.35285262,0.60704350,0.83396486,-0.00029527,-0.00003139,0.00022193,0.00037506,-0.00074587,-0.00040413,0.00066324,0.00102260,-0.00111788,0.00082951,0.00134440,0.00185677,0.00145341,0.00253230,0.00454633,0.00630250,0.00402504,0.00572003,0.00704215,0.00931086
2000-08-11,top500,500,0.10662425,0.36178528,0.61740846,0.80701700,-0.00027184,-0.00001684,0.00016865,0.00033176,-0.00076709,0.00045276,0.00072384,0.00117852,-0.00094861,0.00093304,0.00141036,0.00199487,0.00156505,0.00248354,0.00410038,0.00585720,0.00335217,0.00444635,0.00600993,0.00865164
2000-09-12,top500,500,0.13435479,0.40330596,0.63300678,0.81126407,-0.00025700,-0.00005154,0.00018115,0.00039950,-0.00077388,0.00060911,0.00082443,0.00117049,-0.00094863,0.00120337,0.00181498,0.00319942,0.00183740,0.00250957,0.00334547,0.00554368,0.00334953,0.00424080,0.00571242,0.00751145
2000-10-11,top500,500,0.13811435,0.45439872,0.64671577,0.80885533,-0.00035919,-0.00005556,0.00013158,0.00031904,-0.00059783,0.00070376,0.00118999,0.00172884,-0.00107199,0.00128805,0.00168451,0.00276057,0.00180730,0.00243097,0.00289625,0.00508264,0.00320856,0.00386474,0.00496740,0.00765994
2000-11-09,top500,500,0.15868419,0.41791647,0.65047032,0.80252745,-0.00034967,-0.00007760,0.00018106,0.00046785,-0.00085819,0.00052818,0.00092217,0.00155924,-0.00107690,0.00121757,0.00160478,0.00224334,0.00164678,0.00217353,0.00268288,0.00441831,0.00245970,0.00318710,0.00378733,0.00630995
2000-12-11,top500,500,0.16661977,0.43479168,0.65664153,0.80782019,-0.00041306,-0.00015127,0.00019577,0.00038167,-0.00101910,-0.00048683,0.00078655,0.00120800,0.00102420,0.00136847,0.00185459,0.00270849,0.00161771,0.00208373,0.00268458,0.00362250,0.00231572,0.00287113,0.00329217,0.00438815
2001-01-11,top500,500,0.13167816,0.42963425,0.66617876,0.80835989,-0.00031573,-0.00007201,0.00016203,0.00038869,-0.00106239,-0.00061991,0.00082933,0.00147127,0.00087001,0.00110923,0.00157359,0.00215232,0.00141195,0.00178020,0.00232217,0.00306768,0.00226178,0.00268035,0.00306923,0.00387682
2001-02-12,top500,500,0.11877440,0.41383569,0.68471117,0.81737812,-0.00030604,-0.00000822,0.00016047,0.00036399,-0.00108031,0.00041383,0.00080838,0.00114256,-0.00089698,0.00121999,0.00160928,0.00213004,0.00136319,0.00180148,0.00219367,0.00273676,0.00224686,0.00267280,0.00316176,0.00383335
2001-03-14,top500,500,0.11989424,0.40162783,0.66815970,0.81712221,-0.00027907,0.00001008,0.00017619,0.00048051,-0.00109665,0.00037208,0.00068325,0.00098241,-0.00066982,0.00111384,0.00126042,0.00179116,0.00124307,0.00159060,0.00189949,0.00271966,0.00195410,0.00245936,0.00290464,0.00352399
2001-04-12,top500,500,0.09534217,0.33986536,0.59927614,0.77904654,-0.00022113,-0.00003974,0.00020978,0.00037573,-0.00093508,-0.00039531,0.00060425,0.00084964,-0.00135990,0.00082910,0.00116501,0.00144962,0.00101946,0.00139189,0.00175156,0.00236777,0.00168299,0.00225318,0.00256241,0.00315111
2001-05-14,top500,500,0.12344321,0.33972672,0.59310247,0.77088097,-0.00040158,-0.00007485,0.00013228,0.00042462,-0.00088007,0.00037751,0.00062711,0.00092023,-0.00111456,0.00081840,0.00106385,0.00139709,-0.00182719,0.00129472,0.00163664,0.00215386,0.00167759,0.00195638,0.00247488,0.00305856
2001-06-13,top500,500,0.14244872,0.38107245,0.61997321,0.79565772,-0.00041070,-0.00009096,0.00010671,0.00039215,-0.00082164,0.00043190,0.00070530,0.00091374,-0.00133433,0.00085049,0.00113132,0.00165000,0.00098447,0.00145352,0.00170305,0.00215669,0.00172626,0.00206313,0.00249312,0.00305313
2001-07-13,top500,500,0.11285722,0.38099098,0.63213072,0.79645046,-0.00034135,0.00001267,0.00017403,0.00033720,-0.00082008,0.00045642,0.00062008,0.00087323,-0.00118096,0.00083078,0.00112966,0.00158087,0.00090365,0.00139772,0.00168148,0.00217867,0.00161255,0.00209638,0.00243945,0.00299678
2001-08-13,top500,500,0.08412355,0.35659015,0.62188312,0.78583691,-0.00021047,-0.00002704,0.00014741,0.00027742,-0.00089985,0.00031302,0.00057035,0.00076241,-0.00084830,0.00075616,0.00101231,0.00148582,0.00098082,0.00135298,0.00168455,0.00207794,0.00136964,0.00190414,0.00231727,0.00277732
2001-09-18,top500,500,0.11144227,0.35302856,0.59312526,0.77565224,-0.00024315,-0.00010534,0.00005350,0.00024288,-0.00065707,0.00032927,0.00051047,0.00071219,-0.00070261,0.00074997,0.00110893,0.00147747,0.00081913,0.00115656,0.00149558,0.00193819,0.00133194,0.00185515,0.00218595,0.00261121
2001-10-17,top500,500,0.08412456,0.26813201,0.49831312,0.68213994,-0.00021698,-0.00006436,0.00010073,0.00027029,-0.00057409,-0.00027492,0.00045585,0.00068980,-0.00112729,0.00053920,0.00077899,0.00111851,-0.00165965,0.00099691,0.00134897,0.00161070,-0.00185635,0.00146035,0.00183705,0.00222045
2001-11-15,top500,500,0.07110040,0.22903300,0.42741593,0.66217968,-0.00021179,-0.00003494,0.00009057,0.00022547,-0.00052364,-0.00029959,0.00036459,0.00054117,-0.00100943,-0.00051326,0.00065904,0.00093335,-0.00177300,0.00040989,0.00102753,0.00139520,-0.00205576,0.00119553,0.00164511,0.00224379
2001-12-17,top500,500,0.05719588,0.20726818,0.40069880,0.63311660,-0.00015178,-0.00002095,0.00005553,0.00016348,-0.00057976,-0.00031608,0.00033185,0.00047345,-0.00103765,-0.00059730,0.00043515,0.00072205,-0.00177387,-0.00063334,0.00089658,0.00130318,-0.00178255,0.00110876,0.00153442,0.00198365
2002-01-17,top500,500,0.05214960,0.20018869,0.39387365,0.64229398,-0.00017417,-0.00006061,0.00003633,0.00014264,-0.00042888,0.00013852,0.00029406,0.00048780,-0.00102381,-0.00058720,0.00043226,0.00071369,-0.00178906,-0.00070590,0.00084361,0.00127656,-0.00113235,0.00110914,0.00149756,0.00218665
2002-02-19,top500,500,0.05403977,0.18711223,0.39175177,0.65940099,-0.00011434,-0.00003951,0.00007063,0.00015221,-0.00052058,-0.00024031,0.00028703,0.00050793,-0.00068493,0.00027678,0.00053755,0.00085443,-0.00162642,0.00048852,0.00088772,0.00138916,0.00057872,0.00116487,0.00137005,0.00188288
2002-03-20,top500,500,0.06072317,0.18254834,0.40750531,0.67125610,-0.00018138,-0.00006349,0.00004957,0.00016639,-0.00049355,-0.00022499,0.00027850,0.00049803,-0.00056696,0.00042649,0.00063745,0.00095868,-0.00119364,0.00068131,0.00114209,0.00146314,0.00078641,0.00122578,0.00150184,0.00197667
2002-04-19,top500,500,0.06288797,0.20607409,0.41569910,0.68577385,-0.00020172,-0.00007075,0.00002276,0.00017167,-0.00035232,0.00020678,0.00034885,0.00051176,-0.00066906,0.00044832,0.00059702,0.00084240,-0.00110841,0.00076006,0.00108354,0.00139349,0.00093277,0.00119105,0.00154798,0.00212052
2002-05-20,top500,500,0.08469459,0.23654002,0.44788360,0.68609369,-0.00019658,-0.00005720,0.00008066,0.00019507,-0.00038534,0.00029929,0.00044832,0.00070164,-0.00036891,0.00053744,0.00074025,0.00105132,-0.00107221,0.00078403,0.00111244,0.00140691,0.00100808,0.00133002,0.00169496,0.00210685
2002-06-19,top500,500,0.10857693,0.32865095,0.53544614,0.71271168,-0.00015170,-0.00000190,0.00010370,0.00028574,-0.00048214,0.00039358,0.00053850,0.00074178,0.00044164,0.00068751,0.00095951,0.00142922,0.00069765,0.00099457,0.00123873,0.00162835,0.00115291,0.00151843,0.00179821,0.00225309
2002-07-19,top500,500,0.09291195,0.30243957,0.50705292,0.69582076,-0.00019820,-0.00003404,0.00007191,0.00018201,-0.00061917,0.00038116,0.00056024,0.00085051,0.00044829,0.00065135,0.00091470,0.00117023,0.00082164,0.00100531,0.00117732,0.00145764,0.00099837,0.00143044,0.00185340,0.00229008
2002-08-19,top500,500,0.07079445,0.24566140,0.44938870,0.62940225,-0.00018022,-0.00006727,0.00011536,0.00026228,-0.00066191,-0.00035042,0.00037430,0.00068427,-0.00030842,0.00061472,0.00077071,0.00101067,-0.00090020,0.00086030,0.00109559,0.00144634,0.00056801,0.00118737,0.00164767,0.00207603
2002-09-18,top500,500,0.07565029,0.22360062,0.46383777,0.67326041,-0.00021946,-0.00009088,0.00005277,0.00018434,-0.00075593,-0.00031558,0.00040735,0.00059215,-0.00098256,0.00046617,0.00070671,0.00095556,-0.00107806,0.00084169,0.00105618,0.00140902,-0.00106656,0.00118253,0.00151755,0.00200977
2002-10-17,top500,500,0.07316954,0.23230501,0.44379656,0.62347351,-0.00020972,-0.00004963,0.00005999,0.00020884,-0.00068959,-0.00034260,0.00032082,0.00046605,-0.00100386,-0.00061279,0.00056529,0.00078141,-0.00174885,-0.00092650,0.00087238,0.00111559,-0.00236852,-0.00147897,0.00106915,0.00150598
2002-11-15,top500,500,0.08787583,0.27339099,0.44564193,0.64317460,-0.00024799,-0.00010749,0.00007662,0.00016868,-0.00059901,-0.00025804,0.00034368,0.00049810,-0.00124893,-0.00078135,0.00043860,0.00069465,-0.00177625,-0.00137485,-0.00073137,0.00088676,-0.00309722,-0.00223483,-0.00155550,0.00116491
2002-12-17,top500,500,0.07503526,0.24782303,0.38723853,0.58171635,-0.00019047,-0.00004281,0.00008189,0.00019499,-0.00066531,-0.00035037,0.00012097,0.00043599,-0.00105554,-0.00060632,0.00047267,0.00060421,-0.00181001,-0.00148278,-0.00104718,0.00059014,-0.00284637,-0.00176482,-0.00121561,0.00121583
2003-01-17,top500,500,0.04748271,0.17746435,0.35095914,0.53353567,-0.00017184,-0.00004087,0.00005484,0.00016319,-0.00052506,-0.00027841,0.00017974,0.00033005,-0.00103700,-0.00059887,0.00028398,0.00051186,-0.00161434,-0.00116967,-0.00077247,0.00066912,-0.00243899,-0.00163717,-0.00118912,0.00085961
2003-02-19,top500,500,0.03975995,0.15640394,0.34530285,0.57674593,-0.00011314,-0.00001733,0.00006261,0.00013925,-0.00040903,-0.00025086,0.00015441,0.00029857,-0.00101045,-0.00063086,-0.00042792,0.00048468,-0.00145216,-0.00109910,-0.00070902,0.00059564,-0.00237109,-0.00164255,-0.00128603,0.00076305
2003-03-20,top500,500,0.04645499,0.14846458,0.34825477,0.60682697,-0.00012741,-0.00000627,0.00004769,0.00011314,-0.00042938,-0.00024889,0.00013724,0.00028820,-0.00093099,-0.00059887,-0.00039652,0.00048553,-0.00142932,-0.00090540,-0.00065909,0.00068481,-0.00229701,-0.00166191,-0.00122770,0.00098093
2003-04-21,top500,500,0.03833464,0.12755066,0.32628661,0.57644190,-0.00015541,-0.00007797,0.00001811,0.00010236,-0.00034692,-0.00020710,0.00025377,0.00040459,-0.00071712,-0.00040589,0.00035117,0.00059030,-0.00115009,-0.00087949,-0.00048005,0.00086129,-0.00201170,-0.00142866,-0.00079742,0.00158132
2003-05-20,top500,500,0.02831516,0.15376405,0.31960578,0.54150393,-0.00010423,-0.00003648,0.00004364,0.00012556,-0.00041795,-0.00016914,0.00024573,0.00038430,-0.00054535,0.00022273,0.00054346,0.00074008,-0.00104008,-0.00059411,0.00074767,0.00119745,-0.00144990,0.00086939,0.00131101,0.00222838
2003-06-19,top500,500,0.06462462,0.21305278,0.42712012,0.65047220,-0.00016311,-0.00004715,0.00008386,0.00019268,-0.00034170,0.00026052,0.00034340,0.00050196,-0.00064587,0.00053481,0.00074146,0.00094676,0.00064604,0.00091839,0.00118904,0.00148228,0.00117394,0.00152209,0.00213179,0.00319770
2003-07-21,top500,500,0.11105192,0.32139009,0.57713799,0.75336468,-0.00016143,0.00003022,0.00015176,0.00024263,-0.00043883,0.00041486,0.00053044,0.00077203,0.00063429,0.00081917,0.00098450,0.00131392,0.00094284,0.00121610,0.00147279,0.00185766,0.00141661,0.00186545,0.00251346,0.00368628
2003-08-19,top500,500,0.14820829,0.38999163,0.61907114,0.76435257,-0.00020042,0.00002873,0.00013798,0.00030049,0.00036906,0.00050573,0.00071334,0.00090701,0.00060132,0.00088169,0.00111526,0.00141040,0.00106866,0.00133122,0.00176977,0.00233466,0.00135280,0.00169597,0.00236248,0.00351585
2003-09-18,top500,500,0.24158826,0.53835632,0.70677662,0.83041218,-0.00005188,0.00014260,0.00030230,0.00045779,0.00048742,0.00064967,0.00089213,0.00112667,0.00087072,0.00122557,0.00149376,0.00207263,0.00120465,0.00142836,0.00190155,0.00264863,0.00142970,0.00196137,0.00256868,0.00368005
2003-10-17,top500,500,0.27634504,0.55978036,0.71650038,0.84358337,-0.00002645,0.00021426,0.00034738,0.00047674,0.00050326,0.00067915,0.00087959,0.00124097,0.00078307,0.00113003,0.00139009,0.00178991,0.00116665,0.00150265,0.00194945,0.00240905,0.00149603,0.00196162,0.00256875,0.00342943
2003-11-17,top500,500,0.39543205,0.62659213,0.75817418,0.85493256,0.00000454,0.00023790,0.00038538,0.00061053,0.00066391,0.00081212,0.00103654,0.00144695,0.00085337,0.00115983,0.00156893,0.00192985,0.00121030,0.00162465,0.00209423,0.00275052,0.00152255,0.00190246,0.00254351,0.00335328
2003-12-17,top500,500,0.48393094,0.71211115,0.82051158,0.88611453,0.00008393,0.00028655,0.00049699,0.00075914,0.00076893,0.00095467,0.00113108,0.00149503,0.00107749,0.00145601,0.00178365,0.00225693,0.00131878,0.00174239,0.00215408,0.00274842,0.00179350,0.00205214,0.00271362,0.00366444
2004-01-20,top500,500,0.59596098,0.78224305,0.86634955,0.91420883,0.00018078,0.00045207,0.00064955,0.00086967,0.00094100,0.00108571,0.00144049,0.00182215,0.00124188,0.00165536,0.00204518,0.00251232,0.00142959,0.00182503,0.00212248,0.00294527,0.00189569,0.00220528,0.00280309,0.00363830
2004-02-19,top500,500,0.59963783,0.78157986,0.86849554,0.91295372,0.00026791,0.00051382,0.00076986,0.00096757,0.00084667,0.00113898,0.00148241,0.00185338,0.00122195,0.00176786,0.00198720,0.00261867,0.00143476,0.00175590,0.00211827,0.00289129,0.00176204,0.00222658,0.00265959,0.00366805
2004-03-19,top500,500,0.57252843,0.75960097,0.85856551,0.90946178,0.00011052,0.00044980,0.00065523,0.00087518,0.00081841,0.00106073,0.00139856,0.00201264,0.00106210,0.00139134,0.00159943,0.00200081,0.00136025,0.00165638,0.00210304,0.00274053,0.00178856,0.00205337,0.00248586,0.00342566
2004-04-20,top500,500,0.49175378,0.71943309,0.83632663,0.89781987,0.00002703,0.00025974,0.00050257,0.00070232,0.00077543,0.00100380,0.00127395,0.00178836,0.00097757,0.00124631,0.00155987,0.00185657,0.00122716,0.00153771,0.00184696,0.00240136,0.00156194,0.00184911,0.00222310,0.00301513
2004-05-19,top500,500,0.39783405,0.66288652,0.77210606,0.86173209,-0.00007180,0.00016268,0.00032943,0.00050514,0.00061658,0.00069965,0.00094477,0.00125512,0.00094013,0.00115640,0.00149877,0.00187255,0.00113294,0.00143303,0.00168274,0.00203812,0.00140743,0.00165461,0.00203024,0.00270402
2004-06-21,top500,500,0.35779901,0.59846326,0.75056262,0.85502369,-0.00009419,0.00015198,0.00031664,0.00050167,0.00051803,0.00071209,0.00084842,0.00110632,0.00084188,0.00101712,0.00131779,0.00177300,0.00109599,0.00127126,0.00145684,0.00177596,0.00137165,0.00160640,0.00196408,0.00259452
2004-07-21,top500,500,0.29103542,0.55602116,0.73621988,0.85182112,-0.00011990,0.00007989,0.00023329,0.00039330,0.00042837,0.00056901,0.00072406,0.00098192,0.00071512,0.00089894,0.00108163,0.00138297,0.00106238,0.00128745,0.00146936,0.00177500,0.00133406,0.00164027,0.00201260,0.00253524
2004-08-19,top500,500,0.20433502,0.48284927,0.66914090,0.81289086,-0.00010160,0.00008422,0.00021013,0.00034702,-0.00031011,0.00041777,0.00051917,0.00073628,0.00044718,0.00072284,0.00086255,0.00110224,0.00086612,0.00112094,0.00130838,0.00167660,0.00115114,0.00149393,0.00181171,0.00236681
2004-09-20,top500,500,0.13620409,0.41470455,0.62378910,0.79455991,-0.00020865,0.00005901,0.00013606,0.00023383,-0.00042793,0.00027691,0.00039952,0.00058198,0.00041800,0.00060882,0.00080423,0.00104791,0.00070093,0.00088880,0.00110390,0.00137848,0.00107628,0.00139630,0.00175865,0.00229906
2004-10-19,top500,500,0.11784310,0.37290517,0.60766500,0.78445150,-0.00014372,-0.00004816,0.00008143,0.00018670,-0.00049287,0.00019809,0.00032217,0.00046753,-0.00053916,0.00050053,0.00071463,0.00095357,0.00071005,0.00085442,0.00100970,0.00141097,0.00092785,0.00130763,0.00168687,0.00219040
2004-11-17,top500,500,0.10804125,0.34196311,0.59750849,0.77459434,-0.00017315,-0.00004361,0.00007187,0.00016391,-0.00042054,0.00017906,0.00032791,0.00048778,-0.00060657,0.00044900,0.00061013,0.00075479,0.00045431,0.00076845,0.00094115,0.00125829,0.00098729,0.00127633,0.00161676,0.00220327
2004-12-17,top500,500,0.09323764,0.35159166,0.60724170,0.77953363,-0.00014978,-0.00003089,0.00004827,0.00015697,-0.00041044,0.00018308,0.00034893,0.00049541,-0.00054271,0.00049504,0.00064126,0.00091965,0.00054770,0.00084342,0.00105935,0.00128167,0.00104284,0.00131310,0.00159839,0.00230336
2005-01-19,top500,500,0.12430865,0.41885465,0.64374220,0.78981289,-0.00013242,-0.00002472,0.00008718,0.00020212,-0.00043798,0.00031775,0.00044228,0.00060416,0.00039775,0.00066780,0.00082644,0.00108778,0.00062269,0.00081015,0.00105080,0.00140180,0.00113900,0.00134323,0.00177732,0.00236657
2005-02-17,top500,500,0.18222946,0.47234025,0.69569206,0.82954930,-0.00018145,-0.00001105,0.00012814,0.00023658,-0.00027007,0.00041377,0.00054020,0.00076464,0.00050426,0.00070619,0.00086429,0.00110023,0.00079189,0.00102248,0.00122865,0.00169349,0.00118107,0.00147777,0.00186853,0.00261197
2005-03-21,top500,500,0.26656963,0.55440466,0.74491979,0.85510822,-0.00017062,0.00004859,0.00018347,0.00033611,-0.00025094,0.00043639,0.00057626,0.00094905,0.00062620,0.00085278,0.00106440,0.00127484,0.00091967,0.00116374,0.00133757,0.00184018,0.00121100,0.00163293,0.00216294,0.00303425
2005-04-20,top500,500,0.25811798,0.57522877,0.75157586,0.87147734,-0.00014931,0.00006280,0.00018683,0.00034892,-0.00031689,0.00044008,0.00064111,0.00087226,0.00058821,0.00083215,0.00104196,0.00132977,0.00092029,0.00123894,0.00145933,0.00190569,0.00138786,0.00181153,0.00227696,0.00306284
2005-05-19,top500,500,0.19890366,0.51783968,0.73099203,0.85118866,-0.00012999,0.00002230,0.00015567,0.00025302,0.00021416,0.00042454,0.00057769,0.00078657,0.00043096,0.00068719,0.00094711,0.00122051,0.00097425,0.00126240,0.00155101,0.00206100,0.00136104,0.00175558,0.00217791,0.00286800
2005-06-20,top500,500,0.20983861,0.52175964,0.71382944,0.85719536,-0.00011109,0.00003540,0.00013587,0.00029173,-0.00022186,0.00040414,0.00053826,0.00073079,0.00047015,0.00073423,0.00092680,0.00126402,0.00090757,0.00116084,0.00157005,0.00200452,0.00140159,0.00179866,0.00219191,0.00302339
2005-07-20,top500,500,0.23163803,0.49865395,0.72860876,0.87342903,-0.00019785,0.00003330,0.00017228,0.00029891,-0.00025303,0.00039593,0.00055103,0.00077010,0.00052330,0.00076405,0.00090027,0.00117631,0.00093798,0.00128669,0.00152945,0.00216940,0.00142648,0.00193724,0.00243713,0.00300407
2005-08-18,top500,500,0.19664759,0.47829529,0.70715165,0.86807505,-0.00013100,0.00000492,0.00014675,0.00025401,-0.00033319,0.00036433,0.00052375,0.00074324,0.00042926,0.00065684,0.00082048,0.00110415,0.00086685,0.00124030,0.00153555,0.00200718,0.00138320,0.00189625,0.00241084,0.00278094
2005-09-19,top500,500,0.14061024,0.48478014,0.69713027,0.85296030,-0.00010686,0.00003011,0.00007126,0.00018724,-0.00040631,0.00022724,0.00040275,0.00059509,0.00040451,0.00060612,0.00079831,0.00112685,0.00081699,0.00110551,0.00144374,0.00197632,0.00132105,0.00190156,0.00236709,0.00274023
2005-10-18,top500,500,0.12989282,0.41150407,0.67841713,0.84293334,-0.00011702,-0.00004153,0.00003794,0.00012921,-0.00034969,0.00018452,0.00034347,0.00057472,0.00028374,0.00057337,0.00069811,0.00109351,0.00071179,0.00105785,0.00142735,0.00179514,0.00145762,0.00195354,0.00246032,0.00286622
2005-11-16,top500,500,0.12868199,0.40095721,0.65092367,0.83040103,-0.00011174,-0.00003604,0.00005773,0.00015990,-0.00034295,-0.00010323,0.00029515,0.00045516,-0.00059334,0.00049180,0.00068518,0.00108360,0.00063967,0.00104104,0.00130460,0.00176822,0.00124712,0.00160060,0.00227654,0.00282124
2005-12-16,top500,500,0.13031888,0.39860318,0.68899605,0.83334453,-0.00010232,-0.00001620,0.00006345,0.00018880,-0.00037826,0.00019022,0.00033290,0.00047915,-0.00029548,0.00054402,0.00083339,0.00106031,0.00060590,0.00098599,0.00141899,0.00176130,0.00140525,0.00177864,0.00227080,0.00286676
2006-01-19,top500,500,0.17008515,0.46528204,0.72110335,0.85005057,-0.00013237,0.00000194,0.00009492,0.00018586,-0.00035645,0.00029350,0.00039351,0.00054908,0.00035701,0.00064986,0.00091262,0.00120541,0.00075688,0.00114959,0.00150803,0.00199841,0.00147717,0.00185368,0.00232579,0.00301157
2006-02-17,top500,500,0.14918251,0.53476240,0.73258424,0.85033332,-0.00011137,0.00000439,0.00011254,0.00020251,-0.00030591,0.00029122,0.00043666,0.00065908,0.00044136,0.00064446,0.00086089,0.00128064,0.00098117,0.00130670,0.00165814,0.00211930,0.00141361,0.00179643,0.00216923,0.00298614
2006-03-21,top500,500,0.21302572,0.55259714,0.75202769,0.86990187,-0.00011774,-0.00001548,0.00011666,0.00025719,-0.00034043,0.00038647,0.00048936,0.00074404,0.00048150,0.00078516,0.00101293,0.00135483,0.00099965,0.00136282,0.00162683,0.00213703,0.00147404,0.00179609,0.00239556,0.00312798
2006-04-20,top500,500,0.19625679,0.53966229,0.73806599,0.87405108,-0.00011709,0.00001794,0.00013694,0.00027052,-0.00023225,0.00042623,0.00058504,0.00083221,0.00046461,0.00073324,0.00091396,0.00134724,0.00090485,0.00127558,0.00164144,0.00214803,0.00163480,0.00199570,0.00255903,0.00336719
2006-05-19,top500,500,0.18053653,0.49799284,0.71364772,0.85311034,-0.00015689,-0.00001892,0.00008483,0.00020651,-0.00025183,0.00035258,0.00047690,0.00060389,0.00054525,0.00073759,0.00098779,0.00133197,0.00081249,0.00111895,0.00152641,0.00207229,0.00154231,0.00197553,0.00251322,0.00313068
2006-06-20,top500,500,0.14866865,0.43423876,0.67282816,0.81198180,-0.00011039,0.00002516,0.00009932,0.00019325,-0.00029094,0.00030214,0.00040857,0.00058532,0.00047736,0.00072404,0.00095778,0.00124448,0.00066471,0.00095557,0.00126707,0.00178992,0.00128279,0.00164864,0.00213698,0.00277878
2006-07-20,top500,500,0.13572822,0.39200257,0.62873531,0.78507616,-0.00012341,0.00001228,0.00010566,0.00017791,-0.00019704,0.00026580,0.00041024,0.00063230,-0.00039727,0.00060510,0.00076509,0.00101421,0.00068435,0.00086805,0.00102767,0.00149513,0.00116739,0.00162975,0.00190748,0.00256685
2006-08-18,top500,500,0.11020510,0.36083085,0.58303237,0.77511680,-0.00010705,-0.00003265,0.00006085,0.00017735,-0.00030859,0.00023778,0.00041194,0.00055335,0.00034629,0.00054597,0.00078263,0.00103914,0.00062446,0.00084279,0.00111713,0.00153197,0.00090084,0.00129780,0.00164584,0.00226101
2006-09-19,top500,500,0.11433903,0.35546927,0.59207021,0.76785421,-0.00011524,0.00003034,0.00013469,0.00024025,-0.00032834,0.00020439,0.00039293,0.00059401,0.00036847,0.00061951,0.00075659,0.00109342,0.00046536,0.00074699,0.00103667,0.00136378,0.00094640,0.00119607,0.00140930,0.00199014
2006-10-18,top500,500,0.09946914,0.36450925,0.58798818,0.77849791,-0.00012955,-0.00000807,0.00008432,0.00017215,-0.00031706,0.00026927,0.00040945,0.00052789,-0.00044745,0.00053388,0.00071059,0.00103744,0.00054242,0.00077971,0.00106101,0.00132740,0.00091650,0.00117560,0.00142027,0.00180606
2006-11-16,top500,500,0.10151110,0.32740224,0.56702449,0.76667203,-0.00012340,-0.00001473,0.00007871,0.00019790,-0.00035109,0.00027912,0.00040795,0.00049573,-0.00045938,0.00046229,0.00063172,0.00084764,0.00051085,0.00070265,0.00092673,0.00134846,0.00088803,0.00112262,0.00139519,0.00181018
2006-12-18,top500,500,0.08809530,0.35440362,0.57751104,0.78597630,-0.00016511,-0.00006910,0.00004492,0.00016875,-0.00028585,0.00029972,0.00041073,0.00056741,-0.00039622,0.00050420,0.00067657,0.00086141,0.00057838,0.00079814,0.00096158,0.00142293,0.00095412,0.00116398,0.00139097,0.00188083
2007-01-22,top500,500,0.10010363,0.38496108,0.61362673,0.81416153,-0.00011464,-0.00002186,0.00007621,0.00017450,-0.00049015,0.00027823,0.00043191,0.00057743,0.00041149,0.00060229,0.00081180,0.00106193,0.00068453,0.00091278,0.00108952,0.00153393,0.00099258,0.00116268,0.00140574,0.00188662
2007-02-21,top500,500,0.12792813,0.41794929,0.65564695,0.83039803,-0.00009901,0.00002052,0.00009697,0.00025029,-0.00037642,0.00030574,0.00045693,0.00063756,0.00043743,0.00070904,0.00089812,0.00125684,0.00078105,0.00103698,0.00123666,0.00166857,0.00100189,0.00121915,0.00144003,0.00188663
2007-03-22,top500,500,0.17280502,0.47705519,0.67886159,0.84068246,-0.00014373,0.00003540,0.00016319,0.00028003,-0.00033085,0.00046003,0.00058054,0.00077525,0.00050277,0.00077909,0.00100593,0.00133185,0.00081797,0.00105360,0.00125880,0.00167769,0.00106093,0.00133539,0.00163451,0.00194484
2007-04-23,top500,500,0.25118319,0.54805692,0.72312993,0.85538604,-0.00013615,0.00005390,0.00023319,0.00037467,0.00035336,0.00051941,0.00070905,0.00095378,0.00065060,0.00083662,0.00109286,0.00130972,0.00094024,0.00120483,0.00149643,0.00202565,0.00111349,0.00133010,0.00167423,0.00202935
2007-05-22,top500,500,0.38324057,0.65395180,0.79922823,0.88111315,-0.00009409,0.00021179,0.00035393,0.00050010,0.00052804,0.00071778,0.00096250,0.00113862,0.00075208,0.00105792,0.00125741,0.00143225,0.00097198,0.00123938,0.00153536,0.00191048,0.00126424,0.00160257,0.00193465,0.00255799
2007-06-21,top500,500,0.42536354,0.67641940,0.80080180,0.89263499,0.00001816,0.00023881,0.00042661,0.00057061,0.00059813,0.00077956,0.00098783,0.00126616,0.00081386,0.00103823,0.00129325,0.00166425,0.00100108,0.00116014,0.00139783,0.00174871,0.00133395,0.00182501,0.00206744,0.00282978
2007-07-23,top500,500,0.38439918,0.63488306,0.79335334,0.88802387,-0.00001811,0.00016109,0.00035272,0.00056930,0.00045115,0.00073450,0.00087357,0.00112638,0.00072314,0.00096807,0.00121576,0.00159826,0.00103295,0.00129364,0.00150895,0.00196083,0.00143412,0.00179136,0.00212119,0.00276956
2007-08-21,top500,500,0.21093805,0.52496313,0.72026606,0.84970403,-0.00014814,0.00000237,0.00015158,0.00028121,0.00029556,0.00045376,0.00060543,0.00084115,0.00061286,0.00088154,0.00102385,0.00136986,0.00083797,0.00117446,0.00139750,0.00198819,0.00140078,0.00171220,0.00212751,0.00286501
2007-09-20,top500,500,0.15553369,0.44155492,0.68225955,0.84159535,-0.00019958,-0.00004256,0.00007774,0.00021368,-0.00035311,0.00026127,0.00038303,0.00062247,0.00053722,0.00074730,0.00088812,0.00116874,0.00088298,0.00115816,0.00140082,0.00191210,0.00127367,0.00179409,0.00229080,0.00293957
2007-10-19,top500,500,0.15804601,0.44939730,0.67517272,0.83970119,-0.00015846,-0.00004505,0.00007070,0.00016329,-0.00043178,0.00022987,0.00038475,0.00062870,0.00046241,0.00064648,0.00084330,0.00108302,0.00091820,0.00106469,0.00129490,0.00163558,0.00128265,0.00184889,0.00256652,0.00332843
2007-11-19,top500,500,0.17704258,0.45028290,0.66158032,0.83575943,-0.00016537,-0.00004759,0.00009710,0.00019067,-0.00044974,0.00026328,0.00045386,0.00063188,-0.00077098,0.00058675,0.00077088,0.00105733,0.00069075,0.00105439,0.00126379,0.00162828,0.00129940,0.00176797,0.00256975,0.00337598
2007-12-19,top500,500,0.16125944,0.42315904,0.66572270,0.84186887,-0.00014413,-0.00003971,0.00011827,0.00021529,-0.00037213,0.00026330,0.00043230,0.00060446,-0.00097752,0.00059722,0.00080291,0.00110112,-0.00094308,0.00099966,0.00128402,0.00156102,0.00138311,0.00186299,0.00241373,0.00342941
2008-01-22,top500,500,0.15207299,0.43798300,0.67943761,0.81402211,-0.00014943,-0.00003274,0.00010477,0.00019853,-0.00051871,0.00022411,0.00042877,0.00060342,-0.00099880,0.00038194,0.00080787,0.00121623,-0.00135209,0.00093842,0.00119956,0.00187354,0.00118590,0.00158398,0.00219871,0.00301178
2008-02-21,top500,500,0.12372447,0.38310547,0.62334723,0.76441130,-0.00015787,-0.00006502,0.00007763,0.00019983,-0.00054236,-0.00031764,0.00032560,0.00061092,-0.00084854,-0.00038328,0.00080910,0.00105333,-0.00132848,0.00076519,0.00109300,0.00163717,-0.00168195,0.00120444,0.00198816,0.00285977
2008-03-24,top500,500,0.12706325,0.35232482,0.57045732,0.75964970,-0.00016521,-0.00003013,0.00006956,0.00021356,-0.00052304,-0.00032366,0.00046537,0.00061769,-0.00082572,-0.00053630,0.00060365,0.00085819,-0.00121202,-0.00061214,0.00095936,0.00169701,-0.00214425,-0.00143143,0.00148608,0.00276174
2008-04-22,top500,500,0.11975806,0.37848356,0.59379586,0.76624091,-0.00016895,-0.00003257,0.00007133,0.00020946,-0.00050985,-0.00029550,0.00036635,0.00050137,-0.00087056,-0.00059437,0.00056375,0.00085078,-0.00129241,-0.00097257,0.00092452,0.00158164,-0.00219889,-0.00150562,0.00160066,0.00279230
2008-05-21,top500,500,0.11299098,0.34837756,0.56570913,0.74141820,-0.00016439,-0.00005991,0.00004157,0.00017188,-0.00058372,-0.00040039,0.00024178,0.00046616,-0.00094570,-0.00059597,0.00057382,0.00090986,-0.00150484,-0.00092631,0.00090106,0.00126203,-0.00193798,0.00076706,0.00179637,0.00298368
2008-06-20,top500,500,0.09367755,0.29636848,0.53475526,0.74275117,-0.00016911,-0.00006647,0.00004259,0.00012279,-0.00053242,-0.00036849,0.00022032,0.00045549,-0.00098466,-0.00056066,0.00051953,0.00085730,-0.00124896,-0.00083047,0.00089808,0.00146551,-0.00150466,0.00162803,0.00235519,0.00325497
2008-07-22,top500,500,0.10034209,0.31736165,0.54698699,0.71668221,-0.00021257,-0.00007028,0.00003890,0.00013432,-0.00056300,-0.00029904,0.00027411,0.00046103,-0.00100459,-0.00066763,0.00051912,0.00087347,-0.00137310,-0.00109611,0.00080026,0.00134874,-0.00156909,0.00148386,0.00231617,0.00332167
2008-08-20,top500,500,0.07546812,0.27109861,0.49956209,0.67857378,-0.00017795,-0.00008529,-0.00000443,0.00012380,-0.00053991,-0.00020304,0.00032792,0.00056243,-0.00083829,-0.00051066,0.00055501,0.00098555,-0.00141118,-0.00094113,0.00071148,0.00131298,-0.00230893,-0.00127161,0.00167764,0.00282307
2008-09-19,top500,500,0.06383970,0.22123557,0.44563337,0.63900154,-0.00018100,-0.00008250,0.00003025,0.00013684,-0.00040982,-0.00021062,0.00027391,0.00043639,-0.00064376,-0.00041179,0.00057225,0.00097710,-0.00133233,-0.00086875,-0.00052810,0.00128194,-0.00269587,-0.00158233,-0.00099925,0.00177469
2008-10-20,top500,500,0.04564553,0.17540481,0.34719633,0.57650559,-0.00015830,-0.00005190,0.00003031,0.00012410,-0.00047125,-0.00025836,0.00027723,0.00045755,-0.00084691,-0.00060246,-0.00029667,0.00067480,-0.00142592,-0.00103412,-0.00066264,0.00075320,-0.00244932,-0.00187741,-0.00121103,0.00099859
2008-11-18,top500,500,0.04881171,0.21368159,0.39270763,0.55047527,-0.00028762,-0.00007500,0.00003442,0.00013563,-0.00089430,-0.00062546,-0.00043882,0.00019306,-0.00126505,-0.00098150,-0.00073093,-0.00032116,-0.00170374,-0.00125430,-0.00092636,0.00060368,-0.00291889,-0.00217925,-0.00150619,-0.00101694
2008-12-18,top500,500,0.10848521,0.26751560,0.43091941,0.59162448,-0.00050506,-0.00018593,-0.00001548,0.00012390,-0.00122912,-0.00085978,-0.00064985,-0.00025555,-0.00186620,-0.00139795,-0.00111929,-0.00066029,-0.00233976,-0.00180557,-0.00142809,-0.00103466,-0.00356156,-0.00283204,-0.00227878,-0.00135294
2009-01-21,top500,500,0.12843905,0.33581990,0.47755271,0.63132408,-0.00038481,-0.00019722,-0.00001530,0.00021074,-0.00138724,-0.00109083,-0.00082611,-0.00046785,-0.00223116,-0.00167924,-0.00126046,-0.00087385,-0.00280620,-0.00209508,-0.00155814,-0.00119516,-0.00364902,-0.00284846,-0.00224479,-0.00144759
2009-02-20,top500,500,0.14620887,0.39943163,0.56815657,0.67473496,-0.00044134,-0.00026308,-0.00008491,0.00009314,-0.00125266,-0.00098942,-0.00075982,-0.00038533,-0.00226326,-0.00184822,-0.00149357,-0.00118282,-0.00324189,-0.00239313,-0.00185913,-0.00150929,-0.00373371,-0.00315466,-0.00243670,-0.00145605
2009-03-23,top500,500,0.22408453,0.48500662,0.64458651,0.74556623,-0.00063195,-0.00034243,-0.00014616,0.00015715,-0.00150627,-0.00118538,-0.00092794,-0.00063076,-0.00306427,-0.00231229,-0.00164044,-0.00128421,-0.00350233,-0.00246646,-0.00214851,-0.00167559,-0.00430695,-0.00361785,-0.00295385,-0.00216994
2009-04-22,top500,500,0.20317796,0.45379487,0.59623923,0.72019880,-0.00068772,-0.00034487,-0.00018010,0.00030097,-0.00194335,-0.00132354,-0.00095808,-0.00069402,-0.00301951,-0.00206206,-0.00163784,-0.00107883,-0.00301324,-0.00248188,-0.00195437,-0.00154767,-0.00422687,-0.00360877,-0.00279055,-0.00216336
2009-05-21,top500,500,0.09551762,0.25537661,0.41415197,0.56518479,-0.00051012,-0.00026673,-0.00006963,0.00023655,-0.00159625,-0.00107937,-0.00068327,-0.00037051,-0.00220621,-0.00157217,-0.00116690,-0.00075450,-0.00289288,-0.00223625,-0.00163247,-0.00117445,-0.00334414,-0.00247237,-0.00186484,-0.00123504
2009-06-22,top500,500,0.03045766,0.10303923,0.23332297,0.38665976,-0.00026598,-0.00011667,0.00002319,0.00013995,-0.00090202,-0.00059463,-0.00034363,0.00058880,-0.00125170,-0.00087090,-0.00054153,0.00044517,-0.00185378,-0.00129662,-0.00094453,-0.00039915,-0.00225526,-0.00153049,-0.00115897,-0.00067492
2009-07-22,top500,500,0.01235982,0.06473939,0.14940275,0.32072848,-0.00012396,-0.00006005,0.00004127,0.00014142,-0.00040415,-0.00014881,0.00032246,0.00051177,-0.00089821,-0.00055912,0.00030924,0.00078129,-0.00111217,-0.00074131,0.00039687,0.00114226,-0.00149272,-0.00091414,0.00115938,0.00203727
2009-08-20,top500,500,0.02412921,0.09758990,0.21356457,0.38294212,-0.00011645,0.00000744,0.00010378,0.00021448,-0.00032577,0.00028696,0.00047418,0.00076501,-0.00033751,0.00064043,0.00098919,0.00140221,-0.00044538,0.00103090,0.00154331,0.00195644,0.00126244,0.00176752,0.00237171,0.00302900
2009-09-21,top500,500,0.11796689,0.34406223,0.50930492,0.65954100,-0.00017189,0.00008936,0.00023751,0.00046334,0.00067636,0.00088913,0.00116095,0.00150780,0.00108125,0.00149428,0.00191119,0.00237204,0.00148041,0.00209614,0.00254153,0.00342699,0.00197661,0.00258865,0.00319775,0.00368789
2009-10-20,top500,500,0.35716325,0.61557015,0.74198807,0.83982776,0.00019872,0.00036146,0.00052001,0.00090084,0.00098068,0.00138831,0.00179098,0.00242756,0.00163973,0.00207263,0.00269765,0.00354824,0.00193961,0.00242492,0.00313953,0.00380761,0.00254980,0.00334148,0.00396580,0.00504411
2009-11-18,top500,500,0.48247179,0.70122790,0.80663014,0.87928290,0.00026077,0.00055406,0.00077595,0.00115550,0.00112061,0.00151131,0.00196844,0.00286265,0.00161668,0.00222843,0.00273747,0.00370616,0.00208517,0.00272488,0.00365144,0.00416164,0.00265617,0.00327896,0.00411117,0.00506089
2009-12-18,top500,500,0.57209985,0.73225750,0.81932742,0.88246206,0.00031670,0.00070986,0.00100399,0.00130644,0.00125115,0.00149011,0.00190635,0.00322866,0.00167043,0.00216903,0.00272301,0.00391071,0.00209575,0.00282424,0.00344581,0.00429920,0.00252938,0.00327417,0.00403612,0.00469628
2010-01-21,top500,500,0.66730929,0.78878671,0.85449365,0.89673826,0.00052478,0.00089118,0.00126716,0.00166763,0.00125755,0.00176631,0.00233135,0.00311792,0.00178736,0.00214033,0.00286330,0.00440191,0.00193685,0.00272906,0.00344975,0.00412613,0.00251974,0.00320147,0.00390271,0.00485638
2010-02-22,top500,500,0.64500819,0.77059041,0.84127872,0.89008011,0.00038948,0.00087562,0.00122160,0.00198586,0.00132014,0.00174305,0.00241982,0.00300278,0.00166984,0.00217709,0.00294523,0.00400598,0.00174985,0.00233807,0.00296172,0.00372741,0.00209311,0.00253825,0.00325398,0.00438415
2010-03-23,top500,500,0.57987616,0.77341278,0.83859833,0.89011445,0.00024046,0.00055577,0.00081032,0.00131778,0.00106744,0.00146061,0.00182481,0.00249358,0.00133897,0.00182402,0.00251119,0.00311221,0.00157060,0.00196680,0.00228747,0.00300885,0.00201971,0.00237067,0.00287722,0.00386562
2010-04-22,top500,500,0.53954383,0.76192389,0.84341460,0.89641856,0.00020104,0.00043858,0.00069505,0.00095453,0.00100783,0.00128785,0.00148326,0.00210579,0.00138663,0.00165904,0.00198946,0.00273627,0.00148617,0.00191420,0.00227946,0.00287170,0.00183337,0.00221936,0.00268292,0.00367319
2010-05-21,top500,500,0.46103526,0.72177152,0.81528135,0.88190252,-0.00004273,0.00030812,0.00055256,0.00081033,0.00085933,0.00100295,0.00127184,0.00168793,0.00127948,0.00150833,0.00199864,0.00275546,0.00148931,0.00172107,0.00212325,0.00274480,0.00168140,0.00214155,0.00256303,0.00358742
2010-06-22,top500,500,0.31376586,0.59466181,0.75003229,0.85122215,-0.00011126,0.00017817,0.00036820,0.00056604,0.00058558,0.00082049,0.00098309,0.00132743,0.00101179,0.00128538,0.00158908,0.00223792,0.00126363,0.00150816,0.00190710,0.00243752,0.00161041,0.00198520,0.00245271,0.00313013
2010-07-22,top500,500,0.16774780,0.45609899,0.67588322,0.80346241,-0.00015705,-0.00001905,0.00012986,0.00033304,0.00021848,0.00043361,0.00060864,0.00083566,0.00057823,0.00088134,0.00107732,0.00142755,0.00102698,0.00121132,0.00149283,0.00183856,0.00134647,0.00162656,0.00206679,0.00264364
2010-08-20,top500,500,0.11244634,0.35453120,0.63291354,0.77998105,-0.00021703,-0.00002806,0.00008408,0.00018754,-0.00035546,0.00033204,0.00048392,0.00073959,-0.00064606,0.00058063,0.00083459,0.00104445,0.00091623,0.00112031,0.00129551,0.00188834,0.00116754,0.00151763,0.00179275,0.00243094
2010-09-21,top500,500,0.09092029,0.33047323,0.58166394,0.76552751,-0.00016580,-0.00006071,0.00008973,0.00016621,-0.00042024,0.00023939,0.00038717,0.00051472,-0.00075640,0.00050342,0.00074732,0.00102202,0.00069914,0.00092771,0.00107619,0.00156645,0.00115209,0.00138832,0.00175681,0.00232953
2010-10-20,top500,500,0.09205729,0.32884999,0.57697309,0.77397797,-0.00012783,-0.00003025,0.00007241,0.00018518,-0.00041230,0.00022894,0.00040043,0.00054164,-0.00077061,0.00053541,0.00068321,0.00097524,0.00072016,0.00094260,0.00110770,0.00145245,0.00110999,0.00142208,0.00182765,0.00234014
2010-11-18,top500,500,0.09963935,0.35464256,0.58386069,0.77436262,-0.00016420,-0.00003522,0.00011508,0.00022503,-0.00040238,0.00024260,0.00041386,0.00068744,-0.00058123,0.00059633,0.00076262,0.00096526,0.00071539,0.00094680,0.00113395,0.00145728,0.00116539,0.00150587,0.00185743,0.00249667
2010-12-20,top500,500,0.13624425,0.37701867,0.58203980,0.77924689,-0.00020677,-0.00001127,0.00009159,0.00022393,-0.00042286,0.00035049,0.00053969,0.00072107,-0.00047789,0.00064495,0.00081809,0.00108780,0.00079079,0.00102153,0.00124930,0.00163320,0.00122504,0.00155269,0.00198441,0.00258793
2011-01-20,top500,500,0.14454704,0.42569920,0.65020302,0.81123014,-0.00016174,0.00001380,0.00011627,0.00025617,-0.00033199,0.00044655,0.00058508,0.00075621,0.00064444,0.00090873,0.00116400,0.00150007,0.00088700,0.00115928,0.00139595,0.00172671,0.00129832,0.00163285,0.00211185,0.00276577
2011-02-18,top500,500,0.17840682,0.45344830,0.66929206,0.80413135,-0.00012572,0.00005483,0.00019153,0.00032266,0.00028801,0.00050614,0.00067557,0.00100319,0.00076993,0.00100664,0.00130334,0.00176565,0.00098834,0.00123496,0.00154789,0.00187190,0.00124161,0.00160322,0.00210972,0.00279695
2011-03-22,top500,500,0.23996120,0.53471941,0.71193845,0.81138748,-0.00008258,0.00008786,0.00024280,0.00045178,0.00045996,0.00069422,0.00085845,0.00117853,0.00090683,0.00115042,0.00143635,0.00182658,0.00108461,0.00140972,0.00186769,0.00219249,0.00126120,0.00163225,0.00204818,0.00269696
2011-04-20,top500,500,0.42129636,0.65069694,0.78691238,0.85828448,0.00009198,0.00020956,0.00041910,0.00067861,0.00061044,0.00089065,0.00106629,0.00128495,0.00106476,0.00131358,0.00154452,0.00221007,0.00117795,0.00157256,0.00195749,0.00246262,0.00156091,0.00186477,0.00245379,0.00290627
2011-05-20,top500,500,0.55632959,0.75924764,0.85619343,0.90646127,0.00026475,0.00044611,0.00057121,0.00091937,0.00081653,0.00100417,0.00124046,0.00144475,0.00119437,0.00153391,0.00177971,0.00238609,0.00138694,0.00173037,0.00200444,0.00264411,0.00167944,0.00199145,0.00245029,0.00309820
2011-06-21,top500,500,0.54218525,0.73139890,0.82361800,0.89124064,0.00013181,0.00040753,0.00062802,0.00083957,0.00072841,0.00101307,0.00131097,0.00179925,0.00108384,0.00149252,0.00182966,0.00225095,0.00125557,0.00169444,0.00201599,0.00263086,0.00153915,0.00178158,0.00211152,0.00273330
2011-07-21,top500,500,0.43007518,0.67113331,0.80357973,0.88605046,-0.00006252,0.00027356,0.00045728,0.00070436,0.00062412,0.00096602,0.00120868,0.00155202,0.00092998,0.00121142,0.00158736,0.00203614,0.00108827,0.00141011,0.00171694,0.00238076,0.00144712,0.00171767,0.00212903,0.00272344
2011-08-19,top500,500,0.21270839,0.44861764,0.64325499,0.79986095,-0.00002199,0.00014800,0.00028669,0.00045149,0.00031906,0.00061962,0.00077250,0.00098570,0.00071449,0.00088354,0.00107248,0.00134881,0.00097486,0.00116735,0.00144657,0.00170015,0.00124044,0.00155674,0.00210810,0.00260197
2011-09-20,top500,500,0.05989867,0.24824115,0.48771172,0.73610878,-0.00013558,-0.00001689,0.00010085,0.00018216,-0.00043015,0.00023305,0.00035433,0.00052567,0.00025195,0.00053664,0.00079728,0.00096394,0.00051902,0.00076516,0.00097259,0.00124964,0.00103393,0.00124625,0.00183992,0.00236192
2011-10-19,top500,500,0.04503737,0.18692244,0.41835527,0.70119870,-0.00010873,-0.00000174,0.00006010,0.00015180,-0.00048848,-0.00028280,0.00024683,0.00041283,-0.00090381,-0.00054830,0.00042289,0.00062928,-0.00111874,0.00043571,0.00064119,0.00100351,0.00072915,0.00100842,0.00142451,0.00196443
2011-11-17,top500,500,0.05256225,0.23221437,0.45837320,0.69837953,-0.00016433,-0.00003904,0.00003360,0.00013553,-0.00045074,-0.00027613,0.00019658,0.00036790,-0.00097150,-0.00068468,0.00036892,0.00054406,-0.00147210,-0.00077655,0.00057988,0.00095243,0.00054407,0.00099795,0.00128524,0.00187804
2011-12-19,top500,500,0.08392796,0.26730626,0.50030387,0.72058680,-0.00017443,-0.00005157,0.00005750,0.00015981,-0.00052020,-0.00039345,0.00013099,0.00033129,-0.00087494,-0.00072498,0.00032919,0.00062799,-0.00146405,-0.00092628,0.00061327,0.00091729,-0.00195015,0.00080393,0.00116647,0.00157770
2012-01-20,top500,500,0.09709312,0.27830674,0.48447275,0.71478610,-0.00016806,-0.00005800,0.00008317,0.00016145,-0.00053317,-0.00041579,-0.00021420,0.00036381,-0.00101988,-0.00074775,-0.00046891,0.00054191,-0.00144052,-0.00088849,0.00067223,0.00097313,-0.00204077,0.00078612,0.00108991,0.00161870
2012-02-21,top500,500,0.05027083,0.20647411,0.39169496,0.65952668,-0.00017346,-0.00007527,0.00001763,0.00013938,-0.00041577,-0.00035590,0.00012754,0.00037858,-0.00088695,-0.00063655,0.00033724,0.00055890,-0.00136770,-0.00078399,0.00065561,0.00088436,0.00058589,0.00091548,0.00120704,0.00176333
2012-03-21,top500,500,0.03468249,0.15559892,0.36118539,0.63388313,-0.00011137,-0.00000934,0.00004965,0.00014117,-0.00041904,-0.00024364,0.00021477,0.00033133,-0.00094015,-0.00050293,0.00047599,0.00067069,-0.00088870,0.00056793,0.00075483,0.00101059,0.00076214,0.00106137,0.00129984,0.00182873
2012-04-20,top500,500,0.04264041,0.17452363,0.42591134,0.67489759,-0.00012696,-0.00000484,0.00007146,0.00018470,-0.00035243,0.00023152,0.00035469,0.00049159,-0.00042810,0.00048495,0.00070829,0.00099090,0.00045140,0.00072979,0.00099056,0.00135263,0.00084684,0.00119709,0.00142112,0.00196461
2012-05-21,top500,500,0.10060124,0.28193517,0.53705700,0.74987385,-0.00016161,-0.00000847,0.00012402,0.00026751,-0.00040461,0.00041924,0.00056881,0.00072306,0.00045993,0.00066768,0.00083318,0.00107247,0.00084358,0.00109322,0.00129910,0.00165668,0.00089851,0.00127000,0.00167270,0.00214949
2012-06-20,top500,500,0.12811252,0.34265208,0.56854875,0.76779103,-0.00013780,0.00002741,0.00017352,0.00031664,0.00014985,0.00046183,0.00060454,0.00077926,0.00043453,0.00074867,0.00096070,0.00119309,0.00085193,0.00111027,0.00137218,0.00172746,0.00102572,0.00133532,0.00166127,0.00207245
2012-07-20,top500,500,0.18036242,0.45135492,0.66889157,0.82525300,-0.00011997,0.00003842,0.00016939,0.00032749,0.00037852,0.00052430,0.00067400,0.00093191,0.00067107,0.00091136,0.00111842,0.00146771,0.00088375,0.00114827,0.00138422,0.00170373,0.00116934,0.00154516,0.00183740,0.00213691
2012-08-20,top500,500,0.16355480,0.46945477,0.68777433,0.84026214,-0.00013333,0.00005356,0.00016856,0.00035015,0.00034663,0.00056282,0.00076304,0.00096929,0.00061218,0.00085077,0.00108643,0.00135623,0.00087376,0.00112173,0.00144022,0.00177139,0.00115129,0.00145967,0.00186121,0.00214728
2012-09-19,top500,500,0.14108324,0.44969159,0.65599123,0.83343774,-0.00008504,0.00007477,0.00017751,0.00036425,0.00024415,0.00045756,0.00058640,0.00078515,0.00064946,0.00090249,0.00109267,0.00136067,0.00076184,0.00104667,0.00134009,0.00165233,0.00113637,0.00143937,0.00180054,0.00215787
2012-10-18,top500,500,0.14091231,0.42908418,0.65998034,0.83762050,-0.00012227,0.00003938,0.00013145,0.00026443,-0.00055473,0.00032934,0.00047027,0.00062297,0.00056743,0.00076116,0.00093663,0.00115190,0.00067630,0.00096029,0.00116429,0.00154352,0.00105647,0.00132852,0.00172035,0.00204578
2012-11-20,top500,500,0.12399828,0.35971805,0.62282829,0.80086269,-0.00013878,0.00004042,0.00016263,0.00024296,-0.00048543,0.00030872,0.00046683,0.00066429,0.00038289,0.00056192,0.00078216,0.00101765,0.00072920,0.00092343,0.00111635,0.00154269,0.00103538,0.00129752,0.00167880,0.00194059
2012-12-20,top500,500,0.09152487,0.31400394,0.57462644,0.76511874,-0.00010749,-0.00000376,0.00006441,0.00017689,-0.00035903,0.00022903,0.00037951,0.00053841,-0.00044832,0.00045603,0.00061702,0.00088740,0.00060701,0.00072977,0.00089916,0.00135564,0.00091183,0.00110110,0.00149098,0.00178170
2013-01-23,top500,500,0.08013233,0.28509647,0.56191517,0.75564351,-0.00013385,-0.00001398,0.00007190,0.00017742,-0.00030346,0.00025524,0.00035525,0.00054849,0.00027370,0.00048738,0.00061391,0.00085443,0.00052373,0.00069093,0.00089010,0.00116615,0.00084168,0.00103239,0.00139968,0.00182640
2013-02-22,top500,500,0.11146746,0.36400123,0.59071543,0.77719726,-0.00007838,0.00002167,0.00008866,0.00023869,-0.00029029,0.00032665,0.00046929,0.00071032,0.00039818,0.00063496,0.00079256,0.00113627,0.00062598,0.00078672,0.00100680,0.00128292,0.00090471,0.00108025,0.00150187,0.00202753
2013-03-25,top500,500,0.20298303,0.48228527,0.66797499,0.82148250,-0.00015014,0.00001559,0.00017236,0.00031392,0.00028827,0.00045367,0.00060385,0.00082475,0.00061011,0.00077526,0.00103511,0.00133559,0.00083447,0.00102569,0.00121293,0.00152364,0.00098432,0.00127156,0.00165748,0.00216078
2013-04-24,top500,500,0.29144507,0.61193029,0.76940462,0.86157061,-0.00011636,0.00004825,0.00020235,0.00034900,0.00041713,0.00059169,0.00075696,0.00090999,0.00078726,0.00098153,0.00111794,0.00144937,0.00096892,0.00117126,0.00150680,0.00198616,0.00115864,0.00146000,0.00172729,0.00221012
2013-05-23,top500,500,0.38218318,0.72011460,0.82926620,0.90853368,-0.00007601,0.00011612,0.00025795,0.00042431,0.00062829,0.00077638,0.00089320,0.00118359,0.00096407,0.00109922,0.00122025,0.00149874,0.00115220,0.00132414,0.00166534,0.00203933,0.00141226,0.00168164,0.00204746,0.00252871
2013-06-24,top500,500,0.42313570,0.70898389,0.82689812,0.90864654,-0.00015564,0.00011501,0.00034490,0.00048804,0.00057823,0.00074041,0.00089726,0.00118271,0.00089371,0.00109547,0.00125460,0.00155314,0.00123435,0.00136175,0.00161929,0.00224340,0.00143515,0.00175965,0.00214854,0.00263749
2013-07-24,top500,500,0.43788254,0.70985558,0.83373887,0.90453688,-0.00015225,0.00020780,0.00038337,0.00054112,0.00055032,0.00074192,0.00091490,0.00108206,0.00094002,0.00106364,0.00121508,0.00170669,0.00116649,0.00137478,0.00158040,0.00214512,0.00146483,0.00175950,0.00204735,0.00258043
2013-08-22,top500,500,0.46371612,0.71937692,0.83905289,0.90651190,-0.00014541,0.00018116,0.00036423,0.00059025,0.00062955,0.00077946,0.00095396,0.00116457,0.00091213,0.00107887,0.00130864,0.00173219,0.00114660,0.00141170,0.00170631,0.00209448,0.00150647,0.00177502,0.00212367,0.00270656
2013-09-23,top500,500,0.43682681,0.71859877,0.83831499,0.90646492,-0.00008524,0.00016356,0.00031597,0.00050539,0.00064108,0.00074020,0.00087709,0.00118032,0.00097735,0.00116285,0.00137050,0.00165690,0.00119398,0.00140449,0.00162069,0.00209198,0.00150251,0.00180086,0.00215015,0.00269475
2013-10-22,top500,500,0.40955602,0.74181474,0.85296359,0.90771517,-0.00010595,0.00021155,0.00035485,0.00050509,0.00051088,0.00073754,0.00086777,0.00112964,0.00101856,0.00120865,0.00135992,0.00175730,0.00121096,0.00140398,0.00164932,0.00206804,0.00154462,0.00184001,0.00218814,0.00270298
2013-11-20,top500,500,0.41592140,0.73118416,0.84773621,0.90742811,-0.00005211,0.00012210,0.00026218,0.00041153,0.00054714,0.00073142,0.00085352,0.00113710,0.00102523,0.00114845,0.00128254,0.00151991,0.00115937,0.00138798,0.00172008,0.00208614,0.00151745,0.00182837,0.00212796,0.00263127
2013-12-20,top500,500,0.37748805,0.71403221,0.84241065,0.90432159,-0.00013212,0.00006056,0.00026666,0.00035127,0.00052900,0.00064875,0.00075011,0.00112869,0.00092233,0.00102939,0.00124467,0.00151853,0.00109288,0.00132965,0.00156437,0.00186817,0.00153240,0.00178288,0.00210484,0.00265957
2014-01-23,top500,500,0.42362153,0.70608399,0.83524502,0.90471165,-0.00016197,0.00001568,0.00016409,0.00038491,0.00048422,0.00058387,0.00073534,0.00105860,0.00083640,0.00100542,0.00124050,0.00160829,0.00109935,0.00127876,0.00149476,0.00176845,0.00154300,0.00173791,0.00213609,0.00271073
2014-02-24,top500,500,0.35813065,0.66013707,0.80419701,0.88845255,-0.00017468,-0.00001872,0.00011628,0.00029500,0.00040603,0.00054738,0.00069241,0.00109753,0.00075545,0.00090771,0.00109842,0.00140802,0.00111721,0.00131639,0.00152221,0.00185541,0.00143178,0.00169496,0.00221426,0.00260921
2014-03-25,top500,500,0.29692113,0.63787770,0.81077482,0.89042343,-0.00021066,0.00000026,0.00018655,0.00028947,0.00037408,0.00053294,0.00068378,0.00087414,0.00076019,0.00092828,0.00117803,0.00154620,0.00112773,0.00130757,0.00147348,0.00182955,0.00136296,0.00173157,0.00219473,0.00258432
2014-04-24,top500,500,0.28818467,0.62571118,0.79681793,0.87580511,-0.00016073,-0.00005196,0.00011717,0.00024842,0.00033972,0.00049652,0.00061217,0.00077432,0.00074064,0.00088092,0.00103218,0.00129165,0.00107675,0.00124303,0.00146056,0.00186519,0.00129347,0.00165946,0.00204452,0.00245697
2014-05-23,top500,500,0.28569050,0.62873956,0.77555508,0.86778783,-0.00013471,0.00002998,0.00013345,0.00023667,0.00039853,0.00050622,0.00062791,0.00084651,0.00070696,0.00083178,0.00099282,0.00136230,0.00103641,0.00122888,0.00133909,0.00178115,0.00122808,0.00150771,0.00187118,0.00237022
2014-06-24,top500,500,0.31886673,0.62430842,0.78188396,0.86431351,-0.00014392,0.00004575,0.00020871,0.00033587,0.00043286,0.00055986,0.00065686,0.00086918,0.00071014,0.00083858,0.00106427,0.00145763,0.00095104,0.00110284,0.00128505,0.00163890,0.00122426,0.00146795,0.00179130,0.00238565
2014-07-24,top500,500,0.34600814,0.65887692,0.78099927,0.86688770,-0.00018775,0.00007996,0.00022350,0.00035872,0.00041513,0.00058286,0.00069264,0.00091239,0.00068364,0.00077123,0.00098354,0.00130807,0.00092125,0.00107572,0.00132054,0.00164017,0.00112482,0.00137096,0.00169068,0.00215218
2014-08-22,top500,500,0.32920541,0.61188943,0.76097725,0.85383720,-0.00015110,0.00008391,0.00022224,0.00040013,0.00042330,0.00054660,0.00065629,0.00088213,0.00066400,0.00082073,0.00100521,0.00138244,0.00082859,0.00098408,0.00117372,0.00156971,0.00109554,0.00132502,0.00172138,0.00221304
2014-09-23,top500,500,0.27271917,0.57633509,0.74234626,0.84499351,-0.00015192,0.00007925,0.00018470,0.00028030,0.00037433,0.00049422,0.00061260,0.00084454,0.00057497,0.00072451,0.00090733,0.00124355,0.00083600,0.00095348,0.00114072,0.00152442,0.00104064,0.00130893,0.00171279,0.00218378
2014-10-22,top500,500,0.14164967,0.44416559,0.65906647,0.80333114,-0.00008160,0.00004801,0.00011061,0.00021690,0.00021815,0.00035585,0.00042147,0.00059310,0.00048392,0.00065615,0.00086845,0.00115053,0.00066644,0.00079869,0.00095444,0.00126271,0.00094881,0.00120594,0.00163253,0.00209470
2014-11-20,top500,500,0.14044066,0.40489856,0.65564087,0.80647529,-0.00010274,0.00003941,0.00015304,0.00022186,0.00021885,0.00031821,0.00040609,0.00062907,0.00042520,0.00055120,0.00075528,0.00104335,0.00067143,0.00076201,0.00093447,0.00136963,0.00095869,0.00112064,0.00147173,0.00197000
2014-12-22,top500,500,0.14084229,0.44063694,0.68474093,0.81554944,-0.00012542,0.00000209,0.00009906,0.00020950,0.00022008,0.00036027,0.00042810,0.00055761,0.00043966,0.00057886,0.00069950,0.00091177,0.00072482,0.00087557,0.00110248,0.00151593,0.00095130,0.00115471,0.00138813,0.00198387
2015-01-23,top500,500,0.18022700,0.49754066,0.71612695,0.83974165,-0.00018622,-0.00003789,0.00008250,0.00019029,-0.00021752,0.00036009,0.00045426,0.00063603,0.00049846,0.00064298,0.00077252,0.00115405,0.00081825,0.00093837,0.00108777,0.00133955,0.00107361,0.00125777,0.00149943,0.00209494
2015-02-24,top500,500,0.19710740,0.49125569,0.71739204,0.83471282,-0.00019500,-0.00004664,0.00012391,0.00022822,-0.00055172,0.00027859,0.00042823,0.00055085,0.00051960,0.00069871,0.00089410,0.00122468,0.00081070,0.00099107,0.00110298,0.00137556,0.00105812,0.00121964,0.00145759,0.00210528
2015-03-25,top500,500,0.25136662,0.58191372,0.74084410,0.85339474,-0.00019150,0.00001979,0.00015703,0.00023578,-0.00066957,0.00039885,0.00052385,0.00074971,0.00059265,0.00075335,0.00092216,0.00110727,0.00089799,0.00105883,0.00121421,0.00160722,0.00109425,0.00131850,0.00163220,0.00229234
2015-04-24,top500,500,0.24065559,0.59936947,0.75950491,0.85367252,-0.00016603,-0.00004207,0.00014465,0.00027383,-0.00053242,0.00032244,0.00053354,0.00082931,-0.00084479,0.00072619,0.00091026,0.00114442,0.00082125,0.00099499,0.00116160,0.00142414,0.00114938,0.00139032,0.00183046,0.00238422
2015-05-26,top500,500,0.22477688,0.55908865,0.73616185,0.83920422,-0.00017188,-0.00004367,0.00011145,0.00022388,-0.00053156,0.00027102,0.00042756,0.00062632,0.00050387,0.00068047,0.00088766,0.00105211,0.00078996,0.00091717,0.00113697,0.00131035,0.00120033,0.00145082,0.00181204,0.00244108
2015-06-24,top500,500,0.22440620,0.50443500,0.70713437,0.83761576,-0.00019347,0.00001055,0.00011790,0.00022576,-0.00043519,0.00033720,0.00046511,0.00060851,-0.00082973,0.00065195,0.00077399,0.00096863,0.00084006,0.00095006,0.00114655,0.00143538,0.00120109,0.00141717,0.00178343,0.00223177
2015-07-24,top500,500,0.18315908,0.49058068,0.68826965,0.83478507,-0.00009978,0.00003641,0.00011754,0.00021157,-0.00040501,0.00030466,0.00046796,0.00060219,-0.00075826,0.00060845,0.00073972,0.00094477,0.00077511,0.00094374,0.00110724,0.00144159,0.00119944,0.00145632,0.00182192,0.00217936
2015-08-24,top500,500,0.13882983,0.44232163,0.66963526,0.80880673,-0.00006491,0.00002839,0.00011957,0.00023042,-0.00035612,0.00032879,0.00040654,0.00056234,-0.00075329,0.00046831,0.00068348,0.00091562,0.00068166,0.00089401,0.00105733,0.00137380,0.00108894,0.00137291,0.00159771,0.00210711
2015-09-23,top500,500,0.10416422,0.32839843,0.55621192,0.73797294,-0.00011015,-0.00001692,0.00007250,0.00020579,-0.00035801,0.00022384,0.00031465,0.00045092,-0.00066266,0.00043455,0.00064279,0.00078873,-0.00065200,0.00075071,0.00092195,0.00119535,0.00087355,0.00128286,0.00158579,0.00202694
2015-10-22,top500,500,0.07714406,0.30090043,0.53491770,0.72035510,-0.00008360,0.00001441,0.00007659,0.00014588,-0.00034805,-0.00021813,0.00023443,0.00034787,-0.00062632,-0.00037413,0.00054754,0.00077561,-0.00100229,-0.00055215,0.00064498,0.00088830,-0.00083891,0.00095566,0.00135123,0.00174686
2015-11-20,top500,500,0.08304184,0.26644152,0.51395671,0.73242111,-0.00013126,-0.00005581,0.00002089,0.00013256,-0.00030139,-0.00013351,0.00023873,0.00035427,-0.00063801,-0.00041576,0.00041895,0.00059382,-0.00100387,-0.00057393,0.00064122,0.00101593,-0.00115236,0.00085238,0.00123682,0.00170679
2015-12-22,top500,500,0.07746734,0.28204267,0.50396619,0.73965511,-0.00013829,-0.00001988,0.00003991,0.00010951,-0.00030187,-0.00022270,0.00021886,0.00035344,-0.00064443,-0.00039826,0.00045314,0.00062688,-0.00114242,-0.00071105,0.00048409,0.00088969,-0.00136846,0.00086950,0.00121700,0.00160048
2016-01-25,top500,500,0.08620792,0.27376563,0.52068323,0.70536700,-0.00014634,-0.00001803,0.00006930,0.00014532,-0.00034811,-0.00020180,0.00024459,0.00035684,-0.00065229,-0.00050414,0.00032596,0.00055303,-0.00116336,-0.00074204,0.00054703,0.00091509,-0.00160416,-0.00111399,0.00090357,0.00131020
2016-02-24,top500,500,0.08864484,0.31300087,0.53246468,0.71254070,-0.00015019,-0.00006727,0.00003083,0.00012235,-0.00043784,-0.00028861,0.00020781,0.00037491,-0.00082702,-0.00057303,-0.00037167,0.00059390,-0.00122385,-0.00084370,-0.00051189,0.00073093,-0.00215593,-0.00154550,-0.00101539,0.00103735
2016-03-24,top500,500,0.09164004,0.29278213,0.50364676,0.68553284,-0.00013950,-0.00001745,0.00004729,0.00015007,-0.00046500,-0.00031758,0.00014138,0.00032791,-0.00083884,-0.00062955,-0.00040958,0.00053610,-0.00126739,-0.00100171,-0.00069997,0.00064554,-0.00181310,-0.00134931,0.00090403,0.00122213
2016-04-25,top500,500,0.07416913,0.24395070,0.45802865,0.68145896,-0.00014572,-0.00004384,0.00002886,0.00011287,-0.00046417,-0.00036263,0.00018362,0.00032007,-0.00082624,-0.00059943,0.00032293,0.00053806,-0.00126685,-0.00090067,0.00051960,0.00079253,-0.00164308,0.00069243,0.00100856,0.00139367
2016-05-24,top500,500,0.05870026,0.20663937,0.43489489,0.68372311,-0.00013928,-0.00005861,0.00005041,0.00013155,-0.00038870,-0.00027029,0.00020460,0.00032316,-0.00074241,-0.00047512,0.00044652,0.00052798,-0.00124715,-0.00065547,0.00060218,0.00084452,-0.00141867,0.00089842,0.00119149,0.00153548
2016-06-23,top500,500,0.08022592,0.25226062,0.47348975,0.65890040,-0.00014406,-0.00004999,0.00007332,0.00017843,-0.00048802,-0.00027602,0.00031300,0.00040296,-0.00070716,0.00028054,0.00053095,0.00073378,-0.00108462,0.00057133,0.00074194,0.00099593,0.00082742,0.00102764,0.00125755,0.00154394
2016-07-25,top500,500,0.11899220,0.32501061,0.52373699,0.70077698,-0.00017258,-0.00003784,0.00003323,0.00023204,-0.00050698,0.00033384,0.00042822,0.00057581,-0.00092288,-0.00043829,0.00056781,0.00078540,0.00063098,0.00082714,0.00093450,0.00120147,0.00098082,0.00118127,0.00128947,0.00166190
2016-08-23,top500,500,0.12264886,0.39036152,0.61119770,0.80440027,-0.00021970,-0.00004896,0.00006670,0.00019223,-0.00066312,-0.00025257,0.00043040,0.00065662,0.00053279,0.00067858,0.00086043,0.00104898,0.00078301,0.00101060,0.00111814,0.00144693,0.00110383,0.00127343,0.00143288,0.00180524
2016-09-22,top500,500,0.10135815,0.39367538,0.61723633,0.79588899,-0.00015168,-0.00004376,0.00010427,0.00020806,-0.00042076,0.00034420,0.00051882,0.00063728,0.00056853,0.00070573,0.00084829,0.00112026,0.00082454,0.00102336,0.00120004,0.00148595,0.00107617,0.00120981,0.00141537,0.00200421
2016-10-21,top500,500,0.13606742,0.41045367,0.62166878,0.77022603,-0.00012884,-0.00003010,0.00010376,0.00021096,-0.00019611,0.00034377,0.00054966,0.00076681,0.00055715,0.00068147,0.00082180,0.00109272,0.00085397,0.00096966,0.00109297,0.00142143,0.00104610,0.00123688,0.00161488,0.00215902
2016-11-21,top500,500,0.15412164,0.42701445,0.59842447,0.74264358,-0.00015114,0.00006748,0.00017409,0.00033312,0.00028712,0.00044020,0.00056434,0.00076286,0.00066010,0.00075678,0.00087405,0.00112759,0.00078645,0.00091494,0.00109526,0.00152729,0.00111713,0.00137724,0.00162318,0.00211197
2016-12-21,top500,500,0.18571190,0.48125673,0.65739469,0.77535067,-0.00005490,0.00006822,0.00017778,0.00029584,0.00037962,0.00049217,0.00062985,0.00088890,0.00064832,0.00081924,0.00094367,0.00113440,0.00084439,0.00105467,0.00123806,0.00165683,0.00125913,0.00154286,0.00180598,0.00239974
2017-01-24,top500,500,0.16235386,0.45207124,0.69061377,0.81440641,-0.00008628,0.00007162,0.00017920,0.00026135,0.00029739,0.00045716,0.00058008,0.00082185,0.00053878,0.00070039,0.00085632,0.00119321,0.00091717,0.00109089,0.00128128,0.00161844,0.00133582,0.00170647,0.00202719,0.00251730
2017-02-23,top500,500,0.15304861,0.43330026,0.69657606,0.82651238,-0.00006217,0.00002386,0.00011406,0.00021832,-0.00016933,0.00036047,0.00044541,0.00063383,0.00045826,0.00067603,0.00087533,0.00113523,0.00078308,0.00102020,0.00122785,0.00166548,0.00126766,0.00160203,0.00196944,0.00250585
2017-03-24,top500,500,0.12999070,0.44089729,0.68900267,0.83344803,-0.00014114,-0.00001091,0.00007993,0.00016991,0.00019670,0.00033917,0.00045561,0.00058526,0.00052193,0.00066463,0.00080882,0.00105352,0.00085080,0.00104581,0.00125055,0.00159247,0.00130099,0.00160165,0.00198286,0.00253503
2017-04-25,top500,500,0.16617869,0.48555244,0.71602376,0.84495918,-0.00010526,0.00001254,0.00011397,0.00018696,0.00019277,0.00033591,0.00046168,0.00063446,0.00051748,0.00067138,0.00080005,0.00104942,0.00088909,0.00106589,0.00132535,0.00164321,0.00125150,0.00168813,0.00200830,0.00263950
2017-05-24,top500,500,0.17852511,0.47962818,0.71139271,0.84400320,-0.00008456,0.00001430,0.00009365,0.00024137,0.00021937,0.00038002,0.00052042,0.00065122,0.00049628,0.00074508,0.00089454,0.00112481,0.00075625,0.00101983,0.00125338,0.00175434,0.00128630,0.00157690,0.00192387,0.00247019
2017-06-23,top500,500,0.21525339,0.50117595,0.72642546,0.84697318,-0.00018845,-0.00000205,0.00013689,0.00028362,0.00027073,0.00039767,0.00056038,0.00074192,0.00051903,0.00077653,0.00089979,0.00117665,0.00083250,0.00108794,0.00133994,0.00199615,0.00131560,0.00160746,0.00181863,0.00236375
2017-07-25,top500,500,0.28666197,0.54968438,0.73461622,0.85138705,-0.00013643,0.00004199,0.00018092,0.00030376,0.00027126,0.00048052,0.00059979,0.00077450,0.00061902,0.00080657,0.00099758,0.00148008,0.00086726,0.00104656,0.00130431,0.00170025,0.00122709,0.00147496,0.00172707,0.00220292
2017-08-23,top500,500,0.31144012,0.61909502,0.75869135,0.86445282,-0.00018600,0.00005267,0.00023542,0.00036822,0.00026395,0.00058590,0.00073822,0.00095666,0.00068404,0.00086489,0.00110683,0.00149161,0.00084217,0.00106098,0.00127234,0.00148700,0.00119076,0.00149974,0.00176681,0.00232425
2017-09-22,top500,500,0.32129335,0.62045549,0.79221876,0.87881366,-0.00013023,0.00010691,0.00025255,0.00045588,-0.00028389,0.00055171,0.00072382,0.00092406,0.00063524,0.00084449,0.00106835,0.00131094,0.00088400,0.00106102,0.00133375,0.00165436,0.00119419,0.00147043,0.00176077,0.00216404
2017-10-23,top500,500,0.29973523,0.63629284,0.82152750,0.89756840,-0.00015315,0.00005144,0.00016682,0.00035238,-0.00023255,0.00052902,0.00064671,0.00086360,0.00062232,0.00081785,0.00098117,0.00123466,0.00094851,0.00112053,0.00133091,0.00159986,0.00123484,0.00150074,0.00177292,0.00223170
2017-11-21,top500,500,0.25279791,0.61335381,0.81788457,0.91225691,-0.00023916,-0.00006990,0.00016343,0.00032104,-0.00036246,0.00045429,0.00057832,0.00077550,0.00055379,0.00070957,0.00084783,0.00112330,0.00088483,0.00107827,0.00127132,0.00166341,0.00128783,0.00154582,0.00184548,0.00229657
2017-12-21,top500,500,0.25901735,0.57379709,0.80806276,0.90541983,-0.00023656,-0.00006716,0.00010652,0.00028645,-0.00048237,0.00041293,0.00056961,0.00075150,0.00053437,0.00069701,0.00083639,0.00106535,0.00091874,0.00114482,0.00136444,0.00166221,0.00126816,0.00144276,0.00172758,0.00210850
2018-01-24,top500,500,0.26423178,0.60048509,0.78600771,0.89610475,-0.00020859,-0.00004346,0.00011636,0.00034443,0.00023053,0.00046528,0.00057983,0.00077863,0.00061804,0.00077316,0.00093408,0.00123230,0.00090458,0.00115657,0.00133007,0.00161730,0.00128910,0.00147625,0.00177027,0.00221421
2018-02-23,top500,500,0.23895985,0.60641593,0.78027475,0.89030572,-0.00018067,-0.00000316,0.00012036,0.00031284,0.00025627,0.00049754,0.00068146,0.00087320,0.00057111,0.00079858,0.00097288,0.00140021,0.00096741,0.00114805,0.00133252,0.00180616,0.00133573,0.00154477,0.00174102,0.00228250
2018-03-26,top500,500,0.20461483,0.61376766,0.80584517,0.89177931,-0.00008877,0.00001002,0.00012959,0.00029359,-0.00029491,0.00049352,0.00065913,0.00093781,0.00064300,0.00088221,0.00104585,0.00135126,0.00108111,0.00125958,0.00157947,0.00194416,0.00128747,0.00160074,0.00182751,0.00220036
2018-04-25,top500,500,0.20189004,0.57811807,0.76421065,0.87507818,-0.00019017,-0.00003228,0.00008607,0.00021612,0.00025739,0.00044983,0.00061492,0.00084776,0.00059529,0.00083211,0.00094624,0.00130670,0.00088859,0.00109172,0.00139564,0.00176746,0.00135071,0.00165218,0.00191929,0.00235415
2018-05-24,top500,500,0.17269363,0.53764321,0.75585499,0.87023534,-0.00017097,-0.00010983,0.00006190,0.00019864,-0.00040635,0.00038173,0.00053604,0.00071281,0.00052973,0.00080749,0.00101682,0.00130256,0.00087253,0.00105573,0.00142283,0.00186123,0.00137785,0.00167933,0.00199848,0.00259722
2018-06-25,top500,500,0.19955254,0.52359936,0.73445214,0.86217858,-0.00014500,-0.00001365,0.00011844,0.00020928,-0.00039631,0.00028462,0.00048486,0.00069397,-0.00060045,0.00070231,0.00087298,0.00127343,0.00085659,0.00119733,0.00141034,0.00175016,0.00135745,0.00171899,0.00205053,0.00263695
2018-07-25,top500,500,0.15068326,0.43773931,0.67291103,0.85221094,-0.00012870,-0.00001276,0.00011283,0.00020278,-0.00041169,0.00024127,0.00039331,0.00055989,0.00034257,0.00065749,0.00088350,0.00118045,0.00074058,0.00096525,0.00121924,0.00156423,0.00139967,0.00172003,0.00213729,0.00291183
2018-08-23,top500,500,0.13125665,0.37986581,0.63645257,0.82611490,-0.00017279,-0.00005702,0.00005249,0.00014261,-0.00038323,0.00018553,0.00036047,0.00058674,0.00031978,0.00057434,0.00077528,0.00101022,0.00066057,0.00093073,0.00119774,0.00156645,0.00135197,0.00162304,0.00197854,0.00263001
2018-09-24,top500,500,0.10333617,0.36274946,0.61871038,0.81749732,-0.00015161,-0.00003235,0.00009192,0.00015175,-0.00042394,0.00017668,0.00032133,0.00040741,-0.00037277,0.00052649,0.00065332,0.00089192,0.00070383,0.00092492,0.00115583,0.00152424,0.00133098,0.00160038,0.00196431,0.00253495
2018-10-23,top500,500,0.09634278,0.31466710,0.57612991,0.79195807,-0.00014221,-0.00003148,0.00005687,0.00013285,-0.00036658,0.00022563,0.00034947,0.00047923,-0.00053507,0.00041557,0.00056239,0.00066993,0.00046721,0.00078618,0.00105301,0.00142053,0.00130600,0.00149080,0.00180131,0.00238583
2018-11-21,top500,500,0.07974385,0.28065134,0.49192020,0.71791207,-0.00012190,-0.00001664,0.00005438,0.00016843,-0.00032544,0.00012820,0.00029309,0.00042426,-0.00058989,0.00040924,0.00051816,0.00072894,-0.00086447,0.00051011,0.00081624,0.00123651,0.00094122,0.00125096,0.00152969,0.00197087
2018-12-24,top500,500,0.08711044,0.27983106,0.53396836,0.70526234,-0.00016661,-0.00001082,0.00007099,0.00017704,-0.00040828,-0.00026264,0.00025111,0.00043451,-0.00061514,0.00035195,0.00054288,0.00082078,-0.00097819,0.00052028,0.00075098,0.00114242,-0.00058134,0.00097216,0.00125079,0.00160889
2019-01-25,top500,500,0.09112070,0.29376222,0.49558481,0.71202330,-0.00015252,-0.00006122,0.00002389,0.00013474,-0.00048992,-0.00031635,0.00023754,0.00045902,-0.00073142,-0.00048085,0.00051512,0.00075573,-0.00095830,0.00038797,0.00077799,0.00108523,-0.00134032,0.00079787,0.00101223,0.00159503
2019-02-26,top500,500,0.08074561,0.29224247,0.51354805,0.69824520,-0.00014949,-0.00005966,0.00003022,0.00011876,-0.00046730,-0.00027477,0.00027884,0.00042348,-0.00072710,-0.00049363,0.00047346,0.00072517,-0.00112238,-0.00071924,0.00070356,0.00096300,0.00062580,0.00089285,0.00121562,0.00160188
2019-03-27,top500,500,0.08034973,0.27605068,0.49162614,0.69247377,-0.00013403,-0.00001498,0.00005447,0.00016233,-0.00047879,-0.00026082,0.00028035,0.00039036,-0.00085347,-0.00059964,0.00047034,0.00066752,-0.00107910,0.00060701,0.00081789,0.00101804,0.00079258,0.00094844,0.00119021,0.00169810
2019-04-26,top500,500,0.07197851,0.23357572,0.49826573,0.68589250,-0.00013436,-0.00002521,0.00010567,0.00018837,-0.00039032,-0.00027502,0.00026647,0.00042394,-0.00090885,-0.00060382,0.00047984,0.00065621,-0.00098279,0.00062283,0.00087062,0.00108543,0.00086840,0.00103411,0.00118967,0.00170505
2019-05-28,top500,500,0.06746627,0.25826816,0.46876721,0.69439069,-0.00011693,-0.00004489,0.00005072,0.00016849,-0.00042450,0.00016643,0.00034935,0.00046629,-0.00086723,-0.00053877,0.00052483,0.00064160,-0.00066211,0.00072156,0.00088469,0.00109675,0.00089089,0.00110043,0.00127991,0.00169302
2019-06-26,top500,500,0.09044161,0.27265787,0.51312372,0.73217932,-0.00017574,-0.00000000,0.00009563,0.00021779,-0.00031538,0.00029594,0.00038332,0.00056038,-0.00071933,0.00037669,0.00058299,0.00079190,-0.00079188,0.00078125,0.00098344,0.00126067,0.00093476,0.00119104,0.00140980,0.00205130
2019-07-26,top500,500,0.11870137,0.32757550,0.58356006,0.76847517,-0.00013013,0.00002636,0.00013171,0.00025565,-0.00041017,0.00036254,0.00050054,0.00062476,-0.00044226,0.00069362,0.00078858,0.00101624,-0.00077240,0.00089735,0.00112931,0.00142216,0.00101347,0.00125301,0.00146240,0.00189527
2019-08-26,top500,500,0.13501526,0.38996300,0.63908812,0.80335946,-0.00014560,0.00001522,0.00014659,0.00029848,-0.00045665,0.00035661,0.00053240,0.00068626,0.00050874,0.00081134,0.00096428,0.00123492,0.00071430,0.00112187,0.00133424,0.00163266,0.00108611,0.00131587,0.00159826,0.00214327
2019-09-25,top500,500,0.16935341,0.47068839,0.72006621,0.85027081,-0.00014631,0.00004862,0.00014271,0.00027740,-0.00041872,0.00046800,0.00063003,0.00080617,0.00047157,0.00084972,0.00102203,0.00133869,0.00098911,0.00124618,0.00149069,0.00170375,0.00126241,0.00151862,0.00178125,0.00229741
2019-10-24,top500,500,0.21920295,0.52440547,0.75143998,0.87517796,-0.00008788,0.00005857,0.00021274,0.00036148,-0.00047171,0.00048984,0.00062548,0.00079948,0.00074116,0.00096398,0.00117892,0.00144350,0.00102953,0.00125709,0.00159651,0.00199669,0.00139182,0.00160295,0.00188934,0.00211357
2019-11-22,top500,500,0.18783263,0.54636815,0.71650451,0.86770899,-0.00021031,0.00001454,0.00016704,0.00035663,0.00031481,0.00055694,0.00069144,0.00081485,0.00078078,0.00099231,0.00111704,0.00135966,0.00101298,0.00123528,0.00145551,0.00191581,0.00132750,0.00165662,0.00188764,0.00220654
2019-12-24,top500,500,0.22496501,0.53283521,0.70440578,0.84293566,-0.00020785,0.00000481,0.00018238,0.00038442,0.00036318,0.00053130,0.00063056,0.00079477,0.00077060,0.00092582,0.00105504,0.00136099,0.00096938,0.00115813,0.00132924,0.00177402,0.00125575,0.00155502,0.00178979,0.00202654
2020-01-27,top500,500,0.22575605,0.50420158,0.70612628,0.84401977,-0.00018051,0.00005528,0.00023097,0.00036015,-0.00033918,0.00040677,0.00059519,0.00077617,0.00066107,0.00076363,0.00095136,0.00116828,0.00091205,0.00108194,0.00127015,0.00157119,0.00112319,0.00142138,0.00166578,0.00189467
2020-02-26,top500,500,0.23896374,0.52402707,0.70047207,0.84077900,-0.00019908,0.00005848,0.00018376,0.00031675,0.00032411,0.00053384,0.00064347,0.00084914,0.00050857,0.00068439,0.00090536,0.00113336,0.00093221,0.00107075,0.00121549,0.00156857,0.00114792,0.00141993,0.00166018,0.00212256
2020-03-26,top500,500,0.03105891,0.16642003,0.36265061,0.59298404,-0.00012456,-0.00001567,0.00006677,0.00015680,-0.00036418,0.00019099,0.00031059,0.00046492,-0.00044073,0.00049972,0.00063135,0.00079280,0.00049037,0.00075561,0.00095482,0.00118899,0.00097643,0.00129018,0.00154110,0.00214714
2020-04-27,top500,500,0.03718128,0.14027293,0.29079314,0.53818568,-0.00013265,-0.00002644,0.00005497,0.00015446,-0.00049098,-0.00034929,0.00019347,0.00035380,-0.00067493,0.00037331,0.00051609,0.00069233,-0.00127961,-0.00049332,0.00071804,0.00092460,0.00092473,0.00133823,0.00170788,0.00208050
2020-05-27,top500,500,0.04481507,0.15346006,0.32388839,0.54491522,-0.00016078,-0.00003416,0.00002676,0.00010261,-0.00048329,-0.00024933,0.00025848,0.00038237,-0.00093484,-0.00062969,0.00038258,0.00063194,-0.00131694,-0.00085518,0.00073837,0.00099671,0.00091870,0.00136280,0.00181458,0.00240550
2020-06-25,top500,500,0.05252174,0.15900530,0.32865647,0.56584756,-0.00011616,0.00000470,0.00008002,0.00015822,-0.00063010,-0.00037895,0.00025660,0.00046645,-0.00077539,-0.00038439,0.00052521,0.00073191,-0.00147199,-0.00062779,0.00085022,0.00123522,0.00113565,0.00154083,0.00203902,0.00242898
2020-07-27,top500,500,0.06170486,0.20814048,0.38842633,0.61467928,-0.00022717,-0.00009087,0.00005767,0.00015904,-0.00065392,-0.00038748,0.00031985,0.00048779,-0.00085705,0.00042483,0.00067086,0.00089109,-0.00141699,0.00078834,0.00111349,0.00182972,0.00143069,0.00180276,0.00236028,0.00297094
2020-08-25,top500,500,0.08549485,0.23582640,0.43897199,0.69566321,-0.00026486,-0.00006290,0.00009046,0.00027996,-0.00084009,-0.00049221,0.00032996,0.00060476,-0.00073064,0.00060320,0.00089088,0.00109223,0.00064222,0.00106721,0.00137909,0.00210275,0.00164362,0.00221822,0.00276627,0.00400385
2020-09-24,top500,500,0.08488726,0.25971896,0.47368663,0.72877893,-0.00023079,-0.00015454,0.00005369,0.00019366,-0.00061136,-0.00031766,0.00049979,0.00070451,-0.00041050,0.00076747,0.00098478,0.00133070,0.00093863,0.00125343,0.00162280,0.00214105,0.00183766,0.00239631,0.00324984,0.00496861
2020-10-23,top500,500,0.07278049,0.26408241,0.51663330,0.75903626,-0.00022101,-0.00006529,0.00008481,0.00028250,-0.00063898,0.00030122,0.00048269,0.00069535,0.00060386,0.00091128,0.00118963,0.00155125,0.00110593,0.00149071,0.00177923,0.00235891,0.00178386,0.00249404,0.00341753,0.00526646
2020-11-23,top500,500,0.08175926,0.30926436,0.54616379,0.73987638,-0.00015987,-0.00000081,0.00014675,0.00030096,-0.00041784,0.00052257,0.00070771,0.00095887,0.00070725,0.00099229,0.00122141,0.00153876,0.00131817,0.00164743,0.00206754,0.00255761,0.00178134,0.00241329,0.00334879,0.00547334
2020-12-23,top500,500,0.14896780,0.39993857,0.60904538,0.76194744,-0.00018932,0.00009749,0.00027762,0.00052205,0.00055083,0.00078950,0.00103550,0.00140569,0.00098491,0.00132651,0.00153117,0.00199932,0.00153620,0.00181437,0.00233187,0.00273396,0.00215963,0.00291388,0.00381553,0.00595705
2021-01-26,top500,500,0.31738504,0.55195948,0.71928912,0.82501391,0.00017285,0.00035958,0.00054273,0.00086356,0.00083726,0.00108541,0.00135879,0.00172158,0.00137697,0.00171469,0.00207925,0.00271061,0.00176259,0.00207772,0.00256519,0.00303006,0.00248471,0.00333168,0.00426706,0.00656204
2021-02-25,top500,500,0.54275143,0.74643628,0.82959471,0.88740186,0.00030502,0.00054480,0.00080518,0.00124311,0.00105798,0.00137632,0.00161524,0.00237239,0.00172097,0.00202080,0.00247994,0.00307517,0.00202773,0.00250976,0.00309910,0.00379233,0.00282820,0.00346565,0.00418765,0.00590910
2021-03-26,top500,500,0.54826425,0.75721372,0.85014255,0.91377396,0.00003720,0.00035803,0.00063267,0.00102453,0.00098145,0.00124028,0.00169980,0.00249024,0.00153752,0.00177611,0.00232988,0.00300932,0.00190288,0.00240536,0.00290265,0.00360784,0.00256704,0.00322640,0.00403217,0.00534845
2021-04-27,top500,500,0.53797326,0.75808990,0.85958473,0.91444210,0.00003500,0.00034059,0.00053816,0.00093128,0.00093340,0.00112627,0.00148842,0.00232888,0.00136017,0.00164149,0.00216924,0.00283892,0.00173618,0.00227366,0.00269952,0.00350479,0.00231053,0.00291739,0.00351265,0.00446870
2021-05-26,top500,500,0.53353021,0.74837925,0.84793172,0.91271586,0.00007991,0.00033977,0.00056353,0.00091637,0.00085470,0.00114079,0.00149852,0.00243796,0.00116588,0.00161337,0.00196831,0.00284401,0.00156655,0.00206144,0.00261548,0.00336790,0.00214955,0.00267855,0.00309146,0.00400699
2021-06-25,top500,500,0.53002383,0.75665569,0.85907605,0.91851759,0.00005653,0.00033355,0.00057484,0.00085115,0.00086956,0.00113224,0.00147867,0.00233248,0.00116816,0.00149681,0.00197537,0.00331045,0.00170737,0.00208782,0.00255178,0.00310351,0.00218160,0.00271352,0.00312338,0.00407834
2021-07-27,top500,500,0.50746059,0.74375807,0.83160359,0.90532949,0.00014163,0.00032895,0.00049123,0.00076778,0.00075156,0.00106188,0.00130841,0.00178597,0.00114400,0.00152434,0.00203175,0.00284973,0.00152464,0.00189429,0.00248294,0.00339152,0.00207050,0.00238223,0.00283421,0.00375222
2021-08-25,top500,500,0.48189387,0.72754029,0.81728069,0.89256871,0.00005228,0.00024263,0.00052579,0.00078213,0.00078741,0.00116570,0.00151363,0.00201604,0.00114953,0.00143688,0.00182581,0.00275386,0.00143883,0.00183966,0.00235640,0.00303345,0.00186091,0.00225744,0.00271610,0.00341223
2021-09-24,top500,500,0.42353261,0.67085784,0.79416083,0.87655705,0.00001974,0.00026344,0.00044608,0.00080458,0.00076602,0.00112049,0.00149148,0.00212950,0.00113668,0.00141737,0.00189930,0.00261718,0.00138722,0.00164359,0.00202006,0.00276757,0.00182486,0.00208660,0.00242585,0.00302119
2021-10-25,top500,500,0.34077974,0.62117064,0.76719266,0.86065338,-0.00004258,0.00016338,0.00040624,0.00064793,0.00061884,0.00086163,0.00106534,0.00160934,0.00100801,0.00128099,0.00158690,0.00216199,0.00122751,0.00154446,0.00183996,0.00236930,0.00170708,0.00196790,0.00222825,0.00275103
2021-11-23,top500,500,0.29585855,0.59684287,0.76575012,0.85855956,-0.00005267,0.00014620,0.00029644,0.00048668,0.00051525,0.00065459,0.00092115,0.00117419,0.00083660,0.00110432,0.00139463,0.00188284,0.00112603,0.00147920,0.00175521,0.00210970,0.00164968,0.00185315,0.00205960,0.00252121
2021-12-23,top500,500,0.24927511,0.55462117,0.71848356,0.84214465,-0.00014121,0.00006925,0.00021811,0.00040187,0.00036714,0.00057517,0.00071279,0.00096166,0.00071840,0.00098448,0.00119251,0.00159462,0.00119394,0.00146664,0.00159477,0.00213754,0.00156075,0.00177657,0.00199628,0.00237001
2022-01-25,top500,500,0.22370537,0.51127897,0.68444843,0.81969621,-0.00019112,-0.00002231,0.00015651,0.00035189,0.00021804,0.00047319,0.00067663,0.00105521,0.00066112,0.00083737,0.00102793,0.00122558,0.00098215,0.00126096,0.00151692,0.00203302,0.00139728,0.00165410,0.00179544,0.00222870
2022-02-24,top500,500,0.17996984,0.41192353,0.59933292,0.76393031,-0.00016056,0.00002162,0.00016368,0.00024866,-0.00024554,0.00037690,0.00054986,0.00073315,0.00046724,0.00069435,0.00090022,0.00120136,0.00076352,0.00102581,0.00131104,0.00164949,0.00108874,0.00141276,0.00157235,0.00220060
2022-03-25,top500,500,0.08590161,0.32859746,0.52309098,0.69810585,-0.00008851,0.00001403,0.00010648,0.00019912,-0.00041028,0.00020071,0.00040079,0.00058308,-0.00027102,0.00050927,0.00073657,0.00104481,0.00054362,0.00081938,0.00109861,0.00145117,0.00087854,0.00117523,0.00154481,0.00236860
2022-04-26,top500,500,0.09413815,0.27106714,0.49706872,0.70524948,-0.00013329,-0.00002398,0.00006333,0.00019403,-0.00040434,0.00024360,0.00036014,0.00051873,-0.00048671,0.00053290,0.00067070,0.00093357,-0.00069346,0.00068839,0.00094084,0.00128835,0.00089658,0.00119032,0.00152914,0.00245382
2022-05-25,top500,500,0.06503460,0.25146968,0.49462955,0.69802781,-0.00013257,-0.00003023,0.00005502,0.00016690,-0.00050636,-0.00026559,0.00031823,0.00052609,-0.00085213,-0.00047863,0.00044922,0.00071430,-0.00105304,0.00063188,0.00084221,0.00117174,-0.00125783,0.00108920,0.00151734,0.00277127
2022-06-27,top500,500,0.09002692,0.27879299,0.49833370,0.70313539,-0.00020195,-0.00010002,0.00003355,0.00020617,-0.00046328,-0.00034733,0.00028861,0.00051156,-0.00092086,-0.00051440,0.00050491,0.00073279,-0.00131359,-0.00090546,0.00066446,0.00104407,-0.00230703,-0.00076391,0.00150460,0.00295258
2022-07-27,top500,500,0.11318477,0.32524294,0.54320731,0.73939834,-0.00022878,-0.00005767,0.00011682,0.00022465,-0.00056620,-0.00040054,0.00026969,0.00045650,-0.00100944,-0.00075850,-0.00048332,0.00065471,-0.00148104,-0.00109501,-0.00061128,0.00087215,-0.00240482,-0.00168849,0.00132279,0.00278288
2022-08-25,top500,500,0.11712883,0.32723767,0.51289166,0.70404848,-0.00019468,-0.00003547,0.00008786,0.00019561,-0.00061405,-0.00045849,0.00024918,0.00044182,-0.00111242,-0.00083553,-0.00060983,0.00057728,-0.00158825,-0.00112122,-0.00069604,0.00082037,-0.00225996,-0.00140255,0.00137544,0.00243310
2022-09-26,top500,500,0.10142325,0.32762849,0.51543050,0.70446056,-0.00024873,-0.00010861,0.00000160,0.00015909,-0.00060058,-0.00034392,0.00026398,0.00041053,-0.00110130,-0.00080945,-0.00058714,0.00055046,-0.00149398,-0.00120055,-0.00095297,0.00089729,-0.00232765,-0.00153802,0.00113061,0.00209961
2022-10-25,top500,500,0.11199632,0.31363285,0.54084577,0.72383090,-0.00024886,-0.00012952,0.00001747,0.00017076,-0.00058909,-0.00047188,0.00023792,0.00044672,-0.00100648,-0.00077267,-0.00052132,0.00072338,-0.00161787,-0.00129386,-0.00106163,0.00093017,-0.00236697,-0.00173085,-0.00134785,0.00148142
2022-11-23,top500,500,0.08873380,0.24615340,0.45669011,0.68652897,-0.00018523,-0.00010344,0.00002305,0.00014393,-0.00055260,-0.00035710,0.00023552,0.00044289,-0.00100668,-0.00072060,-0.00046542,0.00066714,-0.00145124,-0.00117904,-0.00103257,0.00078546,-0.00202322,-0.00153270,-0.00104556,0.00175082
2022-12-23,top500,500,0.04441976,0.19523944,0.39619512,0.62801550,-0.00014154,-0.00005399,0.00000449,0.00011644,-0.00046002,-0.00026566,0.00026666,0.00040023,-0.00089168,-0.00060688,0.00035276,0.00064140,-0.00124571,-0.00102649,-0.00071294,0.00099177,-0.00174174,-0.00136002,0.00098376,0.00183963
2023-01-26,top500,500,0.05226862,0.16373821,0.36373667,0.59852310,-0.00014969,-0.00004649,0.00008008,0.00014706,-0.00038714,-0.00026192,0.00024114,0.00032968,-0.00073569,-0.00036811,0.00046144,0.00062204,-0.00105688,-0.00087105,0.00063044,0.00098077,-0.00159301,-0.00099831,0.00117890,0.00170972
2023-02-27,top500,500,0.04296230,0.16853220,0.33344622,0.55431630,-0.00013495,-0.00004574,0.00007968,0.00016187,-0.00037109,-0.00022645,0.00026148,0.00037389,-0.00063136,0.00031497,0.00052996,0.00073484,-0.00094953,0.00045092,0.00073509,0.00093811,-0.00119730,0.00107332,0.00134991,0.00181046
2023-03-28,top500,500,0.04870858,0.16718254,0.33380008,0.56289087,-0.00013250,-0.00005615,0.00005531,0.00014441,-0.00031462,-0.00019967,0.00029724,0.00046570,-0.00052176,0.00036665,0.00052330,0.00070199,-0.00092974,0.00059861,0.00094765,0.00120124,0.00079810,0.00108616,0.00139021,0.00181109
2023-04-27,top500,500,0.06127523,0.21314841,0.42892562,0.64885529,-0.00012235,0.00000612,0.00009339,0.00017974,-0.00030300,0.00019032,0.00032938,0.00044473,-0.00055965,0.00043469,0.00058891,0.00090934,0.00062012,0.00085477,0.00108589,0.00144028,0.00112015,0.00143067,0.00168157,0.00208398
2023-05-26,top500,500,0.06572436,0.22830096,0.45420703,0.66959053,-0.00015247,-0.00007056,0.00002622,0.00015008,-0.00035480,0.00017075,0.00033116,0.00049679,-0.00041144,0.00056283,0.00069333,0.00093341,0.00066930,0.00089153,0.00117504,0.00145896,0.00107939,0.00148502,0.00178960,0.00226641
2023-06-28,top500,500,0.07499470,0.25197409,0.50169851,0.70230141,-0.00015879,-0.00002642,0.00009558,0.00018881,-0.00033573,0.00017188,0.00032738,0.00052082,-0.00032025,0.00060693,0.00077964,0.00101655,0.00071315,0.00094200,0.00126881,0.00154652,0.00107478,0.00149846,0.00188978,0.00223717
2023-07-28,top500,500,0.10120326,0.28430899,0.51219951,0.70716448,-0.00015198,0.00000132,0.00011567,0.00020211,-0.00032678,0.00027251,0.00040884,0.00058315,-0.00038842,0.00060418,0.00080386,0.00107888,0.00069900,0.00097219,0.00116761,0.00150010,0.00109775,0.00159436,0.00192110,0.00229936
2023-08-28,top500,500,0.14019328,0.32584067,0.58666621,0.76212633,-0.00014466,-0.00001398,0.00011727,0.00021813,-0.00031360,0.00036921,0.00047277,0.00065095,-0.00049494,0.00063133,0.00081633,0.00111200,0.00085942,0.00109801,0.00144516,0.00195805,0.00126672,0.00175636,0.00204286,0.00257448
2023-09-27,top500,500,0.12175660,0.36048998,0.59786484,0.78580461,-0.00015164,-0.00003284,0.00007977,0.00021467,-0.00039922,0.00037455,0.00049139,0.00065974,-0.00071441,0.00054388,0.00077756,0.00110180,0.00087722,0.00105555,0.00134265,0.00183417,0.00133272,0.00177351,0.00222079,0.00283958
2023-10-26,top500,500,0.11105814,0.34467386,0.57024777,0.75707605,-0.00012300,-0.00001345,0.00009555,0.00021845,-0.00033700,0.00019687,0.00032200,0.00051034,-0.00073263,-0.00035656,0.00062205,0.00089587,-0.00070083,0.00083441,0.00108707,0.00159551,0.00091908,0.00161493,0.00205539,0.00268304
2023-11-27,top500,500,0.12103364,0.33633935,0.57623066,0.74311371,-0.00015735,-0.00004769,0.00008479,0.00022793,-0.00040796,-0.00023529,0.00033198,0.00049462,-0.00072291,-0.00041406,0.00057029,0.00078796,-0.00075963,0.00080748,0.00123389,0.00162284,0.00086066,0.00146495,0.00186125,0.00275995
2023-12-27,top500,500,0.10931255,0.30475653,0.53532971,0.75309611,-0.00017567,-0.00007349,0.00003390,0.00018962,-0.00040218,-0.00024702,0.00030715,0.00041350,-0.00065737,-0.00033362,0.00060210,0.00077334,-0.00081703,0.00088658,0.00115409,0.00159617,0.00107878,0.00154176,0.00189354,0.00278710
2024-01-29,top500,500,0.06661413,0.28564263,0.54426706,0.75764423,-0.00011961,-0.00003350,0.00006919,0.00013221,-0.00048343,-0.00027006,0.00028070,0.00040492,-0.00050181,0.00052989,0.00065677,0.00091787,0.00065960,0.00098236,0.00115947,0.00159757,0.00119865,0.00154763,0.00187260,0.00271521
2024-02-28,top500,500,0.10707365,0.35740036,0.64408067,0.80638443,-0.00012860,-0.00002213,0.00008299,0.00015641,-0.00040180,0.00031042,0.00042742,0.00057838,-0.00061489,0.00066001,0.00083253,0.00111956,0.00089304,0.00115880,0.00135317,0.00181198,0.00137005,0.00170598,0.00208959,0.00270966
2024-03-28,top500,500,0.12414417,0.45022061,0.67170804,0.83095690,-0.00010336,0.00000900,0.00008981,0.00024899,-0.00039948,0.00037474,0.00053852,0.00064037,-0.00043869,0.00075291,0.00099456,0.00129771,0.00110604,0.00132033,0.00162675,0.00198483,0.00152332,0.00188510,0.00224525,0.00293179
2024-04-29,top500,500,0.14825460,0.43586539,0.68845916,0.84020770,-0.00006664,0.00002762,0.00013208,0.00022090,-0.00032196,0.00041892,0.00055750,0.00073530,0.00058531,0.00087202,0.00109554,0.00143401,0.00106292,0.00129952,0.00165217,0.00225008,0.00157257,0.00191161,0.00227718,0.00291670
2024-05-29,top500,500,0.17595321,0.42795865,0.69638448,0.83506053,-0.00014956,0.00002866,0.00015948,0.00026345,0.00029309,0.00044382,0.00059418,0.00077245,0.00058018,0.00091363,0.00115891,0.00144204,0.00109590,0.00133200,0.00155158,0.00191739,0.00152603,0.00195112,0.00233354,0.00301153
2024-06-28,top500,500,0.18400597,0.44800695,0.70269019,0.82643451,-0.00014865,0.00003288,0.00018234,0.00028880,0.00029095,0.00042795,0.00059506,0.00077339,0.00065991,0.00089846,0.00115471,0.00148679,0.00107371,0.00137927,0.00164219,0.00215575,0.00144751,0.00185863,0.00240749,0.00302584
2024-07-30,top500,500,0.20332255,0.55882238,0.72737914,0.84693095,-0.00021878,-0.00001288,0.00016055,0.00027650,0.00040955,0.00056191,0.00076172,0.00106258,0.00073722,0.00099161,0.00122498,0.00151405,0.00116212,0.00135283,0.00162380,0.00200254,0.00151139,0.00196296,0.00242953,0.00316812
2024-08-28,top500,500,0.24133734,0.55010495,0.73724953,0.84761758,-0.00014769,0.00001209,0.00016141,0.00032698,0.00030992,0.00057002,0.00074016,0.00098885,0.00087579,0.00112823,0.00127593,0.00161721,0.00115349,0.00145631,0.00172601,0.00219574,0.00144858,0.00196716,0.00229830,0.00284254
2024-09-27,top500,500,0.22292791,0.56447856,0.74219761,0.87132739,-0.00015356,0.00011535,0.00024749,0.00036741,0.00033579,0.00060815,0.00085651,0.00109383,0.00081499,0.00105731,0.00131028,0.00166710,0.00126318,0.00156276,0.00180481,0.00228793,0.00145009,0.00180792,0.00215712,0.00273140
2024-10-28,top500,500,0.22046764,0.54229734,0.74069749,0.87103995,-0.00009758,0.00012424,0.00025252,0.00043451,0.00028045,0.00051760,0.00069846,0.00087054,0.00077674,0.00095723,0.00129706,0.00152451,0.00120453,0.00148753,0.00171837,0.00214967,0.00144784,0.00179637,0.00205923,0.00255660
2024-11-26,top500,500,0.19968948,0.53384034,0.73937665,0.86460851,-0.00011802,0.00005593,0.00022048,0.00039014,0.00024217,0.00047502,0.00065395,0.00088611,0.00077074,0.00095429,0.00119513,0.00144530,0.00109406,0.00136422,0.00163367,0.00198883,0.00147715,0.00184087,0.00201959,0.00263241
2024-12-27,top500,500,0.20376673,0.49132830,0.69956941,0.85010350,-0.00024467,-0.00000657,0.00017787,0.00032943,0.00016987,0.00054538,0.00069533,0.00100191,0.00071023,0.00089663,0.00109964,0.00141723,0.00098426,0.00122797,0.00154156,0.00186742,0.00144802,0.00180884,0.00206124,0.00270232
2025-01-30,top500,500,0.23117739,0.46509279,0.67401018,0.84536022,-0.00020200,0.00001910,0.00015841,0.00036836,-0.00049155,0.00044058,0.00061958,0.00092932,0.00062016,0.00080468,0.00095856,0.00128475,0.00095592,0.00127803,0.00153548,0.00203800,0.00148283,0.00180264,0.00209959,0.00268981
2025-03-03,top500,500,0.20452246,0.47391924,0.70101918,0.83276927,-0.00016661,0.00008906,0.00018132,0.00033410,-0.00048162,0.00042798,0.00063579,0.00083372,-0.00054545,0.00076040,0.00099538,0.00144506,0.00098583,0.00133268,0.00153602,0.00218159,0.00137442,0.00170728,0.00213836,0.00265028
2025-04-01,top500,500,0.16796169,0.47737232,0.67528897,0.81136596,-0.00008051,0.00006864,0.00018821,0.00034416,-0.00046229,0.00032244,0.00048967,0.00073110,-0.00054997,0.00080192,0.00101650,0.00144009,0.00102936,0.00126649,0.00147214,0.00190822,0.00123784,0.00151903,0.00201447,0.00249398
2025-05-01,top500,500,0.12042179,0.34994867,0.59446737,0.77104122,-0.00016542,-0.00002039,0.00011193,0.00020185,-0.00031736,0.00039324,0.00058688,0.00075095,-0.00071260,0.00062479,0.00090350,0.00123231,0.00058072,0.00094786,0.00135593,0.00176440,0.00108657,0.00139457,0.00188722,0.00260918
2025-06-02,top500,500,0.12152678,0.32602474,0.57269369,0.76726253,-0.00020177,-0.00003301,0.00007293,0.00017947,-0.00045862,0.00035838,0.00048802,0.00065713,-0.00064377,0.00064296,0.00087971,0.00123663,-0.00070194,0.00097857,0.00124436,0.00186931,0.00108630,0.00137338,0.00186936,0.00290989
2025-07-02,top500,500,0.08039758,0.29883990,0.55234512,0.75472583,-0.00010672,-0.00000057,0.00011510,0.00019132,-0.00039723,0.00025138,0.00040515,0.00058107,-0.00071973,0.00054563,0.00084306,0.00111524,-0.00069557,0.00083460,0.00128294,0.00186280,0.00107346,0.00135302,0.00183592,0.00288791
2025-08-01,top500,500,0.06771999,0.31455264,0.55196980,0.75850235,-0.00009878,-0.00001860,0.00007614,0.00016548,-0.00030176,0.00027215,0.00043934,0.00064351,-0.00044801,0.00058167,0.00089702,0.00126882,-0.00075670,0.00083152,0.00130842,0.00185424,0.00102864,0.00145826,0.00193073,0.00317263
2025-09-02,top500,500,0.07691381,0.31036210,0.52928489,0.73735313,-0.00012273,-0.00002678,0.00009166,0.00025705,-0.00034974,0.00026229,0.00038297,0.00050734,-0.00050297,0.00051347,0.00086212,0.00131531,-0.00083021,0.00085660,0.00127854,0.00187511,0.00105496,0.00145237,0.00196904,0.00319724
2025-10-01,top500,500,0.09288332,0.33273009,0.54003788,0.73522096,-0.00017112,-0.00003276,0.00006812,0.00020018,-0.00037599,0.00031037,0.00046400,0.00067818,-0.00052537,0.00053637,0.00077683,0.00108483,0.00066222,0.00100005,0.00141802,0.00208196,0.00101419,0.00151343,0.00212466,0.00331022
2025-10-30,top500,500,0.13530670,0.34163886,0.58319945,0.74805058,-0.00018050,-0.00000355,0.00012270,0.00025779,-0.00044263,0.00031687,0.00050289,0.00073480,0.00033397,0.00069355,0.00097132,0.00138436,0.00069333,0.00101026,0.00144551,0.00240368,0.00099934,0.00156199,0.00234711,0.00363169
2025-12-01,top500,500,0.14586258,0.36021099,0.60809239,0.77351997,-0.00019600,-0.00005158,0.00011133,0.00022369,-0.00045699,0.00032999,0.00048054,0.00074702,0.00044202,0.00076686,0.00105366,0.00162559,0.00076163,0.00125912,0.00185914,0.00253204,0.00103552,0.00163668,0.00228421,0.00362592
