date,factor_TS,factor_PRET,factor_R2
1969-03-13,0.00424664,-0.00123794,-0.00092899
1969-03-14,0.00022382,0.00174367,-0.00151948
1969-03-17,-0.00259610,0.00018477,0.00085222
1969-03-18,0.00543399,0.00146896,0.00210701
1969-03-19,0.00231550,-0.00107150,-0.00068720
1969-03-20,0.00166620,-0.00181931,0.00126589
1969-03-21,0.00195484,0.00155335,0.00120564
1969-03-24,0.00012261,0.00024902,0.00022376
1969-03-25,0.00375876,-0.00093384,0.00142217
1969-03-26,0.00879868,0.00033884,0.00182240
1969-03-27,0.00313664,0.00149099,0.00089429
1969-03-28,0.00201872,-0.00029151,0.00072904
1969-04-01,0.00117265,0.00102782,0.00002058
1969-04-02,0.00100965,0.00149324,0.00110128
1969-04-03,-0.00080589,0.00014291,-0.00088388
1969-04-07,-0.00449203,-0.00037025,-0.00116502
1969-04-08,0.00737726,-0.00044456,-0.00059374
1969-04-09,0.00452563,-0.00158835,0.00091291
1969-04-10,0.00252889,0.00101955,0.00139379
1969-04-11,0.00320822,0.00153008,-0.00025276
1969-04-14,-0.00255140,0.00080648,-0.00152030
1969-04-15,-0.00280493,-0.00133917,0.00158949
1969-04-16,-0.00454786,-0.00674089,0.00214185
1969-04-17,0.00110785,0.00016391,0.00037437
1969-04-18,0.00090993,0.00000264,-0.00102731
1969-04-21,-0.00278881,-0.00516774,0.00280757
1969-04-22,0.00241197,0.00730873,0.00194614
1969-04-23,0.00200969,0.00443742,-0.00024344
1969-04-24,-0.00031421,0.00329936,-0.00084095
1969-04-25,0.00044208,-0.00097625,-0.00163086
1969-04-28,0.00145513,0.00482285,-0.00059646
1969-04-29,0.00133556,0.01005376,-0.00011170
1969-04-30,0.00371978,0.00494830,-0.00195338
1969-05-01,0.00248865,0.00175485,0.00033958
1969-05-02,0.00147805,0.00110677,-0.00175124
1969-05-05,0.00141236,0.00588089,-0.00068349
1969-05-06,0.00373389,0.00243167,0.00039888
1969-05-07,0.00088583,-0.00287453,0.00243877
1969-05-08,-0.00299396,-0.00147865,-0.00226879
1969-05-09,0.00535661,-0.00036241,0.00069017
1969-05-12,0.00265397,-0.00017060,0.00224686
1969-05-13,0.00378326,0.00520653,0.00005218
1969-05-14,0.00070275,-0.00096397,-0.00064695
1969-05-15,0.00206478,-0.00090514,0.00135618
1969-05-16,-0.00150248,-0.00138181,0.00045221
1969-05-19,-0.00042567,-0.00156719,0.00212414
1969-05-20,0.00043545,0.00160325,0.00191135
1969-05-21,0.00668172,0.00535462,-0.00114074
1969-05-22,0.00399410,0.00063205,0.00022874
1969-05-23,-0.00519696,-0.00111152,-0.00008113
1969-05-26,0.00040047,0.00018887,0.00036617
1969-05-27,-0.00010064,0.00003267,0.00478840
1969-05-28,0.00411346,0.00395030,-0.00082466
1969-05-29,0.00302452,0.00181440,-0.00261000
1969-06-02,-0.00180278,0.00163279,0.00212935
1969-06-03,0.00009507,-0.00074060,0.00231232
1969-06-04,-0.00216452,0.00029493,-0.00038341
1969-06-05,-0.00264068,-0.00071447,0.00085635
1969-06-06,-0.00572107,-0.00220580,0.00323086
1969-06-09,-0.00124792,0.00077605,0.00445284
1969-06-10,-0.00003372,0.00158973,0.00315303
1969-06-11,0.00293727,0.00128230,0.00465829
1969-06-12,-0.00414320,-0.00314947,0.00567133
1969-06-13,0.00229678,-0.00019788,-0.00275495
1969-06-16,-0.00645275,0.00187404,0.00451185
1969-06-17,-0.00343618,0.00168125,0.00288264
1969-06-18,-0.00236333,0.00139472,0.00221682
1969-06-19,-0.00129960,0.00187188,0.00642697
1969-06-20,-0.00366519,-0.00087100,0.00559250
1969-06-23,0.00276399,0.00639237,0.00426808
1969-06-24,-0.00310424,-0.00154614,-0.00372647
1969-06-25,-0.00651936,-0.00173177,0.00295065
1969-06-26,-0.00499226,0.00257617,-0.00071532
1969-06-27,-0.00114596,-0.00017659,-0.00194439
1969-06-30,-0.00208081,-0.00064446,-0.00275482
1969-07-01,0.00612318,0.00292196,-0.00456531
1969-07-02,-0.00238189,-0.00184740,-0.00615798
1969-07-03,-0.00197410,-0.00317897,-0.00462389
1969-07-07,-0.00165252,-0.00099443,0.00529884
1969-07-08,-0.00018903,0.00122705,0.00566050
1969-07-09,0.00059340,0.00085575,0.00027260
1969-07-10,0.00181255,0.00468379,0.00745029
1969-07-11,-0.00273547,-0.00003882,0.00123987
1969-07-14,0.00456316,0.00199768,0.00733045
1969-10-14,-0.02254874,-0.00414649,-0.00495666
1969-10-15,-0.00153999,0.00054755,-0.00246763
1969-10-16,-0.01157424,0.00099829,-0.00179955
1969-10-17,-0.00352857,-0.00070025,-0.00297005
1969-10-20,-0.00819739,-0.00453237,-0.00291094
1969-10-21,-0.02161473,-0.00501110,-0.00576161
1969-10-22,-0.01461103,-0.00376089,-0.00507856
1969-10-23,0.00422047,0.00231932,0.00141585
1969-10-24,-0.01126888,-0.00086172,-0.00046586
1969-10-27,0.00045030,0.00078915,0.00130292
1969-10-28,0.00233104,-0.00050259,-0.00078351
1969-10-29,0.01206050,0.00246118,-0.00053144
1969-10-30,-0.00282260,-0.00501053,-0.00063589
1969-10-31,-0.00585685,-0.00000641,-0.00132221
1969-11-03,0.00341633,0.00220903,0.00169956
1969-11-04,0.00258732,0.00142644,0.00428864
1969-11-05,-0.00530847,-0.00108146,-0.00031725
1969-11-06,-0.00199918,0.00038386,0.00011893
1969-11-07,-0.00603068,-0.00077746,0.00084227
1969-11-10,0.00267409,0.00314534,0.00356077
1969-11-11,0.00654189,0.00003740,0.00078690
1969-11-12,0.00386389,0.00333788,0.00153295
1969-11-13,0.00827720,0.00638446,0.00099126
1969-11-14,0.00533072,0.00185220,-0.00081333
1969-11-17,0.00872822,0.00547179,0.00008276
1969-11-18,0.00450776,0.00216303,-0.00006675
1969-11-19,0.00666473,0.00231198,0.00037805
1969-11-20,0.00924194,0.00302280,-0.00196702
1969-11-21,0.00531143,0.00212548,-0.00121373
1969-11-24,0.01214177,0.00467753,0.00011401
1969-11-25,0.00330156,0.00166252,0.00254610
1969-11-26,0.00092888,-0.00025931,0.00228707
1969-11-28,-0.00414478,-0.00165304,0.00211476
1969-12-01,0.01417101,0.00729414,0.00372562
1969-12-02,0.01342495,0.00639621,0.00352262
1969-12-03,0.01528815,0.00648561,0.00220813
1969-12-04,0.00317064,0.00136973,0.00215233
1969-12-05,0.00741876,0.00382416,0.00161740
1969-12-08,0.01581199,0.00523171,0.00205975
1969-12-09,0.01039838,0.00494595,0.00246878
1969-12-10,0.00765593,0.00365118,0.00240498
1969-12-11,0.00163894,0.00143729,0.00166830
1969-12-12,-0.00105604,0.00148460,-0.00037550
1969-12-15,0.00444862,0.00228241,-0.00152882
1969-12-16,0.01101619,0.00352852,0.00000955
1969-12-17,0.00734046,0.00315917,0.00079128
1969-12-18,-0.01036259,-0.00366468,-0.00232810
1969-12-19,-0.00761770,-0.00093303,-0.00050715
1969-12-22,0.01552401,0.00612705,0.00246109
1969-12-23,0.00914981,0.00163527,-0.00044101
1969-12-24,-0.01874481,-0.00673693,-0.00329390
1969-12-26,-0.01073615,-0.00359836,-0.00153974
1969-12-29,0.01376590,0.00376324,0.00371357
1969-12-30,0.00049184,-0.00051661,0.00020229
1969-12-31,-0.00491537,0.00119208,0.00215501
1970-01-02,-0.04228473,-0.01499723,-0.00806560
1970-01-05,-0.02302437,-0.00586791,-0.00110440
1970-01-06,0.00553239,0.00246291,0.00125334
1970-01-07,-0.00217960,0.00106129,0.00186503
1970-01-08,0.00079036,0.00217461,0.00239064
1970-01-09,0.00521596,0.00152976,0.00177148
1970-01-12,0.01012766,0.00520614,0.00375497
1970-01-13,0.00514882,0.00113907,0.00233818
1970-01-14,0.00722546,0.00469836,0.00179612
1970-01-15,0.00789341,0.00380995,0.00117416
1970-01-16,-0.00112604,0.00199415,0.00142484
1970-01-19,-0.00896939,-0.00049477,0.00130248
1970-01-20,0.00300390,0.00036781,0.00046002
1970-01-21,-0.00257528,-0.00204610,-0.00156055
1970-01-22,-0.00019921,-0.00086602,-0.00074476
1970-01-23,0.00547209,0.00470357,0.00406797
1970-01-26,-0.00009634,0.00366572,0.00180224
1970-01-27,0.00026317,0.00005739,0.00063375
1970-01-28,0.00298702,0.00314421,0.00496337
1970-01-29,-0.00062956,0.00179140,0.00208532
1970-01-30,-0.00648550,-0.00230713,0.00003827
1970-02-02,0.00263342,-0.00177294,-0.00107578
1970-02-03,-0.00248901,-0.00425376,-0.00489421
1970-02-04,-0.00158085,0.00159284,0.00366390
1970-02-05,0.00562688,0.00342734,0.00192780
1970-02-06,0.00066830,-0.00083216,-0.00272652
1970-02-09,0.00435804,0.00216750,-0.00093352
1970-02-10,0.00090923,0.00317953,0.00223172
1970-02-11,0.00927773,0.00203689,-0.00247669
1970-02-12,0.00354423,0.00369314,0.00256070
1970-02-13,-0.00272546,-0.00001711,0.00319111
1970-02-16,-0.00210479,-0.00062110,0.00086592
1970-02-17,0.00134640,0.00106221,-0.00138232
1970-02-18,-0.00695810,-0.00408085,-0.00128729
1970-02-19,-0.00695076,-0.00436148,-0.00148216
1970-02-20,-0.01089943,-0.00581104,0.00065996
1970-02-24,-0.00763411,-0.00389501,0.00242784
1970-02-25,-0.01092935,-0.00718543,-0.00061064
1970-02-26,0.00017455,0.00129534,0.00204020
1970-02-27,-0.00934580,-0.00484007,0.00441023
1970-03-02,-0.01153888,-0.00622741,0.00449835
1970-03-03,-0.00705962,-0.00276091,0.00279837
1970-03-04,-0.00721674,-0.00383750,0.00411849
1970-03-05,-0.00554223,-0.00214874,0.00363242
1970-03-06,-0.00018499,0.00003464,0.00223432
1970-03-09,-0.00270282,-0.00141143,0.00559226
1970-03-10,0.00648659,0.00458689,-0.00083751
1970-03-11,-0.00322903,-0.00005787,0.00145989
1970-03-12,-0.00034887,0.00002583,0.00195957
1970-03-13,-0.00432342,-0.00160195,0.00373450
1970-03-16,0.00564466,0.00211635,0.00204936
1970-03-17,0.00376587,0.00325728,-0.00392228
1970-03-18,-0.00066560,0.00156754,-0.00073963
1970-03-19,0.00229445,0.00211808,0.00235100
1970-03-20,-0.00020531,0.00037462,0.00168981
1970-03-23,0.00189208,-0.00031160,-0.00082818
1970-03-24,-0.00106912,0.00107646,-0.00037382
1970-03-25,-0.01316233,-0.00228164,-0.00171134
1970-03-26,-0.00142331,-0.00151588,0.00023660
1970-03-30,0.00352315,0.00157303,0.00028546
1970-03-31,0.00362576,0.00362419,-0.00107028
1970-04-01,-0.00104725,0.00149403,-0.00098263
1970-04-02,0.00102536,-0.00117843,0.00033110
1970-04-03,-0.00345245,-0.00117497,0.00374738
1970-04-06,-0.00297090,-0.00225719,0.00312033
1970-04-07,0.00051057,-0.00000159,-0.00004884
1970-04-08,0.00216664,0.00099409,-0.00040307
1970-04-09,0.00020519,0.00052372,0.00315173
1970-04-10,0.00508992,0.00062031,0.00260029
1970-04-13,-0.00071357,-0.00177981,0.00355191
1970-04-14,0.00538313,0.00264143,0.00008493
1970-04-15,0.00223996,0.00288045,0.00233864
1970-04-16,0.00653394,0.00463137,0.00088602
1970-04-17,0.00169528,0.00092652,0.00060582
1970-04-20,-0.00087654,-0.00385342,-0.00526485
1970-04-21,0.00400508,0.00332757,0.00116794
1970-04-22,0.00646963,0.00429837,-0.00065472
1970-04-23,0.00839246,0.00435707,-0.00137063
1970-04-24,0.00499742,0.00349342,0.00194253
1970-04-27,0.00830982,0.00420940,-0.00180996
1970-04-28,0.00640125,0.00124297,-0.00385555
1970-04-29,-0.00620024,-0.00843804,-0.00640246
1970-04-30,0.00217295,0.00369790,0.00321381
1970-05-01,0.00239957,0.00182275,-0.00007319
1970-05-04,0.01139966,0.00958419,0.00215548
1970-05-05,0.00395014,0.00129098,-0.00120546
1970-05-06,-0.01151243,-0.00673205,-0.00109044
1970-05-07,-0.00510003,-0.00429479,-0.00163519
1970-05-08,0.00030351,0.00014833,0.00080176
1970-05-11,0.00474926,0.00548897,0.00351719
1970-05-12,0.00017131,-0.00023087,-0.00192823
1970-05-13,0.00765054,0.00485102,-0.00036307
1970-05-14,0.00748031,0.00094229,-0.00386596
1970-05-15,-0.00372333,-0.00510974,-0.00258299
1970-05-18,-0.00028836,0.00394488,0.00324615
1970-05-19,0.00918311,0.00727119,-0.00205697
1970-05-20,0.00861145,0.00888552,-0.00129933
1970-05-21,0.00675920,0.00519751,-0.00278346
1970-05-22,0.00224977,0.00303219,0.00448553
1970-05-25,0.02027683,0.01643846,0.00215519
1970-05-26,0.00331592,0.00275437,-0.00340683
1970-05-27,-0.02967818,-0.02357158,-0.00166670
1970-05-28,-0.01191916,0.00272523,0.01351197
1970-05-29,-0.01093548,-0.00579107,0.00259375
1970-06-01,-0.00722566,-0.00462967,0.00550124
1970-06-02,-0.00394054,0.00208797,0.00553743
1970-06-03,-0.00722759,0.00377785,0.00928647
1970-06-04,0.01016939,0.00851264,-0.00007215
1970-06-05,0.00988376,-0.00101170,-0.00567474
1970-06-08,-0.00402955,-0.00330927,-0.00361481
1970-06-09,-0.00024833,-0.00517792,-0.00296042
1970-06-10,0.00405107,0.00069514,-0.00109975
1970-06-11,0.00696704,0.00521850,-0.00163023
1970-06-12,0.00263805,-0.00018672,-0.00175441
1970-06-15,-0.00570103,-0.00454769,-0.00095533
1970-06-16,-0.01465496,-0.00944065,-0.00011920
1970-06-17,0.00591799,0.00176326,-0.00111260
1970-06-18,-0.00036652,-0.00633264,-0.00346092
1970-06-19,-0.00120018,-0.00206798,0.00039414
1970-06-22,0.00943027,0.00280774,-0.00060564
1970-06-23,0.01704678,0.01022119,-0.00054980
1970-06-24,0.00540086,0.00259433,0.00022745
1970-06-25,-0.00078277,-0.00124478,-0.00217406
1970-06-26,0.00723064,0.00361275,-0.00015169
1970-06-29,0.00648453,0.00413086,-0.00140534
1970-06-30,0.00230933,0.00120740,-0.00155775
1970-07-01,0.00068406,-0.00128847,-0.00140103
1970-07-02,0.00347057,0.00134034,-0.00169976
1970-07-06,0.01142980,0.00587610,-0.00214359
1970-07-07,0.00253476,0.00249960,-0.00137189
1970-07-08,-0.02113627,-0.01203620,0.00357327
1970-07-09,-0.01068075,-0.00357789,0.00257570
1970-07-10,-0.00257623,0.00298201,0.00109072
1970-07-13,0.00138104,0.00193643,0.00067284
1970-07-14,0.00522468,0.00288241,0.00070612
1970-07-15,-0.00827189,-0.00542570,-0.00037191
1970-07-16,-0.00760343,-0.00281698,0.00204105
1970-07-17,-0.00944823,-0.00000476,0.00801215
1970-07-20,0.00399208,0.00528625,0.00394544
1970-07-21,0.00862715,0.00536968,-0.00287372
1970-07-22,-0.00309727,-0.00105302,0.00171713
1970-07-23,-0.01116102,-0.00756171,-0.00086876
1970-07-24,0.00336604,0.00369438,0.00371215
1970-07-27,0.00053126,0.00321644,0.00145540
1970-07-28,-0.00913760,-0.00387551,0.00088946
1970-07-29,-0.00385883,-0.00258498,0.00034994
1970-07-30,-0.00111843,-0.00161321,-0.00024587
1970-07-31,0.00326102,0.00436114,0.00166023
1970-08-03,0.01114680,0.00810006,0.00016279
1970-08-04,-0.00251975,-0.00240013,-0.00078723
1970-08-05,0.00316992,0.00312668,-0.00063674
1970-08-06,0.00737584,0.00488647,-0.00047492
1970-08-07,0.00007869,0.00266605,0.00142702
1970-08-10,0.01346005,0.00705878,-0.00138209
1970-08-11,0.00391713,0.00201295,-0.00282401
1970-08-12,0.00199980,0.00348874,-0.00199069
1970-08-13,0.00518940,0.00530342,-0.00239142
1970-08-14,-0.00381702,-0.00246464,-0.00219104
1970-08-17,-0.00183276,-0.00338430,0.00029513
1970-08-18,-0.00919309,-0.00495938,0.00243502
1970-08-19,-0.00653268,-0.00027242,-0.00007832
1970-08-20,-0.00239893,-0.00037029,-0.00111400
1970-08-21,-0.01674495,-0.00982220,0.00852752
1970-08-24,-0.01683546,-0.01195455,0.01849910
1970-08-25,-0.00376582,-0.00622917,0.01300948
1970-08-26,0.00615453,0.00429685,0.01091974
1970-08-27,0.00046139,0.00085514,0.00382020
1970-08-28,-0.00520544,-0.00236653,0.01028719
1970-08-31,0.00792932,0.00427619,0.00239525
1970-09-01,0.00348655,0.00324898,-0.00331536
1970-09-02,-0.00340002,-0.00247617,0.00610980
1970-09-03,-0.00771160,-0.00532157,0.01066757
1970-09-04,-0.00787760,-0.00181155,0.01116907
1970-09-08,-0.00449312,-0.00485427,0.00862889
1970-09-09,0.00751226,0.00246675,0.00156652
1970-09-10,0.00476107,0.00299098,0.00047911
1970-09-11,-0.00059510,0.00495370,0.01220845
1970-09-14,0.00771746,0.00638161,0.00160251
1970-09-15,0.00233832,0.00045254,-0.00612828
1970-09-16,-0.00945021,-0.00492363,0.00612979
1970-09-17,-0.01113288,-0.00409116,0.00598921
1970-09-18,-0.00090200,0.00017183,0.00803453
1970-09-21,0.01281712,0.00772396,-0.00408968
1970-09-22,0.00030646,-0.00051162,-0.00249587
1970-09-23,-0.00846992,-0.00383388,0.00699258
1970-09-24,-0.01638145,-0.00601361,0.01215203
1970-09-25,0.00697360,0.00273136,0.00446150
1970-09-28,-0.00213773,0.00014463,0.00472777
1970-09-29,-0.00005265,0.00165087,0.00936598
1970-09-30,0.00907097,0.00607415,0.00103558
1970-10-01,-0.00045723,-0.00018521,-0.00163929
1970-10-02,-0.00792758,-0.00332128,0.00500868
1970-10-05,-0.00226831,0.00048824,0.00327656
1970-10-06,0.01293581,0.00821326,-0.00151077
1970-10-07,-0.00526563,-0.00203070,0.00003820
1970-10-08,0.00948832,0.00473427,-0.00832137
1970-10-09,0.00216699,-0.00018735,-0.00379228
1970-10-12,0.00490489,0.00049592,-0.00161416
1970-10-13,-0.00732044,-0.00427581,-0.00292061
1970-10-14,-0.00049907,-0.00227766,-0.00062516
1970-10-15,0.00122915,0.00051272,-0.00230758
1970-10-16,0.00839814,0.00389378,-0.00638107
1970-10-19,0.00877268,0.00347321,-0.00684719
1970-10-20,-0.01050446,-0.00730255,0.00449167
1970-10-21,0.00037160,-0.00125576,-0.00452106
1970-10-22,0.00207970,-0.00142593,-0.00423883
1970-10-23,-0.00805120,-0.00841208,0.00006608
1970-10-26,-0.00237896,-0.00496277,-0.00445492
1970-10-27,0.00047079,0.00024767,-0.00405900
1970-10-28,-0.00641664,-0.00529192,0.00275723
1970-10-29,0.00224530,-0.00026777,-0.00468802
1970-10-30,-0.00214018,-0.00311601,-0.00335309
1970-11-02,-0.00273503,-0.00399778,0.00238203
1970-11-03,-0.00112713,-0.00330386,0.00491322
1970-11-04,0.00377869,0.00198691,-0.00315335
1970-11-05,0.00199961,-0.00001144,-0.00065917
1970-11-06,0.00268257,0.00074826,-0.00204355
1970-11-09,-0.00038702,-0.00171793,0.00370694
1970-11-10,-0.00324609,0.00000932,-0.00084976
1970-11-11,0.00634237,0.00480907,0.00065653
1970-11-12,-0.00022094,0.00608987,-0.00170280
1970-11-13,0.00402119,0.00544850,0.00047097
1970-11-16,-0.00703800,-0.00385035,0.00033684
1970-11-17,-0.00301006,-0.00087660,-0.00290503
1970-11-18,-0.00132541,0.00429772,-0.00145188
1970-11-19,-0.00630629,-0.00467759,-0.00108804
1970-11-20,-0.00406791,-0.00795438,0.00048567
1970-11-23,-0.00495618,-0.00121077,-0.00263469
1970-11-24,-0.00270869,-0.00313937,-0.00168428
1970-11-25,-0.00408584,-0.00558537,-0.00223703
1970-11-27,-0.00066310,-0.00469644,0.00086756
1970-11-30,0.01059193,-0.00180248,0.00811175
1970-12-01,0.00300328,0.00257145,-0.00032478
1970-12-02,-0.00465826,-0.00695218,-0.00105416
1970-12-03,0.00447287,0.00444287,0.00122414
1970-12-04,0.00498970,0.00124011,-0.00037949
1970-12-07,-0.00272347,-0.00107422,0.00251208
1970-12-08,-0.00229782,0.00218802,-0.00128622
1970-12-09,-0.00272189,-0.00168088,-0.00063071
1970-12-10,0.00009485,-0.00228042,-0.00101874
1970-12-11,-0.00071174,-0.00005099,0.00051654
1970-12-14,0.00532395,0.00739997,-0.00146579
1970-12-15,-0.00367932,-0.00286993,0.00036894
1970-12-16,-0.00311393,-0.00547632,0.00052190
1970-12-17,-0.00418175,-0.00225991,-0.00017067
1970-12-18,-0.00079069,0.00089003,-0.00289546
1970-12-21,-0.00205448,-0.00097969,-0.00032375
1970-12-22,0.00321667,0.00403986,-0.00178995
1970-12-23,0.00752830,0.00355467,0.00019923
1970-12-24,0.01438569,0.00574446,0.00237973
1970-12-28,0.01348616,0.00788399,-0.00054417
1970-12-29,0.01515481,0.00783265,0.00077440
1970-12-30,0.00386977,0.00444764,-0.00114164
1970-12-31,0.00203021,0.00433861,-0.00103008
1971-01-04,0.00803074,0.00878491,0.00278206
1971-01-05,0.00807034,0.00287067,-0.00018860
1971-01-06,0.01119647,0.00869257,-0.00011420
1971-01-07,0.01014496,0.01077051,-0.00257146
1971-01-08,-0.00012529,0.00254896,-0.00078060
1971-01-11,0.00265632,0.00321258,-0.00006565
1971-01-12,0.00793241,0.00608665,-0.00227694
1971-01-13,0.00083686,0.00095801,-0.00199742
1971-01-14,0.00421800,0.00269299,0.00026106
1971-01-15,0.00214174,0.00321857,-0.00223822
1971-01-18,0.00084896,0.00220922,-0.00076481
1971-01-19,0.00136239,0.00209816,-0.00100536
1971-01-20,-0.00169784,0.00129333,0.00477669
1971-01-21,0.00004664,0.00328087,0.00293200
1971-01-22,0.00388899,0.00507268,-0.00024853
1971-01-25,0.00861334,0.01131353,0.00047523
1971-01-26,0.00165069,0.00586972,-0.00086386
1971-01-27,-0.00146846,-0.00306076,-0.00056848
1971-01-28,0.00011041,0.00246262,0.00212441
1971-01-29,0.00286099,0.00552381,-0.00063310
1971-02-01,0.01022304,0.01316506,-0.00188095
1971-02-02,0.00413447,0.00626802,-0.00545659
1971-02-03,0.00567521,0.00927124,-0.00098799
1971-02-04,-0.00051747,0.00044668,-0.00080694
1971-02-05,0.00048350,0.00390013,-0.00142130
1971-02-08,0.00610259,0.00998066,-0.00028979
1971-02-09,-0.00370697,-0.00339200,-0.00155095
1971-02-10,-0.00009973,-0.00282786,0.00393229
1971-02-11,-0.00325226,-0.00080769,0.00061159
1971-02-12,-0.00340602,0.00349667,-0.00303618
1971-02-16,0.00948940,0.00749113,-0.00436975
1971-02-17,0.00490036,0.00004268,0.00004637
1971-02-18,0.00550282,-0.00201695,0.00130258
1971-02-19,0.00430779,-0.00557758,0.00451799
1971-02-22,0.00036899,-0.00767404,0.00653583
1971-02-23,-0.01160657,-0.00076073,0.00007748
1971-02-24,-0.00826529,0.00352692,-0.00403499
1971-02-25,-0.00032700,-0.00585085,0.00415711
1971-02-26,0.00069609,-0.00222057,0.00160806
1971-03-01,-0.00743977,-0.00332996,0.00222680
1971-03-02,-0.00826668,-0.00436447,0.00131694
1971-03-03,-0.00403721,-0.00221504,0.00116723
1971-03-04,-0.00168270,0.00541806,-0.00438729
1971-03-05,-0.00443127,0.00406008,-0.00407899
1971-03-08,0.00030308,0.00520146,-0.00453648
1971-03-09,0.00207364,0.00499882,-0.00553315
1971-03-10,0.00479245,0.00421125,-0.00264500
1971-03-11,0.00340770,-0.00141158,0.00078107
1971-03-12,0.00235428,0.00048470,0.00114891
1971-03-15,0.00749723,0.00548626,-0.00313476
1971-03-16,0.01301912,0.00419439,-0.00167874
1971-03-17,0.00644237,0.00123565,0.00050049
1971-03-18,0.00624332,0.00305082,-0.00168654
1971-03-19,0.00173701,-0.00212918,0.00176811
1971-03-22,0.00728867,0.00065841,0.00056051
1971-03-23,-0.00371244,-0.00260290,0.00187052
1971-03-24,0.00068114,-0.00147948,0.00174924
1971-03-25,-0.00392266,-0.00151274,0.00099383
1971-03-26,-0.00256497,-0.00049701,-0.00027787
1971-03-29,0.00428503,0.00156198,-0.00095041
1971-03-30,-0.00469323,-0.00349695,0.00293762
1971-03-31,0.00004275,-0.00125626,0.00107994
1971-04-01,0.00136096,-0.00081790,0.00113849
1971-04-02,0.00176883,0.00094770,-0.00016071
1971-04-05,-0.00567270,-0.00184596,-0.00013089
1971-04-06,-0.00297788,-0.00106495,-0.00036049
1971-04-07,0.00571242,0.00040520,0.00017753
1971-04-08,0.00234485,0.00110932,-0.00072491
1971-04-12,-0.00074401,-0.00072570,0.00041041
1971-04-13,-0.00240465,-0.00219157,0.00287153
1971-04-14,0.00267611,0.00560925,-0.00183482
1971-04-15,0.00404774,0.00352748,-0.00369327
1971-04-16,0.00469211,0.00395425,-0.00176411
1971-04-19,0.00243613,0.00047642,0.00033731
1971-04-20,0.00355323,-0.00027684,-0.00074327
1971-04-21,-0.00552280,-0.00432301,0.00178979
1971-04-22,-0.00452343,-0.00360302,0.00473683
1971-04-23,-0.00120344,-0.00209295,0.00288551
1971-04-26,-0.00755018,-0.00331373,0.00011674
1971-04-27,0.00024714,0.00041062,0.00375677
1971-04-28,0.00521208,0.00370328,0.00121175
1971-04-29,0.00354042,0.00271432,-0.00264066
1971-04-30,-0.00429282,-0.00204270,-0.00173691
1971-05-03,-0.00160792,-0.00019171,-0.00038062
1971-05-04,-0.00242252,-0.00003635,0.00126450
1971-05-05,0.00165793,-0.00045242,-0.00062839
1971-05-06,0.00176775,0.00049217,-0.00109613
1971-05-07,-0.00025974,0.00041907,-0.00110898
1971-05-10,0.00132200,-0.00010729,-0.00164354
1971-05-11,-0.00721511,-0.00534223,0.00192134
1971-05-12,-0.00730636,-0.00588218,0.00310492
1971-05-13,-0.00056500,-0.00274424,0.00146526
1971-05-14,-0.00104155,-0.00101272,-0.00162504
1971-05-17,0.00937848,0.00770825,-0.00450615
1971-05-18,0.00119222,0.00188648,-0.00059186
1971-05-19,-0.00422304,-0.00347285,0.00108091
1971-05-20,-0.00133246,-0.00160057,0.00090406
1971-05-21,-0.00006281,-0.00075854,-0.00104606
1971-05-24,0.00333643,0.00052641,-0.00122774
1971-05-25,-0.00266396,-0.00309770,-0.00085792
1971-05-26,-0.00296108,-0.00274852,0.00017249
1971-05-27,-0.00095544,-0.00143303,-0.00090355
1971-05-28,-0.00308587,-0.00364701,0.00002171
1971-06-01,-0.00823000,-0.00769357,0.00170054
1971-06-02,-0.00860573,-0.00729296,0.00381888
1971-06-03,-0.00046698,-0.00199248,0.00140503
1971-06-04,-0.00127599,-0.00280080,0.00037812
1971-06-07,0.00208870,0.00131853,-0.00019289
1971-06-08,0.00155260,0.00170345,-0.00252256
1971-06-09,-0.00361970,-0.00351170,0.00080344
1971-06-10,-0.00232751,-0.00147031,-0.00061163
1971-06-11,0.00014391,-0.00066118,-0.00048075
1971-06-14,0.00431318,0.00169379,-0.00233639
1971-06-15,-0.00124260,-0.00002069,0.00113826
1971-06-16,-0.00562847,-0.00370041,0.00120301
1971-06-17,-0.00061967,-0.00162906,-0.00090480
1971-06-18,0.01399454,0.00834259,-0.00671472
1971-06-21,0.00649322,0.00274983,-0.00246555
1971-06-22,0.00130517,0.00138104,0.00045974
1971-06-23,-0.00860541,-0.00597878,0.00632411
1971-06-24,0.00137731,0.00014230,-0.00043595
1971-06-25,-0.00135301,-0.00164418,-0.00180474
1971-06-28,-0.00421391,-0.00320668,0.00065343
1971-06-29,-0.00843141,-0.00406385,0.00268107
1971-06-30,-0.00312456,-0.00201352,0.00262382
1971-07-01,0.00382789,0.00199448,-0.00131651
1971-07-02,0.00146559,0.00161634,0.00110250
1971-07-06,-0.00082499,-0.00069297,0.00379744
1971-07-07,-0.00764720,-0.00481722,0.00140647
1971-07-08,-0.00011641,-0.00007527,0.00020439
1971-07-09,-0.00218106,-0.00276674,0.00081408
1971-07-12,0.00270288,0.00081197,-0.00179297
1971-07-13,0.00662951,0.00263907,-0.00408985
1971-07-14,-0.00230486,-0.00158668,0.00116859
1971-07-15,0.00153078,0.00034528,-0.00216895
1971-07-16,0.00218355,0.00142810,-0.00018896
1971-07-19,0.00263566,0.00312136,0.00069729
1971-07-20,-0.00553387,-0.00364559,-0.00043931
1971-07-21,0.00213146,0.00043142,-0.00055032
1971-07-22,0.00268869,0.00100878,-0.00275044
1971-07-23,0.00040102,0.00149795,-0.00126553
1971-07-26,0.00278893,0.00189478,-0.00028899
1971-07-27,0.00418694,0.00274269,-0.00351954
1971-07-28,0.00801375,0.00589466,-0.00064791
1971-07-29,0.00609582,0.00515128,-0.00007908
1971-07-30,0.00226400,0.00155536,0.00061763
1971-08-02,0.00113744,0.00148723,0.00160968
1971-08-03,0.01406198,0.01032108,-0.00177566
1971-08-04,-0.00341658,-0.00160611,0.00106025
1971-08-05,-0.00617382,-0.00409191,-0.00076709
1971-08-06,-0.00719334,-0.00419637,-0.00049622
1971-08-09,0.00109124,0.00106291,-0.00318747
1971-08-10,-0.00076807,-0.00160546,0.00011837
1971-08-11,-0.00167647,-0.00573994,-0.00069865
1971-08-12,0.00269872,-0.00142918,-0.00021136
1971-08-13,-0.00056567,0.00020288,-0.00011265
1971-08-16,0.00787678,0.00738792,0.01171234
1971-08-17,-0.00136312,-0.00016894,-0.00220213
1971-08-18,-0.00339459,-0.00376072,-0.00750398
1971-08-19,-0.00400882,-0.00458300,-0.00461278
1971-08-20,-0.00214818,-0.00196334,0.00044451
1971-08-23,-0.00565986,-0.00357820,-0.00005493
1971-08-24,-0.00443053,-0.00123827,0.00419913
1971-08-25,0.00298426,0.00273828,-0.00083441
1971-08-26,0.00069314,0.00055157,0.00002877
1971-08-27,0.00013975,-0.00006995,0.00170595
1971-08-30,0.00038426,0.00202785,0.00019255
1971-08-31,-0.00131722,-0.00139370,-0.00246286
1971-09-01,-0.00340130,-0.00287182,-0.00121388
1971-09-02,0.00000611,-0.00002910,0.00165605
1971-09-03,-0.00122052,0.00019168,0.00207314
1971-09-07,-0.00176883,-0.00110417,-0.00021524
1971-09-08,0.00292371,0.00121312,-0.00021302
1971-09-09,-0.00159201,-0.00067528,-0.00384170
1971-09-10,0.00282885,0.00027661,-0.00215048
1971-09-13,0.00106635,-0.00043910,-0.00083567
1971-09-14,0.00437342,0.00171519,-0.00237931
1971-09-15,-0.00481087,-0.00267818,-0.00101128
1971-09-16,0.00327016,0.00017744,-0.00395355
1971-09-17,-0.00044634,0.00004793,0.00167178
1971-09-20,-0.00050004,-0.00028737,-0.00163206
1971-09-21,0.00097861,-0.00017877,-0.00106000
1971-09-22,0.00295065,0.00122403,-0.00155397
1971-09-23,-0.00216543,-0.00185721,-0.00274626
1971-09-24,-0.00219613,-0.00099156,-0.00060598
1971-09-27,0.00155821,-0.00028889,-0.00140225
1971-09-28,-0.00596799,-0.00398999,-0.00195999
1971-09-29,-0.00383743,-0.00300550,-0.00141204
1971-09-30,-0.00768881,-0.00489271,-0.00031883
1971-10-01,-0.00542142,-0.00315832,0.00067301
1971-10-04,-0.00197949,-0.00215098,-0.00022322
1971-10-05,-0.00004389,-0.00090397,-0.00031355
1971-10-06,-0.00631132,-0.00263010,0.00098762
1971-10-07,0.00194199,0.00165948,0.00050241
1971-10-08,0.00264901,0.00113979,-0.00083685
1971-10-11,-0.00102130,-0.00157148,0.00130572
1971-10-12,-0.00435468,-0.00288110,0.00142919
1971-10-13,-0.00093819,0.00069016,-0.00235927
1971-10-14,0.00394630,0.00164813,-0.00187275
1971-10-15,0.00389917,0.00051669,0.00036960
1971-10-18,0.00185167,-0.00025518,0.00014682
1971-10-19,0.00013509,-0.00039612,0.00099118
1971-10-20,0.00264537,0.00170444,-0.00278513
1971-10-21,-0.00259725,-0.00070543,0.00085875
1971-10-22,0.00235119,0.00080800,0.00003514
1971-10-25,-0.00060351,-0.00213881,0.00191543
1971-10-26,-0.00014588,0.00208823,-0.00520452
1971-10-27,0.00220503,0.00078856,-0.00131762
1971-10-28,-0.00530396,0.00287496,-0.00002559
1971-10-29,-0.00540578,-0.00002159,0.00175462
1971-11-01,0.00216967,0.00037771,-0.00366532
1971-11-02,-0.00645003,0.00019828,-0.00082684
1971-11-03,-0.00658726,0.00009941,-0.00113865
1971-11-04,-0.00050880,0.00198766,-0.00386099
1971-11-05,-0.00104564,0.00317728,-0.00292676
1971-11-08,-0.00069744,0.00174236,-0.00270682
1971-11-09,0.00144902,0.00268684,-0.00241641
1971-11-10,0.00171044,0.00398710,-0.00232651
1971-11-11,-0.00312606,-0.00021626,0.00223549
1971-11-12,0.00558420,0.00032754,0.00297286
1971-11-15,0.00206262,0.00065097,0.00206696
1971-11-16,0.00037834,0.00008004,-0.00219937
1971-11-17,-0.00098830,0.00071835,-0.00000124
1971-11-18,-0.00069057,0.00139558,0.00124286
1971-11-19,-0.00155712,0.00071999,0.00237410
1971-11-22,0.00136910,0.00346033,0.00033804
1971-11-23,-0.00133631,0.00048283,-0.00142386
1971-11-24,0.00048476,-0.00018226,0.00082514
1971-11-26,0.00455712,-0.00290682,0.00022781
1971-11-29,0.00097584,-0.00478702,-0.00167136
1971-11-30,0.00290881,-0.00232118,-0.00161469
1971-12-01,0.00260222,0.00010496,0.00136825
1971-12-02,0.00206839,0.00317426,0.00061121
1971-12-03,0.00726829,0.00081875,0.00427167
1971-12-06,-0.00113544,0.00026348,-0.00141841
1971-12-07,-0.00234497,-0.00097839,-0.00299636
1971-12-08,-0.00151692,0.00082923,-0.00199547
1971-12-09,0.00311662,-0.00037358,0.00044949
1971-12-10,0.00321396,0.00271593,-0.00396390
1971-12-13,0.00924709,0.00618612,-0.00168398
1971-12-14,0.00345436,0.00587190,0.00433275
1971-12-15,-0.00111952,-0.00021467,-0.00420286
1971-12-16,0.00380801,0.00162005,-0.00426419
1971-12-17,-0.00030677,0.00137237,-0.00236838
1971-12-20,0.00229116,0.00266121,-0.00461135
1971-12-21,0.00200413,0.00032520,-0.00111923
1971-12-22,-0.00119829,-0.00002566,0.00330320
1971-12-23,0.00083515,0.00130858,0.00285814
1971-12-27,0.00203813,0.00014179,0.00037009
1971-12-28,-0.00335985,-0.00264694,-0.00315103
1971-12-29,-0.00065174,0.00061275,-0.00047811
1971-12-30,0.00024326,0.00131364,0.00048666
1971-12-31,0.00263402,0.00196432,-0.00519219
1972-01-03,-0.00207186,0.00297837,-0.00203164
1972-01-04,-0.00690316,-0.00075174,-0.00375318
1972-01-05,-0.00668421,-0.00362593,-0.00720673
1972-01-06,0.00256115,0.00320019,-0.00037327
1972-01-07,-0.00129480,0.00069522,0.00109449
1972-01-10,-0.00088739,0.00137835,-0.00050229
1972-01-11,-0.00493375,0.00099889,-0.00459004
1972-01-12,0.00570221,-0.00024731,0.00312360
1972-01-13,0.00622274,0.00089292,0.00469706
1972-01-14,-0.00222707,0.00115166,-0.00312616
1972-01-17,-0.00581744,0.00057860,-0.00316743
1972-01-18,-0.00274970,-0.00025045,-0.00192360
1972-01-19,0.00342221,-0.00195537,0.00325904
1972-01-20,0.00245844,0.00252165,0.00115008
1972-01-21,-0.00038755,0.00023510,-0.00113521
1972-01-24,-0.00036089,0.00236073,0.00257867
1972-01-25,0.00252077,-0.00240121,0.00183057
1972-01-26,-0.00299600,0.00020477,-0.00180199
1972-01-27,-0.00374170,-0.00302799,-0.00500849
1972-01-28,-0.00062339,-0.00169108,0.00028545
1972-01-31,-0.00126354,0.00078330,-0.00206707
1972-02-01,0.00116816,0.00183159,-0.00239538
1972-02-02,0.00388342,0.00350732,-0.00381239
1972-02-03,0.00655895,0.00165425,0.00038716
1972-02-04,-0.00282920,-0.00273782,-0.00114104
1972-02-07,-0.00084207,0.00037508,-0.00095049
1972-02-08,0.00799548,0.00382397,0.00149631
1972-02-09,0.00306208,0.00111655,0.00111465
1972-02-10,0.00289481,-0.00066634,-0.00101025
1972-02-11,0.00022663,0.00106044,-0.00012332
1972-02-14,-0.00261810,-0.00134911,-0.00167758
1972-02-15,-0.00015288,-0.00163801,-0.00005225
1972-02-16,0.00006987,0.00113616,0.00020706
1972-02-17,0.00407076,0.00268838,0.00094999
1972-02-18,0.00090435,0.00117306,-0.00054219
1972-02-22,0.00027782,0.00008604,0.00090108
1972-02-23,0.00375754,0.00250753,0.00116695
1972-02-24,-0.00076633,-0.00242714,-0.00188136
1972-02-25,0.00543120,0.00019809,0.00180866
1972-02-28,-0.00350301,-0.00121832,-0.00041967
1972-02-29,0.00612220,0.00363859,0.00372462
1972-03-01,0.00415821,0.00194752,-0.00060200
1972-03-02,0.00205203,0.00253563,0.00005510
1972-03-03,0.00390714,0.00007202,-0.00068076
1972-03-06,-0.00500880,-0.00475528,-0.00070201
1972-03-07,-0.00097446,0.00030512,0.00243110
1972-03-08,0.00360760,0.00231054,0.00126167
1972-03-09,0.00398860,0.00372044,-0.00171188
1972-03-10,0.00237527,-0.00196249,0.00019324
1972-03-13,-0.00198142,-0.00021362,0.00136533
1972-03-14,-0.00218793,-0.00037991,-0.00118465
1972-03-15,0.00186348,0.00028973,-0.00055847
1972-03-16,0.00283473,0.00159335,0.00089891
1972-03-17,0.00184624,-0.00025331,0.00006481
1972-03-20,0.00665317,-0.00022700,0.00120516
1972-03-21,0.00318288,0.00136313,0.00198285
1972-03-22,-0.00182419,0.00298774,0.00070356
1972-03-23,-0.00514915,0.00022888,-0.00183898
1972-03-24,0.00399857,0.00196273,0.00247887
1972-03-27,0.00280215,0.00255800,0.00258780
1972-03-28,0.00021034,-0.00011293,0.00026659
1972-03-29,0.00352802,0.00409614,0.00249367
1972-03-30,-0.00488614,-0.00037883,-0.00180921
1972-04-03,0.00285814,0.00553244,0.00159950
1972-04-04,-0.00282697,0.00322050,0.00038467
1972-04-05,0.00439760,0.00257794,-0.00139029
1972-04-06,0.00075516,0.00120804,-0.00036913
1972-04-07,0.00069384,0.00076874,0.00072815
1972-04-10,0.00326355,0.00293464,-0.00226681
1972-04-11,-0.00372474,0.00026532,-0.00211736
1972-04-12,0.00635082,0.00127704,-0.00008548
1972-04-13,0.00297242,0.00079121,0.00155576
1972-04-14,-0.00035309,0.00015155,-0.00003107
1972-04-17,0.00070116,0.00271208,0.00117541
1972-04-18,0.00322782,0.00153508,0.00085436
1972-04-19,-0.00146628,-0.00192656,0.00051185
1972-04-20,-0.00445889,-0.00105884,-0.00141668
1972-04-21,0.00019569,0.00014206,0.00129203
1972-04-24,0.00402009,0.00066584,0.00067125
1972-04-25,0.00278635,0.00096589,0.00273686
1972-04-26,-0.00182085,-0.00087524,-0.00001326
1972-04-27,0.00128993,0.00045111,0.00029443
1972-04-28,-0.00197730,-0.00066452,-0.00033350
1972-05-01,-0.00163986,-0.00219659,-0.00104488
1972-05-02,-0.00009181,-0.00125390,-0.00015193
1972-05-03,-0.00073441,-0.00026661,0.00209218
1972-05-04,-0.00029251,0.00166198,-0.00014563
1972-05-05,-0.00052976,0.00157925,0.00069990
1972-05-08,0.00035917,0.00046318,0.00055030
1972-05-09,0.00234883,0.00598627,0.00118177
1972-05-10,0.00479081,-0.00008215,0.00144351
1972-05-11,0.00379954,0.00143776,0.00181359
1972-05-12,0.00298606,-0.00101564,0.00059056
1972-05-15,0.00280626,-0.00032012,-0.00008763
1972-05-16,-0.00223616,0.00205987,0.00148300
1972-05-17,0.00122788,0.00026311,-0.00049221
1972-05-18,0.00435301,0.00213427,0.00098560
1972-05-19,0.00164034,0.00118442,0.00072356
1972-05-22,0.00371435,0.00151907,0.00009577
1972-05-23,0.00120109,0.00274528,0.00174964
1972-05-24,0.00552144,0.00362235,0.00204545
1972-05-25,0.00396414,0.00189049,-0.00011126
1972-05-26,0.00000532,-0.00053098,0.00031136
1972-05-30,-0.00488044,-0.00202909,-0.00158985
1972-05-31,-0.00217579,0.00083009,0.00016808
1972-06-01,0.00186289,-0.00068386,-0.00025699
1972-06-02,0.00433518,0.00035078,-0.00054220
1972-06-05,-0.00384938,0.00018903,-0.00085081
1972-06-06,-0.00131817,0.00026340,-0.00079931
1972-06-07,-0.00225099,0.00115697,0.00057361
1972-06-08,0.00157662,0.00332574,0.00150554
1972-06-09,-0.00035571,0.00213710,0.00253639
1972-06-12,-0.00047406,0.00019051,0.00127184
1972-06-13,0.00189925,-0.00187676,-0.00173987
1972-06-14,0.00736751,0.00264608,-0.00078985
1972-06-15,-0.00055379,0.00183393,0.00119613
1972-06-16,0.00226340,0.00097651,-0.00080905
1972-06-19,0.00111879,0.00018887,-0.00125933
1972-06-20,0.00437845,0.00183483,0.00077086
1972-06-21,0.00316911,0.00277833,0.00221069
1972-06-22,0.00170264,0.00120457,0.00060842
1972-06-23,0.00202954,0.00059174,-0.00086044
1972-06-26,-0.00150681,-0.00036261,-0.00105400
1972-06-27,0.00053058,0.00194801,0.00204273
1972-06-28,0.00222471,0.00134748,0.00042704
1972-06-29,0.00144929,0.00011954,-0.00033308
1972-06-30,0.00041369,-0.00153582,-0.00091382
1972-07-03,0.00005336,-0.00156585,-0.00111466
1972-07-05,0.00266403,-0.00026323,-0.00218141
1972-07-06,0.00358154,0.00046277,-0.00142954
1972-07-07,0.00088594,0.00046166,-0.00083399
1972-07-10,-0.00055654,0.00256640,-0.00023310
1972-07-11,-0.00357451,-0.00028811,-0.00031874
1972-07-12,-0.00552858,-0.00000405,0.00193096
1972-07-13,-0.00548944,-0.00085805,-0.00029377
1972-07-14,0.00416363,0.00154278,0.00030458
1972-07-17,-0.00887642,-0.00216799,0.00143202
1972-07-18,0.00213327,0.00190599,0.00097941
1972-07-19,0.00015988,-0.00014753,-0.00021491
1972-07-20,-0.00134313,0.00027367,0.00051025
1972-07-21,0.00430731,-0.00015221,-0.00039827
1972-07-24,0.00732179,0.00102808,-0.00057501
1972-07-25,0.00077185,0.00212687,0.00110053
1972-07-26,0.00389758,0.00205010,-0.00061940
1972-07-27,-0.00129142,0.00074581,-0.00005476
1972-07-28,0.00007558,-0.00134863,-0.00200797
1972-07-31,0.00216621,0.00274941,0.00155818
1972-08-01,0.00759086,0.00244189,-0.00019349
1972-08-02,0.00412996,0.00219348,0.00034654
1972-08-03,0.00386365,0.00125523,-0.00135639
1972-08-04,-0.00233097,-0.00195889,-0.00191676
1972-08-07,-0.00302332,-0.00273890,-0.00351683
1972-08-08,0.00322965,0.00078715,0.00052233
1972-08-09,0.00022392,0.00025459,0.00020948
1972-08-10,-0.00151051,-0.00055870,-0.00018560
1972-08-11,0.00106671,0.00487242,0.00037048
1972-08-14,-0.00561754,-0.00403328,0.00081435
1972-08-15,-0.00934179,-0.00752371,-0.00253398
1972-08-16,-0.00567158,-0.00221650,0.00067687
1972-08-17,-0.00665567,-0.00323547,-0.00153844
1972-08-18,-0.00416047,-0.00192010,-0.00180587
1972-08-21,-0.01025947,-0.00656898,-0.00022797
1972-08-22,-0.01502745,-0.00974164,-0.00170994
1972-08-23,-0.00792276,-0.00555854,-0.00191045
1972-08-24,-0.01140307,-0.01089266,-0.00332017
1972-08-25,-0.00236886,-0.00152404,0.00049779
1972-08-28,-0.00719862,-0.00842695,-0.00250704
1972-08-29,-0.00010301,0.00350829,0.00181738
1972-08-30,-0.00237824,-0.00131099,0.00012695
1972-08-31,0.00273159,0.00540947,0.00226653
1972-09-01,0.00465860,0.00390583,0.00102082
1972-09-05,-0.00131037,-0.00191608,-0.00079696
1972-09-06,-0.00343251,-0.00286251,-0.00075071
1972-09-07,-0.00336719,0.00033657,0.00023757
1972-09-08,-0.00296470,-0.00082452,0.00009200
1972-09-11,-0.00600567,0.00013117,0.00031409
1972-09-12,-0.00423994,-0.00144339,-0.00043074
1972-09-13,0.00536597,0.00087145,0.00049535
1972-09-14,0.00254145,0.00110838,0.00043354
1972-09-15,0.00032438,-0.00006770,-0.00027408
1972-09-18,-0.00181184,-0.00075404,0.00031460
1972-09-19,0.00220339,0.00134314,0.00014949
1972-09-20,0.00313565,0.00064182,-0.00059423
1972-09-21,0.00287231,0.00136308,-0.00025153
1972-09-22,-0.00150052,-0.00070679,0.00080688
1972-09-25,-0.00145463,-0.00008940,-0.00139672
1972-09-26,0.00365150,0.00120921,0.00089778
1972-09-27,0.01066668,0.00229211,-0.00055100
1972-09-28,0.01114716,0.00327889,0.00028028
1972-09-29,0.00113408,0.00030145,-0.00148203
1972-10-02,-0.00374410,-0.00038196,0.00004000
1972-10-03,0.00059533,0.00249498,0.00112677
1972-10-04,-0.00430991,0.00150484,0.00055835
1972-10-05,-0.00778010,-0.00184355,-0.00166053
1972-10-06,0.00500252,0.00337205,0.00198705
1972-10-09,-0.00251903,-0.00086574,-0.00010463
1972-10-10,-0.00169958,-0.00051433,0.00102102
1972-10-11,0.00079754,0.00093659,-0.00236614
1972-10-12,-0.00404910,-0.00002952,-0.00190945
1972-10-13,-0.00398473,0.00122749,0.00030519
1972-10-16,-0.00599530,-0.00064041,-0.00092898
1972-10-17,0.00075311,-0.00083607,0.00138098
1972-10-18,0.00209818,0.00048617,0.00003186
1972-10-19,0.00171475,0.00082301,-0.00147739
1972-10-20,0.00607918,0.00292159,0.00265195
1972-10-23,0.00517826,0.00099421,0.00151104
1972-10-24,0.00540078,0.00081801,-0.00096981
1972-10-25,-0.00005169,-0.00059646,-0.00063498
1972-10-26,0.00170832,0.00040935,0.00021382
1972-10-27,0.00162141,0.00156089,-0.00045305
1972-10-30,-0.00089079,-0.00019398,-0.00040241
1972-10-31,0.00160805,-0.00090319,0.00101049
1972-11-01,0.00149976,-0.00062532,0.00241077
1972-11-02,-0.00456139,-0.00247774,0.00047147
1972-11-03,0.00014977,-0.00155023,0.00112617
1972-11-06,-0.00392797,0.00129934,0.00055996
1972-11-08,-0.00432969,-0.00097056,-0.00077629
1972-11-09,-0.00262572,-0.00125430,-0.00220853
1972-11-10,-0.00254762,0.00027005,-0.00140996
1972-11-13,-0.00145885,0.00065405,-0.00124395
1972-11-14,0.00281175,0.00140613,-0.00115042
1972-11-15,-0.00417717,-0.00130084,-0.00133349
1972-11-16,0.00041579,0.00087058,-0.00211793
1972-11-17,-0.00427647,-0.00065782,-0.00082525
1972-11-20,-0.00274751,-0.00013694,-0.00194661
1972-11-21,-0.00803994,0.00102070,-0.00070048
1972-11-22,-0.00275686,-0.00140313,-0.00201790
1972-11-24,-0.00600703,0.00174722,-0.00173060
1972-11-27,-0.00271117,-0.00001656,0.00091571
1972-11-28,-0.00487044,0.00043320,-0.00013289
1972-11-29,-0.00292359,0.00067703,-0.00031984
1972-11-30,-0.00264570,-0.00058371,0.00001722
1972-12-01,-0.00019586,-0.00001994,-0.00022828
1972-12-04,0.00200474,0.00148371,0.00123644
1972-12-05,0.00290197,0.00137072,0.00101131
1972-12-06,-0.00082996,0.00051178,-0.00005852
1972-12-07,0.00485114,0.00168105,0.00040562
1972-12-08,0.00358411,0.00106769,0.00189788
1972-12-11,0.00517706,0.00007807,-0.00000001
1972-12-12,0.00474583,0.00112906,0.00070877
1972-12-13,0.00403193,0.00085604,-0.00084212
1972-12-14,0.00873251,-0.00013546,0.00012323
1972-12-15,0.00385603,-0.00011003,0.00100166
1972-12-18,0.00483498,0.00014871,0.00232310
1972-12-19,0.00442358,-0.00090446,-0.00054086
1972-12-20,0.00568341,0.00018418,-0.00029280
1972-12-21,-0.00238072,-0.00028379,-0.00011884
1972-12-22,-0.00014868,0.00057795,-0.00112784
1972-12-26,0.00675880,-0.00025961,-0.00021094
1972-12-27,0.01072592,-0.00226517,0.00026151
1972-12-29,-0.00378746,0.00365557,-0.00083701
1973-01-02,-0.01328079,0.00630192,-0.00111622
1973-01-03,-0.00155454,0.00336233,0.00026669
1973-01-04,-0.00052923,0.00039965,0.00040327
1973-01-05,0.00496171,0.00183311,0.00012668
1973-01-08,0.00460859,0.00206724,0.00096797
1973-01-09,0.00561658,-0.00082370,-0.00006039
1973-01-10,-0.00050617,-0.00051198,0.00155278
1973-01-11,0.00412728,0.00145723,0.00318414
1973-01-12,0.00129053,0.00040991,-0.00070884
1973-01-15,-0.00247207,-0.00136204,-0.00220025
1973-01-16,-0.00072059,0.00145660,0.00090497
1973-01-17,0.00083879,0.00170862,-0.00008422
1973-01-18,0.00378679,0.00242918,0.00191003
1973-01-19,0.00175153,0.00090618,0.00194730
1973-01-22,0.00047272,0.00131629,-0.00070156
1973-01-23,0.00185335,-0.00069774,0.00032059
1973-01-24,0.00130103,0.00038887,-0.00203182
1973-01-26,0.00264546,0.00128014,-0.00011086
1973-01-29,0.00315674,0.00122857,-0.00064095
1973-01-30,0.00074834,0.00158687,0.00098501
1973-01-31,0.00086933,-0.00029990,-0.00052944
1973-02-01,0.00058560,-0.00247582,-0.00427908
1973-02-02,-0.00131918,-0.00088537,0.00057892
1973-02-05,-0.00182055,-0.00175598,-0.00129341
1973-02-06,0.00382421,0.00204419,0.00262809
1973-02-07,0.00195674,-0.00148357,-0.00264249
1973-02-08,0.00118076,0.00046808,0.00117160
1973-02-09,0.00313013,0.00766398,0.00053829
1973-02-12,0.00036651,-0.00128546,-0.00021350
1973-02-13,0.00570999,0.00226273,-0.00039418
1973-02-14,0.00082508,-0.00269267,0.00085864
1973-02-15,0.00173728,0.00037645,0.00116366
1973-02-16,0.00159346,0.00199441,0.00060524
1973-02-20,0.00511118,-0.00085433,-0.00056423
1973-02-21,0.00502516,0.00012893,-0.00059822
1973-02-22,0.00037468,0.00014654,0.00037182
1973-02-23,0.00122502,-0.00249079,0.00188286
1973-02-26,0.00323695,-0.00085533,0.00163736
1973-02-27,0.00072320,-0.00630236,-0.00014119
1973-02-28,0.00283467,0.00596216,-0.00137133
1973-03-01,0.00142145,-0.00248722,-0.00068987
1973-03-02,0.00315580,0.00505343,-0.00126814
1973-03-05,0.00033192,0.00096622,0.00037010
1973-03-06,-0.00222827,0.00256348,-0.00153173
1973-03-07,0.00683608,0.00139719,-0.00028914
1973-03-08,0.00098755,0.00034832,0.00101369
1973-03-09,-0.00215990,-0.00276265,0.00034187
1973-03-12,0.00030857,-0.00113871,0.00109503
1973-03-13,0.00689574,0.00339560,-0.00167859
1973-03-14,0.00732179,0.00455472,-0.00125543
1973-03-15,0.00367803,0.00297596,0.00333671
1973-03-16,0.00129879,0.00335253,0.00240758
1973-03-19,0.00174569,0.00216391,0.00390989
1973-03-20,0.00440478,0.00308278,-0.00095209
1973-03-21,0.00156667,0.00398712,0.00366805
1973-03-22,0.00579881,0.00477356,0.00108346
1973-03-23,0.00043753,0.00030814,-0.00320460
1973-03-26,0.00100930,-0.00304423,-0.00439503
1973-03-27,0.00098190,-0.00295538,-0.00542516
1973-03-28,0.00052345,0.00129233,-0.00027824
1973-03-29,0.00221148,-0.00045413,-0.00720435
1973-03-30,-0.00432140,0.00134897,0.00384611
1973-04-02,0.00093007,0.00212223,0.00507744
1973-04-03,0.00264970,0.00473581,0.00187503
1973-04-04,0.00006153,0.00113118,0.00298690
1973-04-05,0.00609994,0.00306176,0.00066644
1973-04-06,0.00422946,-0.00014953,-0.00431397
1973-04-09,0.00719439,-0.00065266,-0.00557388
1973-04-10,0.00715638,-0.00034369,-0.00439268
1973-04-11,0.00526313,0.00343501,-0.00025404
1973-04-12,0.00228755,0.00120444,-0.00079574
1973-04-13,0.00128775,0.00198992,0.00065122
1973-04-16,0.00002858,0.00129032,-0.00137753
1973-04-17,0.00506426,0.00257502,-0.00019261
1973-04-18,0.00797821,0.00187718,-0.00342407
1973-04-19,0.00038921,0.00106657,-0.00120712
1973-04-23,0.00458848,0.00351810,0.00066513
1973-04-24,0.00808056,0.00616164,0.00184915
1973-04-25,0.00604805,0.00586054,0.00579981
1973-04-26,0.00046997,-0.00289304,-0.00006927
1973-04-27,0.00147435,0.00428275,0.00443412
1973-04-30,0.00287552,0.00020933,-0.00031909
1973-05-01,0.00302982,0.00027813,0.00004000
1973-05-02,0.00196421,-0.00208951,-0.00162670
1973-05-03,0.00521229,-0.00058482,-0.00707662
1973-05-04,0.00047884,0.00033650,-0.00198297
1973-05-07,-0.00003566,0.00199172,0.00152408
1973-05-08,0.00283959,0.00024755,-0.00489563
1973-05-09,-0.00394205,0.00107983,-0.00011619
1973-05-10,0.00028418,0.00076968,0.00089309
1973-05-11,0.00217213,0.00319348,0.00611067
1973-05-14,0.00734204,0.00580540,0.00485942
1973-05-15,0.00997817,0.00164736,-0.00630361
1973-05-16,0.00609832,0.00227951,0.00073715
1973-05-17,0.00567853,0.00301950,0.00282968
1973-05-18,0.01448486,0.00616434,0.00382644
1973-05-21,0.02661171,0.00444188,-0.00300018
1973-05-22,0.00563414,0.00160354,-0.00445334
1973-05-23,0.00621231,0.00223483,-0.00384157
1973-05-24,0.00444619,-0.00446425,-0.00993980
1973-05-25,-0.01695511,-0.00372554,0.00620061
1973-05-29,-0.00426339,-0.00124157,0.00263682
1973-05-30,0.00676449,0.00481167,0.00186218
1973-05-31,0.00789134,0.00494415,0.00213271
1973-06-01,0.00526377,0.00165330,0.00444443
1973-06-04,0.00885010,0.00500119,0.00288000
1973-06-05,0.00587662,0.00104281,-0.00907650
1973-06-06,-0.00194521,-0.00127522,-0.00249359
1973-06-07,0.00650230,0.00111132,-0.00589237
1973-06-08,0.00126272,-0.00105432,-0.00326483
1973-06-11,-0.00095497,0.00324461,0.00335298
1973-06-12,0.00303967,-0.00247294,-0.00404830
1973-06-13,-0.01093117,-0.00206556,0.00603530
1973-06-14,-0.00004724,0.00498645,0.00223724
1973-06-15,0.00239520,0.00399409,0.00245608
1973-06-18,0.00445848,0.00502497,0.00270078
1973-06-19,0.00631953,0.00181453,-0.00405931
1973-06-20,0.00208320,-0.00123421,-0.00189519
1973-06-21,0.00132127,0.00528223,0.00246554
1973-06-22,0.00604257,0.00183799,-0.00228208
1973-06-25,0.01143751,0.00750951,0.00223064
1973-06-26,0.00221040,-0.00064979,-0.00561973
1973-06-27,0.00082567,-0.00003282,0.00029162
1973-06-28,0.00006408,-0.00261293,-0.00330102
1973-06-29,-0.00459258,-0.00027125,0.00580971
1973-07-02,-0.00448866,0.00117654,0.00807980
1973-07-03,-0.00197015,0.00196888,0.00534417
1973-07-05,-0.00027936,-0.00025230,0.00110035
1973-07-06,-0.00151271,0.00088255,0.00226592
1973-07-09,0.00014602,-0.00228304,-0.00220220
1973-07-10,-0.00739803,-0.00423660,-0.00037350
1973-07-11,-0.01389860,-0.00819882,0.00179205
1973-07-12,-0.01398661,-0.00094691,0.00517453
1973-07-13,-0.00596950,0.00446606,0.00853845
1973-07-16,-0.01536964,-0.01211251,-0.00873713
1973-07-17,-0.01172306,-0.00386490,0.00304676
1973-07-18,-0.01466399,-0.00827531,-0.00310763
1973-07-19,-0.01246149,-0.00364730,0.00217719
1973-07-20,-0.01441988,-0.00595532,-0.00107856
1973-07-23,-0.00978106,-0.00141223,0.00194117
1973-07-24,-0.00421679,-0.00273522,-0.00375170
1973-07-25,-0.00354398,-0.00064678,-0.00496831
1973-07-26,-0.00194906,-0.00117736,-0.00074689
1973-07-27,0.00100501,0.00194607,0.00145637
1973-07-30,0.00187591,0.00221448,0.00071011
1973-07-31,0.00464826,0.00596588,0.00560191
1973-08-01,0.01466665,0.01033483,0.00597156
1973-08-02,0.00058383,-0.00004743,-0.00146693
1973-08-03,-0.00600991,-0.00278801,-0.00220056
1973-08-06,-0.00555041,-0.00353002,-0.00438016
1973-08-07,0.00055433,0.00028384,0.00062317
1973-08-08,0.00680501,0.00649255,0.00545573
1973-08-09,0.00154401,-0.00166316,-0.00265272
1973-08-10,0.00590955,0.00439261,0.00354637
1973-08-13,0.00921967,0.00747977,0.00623788
1973-08-14,0.00478791,0.00488148,0.00436119
1973-08-15,0.00418519,0.00099317,0.00012914
1973-08-16,-0.00043265,0.00289685,0.00336111
1973-08-17,0.00304626,0.00246765,0.00205685
1973-08-20,0.00601731,0.00428574,0.00340071
1973-08-21,0.00539756,0.00492284,0.00426377
1973-08-22,0.00553557,0.00198203,0.00092277
1973-08-23,-0.00052773,-0.00502316,-0.00552646
1973-08-24,0.00094141,0.00118939,0.00111579
1973-08-27,0.00324840,-0.00095621,-0.00184272
1973-08-28,0.00677899,0.00007584,-0.00151528
1973-08-29,-0.00111927,-0.00167094,-0.00161553
1973-08-30,-0.00148906,0.00032281,0.00071474
1973-08-31,-0.00364891,-0.00261343,-0.00207856
1973-09-04,-0.00018084,-0.00177749,-0.00195698
1973-09-05,-0.00259539,-0.00269260,-0.00241638
1973-09-06,-0.00080704,-0.00253751,-0.00266414
1973-09-07,-0.00247294,0.00060035,0.00125929
1973-09-10,-0.00438946,0.00157851,0.00281222
1973-09-11,0.00561959,0.00621343,0.00577290
1973-09-12,0.00336285,0.00388621,0.00329124
1973-09-13,0.00391769,0.00058427,-0.00067345
1973-09-14,-0.00070335,-0.00406106,-0.00484811
1973-09-17,-0.00717705,-0.00211567,0.00023793
1973-09-18,-0.00318283,0.00024386,0.00042850
1973-09-19,-0.00217339,-0.00642371,-0.00560753
1973-09-20,-0.00653530,-0.00416631,-0.00100100
1973-09-21,-0.00816893,-0.00321807,-0.00100087
1973-09-24,-0.01084890,-0.00174255,0.00066229
1973-09-25,-0.00213674,-0.00223698,-0.00110164
1973-09-26,-0.00398671,-0.00378033,-0.00105663
1973-09-27,0.00045514,0.00050121,0.00072912
1973-09-28,-0.00498058,-0.00025921,0.00197221
1973-10-01,-0.00992087,-0.00225105,-0.00120122
1973-10-02,-0.01160261,-0.00338931,-0.00175296
1973-10-03,-0.00865952,-0.00006120,0.00084957
1973-10-04,0.00061130,0.00133907,0.00094204
1973-10-05,0.00151959,-0.00075261,-0.00167302
1973-10-08,-0.00345052,-0.00232889,-0.00218311
1973-10-09,0.00408296,0.00134676,0.00033786
1973-10-10,0.01242743,0.00482936,0.00207554
1973-10-11,0.00092961,-0.00195758,-0.00371268
1973-10-12,0.00292855,0.00311336,0.00162370
1973-10-15,0.00334895,0.00449097,0.00424226
1973-10-16,0.00735682,0.00333518,0.00027832
1973-10-17,0.00791738,0.00486666,0.00262379
1973-10-18,0.01013780,0.00352389,0.00098098
1973-10-19,0.00305028,0.00169963,0.00161715
1973-10-22,0.00670504,0.00441560,0.00364007
1973-10-23,0.00417764,-0.00037272,-0.00166655
1973-10-24,0.00511223,-0.00104388,-0.00177884
1973-10-25,0.00694770,0.00191646,0.00241077
1973-10-26,0.00839881,0.00101034,0.00111756
1973-10-29,0.00269177,0.00078943,-0.00093734
1973-10-30,0.00275364,0.00309885,0.00262737
1973-10-31,0.00182648,0.00377221,0.00255242
1973-11-01,0.00331484,0.00304091,0.00061919
1973-11-02,0.00485187,0.00088559,0.00148113
1973-11-05,0.00419224,0.00378364,0.00334188
1973-11-06,0.00763991,0.00435190,0.00269091
1973-11-07,0.01044041,0.00199334,0.00023889
1973-12-10,0.00906147,0.01115472,0.00927236
1973-12-11,0.00002288,0.00347804,-0.00382810
1973-12-12,0.00706716,0.00468727,-0.00433120
1973-12-13,0.00200057,0.00057866,-0.00199811
1973-12-14,0.00849227,0.00366657,0.00768104
1973-12-17,0.00249119,0.00059123,-0.00302054
1973-12-18,0.00552555,0.00703585,0.00865410
1973-12-19,0.00039151,-0.00179666,-0.00339249
1973-12-20,0.00873475,0.00075879,-0.00138982
1973-12-21,0.00474428,0.00138712,0.00024129
1973-12-24,0.01305687,0.00136169,0.00047727
1973-12-26,-0.00218605,0.00254407,0.00952248
1973-12-27,-0.00410698,-0.00196992,0.00469242
1973-12-28,0.00207383,0.00314362,0.00001844
1973-12-31,0.00150624,-0.00160729,0.00070182
1974-01-02,0.00882284,-0.00738627,-0.00179965
1974-01-03,0.00718595,-0.01270432,-0.00045635
1974-01-04,0.00461424,-0.00981753,-0.00728872
1974-01-07,0.00879437,-0.00390616,-0.00342148
1974-01-08,0.00388150,-0.00056360,-0.00792671
1974-01-09,-0.00784960,-0.00359932,-0.00967546
1974-01-10,-0.00870079,-0.00139272,-0.00282818
1974-01-11,0.00560905,0.00194390,0.00530387
1974-01-14,0.00153666,-0.00227412,-0.00285635
1974-01-15,-0.00046659,0.00040818,0.00024683
1974-01-16,-0.00120485,-0.00104592,0.00241822
1974-01-17,-0.01247629,-0.00325595,0.00498804
1974-01-18,-0.00621269,-0.00321843,-0.00498739
1974-01-21,-0.00363944,-0.00238358,0.00182556
1974-01-22,-0.00839555,-0.00259465,0.00161369
1974-01-23,-0.00777729,-0.00512283,-0.00302694
1974-01-24,0.00381601,0.00048350,0.00029294
1974-01-25,0.00228638,0.00075581,0.00176512
1974-01-28,-0.00270426,-0.00107521,-0.00262939
1974-01-29,0.00098403,-0.00076369,-0.00075747
1974-01-30,0.00121685,0.00125096,0.00273423
1974-01-31,-0.00267265,-0.00330814,-0.00300803
1974-02-01,-0.00096122,-0.00242042,-0.00412455
1974-02-04,-0.00138596,-0.00201765,-0.00756178
1974-02-05,0.00164726,-0.00041453,-0.00190982
1974-02-06,0.00181971,-0.00087269,0.00163316
1974-02-07,0.00317285,0.00048922,0.00118662
1974-02-08,0.00419964,0.00076199,-0.00781559
1974-02-11,0.00568429,0.00062028,-0.00936559
1974-02-12,0.00430532,0.00268238,0.00519009
1974-02-13,-0.00119599,-0.00097618,-0.00072395
1974-02-14,0.00432373,0.00061230,0.00099682
1974-02-15,-0.00530882,-0.00033576,0.00689263
1974-02-19,-0.00190479,0.00067371,-0.00023173
1974-02-20,-0.00346363,-0.00071388,0.00706706
1974-02-21,-0.00004664,0.00166418,0.00675044
1974-02-22,0.00265829,0.00209096,0.00442418
1974-02-25,0.00251925,-0.00052756,-0.00261493
1974-02-26,0.00020572,0.00037955,0.00625718
1974-02-27,-0.00215401,0.00085082,0.00219407
1974-02-28,-0.00326819,-0.00030054,-0.00022581
1974-03-01,0.00254191,-0.00022903,-0.00392110
1974-03-04,-0.00061411,0.00076740,0.00022604
1974-03-05,-0.02254782,-0.00484884,0.00640718
1974-03-06,-0.01425942,-0.00342088,0.00092521
1974-03-07,0.00265025,-0.00118282,-0.00568913
1974-03-08,-0.00975634,0.00015210,0.00492464
1974-03-11,-0.01048489,-0.00223254,0.00481906
1974-03-12,-0.00247090,-0.00186432,-0.00199475
1974-03-13,0.00028574,-0.00036922,-0.00080202
1974-03-14,-0.00290264,-0.00095199,-0.00344909
1974-03-15,0.00234004,0.00186122,-0.00039475
1974-03-18,-0.00183090,0.00088904,-0.00256803
1974-03-19,0.00370644,0.00346898,0.00185886
1974-03-20,-0.00071508,-0.00015445,0.00190557
1974-03-21,-0.00108069,0.00018947,-0.00239280
1974-03-22,-0.00088551,-0.00000197,-0.00079357
1974-03-25,-0.00062484,0.00046272,0.00154367
1974-03-26,0.00239829,0.00057862,0.00110538
1974-03-27,0.00358898,0.00341961,-0.00116679
1974-03-28,0.00063997,0.00169776,-0.00150351
1974-03-29,0.00224260,0.00218002,-0.00056873
1974-04-01,-0.00251468,0.00131834,-0.00148978
1974-04-02,0.00114394,0.00020453,0.00132159
1974-04-03,-0.00383070,-0.00136428,0.00162859
1974-04-04,-0.00263648,-0.00091165,0.00057798
1974-04-05,-0.00364941,-0.00037729,-0.00428559
1974-04-08,-0.00358389,-0.00018473,-0.00138853
1974-04-09,0.00341406,0.00133157,0.00535363
1974-04-10,0.00350295,0.00114926,-0.00102523
1974-04-11,0.00298233,0.00050893,-0.00230973
1974-04-15,0.00204996,0.00109003,-0.00118159
1974-04-16,0.00020901,0.00134397,0.00073002
1974-04-17,-0.00210939,0.00021256,0.00121438
1974-04-18,0.00077243,0.00097221,-0.00090722
1974-04-19,0.00319713,0.00131874,-0.00051184
1974-04-22,0.00101504,0.00018796,-0.00137008
1974-04-23,0.00024932,-0.00062315,0.00031459
1974-04-24,0.00207445,0.00069776,0.00049643
1974-04-25,0.00068604,0.00006769,-0.00083436
1974-04-26,-0.00093316,0.00015541,0.00069353
1974-04-29,0.00047471,0.00047097,-0.00029969
1974-04-30,-0.00121806,-0.00112880,-0.00242308
1974-05-01,-0.00220140,0.00044038,0.00094603
1974-05-02,-0.00211994,-0.00226556,-0.00246882
1974-05-03,0.00136109,-0.00075085,-0.00376286
1974-05-06,-0.00154165,-0.00069956,-0.00051895
1974-05-07,-0.00308152,-0.00152277,-0.00003793
1974-05-08,0.00001997,0.00070623,0.00082922
1974-05-09,-0.00487312,-0.00188213,0.00031288
1974-05-10,0.00775453,0.00046873,-0.00344697
1974-05-13,0.00227641,0.00027093,-0.00027126
1974-05-14,-0.00464910,-0.00266835,-0.00144799
1974-05-15,-0.00366051,-0.00209134,-0.00248330
1974-05-16,0.00242962,-0.00110913,-0.00056582
1974-05-17,0.00407407,-0.00053818,-0.00137256
1974-05-20,-0.00149604,-0.00123371,0.00041636
1974-05-21,-0.00502565,-0.00164088,0.00079176
1974-05-22,-0.00241117,-0.00243750,0.00080540
1974-05-23,-0.00356463,-0.00011407,0.00311204
1974-05-24,-0.00402485,0.00204824,0.00322106
1974-05-28,0.00366941,0.00167659,0.00233987
1974-05-29,0.00086421,-0.00394499,-0.00269378
1974-05-30,0.00229311,0.00389538,0.00228495
1974-05-31,0.00195992,0.00142791,0.00175947
1974-06-03,-0.00269656,0.00256388,0.00297397
1974-06-04,0.00089822,0.00274902,0.00126733
1974-06-05,0.00173443,0.00170380,-0.00035096
1974-06-06,-0.00664649,0.00023861,0.00620125
1974-06-07,0.00122681,0.00112327,0.00293133
1974-06-10,-0.00392401,-0.00180121,0.00016428
1974-06-11,0.00574996,0.00090536,-0.00131444
1974-06-12,-0.00342413,-0.00348445,-0.00334486
1974-06-13,-0.00311715,-0.00207410,-0.00239265
1974-06-14,0.00711635,0.00248026,-0.00037489
1974-06-17,0.00832637,0.00126832,-0.00274417
1974-06-18,0.00217995,-0.00104782,-0.00318509
1974-06-19,0.00587952,0.00250203,0.00051908
1974-06-20,0.00099189,-0.00081715,-0.00165154
1974-06-21,0.00387898,-0.00077964,-0.00376470
1974-06-24,-0.00118205,-0.00010518,0.00021688
1974-06-25,-0.00831157,-0.00340615,-0.00246315
1974-06-26,0.00948130,0.00364144,0.00138825
1974-06-27,0.00570492,-0.00014449,-0.00330453
1974-06-28,0.00397325,0.00153961,0.00088146
1974-07-01,0.00049596,0.00006903,0.00067140
1974-07-02,0.01099994,0.00303105,0.00159786
1974-07-03,0.00311804,0.00242815,0.00176366
1974-07-05,0.00498158,0.00324048,0.00310191
1974-07-08,0.01916611,0.00540663,0.00029150
1974-07-09,-0.00346022,-0.00231474,-0.00218805
1974-07-10,0.00961025,0.00395093,0.00175580
1974-07-11,0.00826492,0.00172871,-0.00267326
1974-07-12,0.01507537,0.01076099,0.00537875
1974-07-15,0.00524159,0.00296884,0.00000908
1974-07-16,0.00376142,0.00022454,-0.00214152
1974-07-17,0.01178256,0.00826693,0.00316729
1974-07-18,0.00106962,0.00003892,-0.00152520
1974-07-19,0.00431794,0.00242578,-0.00077742
1974-07-22,0.00214932,0.00196609,0.00105577
1974-07-23,0.00463859,0.00494593,0.00480272
1974-07-24,0.00182046,0.00235915,0.00139830
1974-07-25,0.00142266,-0.00025964,-0.00238089
1974-07-26,0.00211719,-0.00090762,-0.00150943
1974-07-29,-0.00095418,-0.00330752,-0.00384912
1974-07-30,-0.00155069,-0.00283381,-0.00396454
1974-07-31,0.00254499,-0.00180990,-0.00409985
1974-08-01,-0.00052236,-0.00195909,-0.00346648
1974-08-02,0.00223937,0.00121390,0.00035803
1974-08-05,-0.00129601,0.00081698,0.00140233
1974-08-06,-0.00010383,0.00265072,0.00339616
1974-08-07,-0.00176081,0.00274219,0.00402034
1974-08-08,0.00460237,0.00077740,0.00038029
1974-08-09,0.00518471,0.00017133,-0.00164173
1974-08-12,0.00835878,0.00204622,-0.00119741
1974-08-13,0.00779632,0.00333457,-0.00120688
1974-08-14,0.01027951,0.00507812,-0.00267933
1974-08-15,0.00135767,-0.00056348,-0.00357066
1974-08-16,0.00627090,0.00161848,-0.00199875
1974-08-19,0.00875753,0.00258610,0.00067075
1974-08-20,-0.00289390,-0.00162515,-0.00241110
1974-08-21,0.00990733,0.00343191,-0.00116767
1974-08-22,0.00216583,0.00127092,-0.00386321
1974-08-23,0.00666232,0.00143439,-0.00419330
1974-08-26,-0.00828419,-0.00452438,-0.00183394
1974-08-27,0.00901755,0.00202982,-0.00090670
1974-08-28,0.00316476,0.00069035,0.00073884
1974-08-29,0.00845332,0.00216649,-0.00151212
1974-08-30,-0.01517566,-0.00208567,0.00152448
1974-09-03,0.01351002,0.00527900,0.00035254
1974-09-04,0.01401735,0.00458984,-0.00047801
1974-09-05,-0.01604172,-0.00487150,-0.00115563
1974-09-06,-0.00202998,0.00041686,0.00307403
1974-09-09,0.01335212,0.00457217,0.00335243
1974-09-10,0.00155822,0.00136774,0.00327930
1974-09-11,0.00659523,0.00307086,0.00390184
1974-09-12,0.01383703,0.00406612,0.00447072
1974-09-13,0.01564590,0.00552977,-0.00392083
1974-09-16,-0.00764589,-0.00174108,-0.00163456
1974-09-17,-0.00029523,0.00232093,0.00257584
1974-09-18,-0.00103844,-0.00196315,0.00008118
1974-09-19,-0.00422802,0.00189172,0.00356142
1974-09-20,0.00596331,0.00245591,0.00335492
1974-09-23,0.00680627,0.00270452,0.00027467
1974-09-24,0.00854968,0.00277039,-0.00108715
1974-09-25,0.00567427,0.00152667,-0.00040712
1974-09-26,0.00385341,0.00176699,-0.00077909
1974-09-27,0.01229982,0.00363444,0.00214321
1974-09-30,0.01188662,0.00220031,0.00050071
1974-10-01,0.00234838,-0.00077619,-0.00232886
1974-10-02,0.00175646,0.00186159,0.00054650
1974-10-03,0.00483304,0.00136028,-0.00439913
1974-10-04,0.00456724,0.00189875,-0.00078707
1974-10-07,-0.01280526,0.00008472,0.00533424
1974-10-08,0.00055945,0.00069848,-0.00117492
1974-10-09,-0.02745564,-0.00546731,0.00038900
1974-10-10,-0.00920177,-0.00125534,0.00313530
1974-10-11,0.00026471,0.00250096,0.00634541
1974-10-14,0.00035879,0.00129860,0.00690118
1974-10-15,0.01668468,0.00547733,-0.00509211
1974-10-16,0.00077184,0.00132095,-0.00389208
1974-10-17,-0.01878925,-0.00508701,-0.00286516
1974-10-18,-0.00728230,0.00064704,-0.00066305
1974-10-21,-0.01909796,-0.00488513,-0.00187694
1974-10-22,0.00720183,0.00208325,0.00054061
1974-10-23,0.01562234,0.00415185,-0.00626689
1974-10-24,0.00562079,0.00494794,-0.00787138
1974-10-25,-0.00255545,0.00128117,-0.00092204
1974-10-28,-0.00399240,0.00085395,-0.00307983
1974-10-29,-0.02233081,-0.00457815,0.00472628
1974-10-30,-0.00532867,0.00091903,0.00257809
1974-10-31,0.00495725,0.00236854,0.00255631
1974-11-01,-0.00038522,-0.00058212,0.00006085
1974-11-04,0.00604764,0.00122679,-0.00188418
1974-11-05,-0.02211762,-0.00572682,0.00435419
1974-11-06,0.00765082,0.00262642,0.00164615
1974-11-07,-0.01028598,-0.00651603,-0.00256458
1974-11-08,0.00661651,0.00425955,0.00108502
1974-11-11,0.00050776,-0.00102006,-0.00025181
1974-11-12,0.02206448,0.00998225,0.00429752
1974-11-13,0.00067825,-0.00040562,-0.00396220
1974-11-14,0.00346610,0.00260588,0.00303917
1974-11-15,0.01253791,0.00605710,0.00287301
1974-11-18,0.03568781,0.01490927,0.00483117
1974-11-19,0.01077753,0.00434884,0.00253570
1974-11-20,-0.00059050,-0.00107100,-0.00406879
1974-11-21,-0.01489302,-0.00754794,-0.00526467
1974-11-22,-0.01546474,-0.00532028,-0.00219783
1974-11-25,-0.00318571,-0.00297646,-0.00223356
1974-11-26,-0.01685090,-0.00722901,-0.00306797
1974-11-27,-0.00716348,-0.00172801,-0.00038392
1974-11-29,-0.00361708,-0.00177926,-0.00145941
1974-12-02,0.02457441,0.00959662,0.00336405
1974-12-03,0.01159844,0.00335745,0.00115508
1974-12-04,-0.00815311,-0.00329849,-0.00327089
1974-12-05,0.01802954,0.00731352,0.00327811
1974-12-06,0.01503602,0.00711195,0.00221689
1974-12-09,-0.00353802,-0.00281632,-0.00168470
1974-12-10,-0.00919256,-0.00181047,0.00597345
1974-12-11,0.00251343,0.00230876,0.00358237
1974-12-12,0.00514199,0.00226745,0.00020662
1974-12-13,0.00377237,0.00280090,0.00016880
1974-12-16,0.00443767,0.00348792,0.00025393
1974-12-17,-0.00828471,-0.00218233,0.00114712
1974-12-18,-0.00547615,-0.00173855,-0.00186287
1974-12-19,0.00223177,0.00086237,-0.00061191
1974-12-20,0.00704248,0.00379410,-0.00011001
1974-12-23,0.00542502,0.00307865,-0.00136660
1974-12-24,-0.00329954,-0.00146121,0.00300517
1974-12-26,0.00045473,0.00070361,0.00266582
1974-12-27,0.00285813,0.00143118,0.00020881
1974-12-30,-0.00299071,-0.00115949,0.00158870
1974-12-31,-0.00260099,-0.00259123,0.00553854
1975-01-02,0.00140635,0.00223814,0.00925951
1975-01-03,0.00449369,0.00308301,0.00534465
1975-01-06,0.00783063,0.00368379,0.00515749
1975-01-07,0.00226127,-0.00071743,-0.00026093
1975-01-08,0.01069645,0.00489681,-0.00063574
1975-01-09,-0.00960243,-0.00544132,-0.00387272
1975-01-10,-0.01681176,-0.00010219,-0.00288992
1975-01-13,-0.00230729,0.00448594,-0.00030317
1975-01-14,0.00528056,0.00220271,0.00207892
1975-01-15,-0.00082994,-0.00380950,0.00222096
1975-01-16,-0.00621035,-0.00400708,0.00047866
1975-01-17,0.00478709,0.00034866,0.00377995
1975-01-20,0.00417251,0.00238499,-0.00274750
1975-01-21,0.00231391,0.00556052,-0.00101251
1975-01-22,-0.00623756,-0.00361614,-0.00153067
1975-01-23,-0.00192232,0.00128350,0.00088662
1975-01-24,-0.00615552,0.00124683,-0.00173846
1975-01-27,-0.02073262,-0.00088480,-0.00811611
1975-01-28,-0.00648808,0.00128266,-0.00685054
1975-01-29,-0.01148034,-0.00095587,-0.00353279
1975-01-30,0.00312716,0.00180399,-0.00105661
1975-01-31,-0.00463573,0.00122967,-0.00262674
1975-02-03,-0.00827895,-0.00127184,-0.00049086
1975-02-04,0.00256904,-0.00222767,0.00446174
1975-02-05,-0.00567702,-0.00310750,-0.00272656
1975-02-06,0.00163243,0.00005670,0.00213003
1975-02-07,0.00502830,0.00019182,-0.00338513
1975-02-10,0.00832079,0.00089627,0.00143763
1975-02-11,-0.00190300,-0.00196746,-0.00090079
1975-02-12,-0.01444651,-0.00550963,-0.00189305
1975-02-13,-0.00566461,-0.00117488,-0.00041113
1975-02-14,0.00036645,-0.00113745,-0.00119742
1975-02-18,0.01336735,0.00400138,0.00380420
1975-02-19,0.00112128,-0.00008022,0.00009032
1975-02-20,-0.00431694,-0.00312710,0.00059257
1975-02-21,-0.00477516,0.00074727,-0.00131026
1975-02-24,0.00700364,0.00718849,-0.00163222
1975-02-25,0.01715285,0.00801331,0.00249883
1975-02-26,-0.00650312,-0.00697620,-0.00084191
1975-02-27,-0.00894094,-0.00312128,-0.00326632
1975-02-28,-0.00712882,-0.00069695,0.00071418
1975-03-03,-0.01795472,-0.00557702,-0.00124568
1975-03-04,-0.00789549,0.00190236,-0.00121723
1975-03-05,0.00498853,0.00529752,-0.00099053
1975-03-06,-0.00848340,-0.00313073,-0.00060905
1975-03-07,-0.00880299,0.00091398,-0.00284959
1975-03-10,-0.00720118,0.00380643,-0.00135991
1975-03-11,0.01390753,0.00911553,0.00244278
1975-03-12,0.00983092,0.00423944,-0.00129935
1975-03-13,-0.00616622,-0.00438963,-0.00320323
1975-03-14,-0.00683624,-0.00512085,-0.00073751
1975-03-17,-0.00386396,-0.00184021,0.00354214
1975-03-18,0.01136943,0.00872351,0.00039318
1975-03-19,0.00602609,0.00262177,0.00031988
1975-03-20,0.00222053,0.00302882,-0.00036717
1975-03-21,-0.00008644,-0.00018808,-0.00123396
1975-03-24,0.01823628,0.01002215,-0.00168543
1975-03-25,-0.00837783,-0.00665016,-0.00046622
1975-03-26,-0.01087912,-0.00826911,-0.00246079
1975-03-27,-0.00114055,-0.00037566,-0.00028383
1975-03-31,0.00685372,0.00405982,0.00064616
1975-04-01,0.00376584,0.00337311,0.00086804
1975-04-02,0.00211683,0.00116290,-0.00239324
1975-04-03,0.00690446,0.00269933,-0.00137547
1975-04-04,0.00221655,0.00096455,-0.00074983
1975-04-07,0.00308305,0.00117628,-0.00171921
1975-04-08,-0.00428971,-0.00301956,-0.00009058
1975-04-09,-0.01530396,-0.01166246,-0.00404344
1975-04-10,-0.00182687,-0.00199844,0.00071997
1975-04-11,-0.00562263,-0.00452408,-0.00383735
1975-04-14,-0.00715986,-0.00652091,-0.00605204
1975-04-15,0.00359032,0.00061255,0.00067941
1975-04-16,0.00022183,-0.00231017,-0.00272491
1975-04-17,-0.00038692,-0.00245737,-0.00075722
1975-04-18,0.00427895,0.00348086,0.00106093
1975-04-21,0.00489827,0.00029264,-0.00285844
1975-04-22,0.00262983,0.00277015,0.00347433
1975-04-23,0.00183274,0.00312346,0.00315348
1975-04-24,0.00337773,0.00085086,0.00064723
1975-04-25,-0.00101315,-0.00213550,-0.00258323
1975-04-28,-0.00038494,-0.00013602,0.00005270
1975-04-29,-0.00224798,0.00063151,0.00293923
1975-04-30,-0.00672963,-0.00545814,-0.00221844
1975-05-01,-0.00397849,-0.00202513,0.00042363
1975-05-02,-0.00122806,-0.00225178,-0.00288199
1975-05-05,-0.00336856,-0.00357659,-0.00361862
1975-05-06,0.00668074,0.00563950,0.00214720
1975-05-07,-0.00066343,-0.00316617,-0.00467633
1975-05-08,0.00373487,-0.00151281,-0.00459793
1975-05-09,-0.00707881,-0.00325783,0.00051383
1975-05-12,0.00795839,0.00468974,0.00082228
1975-05-13,0.00168633,-0.00020481,0.00032966
1975-05-14,-0.00153673,-0.00089604,-0.00094989
1975-05-15,0.00500696,0.00376834,0.00091508
1975-05-16,0.00305184,0.00287460,0.00185385
1975-05-19,0.00075881,-0.00106276,-0.00041174
1975-05-20,-0.00002383,-0.00045370,-0.00033283
1975-05-21,0.00649974,0.00438713,0.00201619
1975-05-22,-0.00643384,-0.00562293,-0.00087571
1975-05-23,-0.01206258,-0.00849613,-0.00294465
1975-05-27,0.00473892,0.00201418,0.00031434
1975-05-28,0.00654869,0.00343271,0.00131413
1975-05-29,-0.00078419,-0.00097733,-0.00095513
1975-05-30,-0.00941807,-0.00820375,-0.00394538
1975-06-02,-0.00316177,-0.00396843,-0.00234078
1975-06-03,0.00204531,0.00022104,-0.00035658
1975-06-04,0.00723437,0.00368613,-0.00056187
1975-06-05,0.00232991,0.00053278,-0.00144627
1975-06-06,0.00395971,0.00242942,-0.00079425
1975-06-09,0.01235879,0.01032863,0.00311258
1975-06-10,0.00011390,0.00062990,0.00375272
1975-06-11,0.00562674,0.00131774,-0.00076887
1975-06-12,0.00816387,0.00341003,0.00013513
1975-06-13,-0.00034866,-0.00125004,-0.00216217
1975-06-16,-0.00018248,-0.00237763,-0.00172359
1975-06-17,0.00623692,0.00271987,0.00063128
1975-06-18,-0.00133463,-0.00077664,-0.00060214
1975-06-19,-0.00515409,-0.00352295,-0.00461233
1975-06-20,-0.00818445,-0.00417308,-0.00197563
1975-06-23,-0.00312180,-0.00074494,-0.00176700
1975-06-24,-0.00019642,-0.00129807,-0.00117050
1975-06-25,0.00094071,0.00156827,-0.00102642
1975-06-26,0.00513399,0.00123289,0.00003165
1975-06-27,0.00095514,0.00067594,0.00064544
1975-06-30,0.00345401,0.00191342,-0.00324838
1975-07-01,0.00327695,0.00187421,0.00136662
1975-07-02,0.00382833,0.00269602,0.00170710
1975-07-03,-0.00134785,-0.00001304,-0.00250933
1975-07-07,0.00349208,0.00251937,0.00172848
1975-07-08,0.00342488,0.00199013,-0.00058350
1975-07-09,-0.00376124,-0.00288628,-0.00540528
1975-07-10,-0.00545233,-0.00338842,0.00114720
1975-07-11,-0.00411812,-0.00322679,-0.00138774
1975-07-14,-0.00036570,-0.00015667,-0.00059535
1975-07-15,0.00058667,-0.00094771,-0.00189307
1975-07-16,0.00543534,-0.00054918,-0.00227890
1975-07-17,0.00288913,-0.00121702,-0.00353715
1975-07-18,-0.00552722,-0.00318508,-0.00101299
1975-07-21,0.00234966,-0.00125940,-0.00234002
1975-07-22,0.00473749,0.00089454,-0.00166241
1975-07-23,0.00848620,0.00171439,-0.00300607
1975-07-24,0.00360355,0.00213061,0.00089123
1975-07-25,0.00245882,-0.00036665,-0.00256143
1975-07-28,0.00393993,0.00051254,-0.00084186
1975-07-29,0.00792775,0.00286898,-0.00044597
1975-07-30,-0.00516417,0.00032689,0.00051321
1975-07-31,-0.00148729,-0.00130059,-0.00108078
1975-08-01,0.00333142,-0.00038665,-0.00212104
1975-08-04,0.00334380,0.00072335,-0.00158201
1975-08-05,0.00239195,-0.00067001,-0.00027473
1975-08-06,0.00138004,0.00140625,0.00115676
1975-08-07,0.00207721,0.00068114,0.00004525
1975-08-08,0.00075943,0.00257540,0.00107347
1975-08-11,0.00153963,-0.00133523,0.00091135
1975-08-12,0.00371876,-0.00152371,0.00180230
1975-08-13,-0.00430785,0.00155495,-0.00217820
1975-08-14,-0.00382213,-0.00171193,-0.00060198
1975-08-15,0.00251980,-0.00329476,0.00012809
1975-08-18,-0.00140450,-0.00083983,0.00003424
1975-08-19,-0.00373355,0.00220880,-0.00146155
1975-08-20,-0.00381857,0.00364934,-0.00179593
1975-08-21,0.00157558,0.00028389,0.00149286
1975-08-22,0.00530549,-0.00251607,0.00188216
1975-08-25,0.00334507,-0.00138147,0.00062731
1975-08-26,-0.00498401,0.00074594,-0.00188736
1975-08-27,0.00223058,-0.00104284,0.00026336
1975-08-28,0.00653200,-0.00555569,0.00233132
1975-08-29,0.00442361,0.00039310,0.00073086
1975-09-02,-0.01013510,0.00015144,-0.00249058
1975-09-03,-0.00060153,-0.00508711,-0.00002317
1975-09-04,-0.00175442,-0.00218506,-0.00091646
1975-09-05,-0.00245812,-0.00034982,-0.00146136
1975-09-08,-0.00164057,-0.00121829,0.00031555
1975-09-09,-0.00383945,-0.00169382,0.00281016
1975-09-10,0.00073832,0.00044128,0.00084892
1975-09-11,-0.00032302,-0.00050196,-0.00168048
1975-09-12,0.00092995,0.00028626,0.00103895
1975-09-15,0.00127707,0.00031025,-0.00054421
1975-09-16,-0.00136113,-0.00065769,0.00149950
1975-09-17,-0.00152285,-0.00094128,-0.00022933
1975-09-18,0.00237082,-0.00045040,-0.00231435
1975-09-19,0.01070836,0.00522388,-0.00225029
1975-09-22,-0.00359884,-0.00049064,-0.00121938
1975-09-23,-0.00714511,-0.00348412,0.00141068
1975-09-24,0.00505515,0.00167906,-0.00094977
1975-09-25,-0.00229085,0.00010616,0.00046496
1975-09-26,0.00365516,0.00258010,-0.00012198
1975-09-29,-0.00192482,-0.00004342,0.00015722
1975-09-30,-0.00473717,-0.00140048,0.00252220
1975-10-01,0.00250994,0.00302536,0.00118025
1975-10-02,0.00001590,-0.00122578,-0.00027602
1975-10-03,0.00631369,0.00192086,-0.00196987
1975-10-06,-0.00037802,-0.00082439,-0.00222533
1975-10-07,-0.00052209,-0.00022628,0.00045515
1975-10-08,0.00035346,-0.00009293,0.00101296
1975-10-09,0.00600982,0.00419300,-0.00106921
1975-10-10,0.00149557,0.00110992,-0.00008956
1975-10-13,0.00239535,-0.00008194,-0.00108769
1975-10-14,0.00487126,0.00301702,-0.00155419
1975-10-15,-0.00124710,0.00018433,-0.00051328
1975-10-16,0.00600305,0.00398131,-0.00109096
1975-10-17,-0.00165711,-0.00037415,0.00126446
1975-10-20,-0.00155128,-0.00176854,-0.00036462
1975-10-21,0.00312168,0.00175573,-0.00298083
1975-10-22,0.00559100,0.00305279,-0.00133406
1975-10-23,-0.00072026,-0.00026082,-0.00115229
1975-10-24,-0.00351546,0.00027480,0.00041946
1975-10-27,-0.00360194,-0.00246837,0.00008100
1975-10-28,0.00133764,0.00074632,-0.00044899
1975-10-29,-0.00500423,-0.00095225,0.00047472
1975-10-30,-0.00205780,-0.00067300,-0.00028881
1975-10-31,-0.00300157,-0.00172935,0.00037925
1975-11-03,-0.00650522,-0.00239428,0.00019364
1975-11-04,0.00251670,0.00096099,-0.00054243
1975-11-05,0.00431799,0.00255433,-0.00228584
1975-11-06,-0.00762175,-0.00087044,0.00024826
1975-11-07,-0.00388956,0.00067731,-0.00027071
1975-11-10,-0.00086534,0.00068199,0.00057875
1975-11-11,-0.00058838,-0.00101901,-0.00136625
1975-11-12,0.00470032,-0.00064037,-0.00041135
1975-11-13,0.00690926,0.00300228,-0.00080876
1975-11-14,0.00036234,-0.00017067,0.00050689
1975-11-17,0.00306698,0.00156528,-0.00108601
1975-11-18,-0.00228405,0.00279498,-0.00170144
1975-11-19,0.00058873,0.00223030,0.00049344
1975-11-20,-0.00012617,0.00002798,-0.00194289
1975-11-21,0.00349945,0.00098965,-0.00077585
1975-11-24,0.00078148,-0.00168398,-0.00043140
1975-11-25,0.00160368,-0.00007727,0.00031220
1975-11-26,0.00613236,0.00315808,-0.00013247
1975-11-28,0.00231381,0.00186025,-0.00013677
1975-12-01,-0.00191086,0.00005278,-0.00104744
1975-12-02,-0.00253000,0.00241571,0.00066743
1975-12-03,0.00155093,0.00158831,0.00053366
1975-12-04,0.00071005,-0.00087400,0.00051998
1975-12-05,-0.00055271,-0.00009744,-0.00018261
1975-12-08,-0.00563402,-0.00119868,-0.00025297
1975-12-09,-0.00438923,-0.00296998,-0.00037089
1975-12-10,0.00822868,0.00169122,-0.00104787
1975-12-11,0.00136146,0.00040236,0.00066861
1975-12-12,0.00026214,0.00063890,-0.00015618
1975-12-15,-0.00162867,-0.00220403,0.00004528
1975-12-16,0.00638685,0.00039947,-0.00068090
1975-12-17,0.00559798,0.00278606,-0.00038061
1975-12-18,0.00907947,0.00404762,-0.00063977
1975-12-19,0.00282912,0.00207508,0.00150297
1975-12-22,-0.00314399,-0.00097764,-0.00023818
1975-12-23,0.00292030,0.00204602,-0.00206449
1975-12-24,0.00811983,0.00471679,-0.00033455
1975-12-26,0.00836071,0.00506824,-0.00140770
1975-12-29,-0.00444953,-0.00142418,-0.00020205
1975-12-30,-0.00530601,-0.00238032,-0.00090056
1975-12-31,0.01464870,0.01086701,-0.00176457
1976-01-02,0.00997873,0.00836649,-0.00210375
1976-01-05,0.01232880,0.00981728,-0.00103496
1976-01-06,0.00764385,0.00564581,0.00021028
1976-01-07,0.00297036,0.00197951,0.00106292
1976-01-08,-0.00171866,0.00112117,0.00224969
1976-01-09,0.00717308,0.00536574,-0.00268209
1976-01-12,0.00533804,-0.00095871,0.00134184
1976-01-13,0.00051436,0.00390497,-0.00091337
1976-01-14,0.00571765,0.00108972,-0.00018059
1976-01-15,0.00046484,0.00238416,-0.00239507
1976-01-16,0.00283877,0.00120170,-0.00132371
1976-01-19,0.00256589,0.00202276,-0.00045978
1976-01-20,-0.00504093,-0.00219911,0.00313535
1976-01-21,-0.00047958,-0.00098039,0.00147959
1976-01-22,0.00878873,0.00148363,0.00061214
1976-01-23,0.00799163,0.00184320,-0.00001854
1976-01-26,0.00601762,0.00560481,-0.00202412
1976-01-27,-0.00032991,0.00125340,-0.00164111
1976-01-28,0.00012064,-0.00037078,0.00070217
1976-01-29,0.00533637,0.00268676,0.00032141
1976-01-30,0.00255045,0.00407104,-0.00233670
1976-02-02,0.00319297,0.00092273,-0.00167309
1976-02-03,0.00006012,0.00124599,-0.00186154
1976-02-04,0.00303972,0.00367104,-0.00308318
1976-02-05,-0.00266575,0.00341231,-0.00247528
1976-02-06,-0.00298310,-0.00207677,0.00378887
1976-02-09,0.00519545,0.00307896,0.00069759
1976-02-10,-0.00097868,-0.00000713,-0.00240293
1976-02-11,-0.00374365,-0.00164208,-0.00359547
1976-02-12,0.00276768,0.00044389,-0.00211068
1976-02-13,0.00523065,0.00124326,-0.00176607
1976-02-17,0.00037965,-0.00024099,-0.00072598
1976-02-18,0.00798369,0.00405297,-0.00278532
1976-02-19,0.00260960,0.00261338,-0.00263968
1976-02-20,0.00380395,0.00203649,-0.00277784
1976-02-23,-0.00380144,-0.00138321,0.00079131
1976-02-24,0.00434333,0.00234439,-0.00018722
1976-02-25,0.00190322,0.00011429,-0.00001586
1976-02-26,-0.00503308,-0.00537321,0.00207637
1976-02-27,-0.00013594,-0.00081851,0.00299650
1976-03-01,0.00292195,0.00206421,0.00072283
1976-03-02,0.00378519,0.00096777,-0.00148452
1976-03-03,-0.00494837,-0.00299527,0.00092741
1976-03-04,0.00005791,-0.00208701,0.00161411
1976-03-05,0.00440105,0.00246588,0.00127110
1976-03-08,0.00433819,0.00284107,0.00041914
1976-03-09,-0.00181165,0.00011305,0.00289691
1976-03-10,0.00098553,0.00112425,0.00051838
1976-03-11,0.00172768,0.00164722,-0.00132684
1976-03-12,0.00339662,0.00025378,-0.00001098
1976-03-15,0.00240609,-0.00020457,0.00138852
1976-03-16,-0.00064199,0.00127432,0.00085768
1976-03-17,0.00089225,0.00056173,-0.00112872
1976-03-18,0.00080486,0.00050254,0.00157111
1976-03-19,0.00202690,0.00115282,0.00014088
1976-03-22,-0.00041837,0.00000537,0.00024450
1976-03-23,-0.00020613,0.00082413,-0.00058455
1976-03-24,-0.00116519,0.00095103,-0.00002416
1976-03-25,0.00002000,-0.00040004,0.00078231
1976-03-26,-0.00156952,-0.00090805,-0.00084703
1976-03-29,0.00373145,0.00122648,-0.00022639
1976-03-30,-0.00038803,-0.00121940,0.00040994
1976-03-31,-0.00152805,-0.00039838,-0.00010295
1976-04-01,-0.00360701,-0.00187527,-0.00040331
1976-04-02,-0.00101422,-0.00028517,-0.00041002
1976-04-05,-0.00190670,-0.00033327,-0.00189132
1976-04-06,0.00173201,0.00044417,-0.00055776
1976-04-07,0.00433830,-0.00058387,0.00416692
1976-04-08,0.00177534,-0.00122777,0.00211114
1976-04-09,0.00260854,-0.00041143,0.00274572
1976-04-12,0.00316190,0.00077458,0.00093349
1976-04-13,-0.00246054,-0.00073371,-0.00089343
1976-04-14,0.00164213,0.00062233,0.00132692
1976-04-15,-0.00099896,-0.00035598,-0.00109624
1976-04-19,-0.00130511,-0.00007954,-0.00222243
1976-04-20,-0.00351811,0.00011033,-0.00498002
1976-04-21,-0.00207033,0.00034406,-0.00112204
1976-04-22,0.00039479,0.00037123,0.00098208
1976-04-23,0.00298610,-0.00029969,0.00114300
1976-04-26,-0.00169352,-0.00046400,-0.00049783
1976-04-27,0.00019767,-0.00106694,0.00094221
1976-04-28,0.00017834,0.00057392,0.00053579
1976-04-29,-0.00069832,0.00013429,0.00100587
1976-04-30,0.00213854,0.00113731,0.00097642
1976-05-03,0.00437800,0.00066527,0.00132308
1976-05-04,0.00238926,0.00305035,-0.00146391
1976-05-05,0.00042696,-0.00040496,0.00063257
1976-05-06,0.00186202,0.00182340,-0.00084862
1976-05-07,-0.00101123,0.00082404,-0.00038433
1976-05-10,0.00419898,0.00100680,-0.00300688
1976-05-11,0.00128685,0.00103050,0.00002689
1976-05-12,0.00038254,0.00023079,0.00020509
1976-05-13,-0.00021154,0.00015348,0.00145772
1976-05-14,-0.00119273,-0.00123336,0.00014111
1976-05-17,-0.00184116,-0.00112359,0.00030854
1976-05-18,-0.00017891,-0.00030415,-0.00001050
1976-05-19,0.00090467,0.00065217,0.00083069
1976-05-20,-0.00038586,-0.00030563,-0.00182040
1976-05-21,0.00063776,0.00104825,0.00131616
1976-05-24,0.00156626,-0.00043104,0.00239031
1976-05-25,-0.00258626,-0.00089955,0.00075935
1976-05-26,0.00284272,0.00301352,0.00028912
1976-05-27,-0.00058600,-0.00002201,0.00058309
1976-05-28,0.00080363,0.00030127,-0.00178559
1976-06-01,-0.00163293,-0.00089426,0.00056405
1976-06-02,0.00321138,0.00224734,-0.00031456
1976-06-03,0.00088214,0.00082683,0.00036190
1976-06-04,0.00226169,0.00126604,0.00171126
1976-06-07,0.00086808,0.00066537,0.00163228
1976-06-08,-0.00065471,-0.00230102,-0.00113253
1976-06-09,0.00225980,-0.00000332,-0.00063796
1976-06-10,0.00196143,-0.00168404,-0.00255178
1976-06-11,0.00411730,-0.00187410,-0.00341986
1976-06-14,0.00074900,-0.00158979,-0.00232515
1976-06-15,0.00279500,0.00242810,0.00024629
1976-06-16,0.00179743,0.00136630,-0.00155409
1976-06-17,0.00389709,-0.00131825,-0.00316498
1976-06-18,0.00078363,0.00041037,-0.00081969
1976-06-21,-0.00045234,-0.00090278,-0.00114911
1976-06-22,-0.00104403,0.00106164,0.00142634
1976-06-23,-0.00124325,-0.00051002,0.00058671
1976-06-24,0.00094647,0.00038364,-0.00033534
1976-06-25,0.00056458,0.00068364,0.00001148
1976-06-28,-0.00116964,0.00007537,0.00125264
1976-06-29,0.00007171,0.00000927,-0.00073523
1976-06-30,0.00354277,0.00230073,-0.00016506
1976-07-01,0.00159149,0.00256615,0.00113704
1976-07-02,-0.00139757,0.00030518,-0.00070824
1976-07-06,-0.00089483,-0.00099758,0.00003462
1976-07-07,0.00088273,0.00026341,-0.00129051
1976-07-08,0.00075825,0.00013054,-0.00025688
1976-07-09,-0.00204190,-0.00038784,0.00101836
1976-07-12,0.00213448,0.00061913,0.00055703
1976-07-13,0.00806567,0.00531810,0.00275167
1976-07-14,-0.00144086,0.00107080,0.00125409
1976-07-15,-0.00090398,0.00084287,0.00029281
1976-07-16,0.00135915,0.00104685,0.00014966
1976-07-19,0.00214858,0.00117506,0.00141939
1976-07-20,0.00669756,0.00227552,0.00018982
1976-07-21,-0.00161062,-0.00088916,-0.00015289
1976-07-22,-0.00186461,-0.00106690,-0.00094479
1976-07-23,-0.00157512,-0.00087808,-0.00014315
1976-07-26,0.00231705,0.00110326,0.00128280
1976-07-27,0.00430052,0.00246403,0.00122869
1976-07-28,0.00396717,0.00253978,0.00188370
1976-07-29,0.00134591,0.00129079,0.00145128
1976-07-30,-0.00033605,-0.00074936,0.00042098
1976-08-02,0.00228631,0.00069232,0.00031114
1976-08-03,-0.00287552,-0.00250227,0.00024949
1976-08-04,-0.00258542,-0.00115722,0.00016478
1976-08-05,0.00493502,0.00308482,0.00095552
1976-08-06,0.00196265,-0.00084370,-0.00115034
1976-08-09,0.00270246,-0.00005365,0.00052008
1976-08-10,-0.00126583,0.00213812,0.00043324
1976-08-11,0.00014761,-0.00228308,0.00007938
1976-08-12,-0.00013276,-0.00116051,0.00039007
1976-08-13,-0.00103055,-0.00030717,0.00009377
1976-08-16,0.00069172,0.00094661,0.00031743
1976-08-17,-0.00103198,0.00060165,0.00067256
1976-08-18,0.00318999,-0.00116134,0.00173716
1976-08-19,0.00407231,-0.00315043,0.00136071
1976-08-20,0.00554193,-0.00185804,0.00150637
1976-08-23,-0.00000813,-0.00131075,0.00082526
1976-08-24,0.00181369,-0.00144146,-0.00058020
1976-08-25,-0.00218357,0.00423706,0.00082311
1976-08-26,-0.00355935,-0.00348404,0.00016220
1976-08-27,-0.00117653,0.00060365,-0.00033834
1976-08-30,0.00005858,0.00253308,0.00032530
1976-08-31,0.00008746,0.00313440,-0.00044114
1976-09-01,-0.00038501,0.00423755,-0.00072205
1976-09-02,-0.00274636,-0.00172305,-0.00100834
1976-09-03,-0.00133597,0.00134698,-0.00061000
1976-09-07,0.00080323,-0.00096577,-0.00250322
1976-09-08,0.00168883,0.00037770,-0.00078463
1976-09-09,0.00228774,0.00086703,0.00077601
1976-09-10,-0.00092296,-0.00068126,-0.00095944
1976-09-13,0.00074422,0.00022940,-0.00015606
1976-09-14,-0.00171190,-0.00156030,-0.00084461
1976-09-15,-0.00126796,-0.00079536,-0.00024697
1976-09-16,-0.00178862,-0.00070123,-0.00041215
1976-09-17,0.00194365,0.00142056,0.00039270
1976-09-20,0.00012045,-0.00000527,0.00008444
1976-09-21,-0.00089410,0.00125231,0.00129678
1976-09-22,0.00128808,0.00031765,-0.00071218
1976-09-23,0.00099035,0.00016465,0.00054446
1976-09-24,-0.00237987,-0.00094516,-0.00022633
1976-09-27,0.00106949,-0.00000064,-0.00097808
1976-09-28,-0.00150787,-0.00192954,-0.00021975
1976-09-29,0.00016110,-0.00003980,0.00082421
1976-09-30,-0.00182210,-0.00065824,-0.00006253
1976-10-01,-0.00249204,-0.00210931,-0.00051318
1976-10-04,-0.00128158,-0.00089287,0.00025049
1976-10-05,0.00057924,-0.00122545,-0.00090180
1976-10-06,-0.00141300,-0.00132472,-0.00056560
1976-10-07,-0.00037931,-0.00086892,-0.00105031
1976-10-08,-0.00123644,0.00159424,0.00091737
1976-10-11,0.00211358,0.00324765,0.00221820
1976-10-12,-0.00258462,0.00081285,0.00152695
1976-10-13,0.00316908,-0.00092552,0.00042897
1976-10-14,-0.00219156,0.00083606,0.00016194
1976-10-15,-0.00159030,-0.00097285,-0.00138709
1976-10-18,0.00105096,-0.00087927,-0.00053154
1976-10-19,-0.00162728,-0.00089839,-0.00014584
1976-10-20,0.00140393,0.00001050,0.00006658
1976-10-21,0.00085442,0.00211986,0.00116061
1976-10-22,-0.00217358,0.00038318,0.00085668
1976-10-25,-0.00115582,-0.00123169,-0.00081473
1976-10-26,-0.00017360,-0.00286960,-0.00196758
1976-10-27,0.00044889,-0.00074550,-0.00031364
1976-10-28,0.00179496,0.00115642,0.00033574
1976-10-29,0.00089561,-0.00116263,-0.00012346
1976-11-01,0.00246204,0.00035290,-0.00018476
1976-11-03,-0.00619280,-0.00128602,0.00038149
1976-11-04,0.00588086,0.00212460,-0.00084757
1976-11-05,-0.00173998,-0.00148692,-0.00200543
1976-11-08,-0.00356228,-0.00177078,-0.00069533
1976-11-09,0.00078564,-0.00011765,0.00071976
1976-11-10,-0.00448877,-0.00177246,-0.00038221
1976-11-11,-0.00077064,-0.00063314,0.00019075
1976-11-12,-0.00015965,0.00152790,0.00066483
1976-11-15,0.00379141,0.00096669,-0.00005626
1976-11-16,0.00088241,0.00144630,-0.00008868
1976-11-17,0.00023356,-0.00037776,-0.00126313
1976-11-18,0.00622940,0.00248371,-0.00077470
1976-11-19,0.00221148,0.00053819,-0.00014706
1976-11-22,0.00429536,0.00119118,0.00002714
1976-11-23,0.00008741,0.00006045,-0.00021774
1976-11-24,0.00004504,0.00079840,0.00047046
1976-11-26,0.00182926,0.00132515,0.00007608
1976-11-29,-0.00023185,0.00028806,-0.00030834
1976-11-30,0.00132625,0.00134130,0.00089901
1976-12-01,0.00064684,0.00064174,-0.00002771
1976-12-02,0.00304674,0.00106357,-0.00078858
1976-12-03,0.00016983,0.00058372,0.00065318
1976-12-06,0.00400633,0.00087988,-0.00177417
1976-12-07,0.00449218,0.00128398,-0.00209697
1976-12-08,0.00055045,0.00103989,-0.00277242
1976-12-09,0.00594267,0.00465172,0.00091003
1976-12-10,0.00618153,0.00506610,0.00130160
1976-12-13,0.00116530,0.00098227,0.00018741
1976-12-14,0.00300781,0.00241165,0.00133818
1976-12-15,0.00319885,0.00249875,0.00120960
1976-12-16,0.00715868,0.00369007,0.00210353
1976-12-17,0.00264204,0.00118391,0.00028313
1976-12-20,0.00031378,-0.00018483,0.00114232
1976-12-21,-0.00162735,-0.00019352,0.00029667
1976-12-22,0.00166549,0.00251240,-0.00031463
1976-12-23,0.00297932,0.00172368,-0.00019066
1976-12-27,-0.00350513,-0.00041670,-0.00102614
1976-12-28,0.00199551,0.00193177,-0.00086799
1976-12-29,0.00302095,0.00124649,0.00092777
1976-12-30,0.00081339,0.00279446,0.00080531
1976-12-31,0.00157405,0.00262480,-0.00059933
1977-01-03,0.00128207,0.00107673,0.00013706
1977-01-04,0.00230690,0.00013621,0.00194080
1977-01-05,0.00249523,0.00058625,0.00182166
1977-01-06,0.00180754,-0.00058891,0.00155366
1977-01-07,0.00126667,0.00280266,-0.00021549
1977-01-10,-0.00023795,-0.00059042,-0.00071379
1977-01-11,0.00737793,0.00206554,0.00140107
1977-01-12,0.00138096,0.00091322,0.00155919
1977-01-13,-0.00481563,0.00014760,-0.00112256
1977-01-14,-0.00603183,-0.00199609,0.00084386
1977-01-17,0.00112158,0.00095124,0.00091321
1977-01-18,0.00358690,0.00046449,-0.00012121
1977-01-19,-0.00125569,-0.00057897,-0.00276028
1977-01-20,0.00353599,0.00113453,0.00066652
1977-01-21,-0.00141575,0.00124398,-0.00009605
1977-01-24,0.00045552,-0.00059594,-0.00009592
1977-01-25,0.00026194,-0.00077523,0.00054726
1977-01-26,0.00172180,0.00075732,0.00128089
1977-01-27,0.00092918,-0.00017488,0.00148687
1977-01-28,-0.00220783,-0.00010866,0.00104087
1977-01-31,-0.00035771,-0.00147058,0.00052044
1977-02-01,-0.00194451,0.00001248,-0.00049577
1977-02-02,-0.00194087,0.00009409,0.00018028
1977-02-03,0.00138834,0.00112082,0.00209117
1977-02-04,0.00120763,0.00163483,0.00134054
1977-02-07,-0.00198624,-0.00069604,-0.00025793
1977-02-08,0.00350377,0.00286462,0.00034535
1977-02-09,0.00218431,0.00295077,0.00181988
1977-02-10,0.00232721,0.00170154,-0.00035439
1977-02-11,0.00239877,0.00217261,0.00078882
1977-02-14,0.00022828,-0.00034374,0.00010088
1977-02-15,-0.00020872,0.00000940,0.00050145
1977-02-16,-0.00031850,-0.00027815,0.00103222
1977-02-17,0.00106014,0.00214422,0.00157749
1977-02-18,-0.00085021,0.00169052,0.00208975
1977-02-22,0.00010226,-0.00002890,0.00039953
1977-02-23,0.00130388,0.00115571,0.00018917
1977-02-24,0.00151513,0.00102254,0.00124310
1977-02-25,0.00253214,0.00253135,0.00074864
1977-02-28,0.00036208,-0.00116237,-0.00047045
1977-03-01,-0.00336672,-0.00371088,-0.00273552
1977-03-02,0.00118150,0.00027633,-0.00042304
1977-03-03,-0.00077968,-0.00084312,0.00014230
1977-03-04,-0.00002304,0.00002286,-0.00052248
1977-03-07,0.00303359,0.00134159,-0.00004814
1977-03-08,0.00187376,0.00178773,0.00156878
1977-03-09,0.00351026,0.00223449,0.00168499
1977-03-10,-0.00207343,-0.00191300,-0.00166257
1977-03-11,0.00568802,0.00071642,-0.00053703
1977-03-14,0.00454535,0.00059203,-0.00040717
1977-03-15,0.00493497,0.00001917,-0.00114363
1977-03-16,0.00219503,-0.00082722,-0.00144890
1977-03-17,-0.00061754,-0.00055193,-0.00047512
1977-03-18,-0.00205188,-0.00007507,0.00040002
1977-03-21,0.00005647,0.00091332,0.00101416
1977-03-22,0.00034092,0.00155493,0.00166880
1977-03-23,-0.00006107,0.00299115,0.00337946
1977-03-24,-0.00175806,0.00132503,0.00190576
1977-03-25,-0.00226572,0.00086215,0.00150488
1977-03-28,0.00313169,0.00273097,0.00233292
1977-03-29,-0.00242351,-0.00200924,-0.00168817
1977-03-30,-0.00167235,0.00343767,0.00426224
1977-03-31,0.00063383,0.00124525,0.00125126
1977-04-01,-0.00143224,-0.00232117,-0.00227315
1977-04-04,-0.00056110,0.00253969,0.00298964
1977-04-05,-0.00077185,0.00153215,0.00190591
1977-04-06,0.00111691,0.00086944,0.00057326
1977-04-07,0.00132429,-0.00033693,0.00029964
1977-04-11,0.00624763,-0.00079422,-0.00128159
1977-04-12,0.00496269,-0.00382443,-0.00459977
1977-04-13,0.00141245,0.00000812,-0.00029284
1977-04-14,0.00044468,-0.00194924,-0.00213483
1977-04-15,-0.00020583,0.00015426,0.00091288
1977-04-18,-0.00342567,0.00067188,0.00178870
1977-04-19,-0.00484145,-0.00117534,0.00017870
1977-04-20,-0.00386016,-0.00268238,-0.00007495
1977-04-21,-0.00301112,0.00086372,0.00299266
1977-04-22,-0.00270562,0.00438680,0.00491194
1977-04-25,0.00082525,0.00488087,0.00584214
1977-04-26,0.00217825,0.00114875,0.00110785
1977-04-27,0.00132617,-0.00275479,-0.00335393
1977-04-28,0.00088628,0.00014240,-0.00004062
1977-04-29,0.00070199,-0.00113047,-0.00117467
1977-05-02,-0.00005121,-0.00313514,-0.00164326
1977-05-03,0.00154894,-0.00066064,0.00011643
1977-05-04,0.00633770,-0.00013410,-0.00140599
1977-05-05,-0.00060916,-0.00001595,-0.00077658
1977-05-06,0.00329212,0.00364907,0.00240168
1977-05-09,0.00004551,0.00007294,0.00124440
1977-05-10,-0.00065265,-0.00018955,-0.00094543
1977-05-11,0.00263233,0.00161216,0.00006223
1977-05-12,0.00132984,0.00018348,-0.00057436
1977-05-13,-0.00011382,-0.00042444,-0.00126431
1977-05-16,0.00117144,-0.00110444,-0.00162085
1977-05-17,-0.00099701,-0.00032628,0.00054426
1977-05-18,-0.00030253,0.00013133,-0.00032715
1977-05-19,0.00141071,0.00218172,0.00153752
1977-05-20,-0.00018117,0.00035164,0.00006683
1977-05-23,0.00439232,0.00503529,0.00459050
1977-05-24,-0.00203630,0.00057944,0.00286754
1977-05-25,0.00191139,0.00293142,0.00293912
1977-05-26,-0.00328037,0.00001736,0.00027460
1977-05-27,0.00322930,0.00289429,0.00154834
1977-05-31,-0.00255623,0.00035897,0.00179558
1977-06-01,-0.00203536,-0.00388280,-0.00381926
1977-06-02,0.00470363,0.00095749,-0.00053355
1977-06-03,-0.00359342,-0.00399097,-0.00356510
1977-06-06,0.00008828,0.00164559,0.00154523
1977-06-07,-0.00119788,-0.00063172,-0.00232980
1977-06-08,0.00212394,-0.00055926,-0.00079007
1977-06-09,-0.00060176,0.00034928,-0.00079850
1977-06-10,0.00128965,-0.00002573,-0.00119144
1977-06-13,-0.00377029,-0.00115681,-0.00011114
1977-06-14,-0.00351668,-0.00172049,-0.00000957
1977-06-15,-0.00072652,0.00084283,0.00094418
1977-06-16,-0.00122675,-0.00107186,-0.00196368
1977-06-17,-0.00075161,0.00014430,0.00002902
1977-06-20,-0.00170349,-0.00091174,-0.00080606
1977-06-21,0.00060285,0.00051663,0.00077540
1977-06-22,0.00049068,-0.00025649,-0.00029059
1977-06-23,0.00214412,0.00212194,0.00160193
1977-06-24,-0.00225410,-0.00076742,-0.00156083
1977-06-27,0.00076983,0.00031290,-0.00004797
1977-06-28,0.00213395,0.00165566,0.00032804
1977-06-29,0.00137378,0.00081281,-0.00017109
1977-06-30,0.00188564,0.00082757,0.00061416
1977-07-01,0.00298280,0.00298406,0.00187221
1977-07-05,-0.00106207,0.00054258,0.00052572
1977-07-06,0.00176636,0.00225381,0.00218802
1977-07-07,-0.00146262,0.00143620,-0.00172379
1977-07-08,0.00384157,0.00135334,0.00090831
1977-07-11,0.00348564,0.00223076,0.00110923
1977-07-12,0.00280796,0.00132749,0.00089462
1977-07-13,-0.00212738,-0.00208684,-0.00201556
1977-07-15,-0.00342807,-0.00112853,-0.00156480
1977-07-18,-0.00485307,-0.00232115,-0.00073312
1977-07-19,-0.00271702,-0.00126035,-0.00032151
1977-07-20,0.00018672,0.00177886,0.00199580
1977-07-21,0.00011641,0.00159055,0.00073194
1977-07-22,0.00162199,0.00047713,0.00123669
1977-07-25,0.00062966,0.00244684,0.00281629
1977-07-26,0.00400305,0.00327328,0.00259350
1977-07-27,0.00273545,0.00667085,0.00469306
1977-07-28,-0.00222082,-0.00137440,-0.00047244
1977-07-29,-0.00116560,-0.00012035,-0.00043877
1977-08-01,-0.00149135,-0.00162930,-0.00128751
1977-08-02,0.00231319,0.00287321,0.00210124
1977-08-03,-0.00213025,0.00080965,-0.00008804
1977-08-04,-0.00143922,-0.00388781,-0.00323509
1977-08-05,0.00148527,0.00010132,0.00076527
1978-08-07,-0.00059487,-0.00098201,-0.00053390
1978-08-08,-0.00238968,-0.00000366,0.00028510
1978-08-09,-0.00439662,-0.00206306,-0.00049356
1978-08-10,0.00684573,0.00291007,0.00182602
1978-08-11,0.00183659,0.00088750,0.00039915
1978-08-14,0.00555589,0.00177719,-0.00005089
1978-08-15,0.00346659,0.00009551,-0.00101196
1978-08-16,-0.00035019,0.00078565,0.00009691
1978-08-17,0.00415755,0.00130942,0.00119291
1978-08-18,0.00497153,0.00155848,0.00081279
1978-08-21,0.00595164,0.00115480,0.00083045
1978-08-22,-0.00200798,0.00091422,0.00055440
1978-08-23,-0.00441919,0.00135443,0.00262997
1978-08-24,0.00198283,0.00525860,0.00503132
1978-08-25,0.00364361,0.00480449,0.00420124
1978-08-28,0.00512275,0.00383397,0.00385540
1978-08-29,0.00381580,0.00201577,0.00146195
1978-08-30,0.00193817,0.00474698,0.00353804
1978-08-31,0.00178184,0.00033325,0.00050228
1978-09-01,-0.00185632,-0.00368018,-0.00320754
1978-09-05,-0.00037081,-0.00074244,-0.00102036
1978-09-06,0.00283620,-0.00126191,-0.00330288
1978-09-07,0.00276684,0.00109996,0.00030257
1978-09-08,-0.00224498,0.00169728,0.00077168
1978-09-11,0.00724635,0.00503698,0.00338907
1978-09-12,-0.00139504,-0.00043021,-0.00050680
1978-09-13,0.00356041,0.00095282,0.00108406
1978-09-14,0.00333968,0.00031590,0.00019660
1978-09-15,0.00165139,-0.00096476,-0.00075238
1978-09-18,0.00609648,-0.00415692,-0.00511965
1978-09-19,0.00387148,-0.00262124,-0.00569504
1978-09-20,0.00830407,-0.00258960,-0.00497467
1978-09-21,-0.00253669,-0.00086481,-0.00077615
1978-09-22,-0.00149071,0.00231653,0.00214171
1978-09-25,0.00102591,-0.00067686,-0.00106121
1978-09-26,-0.00251144,0.00200097,0.00211811
1978-09-27,0.00494119,0.00018383,0.00025447
1978-09-28,-0.00441969,-0.00007555,0.00086612
1978-09-29,-0.00450665,-0.00098696,-0.00037689
1978-10-02,-0.00420705,-0.00025243,0.00059350
1978-10-03,0.00494360,0.00183986,0.00064397
1978-10-04,-0.00333167,-0.00001884,0.00029404
1978-11-03,0.01867146,0.00458280,0.00074711
1978-11-06,0.00434998,0.00305260,0.00240710
1978-11-07,-0.02498846,-0.00910667,-0.00434495
1978-11-08,0.00538814,0.00185370,0.00081321
1978-11-09,0.01050740,0.00240093,0.00022013
1978-11-10,0.01606769,0.00481678,0.00162512
1978-11-13,-0.02538674,-0.00822329,-0.00325711
1978-11-14,-0.02656311,-0.01062315,-0.00567920
1978-11-15,0.01119634,0.00472368,0.00267056
1978-11-16,0.01317277,0.00359968,0.00093940
1978-11-17,0.02021526,0.00859077,0.00489157
1978-11-20,0.01996463,0.00782364,0.00408772
1978-11-21,0.00016739,0.00102257,0.00111087
1978-11-22,0.01491889,0.00574230,0.00293757
1978-11-24,0.01686530,0.00644508,0.00326863
1978-11-27,0.00407879,0.00359439,0.00308064
1978-11-28,-0.00967175,-0.00379785,-0.00198898
1978-11-29,-0.01443047,-0.00188149,0.00129052
1978-11-30,0.01300798,0.00602935,0.00371169
1978-12-01,0.02123875,0.00907172,0.00519098
1978-12-04,0.00236297,0.00210340,0.00180841
1978-12-05,0.00802982,0.00392118,0.00397634
1978-12-06,0.00708160,0.00068011,-0.00170380
1978-12-07,0.00266697,-0.00005383,-0.00185901
1978-12-08,0.00022625,-0.00085855,-0.00295835
1978-12-11,0.00089888,0.00131902,0.00244041
1978-12-12,-0.00019942,0.00157815,0.00097251
1978-12-13,-0.00198975,-0.00043045,-0.00062539
1978-12-14,-0.00179273,0.00020171,0.00078302
1978-12-15,0.00144810,-0.00013930,-0.00095019
1978-12-18,-0.01042595,-0.00437851,-0.00142821
1978-12-19,0.00172013,0.00050101,0.00299968
1978-12-20,0.00256389,0.00315633,0.00286582
1978-12-21,0.00033214,0.00292505,0.00265445
1978-12-22,0.00762387,0.00071486,0.00067757
1978-12-26,0.00392705,0.00097619,0.00365068
1978-12-27,-0.00188245,-0.00134662,-0.00207986
1978-12-28,-0.00118690,-0.00178216,-0.00188407
1978-12-29,-0.00013779,0.00098846,-0.00119295
1979-01-02,0.00459133,0.00035668,-0.00139999
1979-01-03,0.00912865,0.00261945,-0.00019131
1979-01-04,0.00838652,-0.00042166,-0.00399514
1979-01-05,0.00603745,0.00208549,-0.00058449
1979-01-08,0.00264868,0.00077308,0.00007354
1979-01-09,0.00669270,0.00359216,-0.00114313
1979-01-10,0.00283760,0.00070408,-0.00079402
1979-01-11,0.00358128,0.00358501,0.00001015
1979-01-12,0.00499776,0.00227694,-0.00258421
1979-01-15,0.00520098,0.00373808,-0.00005623
1979-01-16,-0.00224450,-0.00370638,0.00024063
1979-01-17,0.00009552,0.00045618,-0.00071895
1979-01-18,0.00462595,0.00566196,-0.00004370
1979-01-19,-0.00155212,-0.00088605,-0.00085540
1979-01-22,0.00005361,-0.00098216,0.00003505
1979-01-23,-0.00157319,-0.00120398,-0.00093384
1979-01-24,-0.00277836,-0.00360176,0.00003582
1979-01-25,0.00023302,0.00023304,-0.00029912
1979-01-26,0.00003293,-0.00095959,-0.00067856
1979-01-29,0.00035393,-0.00076388,-0.00136792
1979-01-30,0.00143154,-0.00022441,-0.00005283
1979-01-31,-0.00136441,-0.00161934,-0.00034789
1979-02-01,-0.00114873,-0.00070595,-0.00007637
1979-02-02,0.00216438,0.00191987,-0.00028073
1979-02-05,-0.00463238,-0.00681153,-0.00358544
1979-02-06,0.00190145,0.00072757,0.00045100
1979-02-07,-0.00699941,-0.00682545,-0.00269973
1979-02-08,0.00514747,0.00541375,0.00289902
1979-02-09,0.00179290,0.00145821,-0.00057702
1979-02-12,-0.00327737,-0.00265638,-0.00167721
1979-02-13,0.00632091,0.00520911,0.00159923
1979-02-14,-0.00278123,-0.00188028,-0.00184035
1979-02-15,0.00079405,0.00051530,-0.00067791
1979-02-16,-0.00022196,0.00051116,-0.00066787
1979-02-20,0.00100275,0.00207220,0.00247499
1979-02-21,-0.00323618,-0.00201234,-0.00107624
1979-02-22,0.00393549,0.00207093,0.00079433
1979-02-23,-0.00344124,-0.00373149,-0.00260252
1979-02-26,0.00181621,0.00122534,0.00088552
1979-02-27,-0.01269379,-0.01159255,-0.00401210
1979-02-28,0.00201670,0.00146175,0.00186764
1979-03-01,0.00356530,0.00350685,0.00122109
1979-03-02,0.00084551,0.00097543,-0.00020522
1979-03-05,0.00724851,0.00555377,0.00270349
1979-03-06,-0.00130909,-0.00145577,-0.00105758
1979-03-07,0.00454195,0.00279953,-0.00081251
1979-03-08,0.00278370,0.00505227,-0.00056545
1979-03-09,-0.00052782,-0.00116689,-0.00022550
1979-03-12,-0.00038578,0.00127253,0.00052143
1979-03-13,0.00291743,0.00195471,0.00010203
1979-03-14,0.00208416,0.00079340,0.00041678
1979-03-15,0.00085840,0.00161194,0.00023913
1979-03-16,0.00137307,0.00304815,0.00029641
1979-03-19,0.00096569,0.00073220,-0.00061340
1979-03-20,-0.00215289,-0.00215838,0.00038844
1979-03-21,0.00348130,0.00503446,0.00064937
1979-03-22,0.00529594,0.00495102,0.00093019
1979-03-23,0.00493078,0.00416572,-0.00051900
1979-03-26,-0.00417756,-0.00472015,-0.00069263
1979-03-27,0.00069787,0.00479844,-0.00009676
1979-03-28,0.00144769,-0.00077505,-0.00045887
1979-03-29,0.00483012,0.00547731,0.00089250
1979-03-30,-0.00041845,-0.00018187,0.00002224
1979-04-02,-0.00020251,-0.00401019,-0.00067950
1979-04-03,0.00631292,0.00890539,0.00228360
1979-04-04,0.00233837,0.00063388,-0.00033620
1979-04-05,-0.00261803,-0.00121575,-0.00160424
1979-04-06,0.00324806,0.00056411,-0.00067664
1979-04-09,0.00185527,-0.00070205,-0.00006812
1979-04-10,0.00035727,0.00212310,0.00067380
1979-04-11,0.00375868,-0.00172985,-0.00061029
1979-04-12,-0.00088396,-0.00126244,-0.00186135
1979-04-16,0.00264546,-0.00094885,0.00104029
1979-04-17,-0.00061993,-0.00199159,-0.00062792
1979-04-18,-0.00161531,0.00225324,-0.00030711
1979-04-19,0.00152021,-0.00099119,-0.00081320
1979-04-20,0.00244064,0.00119557,-0.00094526
1979-04-23,0.00147159,0.00069113,-0.00051425
1979-04-24,0.00271487,0.00231874,-0.00029667
1979-04-25,0.00513847,0.00379878,0.00130477
1979-04-26,-0.00296909,-0.00388710,-0.00097095
1979-04-27,-0.00187687,-0.00152083,-0.00085626
1979-04-30,0.00111862,0.00027333,0.00081043
1979-05-01,-0.00087695,0.00028147,0.00054667
1979-05-02,0.00205466,-0.00040652,-0.00031011
1979-05-03,0.00181480,0.00070153,0.00059864
1979-05-04,-0.00012762,-0.00413247,0.00016736
1979-05-07,-0.00391758,-0.01363406,0.00436661
1979-05-08,0.00039358,0.00103628,-0.00025637
1979-05-09,-0.00232326,0.00292860,-0.00016519
1979-05-10,-0.00620260,-0.00634348,0.00028938
1979-05-11,-0.00247901,0.00098669,-0.00063707
1979-05-14,-0.00182940,-0.00069648,0.00001312
1979-05-15,0.00118506,0.00074733,-0.00079329
1979-05-16,-0.00124612,0.00064243,-0.00140910
1979-05-17,0.00660825,0.00789051,-0.00105486
1979-05-18,0.00304260,0.00171311,-0.00067624
1979-05-21,0.00388582,0.00415319,-0.00052256
1979-05-22,0.00092338,0.00194060,-0.00082561
1979-05-23,-0.00006521,-0.00094298,-0.00134023
1979-05-24,-0.00047784,0.00248151,-0.00065387
1979-05-25,0.00164030,0.00312892,-0.00208064
1979-05-29,-0.00095580,-0.00096984,0.00001879
1979-05-30,-0.00401397,-0.00611841,0.00123600
1979-05-31,-0.00054353,0.00146140,0.00028651
1979-06-01,0.00106252,0.00136430,-0.00018759
1979-06-04,-0.00023964,-0.00078613,-0.00009797
1979-06-05,0.00109293,0.00577591,-0.00161977
1979-06-06,-0.00087241,-0.00141888,-0.00185108
1979-06-07,-0.00116936,0.00024981,0.00014098
1979-06-08,0.00016560,-0.00197356,0.00098048
1979-06-11,-0.00123467,-0.00016640,0.00019151
1979-06-12,0.00293003,0.00198032,-0.00069942
1979-06-13,0.00192831,0.00242520,-0.00165384
1979-06-14,-0.00199434,-0.00071604,-0.00078335
1979-06-15,-0.00208364,0.00187198,-0.00110266
1979-06-18,0.00300104,-0.00001716,0.00134148
1979-06-19,-0.00081045,-0.00064996,-0.00076084
1979-06-20,-0.00242648,0.00256936,-0.00163179
1979-06-21,-0.00028309,-0.00018940,-0.00022268
1979-06-22,-0.00192539,-0.00142181,0.00064472
1979-06-25,0.00039592,-0.00216101,0.00001074
1979-06-26,-0.00181322,-0.00235598,0.00164107
1979-06-27,-0.00167825,0.00064258,-0.00198767
1979-06-28,-0.00243730,-0.00172201,-0.00077722
1979-06-29,-0.00209625,-0.00065618,0.00081500
1979-07-02,0.00167244,-0.00238085,0.00251703
1979-07-03,0.00119525,0.00202642,0.00047594
1979-07-05,0.00177721,-0.00060514,0.00025924
1979-07-06,-0.00206112,0.00073869,-0.00455667
1979-07-09,0.00231237,0.00125974,0.00054461
1979-07-10,0.00236361,-0.00093978,0.00266366
1979-07-11,0.00499870,0.00142806,0.00265569
1979-07-12,0.00533623,-0.00100763,0.00256301
1979-07-13,-0.00217907,-0.00222163,0.00179584
1979-07-16,-0.00300004,-0.00156719,-0.00104023
1979-07-17,0.00432029,-0.00218970,0.00428157
1979-07-18,-0.00071816,-0.00142222,-0.00027375
1979-07-19,0.00058071,0.00166682,-0.00026986
1979-07-20,-0.00112916,-0.00053298,-0.00197716
1979-07-23,0.00112229,0.00124095,-0.00052630
1979-07-24,0.00040501,-0.00049664,-0.00038116
1979-07-25,0.00004932,0.00088074,-0.00157298
1979-07-26,0.00270827,0.00147475,0.00073336
1979-07-27,0.00174425,0.00190293,0.00037667
1979-07-30,0.00165558,-0.00015216,-0.00017048
1979-07-31,0.00292783,-0.00041536,0.00061532
1979-08-01,0.00479368,0.00234000,-0.00148568
1979-08-02,0.00367204,0.00195134,0.00006898
1979-08-03,0.00235651,0.00025941,-0.00090854
1979-08-06,0.00126851,0.00171415,-0.00110346
1979-08-07,0.00059467,-0.00234023,-0.00365192
1979-08-08,0.00353388,0.00161012,0.00024961
1979-08-09,0.00026665,0.00097594,0.00002137
1979-08-10,-0.00050270,-0.00261047,-0.00305155
1979-08-13,0.00044838,-0.00194789,-0.00136516
1979-08-14,0.00234121,0.00095180,0.00065434
1979-08-15,-0.00029155,-0.00205279,0.00028580
1979-08-16,-0.00056475,0.00094711,0.00142582
1979-08-17,0.00228252,-0.00067384,-0.00214497
1979-08-20,0.00417427,0.00040021,-0.00222439
1979-08-21,0.00123358,0.00068299,0.00078440
1979-08-22,0.00040740,-0.00028136,-0.00059444
1979-08-23,-0.00014210,0.00083406,0.00215615
1979-08-24,0.00137161,0.00067391,0.00054820
1979-08-27,0.00240466,-0.00074225,-0.00232555
1979-08-28,-0.00139045,-0.00003010,0.00041069
1979-08-29,0.00120522,0.00036331,-0.00014632
1979-08-30,0.00212676,0.00111970,0.00125353
1979-08-31,0.00144194,-0.00045091,-0.00076957
1979-09-04,-0.00089610,0.00484789,0.00635791
1979-09-05,-0.00343433,0.00260737,0.00335006
1979-09-06,0.00209195,-0.00222344,-0.00302842
1979-09-07,0.00157419,-0.00378747,-0.00543759
1979-09-10,-0.00125092,-0.00283856,-0.00402046
1979-09-11,-0.00496021,-0.00064551,0.00200714
1979-09-12,0.00156339,-0.00156596,-0.00271271
1979-09-13,-0.00052768,-0.00174582,-0.00174766
1979-09-14,0.00465999,-0.00144141,-0.00565602
1979-09-17,-0.00157363,0.00005839,-0.00055881
1979-09-18,-0.00184348,-0.00025367,0.00095403
1979-09-19,0.00075507,-0.00266910,-0.00408579
1979-09-20,0.00039390,-0.00515251,-0.00958442
1979-09-21,0.00180749,0.00051309,-0.00042295
1979-09-24,-0.00179382,0.00047001,0.00246141
1979-09-25,0.00042591,-0.00187162,-0.00266804
1979-09-26,0.00122169,0.00000086,-0.00061630
1979-09-27,-0.00093462,-0.00161293,-0.00133664
1979-09-28,-0.00142320,-0.00022320,0.00285034
1979-10-01,-0.00160060,-0.00150742,0.00082458
1979-10-02,0.00247700,-0.00150641,-0.00361432
1979-10-03,-0.00083201,-0.00258304,-0.00216812
1979-10-04,0.00134092,-0.00184250,-0.00525457
1979-10-05,0.00221899,-0.00029311,-0.00310129
1979-10-08,-0.00293818,-0.00030534,0.00362691
1979-10-09,-0.01256807,-0.00337559,0.01247374
1979-10-10,-0.01518688,-0.01173543,0.00082742
1979-10-11,0.00354992,0.00221208,-0.00312402
1979-10-12,0.00279011,0.00265459,-0.00104101
1979-10-15,-0.00848850,-0.00465865,0.00099253
1979-10-16,-0.00310913,-0.00199165,-0.00155656
1979-10-17,0.00167068,0.00081384,-0.00418570
1979-10-18,-0.00044764,-0.00145494,-0.00386835
1979-10-19,-0.00807273,-0.00237399,0.00452773
1979-10-22,-0.01067403,-0.00639115,0.00409798
1979-10-23,-0.00366873,-0.00211631,-0.00188506
1979-10-24,0.00206919,-0.00041885,-0.00508547
1979-10-25,0.00074566,0.00133846,-0.00073291
1979-10-26,0.00505336,0.00260381,-0.00537916
1979-10-29,0.00397365,0.00178510,-0.00415852
1979-10-30,0.00612659,0.00008834,-0.00783746
1979-10-31,-0.00077958,-0.00013240,0.00135745
1979-11-01,0.00077538,-0.00095229,-0.00471626
1979-11-02,0.00025042,0.00187259,0.00070628
1979-11-05,-0.00197800,-0.00159402,-0.00061169
1979-11-06,-0.00172953,-0.00001296,-0.00065042
1979-11-07,-0.00419650,-0.00187521,-0.00138227
1979-11-08,0.00824582,0.00628385,-0.00055336
1979-11-09,0.01047654,0.00773390,0.00130902
1979-11-12,0.01269414,0.00715924,-0.00140580
1979-11-13,-0.00119785,-0.00011909,0.00025928
1979-11-14,0.00759764,0.00703579,-0.00199122
1979-11-15,0.00670575,0.00692551,-0.00191472
1979-11-16,-0.00129159,0.00082894,-0.00102432
1979-11-19,0.00437856,0.00518974,-0.00062908
1979-11-20,0.00118105,0.00144855,-0.00067846
1979-11-21,0.00510198,0.00351484,-0.00124672
1979-11-23,0.00447364,0.00444029,-0.00061799
1979-11-26,0.01191182,0.00863679,0.00383857
1979-11-27,0.00092907,0.00050085,0.00527101
1979-11-28,0.00735804,0.00607471,-0.00018676
1979-11-29,-0.00028351,0.00192328,0.00321912
1979-11-30,0.00161757,0.00247191,-0.00017250
1979-12-03,0.00154450,0.00066301,-0.00001787
1979-12-04,0.00589712,0.00058010,-0.00352667
1979-12-05,0.00572993,0.00200497,0.00141609
1979-12-06,0.00569338,0.00167506,-0.00116160
1979-12-07,-0.00161871,0.00220380,0.00367961
1979-12-10,0.00046977,0.00208182,0.00075891
1979-12-11,0.00346420,0.00287766,0.00052823
1979-12-12,0.00767366,0.00585427,0.00083624
1979-12-13,0.00364942,0.00242424,-0.00036636
1979-12-14,0.00388508,0.00281019,-0.00084321
1979-12-17,0.00538002,0.00247017,-0.00148844
1979-12-18,-0.00459002,-0.00147401,-0.00035971
1979-12-19,-0.00005862,0.00169104,0.00196151
1979-12-20,0.00321819,0.00091905,0.00089618
1979-12-21,-0.00209351,0.00054907,0.00133397
1979-12-24,-0.00199750,0.00020214,0.00056389
1979-12-26,0.00240594,0.00259933,-0.00073941
1979-12-27,0.00084404,0.00030431,0.00049423
1979-12-28,0.00141760,0.00154800,-0.00194889
1979-12-31,0.00374255,0.00191553,-0.00063155
1980-01-02,-0.01458630,-0.00472474,0.00315324
1980-01-03,-0.00600986,-0.00325544,0.00033991
1980-01-04,0.01966181,0.00573756,0.00098110
1980-01-07,0.00763152,0.00177305,0.00008317
1980-01-08,0.00756010,0.00433400,-0.00055386
1980-01-09,-0.00211590,0.00172138,-0.00055786
1980-01-10,0.00535180,0.00397932,-0.00184146
1980-01-11,0.00217009,0.00244073,-0.00038741
1980-01-14,0.00247956,-0.00094305,-0.00207237
1980-01-15,0.00346392,0.00124892,-0.00254126
1980-01-16,0.00043462,0.00215990,0.00014623
1980-01-17,0.00449562,0.00159610,-0.00075916
1980-01-18,0.00178889,0.00294891,-0.00069004
1980-01-21,0.00573234,0.00222888,-0.00079311
1980-01-22,-0.00617664,-0.00297273,0.00119710
1980-01-23,0.00655270,0.00263865,-0.00249569
1980-01-24,0.00423364,0.00243298,-0.00027739
1980-01-25,0.00187371,0.00251694,-0.00049824
1980-01-28,0.00885495,0.00394438,-0.00301047
1980-01-29,-0.00246374,-0.00193175,0.00033131
1980-01-30,0.00591247,0.00364439,-0.00232736
1980-01-31,-0.00670505,-0.00020624,0.00034617
1980-02-01,0.00180522,-0.00023210,-0.00208876
1980-02-04,0.00393962,-0.00464833,0.00395589
1980-02-05,0.00407725,0.00345014,0.00011824
1980-02-06,0.00115933,0.00672182,-0.00415550
1980-02-07,0.00493960,0.00795619,-0.00243855
1980-02-08,0.00758266,0.01434323,-0.00290428
1980-02-11,-0.00598407,-0.00593926,0.00235082
1980-02-12,0.00283520,0.00356284,-0.00183389
1980-02-13,-0.00311852,-0.00205598,0.00088889
1980-02-14,-0.00777046,-0.01269791,0.00337793
1980-02-15,-0.00032169,-0.00279416,0.00315263
1980-02-19,0.00096542,-0.00018190,0.00070947
1980-02-20,0.00940231,0.01724634,-0.00676555
1980-02-21,0.00425068,0.00363399,-0.00094182
1980-02-22,0.00217839,0.00350311,-0.00168376
1980-02-25,-0.00133177,-0.00489619,0.00332358
1980-02-26,0.00851740,0.00959859,-0.00380681
1980-02-27,-0.00040607,-0.00201498,0.00240378
1980-02-28,0.00354886,0.00251135,0.00045179
1980-02-29,0.00307279,0.00599524,-0.00113164
1980-03-03,-0.00118115,-0.00299479,0.00235205
1980-03-04,-0.00015015,0.00140105,-0.00217974
1980-03-05,-0.00065649,-0.00692548,0.00427829
1980-03-06,-0.01620140,-0.01683369,0.00283253
1980-03-07,-0.01166358,-0.01267129,0.00229303
1980-03-10,-0.02213921,-0.02055498,-0.00226182
1980-03-11,0.01103904,0.01148904,0.00120135
1980-03-12,0.00140134,0.00043178,0.00080884
1980-03-13,-0.00647430,-0.00583599,-0.00024516
1980-03-14,-0.00444244,-0.00432523,0.00191457
1980-03-17,-0.03594757,-0.03555704,-0.00110289
1980-03-18,0.00976201,0.01273196,0.00447083
1980-03-19,0.01515274,0.01344295,0.00262641
1980-03-20,-0.00275467,-0.00421514,-0.00007147
1980-03-21,-0.00110966,-0.00223037,-0.00021218
1980-03-24,-0.02492071,-0.02539172,0.00105031
1980-03-25,-0.01216350,-0.00569814,0.00346539
1980-03-26,-0.00752810,-0.00776430,-0.00045907
1980-03-27,-0.04521480,-0.03519351,0.00122800
1980-03-28,0.05671566,0.04734655,0.00292707
1980-03-31,0.01571428,0.01312842,0.00174290
1980-04-01,0.00536462,0.00557579,0.00139337
1980-04-02,0.00475167,0.00553659,-0.00195931
1980-04-03,-0.00718306,-0.00397258,-0.00134775
1980-04-07,-0.01936491,-0.01411285,-0.00670433
1980-04-08,0.01642051,0.01449097,0.00920673
1980-04-09,0.01381507,0.01091069,0.00480984
1980-04-10,0.00801202,0.00860500,0.00240873
1980-04-11,-0.00622873,-0.00148485,-0.00146943
1980-04-14,-0.01079345,-0.00571772,-0.00163165
1980-04-15,-0.00189389,-0.00225242,-0.00020410
1980-04-16,-0.02294032,-0.01430068,-0.00857453
1980-04-17,-0.01079129,-0.00819188,-0.00460744
1980-04-18,-0.01135914,-0.00550217,-0.00211418
1980-04-21,-0.01347111,-0.00845061,-0.00461015
1980-04-22,0.04920838,0.03258609,0.01791208
1980-04-23,-0.00155532,0.00385329,0.00108798
1980-04-24,0.00664557,0.00915815,0.00523563
1980-04-25,0.00566504,0.00320692,0.00234682
1980-04-28,-0.00160683,-0.00037997,-0.00068592
1980-04-29,0.00697612,0.00514610,0.00144348
1980-04-30,-0.00833029,-0.00417497,-0.00439913
1980-05-01,-0.01054805,-0.00781825,-0.00443800
1980-05-02,-0.00122715,-0.00015934,-0.00028114
1980-05-05,-0.00212789,-0.00449765,-0.00455743
1980-05-06,-0.01297551,-0.00759223,-0.00547760
1980-05-07,-0.00800699,-0.00613964,-0.00501656
1980-05-08,-0.01221120,-0.00773743,-0.00582141
1980-05-09,-0.00798097,-0.00467246,-0.00337212
1980-05-12,-0.00460721,-0.00383460,-0.00322611
1980-05-13,0.00975966,0.00401161,0.00220869
1980-05-14,0.01160959,0.00651380,0.00458687
1980-05-15,-0.00267098,0.00011199,0.00075664
1980-05-16,0.00549435,0.00343116,0.00256278
1980-05-19,0.00659164,0.00370005,0.00260620
1980-05-20,0.00593625,0.00370611,0.00276776
1980-05-21,0.00693671,0.00438328,0.00329336
1980-05-22,0.00651736,0.00144316,0.00008473
1980-05-23,0.00331931,0.00044066,-0.00028799
1980-05-27,0.00603924,0.00317025,0.00214060
1980-05-28,0.00573998,0.00484703,0.00409763
1980-05-29,-0.01425492,-0.00505288,-0.00231875
1980-05-30,0.00698800,0.00474348,0.00368647
1980-06-02,0.00350443,0.00230927,0.00177049
1980-06-03,0.00191189,0.00014745,-0.00028554
1980-06-04,0.01557335,0.00765992,0.00494037
1980-06-05,-0.00319254,0.00003751,0.00079599
1980-06-06,0.00584511,0.00317266,0.00218915
1980-06-09,0.00336630,0.00299060,0.00256960
1980-06-10,0.00399760,0.00175463,0.00103008
1980-06-11,0.00847257,0.00527303,0.00393169
1980-06-12,-0.00495690,0.00019815,0.00139330
1980-06-13,-0.00285796,-0.00142928,-0.00093315
1980-06-16,-0.00264760,-0.00255271,-0.00224667
1980-06-17,0.00121641,0.00127669,0.00114907
1980-06-18,-0.00479718,-0.00171068,-0.00079185
1980-06-19,-0.01342183,-0.00435329,-0.00172840
1980-06-20,-0.00230499,-0.00058646,-0.00011553
1980-06-23,0.00602415,0.00101610,-0.00027925
1980-06-24,0.00828548,0.00535439,0.00406739
1980-06-25,0.01232935,0.00647609,0.00437451
1980-06-26,-0.00390620,-0.00114020,-0.00036042
1980-06-27,0.00308688,0.00267497,0.00228049
1980-06-30,-0.00890268,-0.00587690,-0.00450949
1980-07-01,0.01009630,0.00765982,0.00623344
1980-07-02,0.00709796,0.00233690,0.00095310
1980-07-03,0.01106444,0.00648442,0.00468253
1980-07-07,0.00484226,0.00375082,0.00307636
1980-07-08,-0.00270541,-0.00307592,-0.00282163
1980-07-09,-0.00105399,-0.00196658,-0.00196355
1980-07-10,-0.00301142,-0.00211534,-0.00166872
1980-07-11,0.00841422,0.00321319,0.00162815
1980-07-14,0.01475816,0.00682284,0.00419113
1980-07-15,-0.00566743,-0.00498458,-0.00426951
1980-07-16,0.00421188,0.00391489,0.00340978
1980-07-17,0.01349295,0.00651034,0.00413829
1980-07-18,0.00037362,-0.00080954,-0.00099895
1980-07-21,0.00450077,0.00279987,0.00208717
1980-07-22,-0.00124577,0.00080607,0.00120097
1980-07-23,0.00071955,0.00013839,-0.00001420
1980-07-24,0.00465856,0.00192750,0.00106850
1980-07-25,-0.00316841,-0.00286108,-0.00247062
1980-07-28,0.00481931,0.00011055,-0.00101353
1980-07-29,0.00806425,0.00375342,0.00231854
1980-07-30,0.00435973,-0.00038379,-0.00146115
1980-07-31,-0.00269146,-0.00186001,-0.00145702
1980-08-01,0.00190793,-0.00208109,-0.00279171
1980-08-04,-0.00824889,-0.00897782,-0.00815239
1980-08-05,0.00258044,-0.00020993,-0.00084544
1980-08-06,0.00772898,0.00447953,0.00321457
1980-08-07,0.01118140,0.00401705,0.00187913
1980-08-08,0.00274758,0.00244967,0.00210715
1980-08-11,0.00246765,-0.00028985,-0.00090872
1980-08-12,-0.00468455,-0.00313449,-0.00242023
1980-08-13,0.00284972,0.00340321,0.00315577
1980-08-14,0.01624743,0.00930429,0.00663113
1980-08-15,0.00328193,0.00008584,-0.00067833
1980-08-18,-0.01482185,-0.00511467,-0.00225440
1980-08-19,0.00112862,0.00298051,0.00308660
1980-08-20,0.01437095,0.01101140,0.00899468
1980-08-21,0.01562573,0.01028089,0.00787659
1980-08-22,0.00600747,0.00241638,0.00129999
1980-08-25,0.00134592,-0.00041322,-0.00078266
1980-08-26,0.00482936,0.00181341,0.00089982
1980-08-27,-0.00502220,-0.00266664,-0.00181418
1980-08-28,-0.01168061,-0.00511326,-0.00299450
1980-08-29,0.00087667,0.00113572,0.00107069
1980-09-02,0.00548809,0.00557734,0.00497871
1980-09-03,0.01213050,0.00443019,-0.00232041
1980-09-04,0.00065193,0.00098043,0.00007829
1980-09-05,0.00225894,0.00277605,0.00096249
1980-09-08,0.00126993,0.00170586,0.00263875
1980-09-09,0.00246345,0.00085869,-0.00160277
1980-09-10,0.00849999,0.00628522,0.00294557
1980-09-11,0.01022281,0.00726731,0.00192629
1980-09-12,0.00285921,0.00266821,0.00129973
1980-09-15,0.00169805,0.00091492,0.00010025
1980-09-16,0.00785390,0.00620231,0.00044797
1980-09-17,0.00676467,0.00569632,0.00054788
1980-09-18,-0.00626308,-0.00465761,-0.00284249
1980-09-19,0.00112286,-0.00011888,-0.00039980
1980-09-22,0.01157134,0.00910529,0.00442287
1980-09-23,-0.00171349,-0.00184879,-0.00021714
1980-09-24,0.01672689,0.01285323,0.00537961
1980-09-25,-0.00345520,-0.00226623,-0.00063462
1980-09-26,-0.01384142,-0.00882136,-0.00337774
1980-09-29,-0.01296006,-0.00974218,-0.00204983
1980-09-30,0.01533523,0.01252859,0.00458470
1980-10-01,0.01725410,0.01486534,0.00328838
1980-10-02,0.00078121,0.00344974,0.00265012
1980-10-03,0.00867376,0.00965373,0.00424052
1980-10-06,0.01502579,0.01405027,0.00570081
1980-10-07,0.00292818,0.00083216,-0.00037657
1980-10-08,0.00517020,0.00526580,0.00295899
1980-10-09,-0.00079664,-0.00048250,-0.00063476
1980-10-10,-0.00135574,-0.00130393,-0.00115147
1980-10-13,0.00908247,0.00726309,0.00236293
1980-10-14,-0.00106623,-0.00018577,-0.00033987
1980-10-15,0.00869320,0.00761723,0.00429115
1980-10-16,-0.00846652,-0.00653033,-0.00257807
1980-10-17,0.00022125,0.00066904,0.00136095
1980-10-20,0.00463668,0.00493758,0.00316323
1980-10-21,-0.00396797,-0.00081035,0.00055277
1980-10-22,0.00505276,0.00649783,0.00329610
1980-10-23,-0.01144667,-0.00970560,-0.00359142
1980-10-24,0.00088236,0.00127032,0.00199236
1980-10-27,-0.00744592,-0.00654615,-0.00151053
1980-10-28,0.00453449,0.00450036,0.00147326
1980-10-29,-0.00278206,-0.00123295,-0.00172484
1980-10-30,-0.01397564,-0.01171910,-0.00555859
1980-10-31,0.00384865,0.00499203,0.00254286
1980-11-03,0.01067725,0.00942247,0.00270770
1980-11-05,0.01344926,0.01021468,0.00077243
1980-11-06,-0.01327030,-0.01005134,-0.00276694
1980-11-07,-0.00047525,0.00015617,0.00132519
1980-11-10,0.00255202,0.00558609,0.00259174
1980-11-11,0.01003481,0.01026933,0.00305578
1980-11-12,0.01523267,0.01472310,0.00340067
1980-11-13,0.01428064,0.01274464,0.00223756
1980-11-14,0.00872962,0.00656941,0.00011836
1980-11-17,0.00498717,0.00526072,0.00104354
1980-11-18,0.00946092,0.00916656,0.00063704
1980-11-19,0.00617127,0.00544557,0.00129011
1980-11-20,0.00916170,0.00927330,0.00355645
1980-11-21,-0.00251460,-0.00305187,-0.00243131
1980-11-24,-0.00868081,-0.00703044,-0.00119703
1980-11-25,0.00971485,0.01107460,0.00537386
1980-11-26,0.00692065,0.00787669,0.00143495
1980-11-28,0.00772910,0.00630229,0.00165829
1980-12-01,-0.01070259,-0.00856238,-0.00193991
1980-12-02,-0.00233897,-0.00342275,0.00014405
1980-12-03,-0.00550566,0.00120228,0.00292150
1980-12-04,-0.00182752,-0.00108309,0.00085473
1980-12-05,-0.00627817,-0.01774026,-0.00270819
1980-12-08,-0.01590272,-0.03220446,-0.00587105
1980-12-09,-0.00194519,-0.00192893,-0.00089791
1980-12-10,-0.01394980,-0.01588842,-0.00236384
1980-12-11,-0.00485033,-0.01440390,-0.00290241
1980-12-12,0.01715642,0.02380371,0.00576025
1980-12-15,0.00378243,0.00773236,0.00251754
1980-12-16,-0.00052710,0.00675714,0.00197236
1980-12-17,0.00424676,0.01796672,0.00537121
1980-12-18,-0.00180796,-0.00176804,0.00288127
1980-12-19,0.00319294,-0.00184066,0.00093422
1980-12-22,0.00587814,0.00372477,-0.00042725
1980-12-23,0.00154471,-0.00683368,-0.00224762
1980-12-24,0.00102915,-0.00033694,0.00009951
1980-12-26,0.00284983,0.00317853,0.00040695
1980-12-29,-0.00381460,-0.00710860,-0.00162325
1980-12-30,0.00203645,0.00447927,0.00093255
1980-12-31,0.00204683,0.00020013,-0.00168988
1981-01-02,0.00211726,-0.00092336,0.00052514
1981-01-05,-0.01277609,-0.00441527,0.00301300
1981-01-06,-0.01835209,-0.01040685,0.00518225
1981-01-07,-0.03601544,-0.02460333,0.00782670
1981-01-08,-0.01264345,-0.01105205,0.00393863
1981-01-09,0.00349544,0.00178583,-0.00186742
1981-01-12,-0.00380683,-0.00323896,-0.00105167
1981-01-13,-0.00194012,-0.00196043,0.00087843
1981-01-14,0.00438694,0.00420317,-0.00052408
1981-01-15,0.00900206,0.00791500,-0.00143675
1981-01-16,0.00614968,0.00416759,-0.00093513
1981-01-19,-0.00121611,-0.00179159,-0.00067549
1981-01-20,-0.00995852,-0.00939083,0.00409383
1981-01-21,-0.00483320,-0.00340753,-0.00002822
1981-01-22,-0.00290720,-0.00450971,0.00157118
1981-01-23,0.00272101,0.00126497,-0.00161695
1981-01-26,-0.00986650,-0.00789249,-0.00052464
1981-01-27,0.01076961,0.00949695,0.00051140
1981-01-28,-0.00256023,-0.00231896,0.00018262
1981-01-29,-0.00437027,-0.00137354,0.00185539
1981-01-30,-0.01384151,-0.00941878,0.00111497
1981-02-02,-0.03497912,-0.02503797,0.00571559
1981-02-03,0.00987787,0.00869376,0.00300347
1981-02-04,0.00330161,0.00204047,-0.00085274
1981-02-05,0.00979197,0.00656083,0.00023839
1981-02-06,0.01125863,0.00789436,0.00139162
1981-02-09,-0.01083212,-0.00707072,0.00042673
1981-02-10,-0.00256057,-0.00130148,0.00048192
1981-02-11,-0.01042507,-0.00862096,-0.00113151
1981-02-12,-0.01082632,-0.00802183,-0.00166108
1981-02-13,-0.00124190,0.00007202,-0.00013140
1981-02-17,0.00420533,0.00387927,0.00210217
1981-02-18,0.00434391,0.00353972,0.00084088
1981-02-19,-0.01287652,-0.00933172,-0.00160332
1981-02-20,-0.00511425,-0.00419459,-0.00076166
1981-02-23,-0.00015478,-0.00094223,0.00010100
1981-02-24,-0.00046573,-0.00130475,-0.00159124
1981-02-25,0.00344215,0.00273164,0.00011856
1981-02-26,0.01134763,0.00832633,-0.00124543
1981-02-27,0.01310639,0.00977975,0.00087949
1981-03-02,0.00872108,0.00589313,-0.00140720
1981-03-03,-0.00936193,-0.00795195,-0.00400615
1981-03-04,-0.00239946,-0.00180930,-0.00140740
1981-03-05,-0.00128030,-0.00226780,-0.00044186
1981-03-06,-0.00025192,0.00022391,0.00156870
1981-03-09,0.00582907,0.00543887,0.00140202
1981-03-10,-0.00933339,-0.00298556,0.00142031
1981-03-11,-0.00495260,-0.00055045,0.00094433
1981-03-12,0.01157664,0.00960981,0.00014596
1981-03-13,-0.00551718,-0.00270161,-0.00058675
1981-03-16,0.00146216,0.00382814,0.00107681
1981-03-17,-0.00574195,-0.00222040,0.00274054
1981-03-18,-0.00129240,0.00183784,0.00268580
1981-03-19,-0.00480117,-0.00121846,0.00175091
1981-03-20,0.00720013,0.00685089,0.00209089
1981-03-23,0.01322589,0.00781242,0.00037967
1981-03-24,0.00315446,-0.00041740,-0.00120437
1981-03-25,0.01168668,0.00636752,-0.00067117
1981-03-26,0.00133940,-0.00041313,-0.00036525
1981-03-27,-0.00386693,-0.00565568,-0.00246260
1981-03-30,-0.00144432,-0.00227467,-0.00109366
1981-03-31,0.00616049,0.00452999,0.00002571
1981-04-01,0.00101042,0.00084155,0.00017587
1981-04-02,-0.00030816,-0.00000976,0.00079063
1981-04-03,0.00194980,-0.00149034,-0.00116754
1981-04-06,-0.00777072,-0.00490079,-0.00093472
1981-04-07,0.00163469,0.00043339,-0.00097051
1981-04-08,0.00224288,0.00057411,-0.00128914
1981-04-09,-0.00432608,-0.00080694,0.00107109
1981-04-10,-0.00091493,0.00071585,0.00386803
1981-04-13,-0.00677191,-0.00577745,0.00080249
1981-04-14,-0.00844561,-0.00556314,0.00029673
1981-04-15,0.00689916,0.00576766,0.00325475
1981-04-16,0.00840460,0.00621701,0.00454898
1981-04-20,0.00337323,0.00363446,0.00445534
1981-04-21,-0.00732571,-0.00451825,0.00090672
1981-04-22,-0.00448422,-0.00098743,0.00137195
1981-04-23,-0.00357526,-0.00191027,0.00126419
1981-04-24,0.00235800,0.00197988,0.00074336
1981-04-27,0.00018336,-0.00031726,-0.00215423
1981-04-28,-0.00612054,-0.00682542,-0.00528185
1981-04-29,-0.00361241,-0.00302234,-0.00290743
1981-04-30,0.01103760,0.00636180,-0.00192116
1981-05-01,0.00218977,0.00096787,0.00025986
1981-05-04,-0.00935311,-0.00897289,-0.00570258
1981-05-05,-0.00070309,-0.00101697,-0.00177568
1981-05-06,0.00898428,0.00581144,0.00105744
1981-05-07,0.00974262,0.00661711,0.00177701
1981-05-08,0.00224444,0.00262719,0.00187636
1981-05-11,-0.00983217,-0.00774818,-0.00219638
1981-05-12,0.00254223,0.00185390,-0.00059799
1981-05-13,-0.00127360,0.00180776,0.00192220
1981-05-14,0.00492475,0.00443750,0.00091569
1981-05-15,0.00100599,0.00169150,0.00038928
1981-05-18,-0.00042054,0.00008310,0.00087411
1981-05-19,-0.00288562,-0.00178724,-0.00083691
1981-05-20,0.00552171,0.00521214,0.00253854
1981-05-21,0.00038898,0.00084382,0.00050041
1981-05-22,0.00248379,0.00311603,0.00229976
1981-05-26,0.00220621,0.00332026,0.00174928
1981-05-27,0.00462160,0.00576447,0.00300803
1981-05-28,-0.00146252,0.00006074,0.00189105
1981-05-29,-0.00650018,-0.00376654,0.00056031
1981-06-01,-0.01601318,-0.00932637,-0.00132649
1981-06-02,-0.02304684,-0.01620974,-0.00519053
1981-06-03,-0.00917511,-0.00404349,-0.00092950
1981-06-04,0.00410593,-0.00017483,0.00169939
1981-06-05,0.00368862,0.00192760,0.00033493
1981-06-08,-0.00141910,-0.00369526,-0.00048630
1981-06-09,0.00124867,-0.00425346,-0.00193446
1981-06-10,-0.00279103,-0.00147844,-0.00130458
1981-06-11,-0.00094396,0.00346691,0.00054120
1981-06-12,-0.00271227,-0.00159502,-0.00095565
1981-06-15,-0.01327433,-0.00845211,-0.00275296
1981-06-16,-0.00928957,-0.01498455,-0.00523081
1981-06-17,0.01063018,0.00202531,-0.00061368
1981-06-18,0.00022881,-0.00740982,-0.00244870
1981-06-19,0.00924097,0.00387214,0.00097348
1981-06-22,0.00188120,-0.00219426,-0.00138970
1981-06-23,0.00541844,0.00190796,-0.00034177
1981-06-24,-0.00197006,-0.00173622,-0.00040790
1981-06-25,0.00406083,-0.00135984,-0.00068989
1981-06-26,0.00217961,0.00078989,0.00058752
1981-06-29,0.00250305,-0.00603874,-0.00231866
1981-06-30,-0.00108850,-0.00648475,-0.00277673
1981-07-01,0.00106659,-0.00180500,-0.00069476
1981-07-02,-0.00138806,-0.00553774,-0.00284454
1981-07-06,-0.00973833,-0.00786733,-0.00211985
1981-07-07,-0.00374320,-0.00156670,-0.00272350
1981-07-08,-0.00016034,-0.00033683,-0.00057784
1981-07-09,0.00889052,0.00470011,0.00000928
1981-07-10,0.00452191,0.00174395,-0.00007673
1981-07-13,0.00120059,0.00043630,0.00042108
1981-07-14,-0.00079588,-0.00036594,0.00014937
1981-07-15,0.00325379,0.00212916,-0.00040400
1981-07-16,0.00616309,0.00261814,0.00077694
1981-07-17,0.00264560,0.00191202,0.00020584
1981-07-20,-0.00483951,-0.00451639,0.00173179
1981-07-21,0.00155330,-0.00015014,0.00035755
1981-07-22,0.00037934,-0.00063179,0.00180175
1981-07-23,0.00339654,0.00190437,0.00071152
1981-07-24,0.00129579,0.00183389,-0.00126667
1981-07-27,0.00166499,0.00217857,-0.00055050
1981-07-28,0.00043749,-0.00100997,0.00074291
1981-07-29,0.00065042,0.00081993,0.00101765
1981-07-30,0.00837587,0.00270404,-0.00043847
1981-07-31,0.00285786,0.00237434,-0.00102084
1981-08-03,-0.00693703,-0.00331662,-0.00010531
1981-08-04,-0.00243767,0.00245618,-0.00252030
1981-08-05,-0.00007984,0.00400729,-0.00321193
1981-08-06,0.00144607,0.00121311,0.00176086
1981-08-07,0.00144468,-0.00067538,0.00244396
1981-08-10,-0.00311424,0.00014809,-0.00029018
1981-08-11,0.00102852,0.00038669,-0.00205085
1981-08-12,0.00318954,0.00029416,0.00047647
1981-08-13,0.00030475,0.00317249,0.00037547
1981-08-14,0.00360980,0.00103235,0.00236111
1981-08-17,0.00219944,-0.00432221,0.00337870
1981-08-18,0.00359650,-0.00448163,0.00136388
1981-08-19,-0.00089777,0.00190796,-0.00140077
1981-08-20,0.00049775,0.00272648,-0.00126814
1981-08-21,0.00259699,-0.00279367,0.00371572
1981-08-24,0.00607766,-0.01011318,0.00709649
1981-08-25,-0.00573313,0.00003949,-0.00035271
1981-08-26,-0.00047114,0.00092596,-0.00021390
1981-08-27,0.00339052,-0.00303753,0.00410055
1981-08-28,-0.00251375,0.00118191,-0.00165580
1981-08-31,0.00206049,-0.00547724,0.00201605
1981-09-01,-0.00353110,-0.00057699,-0.00357228
1981-09-02,-0.00032786,-0.00088377,0.00049367
1981-09-03,0.01144761,0.00412717,0.01119129
1981-09-04,0.00292122,-0.00087173,0.00626317
1981-09-08,0.01119225,0.00129917,0.01141210
1981-09-09,-0.00485672,-0.00188987,-0.00491394
1981-09-10,-0.00787819,-0.00211791,-0.00924395
1981-09-11,-0.00346097,-0.00274824,-0.00197052
1981-09-14,-0.00096930,0.00117734,0.00409564
1981-09-15,0.00550954,0.00264413,0.00525759
1981-09-16,0.00632186,0.00194037,0.00548321
1981-09-17,0.00946509,0.00547310,0.00999653
1981-09-18,0.00254841,0.00241201,0.00499649
1981-09-21,-0.00093998,-0.00157399,-0.00342533
1981-09-22,0.00143688,0.00170016,0.00293766
1981-09-23,0.00457568,0.00321417,0.00373338
1981-09-24,0.00180556,0.00374576,-0.00096496
1981-09-25,0.01373041,0.00607254,0.01222704
1981-09-28,-0.02333640,-0.01186071,-0.01738210
1981-09-29,-0.01129935,-0.00145911,-0.00550634
1981-09-30,-0.00565550,0.00127802,-0.00241360
1981-10-01,-0.00345838,-0.00267132,-0.00499262
1981-10-02,-0.00808097,-0.00499229,-0.00477701
1981-10-05,-0.00469709,-0.00185847,-0.00149622
1981-10-06,-0.00080367,-0.00137027,-0.00161016
1981-10-07,-0.01185980,-0.00739421,-0.00661261
1981-10-08,-0.00496447,-0.00316843,-0.00339284
1981-10-09,0.00631761,0.00451288,0.00364381
1981-10-12,0.00059962,0.00038636,0.00017334
1981-10-13,0.00367831,0.00109931,-0.00075367
1981-10-14,0.00982099,0.00652246,0.00526151
1981-10-15,-0.00751460,-0.00478418,-0.00440567
1981-10-16,0.00159088,0.00055051,-0.00025557
1981-10-19,-0.00195383,-0.00134549,-0.00118672
1981-10-20,-0.00646662,-0.00544487,-0.00671054
1981-10-21,0.00094693,-0.00029179,-0.00167743
1981-10-22,0.00165973,-0.00005629,-0.00111954
1981-10-23,0.00099473,0.00046246,0.00015792
1981-10-26,-0.00468372,-0.00324591,-0.00297646
1981-10-27,-0.00875292,-0.00565814,-0.00487217
1981-10-28,-0.00396074,-0.00256017,-0.00238346
1981-10-29,0.00067033,0.00048300,0.00060840
1981-10-30,-0.01029295,-0.00715953,-0.00575541
1981-11-02,-0.01057881,-0.00430894,0.00149632
1981-11-03,0.00079580,0.00171082,0.00115773
1981-11-04,0.00008042,0.00020657,-0.00025391
1981-11-05,0.00959276,0.00653127,0.00285215
1981-11-06,0.00627624,0.00314972,-0.00080431
1981-11-09,-0.00097199,-0.00136515,0.00194620
1981-11-10,0.00512164,0.00311419,0.00199075
1981-11-11,-0.00138836,-0.00090444,0.00093703
1981-11-12,0.00345000,0.00306023,0.00263531
1981-11-13,0.01240390,0.00772137,0.00395123
1981-11-16,0.01288434,0.00620649,0.00593143
1981-11-17,-0.00235893,-0.00185766,0.00027244
1981-11-18,0.00438330,0.00229570,-0.00041982
1981-11-19,-0.00209571,-0.00172168,0.00043463
1981-11-20,-0.00671893,-0.00432899,-0.00430506
1981-11-23,-0.00085124,-0.00163909,-0.00145585
1981-11-24,-0.00608348,-0.00239770,0.00373488
1981-11-25,-0.00023838,0.00169612,0.00278257
1981-11-27,-0.00155672,0.00070769,0.00236346
1981-11-30,-0.00703930,-0.00384420,-0.00036598
1981-12-01,0.00202698,0.00136190,0.00160662
1981-12-02,0.00818105,0.00614662,0.00114835
1981-12-03,-0.00163448,-0.00060118,0.00076200
1981-12-04,-0.00120904,0.00191741,0.00142018
1981-12-07,0.00696578,0.00327126,0.00132246
1981-12-08,0.00031973,-0.00092724,0.00111299
1981-12-09,-0.00111020,-0.00079151,-0.00066866
1981-12-10,0.00024633,0.00012050,-0.00103469
1981-12-11,0.00155211,0.00055632,-0.00130700
1981-12-14,0.00673389,0.00286927,0.00065809
1981-12-15,-0.00208782,-0.00139308,-0.00049731
1981-12-16,0.00124866,0.00068635,-0.00098552
1981-12-17,-0.00556899,-0.00325743,-0.00033443
1981-12-18,-0.00601973,-0.00276994,-0.00010557
1981-12-21,0.00037475,-0.00161315,-0.00016658
1981-12-22,0.00186190,0.00030854,0.00004905
1981-12-23,0.00427637,0.00363416,0.00126589
1981-12-24,0.00124374,0.00267265,0.00184042
1981-12-28,-0.00002811,-0.00153539,-0.00015457
1981-12-29,0.00156835,-0.00095681,-0.00072154
1981-12-30,-0.00275950,-0.00137613,-0.00014265
1981-12-31,-0.00334940,-0.00007691,-0.00107816
1982-01-04,0.00418409,0.00694512,0.00908166
1982-01-05,0.01016802,0.00794353,0.00696444
1982-01-06,0.00504481,0.00383450,0.00423494
1982-01-07,-0.00058199,0.00126029,0.00129907
1982-01-08,-0.00281806,0.00072079,0.00235110
1982-01-11,0.01110441,0.00696576,0.00708224
1982-01-12,0.00325988,0.00118021,0.00165278
1982-01-13,0.00277976,0.00253272,0.00213272
1982-01-14,-0.00213592,-0.00224238,-0.00221552
1982-01-15,-0.00538345,-0.00270018,-0.00290982
1982-01-18,-0.00421409,-0.00315707,-0.00017436
1982-01-19,0.00367341,0.00276692,0.00238135
1982-01-20,0.00044869,0.00176353,0.00265460
1982-01-21,-0.00250361,0.00021287,0.00367193
1982-01-22,0.00039238,0.00073187,0.00189153
1982-01-25,0.00488124,-0.00027746,0.00090214
1982-01-26,0.00182531,0.00059441,0.00014990
1982-01-27,-0.00154814,-0.00194992,-0.00162217
1982-01-28,-0.01287131,-0.00681825,-0.00390806
1982-01-29,-0.01003090,-0.00365038,0.00027311
1982-02-01,0.00871253,0.00621693,0.00295669
1982-02-02,-0.00192021,-0.00123460,-0.00044029
1982-02-03,0.01051292,0.00083045,-0.00436181
1982-02-04,0.00291613,0.00045543,-0.00103269
1982-02-05,-0.00928757,-0.00409442,-0.00123114
1982-02-08,0.02279537,0.00661822,-0.00250302
1982-02-09,0.00875725,0.00451595,-0.00024159
1982-02-10,-0.00505757,0.00054853,0.00236482
1982-02-11,0.00063529,0.00088122,-0.00027426
1982-02-12,-0.00063956,-0.00094437,-0.00098799
1982-02-16,0.00226729,0.00000798,-0.00158372
1982-02-17,-0.00130667,-0.00312362,-0.00372393
1982-02-18,-0.00142218,-0.00037563,0.00041417
1982-02-19,0.00525488,0.00180357,-0.00003159
1982-02-22,0.01482446,0.00500087,-0.00058965
1982-02-23,0.00120219,0.00166386,-0.00033284
1982-02-24,-0.01429883,-0.00069449,0.00540859
1982-02-25,-0.00060128,-0.00205122,-0.00218604
1982-02-26,0.00205706,0.00090617,-0.00214922
1982-03-01,-0.00372334,-0.00155154,-0.00049886
1982-03-02,0.00656242,0.00008210,-0.00175233
1982-03-03,0.01506472,0.00216234,-0.00654817
1982-03-04,0.00821029,0.00678378,0.00239803
1982-03-05,0.00560483,0.00810054,0.00473477
1982-03-08,0.00801331,0.01290386,0.00778330
1982-03-09,-0.00314210,-0.00560182,-0.00234779
1982-03-10,-0.00019201,-0.00458790,-0.00320383
1982-03-11,0.00390004,0.00112094,0.00212572
1982-03-12,0.00694359,0.00555483,0.00242588
1982-03-15,-0.00147070,-0.00310356,-0.00063058
1982-03-16,-0.00138256,-0.00265819,-0.00176157
1982-03-17,0.00070158,-0.00171412,-0.00151941
1982-03-18,-0.00615779,-0.00752409,-0.00729574
1982-03-19,0.00199960,-0.00119628,-0.00195863
1982-03-22,-0.01071814,-0.00926478,-0.00357549
1982-03-23,-0.00391486,-0.00013145,-0.00076047
1982-03-24,0.00472010,0.00398500,0.00214430
1982-03-25,-0.00028436,-0.00084983,-0.00080637
1982-03-26,0.00457567,0.00164889,0.00016573
1982-03-29,-0.00213338,-0.00129073,-0.00096071
1982-03-30,-0.00196434,-0.00164046,-0.00228233
1982-03-31,-0.00092909,-0.00127330,-0.00211747
1982-04-01,-0.00800450,-0.00697284,-0.00298667
1982-04-02,-0.00432062,-0.00249183,0.00036510
1982-04-05,0.00049471,-0.00038152,-0.00125426
1982-04-06,-0.00265545,-0.00195720,-0.00089324
1982-04-07,-0.00157989,-0.00083352,-0.00039021
1982-04-08,-0.00412009,-0.00120137,0.00067558
1982-04-12,0.00522310,0.00324137,0.00134174
1982-04-13,0.00242777,0.00112356,-0.00065563
1982-04-14,0.00231445,0.00023775,-0.00126870
1982-04-15,-0.00517953,-0.00253917,-0.00162311
1982-04-16,-0.00487677,-0.00162879,0.00003391
1982-04-19,0.00180191,0.00074803,-0.00116690
1982-04-20,0.00408038,0.00166079,-0.00115581
1982-04-21,-0.00102175,0.00047330,0.00004182
1982-04-22,-0.00745513,-0.00342590,-0.00051654
1982-04-23,-0.00453334,-0.00176162,0.00055136
1982-04-26,-0.00208542,0.00040610,0.00090937
1982-04-27,0.00594432,0.00327995,0.00024217
1982-04-28,0.00006941,0.00055803,0.00023892
1982-04-29,0.00510777,0.00305590,0.00138933
1982-04-30,-0.00103577,-0.00012330,0.00113368
1982-05-03,-0.00052484,-0.00037172,-0.00080516
1982-05-04,-0.00378398,-0.00265447,-0.00136780
1982-05-05,0.00361230,0.00202224,0.00066545
1982-05-06,-0.00580350,-0.00189736,0.00097696
1982-05-07,-0.00652815,0.00123017,0.00658420
1982-05-10,0.00504515,0.00478248,0.00429813
1982-05-11,-0.00715587,-0.00244956,0.00168435
1982-05-12,0.00157000,0.00240025,0.00266811
1982-05-13,0.00197379,0.00278653,0.00283331
1982-05-14,-0.00120911,-0.00043104,-0.00047419
1982-05-17,0.00893903,0.00421460,-0.00030614
1982-05-18,0.00807003,0.00454150,0.00156928
1982-05-19,0.00716125,0.00259696,-0.00062979
1982-05-20,0.00723848,0.00369440,-0.00014160
1982-05-21,0.00160628,-0.00097938,-0.00261569
1982-05-24,0.00195069,-0.00043570,-0.00153067
1982-05-25,0.00245633,0.00020311,-0.00164694
1982-05-26,0.01237219,0.00505916,-0.00074262
1982-05-27,0.00415793,0.00028604,-0.00282159
1982-05-28,-0.00238136,-0.00051608,0.00046920
1982-06-01,0.00461048,0.00077615,-0.00224418
1982-06-02,-0.00216472,-0.00340845,-0.00369276
1982-06-03,0.00629753,0.00188758,0.00063661
1982-06-04,0.02252782,0.00620937,0.00166648
1982-06-07,0.00127442,-0.00086681,-0.00127607
1982-06-08,0.00631570,0.00016200,-0.00130896
1982-06-09,0.01096439,0.00174034,-0.00063093
1982-06-10,-0.00474911,-0.00278781,-0.00201497
1982-06-11,-0.02121708,-0.00787875,-0.00385400
1982-06-14,0.01771002,0.00479834,0.00121660
1982-06-15,0.00771275,0.00199629,0.00042476
1982-06-16,0.01009917,0.00194631,-0.00019493
1982-06-17,0.01600090,0.00365350,0.00033219
1982-06-18,0.00854719,0.00041884,-0.00154690
1982-06-21,0.00133383,-0.00017465,-0.00051141
1982-06-22,-0.01200808,-0.00411742,-0.00179686
1982-06-23,-0.02463515,-0.00766722,-0.00280899
1982-06-24,0.00405603,0.00027305,-0.00065049
1982-06-25,0.00822573,0.00019905,-0.00171826
1982-06-28,-0.00867509,-0.00386354,-0.00229820
1982-06-29,0.00420472,0.00379363,0.00327505
1982-06-30,0.00502352,0.00047287,-0.00065413
1982-07-01,0.01254962,0.00383910,0.00135589
1983-09-29,-0.00317698,0.00155748,0.00250228
1983-09-30,-0.00293558,0.00186482,0.00279104
1983-10-03,-0.00208505,0.00177105,0.00248473
1983-10-04,0.00439543,0.00231105,0.00156213
1983-10-05,0.00147177,0.00161244,0.00146649
1983-10-06,0.00537106,0.00092069,-0.00023239
1983-10-07,0.00439639,0.00005326,-0.00097812
1983-10-10,-0.00103919,0.00036645,0.00065762
1983-10-11,-0.00374787,0.00133682,0.00238884
1983-10-12,-0.00315854,0.00169619,0.00265398
1983-10-13,-0.00165744,0.00071505,0.00119578
1983-10-14,-0.00103461,0.00280127,0.00339571
1983-10-17,-0.00526774,0.00109307,0.00247348
1983-10-18,-0.01186344,0.00365271,0.00691039
1983-10-19,-0.00432863,0.00094324,0.00208319
1983-10-20,0.00167070,-0.00110331,-0.00163570
1983-10-21,-0.00381538,0.00124290,0.00229911
1983-10-24,-0.00627540,-0.00062124,0.00078280
1983-10-25,0.00127644,-0.00144391,-0.00192578
1983-10-26,-0.00388120,0.00056890,0.00155641
1983-10-27,0.00098571,-0.00084837,-0.00118715
1983-10-28,-0.00198342,0.00199709,0.00278912
1983-10-31,-0.00342505,0.00275254,0.00463522
1983-11-01,-0.00002292,0.00103047,0.00203965
1983-11-02,0.01154334,0.00118273,-0.00009768
1983-11-03,-0.00123175,0.00050546,0.00002661
1983-11-04,-0.00242746,0.00112660,0.00269060
1983-11-07,-0.00250742,0.00216047,0.00513272
1983-11-08,0.00084178,-0.00019095,0.00006016
1983-11-09,0.00593227,-0.00006585,-0.00100709
1983-11-10,0.00824703,-0.00120149,-0.00594487
1983-11-11,0.01313477,-0.00312651,-0.00843416
1983-11-14,0.01390608,-0.00227928,-0.00738158
1983-11-15,0.00326103,0.00069650,-0.00225303
1983-11-16,0.00164114,0.00036988,-0.00123626
1983-11-17,0.00497952,0.00129739,-0.00142928
1983-11-18,-0.00194649,-0.00096516,-0.00221364
1983-11-21,0.00248288,-0.00184007,-0.00331206
1983-11-22,-0.00046477,0.00134731,0.00280234
1983-11-23,-0.00126472,0.00211031,0.00323450
1983-11-25,0.00382492,0.00060524,0.00107695
1983-11-28,0.00278252,0.00120556,0.00255528
1983-11-29,0.00284465,0.00215793,0.00315437
1983-11-30,0.00079145,0.00109663,-0.00257250
1983-12-01,0.00248695,0.00146353,0.00074253
1983-12-02,0.00289443,0.00210033,-0.00002085
1983-12-05,0.00071434,0.00151187,0.00218369
1983-12-06,0.00107831,0.00143941,0.00026676
1983-12-07,0.00204028,0.00070782,-0.00009490
1983-12-08,0.00340867,0.00139278,-0.00046535
1983-12-09,0.00369725,0.00033189,-0.00225611
1983-12-12,0.00182395,0.00099653,0.00144096
1983-12-13,0.00233230,0.00146574,0.00052746
1983-12-14,0.00300308,0.00214995,-0.00062031
1983-12-15,0.00165014,0.00137476,-0.00100334
1983-12-16,-0.00020617,-0.00050952,0.00139271
1983-12-19,-0.00058152,-0.00116420,-0.00063226
1983-12-20,-0.00090241,-0.00010836,0.00038436
1983-12-21,0.00186469,-0.00023906,0.00105542
1983-12-22,-0.00103270,-0.00093736,-0.00231371
1983-12-23,0.00111010,-0.00037001,-0.00148968
1983-12-27,0.00069126,0.00102795,0.00386539
1983-12-28,0.00483092,0.00120553,0.00126460
1983-12-29,0.00305916,0.00204135,0.00026049
1983-12-30,0.00003975,0.00094512,-0.00112061
1984-01-03,0.00240799,0.00156743,-0.00136309
1984-01-04,0.00088032,0.00438860,-0.00042792
1984-01-05,-0.00097272,0.00192423,0.00040706
1984-01-06,0.00037174,0.00033706,-0.00318509
1984-01-09,0.00153084,0.00077795,-0.00038141
1984-01-10,0.00280496,0.00105502,-0.00084468
1984-01-11,0.00370167,0.00292556,-0.00031688
1984-01-12,0.00146778,0.00193514,0.00081611
1984-01-13,0.00289217,0.00283270,0.00070623
1984-01-16,0.00132419,0.00038921,-0.00080683
1984-01-17,0.00108705,0.00259520,0.00105026
1984-01-18,0.00116354,0.00006594,-0.00139576
1984-01-19,0.00226840,0.00158826,0.00011652
1984-01-20,0.00384832,0.00160550,-0.00023692
1984-01-23,0.00766050,0.00378431,0.00129456
1984-01-24,0.00274930,0.00327108,0.00091321
1984-01-25,0.00569629,0.00248760,-0.00101673
1984-01-26,0.00381346,0.00153228,0.00054784
1984-01-27,0.00362187,0.00192223,0.00085768
1984-01-30,0.01276578,0.00710981,0.00012105
1984-01-31,0.00288244,0.00112911,0.00115305
1984-02-01,0.00523564,0.00317458,-0.00064525
1984-02-02,0.00171242,0.00073940,-0.00066266
1984-02-03,0.00649565,0.00237990,-0.00058936
1984-02-06,0.01156635,0.00545585,0.00149890
1984-02-07,0.00133321,0.00050027,0.00096067
1984-02-08,0.00617395,0.00199657,-0.00066194
1984-02-09,0.00124038,-0.00113727,0.00054240
1984-02-10,-0.00510665,-0.00283308,0.00097381
1984-02-13,0.00236082,-0.00072661,0.00019999
1984-02-14,-0.00476350,-0.00180540,0.00306114
1984-02-15,-0.00044711,-0.00045929,-0.00016213
1984-02-16,0.00120603,0.00036581,0.00068131
1984-02-17,0.00009625,-0.00084735,-0.00156298
1984-02-21,0.00302379,0.00039927,-0.00073087
1984-02-22,0.00294140,0.00180910,0.00077416
1984-02-23,0.00243628,0.00129243,0.00043223
1984-02-24,-0.01113953,-0.00390854,-0.00006101
1984-02-27,-0.00310629,0.00002150,0.00102068
1984-02-28,0.00386440,0.00187871,-0.00059775
1984-02-29,-0.00023237,0.00014126,0.00062125
1984-03-01,-0.00070483,-0.00082100,0.00109049
1984-03-02,0.00156627,0.00077403,0.00196476
1984-03-05,0.00190589,0.00081005,-0.00118873
1984-03-06,0.00324342,0.00286028,-0.00245662
1984-03-07,0.00426542,0.00278224,-0.00014921
1984-03-08,-0.00085080,-0.00105354,0.00067495
1984-03-09,0.00054629,0.00063960,-0.00072698
1984-03-12,-0.00127168,-0.00186605,0.00106939
1984-03-13,-0.00287824,-0.00022723,-0.00110310
1984-03-14,0.00025169,0.00062724,0.00062382
1984-03-15,-0.00121872,-0.00065386,0.00009540
1984-03-16,-0.00214168,-0.00120244,0.00308719
1984-03-19,0.00176102,0.00109702,0.00054306
1984-03-20,-0.00255624,-0.00154003,0.00101980
1984-03-21,-0.00271332,-0.00209338,0.00177342
1984-03-22,0.00244813,0.00284654,-0.00124265
1984-03-23,-0.00039189,-0.00072787,-0.00012152
1984-03-26,0.00116651,0.00018140,0.00063756
1984-03-27,0.00002516,-0.00031440,-0.00144519
1984-03-28,-0.00357560,-0.00341308,0.00025766
1984-03-29,0.00238428,0.00269540,0.00117355
1984-03-30,0.00025663,0.00146147,0.00271033
1984-04-02,0.00354035,0.00396091,-0.00035521
1984-04-03,-0.00056353,-0.00011660,0.00056947
1984-04-04,-0.00028583,0.00019017,0.00107262
1984-04-05,0.00307703,0.00397902,-0.00078147
1984-04-06,0.00135105,0.00066920,0.00117020
1984-04-09,0.00300831,0.00161325,0.00097150
1984-04-10,-0.00107616,-0.00097223,0.00163024
1984-04-11,0.00169659,0.00210907,0.00074507
1984-04-12,-0.00393430,-0.00367120,0.00103211
1984-04-13,-0.00175339,0.00068149,-0.00129902
1984-04-16,-0.00028329,-0.00099516,0.00058252
1984-04-17,-0.00078441,-0.00034433,0.00073314
1984-04-18,0.00024020,0.00163034,-0.00077483
1984-04-19,-0.00229752,-0.00096620,-0.00022141
1984-04-23,-0.00054414,-0.00007494,0.00060522
1984-04-24,-0.00007885,-0.00057504,0.00054856
1984-04-25,-0.00239420,-0.00017923,-0.00070454
1984-04-26,0.00007353,-0.00043988,0.00065671
1984-04-27,-0.00094790,0.00062330,0.00071141
1984-04-30,0.00190737,0.00167570,0.00046977
1984-05-01,0.00199600,0.00036510,0.00062988
1984-05-02,0.00194827,0.00068988,-0.00022713
1984-05-03,0.00161533,0.00281564,-0.00038008
1984-05-04,0.00296324,0.00413744,0.00061877
1984-05-07,0.00024003,-0.00058053,-0.00042209
1984-05-08,-0.00130396,-0.00254981,0.00024236
1984-05-09,-0.00169273,-0.00009353,0.00139324
1984-05-10,-0.00069293,-0.00032458,0.00127066
1984-05-11,0.00161108,0.00209924,0.00143590
1984-05-14,-0.00079091,0.00042330,-0.00017870
1984-05-15,-0.00120592,-0.00150028,0.00111893
1984-05-16,-0.00121070,-0.00038411,0.00209517
1984-05-17,0.00026450,0.00150679,-0.00023343
1984-05-18,0.00126174,0.00181906,0.00112225
1984-05-21,0.00028473,0.00128183,-0.00093882
1984-05-22,0.00073445,0.00119191,0.00093188
1984-05-23,0.00222283,0.00125373,-0.00000655
1984-05-24,0.00071549,0.00172966,-0.00038557
1984-05-25,0.00100966,0.00054090,0.00254561
1984-05-29,0.00023405,0.00219174,0.00097807
1984-05-30,0.00163055,0.00210859,0.00290679
1984-05-31,-0.00344063,-0.00057874,0.00063040
1984-06-01,-0.00394418,0.00004468,0.00682617
1984-06-04,-0.00346914,-0.00038263,0.00421378
1984-06-05,-0.00105191,-0.00079389,-0.00028758
1984-06-06,-0.00337263,-0.00118070,-0.00041672
1984-06-07,-0.00140719,-0.00035915,-0.00103137
1984-06-08,-0.00016306,0.00024735,-0.00102628
1984-06-11,0.00446713,0.00126828,-0.00433228
1984-06-12,0.00200490,0.00126395,-0.00323629
1984-06-13,-0.00139210,-0.00108247,-0.00097870
1984-06-14,0.00302023,0.00089287,-0.00226998
1984-06-15,0.00028052,-0.00015273,-0.00207608
1984-06-18,-0.00230048,0.00024314,0.00528003
1984-06-19,-0.00270029,-0.00082997,0.00263497
1984-06-20,-0.00002327,0.00134134,0.00181096
1984-06-21,-0.00372126,-0.00210688,0.00037914
1984-06-22,-0.00064953,-0.00159967,0.00167778
1984-06-25,-0.00087057,-0.00065817,-0.00121664
1984-06-26,0.00214019,-0.00065219,-0.00278727
1984-06-27,0.00389683,0.00130704,-0.00282975
1984-06-28,-0.00138859,0.00047216,0.00166870
1984-06-29,-0.00098803,-0.00004843,0.00072206
1984-07-02,0.00243412,0.00052169,-0.00228275
1984-07-03,-0.00412358,-0.00179424,0.00010591
1984-07-05,0.00180704,-0.00003686,-0.00213156
1984-07-06,0.00270893,0.00075992,-0.00189007
1984-07-09,-0.00140569,-0.00057750,-0.00074676
1984-07-10,-0.00211819,-0.00088295,-0.00140307
1984-07-11,0.00510950,0.00169523,-0.00258733
1984-07-12,0.00346623,0.00121928,-0.00303592
1984-07-13,-0.00048532,0.00106414,0.00112502
1984-07-16,0.00142241,-0.00047992,-0.00322637
1984-07-17,-0.00030811,0.00120791,0.00030643
1984-07-18,0.00348370,0.00088422,-0.00228275
1984-07-19,0.00639795,0.00195531,-0.00258431
1984-07-20,0.00561301,0.00132852,-0.00148283
1984-07-23,0.00610544,0.00133129,-0.00457946
1984-07-24,0.00374112,0.00088180,-0.00066892
1984-07-25,-0.00389855,-0.00106660,-0.00222132
1984-07-26,-0.00812278,-0.00329386,0.00051237
1984-07-27,-0.01267726,-0.00484502,0.00147284
1984-07-30,0.00257544,0.00026283,-0.00052892
1984-07-31,-0.00522205,-0.00198086,-0.00060053
1984-08-01,-0.00794111,-0.00095451,0.00624332
1984-08-02,-0.01127833,-0.00237890,0.00740789
1984-08-03,-0.01265335,-0.00075630,0.00944949
1984-08-06,-0.00701200,-0.00138429,0.00058531
1984-08-07,-0.00107544,-0.00107122,-0.00222429
1984-08-08,0.00671276,0.00245696,-0.00193376
1984-08-09,-0.00400487,0.00075650,0.00521301
1984-08-10,-0.00116868,-0.00006618,0.00014738
1984-08-13,0.00165016,0.00036622,-0.00019669
1984-08-14,0.00209974,-0.00014412,-0.00168976
1984-08-15,0.00250125,0.00004196,-0.00195564
1984-08-16,-0.00146625,0.00073746,0.00233920
1984-08-17,0.00021625,-0.00038416,-0.00060190
1984-08-20,0.00251637,0.00118624,0.00000618
1984-08-21,-0.00467450,0.00079282,0.00377009
1984-08-22,0.00242302,0.00118494,0.00137522
1984-08-23,-0.00055110,0.00001049,-0.00044360
1984-08-24,0.00105868,0.00133928,0.00225322
1984-08-27,0.00410689,0.00158731,-0.00134852
1984-08-28,-0.00012126,0.00104948,0.00153629
1984-08-29,0.00005723,0.00080132,-0.00012521
1984-08-30,0.00164997,0.00139487,-0.00020307
1984-08-31,0.00028915,-0.00010587,-0.00068825
1984-09-04,0.00775717,0.00294769,-0.00279740
1984-09-05,0.00468205,0.00227208,-0.00013862
1984-09-06,-0.00294501,-0.00133991,0.00069993
1984-09-07,0.00375037,0.00115646,-0.00112041
1984-09-10,0.00402033,0.00158544,-0.00160136
1984-09-11,-0.00182955,-0.00088805,0.00038154
1984-09-12,0.00257583,0.00099095,-0.00088111
1984-09-13,-0.00562129,-0.00184411,0.00288046
1984-09-14,-0.00446613,-0.00282500,0.00205072
1984-09-17,0.00287891,0.00033229,-0.00069460
1984-09-18,0.00569015,0.00196935,-0.00222305
1984-09-19,0.00547488,0.00318754,-0.00002920
1984-09-20,0.00237563,0.00175787,0.00070616
1984-09-21,0.00024462,0.00031113,0.00071966
1984-09-24,0.00623418,0.00324886,-0.00284818
1984-09-25,0.00525638,0.00252673,-0.00066752
1984-09-26,0.00068878,0.00052461,0.00118957
1984-09-27,0.00061960,0.00019695,-0.00144687
1984-09-28,-0.00139732,-0.00083952,-0.00264681
1984-10-01,0.00335046,0.00225292,-0.00136124
1984-10-02,0.00233631,0.00106722,-0.00174200
1984-10-03,0.00219922,0.00086873,0.00049952
1984-10-04,-0.00036691,-0.00099500,-0.00062590
1984-10-05,-0.00157078,-0.00048043,0.00053589
1984-10-08,0.00058131,-0.00036552,-0.00090105
1984-10-09,0.00057038,-0.00101022,-0.00040992
1984-10-10,0.00218993,0.00016632,-0.00040228
1984-10-11,-0.00065003,-0.00098478,0.00031559
1984-10-12,0.00022950,-0.00072302,0.00040219
1984-10-15,0.00069184,-0.00016167,0.00077591
1984-10-16,-0.00189867,-0.00148689,0.00021003
1984-10-17,-0.00183461,-0.00216278,0.00185344
1984-10-18,-0.00126093,-0.00324541,0.00182510
1984-10-19,-0.00148439,-0.00109647,0.00120031
1984-10-22,0.00019765,-0.00010826,0.00102317
1984-10-23,0.00086929,0.00011485,-0.00030314
1984-10-24,-0.00024710,-0.00035351,-0.00042961
1984-10-25,0.00106128,0.00037655,-0.00219266
1984-10-26,0.00558757,0.00373877,0.00281027
1984-10-29,0.00136094,0.00189646,0.00107975
1984-10-30,0.00312132,-0.00113796,-0.00323761
1984-10-31,-0.00012021,0.00056353,0.00224206
1984-11-01,0.00235515,-0.00070729,-0.00163700
1984-11-02,-0.00004548,0.00012008,-0.00011475
1984-11-05,0.00303698,-0.00029513,-0.00352613
1984-11-06,0.00435034,0.00009386,-0.00333457
1984-11-07,0.00012492,0.00042936,0.00115427
1984-11-08,-0.00069527,-0.00058914,-0.00062772
1984-11-09,-0.00121425,0.00008583,0.00096923
1984-11-12,0.00154910,0.00126491,0.00011527
1984-11-13,0.00062957,0.00231578,0.00219466
1984-11-14,0.00335597,0.00108378,0.00028343
1984-11-15,0.00464990,0.00150470,0.00064288
1984-11-16,-0.00195011,0.00094844,0.00150391
1984-11-19,0.00178563,0.00182489,0.00173467
1984-11-20,0.00379110,0.00029311,-0.00096771
1984-11-21,-0.00050469,-0.00139069,-0.00166165
1984-11-23,0.00014420,-0.00339722,-0.00496870
1984-11-26,-0.00234268,0.00004239,0.00130452
1984-11-27,0.00338092,0.00071294,0.00099071
1984-11-28,-0.00300157,0.00015953,0.00124476
1984-11-29,-0.00172717,0.00101982,0.00151108
1984-11-30,-0.00080123,0.00031513,-0.00116362
1984-12-03,0.00030293,0.00105891,0.00246856
1984-12-04,0.00188922,0.00058865,-0.00024048
1984-12-05,0.00077384,0.00155220,0.00023325
1984-12-06,0.00119487,-0.00117455,-0.00100457
1984-12-07,-0.00038122,0.00063659,0.00010166
1984-12-10,0.00163633,0.00174757,0.00023960
1984-12-11,0.00099898,-0.00003122,-0.00044290
1984-12-12,-0.00068324,0.00101907,0.00001280
1984-12-13,-0.00022117,0.00104634,0.00164735
1984-12-14,0.00048258,-0.00040139,-0.00084921
1984-12-17,0.00213089,0.00022049,-0.00077114
1984-12-18,0.00833382,-0.00321424,-0.00309347
1984-12-19,-0.00524186,0.00056752,0.00340588
1984-12-20,0.00065332,0.00179266,0.00171059
1984-12-21,0.00073434,0.00056643,0.00047765
1984-12-24,-0.00242173,-0.00122774,-0.00379334
1984-12-26,-0.00163634,-0.00051936,0.00086268
1984-12-27,0.00154676,0.00233302,0.00036424
1984-12-28,-0.00143388,0.00021407,0.00022653
1984-12-31,0.00070426,-0.00110473,-0.00128237
1985-01-02,-0.00106616,0.00183730,-0.00101176
1985-01-03,-0.00377329,-0.00052520,-0.00075427
1985-01-04,-0.00069192,0.00101075,0.00148206
1985-01-07,-0.00160912,-0.00069460,-0.00267334
1985-01-08,-0.00177140,0.00029058,-0.00145705
1985-01-09,-0.00314511,-0.00100591,-0.00140227
1985-01-10,0.00332232,-0.00251923,-0.00244117
1985-01-11,-0.00008731,0.00011360,-0.00021513
1985-01-14,-0.00123863,-0.00239905,-0.00234302
1985-01-15,-0.00355394,-0.00043634,-0.00097011
1985-01-16,-0.00416039,-0.00265925,-0.00149260
1985-01-17,-0.00206015,0.00070468,0.00151747
1985-01-18,-0.00186921,-0.00079722,-0.00047722
1985-01-21,0.00225736,-0.00100560,-0.00319517
1985-01-22,-0.00109159,0.00193678,0.00017513
1985-01-23,0.00014857,-0.00152862,0.00071170
1985-01-24,-0.00448711,-0.00120104,0.00299755
1985-01-25,-0.00012164,-0.00095096,-0.00078474
1985-01-28,-0.00293524,0.00172798,-0.00422938
1985-01-29,0.00082724,0.00019791,-0.00146293
1985-01-30,-0.00277336,-0.00404888,-0.00208113
1985-01-31,0.00458925,-0.00068081,-0.00058883
1985-02-01,0.00196212,0.00101940,0.00091304
1985-02-04,-0.00093905,-0.00160046,-0.00346539
1985-02-05,-0.00365316,-0.00205632,-0.00027881
1985-02-06,-0.00397585,-0.00296225,0.00043804
1985-02-07,-0.00095603,-0.00256701,-0.00144124
1985-02-08,-0.00260240,-0.00252892,-0.00033728
1985-02-11,0.00189574,0.00107132,0.00234754
1985-02-12,0.00145952,0.00165546,0.00042262
1985-02-13,0.00150172,-0.00111730,-0.00320566
1985-02-14,0.00403434,0.00278468,0.00180855
1985-02-15,0.00236155,0.00234598,0.00261122
1985-02-19,0.00401845,0.00301211,0.00022509
1985-02-20,-0.00256198,0.00042569,0.00052221
1985-02-21,-0.00008986,0.00022870,0.00076944
1985-02-22,0.00109615,0.00072252,0.00181697
1985-02-25,0.00619440,0.00242134,0.00059613
1985-02-26,0.00077564,-0.00069720,-0.00214550
1985-02-27,0.00168201,-0.00089347,0.00008809
1985-02-28,-0.00001660,0.00107748,-0.00118165
1985-03-01,0.00189601,0.00059317,-0.00042084
1985-03-04,-0.00017122,0.00182761,-0.00250816
1985-03-05,-0.00108027,0.00020401,-0.00000506
1985-03-06,-0.00174173,-0.00140117,0.00044379
1985-03-07,0.00052425,-0.00209793,0.00200285
1985-03-08,0.00030907,-0.00059715,0.00104637
1985-03-11,0.00102775,0.00069156,-0.00022467
1985-03-12,0.00288773,0.00122879,-0.00091577
1985-03-13,0.00166963,-0.00129274,0.00234752
1985-03-14,0.00081442,0.00087649,0.00094503
1985-03-15,-0.00289458,-0.00111114,-0.00064417
1985-03-18,0.00443258,0.00157873,0.00135086
1985-03-19,0.00518118,0.00317796,0.00026464
1985-03-20,-0.00133030,-0.00031569,-0.00210196
1985-03-21,0.00010769,-0.00021783,-0.00031771
1985-03-22,-0.00135825,-0.00076289,-0.00028767
1985-03-25,-0.00017786,-0.00189125,0.00191437
1985-03-26,0.00362872,-0.00047731,0.00145584
1985-03-27,0.00096898,0.00036060,-0.00053164
1985-03-28,0.00203101,0.00001231,-0.00153472
1985-03-29,0.00173597,0.00184774,0.00218040
1985-04-01,0.00291240,-0.00038986,-0.00265051
1985-04-02,-0.00080681,0.00024931,-0.00098446
1985-04-03,-0.00332622,-0.00112085,-0.00129151
1985-04-04,-0.00159024,0.00059314,0.00070525
1985-04-08,-0.00369911,-0.00217976,-0.00069520
1985-04-09,0.00127099,0.00096758,0.00072092
1985-04-10,0.00601109,0.00272988,0.00011071
1985-04-11,0.00338450,0.00030943,-0.00221438
1985-04-12,-0.00030322,0.00042060,-0.00164394
1985-04-15,0.00041512,-0.00019421,0.00026296
1985-04-16,-0.00046231,-0.00080181,-0.00215147
1985-04-17,0.00019439,-0.00001220,-0.00048847
1985-04-18,0.00029644,0.00060967,-0.00099882
1985-04-19,-0.00039786,0.00013043,0.00156324
1985-04-22,-0.00050700,0.00030670,-0.00110138
1985-04-23,0.00471505,0.00063701,-0.00151268
1985-04-24,0.00116607,0.00031580,-0.00125395
1985-04-25,0.00088124,0.00006578,-0.00002314
1985-04-26,-0.00170056,-0.00049171,-0.00087567
1985-04-29,-0.00176780,-0.00298741,-0.00164284
1985-04-30,-0.00066573,-0.00042106,-0.00003955
1985-05-01,-0.00278885,-0.00044838,0.00130001
1985-05-02,0.00411561,0.00098329,-0.00057770
1985-05-03,0.00410110,0.00148610,-0.00049228
1985-05-06,-0.00128807,-0.00132458,-0.00110728
1985-05-07,0.00270148,0.00086362,-0.00045882
1985-05-08,-0.00252043,-0.00134576,-0.00062846
1985-05-09,0.00339807,0.00117358,-0.00005190
1985-05-10,0.00425790,0.00143386,-0.00110845
1985-05-13,0.00143612,0.00088319,0.00041491
1985-05-14,-0.00279048,-0.00212776,-0.00137737
1985-05-15,0.00239344,0.00048079,-0.00045694
1985-05-16,0.00149262,-0.00012472,-0.00073828
1985-05-17,0.00373954,0.00041300,-0.00108920
1985-05-20,0.00463776,0.00235722,0.00027786
1985-05-21,0.00053958,0.00044662,-0.00031627
1985-05-22,-0.00178822,-0.00125453,-0.00089910
1985-05-23,-0.00246346,-0.00093172,-0.00019053
1985-05-24,0.00078910,-0.00053243,-0.00141447
1985-05-28,-0.00108302,-0.00169447,-0.00154469
1985-05-29,0.00070885,-0.00098830,-0.00290721
1985-05-30,-0.00237424,0.00008119,-0.00034981
1985-05-31,0.00002974,0.00034152,0.00047952
1985-06-03,0.00115024,0.00162577,-0.00134419
1985-06-04,-0.00236672,0.00027428,-0.00158208
1985-06-05,-0.00346859,0.00001257,-0.00133475
1985-06-06,0.00210444,0.00195868,-0.00109911
1985-06-07,-0.00281385,-0.00085960,-0.00105292
1985-06-10,-0.00112621,-0.00113831,-0.00072820
1985-06-11,0.00054309,0.00009150,-0.00022872
1985-06-12,-0.00318456,-0.00297119,-0.00073092
1985-06-13,-0.00177141,-0.00227572,0.00017856
1985-06-14,-0.00226260,0.00131298,-0.00114654
1985-06-17,-0.00243102,0.00040860,-0.00130916
1985-06-18,-0.00183241,-0.00047050,0.00018480
1985-06-19,-0.00550889,-0.00210468,-0.00143916
1985-06-20,-0.00054580,-0.00067758,0.00041424
1985-06-21,0.00512869,0.00187864,0.00057872
1985-06-24,0.00319643,0.00201527,0.00032303
1985-06-25,0.00354215,0.00167603,0.00039182
1985-06-26,0.00105609,0.00098014,0.00174102
1985-06-27,0.00364033,0.00050350,-0.00219829
1985-06-28,0.00422498,0.00098165,0.00023442
1985-07-01,0.00093946,0.00118420,0.00133303
1985-07-02,0.00121894,-0.00063270,-0.00309010
1985-07-03,0.00247416,0.00051796,0.00058251
1985-07-05,-0.00122103,-0.00071887,-0.00027936
1985-07-08,-0.00214434,-0.00126080,-0.00123580
1985-07-09,-0.00221202,-0.00180534,0.00052713
1985-07-10,0.00252509,0.00034925,0.00033157
1985-07-11,0.00141437,0.00054714,-0.00112138
1985-07-12,-0.00019006,0.00005109,-0.00069962
1985-07-15,-0.00367740,-0.00168175,-0.00005742
1985-07-16,0.00299174,0.00214123,0.00134129
1985-07-17,0.00513785,0.00278411,0.00373894
1985-07-18,0.00273857,0.00099741,0.00120135
1985-07-19,0.00581279,-0.00147225,0.00160614
1985-07-22,-0.00376758,0.00125064,-0.00037947
1985-07-23,0.00377217,0.00253931,0.00035192
1985-07-24,-0.00036129,-0.00209000,0.00373407
1985-07-25,0.00361193,0.00127788,0.00307520
1985-07-26,0.00367620,0.00087953,0.00237061
1985-07-29,0.00259556,-0.00038535,-0.00207239
1985-07-30,0.00491800,0.00156096,0.00133955
1985-07-31,0.00203076,-0.00053354,-0.00143243
1985-08-01,0.00250264,-0.00023527,-0.00042858
1985-08-02,-0.00218207,-0.00042228,-0.00098005
1985-08-05,-0.00097586,0.00011934,-0.00056032
1985-08-06,0.00143552,0.00028515,0.00000281
1985-08-07,0.00160555,0.00100661,0.00094867
1985-08-08,-0.00090995,-0.00063710,0.00002203
1985-08-09,-0.00182222,-0.00036119,-0.00036571
1985-08-12,-0.00142077,0.00033644,0.00081907
1985-08-13,-0.00266833,-0.00067022,0.00030428
1985-08-14,-0.00214914,-0.00045507,-0.00022048
1985-08-15,0.00088634,0.00128457,0.00107912
1985-08-16,-0.00111612,0.00026613,-0.00040176
1985-08-19,0.00292925,0.00114959,0.00128973
1985-08-20,0.00204291,0.00063616,0.00094176
1985-08-21,-0.00081857,-0.00034178,-0.00003129
1985-08-22,-0.00011453,-0.00084601,-0.00067711
1985-08-23,0.00263426,0.00136053,0.00064680
1985-08-26,-0.00247854,-0.00030953,-0.00004584
1985-08-27,0.00201301,-0.00042862,-0.00207616
1985-08-28,0.00419630,0.00071687,0.00107103
1985-08-29,0.00224858,0.00063458,-0.00017208
1985-08-30,0.00084841,0.00013019,0.00061403
1985-09-03,0.00398555,0.00318674,0.00165628
1985-09-04,-0.00371358,0.00083404,-0.00144314
1985-09-05,0.00033567,0.00093895,-0.00009311
1985-09-06,-0.00073094,-0.00184075,-0.00020731
1985-09-09,-0.00044551,-0.00021859,0.00085611
1985-09-10,0.00019327,0.00187967,0.00084871
1985-09-11,-0.00179643,0.00224354,-0.00149439
1985-09-12,-0.00035127,0.00179886,-0.00062599
1985-09-13,-0.00200137,0.00156384,-0.00012868
1985-09-16,-0.00084384,0.00069819,0.00002105
1985-09-17,0.00007734,0.00301043,-0.00002328
1985-09-18,-0.00359897,-0.00133920,0.00119703
1985-09-19,0.00157938,-0.00345252,0.00075857
1985-09-20,-0.00095028,0.00122950,-0.00177442
1985-09-23,0.00034089,-0.00061440,0.00146806
1985-09-24,-0.00905009,0.00238973,-0.00014242
1985-09-25,-0.00427436,0.00323791,-0.00021026
1985-09-26,-0.00026350,0.00016231,-0.00378635
1985-09-30,-0.00286780,0.00195029,0.00229273
1985-10-01,0.00772320,-0.00380164,0.00110312
1985-10-02,-0.00291185,0.00173723,-0.00176109
1985-10-03,-0.00224198,0.00061801,0.00113533
1985-10-04,-0.00189255,0.00252309,-0.00077459
1985-10-07,-0.00346356,0.00326270,-0.00139243
1985-10-08,-0.00455878,0.00152116,-0.00123143
1985-10-09,0.00501984,-0.00112874,0.00073376
1985-10-10,0.00748463,-0.00008127,-0.00004317
1985-10-11,0.00615735,-0.00301579,0.00116824
1985-10-14,0.00909469,-0.00250790,0.00081924
1985-10-15,0.00039081,0.00035901,-0.00013180
1985-10-16,0.00364982,-0.00075427,0.00096752
1985-10-17,0.00185233,-0.00151201,-0.00025884
1985-10-18,-0.00001151,0.00137343,0.00046686
1985-10-21,0.00144259,0.00146215,0.00003098
1985-10-22,0.00383353,-0.00206703,0.00015876
1985-10-23,0.00749873,-0.00127836,0.00088366
1985-10-24,0.00167427,0.00059914,0.00052434
1985-10-25,-0.00524968,0.00196205,-0.00032117
1986-10-27,0.00298567,0.00264036,0.00272485
1986-10-28,0.00056707,-0.00000260,0.00043700
1986-10-29,-0.00084501,-0.00029326,0.00010430
1986-10-30,0.00404217,0.00334253,0.00183576
1986-10-31,-0.00450740,-0.00180486,-0.00216781
1986-11-03,-0.00175827,0.00148942,0.00098819
1986-11-04,-0.00337739,-0.00035654,-0.00049826
1986-11-05,-0.00977180,-0.00245481,-0.00084749
1986-11-06,0.00031271,-0.00070989,-0.00023607
1986-11-07,-0.00103786,0.00050846,0.00039787
1986-11-10,-0.00531291,-0.00161484,-0.00065678
1986-11-11,-0.00187010,-0.00050924,-0.00002743
1986-11-12,-0.00203470,-0.00143538,-0.00094951
1986-11-13,-0.00342129,-0.00202556,-0.00287605
1986-11-14,0.00002464,-0.00039077,0.00035928
1986-11-17,-0.00048134,-0.00118672,0.00001554
1986-11-18,0.00035724,-0.00231478,-0.00244719
1986-11-19,-0.00109733,0.00116248,0.00068672
1986-11-20,-0.00008683,0.00165117,0.00211893
1986-11-21,0.00357964,0.00248841,0.00508807
1986-11-24,0.00349210,0.00217780,0.00212377
1986-11-25,-0.00154317,0.00108187,0.00107969
1986-11-26,0.00315536,0.00357139,-0.00178652
1986-11-28,-0.00186143,-0.00103691,-0.00142679
1986-12-01,0.00184423,0.00129674,0.00035227
1986-12-02,0.00159711,0.00191502,-0.00352901
1986-12-03,0.00043100,0.00118143,-0.00195215
1986-12-04,0.00104822,0.00015782,-0.00015571
1986-12-05,-0.00068214,-0.00102557,0.00200333
1986-12-08,0.00097077,0.00056205,0.00015406
1986-12-09,-0.00191152,-0.00034816,0.00070982
1986-12-10,0.00262161,0.00111108,-0.00138307
1986-12-11,-0.00171097,-0.00119889,0.00132022
1986-12-12,0.00089991,-0.00078065,0.00144023
1986-12-15,-0.00157570,-0.00279681,-0.00002762
1986-12-16,0.00116595,0.00070220,-0.00338992
1986-12-17,0.00088880,0.00141755,0.00190958
1986-12-18,-0.00188964,-0.00094932,0.00024420
1986-12-19,-0.00636782,-0.00250641,-0.00121711
1986-12-22,0.00016731,-0.00234781,0.00072685
1986-12-23,-0.00189117,-0.00295124,0.00154104
1986-12-24,-0.00006209,0.00044022,0.00087094
1986-12-26,-0.00141068,0.00104440,0.00253278
1986-12-29,0.00297942,0.00135262,0.00033367
1986-12-30,-0.00158161,-0.00109198,0.00052796
1986-12-31,-0.00623615,-0.00124997,0.00350825
1987-01-02,0.00479350,0.00409420,-0.00083052
1987-01-05,0.00019908,0.00275270,-0.00353721
1987-01-06,-0.00095341,0.00391410,-0.00287542
1987-01-07,-0.00259918,0.00222881,-0.00320355
1987-01-08,-0.00351898,-0.00069595,-0.00079123
1987-01-09,-0.00485909,-0.00281727,0.00209110
1987-01-12,-0.00190866,-0.00042963,0.00049070
1987-01-13,-0.00181683,0.00059198,-0.00032649
1987-01-14,-0.00518332,-0.00090585,0.00150559
1987-01-15,-0.00388711,0.00044934,-0.00143079
1987-01-16,0.00562816,0.00206275,-0.00142564
1987-01-19,-0.00260335,0.00011920,-0.00507799
1987-01-20,0.00126927,0.00054566,-0.00103344
1987-01-21,0.00540896,0.00238184,-0.00254090
1987-01-22,0.00548860,0.00425061,-0.00774393
1987-01-23,-0.00237624,0.00076386,0.00221353
1987-01-26,0.00115415,-0.00065386,0.00020246
1987-01-27,-0.00299378,0.00285478,-0.00117873
1987-01-28,-0.00277661,-0.00072613,-0.00091631
1987-01-29,0.00292130,-0.00042380,0.00103973
1987-01-30,-0.00027041,-0.00048085,-0.00068306
1987-02-02,-0.00779437,-0.00089880,0.00299011
1987-02-03,-0.00460910,-0.00339507,0.00106078
1987-02-04,-0.00237093,-0.00082186,0.00257440
1987-02-05,-0.00073401,-0.00022056,0.00084378
1987-02-06,0.00139082,0.00177179,0.00153337
1987-02-09,0.00234436,0.00101553,-0.00035735
1987-02-10,0.00234241,-0.00085259,0.00114738
1987-02-11,-0.00836185,0.00061402,-0.00098821
1987-02-12,-0.00295652,0.00139630,-0.00030540
1987-02-13,-0.00514410,0.00145826,-0.00273902
1987-02-17,-0.00673270,0.00113969,-0.00328563
1987-02-18,0.00121504,0.00070904,-0.00270368
1987-02-19,0.00193782,0.00023628,-0.00146750
1987-02-20,0.00584342,0.00213618,0.00039106
1987-02-23,0.00159948,-0.00111136,-0.00060990
1987-02-24,-0.00387798,0.00251285,-0.00053534
1987-02-25,-0.00314899,0.00240073,-0.00109352
1987-02-26,0.00120250,0.00304950,0.00395321
1987-02-27,0.00184834,0.00173796,-0.00022457
1987-03-02,-0.00055556,-0.00082550,0.00273301
1987-03-03,0.00322973,0.00062630,-0.00065388
1987-03-04,0.00109719,0.00059062,-0.00775558
1987-03-05,-0.00157723,-0.00093771,-0.00515059
1987-03-06,0.00246152,0.00183776,-0.00025672
1987-03-09,0.00139665,0.00228946,0.00210222
1987-03-10,-0.00073350,0.00029093,-0.00224087
1987-03-11,-0.00286216,-0.00038240,-0.00014769
1987-03-12,0.00040737,0.00196505,-0.00044478
1987-03-13,0.00009334,0.00065052,0.00236922
1987-03-16,0.00257957,0.00259928,0.00368943
1987-03-17,-0.00021296,-0.00112990,-0.00667546
1987-03-18,0.00130950,-0.00070625,-0.00024809
1987-03-19,-0.00261781,-0.00130450,-0.00167227
1987-03-20,0.00279804,-0.00002300,-0.00445721
1987-03-23,0.00741881,0.00402798,-0.00437002
1987-03-24,0.00426325,0.00098954,-0.00037668
1987-03-25,-0.00207288,-0.00033961,0.00220854
1987-03-26,0.00013354,-0.00063680,-0.00031957
1987-03-27,-0.00523842,0.00029947,-0.00139246
1987-03-30,-0.00553047,-0.00268519,0.00330431
1987-03-31,0.00049814,-0.00015130,-0.00296998
1987-04-01,0.00341380,0.00075471,-0.00025610
1987-04-02,-0.00151875,-0.00187729,-0.00195678
1987-04-03,0.00261721,-0.00004969,-0.00327472
1987-04-06,0.00023768,0.00091449,-0.00205794
1987-04-07,-0.00801575,-0.00314749,-0.00040664
1987-04-08,0.00096316,0.00122404,-0.00012860
1987-04-09,-0.00569289,-0.00229747,0.00008805
1987-04-10,-0.00340474,-0.00151314,-0.00063897
1987-04-13,-0.00767915,-0.00132229,0.00298867
1987-04-14,-0.00320948,0.00020800,0.00122802
1987-04-15,0.00690682,0.00123483,-0.00201323
1987-04-16,0.00039829,-0.00032304,-0.00194478
1987-04-20,-0.00314395,-0.00083852,-0.00072007
1987-04-21,0.00727656,0.00376558,-0.00526584
1987-04-22,-0.00765789,-0.00298252,0.00011617
1987-04-23,-0.00088144,0.00011648,-0.00074432
1987-04-24,-0.00571753,-0.00149856,0.00090847
1987-04-27,0.00407278,0.00140971,-0.00204675
1987-04-28,0.00310462,0.00182163,-0.00327144
1987-04-29,0.00360596,-0.00060387,-0.00251701
1987-04-30,0.00196031,0.00105296,-0.00478683
1987-05-01,-0.00234682,-0.00188908,0.00037699
1987-05-04,0.00282764,0.00209713,0.00118138
1987-05-05,0.00522875,0.00123898,-0.00468380
1987-05-06,0.00211040,0.00044350,0.00114429
1987-05-07,0.00088302,0.00062615,0.00143888
1987-05-08,-0.00377401,-0.00196319,0.00135134
1987-05-11,-0.00253830,-0.00121325,0.00222320
1987-05-12,0.00075087,0.00183963,-0.00028879
1987-05-13,-0.00104310,-0.00232831,-0.00053919
1987-05-14,-0.00148081,-0.00096664,0.00138448
1987-05-15,-0.00861028,0.00018433,0.00143759
1987-05-18,-0.00032824,0.00025940,0.00145425
1987-05-19,-0.00601511,0.00106112,0.00446800
1987-05-20,0.00007314,0.00010278,0.00085381
1987-05-21,0.00342922,0.00046846,-0.00175753
1987-05-22,0.00412918,0.00158812,-0.00149475
1987-05-26,0.01149850,0.00259255,-0.00181201
1987-05-27,-0.00346322,-0.00168757,-0.00262604
1987-05-28,0.00275904,0.00048650,-0.00220178
1987-05-29,-0.00210173,-0.00002432,0.00193987
1987-06-01,0.00244852,0.00335682,0.00138160
1987-06-02,0.00000942,0.00050992,0.00170840
1987-06-03,0.00548530,0.00070949,-0.00173895
1987-06-04,0.00407412,0.00157989,-0.00033530
1987-06-05,-0.00175023,-0.00034809,0.00091065
1987-06-08,0.00315669,0.00138981,-0.00095813
1987-06-09,-0.00012703,-0.00235354,-0.00166715
1987-06-10,0.00164884,0.00137634,0.00097664
1987-06-11,0.00333903,0.00226255,0.00214808
1987-06-12,0.00420783,0.00121624,0.00065569
1987-06-15,0.00369902,0.00235058,0.00226410
1987-06-16,0.00068146,-0.00021426,-0.00068807
1987-06-17,0.00007537,-0.00048886,-0.00057696
1987-06-18,0.00059378,0.00094564,-0.00018913
1987-06-19,0.00021524,-0.00000403,-0.00135752
1987-06-22,0.00302433,0.00088196,-0.00113461
1987-06-23,-0.00085879,-0.00005155,-0.00084281
1987-06-24,-0.00122721,0.00051992,0.00293554
1987-06-25,0.00276411,0.00278197,0.00236431
1987-06-26,-0.00206943,0.00053112,-0.00086054
1987-06-29,0.00185232,-0.00006354,-0.00119493
1987-06-30,-0.00470207,-0.00055922,0.00090510
1987-07-01,0.00031231,0.00166362,0.00112252
1987-07-02,0.00194055,-0.00054670,-0.00174650
1987-07-06,-0.00173336,0.00019919,0.00086948
1987-07-07,0.00285420,0.00323899,-0.00013087
1987-07-08,0.00141301,-0.00080788,-0.00087619
1987-07-09,-0.00204586,-0.00089950,0.00168972
1987-07-10,0.00059600,0.00107112,0.00113185
1987-07-13,0.00001273,-0.00129044,-0.00233717
1987-07-14,0.00331696,-0.00400813,-0.00468364
1987-07-15,-0.00165270,-0.00172511,-0.00013319
1987-07-16,0.00158201,0.00004577,0.00089103
1987-07-17,0.00073264,0.00199178,-0.00028131
1987-07-20,-0.00378304,-0.00034348,0.00144514
1987-07-21,-0.00156588,0.00160465,0.00393630
1987-07-22,-0.00198086,-0.00151034,-0.00175465
1987-07-23,0.00089236,0.00112771,0.00012467
1987-07-24,0.00027208,-0.00146445,-0.00048436
1987-07-27,0.00160688,0.00244307,0.00102502
1987-07-28,0.00376298,0.00373204,-0.00145229
1987-07-29,0.00600376,0.00013649,-0.00205889
1987-07-30,0.00245842,-0.00255584,-0.00418061
1987-07-31,-0.00124567,-0.00161808,-0.00065064
1987-08-03,-0.00291929,-0.00208183,-0.00106216
1987-08-04,-0.00150787,-0.00012943,0.00135875
1987-08-05,0.00484240,0.00214544,0.00181338
1987-08-06,0.00949627,-0.00121573,-0.00417686
1987-08-07,0.00221308,-0.00026906,-0.00100867
1987-08-10,0.00512334,0.00099501,-0.00124390
1987-08-11,0.00789546,0.00113242,-0.00207588
1987-08-12,-0.00274040,0.00252891,0.00217027
1987-08-13,0.00370124,0.00303005,0.00428460
1987-08-14,-0.00272154,0.00454408,0.00375598
1987-08-17,0.00153242,0.00097803,0.00159719
1987-08-18,-0.00604882,-0.00145906,0.00111314
1987-08-19,0.00042771,0.00011570,-0.00038314
1987-08-20,0.00739453,-0.00186701,-0.00354236
1987-08-21,0.00226611,-0.00035467,-0.00110217
1987-08-24,-0.00256402,0.00041147,0.00079621
1987-08-25,0.00542198,0.00217226,0.00051842
1987-08-26,0.00296701,0.00207682,-0.00296591
1987-08-27,0.00083414,-0.00268463,-0.00286834
1987-08-28,0.00156016,-0.00104236,-0.00176267
1987-08-31,-0.00554459,-0.00030623,-0.00012872
1987-09-01,0.00303802,-0.00275463,-0.00257678
1987-09-02,0.00508485,0.00157877,0.00046542
1987-09-03,-0.00100104,0.00027948,-0.00027877
1987-09-04,0.00392286,0.00048265,-0.00064222
1987-09-08,-0.00153636,0.00098150,0.00060744
1987-09-09,0.00037557,-0.00145772,-0.00147330
1987-09-10,-0.00083954,-0.00076914,0.00028110
1987-09-11,-0.00007094,0.00107134,0.00217219
1987-09-14,-0.00219919,-0.00095767,-0.00039121
1987-09-15,-0.00235982,-0.00063296,-0.00182602
1987-09-16,-0.00280178,-0.00145536,-0.00080790
1987-09-17,0.00084262,-0.00059484,-0.00093432
1987-09-18,-0.00167775,-0.00069998,-0.00024272
1987-09-21,-0.00341885,0.00034218,-0.00042050
1987-09-22,0.00243174,0.00495820,0.00565815
1987-09-23,-0.00212272,-0.00092024,-0.00069361
1987-09-24,-0.00054346,-0.00153430,-0.00130423
1987-09-25,0.00000467,0.00043032,-0.00012559
1987-09-28,-0.00060802,0.00162450,0.00205700
1987-09-29,-0.00243399,0.00029040,0.00041295
1987-09-30,0.00956864,0.00265240,-0.00032039
1987-10-01,0.00606854,0.00465560,0.00134431
1987-10-02,0.00226785,0.00303358,-0.00042676
1987-10-05,-0.00004997,0.00063654,-0.00211594
1987-10-06,-0.00482782,-0.00364994,-0.00165083
1987-10-07,-0.00457615,-0.00107543,0.00181203
1987-10-08,-0.00601959,-0.00314043,-0.00058653
1987-10-09,-0.00194179,-0.00012500,0.00019964
1987-10-12,0.00307687,0.00037071,0.00147656
1987-10-13,0.00150765,0.00274960,0.00260288
1987-10-14,-0.00655730,-0.00384173,-0.00246498
1987-10-15,-0.00668677,-0.00432039,-0.00322882
1987-10-16,-0.00140978,-0.00663976,-0.00134683
1987-10-19,-0.02358422,-0.03442412,-0.01602079
1987-10-20,0.03299137,0.01078791,0.01653644
1987-10-21,0.02111860,0.01949955,0.00303763
1987-10-22,0.00203105,-0.00636719,-0.00141206
1987-10-23,0.00239495,-0.00056429,0.00443676
1987-10-26,-0.08146442,0.04917764,0.03642909
1987-10-27,0.01874115,-0.00249754,-0.00602974
1987-10-28,0.01527128,-0.00558463,0.00095497
1987-10-29,0.08138584,-0.03680569,-0.02526265
1987-10-30,0.07910129,-0.01974141,-0.02438501
1987-11-02,0.02504870,-0.00660655,-0.00757594
1987-11-03,-0.03034869,0.01135754,0.01079769
1987-11-04,-0.00638051,0.00138650,0.00178397
1987-11-05,0.01315440,-0.00398579,-0.00513726
1987-11-06,-0.00664887,0.00154717,0.00203544
1987-11-09,-0.01874460,0.01030238,0.00563741
1987-11-10,-0.01897610,0.00882683,0.00695950
1987-11-11,0.00808660,-0.00665516,-0.00680070
1987-11-12,0.02223158,-0.01197182,-0.00570823
1987-11-13,-0.00500247,-0.00018812,-0.00056342
1987-11-16,-0.00352614,-0.00100766,0.00077280
1987-11-17,-0.01582028,0.00581106,0.00623397
1987-11-18,0.00613709,-0.00352078,-0.00165359
1987-11-19,-0.01466253,0.00253384,0.00533515
1987-11-20,-0.00083174,0.00159930,0.00045396
1987-11-23,0.00620233,-0.00438280,-0.00159620
1987-11-24,0.01442659,-0.00118484,-0.01055348
1987-11-25,-0.00506051,-0.00015310,-0.00312021
1987-11-27,-0.00244178,0.00228353,0.00175762
1987-11-30,-0.00702116,0.00616325,0.01852115
1987-12-01,0.00584423,0.00101003,-0.00209104
1987-12-02,0.00459283,0.00112651,-0.00143652
1987-12-03,-0.01043360,0.00468103,0.01321142
1987-12-04,0.00247744,0.00260225,0.00548848
1987-12-07,0.01197603,-0.00134058,-0.00866194
1987-12-08,0.01284612,-0.00191353,-0.01199121
1987-12-09,0.00861052,-0.00277821,-0.00995307
1987-12-10,-0.00636677,0.00133339,0.00364678
1987-12-11,0.00192104,-0.00170316,-0.00599772
1987-12-14,0.00994172,-0.00491857,-0.01505109
1987-12-15,-0.00027928,0.00163452,-0.00181909
1987-12-16,0.00625430,-0.00163906,-0.00914242
1987-12-17,-0.00715472,0.00323980,0.00070090
1987-12-18,0.00468503,-0.00044920,-0.00778854
1987-12-21,0.00352274,0.00104009,-0.00311481
1987-12-22,0.00184643,0.00038388,-0.00010088
1987-12-23,0.00483560,-0.00009188,-0.00713079
1987-12-24,0.00523046,0.00117894,-0.00157136
1987-12-28,0.00652241,0.00444256,0.01014639
1987-12-29,-0.00017467,0.00129052,0.00276906
1987-12-30,0.00183638,-0.00061592,-0.00515166
1987-12-31,-0.00044576,0.00263189,-0.00057157
1988-01-04,0.00322257,-0.00144364,-0.00993881
1988-01-05,-0.00229171,-0.00112724,-0.00314306
1988-01-06,0.00137578,0.00187052,-0.00068967
1988-01-07,0.00258165,0.00167140,-0.00441112
1988-01-08,-0.00514505,0.00260206,0.02368562
1988-01-11,0.01451009,0.00280711,-0.00257265
1988-01-12,0.00404781,0.00182132,0.00709761
1988-01-13,-0.00033311,0.00001096,-0.00102983
1988-01-14,-0.00211281,-0.00203431,-0.00197062
1988-01-15,0.00157448,-0.00072251,-0.00699393
1988-01-18,-0.00118692,-0.00031734,0.00176667
1988-01-19,-0.00428027,-0.00072531,0.00407585
1988-01-20,0.00483260,0.00423375,0.01219824
1988-01-21,-0.00030676,-0.00214950,-0.00186229
1988-01-22,0.00086760,-0.00219860,-0.00437674
1988-01-25,0.00482384,-0.00220717,-0.00466712
1988-01-26,0.00174750,0.00236009,0.00380575
1988-01-27,-0.00012595,0.00038855,0.00166920
1988-01-28,0.00386086,-0.00120569,-0.00130405
1988-01-29,0.00388251,-0.00055789,-0.00075529
1988-02-01,-0.00467128,-0.00195447,0.00650269
1988-02-02,0.00347317,0.00009630,0.00261789
1988-02-03,-0.00385361,0.00053628,0.00763398
1988-02-04,0.00171088,-0.00069703,-0.00001925
1988-02-05,-0.00115198,0.00157891,0.00238758
1988-02-08,-0.00278283,0.00190211,0.00339241
1988-02-09,0.00580302,-0.00073092,-0.00343595
1988-02-10,0.00286464,-0.00282529,-0.00751499
1988-02-11,-0.00036443,0.00172918,-0.00052680
1988-02-12,0.00493887,0.00204566,-0.00047534
1988-02-16,0.00394095,0.00059548,-0.00277236
1988-02-17,0.00142708,0.00260823,0.00114438
1988-02-18,-0.00183339,0.00188819,0.00218808
1988-02-19,0.00576652,0.00018616,-0.00230721
1988-02-22,0.00768344,0.00228961,-0.00161295
1988-02-23,-0.00119059,0.00086114,0.00006528
1988-02-24,-0.00375984,-0.00137903,0.00048520
1988-02-25,0.00521690,0.00311134,0.00212353
1988-02-26,0.00000747,-0.00005849,0.00008147
1988-02-29,0.00033952,-0.00109960,0.00026547
1988-03-01,0.00068119,-0.00090434,0.00039800
1988-03-02,-0.00296822,-0.00086344,0.00102817
1988-03-03,-0.00204583,-0.00085254,0.00097784
1988-03-04,-0.00159394,0.00030040,-0.00218600
1988-03-07,-0.00354254,-0.00294645,0.00180430
1988-03-08,-0.00074780,-0.00175178,-0.00087338
1988-03-09,-0.00232808,-0.00018957,0.00060140
1988-03-10,0.00609673,0.00441785,0.00273883
1988-03-11,0.00414288,0.00205352,-0.00061763
1988-03-14,-0.00395472,-0.00291126,-0.00418352
1988-03-15,0.00148011,-0.00041937,-0.00120060
1988-03-16,-0.00100128,-0.00045177,0.00053183
1988-03-17,-0.00085594,-0.00164537,-0.00105252
1988-03-18,0.00235794,0.00101613,0.00022394
1988-03-21,0.00287327,0.00086234,-0.00050462
1988-03-22,-0.00158485,-0.00138317,-0.00070413
1988-03-23,0.00022056,-0.00133337,0.00108575
1988-03-24,0.00637063,0.00483302,0.00175268
1988-03-25,-0.00135038,-0.00002358,0.00186356
1988-03-28,0.00383213,0.00201686,0.00040726
1988-03-29,-0.00373768,-0.00325905,-0.00382190
1988-03-30,0.00081879,0.00224687,0.00372228
1988-03-31,-0.00001190,0.00007576,0.00011685
1988-04-04,0.00101653,0.00260212,0.00348297
1988-04-05,0.00208812,-0.00066662,-0.00323686
1988-04-06,0.00496555,-0.00255045,-0.00861952
1988-04-07,-0.00246676,-0.00109819,-0.00107234
1988-04-08,-0.00008893,-0.00196852,-0.00451619
1988-04-11,-0.00086757,-0.00071075,-0.00124038
1988-04-12,0.00068110,0.00027387,-0.00164298
1988-04-13,0.00339025,0.00121725,-0.00063666
1988-04-14,-0.00233536,0.00584238,0.01200890
1988-04-15,0.00184579,0.00098365,0.00028558
1988-04-18,-0.00446143,-0.00197049,-0.00050043
1988-04-19,-0.00355221,-0.00130497,0.00025679
1988-04-20,0.00145976,0.00165678,0.00158719
1988-04-21,-0.00112087,-0.00054108,0.00042009
1988-04-22,0.00373647,-0.00053510,-0.00492618
1988-04-25,0.00266554,-0.00005958,-0.00315702
1988-04-26,0.00091667,-0.00053737,-0.00186241
1988-04-27,0.00209113,0.00056987,-0.00012297
1988-04-28,-0.00217241,-0.00023666,-0.00054639
1988-04-29,0.00092240,0.00043864,0.00073244
1988-05-02,-0.00000613,0.00052789,-0.00083312
1988-05-03,-0.00028201,-0.00129348,-0.00242650
1988-05-04,-0.00100718,0.00136308,0.00150119
1988-05-05,0.00243329,0.00202929,0.00320426
1988-05-06,-0.00252858,-0.00127234,0.00073334
1988-05-09,-0.00088336,0.00121260,0.00480221
1988-05-10,0.00421591,0.00301754,0.00144615
1988-05-11,-0.00028479,0.00345100,0.00757045
1988-05-12,0.00291168,0.00037054,-0.00088847
1988-05-13,-0.00134315,-0.00271744,-0.00435467
1988-05-16,-0.00119783,-0.00120118,-0.00300495
1988-05-17,-0.00355255,-0.00019000,0.00277929
1988-05-18,-0.00171038,0.00283985,0.00654379
1988-05-19,0.00303748,0.00217395,0.00068808
1988-05-20,-0.00115960,-0.00065282,-0.00092728
1988-05-23,-0.00015477,0.00188071,0.00447179
1988-05-24,-0.00190848,-0.00316716,-0.00452650
1988-05-25,0.00281324,0.00177750,0.00086729
1988-05-26,0.00163192,0.00000624,-0.00172207
1988-05-27,-0.00045427,0.00001722,0.00158978
1988-05-31,0.00664413,-0.00197556,-0.00615958
1988-06-01,0.00444542,-0.00277828,-0.00598146
1988-06-02,-0.00317043,-0.00096352,0.00038896
1988-06-03,0.00159638,-0.00161315,-0.00316527
1988-06-06,-0.00033596,-0.00204590,-0.00334528
1988-06-07,-0.00093609,-0.00090125,0.00147925
1988-06-08,0.00749248,-0.00103652,-0.00460796
1988-06-09,0.00005571,-0.00061972,-0.00135603
1988-06-10,0.00196373,-0.00122726,-0.00224244
1988-06-13,-0.00209714,-0.00145418,-0.00053080
1988-06-14,-0.00145046,-0.00237101,-0.00152403
1988-06-15,0.00008325,0.00009255,0.00096981
1988-06-16,-0.00498922,0.00059299,0.00377152
1988-06-17,-0.00213864,-0.00015205,0.00013850
1988-06-20,0.00136879,0.00119918,-0.00107214
1988-06-21,0.00454591,-0.00016695,-0.00230283
1988-06-22,0.00153786,-0.00242193,-0.00289928
1988-06-23,0.00004046,0.00007830,0.00059605
1988-06-24,-0.00007847,0.00002023,0.00188259
1988-06-27,0.00117552,0.00231925,0.00215776
1988-06-28,0.00156556,-0.00042198,-0.00028401
1988-06-29,0.00104369,0.00071404,0.00057501
1988-06-30,0.00248799,-0.00132586,-0.00362119
1988-07-01,0.00175938,0.00136914,-0.00037926
1988-07-05,-0.00165318,-0.00280596,-0.00249864
1988-07-06,0.00251881,0.00187358,0.00173457
1988-07-07,0.00309111,0.00199509,-0.00036996
1988-07-08,0.00011598,0.00079085,0.00273400
1988-07-11,0.00170325,0.00105194,0.00196276
1988-07-12,0.00324175,0.00382515,0.00206141
1988-07-13,-0.00099849,-0.00027647,-0.00026548
1988-07-14,0.00118923,0.00007089,-0.00010256
1988-07-15,0.00066696,0.00011793,0.00069622
1988-07-18,0.00293658,0.00183348,0.00095251
1988-07-19,-0.00059367,0.00116161,0.00130397
1988-07-20,0.00329799,0.00218915,0.00198108
1988-07-21,0.00162845,0.00261173,0.00412760
1988-07-22,0.00330989,0.00371840,0.00341920
1988-07-25,0.00245272,0.00173474,-0.00001306
1988-07-26,0.00149829,0.00089548,0.00173394
1988-07-27,-0.00140341,0.00146161,0.00319413
1988-07-28,-0.00021853,-0.00058352,-0.00092850
1988-07-29,0.00102786,-0.00142261,-0.00412905
1988-08-01,-0.00060477,-0.00143414,-0.00036770
1988-08-02,0.00150437,0.00051060,0.00117788
1988-08-03,0.00045082,0.00031106,0.00067357
1988-08-04,0.00277649,0.00205025,0.00128291
1988-08-05,-0.00107544,0.00012066,0.00159282
1988-08-08,-0.00179369,0.00047130,0.00080056
1988-08-09,-0.00049969,0.00215948,0.00414129
1988-08-10,0.00282938,0.00569197,0.00774095
1988-08-11,-0.00006009,0.00005626,-0.00026000
1988-08-12,0.00185952,0.00095822,-0.00063005
1988-08-15,-0.00299116,0.00160282,0.00757810
1988-08-16,0.00260993,0.00026539,-0.00421184
1988-08-17,-0.00162586,-0.00055693,0.00229302
1988-08-18,-0.00083286,-0.00045543,-0.00046133
1988-08-19,0.00068960,0.00060650,0.00134932
1988-08-22,-0.00376512,0.00071014,0.00683408
1988-08-23,0.00211695,0.00146937,0.00040899
1988-08-24,0.00573944,-0.00172345,-0.00431537
1988-08-25,-0.00398867,0.00023528,0.00200240
1988-08-26,-0.00046176,-0.00236557,-0.00267003
1988-08-29,0.00467861,-0.00073403,-0.00202445
1988-08-30,0.00156071,-0.00052243,-0.00107126
1988-08-31,0.00215711,0.00259691,0.00098287
1988-09-01,-0.00121463,0.00377639,0.00477720
1988-09-02,0.00475309,-0.00354054,-0.00427315
1988-09-06,-0.00040744,-0.00209904,-0.00161893
1988-09-07,-0.00085670,0.00016645,0.00024356
1988-09-08,0.00175785,0.00127003,-0.00027682
1988-09-09,0.00296455,-0.00066067,-0.00440647
1988-09-12,0.00115084,0.00023587,-0.00022316
1988-09-13,-0.00050195,0.00007228,0.00083514
1988-09-14,0.00281599,-0.00051116,-0.00152602
1988-09-15,0.00132856,0.00221057,0.00095199
1988-09-16,-0.00069081,-0.00309111,-0.00152852
1988-09-19,0.00097461,0.00240205,0.00147449
1988-09-20,-0.00152542,-0.00150705,-0.00125287
1988-09-21,0.00101968,-0.00048422,-0.00063571
1988-09-22,-0.00114715,0.00107554,0.00137803
1988-09-23,0.00037067,0.00055544,0.00083183
1988-09-26,-0.00027661,0.00095347,0.00137502
1988-09-27,-0.00188195,-0.00054291,0.00124057
1988-09-28,-0.00038088,-0.00033798,-0.00005695
1988-09-29,0.00009591,-0.00162675,-0.00430953
1988-09-30,-0.00000282,0.00009538,0.00052687
1988-10-03,-0.00326578,-0.00044548,0.00113423
1988-10-04,-0.00204210,-0.00202841,-0.00013264
1988-10-05,-0.00068903,-0.00048347,-0.00088157
1988-10-06,-0.00089521,-0.00011427,0.00109611
1988-10-07,-0.00203736,-0.00123326,0.00158696
1988-10-10,-0.00028795,-0.00081002,-0.00002914
1988-10-11,-0.00030696,0.00004421,-0.00103010
1988-10-12,0.00569015,0.00510140,0.00398694
1988-10-13,-0.00420060,-0.00221374,-0.00078585
1988-10-14,-0.00038361,0.00009916,-0.00010525
1988-10-17,0.00046674,0.00006040,-0.00067958
1988-10-18,0.00008214,-0.00082439,-0.00245420
1988-10-19,0.00088399,0.00180897,0.00062455
1988-10-20,-0.00060724,-0.00180591,-0.00285042
1988-10-21,0.00114196,0.00162272,0.00248823
1988-10-24,-0.00953102,-0.00296398,-0.00083178
1988-10-25,0.00177342,0.00067208,0.00180890
1988-10-26,0.00373630,-0.00041405,0.00048510
1988-10-27,0.00540560,-0.00153647,0.00498207
1988-10-28,0.00141038,0.00141191,-0.00147601
1988-10-31,-0.00067057,-0.00154017,0.00054461
1988-11-01,-0.00079366,0.00018732,-0.00069075
1988-11-02,0.00051367,0.00049551,0.00195094
1988-11-03,-0.00358733,-0.00020153,-0.00072461
1988-11-04,-0.00095597,-0.00183617,-0.00068374
1988-11-07,-0.00106036,-0.00240060,0.00394722
1988-11-08,0.00446520,0.00308485,-0.00143947
1988-11-09,0.00342131,-0.00033448,0.00024841
1988-11-10,0.00145537,0.00139314,0.00084581
1988-11-11,-0.00018272,-0.00410367,0.00257935
1988-11-14,0.00109497,0.00018784,0.00040743
1988-11-15,0.00256088,-0.00006892,-0.00100681
1988-11-16,-0.00267247,-0.00381374,0.00656158
1988-11-17,0.00051764,0.00128934,-0.00102494
1988-11-18,-0.00265372,0.00000221,-0.00125691
1988-11-21,0.00819732,0.00268599,0.00012459
1988-11-22,0.00231880,-0.00034076,0.00001860
1988-11-23,-0.00434474,-0.00149179,0.00056553
1988-11-25,0.00168862,0.00069152,-0.00193681
1988-11-28,-0.00224278,-0.00144483,0.00014062
1988-11-29,-0.00024133,-0.00037207,0.00064221
1988-11-30,0.00049255,0.00123458,0.00000365
1988-12-01,-0.00185330,0.00071709,-0.00167944
1988-12-02,0.00349892,0.00343931,0.00035210
1988-12-05,-0.00214101,-0.00112207,-0.00012025
1988-12-06,-0.00069646,-0.00086932,0.00174734
1988-12-07,-0.00021814,0.00019746,0.00095379
1988-12-08,0.00129771,-0.00001268,-0.00095908
1988-12-09,0.00127630,-0.00114367,-0.00091029
1988-12-12,-0.00130154,-0.00255496,-0.00209235
1988-12-13,-0.00137618,-0.00144367,-0.00087291
1988-12-14,0.00000248,-0.00034593,-0.00173113
1988-12-15,0.00064711,0.00182399,-0.00005311
1988-12-16,-0.00111613,0.00291975,0.00246209
1988-12-19,0.00096888,0.00123455,0.00342870
1988-12-20,-0.00185032,-0.00211113,-0.00255004
1988-12-21,-0.00272791,-0.00175764,-0.00030072
1988-12-22,0.00662367,0.00217448,-0.00141819
1988-12-23,0.00018291,0.00228629,0.00005887
1988-12-27,0.00194715,-0.00125585,-0.00087230
1988-12-28,-0.00125213,0.00051862,0.00064469
1988-12-29,-0.00223342,0.00062485,-0.00077353
1988-12-30,0.00240531,0.00272385,-0.00172012
1989-01-03,0.00919918,0.00501571,0.00186910
1989-01-04,-0.00457677,0.00424827,0.00130225
1989-01-05,-0.00129914,-0.00084621,-0.00033172
1989-01-06,0.00246474,0.00061551,-0.00030755
1989-01-09,0.00012437,-0.00110311,-0.00085729
1989-01-10,0.00160321,0.00033470,0.00053671
1989-01-11,-0.00522492,-0.00242569,0.00040976
1989-01-12,-0.00092657,-0.00031654,-0.00119454
1989-01-13,0.00234235,0.00115684,0.00054653
1989-01-16,-0.00031323,0.00057549,0.00154474
1989-01-17,0.00462475,-0.00049431,0.00008838
1989-01-18,-0.00383263,-0.00094860,-0.00251389
1989-01-19,-0.00270463,-0.00242970,-0.00169724
1989-01-20,0.00088725,0.00131322,0.00130152
1989-01-23,0.00405301,0.00143080,0.00020227
1989-01-24,0.00130622,-0.00038574,-0.00268181
1989-01-25,-0.00120159,-0.00072978,-0.00102800
1989-01-26,-0.00076707,-0.00047376,-0.00258790
1989-01-27,0.00539571,0.00189314,-0.00018406
1989-01-30,-0.00192676,-0.00048538,-0.00127430
1989-01-31,-0.00112044,-0.00066188,-0.00206893
1989-02-01,-0.00312521,-0.00156441,-0.00171711
1989-02-02,0.00029200,0.00063756,-0.00049924
1989-02-03,-0.00078675,-0.00100176,-0.00203575
1989-02-06,-0.00035679,-0.00053535,0.00028768
1989-02-07,-0.00348782,-0.00047776,-0.00352144
1989-02-08,0.00382632,-0.00018514,0.00039105
1989-02-09,0.00689272,0.00122306,0.00189908
1989-02-10,0.00583457,0.00126137,0.00386170
1989-02-13,0.00279606,0.00053945,0.00010383
1989-02-14,-0.00221573,-0.00080252,-0.00031567
1989-02-15,-0.00527994,-0.00194120,-0.00235506
1989-02-16,0.00202056,0.00114821,-0.00065264
1989-02-17,-0.00186820,0.00057785,-0.00172188
1989-02-21,-0.00300543,-0.00205212,-0.00077040
1989-02-22,0.00063675,-0.00135909,0.00313958
1989-02-23,0.00119516,-0.00143560,-0.00311912
1989-02-24,0.00096318,-0.00112340,0.00212126
1989-02-27,-0.00099158,0.00078547,0.00093184
1989-02-28,0.00133119,0.00100637,0.00010067
1989-03-01,-0.00069012,-0.00206306,-0.00120175
1989-03-02,-0.00361051,-0.00195851,-0.00355552
1989-03-03,0.00011746,0.00016058,-0.00088302
1989-03-06,-0.00869509,-0.00148464,-0.00256565
1989-03-07,-0.00235837,-0.00159879,-0.00073711
1989-03-08,0.00169507,-0.00018794,-0.00055853
1989-03-09,0.00223124,0.00062776,0.00047160
1989-03-10,0.00393800,0.00081534,0.00107652
1989-03-13,-0.00415486,-0.00146585,-0.00170401
1989-03-14,0.00312971,0.00087304,0.00032290
1989-03-15,0.00029670,-0.00051416,-0.00163130
1989-03-16,-0.00220957,0.00018283,-0.00150386
1989-03-17,0.00584584,0.00108595,0.00456955
1989-03-20,0.00524685,0.00118882,0.00294077
1989-03-21,-0.00278371,-0.00190108,-0.00294238
1989-03-22,0.00309090,0.00017864,0.00048055
1989-03-23,-0.00082524,-0.00065650,0.00038597
1989-03-27,0.00658550,0.00064900,0.00002712
1989-03-28,0.00011851,0.00002924,-0.00154191
1989-03-29,0.00110212,0.00094416,-0.00021431
1989-03-30,0.00222403,0.00022933,-0.00057051
1989-03-31,-0.00166946,-0.00036190,0.00028707
1989-04-03,-0.00341489,0.00144750,-0.00049466
1989-04-04,-0.00533001,-0.00116883,-0.00020244
1989-04-05,0.00212117,0.00130724,0.00053116
1989-04-06,0.00098741,-0.00035659,0.00136876
1989-04-07,0.00031138,0.00038277,-0.00115866
1989-04-10,-0.00056863,-0.00059845,-0.00147957
1989-04-11,-0.00105859,0.00175689,0.00129365
1989-04-12,-0.00518589,-0.00069015,-0.00073773
1989-04-13,-0.00180404,-0.00115027,-0.00162187
1989-04-14,0.00337081,0.00140253,0.00100795
1989-04-17,0.00139873,0.00138011,0.00022814
1989-04-18,-0.00036910,0.00107450,0.00096860
1989-04-19,0.00352034,0.00037138,0.00024583
1989-04-20,0.00090556,0.00131583,0.00043080
1989-04-21,-0.00074056,0.00121358,0.00044955
1989-04-24,-0.00175649,-0.00107643,-0.00074135
1989-04-25,0.00519594,-0.00243205,-0.00377322
1989-04-26,-0.00106836,-0.00023879,-0.00105785
1989-04-27,-0.00026857,0.00061783,0.00090832
1989-04-28,-0.00344754,-0.00006733,-0.00104030
1989-05-01,0.00250009,0.00018638,-0.00119926
1989-05-02,-0.00278451,-0.00076848,-0.00085397
1989-05-03,0.00138937,-0.00124921,-0.00090294
1989-05-04,-0.00009232,-0.00028988,-0.00074415
1989-05-05,-0.00162471,0.00035310,-0.00026548
1989-05-08,-0.00395280,-0.00112299,0.00006743
1989-05-09,0.00125904,-0.00128229,-0.00087109
1989-05-10,0.00070839,-0.00017666,-0.00039686
1989-05-11,-0.00295212,-0.00050550,-0.00089856
1989-05-12,-0.00099417,0.00244900,0.00149376
1989-05-15,-0.00409599,-0.00095573,-0.00059760
1989-05-16,-0.00009887,-0.00104004,-0.00092053
1989-05-17,0.00187887,-0.00020328,-0.00069283
1989-05-18,0.00133716,0.00026788,-0.00126436
1989-05-19,-0.00143104,0.00126196,0.00119521
1989-05-22,0.00140248,0.00127603,0.00049485
1989-05-23,0.00195588,-0.00120694,-0.00008414
1989-05-24,0.00290968,-0.00099934,-0.00109828
1989-05-25,0.00189995,0.00030912,0.00030690
1989-05-26,0.00169501,0.00376841,0.00105216
1989-05-30,-0.00314669,-0.00208929,-0.00060706
1989-05-31,-0.00065252,0.00000807,0.00037450
1989-06-01,-0.00082407,0.00141475,-0.00076168
1989-06-02,-0.00003156,0.00379431,0.00216180
1989-06-05,0.00042220,-0.00481389,-0.00208981
1989-06-06,0.00602669,0.00195923,0.00119735
1989-06-07,0.00171217,0.00334720,0.00112926
1989-06-08,0.00304808,0.00142549,-0.00028446
1989-06-09,0.00014421,-0.00046884,-0.00016732
1989-06-12,0.00163114,0.00038166,-0.00004466
1989-06-13,-0.00213723,-0.00538538,-0.00198372
1989-06-14,0.00086034,-0.00110760,0.00037970
1989-06-15,0.00495667,-0.00257836,-0.00083584
1989-06-16,0.00241027,0.00232563,0.00084807
1989-06-19,0.00046875,0.00109660,0.00075684
1989-06-20,-0.00013982,0.00059257,-0.00017678
1989-06-21,0.00128109,-0.00059672,0.00044070
1989-06-22,0.00251309,0.00279716,0.00181327
1989-06-23,0.00616940,0.00219163,-0.00012157
1989-06-26,0.00138873,0.00058136,-0.00068038
1989-06-27,0.00312312,0.00050835,0.00008806
1989-06-28,-0.00194636,-0.00140759,-0.00069029
1989-06-29,0.00392096,-0.00252284,-0.00246829
1989-06-30,-0.00185682,-0.00251701,-0.00320284
1989-07-03,0.00370912,0.00194616,0.00051980
1989-07-05,0.00047059,0.00101834,0.00206259
1989-07-06,-0.00061404,0.00074493,0.00114841
1989-07-07,0.00094000,0.00341049,0.00397779
1989-07-10,-0.00276875,0.00007589,0.00117851
1989-07-11,0.00102520,0.00250415,0.00260365
1989-07-12,0.00012466,0.00079645,0.00097919
1989-07-13,-0.00038431,0.00077619,0.00128268
1989-07-14,0.00429433,0.00142674,-0.00014364
1989-07-17,-0.00075120,0.00160859,0.00141634
1989-07-18,-0.00256538,0.00088995,0.00216266
1989-07-19,-0.00304754,0.00127526,0.00255259
1989-07-20,0.00037146,-0.00042856,-0.00048094
1989-07-21,-0.00032724,0.00160942,0.00135463
1989-07-24,-0.00165693,-0.00103717,0.00005147
1990-01-23,0.00739163,0.00163917,0.00142851
1990-01-24,0.01088219,0.00180397,0.00090853
1990-01-25,-0.01184549,-0.00213781,0.00022550
1990-01-26,0.00363195,-0.00194685,-0.00227711
1990-01-29,0.00365144,-0.00377991,-0.00422662
1990-01-30,0.00002873,-0.00595514,-0.00585676
1990-01-31,0.01454175,0.00444495,-0.00041926
1990-02-01,-0.00117325,0.00442446,0.00386117
1990-02-02,0.00045701,0.00333122,0.00209772
1990-02-05,-0.00019561,0.00113855,0.00114161
1990-02-06,-0.00559831,-0.00051374,0.00050436
1990-02-07,0.00648015,0.00295371,0.00259410
1990-02-08,-0.00241056,0.00099086,0.00141574
1990-02-09,0.00131589,0.00199360,0.00099885
1990-02-12,-0.00723783,-0.00184353,-0.00002856
1990-02-13,0.00694752,0.00255116,0.00152198
1990-02-14,-0.00100689,-0.00246304,-0.00243428
1990-02-15,0.00461811,-0.00026764,-0.00072424
1990-02-16,-0.00793443,-0.00268597,-0.00197637
1990-02-20,-0.00607274,-0.00170702,-0.00060668
1990-02-21,0.00148832,-0.00211384,-0.00227622
1990-02-22,-0.00190068,-0.00169367,0.00467654
1990-02-23,-0.00600047,-0.00579353,-0.00145005
1990-02-26,0.00412319,0.00014082,-0.00548375
1990-02-27,0.00262768,0.00139332,0.00006632
1990-02-28,-0.00245725,-0.00086890,-0.00277107
1990-03-01,0.00176114,0.00124674,0.00068262
1990-03-02,-0.00002347,0.00171459,-0.00206958
1990-03-05,-0.00161722,-0.00127323,0.00129508
1990-03-06,0.00137409,0.00044558,-0.00525268
1990-03-07,-0.00215497,-0.00028295,0.00048597
1990-03-08,0.00218202,-0.00111113,-0.00348256
1990-03-09,-0.00093482,0.00080619,0.00368329
1990-03-12,-0.00086495,-0.00086321,-0.00173341
1990-03-13,-0.00326702,-0.00126079,0.00295809
1990-03-14,0.00007451,-0.00042709,-0.00039859
1990-03-15,0.00290381,0.00196063,0.00136824
1990-03-16,0.00575503,0.00507409,-0.00182206
1990-03-19,0.00464764,0.00232364,-0.00288759
1990-03-20,0.00063617,0.00184657,0.00394025
1990-03-21,-0.00093581,0.00127223,0.00210227
1990-03-22,-0.00129769,-0.00050026,0.00429566
1990-03-23,0.00499944,0.00542017,0.00057591
1990-03-26,-0.00271245,-0.00209436,-0.00172702
1990-03-27,0.00320854,0.00166403,-0.00347050
1990-03-28,-0.00325367,-0.00092461,-0.00019462
1990-03-29,0.00128206,0.00064334,0.00193900
1990-03-30,0.00176753,0.00104674,0.00239663
1990-04-02,0.00714982,0.00490458,0.00380503
1990-04-03,0.00997423,0.00859620,-0.00233332
1990-04-04,0.00342982,0.00227775,0.00425657
1990-04-05,0.00362180,0.00305293,0.00203219
1990-04-06,0.00523567,0.00230092,0.00284162
1990-04-09,0.00246212,0.00084209,-0.00187011
1990-04-10,0.00024690,-0.00057727,-0.00078076
1990-04-11,-0.00381807,-0.00191702,-0.00150395
1990-04-12,0.00216519,0.00218876,-0.00319573
1990-04-16,0.00237887,0.00147596,0.00149842
1990-04-17,0.00080128,0.00058295,-0.00023000
1990-04-18,-0.00039355,-0.00165691,0.00433655
1990-04-19,-0.00567853,-0.00447722,0.00209260
1990-04-20,0.00019401,-0.00213552,0.00298918
1990-04-23,-0.00036535,-0.00490786,0.00212056
1990-04-24,-0.00116934,-0.00021202,0.00061771
1990-04-25,0.00364372,0.00134406,-0.00135561
1990-04-26,0.00362070,0.00132000,-0.00173981
1990-04-27,-0.00200711,-0.00211431,0.00275130
1990-04-30,0.00806470,0.00531419,-0.00062862
1990-05-01,0.00600787,0.00374444,-0.00066839
1990-05-02,0.00670909,0.00492540,0.00023616
1990-05-03,0.00415839,0.00290542,0.00042560
1990-05-04,0.00091424,0.00062558,-0.00179582
1990-05-07,0.00160373,0.00088762,-0.00185477
1990-05-08,0.00364572,0.00220032,-0.00030606
1990-05-09,0.00121636,-0.00032439,-0.00001319
1990-05-10,0.00350599,0.00209996,0.00083599
1990-05-11,0.00449654,0.00209796,-0.00532671
1990-05-14,0.00388244,0.00214356,-0.00215519
1990-05-15,0.00367400,0.00358330,0.00200578
1990-05-16,0.00164854,0.00138972,0.00068178
1990-05-17,0.00463639,0.00292969,0.00053036
1990-05-18,-0.00421276,-0.00358072,-0.00276948
1990-05-21,0.00553086,0.00292807,-0.00334969
1990-05-22,0.00421838,0.00305964,0.00088825
1990-05-23,0.00609654,0.00466765,0.00021561
1990-05-24,-0.00168619,-0.00111188,-0.00079840
1990-05-25,-0.00715025,-0.00461726,0.00224800
1990-05-29,0.00853375,0.00509617,-0.00221205
1990-05-30,0.00203838,0.00105642,0.00022199
1990-05-31,0.00002053,0.00025816,-0.00050995
1990-06-01,0.00057664,-0.00045079,-0.00146170
1990-06-04,-0.00200898,-0.00184416,-0.00314385
1990-06-05,-0.00985152,-0.00676932,-0.00245633
1990-06-06,-0.00580550,-0.00404851,-0.00042538
1990-06-07,-0.00289887,-0.00102069,0.00172061
1990-06-08,-0.00514511,-0.00322605,0.00226306
1990-06-11,0.00265096,0.00158342,-0.00110273
1990-06-12,0.00887124,0.00542165,-0.00090505
1990-06-13,0.00821204,0.00656347,0.00496680
1990-06-14,0.00325227,0.00206856,0.00260433
1990-06-15,0.00950205,0.00574416,0.00206969
1990-06-18,-0.00489864,-0.00328654,0.00272057
1990-06-19,0.00073076,0.00056294,-0.00085190
1990-06-20,0.00336419,0.00205558,-0.00021578
1990-06-21,0.00671697,0.00461152,0.00155232
1990-06-22,0.00222672,0.00283395,0.00521100
1990-06-25,-0.00084677,0.00069363,0.00303289
1990-06-26,0.00378241,0.00276758,0.00183522
1990-06-27,0.00671372,0.00412709,0.00085960
1990-06-28,0.01345327,0.01219737,0.00101452
1990-06-29,-0.00106963,-0.00110378,-0.00011481
1990-07-02,0.00805345,0.00589515,0.00112672
1990-07-03,0.00608810,0.00386465,0.00090839
1990-07-05,0.00133898,0.00299446,0.00415578
1990-07-06,0.00535684,0.00346507,-0.00109468
1990-07-09,0.00652196,0.00438504,0.00096732
1990-07-10,0.00357853,0.00488212,0.00401400
1990-07-11,0.00834455,0.00516570,-0.00105052
1990-07-12,0.01260864,0.00869608,-0.00067599
1990-07-13,0.00305020,0.00107413,-0.00025576
1990-07-16,0.00239083,0.00084496,-0.00087484
1990-07-17,-0.00202631,-0.00259911,0.00079343
1990-07-18,-0.00503161,-0.00187590,0.00168628
1990-07-19,-0.00259832,-0.00501052,-0.00255266
1990-07-20,-0.00404923,-0.00468562,0.00086823
1990-07-23,-0.01444298,-0.01265354,0.00039913
1990-07-24,-0.00159540,-0.00294752,-0.00020955
1990-07-25,0.00655692,0.00609850,0.00060390
1990-07-26,0.00397839,0.00418001,0.00351886
1990-07-27,-0.00081114,-0.00005557,0.00174709
1990-07-30,0.00134663,0.00011465,-0.00016890
1990-07-31,0.00297914,0.00298253,0.00132006
1990-08-01,0.00235573,0.00201430,0.00052184
1990-08-02,-0.00777057,-0.00681843,0.00086283
1990-08-03,-0.01127998,-0.00999421,0.00180372
1990-08-06,-0.02161719,-0.01728787,0.00337811
1990-08-07,0.01137736,0.00714783,-0.00012477
1990-08-08,0.01538013,0.01487104,0.00218368
1990-08-09,0.01328062,0.00999097,0.00035305
1990-08-10,-0.01334380,-0.00787077,0.00200970
1990-08-13,0.00852199,0.00605532,-0.00034828
1990-08-14,0.00728496,0.00474221,-0.00101925
1990-08-15,0.00358070,0.00115228,-0.00015280
1990-08-16,-0.00763836,-0.00350456,0.00610263
1990-08-17,-0.01371130,-0.01188682,0.00083939
1990-08-20,-0.00258429,-0.00278723,-0.00114264
1990-08-21,-0.01412819,-0.01197454,0.00048361
1990-08-22,-0.00606679,-0.00160841,0.00585802
1990-08-23,-0.01109653,-0.00150424,0.00870446
1990-08-24,0.01308107,0.00362702,-0.00581934
1990-08-27,0.01871499,0.00446373,-0.01103605
1990-08-28,0.00792243,0.00540351,0.00237860
1990-08-29,-0.00068201,-0.00039532,-0.00149468
1990-08-30,-0.00907282,-0.00321806,0.00388921
1990-08-31,0.00354644,0.00066428,-0.00359708
1990-09-04,0.00648131,0.00414327,0.00024543
1990-09-05,0.00680478,0.00600823,0.00052874
1990-09-06,-0.00149232,0.00218016,0.00591778
1990-09-07,0.00375902,0.00050798,-0.00291688
1990-09-10,-0.00052806,-0.00088088,-0.00037731
1990-09-11,0.00235722,0.00243664,0.00328431
1990-09-12,0.00690388,0.00423097,0.00090999
1990-09-13,-0.00243119,0.00072515,0.00503645
1990-09-14,0.00546951,0.00360989,0.00275917
1990-09-17,0.00691992,0.00444566,0.00179807
1990-09-18,0.00527545,0.00263703,-0.00050691
1990-09-19,-0.00262489,-0.00075049,0.00053959
1990-09-20,-0.00303795,0.00048593,0.00653934
1990-09-21,0.00662836,0.00553654,0.00242373
1990-09-24,0.00542850,0.00781715,0.00700522
1990-09-25,0.00765561,-0.00101960,-0.00233690
1990-09-26,0.00176078,0.00312849,0.00298087
1990-09-27,-0.00368654,0.00299741,0.00476070
1990-09-28,0.00343997,-0.00600392,-0.00734890
1990-10-01,0.01505410,-0.00179550,-0.00674629
1990-10-02,-0.00707923,-0.00597780,-0.00344494
1990-10-03,0.00115028,0.00459262,0.00332200
1990-10-04,0.00380242,0.00226836,-0.00009725
1990-10-05,-0.00414683,-0.00040626,-0.00107855
1990-10-08,0.00134735,0.00011555,-0.00120090
1990-10-09,-0.00683779,0.00469238,0.00626372
1990-10-10,-0.00324441,0.00207958,0.00433348
1990-10-11,-0.00511966,0.00293048,0.00391443
1990-10-12,0.00672764,-0.00163879,-0.00350566
1990-10-15,0.00559771,0.00069252,-0.00126887
1990-10-16,-0.00158632,0.00453765,0.00453714
1990-10-17,0.01112452,0.00641383,0.00261460
1990-10-18,0.01392368,-0.00181668,-0.00483791
1990-10-19,0.00766103,0.00031293,-0.00220939
1990-10-22,0.01015553,0.00167781,0.00282982
1990-10-23,-0.00375610,0.00009665,0.00244373
1990-10-24,0.00229005,0.00111816,-0.00109534
1990-10-25,-0.00105284,0.00134459,0.00002145
1990-10-26,0.00423670,0.00947945,0.00806474
1990-10-29,-0.00034390,0.00325593,0.00229262
1990-10-30,0.01196261,0.00480257,0.00024519
1990-10-31,-0.00231762,0.00020357,-0.00045306
1990-11-01,0.00056423,-0.00272531,-0.00397565
1990-11-02,-0.00095828,-0.00552381,-0.00572969
1990-11-05,0.00182919,-0.00455794,-0.00250116
1990-11-06,-0.00535345,0.00151820,0.00233198
1990-11-07,-0.00599465,0.00300496,0.00329287
1990-11-08,0.00522926,0.00052619,-0.00019512
1990-11-09,0.00311446,-0.00400219,-0.00362018
1990-11-12,-0.00290565,-0.00829670,-0.00443214
1990-11-13,-0.00808736,-0.00400347,0.00020854
1990-11-14,-0.00848933,-0.00775994,-0.00385172
1990-11-15,-0.00677733,0.00005781,0.00095488
1990-11-16,-0.00253114,0.00140704,0.00065482
1990-11-19,0.00288686,-0.00204378,-0.00115903
1990-11-20,0.00092354,0.00379009,0.00460430
1990-11-21,0.00264985,-0.00051904,-0.00184856
1990-11-23,-0.00372534,-0.00132647,0.00027346
1990-11-26,-0.00127641,-0.00220145,-0.00314262
1990-11-27,0.00414200,0.00201202,0.00142107
1990-11-28,-0.00522072,-0.00131073,-0.00013037
1990-11-29,-0.00090009,-0.00056842,0.00058242
1990-11-30,0.00711496,0.00006761,-0.00227043
1990-12-03,0.00373609,0.00062846,0.00083827
1990-12-04,-0.00415391,-0.00339003,-0.00217200
1990-12-05,-0.01765615,-0.01182250,-0.00744791
1990-12-06,-0.00858390,-0.00198213,0.00141617
1990-12-07,0.00204501,0.00373786,0.00323807
1990-12-10,0.00562038,0.00303499,0.00208055
1990-12-11,0.00199886,0.00286629,0.00255927
1990-12-12,0.00228054,-0.00098282,-0.00174948
1990-12-13,0.00049898,0.00064991,0.00025619
1990-12-14,0.00356875,0.00414822,0.00400914
1990-12-17,0.00602936,0.00489251,0.00261155
1990-12-18,0.00258789,-0.00055586,-0.00064203
1990-12-19,-0.00119362,0.00236311,0.00371526
1990-12-20,0.00088548,0.00146168,0.00069247
1990-12-21,0.00715533,0.00684629,0.00425611
1990-12-24,0.00281419,0.00073786,0.00021704
1990-12-26,0.00253602,0.00209154,0.00063694
1990-12-27,0.00442324,0.00332462,0.00141822
1990-12-28,0.00086099,0.00023510,-0.00029159
1990-12-31,-0.00371920,-0.00077219,0.00162041
1991-01-02,-0.01229269,-0.00789619,-0.00266659
1991-01-03,-0.01045324,-0.00877902,-0.00147871
1991-01-04,-0.00474056,-0.00315900,-0.00184055
1991-01-07,0.00269714,-0.00225759,-0.00213670
1991-01-08,0.00455699,0.00159513,-0.00030772
1991-01-09,0.00599604,0.00307015,0.00231590
1991-01-10,0.00730860,0.00768369,0.00341196
1991-01-11,0.00434193,0.00384656,0.00177646
1991-01-14,0.00300720,-0.00214775,-0.00233996
1991-01-15,0.00651509,0.00533188,0.00188776
1991-01-16,0.00989846,0.01112578,0.00334967
1991-01-17,0.00682792,0.01310150,0.01156676
1991-01-18,0.00195004,0.00063113,-0.00081057
1991-01-21,0.00363062,0.00310463,0.00175194
1991-01-22,-0.00272744,-0.00185692,-0.00074034
1991-01-23,0.00057471,0.00001759,0.00008460
1991-01-24,0.00047469,-0.00040768,-0.00302596
1991-01-25,-0.00562390,-0.00446530,-0.00354300
1991-01-28,-0.00111088,-0.00086531,-0.00092984
1991-01-29,0.00061334,0.00167088,0.00178811
1991-01-30,0.00214139,0.00156682,-0.00033240
1991-01-31,-0.00415996,-0.00391833,-0.00453908
1991-02-01,-0.01217909,-0.00816191,-0.00611600
1991-02-04,-0.00979665,-0.00924771,-0.00803546
1991-02-05,0.00178681,0.00020107,0.00077779
1991-02-06,0.00532868,-0.00195701,-0.01021567
1991-02-07,-0.00410836,-0.00601442,-0.00372751
1991-02-08,0.00318969,0.00197965,-0.00037846
1991-02-11,0.00029995,-0.00144934,-0.00297313
1991-02-12,-0.00481722,-0.00207697,0.00084226
1991-02-13,-0.00019471,-0.00021832,-0.00098931
1991-02-14,-0.00443435,-0.00087733,0.00424113
1991-02-15,0.00086814,0.00019229,-0.00135785
1991-02-19,0.00910392,0.00721811,0.00409511
1991-02-20,-0.00060654,-0.00029314,0.00289564
1991-02-21,0.00462769,0.00056144,0.00032856
1991-02-22,0.00581585,0.00332486,0.00110013
1991-02-25,0.00206530,0.00111350,0.00174796
1991-02-26,0.00212943,-0.00071715,0.00047472
1991-02-27,0.00333291,0.00517124,-0.00235621
1991-02-28,-0.00887773,-0.00217404,0.00361125
1991-03-01,-0.00353986,-0.00104001,0.00009292
1991-03-04,-0.00730189,-0.00442874,0.00508494
1991-03-05,0.00327455,0.00608268,0.00087894
1991-03-06,-0.00120675,-0.00315795,-0.00046151
1991-03-07,0.00355066,0.00191046,0.00082221
1991-03-08,-0.00093522,-0.00131528,0.00010726
1991-03-11,-0.00356141,-0.00547411,-0.00089332
1991-03-12,-0.00372837,-0.00615923,-0.00258816
1991-03-13,0.00596824,0.00587287,0.00023767
1991-03-14,0.00183186,-0.00090029,0.00244558
1991-03-15,0.00598734,0.00232869,-0.00061191
1991-03-18,-0.00285845,-0.00130896,-0.00034800
1991-03-19,0.00041370,-0.00234352,0.00259971
1991-03-20,0.00366430,0.00306099,0.00339412
1991-03-21,-0.00300233,-0.00300377,0.00119463
1991-03-22,0.00228069,-0.00042738,-0.00242907
1991-03-25,0.00090055,0.00047462,-0.00358139
1991-03-26,0.00425148,0.00610433,-0.00262323
1991-03-27,-0.00112574,0.00189046,0.00093948
1991-03-28,0.00048812,0.00048049,0.00237542
1991-04-01,-0.00592028,-0.00246278,0.00352870
1991-04-02,0.00771505,0.00560081,-0.00218417
1991-04-03,-0.00593557,-0.00171570,-0.00136103
1991-04-04,-0.00248083,-0.00089273,-0.00158572
1991-04-05,0.00059655,0.00098189,0.00495020
1991-04-08,0.00132706,-0.00087213,-0.00189331
1991-04-09,-0.00110966,-0.00002973,0.00410165
1991-04-10,0.00151973,0.00010765,0.00222774
1991-04-11,0.00045447,0.00189234,-0.00371508
1991-04-12,0.00140076,-0.00012376,-0.00204227
1991-04-15,0.00215214,0.00071934,-0.00054873
1991-04-16,0.00498963,0.00172662,-0.00488822
1991-04-17,-0.00194594,-0.00012520,-0.00387986
1991-04-18,-0.00642744,-0.00613044,-0.00029349
1991-04-19,-0.00611557,-0.00543630,0.00172917
1991-04-22,0.00324702,-0.00219744,-0.00008742
1991-04-23,0.00267892,-0.00118270,-0.00255237
1991-04-24,0.00219351,0.00419691,0.00056809
1991-04-25,0.00174776,-0.00315708,-0.00060525
1991-04-26,0.00084646,-0.00096288,0.00131756
1991-04-29,-0.00373910,-0.01001316,0.00367294
1991-04-30,-0.00226404,-0.00394600,0.00151536
1991-05-01,0.00406112,0.00826692,0.00123381
1991-05-02,0.00437450,0.00478300,-0.00119098
1991-05-03,0.00379135,0.00378057,-0.00210812
1991-05-06,-0.00025167,-0.00213825,0.00139462
1991-05-07,0.00018664,-0.00182509,0.00231075
1991-05-08,-0.00220907,0.00115681,-0.00101381
1991-05-09,0.00351845,0.00655793,-0.00144068
1991-05-10,-0.00114104,-0.00881681,0.00219761
1991-05-13,0.00258267,0.00355984,-0.00028681
1991-05-14,-0.00235627,-0.00824439,0.00283353
1991-05-15,-0.00750797,-0.01338424,0.00332311
1991-05-16,0.00354935,0.00758462,-0.00032985
1991-05-17,-0.00122100,-0.00107427,-0.00024797
1991-05-20,0.00208004,-0.00091785,0.00122486
1991-05-21,0.00406782,0.00741987,0.00062423
1991-05-22,0.00444532,0.00349408,-0.00330084
1991-05-23,0.00718777,0.00522455,-0.00158170
1991-05-24,0.00006731,-0.00082935,-0.00300660
1991-05-28,-0.00209872,-0.00481140,-0.00640647
1991-05-29,0.00230548,0.00076948,-0.00036911
1991-05-30,0.00345062,-0.00101741,-0.00442111
1991-05-31,-0.00384260,-0.00658196,-0.00291398
1991-06-03,-0.00567279,-0.00458345,-0.00029757
1991-06-04,-0.00065944,-0.00124975,-0.00158953
1991-06-05,-0.00203389,-0.00115912,0.00002160
1991-06-06,-0.00314661,-0.00237524,0.00229825
1991-06-07,-0.00284079,-0.00069096,0.00556561
1991-06-10,-0.00051837,0.00150748,0.00497699
1991-06-11,-0.00077053,-0.00106081,-0.00034186
1991-06-12,0.00347086,0.00476465,0.00517525
1991-06-13,0.00052262,0.00149412,-0.00048874
1991-06-14,0.00089817,-0.00049854,-0.00169525
1991-06-17,0.00090278,0.00134859,0.00140235
1991-06-18,-0.00454574,-0.00160832,0.00235425
1991-06-19,0.00083776,0.00271916,0.00545431
1991-06-20,0.00212271,0.00237068,-0.00114579
1991-06-21,-0.00207125,-0.00053888,0.00057058
1991-06-24,-0.00587645,-0.00078304,0.00777365
1991-06-25,-0.00167953,-0.00020733,0.00250529
1991-06-26,0.00012976,-0.00008771,-0.00098498
1991-06-27,0.00105964,0.00135625,-0.00259945
1991-06-28,0.00025586,0.00004653,0.00105758
1991-07-01,0.00687170,0.00353254,-0.00426067
1991-07-02,-0.00071213,0.00112233,0.00031615
1991-07-03,0.00167693,0.00373897,0.00400105
1991-07-05,0.00418392,0.00205445,0.00104944
1991-07-08,0.00444827,0.00261954,-0.00327160
1991-07-09,0.00498940,0.00330901,-0.00407941
1991-07-10,0.00660402,0.00409649,-0.00013166
1991-07-11,0.00335707,0.00288088,-0.00076147
1991-07-12,0.00263342,0.00099862,-0.00239389
1991-07-15,0.00362459,0.00122577,-0.00176031
1991-07-16,-0.00108448,-0.00190746,0.00105217
1991-07-17,0.00241482,-0.00128684,0.00145107
1991-07-18,0.00077255,-0.00123556,-0.00218281
1991-07-19,-0.00127987,-0.00021616,-0.00096449
1991-07-22,-0.00212886,0.00059026,0.00395781
1991-07-23,-0.00617867,-0.00483495,0.00502627
1991-07-24,0.00054640,0.00040195,0.00183922
1991-07-25,0.00430956,0.00282953,-0.00246844
1991-07-26,0.00078965,0.00050818,0.00045033
1991-07-29,0.00328742,0.00333870,0.00019055
1991-07-30,0.00444149,0.00384724,-0.00264105
1991-07-31,0.00108456,0.00133358,-0.00262445
1991-08-01,0.00161114,0.00104931,0.00073009
1991-08-02,0.00045650,0.00078096,-0.00115507
1991-08-05,0.00098203,0.00120301,0.00255754
1991-08-06,-0.00279773,0.00077401,-0.00156469
1991-08-07,0.00164151,0.00176110,0.00052792
1991-08-08,0.00108611,0.00081958,-0.00054278
1991-08-09,0.00007054,-0.00001868,0.00146641
1991-08-12,0.00273994,0.00073683,-0.00089790
1991-08-13,-0.00050850,-0.00002789,-0.00178074
1991-08-14,0.00113272,0.00171046,0.00050026
1991-08-15,0.00225029,0.00051599,0.00107440
1991-08-16,-0.00359978,-0.00282256,0.00253902
1991-08-19,-0.00416100,-0.00467974,0.00881639
1991-08-20,-0.00009897,0.00217901,-0.00002386
1991-08-21,0.00874052,0.00752913,0.00037815
1991-08-22,0.00105963,0.00005411,-0.00147258
1991-08-23,0.00255243,0.00129633,0.00028860
1991-08-26,0.00011940,-0.00165457,-0.00300727
1991-08-27,0.00198093,0.00092827,0.00072021
1991-08-28,0.00335654,0.00348520,0.00176104
1991-08-29,0.00449953,0.00079664,-0.00274103
1991-08-30,0.00253239,0.00138422,0.00067348
1991-09-03,-0.00195329,-0.00237231,-0.00205007
1991-09-04,-0.00352960,-0.00146714,0.00171321
1991-09-05,-0.00119509,-0.00021151,0.00060672
1991-09-06,-0.00046253,0.00026697,-0.00048562
1991-09-09,0.00059604,0.00124218,0.00167738
1991-09-10,-0.00366870,-0.00220498,0.00042804
1991-09-11,0.00314934,0.00279476,0.00166399
1991-09-12,0.00699207,0.00576762,0.00037591
1991-09-13,-0.00015643,-0.00047795,-0.00164255
1991-09-16,-0.00083922,0.00159601,0.00246863
1991-09-17,-0.00264041,0.00015299,0.00036573
1991-09-18,0.00049709,0.00182907,0.00142618
1991-09-19,0.00489499,0.00233001,-0.00055299
1991-09-20,0.00539711,0.00229377,-0.00286412
1991-09-23,-0.00064685,-0.00119404,-0.00051822
1991-09-24,0.00188113,0.00212891,0.00072189
1991-09-25,-0.00094823,-0.00150072,-0.00106696
1991-09-26,-0.00277003,-0.00204401,-0.00071923
1991-09-27,-0.00337007,-0.00154404,0.00121052
1991-09-30,0.00403078,0.00345032,0.00107818
1991-10-01,0.00295844,0.00515361,0.00143134
1991-10-02,-0.00294887,-0.00200879,-0.00032675
1991-10-03,-0.00584729,-0.00556837,-0.00210809
1991-10-04,-0.00178961,-0.00065399,-0.00054782
1991-10-07,-0.00240124,-0.00181096,0.00023850
1991-10-08,-0.00087843,0.00141973,0.00006881
1991-10-09,0.00171238,-0.00182962,0.00193891
1991-10-10,0.00017267,0.00202082,0.00079637
1991-10-11,0.00344207,0.00204917,-0.00084254
1991-10-14,0.00223242,0.00628467,0.00016482
1991-10-15,0.00402571,0.00569181,-0.00079463
1991-10-16,0.00452256,0.00601115,0.00039697
1991-10-17,-0.00337515,-0.00223944,0.00059075
1991-10-18,-0.00132103,0.00057697,-0.00071882
1991-10-21,0.00013627,-0.00073701,-0.00188512
1991-10-22,0.00172324,0.00381073,0.00261770
1991-10-23,-0.00185538,-0.00022918,0.00042877
1991-10-24,-0.01027539,-0.00530292,-0.00228792
1991-10-25,-0.00331542,-0.00141134,-0.00099957
1991-10-28,0.00183828,-0.00159421,-0.00281532
1991-10-29,0.00469366,0.00353106,0.00254861
1991-10-30,0.00552535,0.00390924,0.00010713
1991-10-31,0.00405649,0.00472840,0.00325340
1991-11-01,-0.00473965,0.00021501,0.00126144
1991-11-04,-0.00172308,-0.00199178,0.00005302
1991-11-05,0.00129588,-0.00027717,-0.00037337
1991-11-06,-0.00041876,-0.00001268,-0.00033675
1991-11-07,0.00620752,0.00420903,0.00155405
1991-11-08,0.00201771,0.00199755,0.00080525
1991-11-11,0.00516426,0.00310733,0.00261727
1991-11-12,0.00565116,0.00367908,0.00165887
1991-11-13,0.00052004,-0.00070883,0.00079516
1991-11-14,0.00363895,0.00127793,-0.00004550
1991-11-15,-0.02463001,-0.01343084,-0.00468788
1991-11-18,0.00526841,0.00186666,0.00215265
1991-11-19,-0.01170184,-0.01104754,-0.00496398
1991-11-20,0.00796907,0.00703684,0.00563642
1991-11-21,0.00174831,0.00321701,0.00153290
1991-11-22,0.00487670,-0.00015049,0.00234489
1991-11-25,-0.00102954,-0.00281251,-0.00262879
1991-11-26,-0.00342849,-0.00336954,-0.00391091
1991-11-27,-0.00044207,0.00064273,0.00098682
1991-11-29,0.00433289,0.00299428,0.00279708
1991-12-02,0.00787064,0.00109319,-0.00272695
1991-12-03,0.01072917,0.00500014,0.00343719
1991-12-04,0.00504586,0.00399772,0.00423574
1991-12-05,0.00362387,0.00283412,0.00347494
1991-12-06,0.00079652,0.00243203,0.00169797
1991-12-09,0.00647484,-0.00000085,0.00043589
1991-12-10,0.00518062,0.00054566,0.00101098
1991-12-11,0.00128100,-0.00003009,0.00093869
1991-12-12,-0.00055450,0.00112695,-0.00104501
1991-12-13,0.00360250,0.00527628,0.00319929
1991-12-16,0.00964476,0.00635349,0.00505638
1991-12-17,0.00555474,0.00138772,0.00213559
1991-12-18,-0.00028606,-0.00027363,0.00045034
1991-12-19,-0.00654952,-0.00628043,-0.00384563
1991-12-20,-0.00881787,-0.00335189,-0.00426545
1991-12-23,-0.00028425,-0.00253441,-0.00836222
1991-12-24,-0.00178512,-0.00163033,-0.00356420
1991-12-26,0.00530500,0.00462187,0.00062672
1991-12-27,0.00815874,0.00560450,0.00347556
1991-12-30,0.01091898,0.00792518,-0.00001071
1991-12-31,-0.00358749,0.00202160,0.00070416
1992-01-02,-0.00835413,-0.00293242,-0.00151240
1992-01-03,0.00632697,0.00659872,0.00385782
1992-01-06,0.00685459,0.00735702,0.00551601
1992-01-07,0.00856430,0.00755230,0.00602265
1992-01-08,0.00712560,0.00635776,0.00454036
1992-01-09,0.01243690,0.00983110,0.00846881
1992-01-10,-0.00298826,-0.00034643,0.00145802
1992-01-13,0.00474966,0.00461270,0.00396159
1992-01-14,-0.00076806,0.00305573,0.00029874
1992-01-15,-0.00880631,-0.00323640,-0.00310231
1992-01-16,-0.01708341,-0.00917936,-0.00483226
1992-01-17,-0.00165365,-0.00058552,0.00028955
1992-01-20,-0.00974517,-0.00088768,0.00191324
1992-01-21,-0.01346799,-0.01119140,-0.00571819
1992-01-22,0.01146497,0.00790348,0.00605160
1992-01-23,0.00918811,0.00686449,0.00555313
1992-01-24,0.00775504,0.00627133,0.00559607
1992-01-27,-0.00854754,-0.00441626,-0.00531419
1992-01-28,-0.00504499,-0.00225099,-0.00155369
1992-01-29,0.00093479,-0.00168121,0.00038480
1992-01-30,0.00787192,0.00539316,0.00319928
1992-01-31,0.00106719,0.00053383,0.00125171
1992-02-03,-0.00040411,-0.00232235,-0.00315472
1992-02-04,0.00534167,0.00294909,0.00163150
1992-02-05,0.00723767,0.00347649,0.00249435
1992-02-06,-0.00136099,0.00120198,-0.00002643
1992-02-07,-0.00402714,-0.00099881,-0.00070406
1992-02-10,-0.00795778,-0.00466113,-0.00548985
1992-02-11,-0.00307152,-0.00068756,-0.00145610
1992-02-12,0.00181107,0.00037804,-0.00361482
1992-02-13,-0.00259286,-0.00018156,0.00136420
1992-02-14,-0.00852899,-0.00318392,-0.00297593
1992-02-18,-0.01619455,-0.00907210,-0.00699334
1992-02-19,-0.00833004,-0.00870458,-0.00548834
1992-02-20,0.00518742,0.00007409,-0.00276178
1992-02-21,-0.00129694,-0.00136888,-0.00094158
1992-02-24,-0.00432542,-0.00258836,-0.00029687
1992-02-25,-0.00343063,-0.00112884,0.00166507
1992-02-26,0.01018695,0.00557074,0.00335714
1992-02-27,0.00753432,0.00539912,0.00320601
1992-02-28,-0.00311961,0.00083704,0.00120013
1992-03-02,-0.00040156,-0.00017991,-0.00132946
1992-03-03,-0.00398987,-0.00057214,-0.00219848
1992-03-04,-0.00377380,-0.00119946,-0.00056460
1992-03-05,-0.00472550,-0.00400709,-0.00044380
1992-03-06,-0.00450350,-0.00061979,0.00033949
1992-03-09,-0.00354072,-0.00221943,-0.00131554
1992-03-10,0.00829681,0.00376964,0.00209594
1992-03-11,-0.00288781,-0.00137860,0.00067154
1992-03-12,0.00266515,0.00012224,0.00017231
1992-03-13,0.00073719,0.00030093,-0.00031363
1992-03-16,-0.00288201,-0.00320558,-0.00085392
1992-03-17,0.00639103,0.00251192,0.00237942
1992-03-18,-0.00074024,0.00144885,-0.00018746
1992-03-19,-0.00308170,-0.00256760,-0.00237343
1992-09-18,0.00392052,0.00190556,-0.00044685
1992-09-21,-0.00354140,-0.00108346,-0.00088828
1992-09-22,0.00713946,-0.00068161,-0.00107272
1992-09-23,-0.00224989,0.00019309,0.00035815
1992-09-24,-0.00088811,0.00023977,-0.00175139
1992-09-25,0.01381269,0.00028658,-0.00148538
1992-09-28,0.00129581,0.00100256,0.00037020
1992-09-29,-0.00555154,-0.00190045,-0.00179009
1992-09-30,-0.00617822,0.00064598,0.00130519
1992-10-01,0.00281287,0.00033262,-0.00118542
1992-10-02,0.00546837,-0.00218497,-0.00320784
1992-10-05,0.00076325,-0.00153542,-0.00114740
1992-10-06,-0.00699988,-0.00043961,0.00133129
1992-10-07,0.00115003,-0.00055125,0.00039490
1992-10-08,-0.00469261,0.00215040,0.00116426
1992-10-09,0.00527748,-0.00042651,-0.00040312
1992-10-12,-0.00298607,0.00010616,-0.00052625
1992-10-13,-0.00344175,0.00031977,-0.00067709
1992-10-14,-0.00240455,-0.00135630,-0.00170285
1992-10-15,-0.00528443,-0.00147133,-0.00243362
1992-10-16,-0.00350036,-0.00030335,0.00041855
1992-10-19,-0.00447801,-0.00293233,-0.00283661
1992-10-20,0.00213331,-0.00130356,0.00004657
1992-10-21,-0.00090158,-0.00105384,-0.00237202
1992-10-22,0.00314059,0.00123650,0.00066976
1992-10-23,0.00439388,-0.00107654,-0.00041002
1992-10-26,0.00109204,0.00010055,0.00082902
1992-10-27,0.00534946,-0.00112333,-0.00185271
1992-10-28,0.00319100,0.00000683,-0.00032407
1992-10-29,-0.00266494,-0.00123975,-0.00247972
1992-10-30,0.00905387,0.00136385,-0.00036900
1992-11-02,-0.00237722,-0.00445496,0.00025433
1992-11-03,0.00870508,0.00179181,-0.00098872
1992-11-04,0.00402539,-0.00116788,-0.00059143
1992-11-05,-0.00139077,-0.00347788,-0.00102083
1992-11-06,-0.00405525,-0.00198003,0.00131860
1992-11-09,-0.00272669,-0.00332781,-0.00189269
1992-11-10,-0.00243562,-0.00221343,-0.00227751
1992-11-11,-0.00480578,-0.00173125,-0.00180834
1992-11-12,0.00417637,0.00032334,-0.00057586
1992-11-13,-0.00211979,-0.00099285,0.00088202
1992-11-16,0.00585713,0.00058316,-0.00068326
1992-11-17,0.01423423,0.00361661,-0.00190221
1992-11-18,-0.00633401,-0.00063192,-0.00055608
1992-11-19,-0.00419539,-0.00126421,0.00051080
1992-11-20,-0.00145465,0.00108892,-0.00176729
1992-11-23,0.00102383,0.00023646,0.00044272
1992-11-24,-0.00006658,0.00024241,-0.00043922
1992-11-25,0.00113854,0.00057852,-0.00141887
1992-11-27,-0.00010157,-0.00025593,-0.00132630
1992-11-30,0.00279014,0.00222102,-0.00205880
1992-12-01,0.00185539,0.00095543,-0.00133312
1992-12-02,0.00511269,0.00159735,-0.00031803
1992-12-03,0.00019895,-0.00041762,-0.00036662
1992-12-04,-0.00239117,-0.00147298,0.00022369
1992-12-07,-0.00579198,-0.00125218,-0.00000734
1992-12-08,-0.00242340,-0.00037866,0.00257594
1992-12-09,0.00155994,-0.00079581,-0.00161455
1992-12-10,0.00465085,0.00233238,-0.00173303
1992-12-11,0.00375724,0.00091430,-0.00014229
1992-12-14,0.00227017,0.00025914,-0.00069689
1992-12-15,0.00705424,0.00282377,-0.00365083
1992-12-16,0.00264819,0.00084466,-0.00144978
1992-12-17,-0.00737683,-0.00410990,0.00071733
1992-12-18,-0.00316654,0.00060655,-0.00120842
1992-12-21,-0.00148139,-0.00494946,0.00102025
1992-12-22,-0.00224280,-0.00547564,0.00056381
1992-12-23,0.00362605,-0.00084813,-0.00217390
1992-12-24,0.00172713,0.00161294,-0.00230149
1992-12-28,-0.00050247,-0.00107320,0.00119932
1992-12-29,-0.00568690,-0.00620558,-0.00119858
1992-12-30,-0.00166918,0.00015583,-0.00084113
1992-12-31,0.00162122,0.00353551,-0.00388679
1993-01-04,0.01063341,0.00766850,-0.00285349
1993-01-05,0.00145599,-0.00058598,0.00088523
1993-01-06,-0.00435159,-0.00296689,-0.00175595
1993-01-07,0.00315599,-0.00324324,-0.00049418
1993-01-08,-0.00007498,0.00027489,-0.00125280
1993-01-11,-0.00216563,-0.00037696,0.00116292
1993-01-12,0.00059682,-0.00152907,0.00016989
1993-01-13,-0.00207392,-0.00070960,-0.00136541
1993-01-14,-0.01234529,-0.00727666,0.00113198
1993-01-15,0.00220531,0.00088767,0.00091633
1993-01-18,-0.00020262,-0.00354889,0.00018642
1993-01-19,0.00526762,0.00771488,-0.00924572
1993-01-20,0.00075802,-0.00014728,-0.00012230
1993-01-21,0.00339909,-0.00002524,0.00210363
1993-01-22,0.00089453,-0.00074102,-0.00009017
1993-01-25,-0.00660096,-0.00266711,0.00008688
1993-01-26,0.00208422,0.00083682,-0.00289262
1993-01-27,0.00879540,0.00718051,-0.00338095
1993-01-28,0.00841319,0.00330365,-0.00096111
1993-01-29,-0.00101901,-0.00038126,0.00057979
1993-02-01,-0.00120114,-0.00026603,-0.00089577
1993-02-02,-0.00763731,-0.00311230,-0.00142465
1993-02-03,0.00028060,-0.00020801,-0.00074398
1993-02-04,0.00232061,0.00166188,-0.00031388
1993-02-05,0.01476751,0.00928028,-0.00428292
1993-02-08,0.00786107,0.00320486,-0.00220055
1993-02-09,0.00989882,0.00531095,-0.00302953
1993-02-10,0.00480618,0.00154366,0.00139643
1993-02-11,-0.00287294,-0.00189763,0.00081816
1993-02-12,0.00619101,0.00371473,-0.00308791
1993-02-16,0.02460960,0.01801986,-0.01184986
1993-02-17,0.00744905,0.00414192,-0.00209712
1993-02-18,0.01393011,-0.00130652,-0.00233037
1993-02-19,-0.00684794,0.00546672,0.00019086
1993-02-22,-0.02555542,0.01774708,-0.00107119
1993-02-23,-0.00112597,0.00241512,-0.00099598
1993-02-24,0.01824918,-0.01158877,0.00051384
1993-02-25,-0.00336205,-0.00226637,0.00097260
1993-02-26,0.00569996,-0.00244846,-0.00001086
1993-03-01,-0.00028605,-0.00057715,-0.00138881
1993-03-02,0.00446866,-0.00280949,0.00288774
1993-03-03,0.00362733,-0.00379232,0.00054183
1993-03-04,-0.00291573,0.00511578,-0.00069125
1993-03-05,-0.00259932,-0.00336809,-0.00064825
1993-03-08,-0.00130023,-0.00429305,0.00211987
1993-03-09,0.00235554,0.00196156,-0.00142084
1993-03-10,0.00357084,-0.00287144,-0.00119538
1993-03-11,0.00280615,-0.00088799,0.00002655
1993-03-12,-0.00597051,0.00259268,-0.00099334
1993-03-15,0.00257075,-0.00274285,-0.00046795
1993-03-16,0.00264974,0.00234676,0.00008128
1993-03-17,-0.00993982,0.00943880,0.00002910
1993-03-18,-0.00036718,0.00299656,0.00050964
1993-03-19,0.00406166,0.00768896,-0.00064120
1993-03-22,0.00021679,0.00484084,0.00124794
1993-03-23,0.00133493,0.00100432,-0.00055005
1993-03-24,-0.00212405,0.00417166,0.00185998
1993-03-25,-0.00356980,-0.00265498,-0.00052992
1993-03-26,0.00174321,0.00376910,0.00134513
1993-03-29,-0.00047284,-0.00149961,-0.00088840
1993-03-30,0.00405726,-0.00315744,-0.00001903
1993-03-31,0.00435149,-0.00532329,-0.00274926
1993-04-01,0.00266313,0.00392764,0.00234660
1993-04-02,0.00464522,0.01061135,0.00267154
1993-04-05,-0.00344517,0.00226388,0.00007321
1993-04-06,-0.00115378,0.00475980,-0.00103764
1993-04-07,-0.00406914,0.00085811,-0.00007757
1993-04-08,-0.00555169,0.00911193,0.00360486
1993-04-12,-0.00101555,-0.00283799,-0.00021724
1993-04-13,-0.00326037,0.00254137,-0.00005070
1993-04-14,0.00226537,0.00288127,0.00121164
1993-04-15,0.00093848,0.00433368,0.00118513
1993-04-16,0.00177560,0.00298310,0.00124450
1993-04-19,0.00608021,-0.00131051,0.00012803
1993-04-20,0.01018120,-0.00081938,-0.00403067
1993-04-21,0.01692623,-0.00349246,0.00260710
1993-04-22,0.01123987,0.00140729,0.00226976
1993-04-23,-0.00116010,-0.00166369,-0.00163535
1993-04-26,-0.00173529,0.00134606,-0.00218633
1993-04-27,0.01048310,-0.00443601,0.00166435
1993-04-28,0.00418417,0.00080088,0.00068005
1993-04-29,0.00531272,-0.00079898,0.00003751
1993-04-30,-0.00151781,0.00038429,0.00160766
1993-05-03,0.00581212,-0.00303292,0.00084526
1993-05-04,0.00602591,-0.00263007,0.00206497
1993-05-05,0.01346110,-0.00248519,0.00118944
1993-05-06,0.00161298,-0.00006799,-0.00067133
1993-05-07,0.00010354,-0.00293755,-0.00221363
1993-05-10,0.00511537,-0.00101685,0.00069677
1993-05-11,0.00048658,-0.00079776,-0.00042728
1993-05-12,-0.00259830,-0.00101184,-0.00245077
1993-05-13,-0.00642325,0.00090741,-0.00245777
1993-05-14,0.00343322,-0.00369940,-0.00052686
1993-05-17,0.00149304,-0.00165242,-0.00059645
1993-05-18,0.00011778,-0.00239089,-0.00078934
1993-05-19,0.00913367,-0.00263570,0.00085484
1993-05-20,0.00132578,-0.00029408,0.00206550
1993-05-21,0.00483209,0.00247775,-0.00082375
1993-05-24,0.00193792,0.00074362,0.00077745
1993-05-25,0.00582609,0.00102009,0.00027668
1993-05-26,-0.00500258,-0.00268542,0.00044444
1993-05-27,0.00144493,0.00092739,-0.00094472
1993-05-28,0.00127363,0.00051931,-0.00093837
1993-06-01,0.00081375,0.00002002,0.00142414
1993-06-02,-0.00187344,0.00013293,0.00037938
1993-06-03,-0.00511833,-0.00118868,-0.00180221
1993-06-04,-0.00136009,0.00035618,-0.00156254
1993-06-07,-0.00367599,0.00071480,-0.00095759
1993-06-08,0.00505629,0.00327568,0.00018036
1993-06-09,0.00557141,0.00187446,0.00124486
1993-06-10,0.00253608,0.00125866,0.00084376
1993-06-11,0.00519559,0.00229006,0.00331521
1993-06-14,0.00107823,-0.00059741,-0.00018291
1993-06-15,0.00149995,0.00122279,0.00001210
1993-06-16,0.00368334,0.00103762,0.00093515
1993-06-17,-0.00107475,-0.00030008,-0.00024321
1993-06-18,0.01192808,0.00127301,-0.00138421
1993-06-21,0.00017903,0.00078858,0.00084488
1993-06-22,-0.00118390,0.00068330,0.00104824
1993-06-23,-0.00147370,0.00097615,0.00144613
1993-06-24,0.00714867,0.00297396,0.00165783
1993-06-25,0.00397017,0.00240835,0.00177199
1993-06-28,0.00214357,0.00385660,0.00383256
1993-06-29,-0.00043287,-0.00146865,-0.00155003
1993-06-30,0.00539303,0.00233509,0.00135362
1993-07-01,-0.00067043,-0.00125539,-0.00125401
1993-07-02,0.00093813,0.00033694,0.00015755
1993-07-06,0.00250424,0.00055217,0.00002992
1993-07-07,-0.00407521,-0.00163362,-0.00087562
1993-07-08,0.00361179,0.00412752,0.00379068
1993-07-09,0.00016740,-0.00015328,-0.00021196
1993-07-12,-0.00410972,-0.00099943,-0.00015401
1993-07-13,0.00256834,0.00160787,0.00120244
1993-07-14,0.00117288,0.00373604,0.00392611
1993-07-15,0.00023595,-0.00017950,-0.00025764
1993-07-16,0.00149969,-0.00195382,-0.00255214
1993-07-19,-0.00210595,-0.00148336,-0.00117154
1993-07-20,0.01229187,0.00062301,-0.00020917
1993-07-21,0.00633688,0.00242130,-0.00004725
1993-07-22,0.00007526,0.00235642,0.00032226
1993-07-23,0.00075794,-0.00019087,0.00165163
1993-07-26,0.00226729,0.00103930,0.00193544
1993-07-27,0.00039279,0.00083748,-0.00045215
1993-07-28,0.00298077,0.00169261,0.00101446
1993-07-29,-0.00109106,0.00062588,0.00228985
1993-07-30,0.00072888,0.00165229,-0.00051795
1993-08-02,0.00297590,0.00022706,0.00106686
1993-08-03,0.00718034,0.00405509,0.00276037
1993-08-04,0.00108755,0.00061542,0.00003713
1993-08-05,0.00181212,0.00234007,0.00257659
1993-08-06,0.00325965,0.00136719,0.00169814
1993-08-09,-0.00318076,-0.00067419,0.00116130
1993-08-10,-0.00072721,0.00097745,-0.00013648
1993-08-11,0.00049562,0.00066640,0.00023425
1993-08-12,0.00224681,0.00328391,0.00164984
1993-08-13,0.00228103,0.00146847,0.00151190
1993-08-16,0.00334317,-0.00034716,0.00075914
1993-08-17,0.00057650,-0.00020263,0.00165467
1993-08-18,-0.00216303,-0.00500752,-0.00474903
1993-08-19,0.00401692,0.00201942,0.00032214
1993-08-20,0.00529609,0.00273503,0.00034752
1993-08-23,0.00013733,0.00059504,0.00078749
1993-08-24,0.00061370,-0.00161503,-0.00111652
1993-08-25,0.00513850,0.00170374,-0.00193296
1993-08-26,0.00012065,0.00044097,-0.00018950
1993-08-27,0.00055170,0.00045531,0.00101242
1993-08-30,0.00028924,0.00011574,0.00102159
1993-08-31,0.00291076,0.00196049,0.00112685
1993-09-01,0.00144946,0.00105759,0.00157528
1993-09-02,0.00315011,0.00124119,0.00117081
1993-09-03,0.00158131,0.00167110,0.00070044
1993-09-07,0.00036534,0.00373525,0.00223075
1993-09-08,-0.00164796,0.00075762,0.00038195
1993-09-09,0.00191306,0.00139900,0.00219422
1993-09-10,0.00062785,-0.00040467,0.00088314
1993-09-13,-0.00165924,-0.00005613,-0.00039673
1993-09-14,-0.00353724,-0.00172846,-0.00227520
1993-09-15,0.00018045,0.00062368,0.00277163
1993-09-16,0.00251192,0.00078306,0.00029579
1993-09-17,0.00511507,0.00257369,-0.00024040
1993-09-20,0.00576746,0.00432932,0.00068348
1993-09-21,0.00061786,0.00153941,0.00057080
1993-09-22,0.00106869,-0.00025253,0.00142226
1993-09-23,-0.00164923,-0.00210610,-0.00064280
1993-09-24,0.00278733,0.00154001,0.00242807
1993-09-27,-0.00075503,-0.00115114,-0.00045874
1993-09-28,0.00414676,0.00279925,0.00107473
1993-09-29,0.00358338,0.00065066,0.00100442
1993-09-30,0.00190115,0.00073150,-0.00012880
1993-10-01,0.00053560,-0.00079376,-0.00024633
1993-10-04,0.00405923,0.00164852,0.00124737
1993-10-05,-0.00199469,-0.00010416,0.00137916
1993-10-06,0.00119026,0.00048581,0.00094476
1993-10-07,0.00025598,0.00024739,0.00119287
1993-10-08,0.00077499,0.00086838,0.00077838
1993-10-11,-0.00093874,-0.00016224,0.00072445
1993-10-12,-0.00055064,-0.00205521,0.00045753
1993-10-13,-0.00210218,0.00030966,0.00159313
1993-10-14,-0.00384567,-0.00292706,0.00068048
1993-10-15,0.00119830,0.00062762,-0.00057892
1993-10-18,0.00257158,-0.00230983,-0.00593137
1993-10-19,0.00283393,0.00015835,-0.00268212
1993-10-20,0.00112938,0.00087867,-0.00012257
1993-10-21,-0.00137240,0.00002438,0.00055470
1993-10-22,0.00064036,-0.00084316,0.00066112
1993-10-25,-0.00430569,-0.00121076,-0.00001169
1993-10-26,-0.00042038,0.00081719,-0.00091721
1993-10-27,0.00113924,0.00112208,0.00165600
1993-10-28,0.00115438,-0.00002032,-0.00122481
1993-10-29,-0.00111442,-0.00052528,0.00075334
1993-11-01,-0.00160370,-0.00005515,-0.00015054
1993-11-02,-0.00149364,-0.00062931,0.00051371
1993-11-03,-0.00453104,-0.00232256,0.00013376
1993-11-04,-0.00171308,-0.00404882,-0.00332322
1993-11-05,-0.00002319,0.00157616,-0.00033838
1993-11-08,-0.00063425,-0.00088354,-0.00130402
1993-11-09,-0.00219807,-0.00042305,0.00010236
1993-11-10,-0.00271276,0.00095303,-0.00222680
1993-11-11,-0.00247336,-0.00052178,0.00168479
1993-11-12,-0.00182902,-0.00033260,-0.00340157
1993-11-15,-0.00341029,-0.00187209,-0.00067966
1993-11-16,-0.00480553,-0.00535235,-0.00503710
1993-11-17,0.00072326,0.00055112,-0.00083075
1993-11-18,-0.00020318,-0.00014017,-0.00167081
1993-11-19,-0.00132336,-0.00131769,-0.00152233
1993-11-22,-0.00535024,-0.00265033,-0.00493218
1993-11-23,0.00491877,0.00306450,0.00261282
1993-11-24,0.00634293,0.00180360,0.00170669
1993-11-26,-0.00149001,0.00140376,0.00109854
1993-11-29,-0.00205602,0.00077092,0.00085683
1993-11-30,-0.00477480,-0.00241346,-0.00114087
1993-12-01,0.00509115,0.00294701,0.00299373
1993-12-02,0.00084428,0.00037822,0.00085518
1993-12-03,-0.00075485,-0.00062316,0.00072527
1993-12-06,-0.00024048,0.00084266,0.00109767
1993-12-07,-0.00033878,-0.00016167,-0.00138086
1993-12-08,-0.00174015,-0.00153048,-0.00217371
1993-12-09,0.00193471,0.00224531,0.00121776
1993-12-10,0.00225958,0.00161972,-0.00070256
1993-12-13,-0.00689113,-0.00172967,-0.00201474
1993-12-14,-0.00274729,-0.00056513,-0.00175448
1993-12-15,-0.00402343,-0.00082443,0.00024627
1993-12-16,0.00636745,0.00011760,-0.00014430
1993-12-17,0.00150020,-0.00127536,0.00072765
1993-12-20,-0.00046007,0.00203080,0.00085680
1993-12-21,-0.00250105,0.00014276,-0.00142694
1993-12-22,0.00091811,-0.00005377,0.00007156
1993-12-23,0.00296200,-0.00153367,-0.00074472
1993-12-27,0.00013802,-0.00031193,0.00186662
1993-12-28,0.00403294,0.00029253,0.00092459
1993-12-29,0.00436803,-0.00044144,-0.00076527
1993-12-30,-0.00011499,0.00128892,0.00177654
1993-12-31,0.00662428,0.00331262,0.00239110
1994-01-03,-0.00154673,-0.00419945,-0.00322058
1994-01-04,0.00442215,-0.00061575,-0.00074146
1994-01-05,0.00501267,0.00019539,0.00235226
1994-01-06,0.00052755,0.00091091,-0.00079783
1994-01-07,-0.00321386,-0.00180190,-0.00058602
1994-01-10,0.00005683,-0.00079467,0.00122807
1994-01-11,-0.00277181,0.00062561,-0.00071348
1994-01-12,0.00230242,0.00320990,0.00236863
1994-01-13,0.00287623,0.00239987,0.00012301
1994-01-14,-0.00287533,-0.00110269,0.00081683
1994-01-17,0.00084610,-0.00165095,-0.00278718
1994-01-18,-0.00506569,-0.00225307,-0.00128183
1994-01-19,0.00661608,0.00285595,0.00009818
1994-01-20,-0.00131407,-0.00133455,-0.00101204
1994-01-21,0.00160278,0.00085313,0.00124088
1994-01-24,-0.00254074,0.00108236,-0.00173548
1994-01-25,0.00300734,0.00120601,0.00080053
1994-01-26,0.00294289,0.00131956,0.00305419
1994-01-27,0.00008557,-0.00031272,0.00156410
1994-01-28,-0.00304644,-0.00175827,-0.00065670
1994-01-31,-0.00000704,0.00106132,0.00184847
1994-02-01,0.00061833,-0.00002619,0.00010932
1994-02-02,-0.00128421,-0.00191164,-0.00242974
1994-02-03,0.00331673,0.00150614,0.00051197
1994-02-04,0.00089476,0.00436032,-0.00290788
1994-02-07,-0.00266993,-0.00404884,-0.00336668
1994-02-08,-0.00185308,0.00032836,0.00052966
1994-02-09,-0.00012738,-0.00077886,0.00116618
1994-02-10,0.00342869,0.00179450,-0.00130026
1994-02-11,-0.00105760,0.00044413,0.00131630
1994-02-14,-0.00577268,-0.00193663,0.00050673
1994-02-15,0.00412091,-0.00073577,-0.00228878
1994-02-16,0.00503543,0.00316168,0.00148664
1994-02-17,-0.00218812,-0.00161909,0.00060373
1994-02-18,-0.00171997,-0.00055798,-0.00001631
1994-02-22,-0.00290994,-0.00089926,-0.00196722
1994-02-23,-0.00114937,0.00000367,-0.00045546
1994-02-24,0.00366007,-0.00008210,0.00089179
1994-02-25,0.00242721,0.00147887,0.00027053
1994-02-28,0.00083984,0.00278963,0.00144488
1994-03-01,0.00292937,0.00060807,-0.00196397
1994-03-02,-0.00271195,-0.00218408,-0.00215576
1994-03-03,-0.00459473,-0.00000096,-0.00068392
1994-03-04,0.00067932,0.00189601,-0.00021248
1994-03-07,-0.00543777,-0.00171231,-0.00241123
1994-03-08,-0.00392209,-0.00275676,-0.00098614
1994-03-09,-0.00229079,-0.00005875,-0.00041109
1994-03-10,0.00192129,0.00077366,0.00204767
1994-03-11,-0.00057516,-0.00005171,0.00003668
1994-03-14,-0.00242225,-0.00098186,-0.00025141
1994-03-15,-0.00094955,0.00044151,0.00107253
1994-03-16,0.00441706,-0.00021258,0.00126577
1994-03-17,0.00518551,-0.00055054,-0.00112835
1994-03-18,0.00167752,-0.00005673,0.00203323
1994-03-21,-0.00321213,-0.00048274,-0.00111026
1994-03-22,-0.00298404,-0.00128652,-0.00101915
1994-03-23,-0.00193281,0.00101123,-0.00101789
1994-03-24,0.00222406,0.00048040,0.00115511
1994-03-25,0.00618256,0.00508262,0.00302371
1994-03-28,0.00478887,-0.00368533,-0.00163624
1994-03-29,0.00913126,0.00120435,0.00268368
1994-03-30,-0.00131362,-0.00117295,-0.00150425
1994-03-31,0.00680541,0.00211724,-0.00029128
1994-04-04,-0.00821392,-0.00286472,-0.00376335
1994-04-05,-0.00938547,0.00086308,-0.00241662
1994-04-06,-0.00658296,0.00000220,-0.00199690
1994-04-07,-0.00584956,-0.00119228,-0.00050283
1994-04-08,-0.00436689,0.00060829,0.00019840
1994-04-11,-0.00021427,-0.00265973,-0.00005131
1994-04-12,0.00055229,-0.00131732,0.00056091
1994-04-13,0.00352869,-0.00076922,0.00041035
1994-04-14,-0.00046619,0.00030600,0.00083088
1994-04-15,0.00423749,0.00074792,0.00038151
1994-04-18,-0.00017817,0.00091686,-0.00361267
1994-04-19,-0.00326503,-0.00343459,0.00013358
1994-04-20,-0.00462303,-0.00227569,0.00222273
1994-04-21,0.00594952,0.00162767,-0.00255971
1994-04-22,0.00585386,0.00418783,0.00102898
1994-04-25,0.00632876,0.00260138,-0.00156346
1994-04-26,0.00399826,0.00319749,-0.00113466
1994-04-28,-0.00101214,0.00028734,0.00279372
1994-04-29,0.00111915,0.00074213,-0.00263917
1994-05-02,0.00506486,0.00080291,0.00133861
1994-05-03,0.00118323,0.00095916,0.00189035
1994-05-04,-0.00104221,-0.00052369,0.00008380
1994-05-05,0.00516077,0.00118586,0.00379708
1994-05-06,-0.00290406,-0.00143169,0.00214256
1994-05-09,-0.00726578,-0.00108899,-0.00003446
1994-05-10,-0.00717143,-0.00594437,0.00167739
1994-05-11,-0.00202187,-0.00100687,-0.00013132
1994-05-12,0.00266411,-0.00017638,0.00056850
1994-05-13,-0.00262013,-0.00293227,0.00026225
1994-05-16,-0.00484229,-0.00337303,0.00185369
1994-05-17,-0.00044904,-0.00423705,-0.00054245
1994-05-18,0.00219449,0.00143715,-0.00233601
1994-05-19,0.00460004,-0.00070783,0.00199262
1994-05-20,0.00192893,0.00160138,0.00077064
1994-05-23,0.00078231,-0.00010097,0.00024111
1994-05-24,-0.00056234,-0.00118483,-0.00013131
1994-05-25,-0.00165692,-0.00094330,0.00081765
1994-05-26,0.00058119,-0.00142772,-0.00064396
1994-05-27,0.00353427,0.00075627,-0.00050367
1994-05-31,-0.00034749,0.00144381,-0.00218638
1994-06-01,-0.00472229,-0.00162713,0.00012520
1994-06-02,0.00112873,-0.00178375,0.00232847
1994-06-03,0.00314739,0.00096966,-0.00034404
1994-06-06,0.00125794,-0.00004481,-0.00047911
1994-06-07,-0.00100299,0.00095849,-0.00092545
1994-06-08,0.00071794,0.00045180,-0.00148597
1994-06-09,0.00073574,0.00058020,0.00021134
1994-06-10,0.00311840,-0.00148070,0.00140039
1994-06-13,-0.00183000,0.00087569,-0.00291070
1994-06-14,-0.00446322,-0.00024111,-0.00258035
1994-06-15,-0.00074262,0.00145167,-0.00223725
1994-06-16,-0.00221871,-0.00233467,0.00074307
1994-06-17,0.00626059,0.00551037,-0.00241323
1994-06-20,-0.00001987,0.00345555,-0.00124478
1994-06-21,0.00320991,0.00494101,0.00213257
1994-06-22,-0.00132138,-0.00130829,-0.00076614
1994-06-23,0.00004635,0.00455844,-0.00277167
1994-06-24,0.00206576,0.00355773,-0.00027953
1994-06-27,-0.00195232,-0.00319949,0.00086928
1994-06-28,-0.00253999,-0.00101990,-0.00161993
1994-06-29,-0.00246282,-0.00220175,-0.00009639
1994-06-30,0.00939895,0.00405279,0.00119240
1994-07-01,0.00056787,0.00021688,-0.00054669
1994-07-05,-0.00540389,-0.00187970,-0.00013478
1994-07-06,-0.00034463,0.00136185,-0.00004059
1994-07-07,0.00158132,-0.00032430,0.00032591
1994-07-08,-0.00397918,-0.00278134,0.00024374
1994-07-11,0.00041070,0.00012487,0.00111743
1994-07-12,0.00096642,-0.00135212,0.00070363
1994-07-13,-0.00028390,-0.00303439,-0.00190798
1994-07-14,-0.00111027,-0.00150815,0.00096247
1994-07-15,0.00369604,0.00304088,-0.00126205
1994-07-18,-0.00015438,-0.00025106,-0.00119424
1994-07-19,0.00012050,0.00134355,-0.00228099
1994-07-20,0.00678649,0.00397229,-0.00019402
1994-07-21,0.00104498,0.00080341,-0.00021486
1994-07-22,0.00018647,0.00053029,0.00018404
1994-07-25,0.00348017,0.00228339,0.00030225
1994-07-26,0.00173887,0.00076607,-0.00018193
1994-07-27,0.00157017,0.00092082,-0.00065395
1994-07-28,-0.00035148,0.00076828,0.00055983
1994-07-29,-0.00099157,-0.00137019,0.00015027
1994-08-01,-0.00126199,0.00032772,0.00003069
1994-08-02,0.00066978,0.00003930,0.00083144
1994-08-03,0.00185422,0.00133520,-0.00223223
1994-08-04,0.00470979,0.00283821,-0.00127742
1994-08-05,0.00311471,0.00153103,-0.00013500
1994-08-08,0.00198332,0.00046571,-0.00031363
1994-08-09,0.00312681,0.00137566,-0.00024838
1994-08-10,-0.00401963,-0.00340698,0.00243990
1994-08-11,-0.00040717,-0.00157541,-0.00092764
1994-08-12,0.00066447,0.00059379,0.00077887
1994-08-15,0.00086984,-0.00019210,-0.00093032
1994-08-16,-0.00174024,-0.00079894,0.00124705
1994-08-17,0.00168131,0.00027039,-0.00151340
1994-08-18,-0.00047447,-0.00128114,-0.00006508
1994-08-19,0.00007210,-0.00042065,0.00032298
1994-08-22,0.00069513,-0.00049372,0.00003172
1994-08-23,0.00136640,0.00088186,-0.00136323
1994-08-24,0.00007976,-0.00018090,0.00060906
1994-08-25,0.00023059,-0.00134258,-0.00021323
1994-08-26,-0.00175731,-0.00112945,-0.00052185
1994-08-29,0.00418407,0.00221675,0.00038727
1994-08-30,0.00118987,0.00079924,0.00008371
1994-08-31,0.00104415,0.00043921,-0.00076273
1994-09-01,0.00153766,0.00071583,0.00028738
1994-09-02,0.00093112,0.00002852,0.00022132
1994-09-06,0.00122952,0.00015096,0.00001770
1994-09-07,-0.00277819,-0.00182308,-0.00065106
1994-09-08,0.00104427,0.00051245,0.00063088
1994-09-09,0.00260447,0.00003885,-0.00013931
1994-09-12,-0.00318961,-0.00264225,-0.00037722
1994-09-13,-0.00218477,-0.00146155,0.00085192
1994-09-14,-0.00143691,-0.00014083,-0.00002010
1994-09-15,-0.00317845,-0.00219885,0.00059124
1994-09-16,0.00134853,-0.00064484,-0.00301030
1994-09-19,-0.00014610,-0.00004061,0.00105705
1994-09-20,0.00436900,0.00093549,-0.00023038
1994-09-21,0.00155052,0.00035655,-0.00009056
1994-09-22,-0.00002714,-0.00001050,0.00059790
1994-09-23,-0.00113648,-0.00155755,0.00034020
1994-09-26,0.00023411,-0.00142564,0.00105113
1994-09-27,-0.00192494,-0.00076065,0.00014254
1994-09-28,-0.00376939,-0.00210122,0.00014530
1994-09-29,-0.00212358,-0.00266689,0.00040880
1994-09-30,-0.00022922,0.00174234,-0.00010598
1994-10-03,-0.00361328,-0.00382791,-0.00114916
1994-10-04,0.00572274,0.00165278,0.00096527
1994-10-05,-0.00141677,-0.00143106,0.00115555
1994-10-06,0.00385605,0.00248207,-0.00002236
1994-10-07,-0.00517915,-0.00215707,0.00168136
1994-10-10,-0.00534134,-0.00187357,0.00101993
1994-10-11,-0.00457959,-0.00140759,0.00120139
1994-10-12,-0.00101832,-0.00065454,-0.00002405
1994-10-13,0.00096591,0.00066421,0.00036973
1994-10-14,0.00330238,0.00176014,0.00061253
1994-10-17,0.00667955,0.00208039,-0.00025075
1994-10-18,0.00156796,0.00024883,-0.00116795
1994-10-19,-0.00518886,-0.00485040,-0.00272861
1994-10-20,0.00111244,0.00024138,-0.00042542
1994-10-21,-0.00007791,0.00001465,-0.00024356
1994-10-24,0.00058983,-0.00112480,-0.00178092
1994-10-25,0.00201070,0.00194546,0.00126714
1994-10-26,-0.00717597,-0.00344662,0.00076025
1994-10-27,-0.00257343,-0.00339467,-0.00198715
1994-10-28,-0.00400454,-0.00234201,0.00111953
1994-10-31,-0.00154379,-0.00195805,-0.00068700
1994-11-01,0.00089398,-0.00018794,0.00022257
1994-11-02,0.00016699,-0.00019158,-0.00016324
1994-11-03,-0.00119294,0.00031987,-0.00020339
1994-11-04,0.00229739,0.00131666,-0.00005000
1994-11-07,0.00252206,0.00162263,0.00111507
1994-11-08,-0.00542105,-0.00244492,0.00067626
1994-11-09,-0.00067338,-0.00110025,-0.00144886
1994-11-10,0.00028219,-0.00020155,-0.00062940
1994-11-11,-0.00006135,0.00055300,0.00107247
1994-11-14,-0.00454753,-0.00419796,-0.00125699
1994-11-15,0.00074985,0.00217360,0.00044086
1994-11-16,-0.00507931,-0.00164467,-0.00048828
1994-11-17,0.00259797,0.00146669,0.00048215
1994-11-18,-0.00007364,0.00089442,0.00188744
1994-11-21,0.00724667,0.00311645,0.00161967
1994-11-22,0.00961892,0.00452301,0.00173798
1994-11-23,0.00741714,0.00170974,0.00003729
1994-11-25,-0.00563586,-0.00292440,-0.00093733
1994-11-28,-0.00642996,-0.00303489,-0.00038004
1994-11-29,-0.00460316,-0.00130327,0.00021679
1994-11-30,0.00351484,0.00084064,-0.00200480
1994-12-01,0.00245214,0.00124028,-0.00005484
1994-12-02,-0.00221940,-0.00100826,0.00017542
1994-12-05,-0.00600344,-0.00043319,0.00037329
1994-12-06,-0.00002934,-0.00004642,0.00004270
1994-12-07,0.00084583,0.00064850,-0.00076409
1994-12-08,0.01418536,0.00436721,0.00229811
1994-12-09,-0.00186486,-0.00041434,0.00099179
1994-12-12,-0.00411453,-0.00081631,-0.00134145
1994-12-13,-0.00304909,0.00029204,-0.00120417
1994-12-14,-0.00560637,-0.00188257,-0.00128584
1994-12-15,0.00539549,0.00154686,-0.00082576
1994-12-16,-0.00103354,-0.00028451,-0.00030898
1994-12-19,0.00107849,0.00040079,-0.00008980
1994-12-20,0.00198987,0.00010265,-0.00159596
1994-12-21,-0.00123801,-0.00284607,0.00205478
1994-12-22,0.00005992,0.00029523,0.00052781
1994-12-23,-0.00260509,0.00104877,-0.00098123
1994-12-27,-0.00840601,0.00062980,-0.00194562
1994-12-28,0.00059834,0.00046414,0.00066679
1994-12-29,-0.00527458,0.00035848,-0.00115918
1994-12-30,0.00732197,-0.00115522,0.00094056
1995-01-03,0.02044688,0.00092706,0.00340706
1995-01-04,0.00357295,-0.00118167,0.00145839
1995-01-05,0.00255752,0.00018899,0.00337035
1995-01-06,-0.00327670,-0.00080338,-0.00133353
1995-01-09,0.00319118,0.00000167,0.00094756
1995-01-10,-0.00118768,0.00043952,-0.00220645
1995-01-11,-0.00318109,0.00111849,-0.00048745
1995-01-12,-0.00053561,0.00092751,-0.00126705
1995-01-13,0.00300168,-0.00054628,-0.00089457
1995-01-16,-0.00556331,-0.00182858,-0.00069272
1995-01-17,0.00044366,0.00217712,-0.00096666
1995-01-18,0.00292339,0.00081088,0.00060440
1995-01-19,0.00481143,0.00094159,0.00249774
1995-01-20,0.00389399,0.00136336,-0.00010585
1995-01-23,0.00549917,0.00101097,-0.00075131
1995-01-24,-0.00257707,-0.00032585,-0.00050790
1995-01-25,0.00395322,-0.00040004,-0.00026907
1995-01-26,0.00480175,0.00174783,0.00104276
1995-01-27,0.00025086,-0.00069628,-0.00055749
1995-01-30,0.00794331,0.00268767,0.00176861
1995-01-31,0.00106414,-0.00029089,-0.00015588
1995-02-01,-0.00379548,-0.00081189,-0.00073020
1995-02-02,-0.00418129,-0.00098348,-0.00047173
1995-02-03,-0.00189565,-0.00222318,-0.00411660
1995-02-06,-0.00496733,-0.00171962,-0.00052889
1995-02-07,0.00241103,-0.00048592,0.00221640
1995-02-08,-0.00008387,0.00005707,0.00023481
1995-02-09,-0.00365507,-0.00144936,0.00135345
1995-02-10,-0.00289461,-0.00113693,-0.00015361
1995-02-13,0.00101755,0.00061215,-0.00036053
1995-02-14,0.00212980,-0.00010634,-0.00196823
1995-02-15,0.00379168,0.00293740,-0.00280884
1995-02-16,0.00475525,0.00197215,0.00057009
1995-02-17,0.00178167,0.00065696,0.00069553
1995-02-21,0.00240846,-0.00027651,-0.00093070
1995-02-22,0.00050675,-0.00056604,-0.00104483
1995-02-23,-0.00021677,-0.00117641,-0.00135177
1995-02-24,0.00012315,0.00121838,0.00094240
1995-02-27,-0.00112714,-0.00020505,0.00117887
1995-02-28,-0.00206566,-0.00138833,-0.00061784
1995-03-01,-0.00021878,-0.00055275,0.00060803
1995-03-02,-0.00280248,0.00112145,-0.00054621
1995-03-03,-0.00058798,-0.00001998,-0.00109753
1995-03-06,0.00053176,0.00125400,-0.00093094
1995-03-07,0.00088183,0.00265437,0.00296933
1995-03-08,-0.00120170,-0.00147394,-0.00148202
1995-03-09,0.00088213,0.00116896,0.00027833
1995-03-10,0.00584425,0.00062394,-0.00230583
1995-03-13,-0.00012886,-0.00093096,-0.00013132
1995-03-14,-0.00060447,0.00032184,-0.00046966
1995-03-15,0.00263179,0.00118693,0.00166363
1995-03-16,0.00267070,0.00008839,-0.00113918
1995-03-17,0.00634156,0.00338791,-0.00313031
1995-03-20,0.00101897,0.00025608,0.00218120
1995-03-21,0.00138414,0.00070878,-0.00004935
1995-03-22,0.00145672,-0.00059490,-0.00116055
1995-03-23,-0.00103263,-0.00047734,0.00111717
1995-03-24,0.00272650,-0.00001645,-0.00187889
1995-03-27,0.00176281,-0.00033396,-0.00093863
1995-03-28,-0.00171186,-0.00077249,0.00157304
1995-03-29,-0.00055696,0.00037432,-0.00254711
1995-03-30,-0.00215422,-0.00189709,-0.00232264
1995-03-31,-0.00393761,-0.00183427,0.00116130
1995-04-03,0.00024600,-0.00017953,0.00092906
1995-04-04,0.00400941,-0.00011552,-0.00256923
1995-04-05,-0.00089441,-0.00175796,-0.00150732
1995-04-06,0.00155076,-0.00012807,-0.00093345
1995-04-07,0.00128073,0.00173254,0.00123438
1995-04-10,-0.00041284,-0.00073107,0.00026478
1995-04-11,-0.00139127,-0.00069978,0.00207623
1995-04-12,0.00056025,0.00037212,-0.00079188
1995-04-13,-0.00098019,-0.00036939,0.00084654
1995-04-17,-0.00207641,-0.00060565,0.00195893
1995-04-18,0.00532310,-0.00089464,-0.00307694
1995-04-19,0.00109534,0.00024700,0.00012722
1995-04-20,0.00453513,0.00124955,-0.00155945
1995-04-21,0.00295800,0.00087622,-0.00016001
1995-04-24,-0.00196534,0.00048992,0.00153901
1995-04-25,-0.00334307,-0.00037560,0.00041103
1995-04-26,0.00032194,0.00077251,0.00045588
1995-04-27,-0.00076133,-0.00003627,-0.00036556
1995-04-28,-0.00158284,0.00066246,-0.00065389
1995-05-01,-0.00524471,-0.00225845,-0.00048807
1995-05-02,-0.00054653,0.00093257,-0.00009908
1995-05-03,-0.00009067,0.00169079,0.00205655
1995-05-04,0.00016791,-0.00215653,-0.00050834
1995-05-05,0.00423947,0.00109607,-0.00174270
1995-05-08,-0.00371146,0.00055454,-0.00251113
1995-05-09,-0.00488245,-0.00105557,-0.00065596
1995-05-10,-0.00337295,0.00035114,-0.00100979
1995-05-11,0.00158477,0.00128634,0.00039371
1995-05-12,0.00156532,0.00140128,-0.00158220
1995-05-15,0.00003504,0.00052406,-0.00114932
1995-05-16,-0.00279892,-0.00139477,-0.00078308
1995-05-17,0.00752646,-0.00010022,-0.00189184
1995-05-18,0.00657419,0.00038971,0.00109873
1995-05-19,0.00266354,0.00064403,0.00123979
1995-05-22,-0.00918336,0.00144165,0.00234273
1995-05-23,0.00166766,0.00371786,0.00387349
1995-05-24,-0.00129742,0.00079215,0.00034965
1995-05-25,0.00365098,0.00116127,0.00066637
1995-05-26,-0.00097255,-0.00335079,-0.00112394
1995-05-30,0.00085730,-0.00302373,-0.00471354
1995-05-31,-0.00146813,0.00310225,0.00046472
1995-06-01,-0.00086488,0.00017027,0.00239379
1995-06-02,-0.00157379,0.00069226,0.00200825
1995-06-05,0.00074551,0.00083880,-0.00065855
1995-06-06,-0.00034842,0.00070159,0.00101765
1995-06-07,0.00224219,0.00081523,0.00141702
1995-06-08,0.00027556,0.00151543,0.00355360
1995-06-09,-0.00002665,-0.00055884,0.00175383
1995-06-12,-0.00148920,0.00131170,0.00124891
1995-06-13,-0.00028183,0.00219457,-0.00023443
1995-06-14,-0.00512363,0.00027778,0.00367460
1995-06-15,0.00146119,0.00191165,0.00213076
1995-06-16,0.00153101,0.00083119,-0.00040921
1995-06-19,0.00102658,0.00884300,0.00744817
1995-06-20,0.00538377,0.00539002,0.00495198
1995-06-21,0.00229555,0.00202808,0.00235052
1995-06-22,0.00004057,0.00556406,0.00322186
1995-06-23,-0.00014235,0.00147544,0.00198567
1995-06-26,0.00273469,-0.00325219,-0.00162159
1995-06-27,-0.00112554,-0.00287888,-0.00236205
1995-06-28,0.00188201,-0.00120685,-0.00246613
1995-06-29,0.00181716,0.00465754,0.00475756
1995-06-30,-0.00064498,0.00298960,0.00239996
1995-07-03,-0.00102455,0.00194468,0.00200468
1995-07-05,-0.00193973,0.00285725,0.00290209
1995-07-06,-0.00167707,0.00238734,0.00037236
1995-07-07,-0.00023722,0.00331590,0.00227234
1995-07-10,0.00347766,-0.00116713,-0.00141695
1995-07-11,0.00369212,-0.00208588,-0.00159805
1995-07-12,-0.00087112,0.00800738,0.00647805
1995-07-13,0.00169313,0.00425560,0.00404247
1995-07-14,0.00477460,0.00387397,0.00325744
1995-07-17,-0.00137863,0.00290631,0.00290448
1995-09-15,-0.01369771,-0.01305559,-0.00722152
1995-09-18,0.00280663,0.00238204,0.00160321
1995-09-19,0.01297686,0.00894299,0.00429827
1995-09-20,0.00402562,0.00248724,0.00053992
1995-09-21,-0.00096454,-0.00334022,-0.00101799
1995-09-22,-0.00175053,-0.00101672,0.00047799
1995-09-25,-0.00718802,-0.00573104,-0.00150599
1995-09-26,-0.00549228,-0.00507682,-0.00215974
1995-09-27,-0.00819957,-0.00800098,-0.00531980
1995-09-28,0.01132778,0.01271377,0.00599008
1995-09-29,-0.00377252,-0.00062541,0.00087014
1995-10-02,-0.01182357,-0.00914858,-0.00406058
1995-10-03,-0.00719601,-0.00847112,-0.00424826
1995-10-04,-0.01586000,-0.01500064,-0.00625687
1995-10-05,0.01004065,0.00827607,0.00302566
1995-10-06,0.00094991,0.00158272,0.00103296
1995-10-09,-0.02505656,-0.02455821,-0.01314074
1995-10-10,-0.00344434,-0.00023403,-0.00019289
1995-10-11,0.01746548,0.01564790,0.00823121
1995-10-12,0.01905931,0.01582876,0.00694927
1995-10-13,0.00432757,0.00381797,0.00340508
1995-10-16,0.00185215,0.00349002,-0.00087263
1995-10-17,0.01344841,0.00914655,0.00698349
1995-10-18,0.01607313,0.00644057,0.00467780
1995-10-19,0.00355472,0.00425932,0.00374449
1995-10-20,-0.00651953,-0.00444388,-0.00277157
1995-10-23,-0.00141751,0.00219092,0.00188742
1995-10-24,0.00258352,0.00297435,0.00257553
1995-10-25,-0.01108147,-0.00359492,-0.00068982
1995-10-26,-0.00527868,-0.00423202,-0.00206180
1995-10-27,0.00503832,0.00481534,0.00321133
1995-10-30,0.01256266,0.00806764,0.00607830
1995-10-31,0.00243797,0.00187713,0.00172687
1995-11-01,0.00316868,0.00101538,0.00058535
1995-11-02,0.00547597,0.00268575,0.00278564
1995-11-03,0.00753402,0.00116959,0.00124611
1995-11-06,-0.00057934,-0.00067816,-0.00029574
1995-11-07,-0.01708700,-0.00821821,-0.00702206
1995-11-08,-0.00071809,0.00061789,0.00140130
1995-11-09,0.01455074,0.00654525,0.00454145
1995-11-10,0.00215775,-0.00017773,0.00196837
1995-11-13,-0.00288501,-0.00151618,-0.00223754
1995-11-14,-0.00638083,-0.01024950,-0.00566773
1995-11-15,-0.00365102,-0.00102681,-0.00076842
1995-11-16,0.00299372,0.00271731,0.00066659
1995-11-17,-0.00098653,0.00090367,-0.00032718
1995-11-20,-0.00945252,-0.00968352,-0.00342429
1995-11-21,-0.00436232,-0.00484522,-0.00332968
1995-11-22,-0.00160547,-0.00407005,-0.00282485
1995-11-24,0.00363006,0.00304956,0.00145107
1995-11-27,0.00231588,0.00193478,0.00034542
1995-11-28,0.01104168,0.01154099,0.00584554
1995-11-29,0.00738135,0.00663270,0.00305906
1995-11-30,0.00781649,0.00479494,0.00356786
1995-12-01,-0.00549427,-0.00214699,-0.00041169
1995-12-04,0.00282743,0.00620247,0.00384633
1995-12-05,-0.00381013,-0.00127206,-0.00008871
1995-12-06,-0.00746319,-0.00625121,-0.00353538
1995-12-07,-0.00134837,-0.00337092,-0.00052405
1995-12-08,0.00607077,0.00366244,0.00158745
1995-12-11,0.00220532,0.00146516,0.00138834
1995-12-12,0.00183284,-0.00054951,-0.00008715
1995-12-13,0.00070973,0.00241882,0.00248443
1995-12-14,-0.00808129,-0.00138260,-0.00646702
1995-12-15,-0.00823845,-0.00318672,-0.00254514
1995-12-18,-0.02024952,-0.00951648,-0.01037496
1995-12-19,0.02250165,0.00904918,0.00838045
1995-12-20,0.00208018,-0.00033822,0.00042626
1995-12-21,0.00738893,0.00520287,0.00491650
1995-12-22,0.00312845,0.00225915,0.00248078
1995-12-26,0.00410518,0.00368768,0.00320572
1995-12-27,0.00320330,0.00131595,0.00029843
1995-12-28,-0.00289632,0.00044532,-0.00115155
1995-12-29,0.00696937,0.00264138,0.00296704
1996-01-02,-0.01289050,-0.01020751,-0.00297471
1996-01-03,-0.02257889,-0.01148083,-0.00464754
1996-01-04,-0.01738888,-0.00867468,-0.00488477
1996-01-05,-0.00362408,-0.00230951,0.00165103
1996-01-08,0.00373388,0.00254891,0.00142848
1996-01-09,-0.02756477,-0.01027309,-0.00790592
1996-01-10,-0.00194104,-0.00316006,-0.00415305
1996-01-11,0.01636455,0.00710063,0.00696972
1996-01-12,-0.00087174,-0.00214196,-0.00122218
1996-01-15,-0.01609741,-0.00353170,-0.00390422
1996-07-16,0.01632724,0.00102624,-0.00733554
1996-07-17,0.05134136,-0.01963748,0.00700535
1996-07-18,0.02450287,-0.00723776,0.00568339
1996-07-19,-0.00825285,0.00301076,0.00044302
1996-07-22,-0.02106770,0.00835035,-0.00140459
1996-07-23,-0.03226207,0.01377688,-0.00560354
1996-07-24,-0.00539340,0.00415569,0.00021723
1996-07-25,0.01959959,-0.00953962,0.00305910
1996-07-26,0.01785321,-0.00841523,0.00173333
1996-07-29,-0.01001727,0.00333309,-0.00313285
1996-07-30,0.00159237,-0.00072735,0.00138758
1996-07-31,0.01023057,-0.00322027,0.00195465
1996-08-01,0.01258078,-0.00196470,0.00363641
1996-08-02,0.02478550,-0.00686427,0.00335779
1996-08-05,-0.00154098,0.00084508,-0.00040200
1996-08-06,-0.00202041,-0.00180300,0.00171730
1996-08-07,0.01264754,-0.00633803,-0.00171565
1996-08-08,0.00464285,-0.00054772,-0.00302928
1996-08-09,-0.00547254,-0.00021456,-0.00043464
1996-08-12,-0.00048165,0.00233659,0.00176451
1996-08-13,-0.00779230,0.00393115,-0.00003883
1996-08-14,0.00310756,0.00290833,-0.00052450
1996-08-15,0.00615446,0.00147980,0.00036438
1996-08-16,-0.00115240,0.00012681,-0.00116238
1996-08-19,-0.00436474,-0.00116886,-0.00168494
1996-08-20,-0.00013074,-0.00047291,-0.00041076
1996-08-21,0.00004542,-0.00008369,0.00004180
1996-08-22,0.01042969,0.00290540,0.00351497
1996-08-23,0.00344710,-0.00148213,-0.00045709
1996-08-26,-0.00111132,0.00062413,0.00035258
1996-08-27,0.00865647,0.00197844,0.00290797
1996-08-28,0.00970040,0.00142031,0.00147287
1996-08-29,0.00018055,-0.00191063,-0.00150907
1996-08-30,-0.00207508,-0.00185725,-0.00069828
1996-09-03,-0.00042403,0.00260194,0.00183087
1996-09-04,-0.00230228,0.00053900,-0.00038852
1996-09-05,-0.00241039,-0.00060608,-0.00218262
1996-09-06,0.00328047,0.00379009,0.00305734
1996-09-09,0.00126380,0.00504704,0.00378414
1996-09-10,-0.00021323,0.00187390,0.00110789
1996-09-11,-0.00222703,0.00146408,0.00068384
1996-09-12,0.00480445,0.00154080,0.00235370
1996-09-13,0.01398411,0.00853290,0.00394955
1996-09-16,0.00335325,0.00067017,0.00269114
1996-09-17,0.00530050,0.00285742,0.00338052
1996-09-18,0.00776087,0.00069167,0.00053396
1996-09-19,0.00508219,0.00132880,0.00199797
1996-09-20,0.00592314,0.00192572,0.00147171
1996-09-23,0.00024648,0.00003759,-0.00028661
1996-09-24,0.00512953,0.00124959,0.00082939
1996-09-25,0.00682932,0.00054377,0.00139792
1996-09-26,0.00072566,0.00044521,0.00166837
1996-09-27,0.00107402,0.00192408,0.00111206
1996-09-30,-0.00228688,0.00005876,0.00076821
1996-10-01,-0.00315117,0.00028527,-0.00141938
1996-10-02,-0.00023224,0.00137456,0.00170787
1996-10-03,-0.00469552,0.00028952,-0.00047945
1996-10-04,-0.00168263,0.00153016,0.00120387
1996-10-07,-0.00072272,0.00191333,0.00159436
1996-10-08,0.00165008,-0.00067305,0.00002791
1996-10-09,0.00381504,0.00034467,0.00032260
1996-10-10,0.00046998,-0.00070842,0.00010464
1996-10-11,0.00392042,0.00113256,0.00172988
1996-10-14,0.00025792,-0.00104453,-0.00099214
1996-10-15,-0.00051276,0.00191209,0.00163144
1996-10-16,0.00097035,-0.00041416,0.00028329
1996-10-17,0.00461898,-0.00030919,-0.00009969
1996-10-18,0.00405673,0.00129451,0.00031051
1996-10-21,-0.00121187,-0.00060046,-0.00158390
1996-10-22,0.00330163,-0.00166151,-0.00049346
1996-10-23,0.00061035,0.00034558,-0.00005068
1996-10-24,0.00128878,-0.00050082,0.00090710
1996-10-25,-0.00430274,-0.00230560,-0.00183815
1996-10-28,-0.00146727,-0.00211492,-0.00029946
1996-10-29,0.00815781,0.00187726,-0.00079381
1996-10-30,-0.00150428,0.00033680,-0.00010765
1996-10-31,-0.00001141,0.00238517,0.00122758
1996-11-01,-0.00141560,-0.00006924,-0.00026203
1996-11-04,-0.00136672,-0.00190175,-0.00105386
1996-11-05,-0.00268943,0.00184601,0.00283478
1996-11-06,-0.00573547,0.00311396,0.00402329
1996-11-07,-0.00085010,0.00049908,0.00128944
1996-11-08,0.00154311,0.00135142,-0.00009470
1996-11-11,0.00290196,-0.00025901,-0.00027004
1996-11-12,0.00018125,-0.00000873,-0.00461924
1996-11-13,0.00356627,0.00160156,0.00221962
1996-11-14,-0.00122051,-0.00053484,0.00081888
1996-11-15,0.00147967,0.00104570,-0.00031747
1996-11-18,-0.00261719,-0.00175529,-0.00317653
1996-11-19,-0.00106435,0.00123049,0.00130762
1996-11-20,-0.00134353,-0.00015763,0.00024118
1996-11-21,-0.00236831,-0.00142971,-0.00185185
1996-11-22,-0.00149263,0.00066220,0.00352826
1996-11-25,0.00394124,0.00082017,-0.00014450
1996-11-26,-0.00127551,0.00076237,0.00092427
1996-11-27,-0.00067704,-0.00114926,-0.00026372
1996-11-29,0.00382236,-0.00125326,-0.00002205
1996-12-02,-0.00183313,-0.00075524,0.00094452
1996-12-03,-0.00231055,-0.00506860,-0.00283398
1996-12-04,0.00247841,-0.00183120,-0.00177758
1996-12-05,-0.00523910,-0.00467574,-0.00146785
1996-12-06,-0.00034134,0.00126174,0.00064260
1996-12-09,0.00014263,0.00253354,0.00504684
1996-12-10,0.00006585,-0.00263848,-0.00365828
1996-12-11,0.00044961,0.00120641,0.00034925
1996-12-12,-0.00259328,-0.00076148,-0.00628182
1996-12-13,0.00234730,0.00117840,-0.00056544
1996-12-16,0.00216265,0.00332313,-0.00115942
1996-12-17,0.00209075,0.00314547,0.00298865
1996-12-18,-0.00349887,-0.00201664,0.00482904
1996-12-19,0.00187569,0.00282632,0.00446120
1996-12-20,0.00465813,0.00461089,0.00098356
1996-12-23,0.00251120,0.00320975,0.00107461
1996-12-24,-0.00011703,0.00125655,0.00234419
1996-12-26,-0.00011998,0.00131660,0.00339895
1996-12-27,0.00189215,-0.00070001,-0.00014724
1996-12-30,0.00384641,0.00104279,0.00059928
1996-12-31,0.00091479,-0.00567232,-0.00557600
1997-01-02,0.00194139,-0.00227284,-0.00641199
1997-01-03,-0.00341787,-0.00232347,0.00298817
1997-01-06,-0.00008912,-0.00085811,0.00075309
1997-01-07,0.00091035,-0.00071746,0.00257391
1997-01-08,-0.00008975,0.00024507,-0.00102995
1997-01-09,0.00146458,-0.00029849,0.00234669
1997-01-10,0.00189934,0.00105316,0.00528760
1997-01-13,0.00099836,0.00181406,-0.00055892
1997-01-14,0.00411123,0.00173131,0.00047102
1997-01-15,0.00037006,-0.00014714,-0.00025805
1997-01-16,0.00001707,0.00034612,0.00101710
1997-01-17,0.00379378,0.00217281,0.00112260
1997-01-20,0.00004938,0.00079578,0.00095359
1997-01-21,0.00240700,0.00213423,-0.00001169
1997-01-22,0.00752740,0.00470799,0.00204021
1997-01-23,-0.00042509,-0.00069920,-0.00229489
1997-01-24,0.00188603,-0.00135576,-0.00140422
1997-01-27,-0.00219977,-0.00404523,-0.00204008
1997-01-28,-0.00009633,-0.00068429,-0.00068962
1997-01-29,0.00183493,0.00340251,0.00320118
1997-01-30,0.00146945,0.00285584,0.00235868
1997-01-31,-0.00262234,0.00001554,0.00066809
1997-02-03,0.00076518,-0.00057509,0.00034587
1997-02-04,0.00183812,0.00192332,0.00219417
1997-02-05,0.00045079,-0.00150101,-0.00107177
1997-02-06,0.00154775,0.00001788,-0.00017903
1997-02-07,0.00638821,0.00424559,0.00249250
1997-02-10,0.00473469,-0.00282781,-0.00265253
1997-02-11,-0.00000124,-0.00011734,0.00124074
1997-02-12,0.01299192,0.00639614,0.00412812
1997-02-13,-0.00136225,0.00253417,0.00317258
1997-02-14,0.00328980,-0.00023709,-0.00104348
1997-02-18,-0.00166992,0.00265470,0.00338082
1997-02-19,-0.00034002,0.00114666,0.00137027
1997-02-20,-0.00016700,-0.00186251,-0.00205589
1997-02-21,-0.00077664,-0.00020533,-0.00004762
1997-02-24,0.00235145,0.00367067,0.00357430
1997-02-25,-0.00013209,0.00113425,0.00130722
1997-02-26,0.00193067,0.00022269,-0.00020532
1997-02-27,-0.00333143,-0.00274350,-0.00229985
1997-02-28,0.00339213,-0.00004710,-0.00085391
1997-03-03,-0.00315818,0.00218746,0.00320657
1997-03-04,-0.00071309,-0.00181057,-0.00186852
1997-03-05,0.00219407,0.00298607,0.00284128
1997-03-06,-0.00058503,-0.00099371,-0.00097979
1997-03-07,0.00175227,0.00002902,-0.00038108
1997-03-10,0.00099900,0.00168890,0.00166414
1997-03-11,-0.00323260,-0.00111086,-0.00048647
1997-03-12,-0.00377367,-0.00031501,0.00053662
1997-03-13,-0.00032982,-0.00244054,-0.00266773
1997-03-14,0.00660857,0.00342987,0.00239372
1997-03-17,0.00178770,0.00171883,0.00159145
1997-03-18,-0.00429971,-0.00125613,-0.00000477
1997-03-19,0.00071999,0.00046090,0.00167968
1997-03-20,0.00235984,0.00086164,-0.00167453
1997-03-21,0.00562490,0.00096518,-0.00426671
1997-03-24,0.00771214,0.00467769,0.00158072
1997-03-25,-0.00079652,-0.00126304,-0.00114912
1997-03-26,0.00040067,-0.00127034,-0.00344013
1997-03-27,-0.00975026,-0.00373669,0.00013806
1997-03-31,-0.00593283,-0.00037030,0.00235499
1997-04-01,0.00478612,0.00268292,0.00016761
1997-04-02,-0.00397830,-0.00152792,-0.00070136
1997-04-03,0.00514522,0.00331309,0.00060734
1997-04-04,0.00652582,0.00176352,-0.00080641
1997-04-07,0.00227680,0.00076027,-0.00110443
1997-04-08,0.00264248,0.00112910,0.00092543
1997-04-09,-0.00678146,-0.00259221,-0.00040125
1997-04-10,-0.00420525,0.00006625,0.00235150
1997-04-11,-0.01008543,-0.00415450,-0.00063630
1997-04-14,0.00677564,0.00304134,0.00003867
1997-04-15,0.01141235,0.00513972,0.00016547
1997-04-16,0.00586683,0.00499050,0.00106552
1997-04-17,-0.00006369,0.00092852,0.00004936
1997-04-18,0.00219739,0.00140043,-0.00114496
1997-04-21,0.00288389,0.00387858,0.00143229
1997-04-22,0.01035973,0.00435487,-0.00052951
1997-04-23,-0.00118302,-0.00181412,-0.00112760
1997-04-24,-0.00104253,-0.00092171,0.00037098
1997-04-25,-0.00031594,0.00219515,0.00219485
1997-04-28,0.00881033,0.00523361,0.00043833
1997-04-29,0.01148213,0.00350042,-0.00108951
1997-04-30,0.00089741,-0.00166656,-0.00166654
1997-05-01,-0.00277512,-0.00118540,0.00104804
1997-05-02,0.00164489,-0.00189876,0.00155994
1997-05-05,0.00324942,-0.00285352,-0.00192061
1997-05-06,0.00339012,0.00221365,0.00092660
1997-05-07,-0.00689367,-0.00202209,0.00223613
1997-05-08,0.00393943,0.00141936,-0.00065128
1997-05-09,-0.00048149,-0.00065004,0.00182496
1997-05-12,0.00479669,0.00231228,0.00150996
1997-05-13,-0.00156313,-0.00007763,0.00020596
1997-05-14,0.00590270,0.00438192,0.00248012
1997-05-15,0.00050262,0.00087309,0.00260839
1997-05-16,-0.00416509,-0.00088295,-0.00117325
1997-05-19,0.00116602,0.00124726,0.00122291
1997-05-20,0.00212937,-0.00101984,0.00132122
1997-05-21,-0.00531034,-0.00253090,0.00063054
1997-05-22,0.00026478,0.00036027,0.00033778
1997-05-23,0.00006889,0.00023486,0.00297309
1997-05-27,-0.00361091,-0.00375974,0.00152827
1997-05-28,-0.00315221,-0.00117359,0.00048252
1997-05-29,-0.00086532,0.00266819,0.00133512
1997-05-30,0.00312730,0.00199933,0.00032012
1997-06-02,-0.00341235,-0.00116707,0.00136923
1997-06-03,0.00299625,0.00401522,-0.00022102
1997-06-04,0.00016454,-0.00004288,-0.00162279
1997-06-05,0.00037934,0.00085261,0.00157755
1997-06-06,0.00434563,0.00165864,0.00177005
1997-06-09,0.00192867,0.00151767,0.00054305
1997-06-10,0.00385092,0.00339218,-0.00065418
1997-06-11,0.00350346,0.00289008,0.00081843
1997-06-12,0.00759083,0.00478152,0.00043746
1997-06-13,0.00485252,0.00550898,-0.00110101
1997-06-16,-0.00114695,-0.00326268,0.00148906
1997-06-17,-0.00094126,-0.00338128,0.00176337
1997-06-18,-0.00201488,-0.00198552,-0.00190788
1997-06-19,0.00080506,0.00061675,0.00253037
1997-06-20,-0.00015575,-0.00324428,-0.00189922
1997-06-23,-0.00585917,-0.00710041,-0.00583435
1997-06-24,0.00420701,0.00260469,0.00328182
1997-06-25,-0.00274278,-0.00282592,-0.00288641
1997-06-26,0.00039394,0.00065357,-0.00097593
1997-06-27,0.00068391,0.00089656,0.00082574
1997-06-30,-0.00831637,-0.00666070,0.00002010
1997-07-01,0.00623599,0.00544484,-0.00158707
1997-07-02,0.00168125,0.00004120,0.00178956
1997-07-03,0.00292476,0.00207233,0.00099238
1997-07-07,-0.00455733,-0.00447705,-0.00149016
1997-07-08,-0.00057428,-0.00234375,0.00283673
1997-07-09,-0.00103461,-0.00271370,-0.00184287
1997-07-10,-0.00172997,-0.00088371,0.00163166
1997-07-11,-0.00335408,-0.00455646,0.00137551
1997-07-14,0.00002058,-0.00185291,0.00236787
1997-07-15,0.00083999,-0.00069296,-0.00471858
1997-07-16,-0.00339768,0.00207074,-0.00117791
1997-07-17,0.00541758,0.00082653,0.00060860
1997-07-18,0.00212894,-0.00065409,-0.00013800
1997-07-21,0.00388938,0.00042174,-0.00188054
1997-07-22,0.00161774,0.00355932,0.00092811
1997-07-23,-0.00074568,0.00036663,-0.00130208
1997-07-24,0.00164024,0.00064472,-0.00100437
1997-07-25,0.00042089,-0.00048856,0.00235514
1997-07-28,0.00139053,0.00044224,0.00058611
1997-07-29,0.00176995,0.00072164,0.00175941
1997-07-30,0.00143450,0.00236315,0.00106305
1997-07-31,-0.00211113,0.00017578,-0.00013124
1997-08-01,-0.00294339,-0.00064501,-0.00234648
1997-08-04,-0.00382470,-0.00154866,-0.00050958
1997-08-05,-0.00612813,-0.00130689,-0.00328103
1997-08-06,-0.00027428,-0.00031014,0.00241483
1997-08-07,0.00095425,-0.00133420,-0.00042236
1997-08-08,0.00143689,-0.00198108,-0.00291726
1997-08-11,0.00865569,0.00139757,0.00235057
1997-08-12,-0.00268715,-0.00094070,-0.00094630
1997-08-13,-0.00036930,0.00203807,-0.00269588
1997-08-14,0.00347849,0.00191743,0.00103793
1997-08-15,-0.00238674,-0.00482743,-0.00372806
1997-08-18,0.00618450,0.00116463,0.00092300
1997-08-19,-0.00481560,0.00041753,0.00178436
1997-08-20,-0.00414519,0.00128797,0.00226612
1997-08-21,-0.00297260,-0.00335031,-0.00285194
1997-08-22,0.00001003,-0.00077487,0.00071403
1997-08-25,-0.00881756,-0.00416635,-0.00142695
1997-08-26,-0.00117303,-0.00255931,0.00125595
1997-08-27,-0.00581573,-0.00235625,0.00013224
1997-08-28,-0.00258987,-0.00332986,-0.00010426
1997-08-29,-0.00302739,-0.00156280,0.00044248
1997-09-02,0.00427069,0.00453860,0.00244818
1997-09-03,0.00105061,0.00148697,-0.00224488
1997-09-04,0.00202761,0.00106361,0.00163847
1997-09-05,-0.00564063,-0.00225832,0.00150031
1997-09-08,-0.00004642,0.00099483,0.00209759
1997-09-09,0.00010543,-0.00012950,0.00143441
1997-09-10,-0.00347420,-0.00219843,-0.00387394
1997-09-11,-0.00366475,-0.00260301,-0.00219259
1997-09-12,0.00240232,0.00448325,-0.00342325
1997-09-15,-0.00317128,-0.00139616,-0.00134040
1997-09-16,0.00763822,0.00527224,0.00315857
1997-09-17,0.00105408,0.00014976,-0.00015860
1997-09-18,0.00253102,0.00033674,0.00025028
1997-09-19,-0.00318467,-0.00392710,-0.00237866
1997-09-22,-0.00337469,-0.00279421,-0.00234326
1997-09-23,0.00035799,0.00011622,0.00050916
1997-09-24,0.00198588,0.00045179,0.00093695
1997-09-25,-0.00063301,-0.00201031,-0.00154993
1997-09-26,0.00543615,0.00157992,-0.00044156
1997-09-29,-0.00090548,0.00029586,0.00056695
1997-09-30,-0.00296302,-0.00040510,0.00082463
1997-10-01,0.00607652,0.00318541,-0.00056626
1997-10-02,0.00056907,0.00017660,-0.00002731
1997-10-03,0.00071793,0.00078651,0.00127269
1997-10-06,0.00271942,0.00135611,-0.00118232
1997-10-07,-0.00244616,-0.00199439,-0.00174561
1997-10-08,-0.00862061,-0.00526092,-0.00221100
1997-10-09,-0.00431812,-0.00173608,-0.00019667
1997-10-10,-0.00063146,-0.00102137,-0.00104775
1997-10-13,0.00350870,0.00396772,-0.00410619
1997-10-14,0.01150591,0.00342726,0.00024446
1997-10-15,-0.00010568,0.00015124,-0.00095936
1997-10-16,0.00900763,0.00238458,-0.00162659
1997-10-17,0.01241407,0.00414079,0.00023943
1997-10-20,-0.00938533,-0.00129917,0.00071756
1997-10-21,-0.00600914,0.00064635,0.00192587
1997-10-22,0.00044075,-0.00102766,-0.00238263
1997-10-23,0.00886267,0.00201300,-0.00183781
1997-10-24,0.01281794,0.00388592,-0.00101666
1997-10-27,0.04078855,0.00666409,-0.00591051
1997-10-28,-0.03188265,-0.00207777,0.00858426
1997-10-29,-0.00240550,-0.00309455,-0.00514691
1997-10-30,0.01158403,0.00164155,-0.00195039
1997-10-31,-0.00559557,-0.00017473,0.00123214
1997-11-03,-0.01230691,-0.00070828,0.00437590
1997-11-04,-0.00653311,-0.00308467,-0.00069204
1997-11-05,-0.00492550,-0.00194432,-0.00096799
1997-11-06,0.00755159,0.00136913,-0.00026050
1997-11-07,0.01117551,0.00284695,-0.00020278
1997-11-10,0.00357309,0.00062131,-0.00380329
1997-11-11,0.00738656,0.00657295,0.00256959
1997-11-12,-0.01372112,0.00267720,0.00473092
1997-11-13,0.01289241,0.00213216,0.00130734
1997-11-14,0.00920228,-0.00149830,-0.00465552
1997-11-17,0.00532773,-0.00417607,-0.00507620
1997-11-18,-0.00032307,0.00367637,0.00395618
1997-11-19,0.00466684,0.00504962,0.00383706
1997-11-20,0.00373450,-0.00060350,-0.00301979
1997-11-21,0.00082904,0.00228536,0.00153801
1997-11-24,-0.00577052,0.00303319,0.00475154
1997-11-25,-0.00634800,0.00194225,0.00149392
1997-11-26,-0.00423208,-0.00055109,-0.00188769
1997-11-28,0.00287418,0.00101256,0.00102954
1997-12-01,0.00667058,0.00251122,0.00068260
1997-12-02,-0.00583512,0.00147952,0.00212221
1997-12-03,-0.00296869,0.00026864,0.00030169
1997-12-04,-0.00062292,0.00011687,0.00063964
1997-12-05,0.00182879,-0.00044859,-0.00198362
1997-12-08,0.00076621,-0.00355420,-0.00532188
1997-12-09,-0.00344784,0.00319499,0.00383733
1997-12-10,-0.00880214,0.00439546,0.00528406
1997-12-11,-0.01830443,0.00220534,-0.00525447
1997-12-12,-0.01091218,0.00008885,-0.00320837
1997-12-15,-0.00822809,0.00473862,0.00196976
1997-12-16,0.01246288,0.00014182,0.00177981
1997-12-17,0.00380797,0.00101517,0.00102332
1997-12-18,-0.01051866,0.00030239,-0.00246712
1997-12-19,0.00676687,-0.00153574,-0.00116781
1997-12-22,0.00402859,0.00296722,0.00363094
1997-12-23,-0.01075923,-0.00228291,-0.00431328
1997-12-24,0.00038476,-0.00014367,0.00003729
1997-12-26,0.00146866,0.00034197,0.00043558
1997-12-29,-0.00037666,-0.00014720,0.00266695
1997-12-30,0.00495668,0.00029981,0.00211582
1997-12-31,0.00943049,-0.00212668,0.00134546
1998-01-02,0.01864360,0.00344969,0.00029471
1998-01-05,0.00945197,-0.00077716,-0.00163172
1998-01-06,-0.00618481,-0.00285049,-0.00382468
1998-01-07,-0.00197559,-0.00133368,-0.00054063
1998-01-08,-0.00452653,-0.00247559,-0.00312537
1998-01-09,-0.01571286,-0.00088298,-0.00363398
1998-01-12,0.00095428,0.00526956,0.00352540
1998-01-13,0.02471750,0.00232296,0.00236066
1998-01-14,0.00743892,0.00059062,0.00329151
1998-01-15,-0.00298457,-0.00011608,-0.00230596
1998-01-16,0.00986601,0.00300294,0.00381602
1998-01-20,0.01497086,0.00027133,0.00337248
1998-01-21,-0.00468599,-0.00140444,-0.00143073
1998-01-22,-0.01688351,-0.00307751,-0.00218295
1998-01-23,0.00210420,-0.00066614,-0.00112054
1998-01-26,-0.00438782,0.00177229,0.00075411
1998-01-27,0.00080136,0.00232341,0.00335597
1998-01-28,0.00858863,-0.00105659,-0.00005231
1998-01-29,0.01136053,0.00271345,0.00270505
1998-01-30,-0.00069235,0.00003210,-0.00157847
1998-02-02,0.00980243,0.00203928,0.00324883
1998-02-03,0.00723924,-0.00016685,-0.00022551
1998-02-04,0.01673624,0.00036501,0.00392351
1998-02-05,0.00209676,-0.00000244,-0.00032738
1998-02-06,0.00083768,0.00143147,0.00083275
1998-02-09,0.00377929,0.00137548,-0.00058210
1998-02-10,0.00624156,0.00145769,0.00047282
1998-02-11,0.00451413,-0.00051140,-0.00032803
1998-02-12,0.00235812,0.00350528,-0.00230767
1998-02-13,0.00404125,0.00004303,-0.00093484
1998-02-17,0.00046247,0.00298086,-0.00028305
1998-02-18,0.00440218,0.00164357,0.00317138
1998-02-19,-0.00021641,-0.00055085,-0.00047836
1998-02-20,0.00307319,0.00173761,0.00107251
1998-02-23,-0.00386098,-0.00089599,-0.00231759
1998-02-24,-0.00041446,-0.00018038,-0.00108208
1998-02-25,0.00073319,0.00074067,0.00127023
1998-02-26,0.00373190,0.00046617,0.00070841
1998-02-27,0.00085176,0.00029961,-0.00037330
1998-03-02,-0.00311776,0.00077131,-0.00124575
1998-03-03,0.00086131,0.00325868,-0.00064525
1998-03-04,-0.00549752,-0.00299156,-0.00225058
1998-03-05,0.00057213,0.00003491,-0.00044184
1998-03-06,-0.00025358,0.00022297,0.00130095
1998-03-09,-0.00706978,-0.00097361,-0.00299482
1998-03-10,-0.00514575,0.00009364,0.00102197
1998-03-11,-0.00013351,-0.00046001,-0.00084800
1998-03-12,0.00122515,0.00084046,-0.00094444
1998-03-13,-0.00798972,-0.00163677,-0.00070288
1998-03-16,0.00139155,0.00371717,0.00417863
1998-03-17,-0.00215008,0.00074906,-0.00002776
1998-03-18,0.00378920,-0.00040960,-0.00043923
1998-03-19,0.00566493,-0.00080895,-0.00167496
1998-03-20,-0.00138036,0.00073138,0.00155908
1998-03-23,0.01348103,0.00385593,0.00124813
1998-03-24,-0.00311483,-0.00014078,0.00040046
1998-03-25,0.00128948,-0.00098969,-0.00108827
1998-03-26,0.00067747,0.00035753,0.00041661
1998-03-27,-0.00240759,-0.00139007,0.00062630
1998-03-30,-0.00188309,-0.00206408,-0.00177470
1998-03-31,0.00017240,0.00044021,0.00067555
1998-04-01,0.00441380,-0.00001290,-0.00102881
1998-04-02,-0.00075397,0.00135710,0.00078848
1998-04-03,-0.00545841,0.00046520,0.00220062
1998-04-06,-0.00232039,0.00258569,0.00238662
1998-04-07,0.00355315,0.00421015,0.00323478
1998-04-08,-0.00724888,-0.00557388,-0.00354163
1998-04-09,-0.00439545,-0.00184986,-0.00015081
1998-04-13,0.00148529,0.00209356,0.00206205
1998-04-14,0.00184966,-0.00158562,-0.00093482
1998-04-15,0.01052718,0.00684917,0.00457039
1998-04-16,-0.00095324,-0.00155294,0.00001704
1998-04-17,0.00377275,0.00118231,-0.00004885
1998-04-20,0.00024296,-0.00159410,-0.00230299
1998-04-21,0.00346918,0.00152711,0.00111737
1998-04-22,0.00698293,0.00174261,-0.00015895
1998-04-23,-0.00150620,-0.00098337,-0.00087012
1998-04-24,0.00765651,0.00114336,0.00043618
1998-04-27,-0.00098155,-0.00063687,-0.00151734
1998-04-28,-0.00159282,-0.00011011,-0.00041132
1998-04-29,0.00153949,0.00182099,0.00196974
1998-04-30,-0.00028605,0.00044621,0.00049937
1998-05-01,-0.00648184,0.00062048,0.00053054
1998-05-04,-0.00253950,-0.00141532,-0.00088348
1998-05-05,0.00237942,0.00098299,-0.00023409
1998-05-06,0.00180974,0.00073289,0.00024815
1998-05-07,0.00260084,0.00029445,0.00090189
1998-05-08,0.00326697,0.00155181,0.00060848
1998-05-11,-0.00186383,-0.00038888,-0.00049232
1998-05-12,0.00025236,0.00057545,0.00070367
1998-05-13,-0.00266279,-0.00126005,-0.00126110
1998-05-14,0.00316508,0.00231607,0.00060759
1998-05-15,0.00409691,0.00055626,-0.00179473
1998-05-18,0.00341079,-0.00022972,-0.00231304
1998-05-19,-0.00436173,-0.00302605,-0.00136814
1998-05-20,0.00182699,-0.00090483,-0.00164891
1998-05-21,0.00206461,-0.00045509,-0.00171260
1998-05-22,0.00413416,0.00130196,0.00006590
1998-05-26,0.00939582,0.00302071,-0.00099160
1998-05-27,-0.00371807,-0.00272264,-0.00112836
1998-05-28,-0.00494238,-0.00145496,0.00144670
1998-05-29,0.00195500,-0.00080198,-0.00032578
1998-06-01,0.00839597,0.00273626,-0.00024286
1998-06-02,-0.00056721,0.00016438,0.00157804
1998-06-03,0.00062202,-0.00241886,-0.00357226
1998-06-04,-0.00664068,-0.00031338,0.00355884
1998-06-05,-0.00373346,-0.00112751,0.00002516
1998-06-08,-0.00468659,-0.00231752,-0.00065906
1998-06-09,-0.00559917,-0.00408561,-0.00195310
1998-06-10,0.00406511,-0.00062562,-0.00116881
1998-06-11,0.00117025,-0.00332050,-0.00428946
1998-06-12,-0.00262211,-0.00220766,-0.00077450
1998-06-15,0.00387974,0.00238430,-0.00060518
1998-06-16,-0.00481030,0.00017898,-0.00010171
1998-06-17,-0.00690324,0.00403820,0.00009952
1998-06-18,-0.00042132,0.00148230,-0.00099455
1998-06-19,0.00053419,0.00152665,-0.00020534
1998-06-22,-0.00869078,-0.00066339,-0.00196850
1998-06-23,-0.00473192,0.00292682,-0.00213861
1998-06-24,-0.00450099,0.00016543,0.00019417
1998-06-25,0.00265844,-0.00190146,0.00012619
1998-06-26,0.00134925,0.00310952,-0.00028299
1998-06-29,-0.00567237,0.00104596,-0.00125436
1998-06-30,0.00401863,-0.00237455,0.00164939
1998-07-01,-0.00312888,0.00300955,0.00140833
1998-07-02,0.00103942,0.00145247,-0.00043776
1998-07-06,-0.00479353,0.00313497,-0.00096602
1998-07-07,0.00077963,0.00007151,0.00162959
1998-07-08,-0.00373950,0.00227352,0.00011220
1998-07-09,0.00126794,-0.00064595,-0.00283290
1998-07-10,-0.00251471,0.00208586,-0.00119647
1998-07-13,-0.00685732,0.00181541,-0.00198099
1998-07-14,-0.00251503,0.00186744,-0.00070346
1998-07-15,0.00102181,-0.00385065,0.00386507
1998-07-16,-0.00025677,0.00127453,0.00026694
1998-07-17,0.00362527,0.00133057,-0.00136258
1998-07-20,-0.00186117,0.00092013,-0.00375691
1998-07-21,0.00231338,-0.00216211,-0.00308083
1998-07-22,0.00396728,0.00524252,-0.00376392
1998-07-23,-0.00041585,-0.00024280,-0.00563113
1998-07-24,0.00520985,0.00063503,-0.00212386
1998-07-27,0.00638502,0.00210493,-0.00064388
1998-07-28,0.00045313,-0.00499061,-0.00132187
1998-07-29,0.00421105,0.00056128,-0.00134087
1998-07-30,0.00014771,0.00297808,0.00350415
1998-07-31,0.00580961,-0.00099930,-0.00379244
1998-08-03,0.00699707,-0.00155751,0.00173721
1998-08-04,0.00438835,-0.00724483,-0.00223844
1998-08-05,0.00802060,0.00132289,0.00076811
1998-08-06,-0.01139787,0.00085858,0.00418339
1998-08-07,-0.01265942,-0.00570991,0.00349686
1998-08-10,-0.00233235,0.00156142,-0.00387073
1998-08-11,0.00706727,-0.00009519,-0.00479075
1998-08-12,-0.00629330,0.00112727,0.00358331
1998-08-13,0.00208225,-0.00014586,0.00307766
1998-08-14,-0.00638903,-0.00307018,0.00195582
1998-08-17,0.00761166,0.00774791,-0.00003544
1998-08-18,0.00473684,0.00331715,-0.00160787
1998-08-19,0.00538951,-0.00155438,-0.00054510
1998-08-20,0.00127499,0.00122481,-0.00150177
1998-08-21,-0.00152813,-0.00080395,-0.00071834
1998-08-24,0.00736865,0.00510853,-0.00011632
1998-08-25,0.00483640,0.00519635,0.00052896
1998-08-26,0.00661252,0.00394351,-0.00077767
1998-08-27,-0.00312900,-0.00308389,0.00047456
1998-08-28,0.00502375,-0.00292564,0.00444266
1998-08-31,-0.00106832,-0.01697142,0.00819005
1998-09-01,0.00347198,0.01062011,-0.00930305
1998-09-02,-0.00715481,0.00210828,-0.00450457
1998-09-03,0.00127431,-0.00442611,-0.00082237
1998-09-04,-0.00676065,-0.01126649,-0.00012521
1998-09-08,0.00778352,0.01395579,-0.00736281
1998-09-09,0.00179261,-0.00260501,0.00216871
1998-09-10,-0.00677100,-0.01092104,0.00117392
1998-09-11,0.00579211,0.00085303,-0.00130995
1998-09-14,0.01424869,0.00109196,-0.00212957
1998-09-15,0.01300351,0.00032351,-0.00028433
1998-09-16,0.00318750,-0.00106412,-0.00244713
1998-09-17,-0.01022259,0.00164079,0.00575638
1998-09-18,-0.01330598,0.00003014,0.00181584
1998-09-21,0.00575843,-0.00016299,-0.00263884
1998-09-22,-0.00373870,-0.00038755,-0.00295691
1998-09-23,0.01118022,-0.00455992,-0.01073721
1998-09-24,-0.00750090,0.00144964,0.00469174
1998-09-25,0.00248414,-0.00100865,-0.00178120
1998-09-28,0.00597061,0.00136927,-0.00040546
1998-09-29,0.00498530,0.00062730,-0.00043668
1998-09-30,-0.01914661,0.00361170,0.00922242
1998-10-01,0.00357000,0.00229437,0.00854082
1998-10-02,0.01580743,-0.00210394,-0.00386878
1998-10-05,0.01947209,0.00564598,0.00510227
1998-10-06,0.00742077,0.00160103,-0.00116146
1998-10-07,0.01486367,0.00329170,0.00474344
1998-10-08,0.02836760,0.00801091,0.00389274
1998-10-09,0.00364802,-0.00242908,-0.01029776
1998-10-12,-0.01073836,-0.00329808,-0.00872732
1998-10-13,0.01485748,0.00855844,0.00505063
1998-10-14,0.00516102,-0.00293062,-0.00306981
1998-10-15,0.01099517,-0.00716788,-0.00591350
1998-10-16,-0.01696906,0.00037011,0.00242161
1998-10-19,-0.02749452,-0.00938705,-0.00284004
1998-10-20,-0.02817372,-0.00162539,-0.00269490
1998-10-21,-0.01151612,0.00015687,-0.00053682
1998-10-22,-0.02308757,-0.00610374,-0.00342706
1998-10-23,-0.01803650,-0.00036214,0.00145892
1998-10-26,-0.01892487,-0.00385272,-0.00039960
1998-10-27,-0.00765681,-0.00216106,0.00025344
1998-10-28,0.00160668,-0.00032540,0.00071779
1998-10-29,0.00513796,-0.00131384,-0.00476970
1998-10-30,0.00081440,-0.00407524,-0.00455150
1998-11-02,-0.01869176,-0.00634562,-0.00566360
1998-11-03,-0.00732324,0.00081709,-0.00043746
1998-11-04,-0.00934895,-0.00481275,-0.00196860
1998-11-05,-0.00221816,-0.00129463,-0.00319381
1998-11-06,-0.00994231,-0.00391436,-0.00326454
1998-11-09,-0.00304248,-0.00134316,0.00257087
1998-11-10,0.00949088,0.00152737,0.00220600
1998-11-11,0.00752415,0.00133388,0.00569359
1998-11-12,0.00354287,0.00212799,0.00130078
1998-11-13,0.00850829,0.00356711,-0.00133768
1998-11-16,0.00222240,-0.00483286,-0.00034833
1998-11-17,0.00612829,-0.00281162,0.00124970
1998-11-18,-0.00056262,-0.00618317,-0.00083865
1998-11-19,0.00219068,0.00011326,-0.00081020
1998-11-20,0.00031707,0.00242884,0.00011254
1998-11-23,0.00127159,-0.00819979,-0.00429551
1998-11-24,0.00332955,0.00287032,0.00204418
1998-11-25,-0.00762664,-0.00572964,-0.00308445
1998-11-27,-0.01200781,-0.00876230,-0.00506839
1998-11-30,0.00022413,0.00382139,0.00834431
1998-12-01,0.00853697,-0.00143377,-0.00061797
1998-12-02,0.00247615,-0.00198115,0.00185527
1998-12-03,0.00166070,0.00074225,0.00346662
1998-12-04,0.00775665,-0.00056395,-0.00299284
1998-12-07,0.00019313,-0.00238086,-0.00134561
1998-12-08,-0.00328018,-0.00610278,0.00056817
1998-12-09,0.00254489,-0.00313884,0.00194046
1998-12-10,0.00235952,-0.00010319,0.00585308
1998-12-11,0.00647317,0.00278257,0.00052855
1998-12-14,0.00553926,-0.00373754,0.00427614
1998-12-15,0.00318228,0.00697976,-0.00448640
1998-12-16,0.00206624,-0.00034927,-0.00035125
1998-12-17,0.00178913,0.00734822,-0.00199088
1998-12-18,-0.00393259,0.00423751,0.00149585
1998-12-21,-0.00622883,0.00448688,-0.00311047
1998-12-22,0.00343173,0.00341324,-0.00034909
1998-12-23,0.00288189,0.00404161,-0.00273376
1998-12-24,-0.00213263,0.00069468,-0.00054392
1998-12-28,-0.00342823,0.00333553,-0.00016378
1998-12-29,0.00382856,0.00355167,-0.00196552
1998-12-30,-0.00316695,-0.00571103,-0.00082637
1998-12-31,-0.00485508,-0.00053430,-0.00180765
1999-01-04,0.00174207,-0.00071694,0.00286812
1999-01-05,-0.00275007,-0.00056157,-0.00485467
1999-01-06,-0.00341842,0.00182212,-0.00554004
1999-01-07,-0.00481876,-0.00062681,0.00033659
1999-01-08,-0.00393152,0.00067222,-0.00224991
1999-01-11,-0.01256305,0.00135276,-0.00005946
1999-01-12,-0.00195340,-0.00367285,0.00312239
1999-01-13,0.00931583,0.00155156,0.00044061
1999-01-14,-0.00339806,-0.00414382,0.00312557
1999-01-15,0.00432393,0.00958844,-0.00230798
1999-01-19,-0.00292975,0.00639739,-0.00155126
1999-01-20,0.00090024,0.00224139,0.00368288
1999-01-21,0.00301104,-0.01100078,0.00155408
1999-01-22,-0.00213046,-0.00023017,0.00047744
1999-01-25,0.00306338,0.00223143,-0.00227249
1999-01-26,0.00233224,0.01196314,0.00222670
1999-01-27,0.00273681,0.00320537,0.00344514
1999-01-28,0.00558334,0.01125702,-0.00021895
1999-01-29,-0.00006414,0.00207154,0.00240798
1999-02-01,-0.00223508,0.00065270,0.00038253
1999-02-02,0.00319055,-0.00619545,-0.00075372
1999-02-03,-0.00494731,0.00393049,-0.00347921
1999-02-04,-0.00178734,-0.01014845,0.00068988
1999-02-05,0.00704236,-0.00792211,-0.00132314
1999-02-08,0.00434515,0.00109329,0.00231038
1999-02-09,0.00462863,-0.01428730,0.00151774
1999-02-10,0.01021748,0.00202620,0.00026690
1999-02-11,0.00146073,0.02200052,-0.00172924
1999-02-12,-0.00236195,-0.01056224,-0.00079585
1999-02-16,0.00504878,0.00215991,-0.00411404
1999-02-17,-0.00391858,-0.01066423,0.00154426
1999-02-18,0.00190191,0.00232697,-0.00224318
1999-02-19,0.00383557,0.00592920,-0.00014184
1999-02-22,0.01118905,0.01591938,-0.00293079
1999-02-23,0.00167332,0.00619042,0.00147861
1999-02-24,-0.00342951,-0.00537559,-0.00101284
1999-02-25,0.00164142,-0.00364445,0.00214678
1999-02-26,-0.00360673,-0.00794827,-0.00214885
1999-03-01,-0.00031674,0.00086540,0.00053315
1999-03-02,-0.00290914,-0.00323645,0.00034445
1999-03-03,-0.00051713,-0.00433640,-0.00026327
1999-03-04,0.00353268,0.00452693,-0.00427989
1999-03-05,0.00831237,0.00860120,-0.00404349
1999-03-08,0.00279617,0.00879108,0.00077308
1999-03-09,0.00237253,0.00290307,0.00136344
1999-03-10,-0.00195715,-0.00084879,-0.00004892
1999-03-11,0.00536102,0.00013818,0.00007130
1999-03-12,-0.00434906,-0.00599194,-0.00027084
1999-03-15,0.00832153,0.00957151,-0.00040827
1999-03-16,0.00749244,0.00547018,0.00037629
1999-03-17,-0.00737082,-0.00488334,0.00134161
1999-03-18,-0.00022484,0.00092871,-0.00438669
1999-03-19,-0.00997783,-0.00902067,0.00151162
1999-03-22,-0.00327324,-0.00489218,-0.00071182
1999-03-23,-0.00459178,-0.00890343,0.00375809
1999-03-24,0.00092373,0.00139304,-0.00374740
1999-03-25,0.00774232,0.01253464,-0.00096265
1999-03-26,-0.00494198,-0.00318039,-0.00017300
1999-03-29,0.00675196,0.00458533,-0.00604292
1999-03-30,0.00043612,0.00060441,0.00155830
1999-03-31,0.00609328,0.00695571,0.00152398
1999-04-01,0.00417223,0.00286274,0.00523244
1999-04-05,0.00703128,0.00680181,-0.00052560
1999-04-06,0.00352639,0.00439489,0.00351207
1999-04-07,0.00503044,0.00026987,0.00206669
1999-04-08,0.00237314,0.00536681,-0.00303371
1999-04-09,-0.00841010,-0.00265217,-0.00162921
1999-04-12,0.00019163,0.00360519,-0.00124148
1999-04-13,-0.00212548,0.00521767,0.00115828
1999-04-14,-0.01278113,-0.01507062,0.00168850
1999-04-15,-0.00400585,-0.01725404,-0.00007029
1999-04-16,-0.01503066,-0.01811004,0.00353970
1999-04-19,-0.01386587,-0.03879405,0.00828597
1999-04-20,0.01622310,0.02095435,-0.00198214
1999-04-21,0.00935990,0.01795727,-0.00135878
1999-04-22,0.01349975,0.01135482,-0.00121604
1999-04-23,0.00231575,0.00449697,0.00145220
1999-04-26,0.00181484,0.00966115,-0.00442753
1999-04-27,-0.00437851,-0.00779303,-0.00046439
1999-04-28,-0.01513007,-0.02252215,0.00243699
1999-04-29,-0.00878468,-0.01257982,0.00430545
1999-04-30,-0.00117078,0.00267251,0.00058649
1999-05-03,-0.00198373,-0.00763293,-0.00239536
1999-05-04,-0.01006984,-0.01358954,0.00143699
1999-05-05,0.00824617,0.00645807,0.00072337
1999-05-06,-0.01046371,-0.01202958,0.00158349
1999-05-07,0.00383832,0.00261048,-0.00045486
1999-05-10,-0.00485780,-0.00108791,0.00197752
1999-05-11,0.00716734,0.01103424,-0.00315498
1999-05-12,0.00695530,0.01211280,-0.00278784
1999-05-13,-0.00242481,-0.00592296,-0.00173757
1999-05-14,-0.00660840,-0.01089494,0.00533981
1999-05-17,0.00850262,0.00493024,-0.00189344
1999-05-18,-0.00043520,0.00292840,-0.00125080
1999-05-19,0.00329000,0.00591257,-0.00289838
1999-05-20,-0.00632929,-0.00472271,-0.00102983
1999-05-21,-0.00955707,-0.01007719,0.00159661
1999-05-24,-0.00406335,-0.01481827,0.00732877
1999-05-25,-0.00612356,-0.01409040,0.00536639
1999-05-26,0.00949159,0.00781292,-0.00300626
1999-05-27,-0.00295144,-0.00305134,0.00282089
1999-05-28,0.00362436,0.00908822,-0.00396809
1999-06-01,-0.00226482,-0.00675813,0.00294477
1999-06-02,0.00128838,0.00315206,-0.00034440
1999-06-03,-0.00426898,-0.00344110,-0.00020621
1999-06-04,0.01070503,0.01530225,-0.00651567
1999-06-07,-0.00230190,0.00682669,-0.00330834
1999-06-08,-0.00457924,-0.00681897,0.00307506
1999-06-09,0.00081442,0.00480572,-0.00168433
1999-06-10,-0.00449649,-0.00472572,0.00257460
1999-06-11,-0.00576450,-0.00752251,0.00102353
1999-06-14,-0.00295122,-0.01357867,0.00667290
1999-06-15,-0.00079590,0.00133886,0.00264456
1999-06-16,0.02930092,0.01578103,-0.00417672
1999-06-17,0.01024959,0.00540668,-0.00003437
1999-06-18,0.00351695,0.00205427,-0.00132538
1999-06-21,0.01414075,0.00844945,-0.00246016
1999-06-22,-0.00814757,-0.00587875,0.00015987
1999-06-23,-0.00151395,-0.00102155,-0.00199896
1999-06-24,-0.00787112,-0.00465937,0.00098209
1999-06-25,-0.00510856,-0.00285566,-0.00032685
1999-06-28,0.00703478,0.00530454,0.00062099
1999-06-29,0.01246765,0.00751893,-0.00093452
1999-06-30,0.01020773,0.00602591,-0.00325777
1999-07-01,0.00660312,0.00348167,-0.00161407
1999-07-02,0.00642591,0.00308213,-0.00246785
1999-07-06,-0.00048564,-0.00036224,-0.00089349
1999-07-07,0.00098460,-0.00041247,-0.00247241
1999-07-08,0.00083510,0.00107200,-0.00305284
1999-07-09,0.00410948,0.00399930,-0.00053416
1999-07-12,-0.00544455,-0.00273128,-0.00116884
1999-07-13,-0.00125356,-0.00055767,0.00062066
1999-07-14,0.00626565,0.00377873,-0.00265576
1999-07-15,0.00006456,0.00188268,0.00368379
1999-07-16,0.00065019,0.00200661,0.00141230
1999-07-19,-0.00882741,-0.00597533,-0.00075655
1999-07-20,-0.00448032,-0.00229771,0.00405010
1999-07-21,0.00422477,0.00103775,-0.00299278
1999-07-22,-0.00800829,-0.00467158,0.00338620
1999-07-23,-0.00048680,-0.00084020,-0.00044096
1999-07-26,-0.00863266,-0.00448858,0.00432929
1999-07-27,0.00171423,0.00101684,-0.00156850
1999-07-28,-0.00232604,-0.00220456,-0.00473487
1999-07-29,-0.00807079,-0.00531549,-0.00172906
1999-07-30,-0.00415380,-0.00311948,-0.00290344
1999-08-02,-0.00669173,-0.00385644,0.00326344
1999-08-03,-0.00645639,-0.00259165,0.00286383
1999-08-04,-0.00957343,-0.00540222,0.00333817
1999-08-05,0.00573188,0.00236256,-0.00251326
1999-08-06,-0.00350141,-0.00217101,-0.00295208
1999-08-09,-0.00789936,-0.00260524,0.00176738
1999-08-10,-0.00094806,-0.00159860,-0.00034670
1999-08-11,0.00473380,0.00464252,-0.00255267
1999-08-12,0.00243646,0.00035961,-0.00323890
1999-08-13,0.01427567,0.01421345,-0.00698840
1999-08-16,0.00228770,0.00290853,-0.00388215
1999-08-17,0.01090294,0.00782630,-0.00208566
1999-08-18,0.00059376,-0.00056416,0.00068831
1999-08-19,-0.00665233,-0.00662675,0.00336008
1999-08-20,0.00239343,0.00390081,-0.00196933
1999-08-23,0.00856920,0.00894327,-0.00491244
1999-08-24,-0.00180661,0.00208339,-0.00220548
1999-08-25,0.01003817,0.00833766,-0.00638926
1999-08-26,0.00106076,-0.00138966,-0.00409042
1999-08-27,-0.00616549,-0.00461039,0.00053823
1999-08-30,-0.01284617,-0.01010182,-0.00140861
1999-08-31,-0.00071729,0.00019894,-0.00469677
1999-09-01,0.00030503,0.00104693,-0.00231620
1999-09-02,-0.00398652,-0.00331853,-0.00113218
1999-09-03,0.01582169,0.01447949,-0.00670372
1999-09-07,-0.00574173,-0.00550181,-0.00453186
1999-09-08,-0.00459648,-0.00484569,-0.00129590
1999-09-09,0.00187677,0.00173477,-0.00269548
1999-09-10,0.00851714,0.00757806,-0.00509121
1999-09-13,-0.00075836,-0.00106839,0.00134025
1999-09-14,0.00365451,0.00357889,-0.00614503
1999-09-15,-0.00576228,-0.00860118,0.00473227
1999-09-16,-0.00234584,-0.00140687,-0.00130965
1999-09-17,0.00311430,0.00622064,-0.00239912
1999-09-20,-0.00064259,0.00044106,0.00013414
1999-09-21,-0.00152132,-0.00531290,-0.00049398
1999-09-22,0.00403915,0.00707354,-0.00616771
1999-09-23,-0.00705218,-0.01128650,0.00064193
1999-09-24,0.00157466,0.00107717,0.00287307
1999-09-27,0.00094156,0.00245410,-0.00413838
1999-09-28,0.00264854,0.00119821,0.00135716
1999-09-29,0.00190752,0.00222227,-0.00298168
1999-09-30,0.00436292,0.00540988,-0.00067585
1999-10-01,-0.00313235,-0.00360622,0.00050799
1999-10-04,0.00299993,0.00796414,-0.00158006
1999-10-05,-0.00080729,0.00235582,-0.00301171
1999-10-06,0.01071251,0.01413151,-0.00170559
1999-10-07,0.00710664,0.00492192,-0.00206254
1999-10-08,0.00553319,0.00567496,0.00332243
1999-10-11,-0.00185944,0.00130454,-0.00619374
1999-10-12,-0.00760730,-0.00741775,-0.00143803
1999-10-13,-0.01091738,-0.01097518,-0.00475858
1999-10-14,0.00370015,0.00212708,-0.00320532
1999-10-15,-0.01126360,-0.01260633,-0.00395767
1999-10-18,-0.01359522,-0.00881074,0.00362380
1999-10-19,0.01048562,0.00709596,-0.00046542
1999-10-20,0.01582305,0.01178563,-0.00243580
1999-10-21,0.00715765,0.00406324,-0.00381437
1999-10-22,0.00102881,0.00255089,0.00306516
1999-10-25,0.00153174,0.00005171,-0.00153444
1999-10-26,-0.00134791,-0.00118956,-0.00122870
1999-10-27,-0.00389542,0.00009639,0.00710296
1999-10-28,0.01192740,0.01438916,0.00756296
1999-10-29,0.01173109,0.01206539,0.00117558
1999-11-01,0.00441726,0.00199210,-0.00156190
1999-11-02,-0.00539196,-0.00235228,0.00027615
1999-11-03,0.01170375,0.00979524,-0.00439514
1999-11-04,0.00972465,0.00946794,-0.00021589
1999-11-05,0.01115153,0.01053716,0.00061335
1999-11-08,0.01680010,0.01159539,-0.00063100
1999-11-09,0.00356792,0.00309233,-0.00024030
1999-11-10,0.01429039,0.00853536,-0.00460836
1999-11-11,0.00512933,0.00287546,-0.00398794
1999-11-12,0.00153434,0.00889291,-0.00106840
1999-11-15,0.00162330,0.00130340,0.00436734
1999-11-16,0.00735249,0.01161992,-0.00205689
1999-11-17,0.00190734,-0.00193972,0.00230626
1999-11-18,0.01316306,0.01387646,-0.00118066
1999-11-19,0.00265614,0.00352763,0.00213065
1999-11-22,0.01196869,0.00797908,-0.00043769
1999-11-23,-0.00417629,-0.00705945,0.00130412
1999-11-24,0.01081968,0.01186730,-0.00222663
1999-11-26,0.00621464,0.00779188,-0.00388693
1999-11-29,0.00172513,-0.00350621,-0.00240381
1999-11-30,-0.01548333,-0.01853325,0.00416207
1999-12-01,0.00689296,0.00934900,-0.00353972
1999-12-02,0.01453343,0.02096269,-0.01099417
1999-12-03,0.01161000,0.01653052,-0.00619143
1999-12-06,0.01298831,0.01104699,-0.00606505
1999-12-07,0.01622345,0.01309165,-0.00742970
1999-12-08,0.00757595,0.00871154,-0.00402237
1999-12-09,0.00549790,0.00524307,-0.00224093
1999-12-10,0.00595810,0.00684322,-0.00361377
1999-12-13,0.01138333,0.00891859,-0.00857439
1999-12-14,-0.01611388,-0.01771879,0.00728725
1999-12-15,-0.00080548,0.00193510,0.00519401
1999-12-16,0.01907535,0.01909566,-0.00382402
1999-12-17,0.00649940,0.00643408,-0.00159060
1999-12-20,0.00575858,0.00587608,-0.00429120
1999-12-21,0.01583196,0.02177586,-0.00632550
1999-12-22,0.00483674,0.00367476,-0.00116162
1999-12-23,0.00169681,0.00497579,-0.00037430
1999-12-27,0.00201278,-0.00007556,-0.00161403
1999-12-28,0.00557017,0.00287290,-0.00225457
1999-12-29,0.00884877,0.00642317,0.00232042
1999-12-30,-0.00368881,-0.00501972,0.00305811
1999-12-31,0.00403047,0.00084678,-0.00144606
2000-01-03,0.01246150,0.00892087,-0.00258102
2000-01-04,-0.02185110,-0.03237992,0.01334946
2000-01-05,-0.00736197,-0.00769277,0.00042215
2000-01-06,-0.01376959,-0.02074512,0.00976456
2000-01-07,0.01696463,0.02260615,-0.00826071
2000-01-10,0.03115427,0.03363643,-0.01393235
2000-01-11,-0.01209671,-0.01928692,0.00516272
2000-01-12,-0.00891877,-0.01142396,-0.00474592
2000-01-13,0.02556772,0.01861210,0.00711619
2000-01-14,0.01931574,0.01681634,0.00724963
2000-01-18,0.02758256,0.01592605,0.00721514
2000-01-19,0.02009068,0.01321986,0.00566967
2000-01-20,0.02949945,0.01483253,0.00504641
2000-01-21,0.02635524,0.01517160,0.00599677
2000-01-24,-0.01535333,-0.02019787,-0.00564033
2000-01-25,0.01245349,0.01192333,0.00605123
2000-01-26,-0.00709551,-0.00853796,-0.00346977
2000-01-27,-0.00339599,-0.00525331,-0.00177288
2000-01-28,-0.03071032,-0.02796099,-0.00857273
2000-01-31,-0.01386127,-0.00382687,-0.00501357
2000-02-01,0.01689032,0.01886971,0.00913683
2000-02-02,0.02028729,0.01214730,0.00634427
2000-02-03,0.02959714,0.02191683,0.00841479
2000-02-04,0.01594537,0.00902963,0.00398134
2000-02-07,0.02816246,0.01545219,0.00665319
2000-02-08,0.03545396,0.02527061,0.00861715
2000-02-09,0.00612779,-0.00363782,-0.00041656
2000-02-10,0.03372422,0.02383288,0.00847290
2000-02-11,-0.00248895,-0.00218269,0.00455192
2000-02-14,0.00814607,0.00709717,0.00388502
2000-02-15,-0.00424678,-0.00401089,-0.00444406
2000-02-16,0.01869097,0.01563284,0.00897358
2000-02-17,0.02700870,0.02158087,0.01092068
2000-02-18,-0.00914191,-0.00741172,-0.00027507
2000-02-22,-0.00713191,0.00007671,-0.00189641
2000-02-23,0.03181592,0.03037700,0.01578743
2000-02-24,0.01546592,0.02083978,0.01210919
2000-02-25,0.00883479,0.01083069,0.00945064
2000-02-28,0.00609168,0.00576831,0.00120151
2000-02-29,0.02434594,0.03104619,0.01738650
2000-03-01,0.02011483,0.02098789,0.01446055
2000-03-02,-0.00116170,0.00389999,0.00130015
2000-03-03,0.02626371,0.02282923,0.00833821
2000-03-06,0.00702841,0.01184477,0.01078540
2000-03-07,-0.01055343,-0.00289898,0.00333139
2000-03-08,0.00873031,0.00241978,-0.00033450
2000-03-09,0.01348247,0.01853456,0.00823225
2000-03-10,0.00453523,0.00694677,0.00527217
2000-03-13,-0.02663441,-0.02390740,-0.01097792
2000-03-14,-0.04122810,-0.04309070,-0.02521794
2000-03-15,-0.05919032,-0.06523825,-0.04430125
2000-03-16,-0.02137847,-0.02668055,-0.01601635
2000-03-17,0.01466872,0.01551343,0.01179015
2000-03-20,-0.05158225,-0.04011225,-0.02315858
2000-03-21,-0.00331942,-0.00696610,-0.00361515
2000-03-22,0.04245634,0.04303707,0.02736459
2000-03-23,0.00261677,0.00268461,0.00088998
2000-03-24,-0.00202214,-0.00061773,0.00143965
2000-03-27,0.00956942,0.00706247,0.00506264
2000-03-28,-0.02517642,-0.02103039,-0.01194698
2000-03-29,-0.06071970,-0.05365355,-0.03187893
2000-03-30,-0.05650310,-0.05396977,-0.03348629
2000-03-31,0.01483453,0.02486449,0.01606885
2000-04-03,-0.07910577,-0.08447532,-0.05716281
2000-04-04,-0.02141885,-0.02993247,-0.01869915
2000-04-05,0.02495722,0.02164851,0.01116497
2000-04-06,0.03403108,0.03728305,0.02244527
2000-04-07,0.03031096,0.03722330,0.02493561
2000-04-10,-0.05815414,-0.05621948,-0.03691193
2000-04-11,-0.04938180,-0.04256570,-0.02840756
2000-04-12,-0.08876702,-0.07432036,-0.05992038
2000-04-13,-0.02485845,-0.01949643,-0.01804888
2000-04-14,-0.08343856,-0.06955692,-0.05378737
2000-04-17,0.03324611,0.01856370,0.01607966
2000-04-18,0.10077889,0.08913031,0.07190197
2000-04-19,0.00586821,0.00636258,0.00263319
2000-04-20,-0.02421392,-0.01856670,-0.01562718
2000-04-24,-0.04589862,-0.04306336,-0.03416418
2000-04-25,0.04842342,0.04464128,0.03637106
2000-04-26,-0.01890016,-0.00964485,-0.00774057
2000-04-27,0.03247791,0.03245476,0.02620644
2000-04-28,0.02365779,0.02991646,0.02475137
2000-05-01,0.03167720,0.02513615,0.01873982
2000-05-02,-0.03793252,-0.02737591,-0.01864295
2000-05-03,-0.00537218,-0.00942067,-0.00912396
2000-05-04,0.00169091,0.00833915,0.00693638
2000-05-05,0.01333593,0.01055782,0.00545373
2000-05-08,-0.03935876,-0.03068961,-0.02183004
2000-05-09,-0.03040223,-0.02866335,-0.02239945
2000-05-10,-0.04147097,-0.03879332,-0.03122026
2000-05-11,0.01825486,0.02188044,0.01680586
2000-05-12,0.00124333,0.00518395,0.00553838
2000-05-15,0.01215615,0.00507957,0.00284431
2000-05-16,0.02313837,0.01933615,0.01628994
2000-05-17,-0.01079109,-0.00370142,-0.00161620
2000-05-18,-0.02629036,-0.01992127,-0.01620398
2000-05-19,-0.02768629,-0.02314214,-0.01949787
2000-05-22,-0.01640219,-0.01259062,-0.01029171
2000-05-23,-0.04774190,-0.03840928,-0.03193805
2000-05-24,0.01302443,0.00513737,0.00270433
2000-05-25,-0.01037492,-0.00640060,-0.00475104
2000-05-26,-0.00332968,-0.00051790,0.00020353
2000-05-30,0.06798025,0.05247497,0.04298345
2000-05-31,-0.01037410,-0.00256818,-0.00043976
2000-06-01,0.04434803,0.03692635,0.03107108
2000-06-02,0.05651974,0.04241124,0.03436771
2000-06-05,0.02122585,0.01426191,0.01103299
2000-06-06,-0.00256901,-0.00318323,-0.00297457
2000-06-07,0.01860243,0.01185021,0.00893924
2000-06-08,0.00565500,0.00849430,0.00822088
2000-06-09,0.01838227,0.01394768,0.01135088
2000-06-12,-0.02898847,-0.01797034,-0.01337214
2000-06-13,-0.00195854,0.00288343,0.00637023
2000-06-14,-0.01575561,-0.01265740,-0.00692933
2000-06-15,0.00547387,0.00582231,0.00587157
2000-06-16,0.01603649,0.01422882,0.00979590
2000-06-19,0.03438386,0.02465728,0.01202584
2000-06-20,0.01665211,0.01411573,0.00589595
2000-06-21,0.01434715,0.01670453,0.00781711
2000-06-22,-0.02247214,-0.01735347,-0.00923922
2000-06-23,-0.00908130,-0.00790200,-0.00370350
2000-06-26,0.01805179,0.01542031,0.00832012
2000-06-27,-0.01310950,-0.01201674,-0.00525799
2000-06-28,0.01162739,0.01418219,0.00623541
2000-06-29,0.00468764,-0.00397450,-0.00402659
2000-06-30,0.00572506,0.01293422,0.00762315
2000-07-03,-0.00545572,-0.00511051,-0.00365571
2000-07-05,-0.03576184,-0.03236409,-0.02061170
2000-07-06,0.00502834,0.00729506,0.00588905
2000-07-07,0.01239783,0.01356273,0.00850646
2000-07-10,-0.00679226,-0.00176911,-0.00070395
2000-07-11,-0.00335033,-0.00597995,-0.00339492
2000-07-12,0.02718194,0.02512254,0.01138077
2000-07-13,0.01171938,0.00692100,0.01144592
2000-07-14,-0.00460842,-0.00057655,0.00640225
2000-07-17,0.00793397,0.01225199,0.00710245
2000-07-18,-0.01949924,-0.01939840,-0.01163452
2000-07-19,-0.02468603,-0.02421267,-0.01296400
2000-07-20,0.02249688,0.01640984,0.00753094
2000-07-21,-0.02179107,-0.02096757,-0.01231363
2000-07-24,-0.02386139,-0.01935776,-0.00731206
2000-07-25,0.00267356,0.00144874,0.00297575
2000-07-26,-0.00266124,-0.00864688,-0.00757655
2000-07-27,-0.04313588,-0.04406151,-0.02467612
2000-07-28,-0.03617803,-0.02815345,-0.00995780
2000-07-31,0.00879727,0.00855066,0.00505641
2000-08-01,-0.01437377,-0.01426285,-0.01075648
2000-08-02,-0.00594493,-0.00472874,-0.00276321
2000-08-03,0.00424937,0.00213764,0.00098620
2000-08-04,0.01228027,0.00945451,0.00264699
2000-08-07,0.01599738,0.01517675,0.00645267
2000-08-08,-0.01116308,-0.01062273,-0.00784306
2000-08-09,0.00347058,0.00214414,0.00127920
2000-08-10,-0.02080707,-0.01610231,-0.00522895
2000-08-11,0.00094348,-0.00021280,0.00403848
2000-08-14,0.00154208,0.00628984,0.00863283
2000-08-15,-0.00696108,0.00154465,0.00148947
2000-08-16,-0.01043338,0.00161728,0.00437757
2000-08-17,0.00455948,0.01460104,0.01278217
2000-08-18,-0.00836015,0.00404483,0.00598881
2000-08-21,-0.00285506,0.00526778,0.00562719
2000-08-22,-0.00162617,0.00377543,0.00239208
2000-08-23,-0.00062468,0.00904385,0.00898979
2000-08-24,0.00031941,0.01707913,0.01220612
2000-08-25,0.00034538,0.00097847,0.00056617
2000-08-28,-0.00121310,0.00684288,0.00813427
2000-08-29,0.00343793,0.00338653,0.00152755
2000-08-30,0.00183877,0.00694470,0.00677779
2000-08-31,0.00335175,0.01369708,0.01086920
2000-09-01,-0.00568306,0.00658336,0.00706344
2000-09-05,-0.00866072,-0.01625158,-0.01264350
2000-09-06,-0.00220410,-0.02703686,-0.02558655
2000-09-07,0.01276933,0.01752173,0.01056215
2000-09-08,0.01012389,-0.01528254,-0.01821696
2000-09-11,0.00292447,-0.01515598,-0.01446494
2000-11-09,0.00742908,0.00183942,0.00537109
2000-11-10,0.00161014,-0.00359498,0.01587346
2000-11-13,-0.00703038,-0.02379133,0.00494394
2000-11-14,-0.00809710,0.00810261,-0.01224124
2000-11-15,0.01862433,0.01077069,-0.00262709
2000-11-16,0.00010489,-0.00535236,0.01247896
2000-11-17,0.00392948,-0.00606631,0.00273231
2000-11-20,0.00370114,-0.01355821,0.01351495
2000-11-21,0.01121637,0.00236905,0.00472137
2000-11-22,0.00655797,-0.00783396,0.01220326
2000-11-24,-0.00542220,0.00726426,-0.01635818
2000-11-27,0.00525652,0.00701748,-0.00014952
2000-11-28,0.00312215,-0.01380747,0.01853501
2000-11-29,0.00303438,-0.00714040,0.00510756
2000-11-30,-0.00263051,-0.00208824,0.01220902
2000-12-01,0.00467455,0.01220164,-0.00979365
2000-12-04,0.00805004,-0.00504801,0.00507742
2000-12-05,0.00016406,0.02292395,-0.02625056
2000-12-06,-0.00004752,0.00158307,0.00577977
2000-12-07,0.00375579,0.00052832,0.00682713
2000-12-08,0.00270333,0.01088919,-0.01741808
2000-12-11,-0.01683118,-0.01747420,-0.00157767
2000-12-12,0.02053804,0.01403321,0.01489685
2000-12-13,0.01919270,0.01630773,0.01234994
2000-12-14,0.02264251,0.01872616,0.01147452
2000-12-15,0.00593741,0.01069524,0.00525162
2000-12-18,0.01648745,0.01488169,0.00188889
2000-12-19,0.02659240,0.02156171,0.01474857
2000-12-20,0.04465713,0.03810561,0.03432693
2000-12-21,0.01263374,0.00878139,-0.00134199
2000-12-22,-0.04415889,-0.03525128,-0.02526663
2000-12-26,0.00665352,0.00579475,0.00131557
2000-12-27,-0.01246347,-0.01077950,-0.00914251
2000-12-28,-0.01066502,-0.01264259,-0.00681136
2000-12-29,0.01909447,0.01217356,0.01559413
2001-01-02,0.04499159,0.02916390,0.03552516
2001-01-03,-0.06468434,-0.05577906,-0.03306994
2001-01-04,0.01347222,0.00692672,0.02080122
2001-01-05,0.03522363,0.02879798,0.02432795
2001-01-08,0.01312970,0.01298858,0.01367399
2001-01-09,-0.01007054,-0.00677277,-0.00283019
2001-01-10,-0.02640252,-0.02297807,-0.01556763
2001-01-11,-0.03603294,-0.02329624,0.00654448
2001-01-12,-0.00794977,-0.00618836,0.00498771
2001-01-16,-0.00393822,-0.00308360,-0.00022717
2001-01-17,-0.01191729,-0.00744232,0.00453545
2001-01-18,-0.01274645,-0.00753796,0.00769965
2001-01-19,0.00134479,0.00022835,0.00519252
2001-01-22,0.00292504,0.00464484,0.00079682
2001-01-23,-0.02190904,-0.01514225,-0.00633875
2001-01-24,-0.00682673,-0.00321373,0.00382471
2001-01-25,0.02350172,0.01766498,0.00075351
2001-01-26,-0.00221299,-0.00225181,-0.00312966
2001-01-29,-0.01389125,-0.01011682,0.00059655
2001-01-30,-0.00229110,-0.00092793,0.00440233
2001-01-31,0.01274634,0.01062953,0.00651771
2001-02-01,0.00594301,0.00670860,0.00292162
2001-02-02,0.02850444,0.02008505,-0.00019735
2001-02-05,0.01000396,0.00856420,-0.00186751
2001-02-06,-0.00304842,-0.00604464,-0.00444516
2001-02-07,0.01726924,0.01332529,-0.00050254
2001-02-08,0.00935011,0.00705353,0.00303961
2001-02-09,0.01854656,0.01360244,-0.00090935
2001-02-12,0.00116023,0.00550852,0.00971212
2001-02-13,0.01000498,0.00528649,-0.00079748
2001-02-14,-0.00610292,-0.00463280,-0.00147767
2001-02-15,-0.00891005,-0.00323540,0.00121443
2001-02-16,0.02358993,0.00993122,-0.00240094
2001-02-20,0.02658106,0.01520345,0.00284286
2001-02-21,0.01837905,0.00900215,0.00035858
2001-02-22,0.00942364,0.00665851,0.00618015
2001-02-23,-0.00132277,0.00044553,-0.00068124
2001-02-26,-0.01759380,-0.00827699,0.00001811
2001-02-27,0.02325618,0.01347494,0.00395838
2001-02-28,0.01708863,0.00980337,0.00044247
2001-03-01,-0.00140079,-0.00029873,0.00213812
2001-03-02,0.00349988,0.00514047,0.00069786
2001-03-05,-0.00444612,-0.00091902,0.00529704
2001-03-06,-0.01253538,-0.00791053,-0.00025790
2001-03-07,-0.00462543,-0.00166280,0.00018003
2001-03-08,0.01180104,0.00733343,0.00378443
2001-03-09,0.02659494,0.01347898,-0.00355340
2001-03-12,0.04092196,0.02259112,-0.00053789
2001-03-13,-0.01818023,-0.01202235,0.00182214
2001-03-14,0.01357901,0.00241797,-0.00649360
2001-03-15,0.00363917,0.00144406,-0.00124355
2001-03-16,0.01704800,0.00206579,-0.01031464
2001-03-19,-0.01936855,-0.00598337,0.00920088
2001-03-20,0.01993000,0.00444082,-0.01357974
2001-03-21,0.01407730,0.00395808,-0.00391365
2001-03-22,-0.00229162,0.00015772,0.00615656
2001-03-23,-0.01982550,-0.00692013,0.00638610
2001-03-26,-0.00456050,0.00223500,0.00343419
2001-03-27,-0.01333986,-0.00355203,0.00479784
2001-03-28,0.02007348,0.00274627,-0.01538744
2001-03-29,0.00715813,0.00140352,-0.00499247
2001-03-30,-0.00762954,-0.00244800,-0.00124263
2001-04-02,0.01411986,0.00290152,-0.00853111
2001-04-03,0.03217439,0.00992788,-0.01424397
2001-04-04,0.00743357,0.00252812,-0.00265914
2001-04-05,-0.04430527,-0.01526571,0.01924301
2001-04-06,0.01642356,0.00470390,-0.01046449
2001-04-09,-0.00990813,-0.00383790,0.00142381
2001-04-10,-0.03022464,-0.00666245,0.01536644
2001-04-11,-0.00348769,0.00179080,0.00528496
2001-04-12,-0.02850105,-0.01321640,0.01286745
2001-04-16,0.02075257,0.01148685,-0.00284256
2001-04-17,-0.01011598,-0.00443925,-0.00033763
2001-04-18,-0.06674073,-0.03015391,0.02869351
2001-04-19,-0.02843290,-0.01319190,0.01610778
2001-04-20,0.00887799,0.00293350,-0.00150559
2001-04-23,0.03371267,0.01492047,-0.01376636
2001-04-24,0.01550594,0.00766265,-0.00632126
2001-04-25,-0.02395589,-0.01172226,0.00212270
2001-04-26,0.00071861,-0.00052552,-0.00372930
2001-04-27,-0.01284594,-0.00472188,0.00590058
2001-04-30,-0.01799423,-0.01029155,0.00466859
2001-05-01,-0.00989057,-0.00456001,0.00481990
2001-05-02,-0.01101374,-0.00472363,0.01366459
2001-05-03,0.02310906,0.01244173,-0.00633494
2001-05-04,-0.01259116,-0.00601788,0.00553954
2001-05-07,0.00509481,0.00141691,-0.00273896
2001-05-08,-0.00464992,-0.00420603,-0.00202659
2001-05-09,0.00551322,0.00210122,-0.00588285
2001-05-10,0.00847112,0.00391725,-0.00360125
2001-05-11,0.01084369,0.00356028,-0.00581048
2001-05-14,0.01831018,0.01235167,0.00195660
2001-05-15,0.00124334,-0.00062106,-0.00152399
2001-05-16,-0.03057261,-0.01281207,0.00751897
2001-05-17,-0.01847966,-0.01101443,0.00105913
2001-05-18,-0.00603553,-0.00317029,0.00012372
2001-05-21,-0.03632586,-0.01992049,0.00781689
2001-05-22,-0.00251077,-0.00146339,0.00386193
2001-05-23,0.02772499,0.01529182,-0.00102560
2001-05-24,-0.01104482,-0.00781565,-0.00169107
2001-05-25,0.00941606,0.00275731,-0.00304546
2001-05-29,0.02984121,0.01806381,-0.00144156
2001-05-30,0.03555549,0.01962767,-0.00569499
2001-05-31,-0.01257631,-0.00734224,-0.00074812
2001-06-01,-0.00891458,-0.00631045,-0.00089963
2001-06-04,0.00034171,-0.00241693,-0.00525375
2001-06-05,-0.02546299,-0.01353415,0.00401496
2001-06-06,0.00682813,0.00284940,0.00000484
2001-06-07,-0.01166517,-0.00585099,0.00124095
2001-06-08,0.01506304,0.00742021,-0.00401567
2001-06-11,0.02059032,0.01071826,-0.00267464
2001-06-12,0.00669878,0.00524095,0.00046750
2001-06-13,0.00431762,0.00605263,-0.00638853
2001-06-14,0.01332469,0.01046682,-0.00536378
2001-06-15,-0.00382488,-0.00047811,-0.00340751
2001-06-18,0.00329784,0.00240869,-0.00656616
2001-06-19,-0.00167015,-0.00248742,-0.00114684
2001-06-20,-0.01493489,-0.00967793,0.00101445
2001-06-21,-0.00296301,-0.00351195,0.00104497
2001-06-22,0.00764168,0.00254486,-0.00322538
2001-06-25,0.00147111,-0.00071896,-0.00027310
2001-06-26,-0.00526736,-0.00146352,-0.00162145
2001-06-27,-0.00451940,-0.00132954,0.00209983
2001-06-28,-0.00461037,-0.00325497,0.00472260
2001-06-29,-0.00632103,-0.00428601,-0.00037822
2001-07-02,0.01318740,0.00369440,0.00349742
2001-07-03,0.00504777,0.00318911,-0.00219605
2001-07-05,0.00634132,0.00639579,-0.00283045
2001-07-06,0.01237854,0.01027529,-0.00522149
2001-07-09,-0.00152700,-0.00274135,-0.00001539
2001-07-10,0.01029471,0.00758063,-0.00353552
2001-07-11,0.00042273,0.00084172,0.00348517
2001-07-12,-0.01125934,-0.00882288,0.00711197
2001-07-13,-0.00048360,-0.00032660,-0.00550048
2001-07-16,-0.00319460,0.00020759,-0.01335711
2001-07-17,-0.00681425,-0.00639140,0.00389475
2001-07-18,-0.00931649,-0.00387562,-0.01208223
2001-07-19,0.00958993,0.00384207,0.00312255
2001-07-20,-0.00004543,0.00095867,0.00017761
2001-07-23,0.00702661,0.00646279,-0.00153749
2001-07-24,0.00804316,0.00921015,-0.00546213
2001-07-25,-0.00466812,-0.00312814,0.00239336
2001-07-26,-0.00394472,-0.00524426,0.01241191
2001-07-27,0.00142370,0.00125677,0.00712347
2001-07-30,0.00447344,0.00392810,-0.00524521
2001-07-31,0.00156258,-0.00100066,-0.00093705
2001-08-01,0.00524367,0.00055546,0.00421514
2001-08-02,0.00828730,0.00489145,0.00407411
2001-08-03,0.00540736,0.00384103,-0.00343357
2001-08-06,0.00803047,0.00699828,-0.00340222
2001-08-07,0.00119930,0.00111448,-0.00558864
2001-08-08,0.00511921,0.00695768,-0.01113927
2001-08-09,-0.00396633,-0.00217052,-0.00063227
2001-08-10,0.00072033,0.00014844,-0.00175614
2001-08-13,-0.00388854,-0.00111513,0.00065451
2001-08-14,-0.00194672,0.00023935,-0.00038028
2001-08-15,0.00844997,0.00632249,-0.00465787
2001-08-16,-0.00681351,-0.00377603,-0.00215414
2001-08-17,0.00729544,0.00545682,-0.00432541
2001-08-20,-0.00620849,-0.00424486,-0.00386618
2001-08-21,0.01060204,0.00819563,-0.00341355
2001-08-22,-0.00619151,-0.00456228,0.00255488
2001-08-23,-0.00562401,-0.00388007,-0.00326491
2001-08-24,-0.00397448,-0.00538892,0.01160879
2001-08-27,0.00016979,-0.00062628,0.00515774
2001-08-28,0.00140897,0.00314307,-0.00420458
2001-08-29,-0.00040761,0.00028697,-0.00221896
2001-08-30,0.00215981,0.00410715,-0.00361519
2001-08-31,0.00004749,-0.00041648,0.00366340
2001-09-04,0.00347056,0.00262594,-0.00483840
2001-09-05,0.00711013,0.00398865,-0.00453719
2001-09-06,0.01418520,0.00960676,-0.00536353
2001-09-07,0.00405014,0.00404705,0.00104660
2001-09-10,0.00544351,0.00248724,-0.00223630
2001-09-17,0.01469030,0.01938969,-0.00017908
2001-09-18,0.01145015,0.00826086,-0.01210433
2001-09-19,0.00699052,0.00239734,-0.00630594
2001-09-20,0.01819906,0.00878581,-0.01011144
2001-09-21,0.00796014,0.00406467,-0.00642574
2001-09-24,-0.04084083,-0.01907157,0.01328893
2001-09-25,-0.00815204,-0.00347363,-0.00606771
2001-09-26,0.01048492,0.00562144,-0.01612768
2001-09-27,-0.00483613,-0.00015707,-0.00409880
2001-09-28,-0.01942117,-0.01071557,0.00884823
2001-10-01,0.00605040,0.00254881,-0.01058248
2001-10-02,-0.01536022,-0.00820321,0.00462008
2001-10-03,-0.03626838,-0.01680739,0.01305716
2001-10-04,-0.00358591,-0.00307788,0.01077379
2001-10-05,0.00470586,0.00252764,0.00166797
2001-10-08,0.00403867,0.00300605,0.00202692
2001-10-09,0.00429689,0.00204684,-0.00479532
2001-10-10,-0.02058424,-0.00728831,0.01761259
2001-10-11,-0.02729539,-0.01246667,0.01808470
2001-10-12,0.00708354,0.00317909,0.00187876
2001-10-15,0.00036554,-0.00376143,-0.00262877
2001-10-16,-0.00489698,-0.00370089,0.00742224
2001-10-17,0.02388336,0.01205241,-0.01487732
2001-10-18,0.00613550,0.00056376,-0.00300078
2001-10-19,-0.00916496,-0.00402368,0.00261576
2001-10-22,-0.01424287,-0.00802595,0.00438404
2001-10-23,0.00660978,0.00461471,0.00320791
2001-10-24,-0.00694192,-0.00259749,0.00511730
2001-10-25,-0.01230771,-0.00191372,0.01057708
2001-10-26,-0.00074474,0.00141426,0.00296817
2001-10-29,0.02115045,0.00826500,-0.01431565
2001-10-30,0.01496172,0.00532394,-0.01149013
2001-10-31,-0.00014833,-0.00009784,0.00961359
2001-11-01,-0.01832351,-0.00695301,0.00769795
2001-11-02,-0.00302257,0.00116710,0.00011676
2001-11-05,-0.01275540,-0.00527450,0.01240908
2001-11-06,-0.01135733,-0.00710181,0.00811546
2001-11-07,0.00165763,0.00106470,0.00510664
2001-11-08,0.00680113,0.00545826,0.00250986
2001-11-09,0.00349201,0.00272848,0.00074552
2001-11-12,-0.00478268,-0.00459838,-0.00001505
2001-11-13,-0.01674477,-0.00677235,0.01365512
2001-11-14,0.00202103,0.00172216,0.01104126
2001-11-15,0.00618007,0.00800486,0.00173526
2001-11-16,0.00628530,0.00907238,0.00898820
2001-11-19,-0.01392887,-0.00139980,0.00633880
2001-11-20,0.01259344,0.00526866,-0.00437573
2001-11-21,0.00433848,-0.00049302,-0.00355632
2001-11-23,-0.00876816,-0.00105353,0.00574152
2001-11-26,-0.01164113,-0.00577691,0.00245032
2001-11-27,0.00340696,0.00290509,0.00402923
2001-11-28,0.02069939,0.00640185,-0.00545331
2001-11-29,-0.01020912,-0.00568128,0.00511541
2001-11-30,0.00299084,0.00125698,-0.00177793
2001-12-03,0.00739304,-0.00081970,-0.00523968
2001-12-04,-0.01748311,-0.00854394,0.00653269
2001-12-05,-0.02641979,-0.00641472,0.01527761
2001-12-06,0.00689292,0.00668596,0.00643870
2001-12-07,0.01181268,0.00669620,0.00177881
2001-12-10,0.01485636,0.00273206,-0.00630698
2001-12-11,0.00159725,-0.00018170,0.00105706
2001-12-12,0.00123502,-0.00025754,0.00178639
2001-12-13,0.01391979,0.00329374,-0.01044736
2001-12-14,-0.00219831,-0.00223094,-0.00280634
2001-12-17,-0.00872645,-0.00416784,0.00012009
2001-12-18,-0.00575669,0.00042439,0.00361499
2001-12-19,0.00038056,-0.00171674,-0.00487128
2001-12-20,0.01327048,0.00667762,-0.00235899
2001-12-21,-0.00251599,0.00581628,0.01236148
2001-12-24,0.00060945,0.00056555,0.00002479
2001-12-26,-0.00532683,0.00086046,0.00512413
2001-12-27,-0.00251666,0.00447920,0.00723335
2001-12-28,-0.00258080,0.00243828,0.00607004
2001-12-31,0.01307300,0.00559793,-0.00140259
2002-01-02,0.00109029,0.00651708,0.00701647
2002-01-03,-0.00984187,-0.00050377,0.00668480
2002-01-04,-0.00631476,0.00244177,0.00563455
2002-01-07,0.00703994,0.00005564,-0.00536683
2002-01-08,0.00109882,-0.00180460,-0.00157381
2002-01-09,0.00654023,0.00213260,-0.00236982
2002-01-10,-0.00004699,-0.00098262,-0.00136861
2002-01-11,0.00974503,0.00113537,-0.00336138
2002-01-14,0.00824036,-0.00428620,-0.01278936
2002-01-15,-0.00169966,-0.00005665,-0.00025421
2002-01-16,0.01964033,0.00394580,-0.00769301
2002-01-17,-0.01132854,-0.00354069,0.00155910
2002-01-18,0.01114341,-0.00004556,-0.00818424
2002-01-22,0.01112715,0.00045091,-0.00623707
2002-01-23,-0.01101601,0.00061663,0.00839903
2002-01-24,-0.00401272,0.00131804,0.00452815
2002-01-25,0.00115258,-0.00168714,-0.00217744
2002-01-28,-0.00146912,-0.00262215,-0.00797903
2002-01-29,0.02179675,0.00418838,-0.00679731
2002-01-30,-0.00834208,-0.00136041,0.00128616
2002-01-31,-0.01050490,-0.00418683,-0.00104585
2002-02-01,0.00499637,-0.00012599,-0.00206874
2002-02-04,0.02440840,0.00084867,-0.01525600
2002-02-05,0.00195700,-0.00406698,-0.00780144
2002-02-06,0.01066795,0.00247904,-0.00175385
2002-02-07,0.00902815,0.00357647,0.00215361
2002-02-08,-0.01638214,-0.00106059,0.00822911
2002-02-11,-0.01281353,-0.00140325,0.00422730
2002-02-12,-0.00094202,-0.00294079,-0.00240438
2002-02-13,-0.00876408,-0.00117775,0.00168893
2002-02-14,0.00524426,0.00134289,-0.00234697
2002-02-15,0.01732180,0.00578848,-0.00118090
2002-02-19,0.02075009,0.01674965,-0.00852266
2002-02-20,-0.01445329,-0.00351233,0.00031812
2002-02-21,0.01519269,0.01175082,-0.00253217
2002-02-22,0.00121569,0.00153657,0.00093786
2002-02-25,-0.00942824,-0.00359283,0.00004777
2002-02-26,-0.00348805,-0.00129678,0.00293810
2002-02-27,0.00433147,0.00340790,-0.00122527
2002-02-28,0.01574359,0.00902614,-0.00360262
2002-03-01,-0.02067158,-0.01152482,0.00494961
2002-03-04,-0.01623237,-0.01172882,0.01149014
2002-03-05,0.01411083,0.00070206,0.00833783
2002-03-06,0.00206205,-0.00131194,0.00848447
2002-03-07,0.00585562,0.00263428,0.00456005
2002-03-08,-0.00882483,-0.00654561,0.00657827
2002-03-11,0.00190006,-0.00290331,0.00402218
2002-03-12,0.00082672,0.00395942,-0.00419729
2002-03-13,0.00760549,0.00502699,-0.00598969
2002-03-14,0.00226412,0.00272118,-0.00175204
2002-03-15,-0.00337394,0.00022614,-0.00252509
2002-03-18,0.00457202,-0.00040574,0.00544180
2002-03-19,-0.00365242,0.00007069,-0.00189659
2002-03-20,0.01187542,0.00707312,0.00179259
2002-03-21,0.00263609,0.00115946,0.00355012
2002-03-22,0.00262668,-0.00121988,-0.00266205
2002-03-25,0.00790136,0.00582917,0.00289937
2002-03-26,-0.00459446,-0.00394983,-0.00320553
2002-03-27,-0.00383481,-0.00061029,0.00184685
2002-03-28,-0.00033704,-0.00071682,-0.00046206
2002-04-01,-0.00127910,-0.00051774,0.00110837
2002-04-02,0.00977193,0.00832383,0.00394500
2002-04-03,0.00569641,0.00228569,-0.00147150
2002-04-04,0.00080638,0.00036584,-0.00083891
2002-04-05,-0.00164138,-0.00118757,-0.00192755
2002-04-08,-0.00567329,-0.00262470,0.00069328
2002-04-09,0.00031952,0.00094717,-0.00152952
2002-04-10,-0.00689576,-0.00302429,-0.00040295
2002-04-11,0.00714825,0.00490158,0.00178483
2002-04-12,-0.00184064,-0.00279704,-0.00186099
2002-04-15,-0.00023988,0.00195008,0.00492516
2002-04-16,-0.00119480,0.00076617,0.00303677
2002-04-17,0.00070191,0.00238219,0.00230265
2002-04-18,0.00606842,0.00239685,0.00111704
2002-04-19,0.00134099,-0.00574012,-0.00677425
2002-04-22,0.01163939,-0.00105695,-0.00393726
2002-04-23,0.01499664,0.00669926,0.00399580
2002-04-24,0.01021347,-0.00030131,-0.00275049
2002-04-25,0.00204880,-0.00017715,-0.00068304
2002-04-26,0.01932756,0.00389540,-0.00018113
2002-04-29,0.00927657,0.00109923,-0.00095367
2002-04-30,-0.01805484,-0.00476919,-0.00110239
2002-05-01,0.00661146,-0.00127005,-0.00298985
2002-05-02,0.01667263,0.00171148,-0.00201118
2002-05-03,0.01845332,0.00870659,0.00543788
2002-05-06,0.02265968,0.00233476,-0.00272360
2002-05-07,0.00493180,-0.00201460,-0.00343088
2002-05-08,-0.06223777,-0.01504378,-0.00222922
2002-05-09,0.02174653,0.00395805,-0.00068179
2002-05-10,0.01755329,0.00624618,0.00288242
2002-05-13,-0.02430558,-0.00705372,-0.00219662
2002-05-14,-0.03905084,-0.00985018,-0.00186111
2002-05-15,0.00197628,0.00176176,0.00151536
2002-05-16,0.00611952,0.00043827,-0.00095183
2002-05-17,-0.00294086,-0.00361008,-0.00336697
2002-05-20,0.01396042,0.00775529,0.00103800
2002-05-21,0.01272960,0.00492351,0.00122442
2002-05-22,-0.00006251,0.00016179,0.00177857
2002-05-23,-0.00839837,-0.00289174,0.00425390
2002-05-24,0.01244043,0.00633472,-0.00208854
2002-05-28,0.00101254,0.00019418,0.00160211
2002-05-29,0.00619713,0.00362617,-0.00582060
2002-05-30,0.00378426,0.00116209,0.00146937
2002-05-31,0.00422389,0.00256153,-0.00138995
2002-06-03,0.02099464,0.00990202,-0.00540550
2002-06-04,0.00295657,-0.00064386,0.00686638
2002-06-05,-0.01244051,-0.00185293,-0.00695860
2002-06-06,0.01240109,0.00796403,-0.00693759
2002-06-07,-0.00623466,-0.00073972,0.00086507
2002-06-10,-0.00763988,-0.00171972,-0.00381586
2002-06-11,0.01555876,0.00710560,-0.00372637
2002-06-12,-0.00308524,-0.00251243,-0.00296765
2002-06-13,0.00983747,0.00305690,0.00224015
2002-06-14,-0.00493668,-0.00138450,0.00371391
2002-06-17,-0.02199193,-0.01104785,0.00110740
2002-06-18,-0.00025846,0.00049401,-0.00326860
2002-06-19,-0.00721491,0.00684884,0.00154248
2002-06-20,-0.00025774,0.00729520,0.00353129
2002-06-21,0.00609942,0.00681693,0.00551851
2002-06-24,0.00098142,-0.00293198,-0.00277826
2002-06-25,0.00685532,0.00787489,0.00574797
2002-06-26,-0.00356660,0.00033662,0.00003337
2002-06-27,-0.00111250,-0.00746926,-0.00725151
2002-06-28,0.01137554,0.00007626,0.00366593
2002-07-01,0.00530526,0.01152221,0.00384919
2002-07-02,0.00968264,0.01105954,0.00685135
2002-07-03,0.00010870,-0.00696001,-0.00604538
2002-07-05,-0.00899147,-0.01068992,-0.00921200
2002-07-08,0.00091928,0.00401702,0.00270382
2002-07-09,0.01153291,0.00924652,0.00531504
2002-07-10,0.00750276,0.00649599,0.00257453
2002-07-11,0.00632759,-0.00540951,-0.00211980
2002-07-12,0.00256437,-0.00419182,-0.00221753
2002-07-15,0.00998189,0.00066264,0.00183869
2002-07-16,0.00797730,-0.00231627,0.00246989
2002-07-17,0.00359221,-0.00247800,-0.00101298
2002-07-18,0.00434089,0.00742057,0.00364393
2002-07-19,0.02796097,0.01155181,-0.00704920
2002-07-22,0.03261065,0.01727542,0.00283989
2002-07-23,0.01726563,0.00078266,-0.01253368
2002-07-24,-0.06156770,-0.02687009,0.00764569
2002-07-25,0.01732233,0.00455335,-0.00606857
2002-07-26,-0.00989741,-0.00679939,-0.00171013
2002-07-29,-0.05274351,-0.01897888,0.01230468
2002-07-30,-0.00749610,-0.00173866,0.00423256
2002-07-31,0.00073137,-0.00135687,-0.00633231
2002-08-01,0.03002352,0.01336937,-0.00090711
2002-08-02,0.02597236,0.00982789,-0.00643324
2002-08-05,0.03482208,0.01000230,-0.00960851
2002-08-06,-0.03554272,-0.01301974,0.00901677
2002-08-07,-0.01646305,-0.00672005,0.00013638
2002-08-08,-0.02948118,-0.00910442,0.00835087
2002-08-09,-0.00335017,-0.00391748,-0.00308958
2002-08-12,0.00488102,0.00154709,0.00056892
2002-08-13,0.01710959,0.00149410,-0.01079211
2002-08-14,-0.03276497,-0.00963361,0.01005756
2002-08-15,-0.01854676,-0.00951641,0.00013610
2002-08-16,-0.00263768,0.00207518,0.00672954
2002-08-19,-0.01990674,-0.00436911,0.00647006
2002-08-20,0.01381741,0.00048234,-0.00397765
2002-08-21,-0.00940354,-0.00470088,0.01366802
2002-08-22,-0.01089997,-0.00136728,0.00929739
2002-08-23,0.02209995,0.00724456,-0.01080713
2002-08-26,-0.00505980,-0.00287052,0.00682645
2002-08-27,0.01881900,0.00585510,-0.00910473
2002-08-28,0.01515849,0.00663962,-0.00696001
2002-08-29,-0.00516873,-0.00133382,0.00596641
2002-08-30,0.00500834,-0.00047041,-0.00547330
2002-09-03,0.03490251,0.01018840,-0.01008614
2002-09-04,-0.01964446,-0.00549431,0.00577232
2002-09-05,0.01394372,0.00628893,-0.00801995
2002-09-06,-0.02030525,-0.00917214,0.00769055
2002-09-09,-0.01103469,-0.00036019,-0.00033658
2002-09-10,-0.01047362,-0.00513405,0.00324756
2002-09-11,0.00015362,-0.00088537,0.00127220
2002-09-12,0.02151283,0.00464416,-0.00579976
2002-09-13,-0.00267712,0.00091124,0.00054155
2002-09-16,-0.00180774,0.00273125,-0.00599742
2002-09-17,0.01930436,0.00281675,-0.00586581
2002-09-18,0.00103874,-0.00076500,-0.00173993
2002-09-19,0.02817713,0.00289089,-0.00867073
2002-09-20,-0.00195288,-0.00065821,0.00256012
2002-09-23,0.01527724,-0.00214776,-0.00851317
2002-09-24,0.01069357,0.00081190,-0.00622158
2002-09-25,-0.02988478,-0.00157069,0.00671902
2002-09-26,-0.00845633,-0.00213668,0.00333776
2002-09-27,0.02125944,0.00118666,-0.00970893
2002-09-30,0.01509713,0.00621113,-0.00047829
2002-10-01,-0.02909050,-0.00491196,0.00552967
2002-10-02,0.01933993,0.00187817,-0.00817606
2002-10-03,0.01460697,-0.00008222,-0.00242751
2002-10-04,0.01951923,0.00029541,-0.00736013
2002-10-07,0.01974023,0.00263578,-0.00458059
2002-10-08,-0.02055190,-0.00781629,-0.00677571
2002-10-09,0.01589637,-0.00044354,-0.00813512
2002-10-10,-0.04069173,-0.00682441,0.00577300
2002-10-11,-0.03616296,-0.00540248,0.00513632
2002-10-14,-0.01039286,-0.00160813,0.00051120
2002-10-15,-0.04031114,0.00052662,0.01281900
2002-10-16,0.03051854,0.00083546,-0.00889453
2002-10-17,-0.01870503,-0.00282036,-0.00369107
2002-10-18,-0.00583868,-0.00169814,-0.00388375
2002-10-21,-0.01182254,-0.00326115,0.00113648
2002-10-22,0.01513934,0.00173941,0.00430864
2002-10-23,-0.00637499,-0.00339264,-0.00180767
2002-10-24,0.01295731,-0.00015624,-0.00158244
2002-10-25,-0.00708600,-0.00460008,-0.00140884
2002-10-28,0.00889150,0.00323487,0.00119703
2002-10-29,0.00151370,-0.00032436,-0.00074975
2002-10-30,-0.00526608,-0.00139050,-0.00336037
2002-10-31,0.00573273,-0.00091602,-0.00258600
2002-11-01,-0.01117417,-0.00600161,-0.00308746
2002-11-04,0.00430034,-0.00267855,-0.00118514
2002-11-05,0.00494327,0.00042802,0.00089639
2002-11-06,-0.01428448,-0.00446179,-0.00375716
2002-11-07,0.02209727,0.00637202,0.00413505
2002-11-08,0.01272877,0.00398665,0.00212220
2002-11-11,0.01748186,0.00598227,0.00463048
2002-11-12,-0.01030501,-0.00431676,-0.00342283
2002-11-13,-0.00137601,-0.00094122,-0.00154569
2002-11-14,-0.01750221,-0.00475015,-0.00395056
2002-11-15,-0.00509680,0.00366846,0.00372954
2002-11-18,0.00692058,0.00403154,-0.00433220
2002-11-19,0.00766166,0.00134121,-0.00075735
2002-11-20,-0.02485752,-0.00140630,0.00017346
2002-11-21,-0.02560523,0.00686533,0.00096987
2002-11-22,-0.00112977,0.00150333,-0.00193889
2002-11-25,-0.00641563,0.00341667,-0.00358137
2002-11-26,0.02328552,0.00370796,-0.00159630
2002-11-27,-0.02737898,-0.00053457,0.00383442
2002-11-29,0.00355239,0.00171677,-0.00200728
2002-12-02,0.00111805,0.00165504,0.00058790
2002-12-03,0.02009768,-0.00104697,0.00108444
2002-12-04,0.01076058,-0.00406419,0.00294929
2002-12-05,0.01164406,0.00113114,-0.00246889
2002-12-06,-0.00709733,-0.00234724,0.00183039
2002-12-09,0.02965672,-0.00056884,0.00009113
2002-12-10,-0.01439644,0.00220451,0.00264088
2002-12-11,-0.00079374,-0.00093112,-0.00115036
2002-12-12,0.00061115,-0.00189640,-0.00184460
2002-12-13,0.01827015,0.00262532,0.00067053
2002-12-16,-0.02174224,-0.00187873,0.00424485
2002-12-17,0.00934526,0.00162738,-0.00614356
2002-12-18,0.01584824,0.00408729,-0.00298624
2002-12-19,0.00780391,0.00028488,-0.00269548
2002-12-20,-0.01187037,-0.00171524,0.00440700
2002-12-23,-0.00327172,0.00032578,0.00091807
2002-12-24,0.00500348,0.00192367,-0.00076301
2002-12-26,0.00058318,0.00062135,0.00067476
2002-12-27,0.01499940,0.00401476,-0.00360632
2002-12-30,0.00043781,0.00251726,0.00296778
2002-12-31,-0.00010173,0.00136458,-0.00062755
2003-01-02,-0.03013401,-0.00589773,0.00873319
2003-01-03,0.00160692,-0.00128128,-0.00224957
2003-01-06,-0.01790362,-0.00119027,0.00455267
2003-01-07,0.00390325,-0.00258765,-0.00451864
2003-01-08,0.01294102,0.00033192,-0.00457069
2003-01-09,-0.01745312,-0.00393900,0.00389025
2003-01-10,-0.00180176,-0.00191197,-0.00076401
2003-01-13,0.00188525,0.00010599,-0.00121944
2003-01-14,-0.00290669,0.00032330,0.00129655
2003-01-15,0.01319014,0.00020679,-0.00422470
2003-01-16,0.00318552,0.00084283,0.00080838
2003-01-17,0.01810162,0.00807929,-0.00133792
2003-01-21,0.01411148,0.00318881,-0.00448752
2003-01-22,0.00417117,-0.00210120,-0.00277032
2003-01-23,-0.01189316,-0.00346155,0.00124445
2003-01-24,0.02469060,0.00571844,-0.00569996
2003-01-27,0.01729565,0.00564538,-0.00255289
2003-01-28,-0.01368857,-0.00421545,0.00240844
2003-01-29,-0.00663403,-0.00130183,0.00221343
2003-01-30,0.02093526,0.00707969,-0.00303596
2003-01-31,-0.00800446,0.00018476,0.00516632
2003-02-03,0.00100192,0.00138429,0.00020817
2003-02-04,0.01060503,0.00051917,-0.00296545
2003-02-05,0.00345661,-0.00117657,-0.00168083
2003-02-06,0.00603882,-0.00077874,-0.00345700
2003-02-07,0.00943602,0.00336941,-0.00274114
2003-02-10,-0.00739014,-0.00136459,0.00064261
2003-02-11,0.00232792,-0.00164205,-0.00365289
2003-02-12,0.01329387,0.00169921,-0.00427396
2003-02-13,0.00631712,0.00415749,0.00107989
2003-02-14,-0.01719020,-0.00304368,0.00321623
2003-02-18,-0.02094821,-0.00532414,0.00312228
2003-02-19,0.00098794,0.00074826,-0.00515096
2003-02-20,0.00113077,-0.00102449,-0.00346298
2003-02-21,-0.00282013,-0.00063582,0.00255382
2003-02-24,0.00396496,0.00267474,-0.00567374
2003-02-25,-0.00297613,-0.00066299,0.00137483
2003-02-26,0.00483710,0.00161404,-0.00560411
2003-02-27,-0.00161115,0.00036400,0.00595922
2003-02-28,-0.00236841,-0.00047110,0.00318205
2003-03-03,0.00376768,0.00070034,-0.00510316
2003-03-04,0.00311233,0.00086966,-0.00789497
2003-03-05,-0.00502332,-0.00134643,0.00014574
2003-03-06,-0.00196239,-0.00191156,-0.00489029
2003-03-07,-0.00243163,0.00073539,0.00222847
2003-03-10,0.00820269,0.00365100,-0.00802585
2003-03-11,0.00650564,0.00403777,-0.00162189
2003-03-12,0.00072234,0.00035922,0.00260364
2003-03-13,-0.01626512,-0.00731264,0.01389820
2003-03-14,-0.00002415,0.00049894,0.00037780
2003-03-17,-0.00953898,-0.00233284,0.01764663
2003-03-18,0.00079806,-0.00005209,0.00648777
2003-03-19,0.00303111,0.00345701,0.00237774
2003-03-20,0.00041964,-0.00120529,0.00020351
2003-03-21,-0.00299235,-0.00072329,0.01237356
2003-03-24,0.01634975,0.00974814,-0.01570196
2003-03-25,-0.00844668,-0.00508899,0.00383857
2003-03-26,0.00027535,0.00036990,-0.00119548
2003-03-27,-0.00026338,0.00101168,-0.00312179
2003-03-28,0.00400457,0.00249681,-0.00355940
2003-03-31,0.00805420,0.00544535,-0.00781746
2003-04-01,-0.00366491,-0.00256281,0.00206881
2003-04-02,-0.01348007,-0.00958713,0.01103202
2003-04-03,-0.00252702,-0.00195175,-0.00280234
2003-04-04,0.00486402,0.00328346,0.00001691
2003-04-07,0.00108128,-0.00307901,0.00283080
2003-04-08,0.00330414,0.00489536,-0.00420723
2003-04-09,0.00927493,0.00327187,-0.00569647
2003-04-10,-0.00237513,-0.00056850,0.00083685
2003-04-11,0.00126042,0.00072088,-0.00117579
2003-04-14,-0.01042177,-0.00679428,0.00657130
2003-04-15,-0.00395971,-0.00241780,0.00198359
2003-04-16,0.00530832,-0.00162644,-0.00128737
2003-04-17,-0.00781902,-0.00747953,0.00654943
2003-04-21,-0.00352637,-0.00244740,0.00002586
2003-04-22,-0.00800435,-0.00576632,0.00474842
2003-04-23,-0.00266136,-0.00590538,0.00617860
2003-04-24,0.00390037,0.00213376,-0.00111264
2003-04-25,0.00936728,0.00694952,-0.00409311
2003-04-28,-0.00932782,-0.00694430,0.00505568
2003-04-29,-0.00422263,-0.00332099,0.00211547
2003-04-30,0.00234508,-0.00046447,0.00275003
2003-05-01,-0.00123210,-0.00238227,0.00039689
2003-05-02,-0.00755010,-0.00671789,0.00694764
2003-05-05,-0.00166025,-0.00404165,0.00350673
2003-05-06,0.00076801,-0.00024538,0.00297818
2003-05-07,0.00352251,0.00269463,-0.00068385
2003-05-08,0.00517236,0.00393846,-0.00196711
2003-05-09,-0.00553925,-0.00645902,0.00464100
2003-05-12,-0.00964227,-0.00699901,0.00480286
2003-05-13,-0.00260565,-0.00267638,0.00126022
2003-05-14,0.00184947,-0.00115474,0.00123645
2003-05-15,-0.00010403,-0.00291599,0.00224223
2003-05-16,0.00299136,0.00173820,-0.00328158
2003-05-19,0.01494456,0.00990858,-0.00526024
2003-05-20,0.00015277,0.00224406,0.00025846
2003-05-21,-0.00134191,-0.00151798,-0.00085014
2003-05-22,-0.00732385,-0.00670077,0.00007839
2003-05-23,-0.00329232,-0.00096372,-0.00043011
2003-05-27,-0.00907666,-0.00490008,-0.00676193
2003-05-28,0.00488684,0.00584080,-0.00276419
2003-05-29,0.00103876,0.00403006,-0.00361159
2003-05-30,0.00003076,0.00122718,-0.00391460
2003-06-02,0.00327330,0.00296452,-0.00007610
2003-06-03,-0.00083546,-0.00025539,-0.00258760
2003-06-04,-0.00446337,-0.00130955,-0.00307128
2003-06-05,-0.00244833,-0.00191480,-0.00195380
2003-06-06,0.00616492,0.00473891,-0.00086851
2003-06-09,0.01092612,0.00414132,0.00355568
2003-06-10,-0.00323029,-0.00251768,-0.00193649
2003-06-11,-0.00553084,-0.00640035,0.00110368
2003-06-12,-0.00175698,-0.00192403,0.00185042
2003-06-13,0.00666076,0.00133066,0.00297014
2003-06-16,-0.00274087,-0.00332046,-0.00255272
2003-06-17,-0.00174114,-0.00110920,-0.00022859
2003-06-18,0.00151430,0.00279956,-0.00056331
2003-06-19,0.01460587,0.00413980,0.00269937
2003-06-20,0.00426673,0.00265729,-0.00129453
2003-06-23,0.00917991,-0.00393010,0.00397259
2003-06-24,-0.00077041,-0.00079868,0.00041923
2003-06-25,-0.00423142,-0.00288234,0.00185195
2003-06-26,-0.01313798,-0.00283492,-0.00009762
2003-06-27,0.00529377,0.00311955,0.00031907
2003-06-30,-0.00231484,0.00069987,0.00033823
2003-07-01,0.00034191,0.00137319,-0.00189158
2003-07-02,-0.00821373,0.00209635,-0.00224941
2003-07-03,0.00051735,-0.00321657,0.00176030
2003-07-07,-0.01655984,-0.00067034,0.00055452
2003-07-08,-0.00466747,0.00312244,-0.00237233
2003-07-09,-0.00056580,0.00312379,-0.00090725
2003-07-10,0.00909889,-0.00035296,-0.00095414
2003-07-11,-0.00329319,0.00135902,-0.00141195
2003-07-14,-0.00749198,-0.00116056,0.00050968
2003-07-15,0.00671270,0.00230835,-0.00031503
2003-07-16,0.01107255,0.00216052,-0.00141407
2003-07-17,0.01966455,0.00024055,0.00149549
2003-07-18,-0.00400988,0.00099662,-0.00192048
2003-07-21,-0.00016561,-0.00399206,0.00587335
2003-07-22,-0.00026822,0.00384712,-0.00521757
2003-07-23,-0.00133986,-0.00419797,0.00158333
2003-07-24,0.00248063,0.00178341,-0.00037623
2003-07-25,0.00166053,0.00296346,-0.00161650
2003-07-28,-0.00129789,0.00048672,-0.00368495
2003-07-29,0.00139436,0.00087196,-0.00033485
2003-07-30,0.00018134,-0.00069730,0.00201700
2003-07-31,0.00003156,0.00293610,-0.00366453
2003-08-01,-0.00036349,-0.00024795,0.00193218
2003-08-04,0.00064454,0.00001100,0.00200336
2003-08-05,0.00329055,-0.00113668,0.00236743
2003-08-06,0.00284216,-0.00008120,0.00158506
2003-08-07,0.00245479,0.00007514,0.00238159
2003-08-08,-0.00084038,-0.00186206,0.00235029
2003-08-11,-0.00095319,-0.00049201,-0.00123434
2003-08-12,-0.00379064,0.00041348,-0.00282012
2003-08-13,-0.00091314,0.00218309,-0.00161297
2003-08-14,-0.00059783,0.00241320,-0.00301344
2003-08-15,-0.00027057,0.00028922,-0.00036264
2003-08-18,-0.00862982,-0.00077862,-0.00510171
2003-08-19,0.00045901,0.00018723,0.00072204
2003-08-20,0.00243129,0.00059177,0.00010196
2003-08-21,0.00357582,0.00439529,-0.00200697
2003-08-22,0.00405631,0.00150667,-0.00056775
2003-08-25,0.00139096,0.00184376,-0.00017946
2003-08-26,-0.00007753,-0.00025533,-0.00055219
2003-08-27,-0.00133165,-0.00204138,-0.00210171
2003-08-28,-0.00337257,-0.00125545,-0.00267919
2003-08-29,0.00058299,0.00223107,-0.00111812
2003-09-02,0.00120339,-0.00005192,-0.00363177
2003-09-03,0.00431417,0.00272141,-0.00196316
2003-09-04,0.00203428,0.00096813,-0.00248109
2003-09-05,0.00536492,0.00324013,-0.00004138
2003-09-08,0.00131692,0.00048678,-0.00450434
2003-09-09,0.00220179,-0.00208948,-0.00083271
2003-09-10,0.00619941,0.00366496,0.00629693
2003-09-11,-0.00142347,-0.00051334,0.00038666
2003-09-12,-0.00238377,-0.00200727,-0.00022996
2003-09-15,-0.00005859,-0.00173245,0.00062597
2003-09-16,-0.00537662,-0.00247601,-0.00341377
2003-09-17,0.00018763,-0.00094216,-0.00134444
2003-09-18,-0.00616780,-0.00401678,0.00206617
2003-09-19,0.00207500,0.00139928,-0.00089567
2003-09-22,0.00124170,0.00183638,-0.00131248
2003-09-23,-0.00381309,-0.00413186,-0.00167030
2003-09-24,0.00779039,0.00866330,0.00336666
2003-09-25,-0.00032080,0.00384617,0.00256794
2003-09-26,0.00332170,0.00571657,0.00215349
2003-09-29,-0.00180615,-0.00153734,-0.00116299
2003-09-30,0.00386711,0.00295085,0.00094001
2003-10-01,0.00238807,0.00069478,0.00564519
2003-10-02,-0.00361575,-0.00416568,-0.00333591
2003-10-03,-0.00586068,-0.00773557,-0.00493721
2003-10-06,-0.00358184,-0.00405947,-0.00386391
2003-10-07,-0.00091665,-0.00202979,-0.00079892
2003-10-08,0.00038164,0.00085380,0.00126790
2003-10-09,-0.00166024,-0.00190713,0.00121838
2003-10-10,-0.00053653,-0.00013952,-0.00083803
2003-10-13,-0.00146021,-0.00327218,0.00101253
2003-10-14,0.00080540,-0.00096147,-0.00086887
2003-10-15,0.00189425,0.00261066,0.00221919
2003-10-16,0.00177472,0.00113047,-0.00046033
2003-10-17,-0.00327453,0.00123049,0.00527624
2003-10-20,-0.00211681,-0.00188841,0.00136991
2003-10-21,-0.00203759,-0.00387198,-0.00388865
2003-10-22,-0.00083201,0.00275219,0.00296952
2003-10-23,0.00112748,0.00436456,0.00705924
2003-10-24,-0.00072008,0.00025085,0.00056855
2003-10-27,0.00014483,-0.00426702,-0.00035585
2003-10-28,-0.00184156,-0.00620074,-0.00584198
2003-10-29,0.00061649,-0.00315115,-0.00170967
2003-10-30,0.00190882,0.00223517,0.00089004
2003-10-31,0.00396054,0.00583274,0.00145746
2003-11-03,-0.00063762,-0.00457151,-0.00141675
2003-11-04,0.00082909,-0.00022612,-0.00187921
2003-11-05,0.00073114,0.00053778,-0.00088335
2003-11-06,0.00252878,0.00135779,-0.00117301
2003-11-07,0.00372437,0.00415369,0.00007119
2003-11-10,0.00025367,0.00291611,0.00502197
2003-11-11,-0.00089252,0.00202625,0.00316483
2003-11-12,0.00125244,-0.00365162,-0.00199516
2003-11-13,0.00105523,0.00077930,-0.00100586
2003-11-14,0.00034262,0.00385758,0.00501518
2003-11-17,-0.00716874,-0.00155913,0.00649500
2003-11-18,-0.00142974,-0.00144007,0.00090264
2003-11-19,0.00236598,0.00291818,-0.00063213
2003-11-20,0.00167248,0.00045634,-0.00006639
2003-11-21,0.00126074,0.00043379,-0.00180252
2003-11-24,0.00276917,-0.00131833,-0.00405715
2003-11-25,0.00081527,-0.00143711,-0.00021682
2003-11-26,0.00308243,0.00220125,-0.00041561
2003-11-28,-0.00014578,-0.00338203,-0.00209391
2003-12-01,0.00009571,-0.00188967,0.00192604
2003-12-02,0.00039981,-0.00092118,0.00008103
2003-12-03,0.00025115,0.00435222,0.00419237
2003-12-04,0.00318261,0.00617229,0.00391777
2003-12-05,0.00036795,0.00216082,0.00357632
2003-12-08,-0.00005206,0.00114010,0.00382927
2003-12-09,-0.00163032,0.00115900,0.00551013
2003-12-10,0.00194954,0.00654056,0.00170366
2003-12-11,0.00526727,0.00064832,-0.00663305
2003-12-12,0.00317160,0.00220139,-0.00034423
2003-12-15,-0.00476359,-0.00012505,0.00492097
2003-12-16,0.00060192,0.00336775,0.00269292
2003-12-17,-0.00220241,-0.00295846,0.00010124
2003-12-18,0.00492688,0.00164920,-0.00006007
2003-12-19,0.00073775,0.00040235,0.00057172
2003-12-22,0.00460521,0.00471295,-0.00045649
2003-12-23,0.00437345,0.00243714,-0.00101345
2003-12-24,-0.00076951,-0.00018370,-0.00002684
2003-12-26,0.00143815,-0.00068028,0.00064317
2003-12-29,0.00521311,0.00218206,0.00037664
2003-12-30,0.00499443,0.00401939,-0.00104805
2003-12-31,-0.00195660,0.00150656,-0.00354948
2004-01-02,0.00525260,0.00324570,-0.00141519
2004-01-05,0.00576061,0.00256493,-0.00091350
2004-01-06,-0.00025134,-0.00175001,-0.00388717
2004-01-07,0.00410006,0.00272610,-0.00449140
2004-01-08,0.00607875,0.00493646,-0.00229217
2004-01-09,-0.00217421,-0.00098683,-0.00083138
2004-01-12,0.00582785,0.00043368,-0.00218071
2004-01-13,-0.00173516,-0.00270104,0.00165434
2004-01-14,0.00187199,0.00092706,-0.00062611
2004-01-15,0.00198417,0.00149069,-0.00168581
2004-01-16,0.00478621,0.00479484,-0.00633758
2004-01-20,-0.00437955,-0.00552692,0.00419442
2004-01-21,0.00278889,0.00320624,-0.00158848
2004-01-22,-0.00117422,0.00149640,-0.00326950
2004-01-23,0.00526604,0.00310199,-0.00062173
2004-01-26,-0.00030066,-0.00125731,-0.00045282
2004-01-27,0.00177525,0.00316373,-0.00131382
2004-01-28,-0.00057097,0.00233894,-0.00084683
2004-01-29,-0.00020565,0.00263948,-0.00126636
2004-01-30,-0.00162105,-0.00158471,-0.00105675
2004-02-02,0.00113656,-0.00013553,0.00040461
2004-02-03,0.00010456,0.00175509,-0.00046355
2004-02-04,-0.00388533,0.00159899,-0.00363368
2004-02-05,0.00240266,0.00201523,0.00047424
2004-02-06,-0.00016705,-0.00234293,0.00489304
2004-02-09,0.00220059,0.00202437,-0.00051588
2004-02-10,0.00502995,0.00142024,0.00257270
2004-02-11,-0.00209990,-0.00130220,-0.00026430
2004-02-12,-0.00059818,0.00072149,0.00001043
2004-02-13,-0.00099592,0.00132549,-0.00345925
2004-02-17,0.00252931,0.00135854,0.00261861
2004-02-18,-0.00106608,-0.00021105,0.00009067
2004-02-19,-0.00002860,-0.00059083,-0.00141591
2004-02-20,0.00145751,0.00046275,0.00170717
2004-02-23,0.00160580,0.00069231,0.00230222
2004-02-24,0.00289411,0.00274083,0.00013658
2004-02-25,-0.00260965,-0.00188809,-0.00318423
2004-02-26,-0.00058763,-0.00124634,-0.00101657
2004-02-27,0.00053754,-0.00031078,0.00082769
2004-03-01,-0.00407476,-0.00307189,0.00134056
2004-03-02,-0.00032940,0.00002087,-0.00113580
2004-03-03,0.00069795,0.00011845,0.00195560
2004-03-04,0.00158316,0.00045170,0.00103158
2004-03-05,-0.00094787,-0.00154263,0.00177543
2004-03-08,0.00326989,0.00115287,0.00444008
2004-03-09,0.00106297,0.00004163,0.00157681
2004-03-10,0.00228413,0.00126051,-0.00075439
2004-03-11,0.00108235,0.00184090,0.00022632
2004-03-12,0.00045103,0.00062264,0.00023520
2004-03-15,-0.00199821,-0.00205127,0.00061568
2004-03-16,-0.00248366,-0.00119055,-0.00005500
2004-03-17,-0.00124389,-0.00125656,-0.00154813
2004-03-18,0.00059545,-0.00013488,-0.00012046
2004-03-19,-0.00035223,-0.00307872,-0.00168793
2004-03-22,-0.00118721,-0.00135739,0.00193642
2004-03-23,-0.00007947,0.00158192,0.00256546
2004-03-24,0.00017595,-0.00080302,-0.00016390
2004-03-25,0.00052906,0.00174382,-0.00140332
2004-03-26,-0.00052296,-0.00150235,-0.00244080
2004-03-29,-0.00157932,-0.00129729,-0.00161633
2004-03-30,-0.00117592,-0.00227560,-0.00072202
2004-03-31,0.00075993,0.00108275,0.00150152
2004-04-01,0.00056312,-0.00034827,-0.00298098
2004-04-02,0.00195011,0.00217554,-0.00251864
2004-04-05,0.00169372,0.00105127,-0.00240512
2004-04-06,-0.00326703,-0.00215686,0.00044228
2004-04-07,0.00070545,-0.00100017,-0.00046480
2004-04-08,0.00119742,-0.00083038,-0.00148637
2004-04-12,-0.00054198,0.00184751,0.00144368
2004-04-13,-0.00045244,-0.00118749,-0.00069480
2004-04-14,0.00094381,0.00149344,0.00026026
2004-04-15,-0.00181652,-0.00029070,0.00316094
2004-04-16,-0.00243823,-0.00082126,0.00348015
2004-04-19,-0.00159670,-0.00211674,-0.00079982
2004-04-20,0.00168920,0.00024851,-0.00229102
2004-04-21,0.00082213,0.00001416,0.00136898
2004-04-22,-0.00097485,-0.00004371,0.00140393
2004-04-23,0.00085890,-0.00003151,-0.00173213
2004-04-26,-0.00269036,-0.00083518,-0.00003301
2004-04-27,0.00236483,0.00420720,0.00560574
2004-04-28,0.00225737,0.00512915,0.00411132
2004-04-29,0.00171183,0.00456790,0.00466110
2004-04-30,-0.00008831,0.00281497,0.00223915
2004-05-03,-0.00634210,-0.00345409,0.00066263
2004-05-04,-0.00039645,-0.00271167,-0.00276708
2004-05-05,-0.00599487,-0.00468155,-0.00368120
2004-05-06,0.00051668,0.00204462,0.00084261
2004-05-07,0.00192491,-0.00035228,-0.00420255
2004-05-10,0.00437947,0.00460013,0.00346681
2004-05-11,0.00081104,-0.00288517,-0.00179007
2004-05-12,-0.00142350,0.00020784,0.00173913
2004-05-13,-0.00107644,-0.00078314,-0.00171850
2004-05-14,-0.00416827,-0.00145353,0.00048447
2004-05-17,-0.00061060,0.00140307,0.00269590
2004-05-18,-0.00153689,-0.00262030,-0.00162680
2004-05-19,0.00302560,0.00001120,-0.00247618
2004-05-20,0.00119444,0.00186474,0.00022509
2004-05-21,0.00137557,-0.00137880,0.00006349
2004-05-24,-0.00144579,-0.00112475,0.00226767
2004-05-25,-0.00175302,-0.00286635,0.00257787
2004-05-26,0.00191227,-0.00095160,0.00043207
2004-05-27,0.00164959,-0.00024551,-0.00025925
2004-05-28,-0.00162173,-0.00068856,0.00030093
2004-06-01,-0.00377551,-0.00324483,-0.00179133
2004-06-02,0.00036720,0.00178171,0.00132225
2004-06-03,0.00348116,0.00281095,-0.00128401
2004-06-04,0.00114173,0.00053356,0.00222304
2004-06-07,0.00007372,-0.00202444,0.00104697
2004-06-08,0.00134640,-0.00036454,-0.00147243
2004-06-09,0.00200851,0.00344313,-0.00117154
2004-06-10,0.00078378,0.00004209,-0.00076299
2004-06-14,-0.00255106,0.00096607,-0.00246885
2004-06-15,0.00108047,-0.00136916,0.00095043
2004-06-16,-0.00049390,-0.00028217,0.00108895
2004-06-17,-0.00035954,0.00130741,0.00093688
2004-06-18,0.00122114,0.00050510,0.00054801
2004-06-21,0.00393446,0.00219018,0.00054490
2004-06-22,-0.00265261,-0.00045027,0.00058518
2004-06-23,-0.00526607,-0.00319425,0.00086174
2004-06-24,0.00129069,-0.00052269,-0.00100360
2004-06-25,-0.00063191,-0.00145452,-0.00003288
2004-06-28,0.00407184,0.00248786,0.00047546
2004-06-29,0.00213021,-0.00012240,0.00035609
2004-06-30,-0.00091884,-0.00103841,-0.00032726
2004-07-01,-0.00051152,-0.00172974,-0.00296935
2004-07-02,0.00279627,0.00250346,0.00124527
2004-07-06,0.00150011,-0.00023933,-0.00165957
2004-07-07,-0.00267352,-0.00076632,0.00071710
2004-07-08,0.00329492,0.00180494,0.00014278
2004-07-09,0.00154569,-0.00031953,-0.00054706
2004-07-12,0.00341055,0.00291534,0.00060735
2004-07-13,0.00018834,-0.00109512,-0.00078405
2004-07-14,-0.00347372,-0.00118251,-0.00162485
2004-07-15,0.00047397,0.00024597,0.00019492
2004-07-16,-0.00006328,0.00044238,-0.00050779
2004-07-19,0.00257340,0.00201884,0.00161138
2004-07-20,-0.00549060,-0.00107763,0.00193719
2004-07-21,0.00851111,0.00706474,-0.00000425
2004-07-22,-0.00008388,-0.00122705,0.00035400
2004-07-23,-0.00132436,0.00077913,-0.00024094
2004-07-26,0.00791770,0.00583587,-0.00009606
2004-07-27,-0.00619310,-0.00396534,-0.00010552
2004-07-28,-0.00343383,-0.00088308,-0.00060163
2004-07-29,-0.00290979,-0.00297763,0.00093969
2004-07-30,-0.00044980,-0.00187050,-0.00120770
2004-08-02,-0.00144400,-0.00112316,-0.00017504
2004-08-03,0.00170329,0.00217658,-0.00087771
2004-08-04,0.00714659,0.00249590,-0.00027753
2004-08-05,0.00670781,0.00243500,-0.00010658
2004-08-06,0.00542846,0.00493613,0.00105497
2004-08-09,-0.00704436,-0.00260470,-0.00000502
2004-08-10,-0.00219582,-0.00210034,0.00108489
2004-08-11,0.00248643,0.00584823,0.00092374
2004-08-12,0.00075321,0.00199088,-0.00030534
2004-08-13,-0.00078660,-0.00136100,-0.00096341
2004-08-16,-0.00171702,-0.00175029,0.00161032
2004-08-17,0.00278358,0.00114389,0.00155755
2004-08-18,0.00062054,-0.00342370,-0.00071227
2004-08-19,0.00192087,-0.00101739,-0.00066757
2004-08-20,-0.00094096,-0.00043428,-0.00244553
2004-08-23,0.00366411,0.00130489,-0.00026537
2004-08-24,0.00019622,0.00267075,0.00232265
2004-08-25,-0.00064578,-0.00072400,-0.00061790
2004-08-26,0.00160338,0.00010410,0.00237947
2004-08-27,-0.00162028,-0.00130718,-0.00173176
2004-08-30,0.00330062,0.00162627,0.00096777
2004-08-31,-0.00386346,-0.00244133,-0.00049457
2004-09-01,-0.00407556,-0.00289815,-0.00144850
2004-09-02,0.00042162,0.00150422,0.00142607
2004-09-03,-0.00031017,-0.00119750,0.00280797
2004-09-07,-0.00189071,-0.00155007,-0.00031348
2004-09-08,0.00188409,-0.00176389,-0.00105100
2004-09-09,-0.00092264,-0.00101599,-0.00495191
2004-09-10,0.00240475,0.00174750,-0.00229709
2004-09-13,-0.00101176,-0.00095771,-0.00207561
2004-09-14,-0.00028917,-0.00207938,0.00051146
2004-09-15,-0.00153724,-0.00110757,0.00169421
2004-09-16,-0.00028047,0.00065057,-0.00023750
2004-09-17,0.00011099,-0.00001990,0.00056293
2004-09-20,0.00039712,-0.00027530,0.00015119
2004-09-21,-0.00418806,-0.00187392,0.00018580
2004-09-22,0.00099083,-0.00339502,0.00387374
2004-09-23,-0.00242086,-0.00127157,0.00000243
2004-09-24,-0.00346258,-0.00236375,0.00426439
2004-09-27,0.00578593,-0.00089822,0.00150266
2004-09-28,-0.00505435,-0.00084712,-0.00006394
2004-09-29,-0.00120544,0.00186628,-0.00389061
2004-09-30,-0.00480573,-0.00220181,0.00138403
2004-10-01,-0.00516720,-0.00003704,-0.00359598
2004-10-04,-0.00265063,-0.00020525,-0.00146798
2004-10-05,-0.00068473,-0.00164621,-0.00012256
2004-10-06,-0.00385501,-0.00228026,-0.00049061
2004-10-07,0.00439557,-0.00046770,0.00125661
2004-10-08,0.00437948,-0.00077647,0.00344098
2004-10-11,0.00171680,0.00317203,-0.00066638
2004-10-12,0.00263692,0.00169759,0.00134023
2004-10-13,0.00576696,0.00463472,-0.00095973
2004-10-14,-0.00250156,-0.00392852,0.00321192
2004-10-15,0.00051038,0.00054293,0.00020313
2004-10-18,-0.00204754,0.00111302,-0.00070701
2004-10-19,0.00402688,0.00319452,0.00229421
2004-10-20,-0.00427922,-0.00281626,-0.00222806
2004-10-21,-0.00565542,-0.00218119,-0.00357143
2004-10-22,0.00419430,-0.00058474,0.00217459
2004-10-25,0.00240124,0.00010847,-0.00399020
2004-10-26,-0.00036656,0.00072253,0.00244117
2004-10-27,-0.00133976,0.00518355,-0.00115542
2004-10-28,0.00857916,0.00707553,-0.00157041
2004-10-29,0.00050713,-0.00106635,-0.00042341
2004-11-01,0.00207492,0.00279188,-0.00138991
2004-11-02,0.00341636,0.00377940,0.00058112
2004-11-03,-0.00471906,-0.00260776,0.00016440
2004-11-04,-0.00054231,0.00048970,0.00185877
2004-11-05,0.00288802,0.00250225,-0.00506700
2004-11-08,-0.00272163,-0.00087625,0.00202928
2004-11-09,-0.00237782,-0.00099601,0.00057093
2004-11-10,-0.00285009,-0.00146375,0.00200517
2004-11-11,-0.00275958,0.00014340,-0.00081557
2004-11-12,-0.00125513,0.00070426,-0.00100097
2004-11-15,0.00296891,0.00542825,-0.00129198
2004-11-16,0.00193513,-0.00030832,-0.00119065
2004-11-17,-0.00144869,0.00364970,0.00046293
2004-11-18,-0.00161897,-0.00007508,0.00015290
2004-11-19,0.00932915,0.00032822,0.00131099
2004-11-22,-0.00068525,-0.00252272,-0.00244118
2004-11-23,0.00046943,-0.00074748,-0.00082822
2004-11-24,-0.00442326,0.00052986,-0.00142445
2004-11-26,-0.00267622,-0.00293981,-0.00096969
2004-11-29,-0.00190258,0.00095979,-0.00243705
2004-11-30,0.00248942,-0.00157738,-0.00126854
2004-12-01,-0.00510780,0.00336772,-0.00098283
2004-12-02,-0.00323737,0.00537811,-0.00019994
2004-12-03,-0.00276710,-0.00364425,0.00091798
2004-12-06,-0.00049158,-0.00140801,-0.00061207
2004-12-07,0.00798676,0.00379681,0.00283721
2004-12-08,0.00136864,0.00056102,-0.00153680
2004-12-09,0.00131317,-0.00087106,0.00067589
2004-12-10,-0.00084156,0.00192838,-0.00082171
2004-12-13,-0.00570212,-0.00520555,-0.00138727
2004-12-14,-0.00403075,0.00314078,-0.00095479
2004-12-15,-0.00410161,-0.00186911,-0.00175526
2004-12-16,0.00454554,0.00105025,0.00055679
2004-12-17,0.00569367,0.00207686,0.00063174
2004-12-20,0.00371144,-0.00055737,0.00038033
2004-12-21,-0.00273826,0.00066658,-0.00020856
2004-12-22,-0.00036153,0.00124957,-0.00053312
2004-12-23,-0.00034667,-0.00105963,-0.00215691
2004-12-27,0.00161557,0.00154770,0.00258071
2004-12-28,-0.00283191,-0.00083960,-0.00299769
2004-12-29,0.00144876,-0.00000998,-0.00149000
2004-12-30,0.00040437,0.00091643,-0.00037744
2004-12-31,0.00147227,-0.00027385,-0.00063889
2005-01-03,0.00809563,0.00359045,0.00191331
2005-01-04,0.01292752,0.00235042,0.00127292
2005-01-05,0.00468860,-0.00004945,0.00257607
2005-01-06,0.00100535,-0.00041308,-0.00019274
2005-01-07,0.00194246,0.00021193,0.00226474
2005-01-10,-0.00272869,-0.00136042,-0.00062914
2005-01-11,0.00766118,0.00307148,0.00284017
2005-01-12,-0.00308594,-0.00286268,-0.00246816
2005-01-13,0.00055697,-0.00235268,0.00122611
2005-01-14,-0.00639042,-0.00218325,-0.00219995
2005-01-18,-0.00326364,-0.00040399,-0.00124562
2005-01-19,0.00710044,0.00007493,0.00010985
2005-01-20,0.00052491,0.00183819,0.00422679
2005-01-21,0.00009471,-0.00151930,-0.00174993
2005-01-24,0.00391350,0.00036751,0.00246859
2005-01-25,0.00022793,0.00122895,-0.00024786
2005-01-26,-0.00117458,0.00130594,-0.00199119
2005-01-27,0.00012507,-0.00300111,-0.00058943
2005-01-28,0.00165863,-0.00034927,-0.00009128
2005-01-31,-0.00038892,-0.00086699,-0.00395426
2005-02-01,0.00141989,-0.00117521,-0.00148868
2005-02-02,-0.00042686,-0.00113792,-0.00152926
2005-02-03,0.00017856,-0.00418931,-0.00067569
2005-02-04,-0.00320751,0.00029050,0.00009318
2005-02-07,-0.00126463,-0.00067568,0.00010391
2005-02-08,0.00017120,0.00088901,0.00046068
2005-02-09,0.00113132,-0.00295208,0.00175230
2005-02-10,0.00228875,-0.00098591,-0.00217743
2005-02-11,-0.00242890,0.00095027,-0.00013001
2005-02-14,0.00046542,-0.00126922,-0.00083447
2005-02-15,-0.00152857,-0.00117662,0.00101481
2005-02-16,0.00065431,-0.00275947,-0.00415088
2005-02-17,0.00458746,0.00120077,0.00422609
2005-02-18,-0.00182156,-0.00252681,-0.00121290
2005-02-22,-0.00006610,-0.00176013,0.00515761
2005-02-23,0.00108257,-0.00016869,-0.00348621
2005-02-24,-0.00211484,-0.00065442,-0.00680447
2005-02-25,0.00022656,-0.00075766,-0.00636538
2005-02-28,-0.00060056,-0.00070740,0.00237954
2005-03-01,-0.00356637,0.00235043,0.00465536
2005-03-02,0.00165797,0.00044304,-0.00233040
2005-03-03,-0.00066566,-0.00133877,-0.00046724
2005-03-04,-0.00073630,-0.00009439,-0.00536701
2005-03-07,-0.00175062,0.00026215,0.00274937
2005-03-08,0.00072608,-0.00021712,0.00330710
2005-03-09,-0.00225461,-0.00049289,0.00602173
2005-03-10,0.00187359,0.00420180,0.00723565
2005-03-11,0.00085901,-0.00295831,-0.00429587
2005-03-14,-0.00160457,0.00123855,0.00088320
2005-03-15,0.00136779,-0.00113266,-0.00001636
2005-03-16,0.00182142,-0.00016225,0.00141839
2005-03-17,-0.00113094,-0.00146185,-0.00346076
2005-03-18,-0.00065989,-0.00066086,-0.00015830
2005-03-21,-0.00135208,-0.00093884,0.00100878
2005-03-22,-0.00141586,-0.00147957,-0.00116957
2005-03-23,-0.00495448,-0.00294199,0.00708161
2005-03-24,0.00224662,-0.00055408,-0.00228702
2005-03-28,0.00006625,0.00112948,0.00144352
2005-03-29,-0.00398820,0.00195488,0.00497163
2005-03-30,-0.00119635,-0.00181953,0.00136303
2005-03-31,0.00316305,0.00265717,-0.00597525
2005-04-01,0.00487053,0.00270122,-0.00508421
2005-04-04,0.00299204,0.00166290,-0.00150362
2005-04-05,0.00053541,0.00103555,0.00009781
2005-04-06,0.00066195,0.00074568,-0.00053262
2005-04-07,-0.00257416,-0.00251004,0.00214296
2005-04-08,-0.00223778,-0.00172404,0.00332469
2005-04-11,0.00179409,0.00311567,0.00133269
2005-04-12,-0.00119828,-0.00035700,0.00284749
2005-04-13,-0.00281708,0.00024602,0.00282704
2005-04-14,-0.00548667,-0.00018627,0.00516494
2005-04-15,-0.00408725,-0.00071077,0.00155341
2005-04-18,0.00445202,0.00305974,-0.00328983
2005-04-19,0.00726556,0.00019306,-0.00770986
2005-04-20,-0.00006457,0.00402121,0.00081255
2005-04-21,0.00135186,-0.00467212,-0.00040520
2005-04-22,0.00188174,0.00596953,0.00248057
2005-04-25,0.00689590,-0.00084984,-0.00005358
2005-04-26,-0.00024681,0.00125287,0.00076735
2005-04-27,-0.00219789,-0.00033811,0.00168609
2005-04-28,-0.00543301,0.00351180,0.00277542
2005-04-29,-0.00000147,-0.00144162,0.00332576
2005-05-02,0.00579307,-0.00029587,-0.00154474
2005-05-03,-0.00670322,-0.00176558,0.00022858
2005-05-04,0.00307801,-0.00028232,0.00061439
2005-05-05,0.00503002,0.00148437,-0.00255938
2005-05-06,0.00150572,-0.00034125,-0.00040115
2005-05-09,0.00071206,-0.00176205,-0.00017318
2005-05-10,-0.00664765,0.00042041,0.00070455
2005-05-11,0.00116230,0.00053637,0.00164123
2005-05-12,-0.01276745,-0.00305351,0.00005600
2005-05-13,-0.00833207,-0.00052559,-0.00018199
2005-05-16,0.00028228,-0.00301076,-0.00073666
2005-05-17,0.00570860,0.00157007,0.00087524
2005-05-18,0.00292493,-0.00156703,-0.00295739
2005-05-19,0.00018484,0.00075575,0.00080658
2005-05-20,-0.00534635,-0.00190436,-0.00088007
2005-05-23,0.00574907,0.00230992,0.00124124
2005-05-24,-0.00078407,-0.00029136,-0.00014266
2005-05-25,0.00196324,0.00170393,0.00145338
2005-05-26,0.00020323,-0.00047666,-0.00058423
2005-05-27,0.00432186,0.00214000,0.00138706
2005-05-31,0.00232740,0.00246478,0.00222335
2005-06-01,0.00189386,0.00006229,-0.00037708
2005-06-02,-0.00258813,-0.00241647,-0.00210744
2005-06-03,0.00213103,0.00159180,0.00128761
2005-06-06,0.00432370,0.00078237,-0.00014070
2005-06-07,-0.00129949,-0.00171966,-0.00162779
2005-06-08,-0.00667641,-0.00213991,-0.00083103
2005-06-09,0.00619346,0.00177826,0.00053820
2005-06-10,-0.00070418,0.00026027,0.00045906
2005-06-13,0.00150081,0.00030155,-0.00001511
2005-06-14,0.00131299,0.00040734,0.00014825
2005-06-15,0.00336074,0.00235694,0.00185805
2005-06-16,-0.00021581,-0.00263185,-0.00290988
2005-06-17,0.00241572,0.00238234,0.00210975
2005-06-20,0.00222828,0.00123936,0.00086816
2005-06-21,-0.00497555,-0.00323949,-0.00246965
2005-06-22,0.00082243,0.00073237,0.00062974
2005-06-23,0.00113622,0.00013104,-0.00012085
2005-06-24,0.00416514,0.00037614,-0.00056028
2005-06-27,0.00856705,0.00396272,0.00243529
2005-06-28,-0.00349524,-0.00223170,-0.00168540
2005-06-29,-0.00065744,-0.00022113,-0.00009354
2005-06-30,0.00044572,0.00041206,0.00035833
2005-07-01,0.00283613,0.00166566,0.00120423
2005-07-05,0.00636077,0.00176012,0.00047828
2005-07-06,-0.00159919,-0.00035933,-0.00002666
2005-07-07,0.00250596,0.00144313,0.00103183
2005-07-08,-0.00129891,-0.00191845,-0.00185157
2005-07-11,-0.00229292,-0.00253889,-0.00231487
2005-07-12,0.00155300,0.00169212,0.00153696
2005-07-13,-0.00281842,-0.00074816,-0.00017622
2005-07-14,-0.00768209,-0.00462741,-0.00339201
2005-07-15,0.00082721,0.00012158,-0.00005854
2005-07-18,-0.00307521,-0.00140295,-0.00085223
2005-07-19,0.00393996,0.00261992,0.00201714
2005-07-20,0.00072124,0.00089290,-0.00167805
2005-07-21,-0.00317405,-0.00100854,-0.00134793
2005-07-22,0.00557272,0.00168675,0.00228329
2005-07-25,-0.00185593,-0.00095355,-0.00209192
2005-07-26,-0.00474399,-0.00165264,-0.00099916
2005-07-27,0.00150310,0.00116236,0.00103532
2005-07-28,0.00704077,0.00242809,0.00272520
2005-07-29,-0.00037981,-0.00001138,-0.00134903
2005-08-01,0.00529188,0.00060276,0.00124935
2005-08-02,0.00244545,0.00126949,0.00210857
2005-08-03,-0.00238161,-0.00009412,-0.00008030
2005-08-04,-0.00068254,0.00088629,0.00077854
2005-08-05,-0.00668446,-0.00196677,-0.00160202
2005-08-08,-0.00153951,-0.00196336,-0.00246766
2005-08-09,0.00005352,0.00071741,0.00077474
2005-08-10,0.00650337,0.00205220,0.00216497
2005-08-11,0.00279992,0.00013899,0.00070353
2005-08-12,0.00011494,-0.00010992,-0.00013822
2005-08-15,-0.00237192,-0.00113314,-0.00165396
2005-08-16,-0.00645970,-0.00224440,-0.00429442
2005-08-17,-0.00608433,-0.00117461,-0.00011972
2005-08-18,0.00035546,-0.00202137,0.00093358
2005-08-19,0.00265416,0.00295408,0.00117001
2005-08-22,-0.00030120,-0.00004430,0.00005656
2005-08-23,-0.00061550,-0.00005618,0.00054037
2005-08-24,0.00217343,0.00130572,0.00046149
2005-08-25,-0.00103390,0.00037240,0.00005518
2005-08-26,-0.00291587,-0.00195116,0.00116377
2005-08-29,0.00191241,0.00304375,0.00030128
2005-08-30,0.00266645,0.00423679,0.00302982
2005-08-31,0.00965440,0.00732559,0.00049337
2005-09-01,0.00209523,0.00090061,0.00039942
2005-09-02,-0.00346730,-0.00356549,-0.00116204
2005-09-06,0.00290402,0.00250783,-0.00008591
2005-09-07,0.00384163,0.00454635,0.00186384
2005-09-08,-0.00001718,0.00052720,0.00105656
2005-09-09,0.00341986,0.00246705,0.00053317
2005-09-12,-0.00151558,-0.00321720,-0.00382125
2005-09-13,0.00031302,-0.00063948,0.00091210
2005-09-14,-0.00077040,0.00023772,0.00194551
2005-09-15,-0.00018989,0.00086474,0.00166314
2005-09-16,0.00085104,0.00013160,-0.00059059
2005-09-19,0.01140118,0.00836577,0.00671955
2005-09-20,-0.00337005,-0.00135029,-0.00072337
2005-09-21,0.00483430,0.00413901,0.00351495
2005-09-22,0.00029738,-0.00094032,-0.00112808
2005-09-23,-0.00075162,-0.00137232,-0.00136640
2005-09-26,0.00800355,0.00400114,0.00261156
2005-09-27,0.00498971,0.00267998,0.00183685
2005-09-28,0.00312613,0.00483018,0.00469584
2005-09-29,0.00129933,0.00125332,0.00110320
2005-09-30,-0.00165545,0.00017807,0.00059120
2005-10-03,0.00423756,0.00262095,0.00194804
2005-10-04,-0.00697191,-0.00446859,-0.00338101
2005-10-05,-0.00748792,-0.00536298,-0.00426537
2005-10-06,-0.00894812,-0.00785429,-0.00672332
2005-10-07,0.00762425,0.00464941,0.00343042
2005-10-10,-0.00267254,-0.00227538,-0.00192878
2005-10-11,0.00811423,0.00657603,0.00548217
2005-10-12,-0.00659381,-0.00487019,-0.00392209
2005-10-13,-0.00832574,-0.00768580,-0.00668072
2005-10-14,0.00782796,0.00356432,0.00216159
2005-10-17,0.00672331,0.00485235,0.00387145
2005-10-18,-0.00849402,-0.00295374,-0.00238606
2005-10-19,0.00832094,0.00205137,0.00019387
2005-10-20,-0.00802082,-0.00611827,-0.00481559
2005-10-21,0.00796499,0.00189513,0.00169851
2005-10-24,0.00761222,0.00336586,0.00252767
2005-10-25,0.00764215,0.00331305,0.00371567
2005-10-26,-0.00095257,0.00193931,0.00274603
2005-10-27,-0.00973610,-0.00245606,-0.00201538
2005-10-28,0.00152228,0.00200520,0.00051039
2005-10-31,0.00347618,0.00073538,0.00070196
2005-11-01,0.00683210,0.00451919,0.00397084
2005-11-02,0.00514647,0.00205564,0.00152925
2005-11-03,0.00643128,0.00349298,0.00278166
2005-11-04,-0.00810671,-0.00429989,-0.00490023
2005-11-07,-0.00513618,-0.00312040,-0.00367282
2005-11-08,0.00166672,0.00145218,0.00134694
2005-11-09,-0.00284636,-0.00205951,-0.00159597
2005-11-10,-0.00612641,-0.00430280,-0.00655714
2005-11-11,0.00410556,0.00117403,0.00058951
2005-11-14,0.00113210,0.00160655,0.00178563
2005-11-15,0.00482145,0.00326170,0.00414166
2005-11-16,0.01164429,0.00965571,0.00811333
2005-11-17,-0.00057365,-0.00111320,-0.00111691
2005-11-18,-0.00971037,-0.00840593,-0.00716394
2005-11-21,0.00578056,0.00246847,0.00141217
2005-11-22,0.00330675,0.00226663,0.00176920
2005-11-23,-0.00631050,-0.00455135,-0.00363029
2005-11-25,0.00158469,0.00136299,0.00115920
2005-11-28,-0.00837772,-0.00508678,-0.00374455
2005-11-29,0.00214851,0.00250660,0.00231264
2005-11-30,-0.00066599,-0.00097507,-0.00093971
2005-12-01,0.00495055,0.00396911,0.00329637
2005-12-02,0.00008266,-0.00022281,-0.00027018
2005-12-05,0.00511210,0.00288469,0.00203826
2005-12-06,0.00141531,0.00017831,-0.00013357
2005-12-07,-0.00289865,-0.00145274,-0.00094993
2005-12-08,0.00573099,0.00468350,0.00391579
2005-12-09,-0.00720062,-0.00511308,-0.00405207
2005-12-12,0.00194973,0.00205132,0.00184738
2005-12-13,0.00305200,0.00080766,0.00018800
2005-12-14,0.00208055,0.00093417,0.00055970
2005-12-15,-0.00118649,-0.00040215,-0.00017227
2005-12-16,-0.00116066,-0.00047655,-0.00026208
2005-12-19,0.00005443,-0.00025452,-0.00029919
2005-12-20,0.00315200,0.00252974,0.00210173
2005-12-21,0.00168319,0.00037932,0.00002932
2005-12-22,-0.00235578,-0.00051236,-0.00002018
2005-12-23,-0.00432930,-0.00306272,-0.00242336
2005-12-27,-0.00458328,-0.00195235,-0.00111423
2005-12-28,0.00482749,0.00336450,0.00264524
2005-12-29,-0.00257344,-0.00114679,-0.00068252
2005-12-30,-0.00132901,-0.00036844,-0.00010070
2006-01-03,0.01206993,0.00772534,0.00584116
2006-01-04,-0.00126343,0.00081610,0.00121642
2006-01-05,-0.00586481,-0.00364479,-0.00271564
2006-01-06,0.00212809,0.00127808,0.00093537
2006-01-09,-0.00127368,-0.00216796,-0.00213822
2006-01-10,0.00173221,0.00003406,-0.00037068
2006-01-11,-0.00089489,0.00144826,0.00184059
2006-01-12,0.00100958,0.00127462,0.00119557
2006-01-13,0.00146131,0.00023325,-0.00008262
2006-01-17,0.00855181,0.00559592,0.00427623
2006-01-18,-0.00597231,-0.00352768,-0.00255851
2006-01-19,0.00914169,0.00820485,0.00032626
2006-01-20,-0.00573855,-0.00184828,-0.00298875
2006-01-23,0.00582143,0.00291686,0.00002910
2006-01-24,0.00557405,0.00043045,-0.00017367
2006-01-25,-0.00526881,-0.00507278,-0.00225052
2006-01-26,0.00547035,0.00305499,0.00038727
2006-01-27,0.00594456,0.00347392,0.00214976
2006-01-30,0.01012930,0.00850363,0.00289740
2006-01-31,0.00287754,0.00135775,-0.00153271
2006-02-01,-0.00562291,-0.00417849,-0.00019454
2006-02-02,-0.00554365,-0.00260790,-0.00280707
2006-02-03,0.00088952,0.00108108,-0.00174464
2006-02-06,0.00565183,0.00467827,0.00185635
2006-02-07,-0.02031804,-0.01475860,-0.00390629
2006-02-08,-0.00341321,-0.00184581,0.00065095
2006-02-09,-0.00840477,-0.00585648,-0.00184853
2006-02-10,-0.00436504,-0.00344700,-0.00004979
2006-02-13,-0.00668236,-0.00487659,-0.00087725
2006-02-14,0.00151758,-0.00206682,0.00106696
2006-02-15,-0.00114555,-0.00204937,-0.00131578
2006-02-16,0.00917710,0.00706152,0.00409645
2006-02-17,0.00170905,0.00239319,-0.00108906
2006-02-21,0.00267799,0.00157228,-0.00043736
2006-02-22,0.00064805,0.00054488,0.00092005
2006-02-23,-0.00226407,-0.00141466,-0.00167107
2006-02-24,0.00581138,0.00334834,-0.00057097
2006-02-27,-0.00228740,-0.00127748,-0.00111789
2006-02-28,-0.00518247,-0.00310977,-0.00263200
2006-03-01,0.00991104,0.00554387,0.00048541
2006-03-02,0.00509096,0.00287949,-0.00062716
2006-03-03,-0.00057074,0.00001191,-0.00098682
2006-03-06,-0.01034210,-0.00621516,-0.00336439
2006-03-07,-0.00964448,-0.00455557,0.00043432
2006-03-08,-0.00296550,-0.00144891,0.00041940
2006-03-09,-0.00352657,-0.00185082,-0.00062249
2006-03-10,0.00218078,0.00126071,0.00118562
2006-03-13,0.00385374,0.00224907,0.00118312
2006-03-14,0.00754090,0.00521675,0.00273042
2006-03-15,0.00364913,0.00236515,0.00051345
2006-03-16,0.00027708,0.00005391,0.00042270
2006-03-17,0.00051070,0.00026902,-0.00056720
2006-03-20,-0.00206967,-0.00165219,-0.00144329
2006-03-21,-0.00585413,-0.00613856,-0.00363036
2006-03-22,0.00160535,0.00203701,0.00161003
2006-03-23,0.00265325,0.00340349,0.00118276
2006-03-24,0.00688277,0.00605340,0.00177022
2006-03-27,0.00389059,0.00237658,0.00085433
2006-03-28,-0.00032852,0.00072735,-0.00059071
2006-03-29,0.00974949,0.00789533,0.00244199
2006-03-30,0.00137353,0.00097254,-0.00050394
2006-03-31,-0.00179000,-0.00139727,-0.00316038
2006-04-03,0.00137039,0.00052975,0.00344328
2006-04-04,0.00427004,0.00397026,0.00407834
2006-04-05,0.00746776,0.00509129,0.00306717
2006-04-06,0.00340070,0.00172621,0.00045266
2006-04-07,-0.00633376,-0.00548130,-0.00428649
2006-04-10,-0.00331519,-0.00084298,0.00169831
2006-04-11,-0.00743329,-0.00561475,-0.00159736
2006-04-12,0.00534801,0.00483802,0.00096038
2006-04-13,0.00377613,0.00283183,-0.00028004
2006-04-17,0.00420532,0.00418241,0.00339597
2006-04-18,0.01324641,0.01076217,0.00679051
2006-04-19,0.00805546,0.00681221,0.00180944
2006-04-20,-0.00590538,-0.00761481,-0.00353400
2006-04-21,-0.00192059,-0.00080013,-0.00172398
2006-04-24,0.00110187,-0.00063472,-0.00020758
2006-04-25,-0.00299177,-0.00317722,-0.00154747
2006-04-26,-0.00235959,-0.00318767,-0.00150681
2006-04-27,-0.01202827,-0.00960515,-0.00341407
2006-04-28,-0.00249132,0.00052528,0.00108423
2006-05-01,0.00669482,0.00361437,0.00010616
2006-05-02,0.00436636,0.00345199,0.00106104
2006-05-03,0.00096085,0.00001132,0.00067232
2006-05-04,0.00770833,0.00468650,0.00117971
2006-05-05,0.00032420,0.00207193,0.00155317
2006-05-08,-0.00470255,-0.00309403,-0.00161880
2006-05-09,0.00155133,0.00216011,0.00077576
2006-05-10,-0.00144570,-0.00015590,-0.00145834
2006-05-11,-0.01389489,-0.00910411,-0.00530648
2006-05-12,-0.01660919,-0.01378298,-0.00688894
2006-05-15,-0.01806672,-0.01290910,-0.00414924
2006-05-16,-0.00019957,-0.00108401,-0.00045721
2006-05-17,-0.01515349,-0.01203209,-0.00704636
2006-05-18,-0.00990239,-0.00893344,-0.00478270
2006-05-19,-0.00062817,-0.00021739,0.00147194
2006-05-22,-0.02191158,-0.00704665,-0.00772822
2006-05-23,0.01432718,0.00696049,0.00352332
2006-05-24,-0.01100950,-0.00449109,-0.00327926
2006-05-25,0.01597913,0.00316528,0.00289803
2006-05-26,0.00626786,0.00098145,0.00153177
2006-05-30,-0.01160085,0.00005562,-0.00248402
2006-05-31,0.00933298,0.00165977,0.00073553
2006-06-01,0.00848569,0.00011791,0.00343627
2006-06-02,0.00544503,0.00272624,0.00165755
2006-06-05,-0.01518132,-0.00107140,-0.00130240
2006-06-06,-0.00785027,-0.00180826,-0.00051162
2006-06-07,-0.01553347,-0.00440139,-0.00245333
2006-06-08,-0.01068418,-0.00491225,-0.00524673
2006-06-09,-0.00362706,-0.00047533,-0.00055777
2006-06-12,-0.02352666,-0.00625096,-0.00764003
2006-06-13,-0.01963024,-0.00535298,-0.00554496
2006-06-14,0.01764655,0.00287921,0.00383854
2006-06-15,0.03305651,0.00748228,0.00683632
2006-06-16,-0.00156206,0.00036333,0.00081126
2006-06-19,-0.01085092,-0.00236106,-0.00059383
2006-06-20,0.00571903,0.00247865,0.00342820
2006-06-21,0.01004768,-0.00546159,-0.00499555
2006-06-22,0.00800972,0.00095573,0.00186961
2006-06-23,0.01351998,-0.00243300,-0.00016128
2006-06-26,0.00244069,0.00165086,0.00042830
2006-06-27,-0.00165420,0.00505540,0.00417817
2006-06-28,0.00354014,-0.00025851,-0.00106846
2006-06-29,0.01153209,-0.00712938,-0.00841637
2006-06-30,0.00702322,0.00029306,-0.00316942
2006-07-03,0.00779637,-0.00297739,0.00008286
2006-07-05,-0.00154097,0.00347535,0.00196640
2006-07-06,-0.00156456,-0.00123834,-0.00118130
2006-07-07,-0.00678789,0.00380245,0.00247255
2006-07-10,0.00034281,0.00134807,0.00075113
2006-07-11,0.00439220,0.00030869,0.00087597
2006-07-12,-0.00096339,0.00535563,0.00434241
2006-07-13,-0.01232648,0.00479204,0.00223242
2006-07-14,-0.00198104,0.00283177,0.00261791
2006-07-17,-0.01018671,0.00233547,0.00214666
2006-07-18,0.00103936,0.00176861,0.00255514
2006-07-19,0.00831927,-0.00998699,-0.00574003
2006-07-20,-0.01184250,0.00376895,-0.00046497
2006-07-21,-0.01328395,-0.00281089,-0.00196540
2006-07-24,0.01215644,-0.00194186,0.00127567
2006-07-25,0.00609904,-0.00081609,0.00079660
2006-07-26,-0.00111826,-0.00148043,-0.00034063
2006-07-27,-0.00426817,0.00386278,0.00143855
2006-07-28,0.00314088,-0.00298929,0.00110846
2006-07-31,0.01191967,0.00297640,0.00034031
2006-08-01,-0.00448040,0.00160679,-0.00021941
2006-08-02,0.00398967,-0.00379160,-0.00131973
2006-08-03,0.00133243,-0.00265604,-0.00196692
2006-08-04,-0.00797895,-0.00270912,-0.00014149
2006-08-07,0.00298521,0.00305662,0.00046629
2006-08-08,0.00085397,0.00400086,-0.00004426
2006-08-09,-0.00633375,0.00061023,-0.00060310
2006-08-10,-0.00267614,-0.00557772,-0.00124798
2006-08-11,-0.00359085,0.00127421,-0.00039536
2006-08-14,-0.00848825,-0.00388245,-0.00086644
2006-08-15,0.00569477,-0.00381071,0.00077233
2006-08-16,0.00920088,-0.00497464,-0.00045091
2006-08-17,-0.00990200,-0.00877493,-0.00190738
2006-08-18,-0.00017318,0.00138554,-0.00023328
2006-08-21,0.00340252,0.00099047,0.00186535
2006-08-22,-0.00036640,-0.00026988,-0.00169786
2006-08-23,0.00030010,-0.00108760,0.00327512
2006-08-24,-0.00000476,0.00014570,0.00221321
2006-08-25,-0.00198462,-0.00175660,0.00005884
2006-08-28,-0.00293613,-0.00201108,-0.00112466
2006-08-29,-0.00212661,-0.00472641,-0.00081394
2006-08-30,-0.00469743,-0.00435018,-0.00207955
2006-08-31,0.00095208,0.00086259,-0.00036463
2006-09-01,0.00214969,0.00291374,-0.00205867
2006-09-05,-0.00165817,0.00088290,-0.00213240
2006-09-06,0.00400717,0.00003081,0.00764321
2006-09-07,0.00354980,0.00075660,0.00160706
2006-09-08,-0.00357524,-0.00331438,0.00079809
2006-09-11,-0.00310976,-0.00594126,0.00385116
2006-09-12,-0.00774902,-0.00597207,-0.00316172
2006-09-13,0.00050997,0.00236640,-0.00374492
2006-09-14,0.00060126,-0.00106294,0.00201405
2006-09-15,-0.00189328,-0.00167697,-0.00041002
2006-09-18,0.00019060,0.00248879,-0.00164159
2006-09-19,0.00290796,0.00215566,0.00406142
2006-09-20,-0.00705295,-0.00389747,-0.00061968
2006-09-21,0.00350634,0.00169648,0.00048883
2006-09-22,0.00018432,0.00365023,0.00516190
2006-09-25,-0.00785226,-0.00135381,-0.00100855
2006-09-26,0.00216673,0.00078268,-0.00289346
2006-09-27,0.00072828,-0.00068340,-0.00212057
2006-09-28,-0.00263023,-0.00080867,0.00056518
2006-09-29,0.00413886,0.00203933,0.00053568
2006-10-02,-0.00019193,0.00039742,0.00252108
2006-10-03,-0.00367444,0.00168842,0.00512274
2006-10-04,-0.00581752,-0.00519597,-0.00686260
2006-10-05,-0.00096179,-0.00422701,-0.00544639
2006-10-06,-0.00050132,0.00089999,0.00036392
2006-10-09,-0.00274392,-0.00277542,-0.00206652
2006-10-10,-0.00013537,-0.00187734,-0.00262276
2006-10-11,-0.00111871,0.00058293,0.00182296
2006-10-12,-0.00084450,-0.00107791,-0.00564656
2006-10-13,-0.00096566,-0.00311759,-0.00298680
2006-10-16,-0.00176167,-0.00262471,-0.00460100
2006-10-17,0.00339597,0.00267944,0.00431266
2006-10-18,0.00762225,0.00404375,0.00200924
2006-10-19,-0.00298027,0.00016086,-0.00033498
2006-10-20,0.00692042,0.00187873,0.00033915
2006-10-23,-0.00367741,-0.00336847,-0.00163430
2006-10-24,-0.00051618,-0.00050944,0.00003423
2006-10-25,0.00003684,0.00230682,0.00037213
2006-10-26,-0.00410480,-0.00019370,-0.00111751
2006-10-27,0.00825870,0.00416419,0.00296881
2006-10-30,-0.00193440,-0.00156349,-0.00141837
2006-10-31,-0.00051191,-0.00126333,0.00010740
2006-11-01,0.01257025,0.00648849,0.00540093
2006-11-02,0.00282184,0.00268542,0.00147826
2006-11-03,-0.00078706,0.00008726,-0.00111320
2006-11-06,-0.00819418,-0.00496168,-0.00399728
2006-11-07,-0.00283634,-0.00234881,-0.00194495
2006-11-08,0.00037117,0.00215224,0.00053485
2006-11-09,0.00207032,-0.00027366,0.00184579
2006-11-10,-0.00235807,-0.00044169,-0.00165634
2006-11-13,-0.00434880,-0.00220869,-0.00129968
2006-11-14,-0.00361124,0.00026160,-0.00210532
2006-11-15,-0.00247770,0.00066255,-0.00067580
2006-11-16,0.00889844,0.00588806,0.00009950
2006-11-17,0.00031125,-0.00091841,0.00060845
2006-11-20,-0.00187422,-0.00054333,0.00032352
2006-11-21,-0.00698855,-0.00387102,0.00070725
2006-11-22,-0.00007890,0.00183363,-0.00146554
2006-11-24,0.00176584,0.00181532,0.00027261
2006-11-27,0.01038766,0.00232996,0.00164401
2006-11-28,0.00020819,-0.00044394,0.00020503
2006-11-29,-0.00818172,-0.00303506,0.00102496
2006-11-30,0.00009254,0.00180377,0.00048335
2006-12-01,0.00239623,0.00058318,0.00157735
2006-12-04,-0.00793427,-0.00357257,-0.00260809
2006-12-05,-0.00197035,-0.00169255,-0.00047609
2006-12-06,-0.00024264,0.00077708,0.00065757
2006-12-07,0.00206326,0.00088609,0.00057661
2006-12-08,-0.00125329,-0.00101064,-0.00013749
2006-12-11,0.00070396,-0.00111834,0.00031073
2006-12-12,0.00838716,0.00247427,-0.00032067
2006-12-13,0.00065666,-0.00103951,0.00101579
2006-12-14,-0.00104066,0.00022343,-0.00054605
2006-12-15,0.00251281,0.00183166,-0.00088373
2006-12-18,0.00471099,0.00323498,-0.00145622
2006-12-19,-0.00213208,-0.00122764,0.00218772
2006-12-20,0.00145046,0.00102419,-0.00157028
2006-12-21,0.00521362,0.00384465,-0.00032815
2006-12-22,0.00238869,0.00109752,0.00042166
2006-12-26,0.00316587,0.00296643,-0.00082795
2006-12-27,-0.00636676,-0.00320630,0.00154146
2006-12-28,-0.00021630,-0.00042465,0.00158128
2006-12-29,0.00334445,0.00160064,0.00015630
2007-01-03,0.00447451,0.00237862,-0.00413722
2007-01-04,-0.00134934,0.00086668,-0.00285970
2007-01-05,-0.00003916,-0.00155556,0.00114524
2007-01-08,-0.00503863,-0.00453184,0.00033542
2007-01-09,-0.00090941,0.00015209,-0.00097008
2007-01-10,-0.00211045,-0.00190959,-0.00115141
2007-01-11,-0.00541551,-0.00290063,-0.00075768
2007-01-12,-0.00221711,-0.00096763,0.00075487
2007-01-16,-0.00073426,-0.00281343,0.00042734
2007-01-17,0.00191584,0.00103353,-0.00047975
2007-01-18,0.01070049,0.00566049,-0.00005016
2007-01-19,-0.00243394,-0.00131819,0.00090128
2007-01-22,0.00124116,0.00298776,0.00087871
2007-01-23,-0.00343368,-0.00655129,-0.00056039
2007-01-24,-0.00129856,-0.00196158,-0.00217599
2007-01-25,0.00197318,0.00259567,0.00092233
2007-01-26,0.00064066,-0.00064786,-0.00018418
2007-01-29,-0.00226984,-0.00116660,0.00060102
2007-01-30,0.00312744,0.00048013,-0.00044331
2007-01-31,-0.00137797,0.00036507,-0.00025755
2007-02-01,-0.00485671,-0.00439718,-0.00144595
2007-02-02,0.00540080,0.00367939,-0.00088475
2007-02-05,-0.00465005,-0.00302807,0.00139696
2007-02-06,-0.00314007,-0.00293756,0.00029465
2007-02-07,0.00095800,-0.00004518,-0.00072094
2007-02-08,-0.00019916,-0.00115589,-0.00093380
2007-02-09,0.00232299,0.00295769,0.00285038
2007-02-12,0.00490478,0.00376118,-0.00011725
2007-02-13,-0.00196636,-0.00207556,-0.00202465
2007-02-14,-0.00323810,-0.00120330,-0.00216783
2007-02-15,-0.00192996,-0.00094678,-0.00219916
2007-02-16,0.00101405,-0.00002299,-0.00004234
2007-02-20,-0.00410148,-0.00410999,-0.00106474
2007-02-21,0.00041083,0.00030836,-0.00290509
2007-02-22,0.00410774,0.00199020,-0.00123959
2007-02-23,0.00096602,0.00051139,-0.00004919
2007-02-26,0.00107992,0.00152181,0.00097485
2007-02-27,0.01675616,0.00915847,0.00329554
2007-02-28,-0.00506122,-0.00426167,0.00068171
2007-03-01,0.00210884,0.00221428,-0.00061194
2007-03-02,0.00430942,0.00386416,0.00422659
2007-03-05,0.00062605,0.00170633,0.00128931
2007-03-06,-0.00847314,-0.00638921,-0.00253610
2007-03-07,-0.00206611,-0.00161363,0.00018840
2007-03-08,-0.01012859,-0.00608693,0.00016406
2007-03-09,-0.00191502,-0.00157975,0.00018666
2007-03-12,-0.00753334,-0.00462418,0.00068605
2007-03-13,0.00529185,0.00293685,0.00389398
2007-03-14,0.00330107,0.00185600,-0.00446660
2007-03-15,-0.00022452,-0.00182532,-0.00158315
2007-03-16,-0.00049781,-0.00113430,0.00127137
2007-03-19,-0.00791371,-0.00540240,-0.00069426
2007-03-20,-0.00204424,-0.00056270,-0.00189200
2007-03-21,-0.00139382,-0.00084821,-0.00317500
2007-03-22,-0.00284410,-0.00041214,-0.00269714
2007-03-23,0.00279319,0.00107854,0.00049920
2007-03-26,-0.00453409,-0.00297598,-0.00081557
2007-03-27,-0.00115006,-0.00016000,-0.00082891
2007-03-28,-0.00054694,-0.00016619,-0.00057150
2007-03-29,-0.00041907,0.00163494,-0.00087215
2007-03-30,-0.00059725,-0.00128595,0.00078346
2007-04-02,-0.00427159,-0.00284286,-0.00195707
2007-04-03,0.00015036,-0.00088940,0.00118362
2007-04-04,-0.00735405,-0.00437802,0.00042578
2007-04-05,0.00082276,-0.00082754,0.00051758
2007-04-09,-0.00227569,-0.00065443,0.00140019
2007-04-10,0.00260648,0.00170522,-0.00061953
2007-04-11,0.00000805,0.00054205,0.00080298
2007-04-12,0.00158427,-0.00044773,-0.00048305
2007-04-13,0.00184103,0.00025018,-0.00001321
2007-04-16,0.00353152,0.00220899,-0.00011683
2007-04-17,0.00006755,0.00081625,0.00123107
2007-04-18,0.00146655,0.00104465,0.00141951
2007-04-19,0.00335980,0.00357143,0.00203853
2007-04-20,0.00177358,0.00077234,0.00017057
2007-04-23,-0.00978205,-0.00459353,-0.00153506
2007-04-24,0.00155846,0.00163077,-0.00060970
2007-04-25,-0.00126686,0.00009443,0.00119771
2007-04-26,-0.00002833,0.00060724,0.00080021
2007-04-27,-0.00334722,-0.00111426,-0.00093335
2007-04-30,-0.00068198,0.00201548,-0.00032490
2007-05-01,0.00696573,0.00574975,-0.00154555
2007-05-02,-0.00233810,-0.00429314,0.00069668
2007-05-03,-0.00133973,0.00056851,0.00301850
2007-05-04,-0.00123038,-0.00183604,0.00041789
2007-05-07,-0.00090928,0.00076471,0.00058462
2007-05-08,-0.00360867,-0.00168166,-0.00018578
2007-05-09,-0.00484220,-0.00323215,-0.00075977
2007-05-10,-0.00293247,-0.00010798,-0.00041777
2007-05-11,-0.00222497,-0.00211733,0.00156735
2007-05-14,-0.00200170,0.00028300,0.00084096
2007-05-15,-0.00366033,-0.00032017,0.00024976
2007-05-16,0.00240968,0.00190355,0.00003358
2007-05-17,0.00005598,0.00173050,0.00076377
2007-05-18,-0.00193231,-0.00243998,0.00018179
2007-05-21,-0.00103971,-0.00235647,0.00039913
2007-05-22,0.00385226,0.00016333,0.00290210
2007-05-23,0.00096505,0.00064938,-0.00050896
2007-05-24,0.00412520,-0.00016851,-0.00006835
2007-05-25,-0.00329992,0.00004830,-0.00040700
2007-05-29,0.00091702,-0.00126626,-0.00012328
2007-05-30,-0.00242646,0.00145732,-0.00049351
2007-05-31,0.00016408,-0.00181582,-0.00124491
2007-06-01,0.00022791,0.00069592,-0.00049255
2007-06-04,-0.00302082,0.00105632,-0.00203153
2007-06-05,-0.00508704,-0.00216987,-0.00128955
2007-06-06,-0.00070037,-0.00329393,-0.00120209
2007-06-07,0.00324134,-0.00074842,-0.00110040
2007-06-08,0.00274373,0.00274334,0.00222929
2007-06-11,-0.00124734,0.00073901,-0.00101953
2007-06-12,-0.00083426,-0.00080811,-0.00170711
2007-06-13,-0.00022088,0.00308893,0.00220079
2007-06-14,-0.00230150,0.00100904,-0.00048662
2007-06-15,-0.00004174,0.00061277,0.00111771
2007-06-18,-0.00273415,-0.00079424,-0.00111156
2007-06-19,-0.00162750,0.00027068,0.00023296
2007-06-20,0.00127559,-0.00192039,-0.00235789
2007-06-21,0.00100856,0.00676400,0.00240475
2007-06-22,0.00276444,-0.00316021,-0.00028281
2007-06-25,-0.00022063,-0.00274922,-0.00129022
2007-06-26,-0.00058189,-0.00343598,0.00034617
2007-06-27,0.00180193,0.00310216,0.00158088
2007-06-28,-0.00197053,0.00004255,-0.00016245
2007-06-29,-0.00664000,0.00331460,-0.00200635
2007-07-02,-0.00264534,0.00851306,0.00034886
2007-07-03,-0.00143823,0.00306222,-0.00003658
2007-07-05,-0.00331031,0.00333380,0.00028484
2007-07-06,-0.00040712,0.00345082,-0.00032152
2007-07-09,-0.00235094,0.00280559,0.00042451
2007-07-10,-0.00475841,-0.00110599,-0.00197073
2007-07-11,-0.00252645,0.00569531,-0.00079110
2007-07-12,-0.00131484,0.00697266,0.00308481
2007-07-13,-0.00067252,0.00244452,-0.00086608
2007-07-16,-0.00130833,0.00148276,0.00068493
2007-07-17,-0.00344095,0.00089731,-0.00036575
2007-07-18,-0.00103796,0.00410782,-0.00176209
2007-07-19,-0.00034396,0.00163724,0.00189827
2007-07-20,-0.00336795,-0.00215101,-0.00213041
2007-07-23,0.00465594,0.00669581,0.00717459
2007-07-24,-0.00936619,-0.00227133,-0.00080385
2007-07-25,-0.00498126,-0.00180872,-0.00157338
2007-07-26,-0.01198324,-0.00758924,-0.00605108
2007-07-27,-0.00825960,-0.00568159,-0.00606442
2007-07-30,0.02101476,0.01202893,0.00993864
2007-07-31,-0.00522295,-0.00265029,-0.00135307
2007-08-01,0.00032940,0.00402876,0.00406961
2007-08-02,0.00868317,0.00404249,0.00491338
2007-08-03,-0.00963060,-0.00222528,-0.00133131
2007-08-06,-0.00201579,0.00275611,0.00171469
2007-08-07,0.00499891,0.00131056,0.00089767
2007-08-08,-0.00436892,-0.01305457,-0.01395952
2007-08-09,-0.01248532,-0.01604083,-0.01523422
2007-08-10,0.00522991,0.00027671,0.00208254
2007-08-13,0.01855298,0.01449873,0.01549468
2007-08-14,-0.01583838,-0.00714209,-0.00601184
2007-08-15,-0.02185725,-0.01053571,-0.00909550
2007-08-16,-0.02552672,-0.02247337,-0.01850703
2007-08-17,0.01220057,0.00438916,0.00252471
2007-08-20,0.00824530,0.00621352,0.00622258
2007-08-21,-0.00200939,0.00203078,0.00137806
2007-08-22,0.00217846,0.00107642,0.00449937
2007-08-23,-0.00011945,0.00058234,0.00259728
2007-08-24,0.01044466,0.00532306,0.00358149
2007-08-27,-0.00190732,-0.00247588,-0.00101913
2007-08-28,-0.00656910,-0.00352665,-0.00420620
2007-08-29,0.01368171,0.00674467,0.00496021
2007-08-30,0.00145291,0.00091708,0.00161519
2007-08-31,-0.00092403,0.00048979,0.00341710
2007-09-04,0.01109453,0.00470714,0.00397154
2007-09-05,0.00384715,0.00080244,0.00143839
2007-09-06,0.00717003,0.00263803,0.00187288
2007-09-07,-0.00655944,-0.00357264,-0.00230331
2007-09-10,0.00708988,0.00395428,0.00191887
2007-09-11,0.01122755,0.00372979,0.00261167
2007-09-12,0.00172643,0.00215472,0.00154507
2007-09-13,-0.00007318,0.00152944,0.00070169
2007-09-14,-0.00514910,-0.00101650,-0.00125764
2007-09-17,-0.00012593,0.00025117,-0.00048290
2007-09-18,0.00645945,0.00350940,-0.00001239
2007-09-19,-0.00273434,-0.00186750,-0.00213287
2007-09-20,0.01594290,0.00821855,0.00598565
2007-09-21,0.00798433,0.00568211,0.00218500
2007-09-24,0.01383895,0.00834394,0.00590421
2007-09-25,0.01708670,0.01101157,0.00639951
2007-09-26,0.00016395,0.00033405,-0.00060509
2007-09-27,0.00272875,0.00204482,0.00018656
2007-09-28,-0.00236499,-0.00160801,0.00057200
2007-10-01,0.00470590,0.00447683,-0.00033906
2007-10-02,-0.00774612,-0.00570933,-0.00438869
2007-10-03,-0.01052277,-0.00640398,-0.00182430
2007-10-04,0.00555516,0.00413801,0.00143170
2007-10-05,0.00493858,0.00294518,-0.00096615
2007-10-08,0.01031949,0.00570796,0.00328331
2007-10-09,0.01487644,0.00849793,0.00218175
2007-10-10,0.01010469,0.00593298,0.00300881
2007-10-11,-0.00872961,-0.00520462,-0.00220462
2007-10-12,0.01629181,0.01099070,0.00534014
2007-10-15,0.01061715,0.00493268,0.00464963
2007-10-16,0.00469488,0.00273446,0.00464943
2007-10-17,0.01130236,0.00934534,0.00521311
2007-10-18,0.01760333,0.01075949,0.00579438
2007-10-19,-0.00990543,-0.00265852,0.00113747
2007-10-22,-0.01872233,-0.01231632,-0.00592213
2007-10-23,0.03070817,0.01978908,0.00927076
2007-10-24,0.00754941,0.00550282,0.00265854
2007-10-25,0.00480702,0.00336220,0.00119044
2007-10-26,0.00027288,0.00003902,0.00100796
2007-10-29,0.01619697,0.00960238,0.00416616
2007-10-30,-0.01437056,-0.00741693,-0.00212170
2007-10-31,0.01687671,0.00838718,0.00211796
2007-11-01,0.01428662,0.01241933,0.00733798
2007-11-02,0.02001445,0.01356553,0.00585413
2007-11-05,-0.00010033,0.00325639,0.00342551
2007-11-06,0.01147275,0.00758227,0.00355811
2007-11-07,0.00490200,0.00596872,0.00376449
2007-11-08,-0.03063337,-0.01852363,-0.00762337
2007-11-09,-0.03586519,-0.02127121,-0.00842399
2007-11-12,-0.05618761,-0.03427950,-0.01490782
2007-11-13,0.00628647,-0.00069932,-0.00062411
2007-11-14,0.01672562,0.01030292,0.00379628
2007-11-15,-0.00433349,-0.00063714,-0.00084935
2007-11-16,0.01542827,0.01193681,0.00574033
2007-11-19,0.01441222,0.01212264,0.00387416
2007-11-20,0.01435909,0.01283268,0.00168336
2007-11-21,-0.00868860,-0.00475440,-0.00067231
2007-11-23,-0.00612498,-0.00768162,-0.00305500
2007-11-26,0.01782075,0.01706435,0.00651363
2007-11-27,0.00503846,0.00440736,0.00180669
2007-11-28,-0.00192521,-0.00494969,-0.00267509
2007-11-29,0.01074917,0.00988907,0.00312171
2007-11-30,-0.01898083,-0.01487250,-0.00193328
2007-12-03,0.01409943,0.01217000,0.00323590
2007-12-04,0.00927275,0.00956802,0.00326143
2007-12-05,0.00411215,0.00269583,-0.00061981
2007-12-06,-0.01753031,-0.01570996,-0.00557259
2007-12-07,-0.00568399,-0.00557604,-0.00298518
2007-12-10,-0.01585445,-0.01341785,-0.00358010
2007-12-11,0.00595458,0.01053233,0.00363145
2007-12-12,0.01746749,0.01261354,0.00121542
2007-12-13,0.00151268,0.00188081,-0.00000862
2007-12-14,0.00854890,0.00822909,0.00227446
2007-12-17,-0.01342034,-0.01024350,-0.00153234
2007-12-18,-0.00147182,-0.00412128,-0.00343319
2007-12-19,0.01231854,0.01081557,-0.00372222
2007-12-20,0.01020859,0.00819053,-0.00383908
2007-12-21,-0.00391988,-0.00607337,-0.00334596
2007-12-24,-0.00209054,-0.00377427,-0.00296664
2007-12-26,0.00737541,0.00819294,-0.00309536
2007-12-27,0.00032594,0.00608192,0.00108299
2007-12-28,0.00951276,0.00854395,-0.00306230
2007-12-31,-0.01198775,-0.00840821,0.00462085
2008-01-02,0.00709500,0.00946348,-0.00160746
2008-01-03,0.02450791,0.02378126,-0.00248280
2008-01-04,-0.00091990,0.00456784,0.00680843
2008-01-07,-0.01345484,-0.01337726,0.00598337
2008-01-08,0.01078919,0.01361519,0.00042711
2008-01-09,0.01088680,0.00418895,0.00024757
2008-01-10,-0.01119495,-0.01070927,0.00211575
2008-01-11,-0.01077145,-0.00582390,0.00473841
2008-01-14,0.00768345,0.00464573,-0.00537854
2008-01-15,-0.01238548,-0.00584550,0.00587560
2008-01-16,-0.03647110,-0.03112372,0.01179268
2008-01-17,-0.01525069,-0.00616122,0.00815857
2008-01-18,0.01048418,0.00906126,-0.00437744
2008-01-22,-0.02385887,-0.02639242,0.00359034
2008-01-23,-0.05429470,-0.05684230,-0.00953646
2008-01-24,0.00051416,-0.00142228,-0.01061720
2008-01-25,-0.00049854,0.00368306,-0.00180239
2008-01-28,-0.01883826,-0.01890862,-0.00382013
2008-01-29,-0.01828480,-0.01657338,-0.00364292
2008-01-30,-0.00763321,-0.00403745,-0.00163786
2008-01-31,-0.02424556,-0.02770278,-0.00920090
2008-02-01,-0.00584632,-0.01018127,-0.01157090
2008-02-04,0.01503190,0.01886179,0.00403418
2008-02-05,-0.00369056,0.00360575,0.01028137
2008-02-06,-0.00245268,0.00114986,0.00567708
2008-02-07,-0.00348832,-0.00826372,-0.00481002
2008-02-08,0.02037011,0.01983852,0.00025009
2008-02-11,0.01678000,0.01207254,-0.00523603
2008-02-12,-0.00312493,-0.00331063,0.00043360
2008-02-13,0.00537921,0.00123659,-0.01013647
2008-02-14,0.00348067,0.00816138,0.00485311
2008-02-15,-0.00053057,0.00073387,0.00350582
2008-02-19,0.00718174,0.00675828,-0.00618672
2008-02-20,-0.00274542,-0.00697509,-0.00541982
2008-02-21,0.01319772,0.00775438,0.00227170
2008-02-22,-0.00229428,-0.00088624,-0.00237264
2008-02-25,-0.00250444,-0.00067544,-0.00419270
2008-02-26,-0.00823085,-0.00570497,-0.00212556
2008-02-27,0.00178895,-0.00089139,0.00063090
2008-02-28,0.02720371,0.01919562,-0.00375306
2008-02-29,0.00702870,0.00541732,0.00722126
2008-03-03,0.01433389,0.01086294,-0.00333495
2008-03-04,-0.00037553,-0.00117847,0.00346162
2008-03-05,0.01168843,0.00924162,-0.00539577
2008-03-06,0.01588853,0.01021753,0.00379761
2008-03-07,-0.01017030,-0.00659846,0.00734097
2008-03-10,-0.00632541,-0.00402774,0.00966494
2008-03-11,-0.00663885,-0.00349810,-0.00522278
2008-03-12,0.00858294,0.00390812,0.00215804
2008-03-13,-0.00000022,0.00179347,-0.00017814
2008-03-14,0.00741001,0.00489534,0.00534145
2008-03-17,-0.00259323,-0.00361085,0.01120157
2008-03-18,-0.00843411,-0.00554603,-0.01198648
2008-03-19,-0.01605495,-0.01286282,0.01491288
2008-03-20,-0.02741136,-0.01924780,0.00018785
2008-03-24,-0.01803200,-0.01991571,-0.00912325
2008-03-25,0.00824001,0.00360351,-0.00381438
2008-03-26,0.01507118,0.00665466,-0.00075345
2008-03-27,0.00462267,0.00062510,0.00266198
2008-03-28,0.01435106,0.00801570,0.00393424
2008-03-31,-0.00522500,-0.00353815,-0.00162098
2008-04-01,-0.01540734,-0.01061782,-0.01095290
2008-04-02,0.00243361,0.00121634,0.00072665
2008-04-03,0.00152147,-0.00153259,-0.00253811
2008-04-04,0.01247906,0.00581383,-0.00513381
2008-04-07,-0.00432265,-0.00511594,-0.00059057
2008-04-08,0.01032721,0.00591127,-0.00194520
2008-04-09,0.01729126,0.01014773,0.00078134
2008-04-10,0.00213649,0.00133736,-0.00317587
2008-04-11,0.00128944,0.00296067,0.00690944
2008-04-14,0.01187096,0.00812275,-0.00195041
2008-04-15,0.00351444,0.00663216,0.00043483
2008-04-16,0.00668500,0.00352223,-0.00939786
2008-04-17,-0.00736952,-0.00527120,0.00046582
2008-04-18,-0.00525457,-0.00454448,-0.00787320
2008-04-21,0.01554697,0.00812017,-0.00472372
2008-04-22,0.01003109,0.00993112,-0.00164239
2008-04-23,0.00075405,-0.00119095,-0.00200411
2008-04-24,-0.03185772,-0.02320947,0.00420407
2008-04-25,-0.00286052,-0.00047773,-0.00380631
2008-04-28,-0.00825526,-0.00551793,0.00110897
2008-04-29,-0.01806346,-0.01529806,0.00384637
2008-04-30,0.00488455,0.00393688,0.00024454
2008-05-01,-0.01685925,-0.01725020,-0.00149536
2008-05-02,0.00991713,0.00849628,-0.00316528
2008-05-05,0.00966462,0.01066084,-0.00142579
2008-05-06,0.00013182,0.00240027,-0.00280914
2008-05-07,0.00730345,0.00675002,0.00312435
2008-05-08,0.01461644,0.01253635,-0.00200532
2008-05-09,0.00273854,0.00179006,0.00159820
2008-05-12,-0.00337971,-0.00545323,-0.00024118
2008-05-13,0.00784644,0.00635001,0.00072813
2008-05-14,-0.00670187,-0.00587431,-0.00041597
2008-05-15,-0.00097591,0.00030688,-0.00448888
2008-05-16,0.01217527,0.01085914,-0.00424555
2008-05-19,-0.00103814,0.00122227,-0.00139568
2008-05-20,0.01006274,0.01131385,-0.00179619
2008-05-21,0.00648385,0.00571959,-0.00175856
2008-05-22,-0.00924425,-0.00538350,0.00125883
2008-05-23,0.00682240,0.00459395,-0.00000502
2008-05-27,-0.00719721,-0.00466547,0.00222837
2008-05-28,0.01136049,0.00790647,0.00158432
2008-05-29,-0.01701939,-0.01052448,0.00028145
2008-05-30,0.00911147,0.00634176,0.00004563
2008-06-02,0.01118144,0.00738579,-0.00323642
2008-06-03,-0.00151530,-0.00279422,0.00083825
2008-06-04,-0.00673133,-0.00391318,0.00182714
2008-06-05,0.00264131,0.00383313,0.00091074
2008-06-06,0.01957077,0.01245224,-0.00286378
2008-06-09,0.01803549,0.01128602,0.00077133
2008-06-10,-0.00728170,-0.00703348,0.00305351
2008-06-11,0.01887756,0.01155559,-0.00150607
2008-06-12,-0.01004526,-0.00763537,0.00181862
2008-06-13,-0.00435141,-0.00340168,0.00248693
2008-06-16,0.00293195,0.00171311,0.00116054
2008-06-17,0.01799686,0.01248697,0.00002103
2008-06-18,0.01264338,0.00794944,0.00047851
2008-06-19,-0.00712298,-0.00329299,0.00260218
2008-06-20,0.00165188,0.00817278,0.00159381
2008-06-23,0.02244204,0.02729351,-0.00560742
2008-06-24,-0.00324719,-0.00871556,-0.00011514
2008-06-25,-0.00947512,-0.01052883,0.00025163
2008-06-26,0.00351921,0.01059455,0.00371860
2008-06-27,0.00898582,0.01552566,-0.00081014
2008-06-30,0.01658414,0.01758517,-0.00359778
2008-07-01,0.00712362,0.00449988,-0.00212075
2008-07-02,-0.00942855,-0.00892441,-0.00107789
2008-07-03,-0.00048718,-0.00669161,0.00317048
2008-07-07,0.00381406,0.00660786,0.00171748
2008-07-08,-0.02046118,-0.03112108,0.00157336
2008-07-09,0.00889447,0.01883171,0.00363781
2008-07-10,0.01712715,0.02688678,-0.00466839
2008-07-11,0.00024214,0.01251188,0.00199770
2008-07-14,0.01495849,0.02145810,0.00081143
2008-07-15,-0.00866248,-0.00506952,0.00246741
2008-07-16,-0.02521752,-0.04477747,-0.00189577
2008-07-17,-0.03335425,-0.05774857,0.00464796
2008-07-18,0.00239156,-0.00261425,0.00039949
2008-07-21,0.00721252,0.01170451,-0.00120247
2008-07-22,-0.04898104,-0.04540842,-0.02298803
2008-07-23,-0.04231971,-0.04326283,-0.01141520
2008-07-24,0.03040017,0.02810754,0.00965788
2008-07-25,0.00883982,0.00737848,0.00492542
2008-07-28,0.02281956,0.01979211,0.00630960
2008-07-29,-0.03540002,-0.03226735,-0.01324222
2008-07-30,0.01799629,0.01936182,0.01124835
2008-07-31,-0.01257307,-0.01170291,-0.00838951
2008-08-01,-0.00837143,-0.01286593,-0.00595303
2008-08-04,-0.02087992,-0.02132466,-0.01123366
2008-08-05,-0.03535080,-0.03045934,-0.01062036
2008-08-06,0.01043555,0.00955508,0.00559023
2008-08-07,0.01251892,0.00651157,0.00684594
2008-08-08,-0.03320252,-0.02980116,-0.01148935
2008-08-11,-0.02625003,-0.02717670,-0.00936775
2008-08-12,0.01441093,0.01170364,0.00681039
2008-08-13,0.02965708,0.02769004,0.01337520
2008-08-14,-0.01454403,-0.01464062,-0.00568854
2008-08-15,-0.01993517,-0.01837648,-0.00892274
2008-08-18,0.01172342,0.00929725,0.00600959
2008-08-19,0.02969425,0.02649224,0.00993736
2008-08-20,0.01457478,0.01154270,0.00732202
2008-08-21,0.01304315,0.01085384,0.00735766
2008-08-22,-0.02357223,-0.01910719,-0.00607807
2008-08-25,0.01111089,0.00897282,0.00253593
2008-08-26,0.00342045,0.00271816,0.00274094
2008-08-27,0.00040239,-0.00015791,0.00164712
2008-08-28,-0.02203955,-0.01755795,-0.00572300
2008-08-29,-0.00285122,-0.00354283,-0.00189713
2008-09-02,-0.03497294,-0.02745294,-0.01372447
2008-09-03,-0.02609912,-0.02072354,-0.00702532
2008-09-04,0.00513456,0.00399091,-0.00133992
2008-09-05,-0.00412113,-0.00436281,-0.00146624
2008-09-08,-0.03491781,-0.02369650,-0.00851283
2008-09-09,-0.01329735,-0.00909187,-0.01011015
2008-09-10,0.02266976,0.01604740,0.00515778
2008-09-11,0.00251693,0.00245211,0.00188022
2008-09-12,0.01735418,0.01201697,0.00971800
2008-09-15,0.00340417,0.00279767,-0.00699949
2008-09-16,0.00067328,-0.00347474,-0.00436414
2008-09-17,0.01814740,0.01129603,0.00700817
2008-09-18,-0.04624419,-0.03809864,-0.00769856
2008-09-19,0.00621405,0.00191303,-0.00224932
2008-09-22,0.04111591,0.00064433,0.00372088
2008-09-23,-0.00069901,0.00595119,0.00032303
2008-09-24,0.00156212,-0.00195760,-0.00155883
2008-09-25,-0.00373454,-0.00122380,0.00044438
2008-09-26,-0.01140911,0.00731217,0.00273857
2008-09-29,0.02582309,0.02921661,0.01624500
2008-09-30,-0.01648334,-0.01693388,-0.01254549
2008-10-01,-0.01826420,0.00955467,-0.00024566
2008-10-02,-0.00769675,0.02670329,0.01394444
2008-10-03,0.01026328,0.00584913,-0.00071346
2008-10-06,-0.00656153,0.00970405,-0.00419534
2008-10-07,0.02366128,0.01902983,0.01404001
2008-10-08,0.00835049,-0.00674668,0.00109429
2008-10-09,0.03883087,0.01608994,0.01185201
2008-10-10,-0.04350425,0.00676790,-0.00284166
2008-10-13,-0.00189931,-0.05041044,-0.02013457
2008-10-14,-0.01372076,0.01161084,0.00287580
2008-10-15,0.00790756,0.03944044,0.02365348
2008-10-16,-0.01359911,-0.02290781,-0.00906505
2008-10-17,0.01352938,-0.00291789,-0.00044729
2008-10-20,0.00537041,-0.00489884,-0.00676026
2008-10-21,0.00328186,0.00419337,-0.00060969
2008-10-22,-0.00513172,0.00112726,-0.00179589
2008-10-23,-0.00749298,-0.00458602,-0.00472793
2008-10-24,0.00946356,0.00547941,-0.00371907
2008-10-27,0.00720838,0.00959815,0.00243304
2008-10-28,-0.02733732,-0.02605964,-0.00202263
2008-10-29,0.02986631,0.01482516,0.00158111
2008-10-30,0.00304060,-0.00053999,0.00444147
2008-10-31,0.00812142,0.00939661,0.01360112
2008-11-03,-0.00300783,0.00765366,0.00768082
2008-11-04,-0.00000109,-0.00574196,-0.00421864
2008-11-05,0.01500340,0.01283928,0.00050354
2008-11-06,-0.00534710,-0.00048781,-0.00453331
2008-11-07,-0.00675755,-0.00693744,-0.00226093
2008-11-10,-0.00232284,-0.00255468,-0.00580208
2008-11-11,-0.00429437,-0.00365968,-0.00506998
2008-11-12,0.00826681,0.00709813,-0.00324647
2008-11-13,-0.01373875,-0.01859204,-0.00283833
2008-11-14,0.00998094,0.01454637,0.00179599
2008-11-17,0.00059708,0.00156940,-0.00030940
2008-11-18,-0.00293085,0.00390297,0.00228769
2008-11-19,0.00855611,0.01645857,-0.00913005
2008-11-20,0.01121329,0.01957203,-0.00101090
2008-11-21,-0.01174000,-0.01785605,-0.00024475
2008-11-24,-0.00214343,-0.02035828,0.00527452
2008-11-25,0.00620156,-0.00264498,-0.00028315
2008-11-26,0.01556205,-0.00452472,-0.00107894
2008-11-28,-0.00103484,0.00397668,0.00362922
2008-12-01,0.01941377,0.03064111,-0.00617592
2008-12-02,-0.00509263,-0.00927914,0.00821436
2008-12-03,-0.00091027,-0.00399628,0.00732914
2008-12-04,0.00724491,0.01085775,-0.00022367
2008-12-05,-0.01153492,-0.01521812,0.00647031
2008-12-08,0.01064525,-0.01077842,-0.00595861
2008-12-09,0.01011084,0.00852062,-0.00405727
2008-12-10,0.00950500,-0.00270071,-0.00175364
2008-12-11,0.00360600,0.01085180,-0.00392167
2008-12-12,0.00084485,-0.00491759,0.00031802
2008-12-15,0.00128517,0.00548503,-0.00170076
2008-12-16,-0.00601199,-0.01526673,0.00246683
2008-12-17,0.01088437,0.00256907,-0.00021978
2008-12-18,0.01140378,0.00211265,-0.01117780
2008-12-19,0.00087191,0.00493008,0.00368826
2008-12-22,0.01193309,-0.00397079,-0.00800206
2008-12-23,0.00175784,-0.00440833,-0.00187394
2008-12-24,-0.00133145,0.00087643,0.00077672
2008-12-26,-0.00119443,0.00223508,0.00136162
2008-12-29,0.00166141,-0.00420261,-0.00185165
2008-12-30,-0.00767561,0.00267971,0.00566362
2008-12-31,-0.00083463,0.00887660,0.00300062
2009-01-02,-0.00602481,0.01353931,0.00953101
2009-01-05,-0.00053592,0.00688236,0.00242215
2009-01-06,0.00321645,0.02126943,-0.00003451
2009-01-07,0.01377129,0.00240387,-0.00985198
2009-01-08,-0.00575391,0.00135923,0.00207487
2009-01-09,0.00703543,0.00220730,-0.00251633
2009-01-12,0.01675741,-0.00056814,-0.00398569
2009-01-13,-0.00232886,-0.00294477,0.00127393
2009-01-14,0.01554837,0.00098539,-0.00517530
2009-01-15,0.00041944,-0.00113738,0.00684690
2009-01-16,-0.00681896,-0.00225707,0.00593461
2009-01-20,0.02557929,0.00665528,-0.00264410
2009-01-21,-0.01357427,0.00272315,-0.01008851
2009-01-22,0.01149290,-0.00287344,0.00698206
2009-01-23,-0.01131955,-0.00139641,-0.00365897
2009-01-26,0.00342579,0.00214060,0.00404729
2009-01-27,-0.00141922,0.00365706,-0.00307416
2009-01-28,-0.00997694,0.00582081,-0.00812026
2009-01-29,0.00828312,-0.00885163,0.00551434
2009-01-30,0.00957375,-0.00313502,0.00150098
2009-02-02,-0.00375510,-0.00395301,0.00202489
2009-02-03,-0.00479906,-0.00688219,0.00616242
2009-02-04,-0.00025972,0.00161376,-0.00352884
2009-02-05,-0.00388218,0.00144493,-0.00299306
2009-02-06,-0.01116134,0.00560379,-0.00755114
2009-02-09,0.00156746,0.00111835,-0.00216519
2009-02-10,0.02507278,0.00011868,0.00587411
2009-02-11,-0.00620236,0.00138097,-0.00041686
2009-02-12,-0.00417749,-0.00512355,0.00230761
2009-02-13,0.00516510,0.00107170,-0.00008853
2009-02-17,0.01457236,-0.00262073,0.00791440
2009-02-18,0.00445654,0.00029840,0.00415339
2009-02-19,0.01831420,0.00489809,0.00490904
2009-02-20,-0.00147782,-0.00326013,-0.00086737
2009-02-23,0.00392616,-0.00588970,-0.00100458
2009-02-24,0.00084162,0.00112113,0.00232117
2009-02-25,0.00487625,-0.00395447,0.00150686
2009-02-26,0.01415818,0.00861114,-0.00515080
2009-02-27,0.00698115,0.00954282,-0.00227206
2009-03-02,0.00413963,-0.00531374,0.00048957
2009-03-03,-0.00528325,-0.00215247,0.00161369
2009-03-04,-0.00945333,0.00385884,0.00125688
2009-03-05,0.00518652,0.00209349,0.00235727
2009-03-06,-0.00540262,-0.00485977,0.00227554
2009-03-09,0.00771721,0.00039533,-0.00078084
2009-03-10,-0.00335254,0.00004183,0.00149109
2009-03-11,0.01468257,0.00777047,-0.00226671
2009-03-12,-0.00442865,-0.00161152,0.00263931
2009-03-13,-0.00161430,-0.00343605,0.00014735
2009-03-16,0.01529209,0.00758685,-0.00277554
2009-03-17,-0.00783792,-0.00418468,0.00310707
2009-03-18,0.00786205,0.00396201,-0.00066510
2009-03-19,0.00856524,0.01635861,-0.00497784
2009-03-20,0.00486624,-0.00379406,-0.00064868
2009-03-23,0.00707148,0.01712909,-0.00138649
2009-03-24,0.00869206,0.00327092,-0.00123544
2009-03-25,-0.00442868,0.00188962,0.00021158
2009-03-26,0.00079346,0.00814747,-0.00397883
2009-03-27,0.00720619,0.00541126,-0.00621468
2009-03-30,-0.00582558,-0.01455346,0.00248900
2009-03-31,0.00362051,0.00479177,-0.00201825
2009-04-01,0.00638116,0.00816496,-0.00038876
2009-04-02,0.01977126,0.02464747,-0.01025972
2009-04-03,0.01570334,0.01309849,-0.00450056
2009-04-06,0.00239652,0.00206988,-0.00266437
2009-04-07,0.00539480,-0.00045783,-0.00065382
2009-04-08,-0.00050883,0.00086382,0.00239469
2009-04-09,0.02139090,0.02733323,-0.00774039
2009-04-13,0.00714143,0.00697694,0.00041366
2009-04-14,0.00301327,-0.00281241,-0.00026919
2009-04-15,0.00630170,0.01069904,-0.00575284
2009-04-16,0.00588222,0.01142278,-0.00746536
2009-04-17,0.01174905,0.01101186,-0.00298959
2009-04-20,-0.01188238,-0.01757474,0.00145440
2009-04-21,0.01332964,0.01686145,-0.00691743
2009-04-22,0.01318525,0.00999712,-0.00844610
2009-04-23,0.00563727,0.00193506,0.00566887
2009-04-24,0.00433506,0.00455225,0.00119355
2009-04-27,-0.00494788,-0.00364298,-0.00219487
2009-04-28,0.00181458,0.00128228,-0.00396322
2009-04-29,0.00405571,0.00633790,-0.00045036
2009-04-30,0.00887918,0.00412691,0.00342761
2009-05-01,0.01295934,0.01202960,0.00163684
2009-05-04,0.00211724,0.00486486,0.01053374
2009-05-05,0.00417025,0.00252723,0.00002242
2009-05-06,0.00849806,0.00770074,0.00427366
2009-05-07,0.01098941,0.00517284,-0.00878284
2009-05-08,0.01011295,0.01209360,0.00124549
2009-05-11,-0.00295126,-0.00322213,-0.00274292
2009-05-12,-0.00068861,-0.00048706,-0.00047681
2009-05-13,-0.00593523,-0.00568269,-0.00606594
2009-05-14,-0.00074659,0.00056941,0.00348621
2009-05-15,0.00127358,-0.00094178,-0.00092619
2009-05-18,-0.00095910,0.00275906,0.00714176
2009-05-19,0.00394112,0.00271793,0.00327464
2009-05-20,0.00333110,0.00137250,0.00315878
2009-05-21,-0.00591912,-0.01003952,0.00059804
2009-05-22,0.00219090,-0.00153482,-0.00097377
2009-05-26,-0.00921377,0.00662683,-0.00084054
2009-05-27,0.00940485,-0.00094384,0.00073984
2009-05-28,0.00573652,0.00743149,-0.00348868
2009-05-29,-0.00302753,0.00230374,0.00142655
2009-06-01,0.00254964,0.01310310,-0.00172793
2009-06-02,-0.00269795,-0.00105753,-0.00053006
2009-06-03,-0.00396814,-0.00834003,-0.00113333
2009-06-04,0.00522605,0.01612610,-0.00557790
2009-06-05,0.00924982,0.00478075,-0.00169143
2009-06-08,-0.00057088,-0.00160854,-0.00177717
2009-06-09,-0.00101914,0.00275066,-0.00017463
2009-06-10,0.00992869,0.00490921,-0.00010959
2009-06-11,0.00312508,0.00734683,-0.00500407
2009-06-12,-0.00114808,0.00025803,-0.00127580
2009-06-15,-0.00044117,-0.00961068,0.00326557
2009-06-16,0.00037088,-0.00423617,-0.00039876
2009-06-17,-0.00871696,-0.01076877,0.00055265
2009-06-18,-0.00187953,-0.00388926,0.00332799
2009-06-19,-0.00454147,-0.00061737,0.00026858
2009-06-22,-0.00040821,-0.01485848,0.00889562
2009-06-23,-0.00036133,-0.00173262,0.00391214
2009-06-24,-0.00011023,0.00179696,-0.00068153
2009-06-25,-0.00651236,0.00400715,-0.00450398
2009-06-26,0.00836153,-0.00421044,0.00746348
2009-06-29,-0.00065895,0.00284421,-0.00289528
2009-06-30,0.00350066,0.00070023,-0.00009997
2009-07-01,-0.00624338,0.00274685,-0.00451472
2009-07-02,0.00477965,-0.00991341,0.00964710
2009-07-06,-0.00742791,-0.01165674,0.00778946
2009-07-07,0.00801705,-0.00440769,0.00435793
2009-07-08,-0.00053377,-0.00146530,-0.00134074
2009-07-09,0.00020136,0.00543455,-0.00389081
2009-07-10,0.00088608,-0.00113467,0.00088551
2009-07-13,-0.00890725,0.00308186,-0.00393341
2009-07-14,0.00480160,0.00738914,-0.00540764
2009-07-15,-0.00689355,0.01038686,-0.00953458
2009-07-16,0.00024241,0.00834777,-0.00807326
2009-07-17,-0.00261080,-0.00016674,-0.00226586
2009-07-20,0.00420008,0.01001426,-0.00668663
2009-07-21,-0.00201878,-0.00363319,0.00182749
2009-07-22,-0.00244751,-0.00069065,0.00141956
2009-07-23,-0.00119385,0.01300610,-0.01103099
2009-07-24,0.00600895,0.00918721,-0.00702152
2009-07-27,0.00551717,0.00959660,-0.00663146
2009-07-28,0.00245331,-0.00212790,0.00261006
2009-07-29,-0.00312011,-0.00616216,0.00387662
2009-07-30,0.00042215,0.00989143,-0.00557804
2009-07-31,0.00342490,0.00642704,-0.00380606
2009-08-03,-0.00049811,0.01177510,-0.00890957
2009-08-04,0.00412988,0.00914644,-0.00602043
2009-08-05,0.01252668,0.00758976,-0.00213468
2009-08-06,-0.00173033,0.00097966,-0.00028161
2009-08-07,0.00295018,0.01157883,-0.00895683
2009-08-10,0.00737367,0.00730234,-0.00535658
2009-08-11,0.00111241,-0.00760542,0.00506227
2009-08-12,-0.00265426,0.00265706,-0.00158783
2009-08-13,0.00194010,0.00635880,-0.00371612
2009-08-14,0.00544634,-0.00035542,0.00045690
2009-08-17,0.00482456,-0.00878989,0.00657536
2009-08-18,-0.00489229,0.00486804,-0.00411880
2009-08-19,-0.00082531,0.00300040,-0.00428303
2009-11-18,-0.00209668,-0.00110586,0.00166800
2009-11-19,-0.01123068,-0.00184526,-0.00023173
2009-11-20,0.00445809,0.00693375,-0.00515339
2009-11-23,0.01463933,0.00344186,-0.00169020
2009-11-24,0.00320837,0.00181727,-0.00168826
2009-11-25,-0.00378787,-0.00834713,0.00697222
2009-11-27,-0.01176789,0.00073164,-0.00322334
2009-11-30,0.00582888,0.00267555,-0.00106587
2009-12-01,0.00398965,-0.00678859,0.00663019
2009-12-02,0.00271178,0.00205737,-0.00239982
2009-12-03,-0.00638953,0.00038112,-0.00174315
2009-12-04,0.01040560,0.01026510,-0.00843891
2009-12-07,0.00048073,0.00287806,-0.00316603
2009-12-08,-0.00642838,0.00258349,-0.00286116
2009-12-09,-0.00018957,-0.00456669,0.00485670
2009-12-10,0.00156649,-0.00414961,0.00453527
2009-12-11,0.00765543,0.00662642,-0.00527772
2009-12-14,0.00081346,-0.00545095,0.00432020
2009-12-15,-0.00346937,-0.00003263,-0.00025910
2009-12-16,-0.00528002,-0.00463743,0.00332424
2009-12-17,-0.00726865,0.00341654,-0.00600381
2009-12-18,0.01011427,0.00426194,-0.00084597
2009-12-21,0.00707967,-0.00144079,0.00272120
2009-12-22,-0.00011307,-0.00300896,0.00253280
2009-12-23,0.00119316,-0.00049638,0.00111405
2009-12-24,0.00385597,-0.00065187,0.00159411
2009-12-28,0.00296645,0.00140263,-0.00078548
2009-12-29,0.00380008,0.00469696,-0.00412213
2009-12-30,0.00356035,0.00365551,-0.00277302
2009-12-31,-0.00752604,0.00295562,-0.00420255
2010-01-04,0.01026666,-0.00114109,0.00406774
2010-01-05,-0.01169885,-0.01260249,0.01095609
2010-01-06,-0.00300487,-0.00245289,0.00231634
2010-01-07,0.01160401,0.00934016,-0.00703885
2010-01-08,0.00254878,0.00010229,0.00084989
2010-01-11,0.00484984,0.00383064,-0.00231037
2010-01-12,-0.00138428,0.00592437,-0.00704388
2010-01-13,0.00595291,-0.00174353,0.00287383
2010-01-14,0.00895639,0.00760248,-0.00579744
2010-01-15,-0.00648522,0.00335937,-0.00488339
2010-01-19,0.01369763,0.00204014,0.00041376
2010-01-20,-0.00471497,0.00204574,-0.00384056
2010-01-21,-0.00551374,0.00413456,-0.00123232
2010-01-22,0.00257288,0.01112480,-0.00541796
2010-01-25,-0.00035211,-0.00110714,0.00042308
2010-01-26,-0.00083041,0.00176243,-0.00266505
2010-01-27,0.00417552,0.00450005,0.00245196
2010-01-28,0.00241584,0.00392180,-0.00135713
2010-01-29,0.00621071,0.00936242,-0.00312563
2010-02-01,-0.00494376,-0.01144470,0.00283542
2010-02-02,-0.00322966,-0.00695414,0.00007749
2010-02-03,-0.00284965,-0.00058870,-0.00170745
2010-02-04,0.00153906,0.01136511,-0.00556219
2010-02-05,0.00223048,0.00098706,0.00273468
2010-02-08,-0.00544361,-0.00228609,-0.00204501
2010-02-09,-0.00004473,-0.00340218,0.00066778
2010-02-10,-0.00194823,-0.00150299,0.00164714
2010-02-11,-0.00084380,-0.00391793,0.00202724
2010-02-12,-0.00285346,-0.00089063,-0.00084615
2010-02-16,0.00291713,-0.00351064,0.00314366
2010-02-17,0.00250892,0.00201248,0.00031461
2010-02-18,0.00376103,-0.00020107,0.00058903
2010-02-19,0.00468357,0.00422925,0.00015485
2010-02-22,-0.00053881,0.00068520,0.00370572
2010-02-23,-0.00228904,0.00702302,-0.00028830
2010-02-24,0.00033141,-0.00370419,0.00222623
2010-02-25,-0.00204777,-0.00369723,0.00022149
2010-02-26,-0.00166933,-0.00419409,-0.00012803
2010-03-01,-0.00139842,-0.00473027,-0.00322041
2010-03-02,0.00359623,0.00305226,0.00112768
2010-03-03,0.00333718,0.00226116,-0.00188834
2010-03-04,0.00058213,0.00143877,-0.00048768
2010-03-05,0.00559469,0.00185603,0.00087240
2010-03-08,0.00080773,-0.00002064,-0.00054805
2010-03-09,0.00005975,0.00122198,0.00055911
2010-03-10,0.00522356,0.00064698,0.00021310
2010-03-11,0.00297057,0.00164302,0.00045546
2010-03-12,-0.00199236,-0.00118540,-0.00042379
2010-03-15,-0.00031877,0.00376358,0.00106080
2010-03-16,0.00131188,-0.00078175,0.00068137
2010-03-17,0.00207936,-0.00028434,-0.00035533
2010-03-18,0.00370473,0.00457734,-0.00099549
2010-03-19,0.00665827,0.01264293,0.00369261
2010-03-22,-0.00203214,-0.00123219,-0.00178677
2010-03-23,-0.00412904,-0.00584274,0.00002459
2010-03-24,-0.00280006,-0.00074778,-0.00045339
2010-03-25,-0.00625665,-0.00302651,0.00121593
2010-03-26,-0.00130271,0.00050164,0.00070350
2010-03-29,0.00441999,-0.00127722,-0.00244872
2010-03-30,0.00025057,0.00170109,0.00050618
2010-03-31,0.00191551,0.00072996,-0.00014317
2010-04-01,-0.00006970,-0.00440854,-0.00347032
2010-04-05,-0.00365144,-0.00243690,-0.00139666
2010-04-06,-0.00144889,0.00093892,-0.00078854
2010-04-07,0.00022961,0.00464944,0.00176951
2010-04-08,-0.00113409,-0.00137759,0.00019178
2010-04-09,0.00386902,-0.00077177,-0.00202694
2010-04-12,-0.00000891,0.00171371,0.00023306
2010-04-13,-0.00278347,-0.00011193,0.00037759
2010-04-14,-0.00307757,-0.00156114,0.00113758
2010-04-15,0.00092297,0.00181823,-0.00006540
2010-04-16,-0.00100240,0.00390122,0.00090091
2010-04-19,0.00593053,0.00432835,0.00139709
2010-04-20,0.00300850,0.00309629,-0.00128388
2010-04-21,-0.00583631,-0.00182983,-0.00175984
2010-04-22,-0.01237952,-0.00693604,0.00425030
2010-04-23,-0.00046493,-0.00223992,0.00037225
2010-04-26,-0.00385670,-0.00198749,-0.00175557
2010-04-27,0.00342181,0.00550778,-0.00171111
2010-04-28,0.00317465,0.00127768,0.00227136
2010-04-29,-0.00352109,-0.00264762,0.00329771
2010-04-30,0.00343573,0.00454029,-0.00383203
2010-05-03,-0.00549993,-0.00519549,0.00115118
2010-05-04,0.00040376,0.00274621,-0.00303534
2010-05-05,-0.00012944,-0.00009011,-0.00097219
2010-05-06,-0.00097540,0.00322266,-0.00503950
2010-05-07,0.00695622,0.00586355,-0.00109346
2010-05-10,-0.01641409,-0.01773484,0.00223594
2010-05-11,-0.00106037,0.00184356,0.00191886
2010-05-12,-0.00395606,-0.00388935,0.00180966
2010-05-13,0.00646368,0.00644195,-0.00087925
2010-05-14,0.00396699,0.00523773,-0.00118486
2010-05-17,0.00165863,0.00606951,0.00289930
2010-05-18,0.00362377,0.00586975,-0.00084645
2010-05-19,0.00592823,0.00536121,0.00089767
2010-05-20,0.00303881,0.00476231,-0.00526568
2010-05-21,0.00931512,-0.00307149,-0.00279259
2010-05-24,-0.01351909,-0.00655250,-0.00139179
2010-05-25,0.00493865,-0.00113807,-0.00184039
2010-05-26,0.00526749,0.00110793,0.00022312
2010-05-27,0.02762503,0.00413691,-0.00682858
2010-05-28,-0.01217204,-0.00358852,0.00170215
2010-06-01,-0.03419800,-0.01321596,0.00319610
2010-06-02,0.02044068,0.00582412,-0.00199163
2010-06-03,0.00497376,0.00142790,-0.00258750
2010-06-04,-0.01885682,-0.00408963,0.00267605
2010-06-07,-0.01791557,-0.00125504,0.00485025
2010-06-08,0.00331370,0.00042580,-0.00107170
2010-06-09,-0.00107718,-0.00179597,-0.00274432
2010-06-10,0.02124889,0.00546622,-0.00357332
2010-06-11,0.00525166,-0.00177893,-0.00269243
2010-06-14,-0.00011331,-0.00281072,-0.00346770
2010-06-15,0.02126699,0.00643796,-0.00250233
2010-06-16,-0.00562673,-0.00181199,0.00082683
2010-06-17,-0.00614758,-0.00211836,0.00224202
2010-06-18,0.00428367,0.00306964,0.00127818
2010-06-21,-0.00248581,-0.00059429,0.00000204
2010-06-22,0.00280997,0.00228680,0.00161045
2010-06-23,0.00146751,0.00146675,0.00126153
2010-06-24,-0.00215479,0.00038274,0.00035678
2010-06-25,0.00557548,0.00234489,0.00024778
2010-06-28,0.00073591,-0.00002108,-0.00038378
2010-06-29,0.00061510,0.00564085,0.00568608
2010-06-30,-0.00190078,0.00024211,0.00328839
2010-07-01,0.00091124,0.00108096,0.00073529
2010-07-02,0.00163741,0.00092122,0.00189287
2010-07-06,0.00200045,-0.00134509,-0.00263087
2010-07-07,-0.00375074,-0.00724013,-0.00695030
2010-07-08,0.00349222,0.00238551,0.00000465
2010-07-09,0.00409468,0.00106267,-0.00037364
2010-07-12,-0.00187422,-0.00123926,-0.00052575
2010-07-13,0.00329003,0.00430856,0.00351454
2010-07-14,-0.00336216,-0.00338637,-0.00075547
2010-07-15,0.00048368,-0.00085311,0.00048129
2010-07-16,-0.00144209,0.00032448,0.00116246
2010-07-19,0.00195537,0.00127572,0.00047971
2010-07-20,0.00171358,-0.00025019,-0.00003876
2010-07-21,-0.00514008,-0.00402229,-0.00277141
2010-07-22,0.01103301,0.00336572,0.00043245
2010-07-23,0.00808069,0.00464541,0.00256619
2010-07-26,0.00830028,0.00377714,0.00169572
2010-07-27,0.00623458,0.00614610,0.00023408
2010-07-28,-0.00734089,-0.00291579,-0.00022891
2010-07-29,-0.00101611,0.00014430,-0.00075285
2010-07-30,-0.00048937,0.00142172,0.00207706
2010-08-02,0.00472870,-0.00096833,-0.00097996
2010-08-03,-0.00229897,-0.00100871,-0.00033928
2010-08-04,0.00402190,0.00194808,0.00102156
2010-08-05,-0.00598534,-0.00375011,-0.00136401
2010-08-06,-0.00277970,-0.00047633,0.00087706
2010-08-09,0.00205314,0.00005197,-0.00028900
2010-08-10,-0.00649188,-0.00311947,-0.00127105
2010-08-11,-0.00983856,-0.00387944,-0.00164464
2010-08-12,-0.00221986,0.00000975,0.00004661
2010-08-13,-0.00390811,-0.00282202,-0.00265696
2010-08-16,-0.00033710,0.00032289,0.00105045
2010-08-17,0.00202663,-0.00066561,0.00166681
2010-08-18,-0.00168959,-0.00163682,-0.00004214
2010-08-19,-0.00742582,-0.00354506,-0.00097007
2010-08-20,-0.00198270,-0.00096857,-0.00164872
2010-08-23,-0.01272807,-0.00446948,-0.00246842
2010-08-24,-0.00531178,0.00182197,0.00115706
2010-08-25,0.01451818,0.00628982,0.00450417
2010-08-26,-0.00650728,-0.00346806,-0.00259646
2010-08-27,0.00552840,-0.00081740,-0.00073692
2010-08-30,-0.01548673,-0.00436887,-0.00232222
2010-08-31,-0.00726443,-0.00578485,-0.00407470
2010-09-01,0.01573864,0.00105778,0.00025379
2010-09-02,0.00859749,0.00045887,-0.00117361
2010-09-03,0.01308937,0.00271413,0.00180057
2010-09-07,-0.02143303,-0.00684517,-0.00333592
2010-09-08,0.00509969,0.00260479,0.00329680
2010-09-09,0.00700737,0.00532417,0.00373104
2010-09-10,0.00369889,0.00007029,0.00006906
2010-09-13,0.01439965,0.00615326,0.00311113
2010-09-14,-0.00614136,-0.00358438,-0.00343170
2010-09-15,0.00572835,0.00346596,0.00301031
2010-09-16,-0.00267886,-0.00280005,-0.00185835
2010-09-17,0.00294727,0.00195194,0.00251521
2010-09-20,0.01655050,0.00724133,0.00364955
2010-09-21,0.00078872,-0.00030414,-0.00226350
2010-09-22,0.00159494,0.00147955,-0.00017696
2010-09-23,0.00259212,0.00207758,0.00204327
2010-09-24,-0.00542342,-0.00028668,0.00035889
2010-09-27,-0.00025190,0.00152934,0.00093394
2010-09-28,-0.00037300,-0.00062849,0.00066710
2010-09-29,0.00501212,0.00372928,0.00156773
2010-09-30,0.01147989,0.00357822,0.00154941
2010-10-01,-0.00000220,-0.00039267,0.00035303
2010-10-04,-0.00055412,-0.00214481,-0.00269678
2010-10-05,-0.00537563,0.00013230,-0.00101149
2010-10-06,0.01151552,0.00325975,0.00055515
2010-10-07,-0.00366567,-0.00053575,0.00065784
2010-10-08,0.00027051,0.00348434,0.00078638
2010-10-11,0.00355864,0.00368901,0.00092478
2010-10-12,-0.00565453,-0.00168803,-0.00250396
2010-10-13,0.00467288,0.00516800,0.00176002
2010-10-14,-0.00255630,-0.00178045,-0.00212799
2010-10-15,0.00019160,0.00355291,0.00069619
2010-10-18,0.00482928,0.00085973,0.00112193
2010-10-19,0.00614966,-0.00246254,-0.00042525
2010-10-20,-0.00556058,-0.00292875,-0.00386616
2010-10-21,-0.00166297,-0.00055458,-0.00186715
2010-10-22,-0.00333010,-0.00020958,0.00075427
2010-10-25,0.00041375,0.00170541,0.00115861
2010-10-26,-0.00144891,-0.00015359,-0.00066280
2010-10-27,0.00146699,0.00055775,0.00160666
2010-10-28,0.00092146,0.00060649,-0.00090685
2010-10-29,-0.00119134,-0.00051050,0.00039233
2010-11-01,-0.00491719,-0.00247032,-0.00163066
2010-11-02,0.00227862,0.00386603,0.00103391
2010-11-03,0.00271103,0.00102250,-0.00006805
2010-11-04,0.00241881,0.00027131,-0.00140201
2010-11-05,0.00578967,0.00096634,-0.00051763
2010-11-08,0.00281225,0.00348483,0.00209207
2010-11-09,-0.00104378,0.00214631,0.00259999
2010-11-10,-0.00171830,-0.00080694,0.00078589
2010-11-11,-0.00197339,-0.00196418,0.00028610
2010-11-12,-0.00005366,-0.00112973,0.00171780
2010-11-15,-0.00279253,-0.00343194,-0.00164080
2010-11-16,0.00132558,0.00135551,0.00374033
2010-11-17,-0.00432958,-0.00245900,-0.00036188
2010-11-18,-0.00505697,-0.00226721,-0.00144236
2010-11-19,-0.00485638,-0.00353848,-0.00043270
2010-11-22,-0.00196666,-0.00267490,0.00065970
2010-11-23,0.00121594,-0.00171668,0.00189082
2010-11-24,-0.00102290,0.00017285,-0.00181133
2010-11-26,-0.00110368,-0.00120802,0.00245348
2010-11-29,-0.00042136,0.00013698,0.00055995
2010-11-30,-0.00550761,-0.00378281,0.00109751
2010-12-01,-0.00292190,-0.00012641,-0.00384754
2010-12-02,0.00595854,0.00398594,-0.00289992
2010-12-03,0.00515712,0.00280853,-0.00036167
2010-12-06,0.00387973,0.00163487,0.00101398
2010-12-07,0.00343110,0.00439540,0.00104347
2010-12-08,0.00409634,0.00357562,-0.00146100
2010-12-09,0.00345636,0.00222106,-0.00039072
2010-12-10,0.00741561,0.00489784,-0.00001993
2010-12-13,0.00076008,0.00118588,-0.00054100
2010-12-14,0.00003654,0.00161634,-0.00041363
2010-12-15,0.00179202,0.00115411,0.00166037
2010-12-16,0.00118606,0.00085275,-0.00182549
2010-12-17,0.00912621,0.00277785,-0.00254133
2010-12-20,-0.00227285,-0.00316625,-0.00158978
2010-12-21,0.00072796,0.00240295,0.00123228
2010-12-22,0.00517474,0.00344481,0.00213427
2010-12-23,0.00269627,0.00020165,0.00023896
2010-12-27,0.00091466,0.00103363,0.00211258
2010-12-28,-0.00077343,-0.00068554,-0.00046276
2010-12-29,0.00098013,0.00040873,0.00051416
2010-12-30,0.00435950,0.00121627,0.00107486
2010-12-31,0.00124048,0.00075031,0.00203696
2011-01-03,-0.00139860,0.00193148,-0.00031654
2011-01-04,0.00074659,0.00011660,0.00040556
2011-01-05,0.00080959,0.00072301,0.00013104
2011-01-06,0.00253701,0.00116689,-0.00019840
2011-01-07,0.00038470,-0.00116857,-0.00236512
2011-01-10,-0.00468366,-0.00274505,-0.00190509
2011-01-11,-0.00264701,-0.00055653,0.00093520
2011-01-12,-0.00135745,0.00080508,-0.00048629
2011-01-13,0.00148473,0.00006185,-0.00098554
2011-01-14,-0.00143404,0.00177504,-0.00013910
2011-01-18,-0.00004749,0.00018590,-0.00176486
2011-01-19,0.00296148,-0.00133152,-0.00132042
2011-01-20,0.00217001,0.00450507,0.00011230
2011-01-21,-0.00416302,-0.00052879,0.00001063
2011-01-24,-0.00026271,0.00231753,-0.00109615
2011-01-25,0.00206906,0.00039853,-0.00094106
2011-01-26,0.00206937,-0.00195027,-0.00012352
2011-01-27,-0.00291378,-0.00173285,0.00024049
2011-01-28,-0.00607240,-0.00589866,0.00152168
2011-01-31,-0.00060548,-0.00251563,-0.00291412
2011-02-01,-0.00372378,-0.00194891,-0.00270629
2011-02-02,-0.00395350,-0.00197791,-0.00006060
2011-02-03,0.00610735,-0.00171377,-0.00059801
2011-02-04,-0.00191464,-0.00285068,-0.00332611
2011-02-07,-0.00340195,-0.00053324,0.00062642
2011-02-08,0.00123338,0.00087323,-0.00039976
2011-02-09,0.00181330,-0.00008726,0.00038402
2011-02-10,0.00133694,-0.00148156,-0.00012471
2011-02-11,0.00027243,0.00118943,0.00106300
2011-02-14,-0.00226800,-0.00180701,-0.00096963
2011-02-15,-0.00067809,0.00037410,-0.00005438
2011-02-16,-0.00203084,-0.00036293,-0.00059726
2011-02-17,0.00006904,0.00258143,0.00111243
2011-02-18,0.00378168,-0.00138087,-0.00324606
2011-02-22,0.00381899,-0.00042000,-0.00167409
2011-02-23,-0.00029907,-0.00193629,0.00118418
2011-02-24,0.00023123,0.00345151,0.00084012
2011-02-25,-0.00525123,0.00037257,0.00133443
2011-02-28,-0.00197740,-0.00173232,-0.00003274
2011-03-01,-0.00000623,-0.00043588,-0.00088735
2011-03-02,0.00041747,0.00197229,0.00104742
2011-03-03,-0.00204333,0.00111596,0.00146755
2011-03-04,-0.00144482,0.00048161,-0.00088137
2011-03-07,0.00106342,-0.00103827,-0.00023626
2011-03-08,0.00262696,0.00223516,0.00070441
2011-03-09,0.00394654,-0.00045574,-0.00139165
2011-03-10,0.00565385,0.00003686,-0.00171849
2011-03-11,-0.00521957,-0.00240105,0.00118778
2011-03-14,-0.00030075,-0.00065393,-0.00125944
2011-03-15,0.00113139,0.00015620,-0.00176601
2011-03-16,-0.00019428,0.00191891,-0.00060639
2011-03-17,-0.00634418,-0.00385547,0.00211544
2011-03-18,0.00198706,-0.00013097,-0.00258398
2011-03-21,-0.00558967,-0.00011333,0.00061489
2011-03-22,-0.00066251,-0.00165470,-0.00175663
2011-03-23,0.00441892,0.00122840,-0.00001987
2011-03-24,0.00968491,0.00480246,0.00301118
2011-03-25,0.00101623,0.00058827,-0.00053924
2011-03-28,0.00307445,0.00252039,0.00100221
2011-03-29,0.00136054,0.00070267,0.00037081
2011-03-30,0.00008802,0.00106510,0.00063545
2011-03-31,-0.00007008,0.00034100,-0.00100750
2011-04-01,-0.00348823,-0.00038421,0.00137581
2011-04-04,-0.00058561,-0.00063994,-0.00072549
2011-04-05,0.00117785,0.00045923,-0.00106577
2011-04-06,-0.00173535,0.00008302,-0.00009994
2011-04-07,0.00443432,0.00192262,0.00084306
2011-04-08,0.00257228,0.00012595,0.00061492
2011-04-11,-0.00153081,-0.00092711,0.00047702
2011-04-12,-0.00166873,-0.00104106,0.00004383
2011-04-13,0.00566160,0.00179641,0.00097122
2011-04-14,-0.00013143,-0.00027370,-0.00144849
2011-04-15,0.00003658,0.00107560,0.00002664
2011-04-18,0.00141864,0.00009079,-0.00046374
2011-04-19,0.00321616,0.00086143,0.00143421
2011-04-20,0.00667877,0.00357314,-0.00172681
2011-04-21,0.00123342,0.00013621,-0.00004245
2011-04-25,0.00022306,-0.00000284,-0.00032769
2011-04-26,0.00288889,0.00140882,0.00086567
2011-04-27,0.00045972,0.00031117,0.00038808
2011-04-28,-0.00155071,0.00049168,0.00065105
2011-04-29,0.00526050,0.00077888,-0.00012599
2011-05-02,-0.00160006,-0.00045993,-0.00061401
2011-05-03,-0.00260016,0.00062884,0.00076808
2011-05-04,-0.00122428,0.00013852,-0.00009605
2011-05-05,0.00210538,0.00062892,0.00026107
2011-05-06,0.00339013,0.00218555,0.00244894
2011-05-09,0.00201394,-0.00045080,-0.00145852
2011-05-10,-0.00015747,0.00006523,0.00004954
2011-05-11,-0.00098294,0.00065903,-0.00003166
2011-05-12,0.00101021,0.00087593,-0.00014654
2011-05-13,0.00019036,-0.00022019,-0.00081058
2011-05-16,-0.00291667,-0.00026183,0.00048188
2011-05-17,-0.00133111,0.00026124,0.00031955
2011-05-18,0.00276660,0.00022279,-0.00089732
2011-05-19,-0.00006417,0.00119698,0.00085438
2011-08-19,-0.00095656,-0.00405290,-0.00462584
2011-08-22,0.00715697,-0.00045714,-0.00369163
2011-08-23,0.02505111,0.01388377,0.01326377
2011-08-24,-0.00915096,0.00215367,0.00564603
2011-08-25,-0.01126784,-0.00483956,-0.00496217
2011-08-26,0.02126854,0.00852566,0.00648213
2011-08-29,-0.00234996,0.00355512,0.01196530
2011-08-30,0.01230665,0.00302274,0.00046828
2011-08-31,-0.00428383,0.00100096,0.00051723
2011-09-01,0.00552543,0.00034709,-0.00540321
2011-09-02,0.00348720,-0.00336658,-0.00843577
2011-09-06,0.00853776,-0.00148290,-0.00325912
2011-09-07,-0.00569450,0.00098010,0.00826434
2011-09-08,0.00520641,-0.00045032,-0.00500309
2011-09-09,-0.00652711,-0.00377705,-0.00387681
2011-09-12,-0.00490270,-0.00043387,0.00191792
2011-09-13,0.00718441,0.00283971,0.00388898
2011-09-14,0.00706705,0.00454810,0.00461675
2011-09-15,-0.00469156,0.00185680,0.00271851
2011-09-16,0.00334492,0.00098374,-0.00130338
2011-09-19,0.01634856,0.00473078,-0.00294732
2011-09-20,0.00034313,-0.00058470,0.00068150
2011-09-21,0.01310492,0.00144079,0.00477640
2011-09-22,0.00865435,-0.00567168,-0.00246829
2011-09-23,0.00131189,-0.00136951,-0.00673892
2011-09-26,-0.01534857,-0.00310118,-0.00418747
2011-09-27,0.00389755,0.00510866,0.00101306
2011-09-28,0.00782363,0.00098069,0.00445181
2011-09-29,-0.01419485,-0.00645891,-0.00604528
2011-09-30,0.00720567,-0.00065175,0.00413812
2011-10-03,0.01086974,0.00285360,0.00858305
2011-10-04,-0.00772406,-0.00367505,-0.01067125
2011-10-05,-0.00543486,0.00394662,0.00189980
2011-10-06,-0.01026414,-0.00103325,-0.00231478
2011-10-07,0.01351086,0.00723873,0.00692920
2011-10-10,-0.00868093,0.00193037,-0.00319990
2011-10-11,-0.00171109,-0.00063281,-0.00095101
2011-10-12,-0.00772761,-0.00071899,-0.00137040
2011-10-13,0.01037479,0.00398376,0.00134563
2011-10-14,-0.00235418,0.00469736,0.00265200
2011-10-17,0.00679574,0.00080633,0.00507964
2011-10-18,-0.01583172,-0.00364675,-0.00494514
2011-10-19,0.00202381,0.00014874,0.00370795
2011-10-20,-0.00187434,-0.00024921,-0.00043312
2011-10-21,-0.00122686,0.00070954,-0.00456331
2011-10-24,-0.00743356,-0.00142934,-0.00433076
2011-10-25,0.00362401,0.00127598,0.00677753
2011-10-26,-0.00902672,-0.00232556,-0.00211750
2011-10-27,-0.01786694,-0.00413569,-0.00947832
2011-10-28,0.00533177,0.00591716,0.00514452
2011-10-31,0.01782395,0.00436954,0.00622134
2011-11-01,0.01441261,0.00422613,0.00903390
2011-11-02,-0.01496490,-0.00455888,-0.00449778
2011-11-03,0.00265171,0.00499569,-0.00083562
2011-11-04,0.00087467,0.00325059,0.00537944
2011-11-07,-0.00367894,0.00042699,0.00097235
2011-11-08,-0.00521978,-0.00048110,-0.00271373
2011-11-09,0.01446864,0.00258950,0.00907904
2011-11-10,-0.00650173,-0.00295517,-0.00345855
2011-11-11,-0.00323214,-0.00056645,-0.00544048
2011-11-14,0.01215710,0.00554601,0.00516867
2011-11-15,0.00215816,0.00017532,-0.00240901
2011-11-16,0.00033912,0.00070479,0.00556852
2011-11-17,0.00578650,-0.00050625,0.00702557
2011-11-18,-0.00298066,-0.00222512,0.00175601
2011-11-21,0.00519262,-0.00071504,0.00557181
2011-11-22,0.00789520,0.00268767,0.00205443
2011-11-23,0.00401646,-0.00117422,0.00788265
2011-11-25,-0.00218850,-0.00120677,0.00278341
2011-11-28,-0.00142889,0.00173024,-0.01142348
2011-11-29,-0.00020641,0.00081553,0.00117062
2011-11-30,-0.01290056,-0.00053496,-0.01308565
2011-12-01,0.00295931,0.00385857,0.00344460
2011-12-02,-0.00455172,-0.00285546,-0.00191846
2011-12-05,-0.00247813,-0.00024593,-0.00512952
2011-12-06,0.00002373,-0.00067802,-0.00021917
2011-12-07,-0.00554039,-0.00146263,0.00164674
2011-12-08,0.00874018,0.00236346,0.00755240
2011-12-09,-0.00108766,0.00150662,-0.00620101
2011-12-12,0.00627900,0.00160733,0.00621979
2011-12-13,0.00382790,0.00025470,0.00533367
2011-12-14,-0.00185468,-0.00325004,0.00670511
2011-12-15,0.00051154,-0.00063796,-0.00012121
2011-12-16,0.00076471,0.00031060,-0.00300383
2011-12-19,0.00832523,0.00997381,-0.00106010
2011-12-20,-0.00339086,-0.01034983,-0.00349690
2011-12-21,-0.00899214,-0.00410379,0.00039603
2011-12-22,-0.00860357,-0.00848499,0.00396549
2011-12-23,0.00437654,0.00331782,0.00088505
2011-12-27,0.00446299,0.00234949,-0.00253817
2011-12-28,-0.00030040,0.00331944,0.00187733
2011-12-29,-0.00201127,-0.00454931,-0.00217293
2011-12-30,-0.00365232,-0.00151864,0.00557811
2012-01-03,-0.01369645,-0.01425123,0.00356429
2012-01-04,0.00301122,0.00362419,0.00125449
2012-01-05,0.00043018,0.00039518,-0.00209226
2012-01-06,0.00441279,0.00291629,0.00020232
2012-01-09,-0.00064080,-0.00081960,0.00051463
2012-01-10,-0.00588815,-0.00632678,-0.00048542
2012-01-11,-0.00664808,-0.00580430,0.00029917
2012-01-12,-0.00026361,-0.00224465,0.00012645
2012-01-13,0.00739576,0.00726325,0.00105612
2012-01-17,0.00539067,0.00292449,-0.00024692
2012-01-18,-0.00476932,-0.00705475,0.00017828
2012-01-19,-0.00113839,-0.00293356,0.00008700
2012-01-20,-0.00489667,-0.00153454,0.00120722
2012-01-23,-0.00443662,-0.00061184,0.00394422
2012-01-24,0.00176260,-0.00020656,-0.00172649
2012-01-25,-0.00087971,0.00101335,0.00163635
2012-01-26,0.00240310,0.00081384,0.00204004
2012-01-27,-0.00033149,-0.00013967,-0.00073461
2012-01-30,0.00222148,0.00205031,0.00167239
2012-01-31,0.00061389,0.00122762,0.00073861
2012-02-01,-0.00431638,-0.00381661,-0.00783378
2012-02-02,-0.00336834,-0.00216114,0.00076890
2012-02-03,-0.00342046,-0.00182986,-0.00628028
2012-02-06,-0.00040547,0.00091501,0.00233566
2012-02-07,0.00216540,0.00163969,0.00117314
2012-02-08,-0.00401052,-0.00264339,-0.00054918
2012-02-09,0.00208697,0.00075983,-0.00053921
2012-02-10,0.00293334,0.00222791,0.00354743
2012-02-13,0.00176319,0.00054411,-0.00277135
2012-02-14,0.00304763,0.00221717,0.00250911
2012-02-15,-0.00542687,-0.00197927,0.00224945
2012-02-16,-0.00289991,-0.00165751,-0.00452427
2012-02-17,-0.00351987,-0.00073980,0.00221994
2012-02-21,0.00572121,0.00086942,0.00038417
2012-02-22,0.00536665,0.00373744,-0.00109691
2012-02-23,-0.00255512,0.00164946,-0.00226085
2012-02-24,0.00071098,0.00097757,0.00041991
2012-02-27,-0.00379514,-0.00196799,-0.00134504
2012-02-28,0.00051314,0.00007462,-0.00035495
2012-02-29,-0.00039489,-0.00312142,0.00065354
2012-03-01,-0.00120203,0.00058528,-0.00033438
2012-03-02,-0.00031487,-0.00252922,0.00152325
2012-03-05,-0.00208753,0.00003475,-0.00464092
2012-03-06,0.00481859,0.00088900,0.00034938
2012-03-07,-0.00316655,-0.00081521,-0.00102224
2012-03-08,-0.00167800,0.00112852,-0.00150302
2012-03-09,0.00039467,0.00253911,-0.00045365
2012-03-12,0.00125690,0.00101698,-0.00128871
2012-03-13,-0.00551953,-0.00314478,-0.00054615
2012-03-14,-0.00054798,-0.00187853,-0.00044374
2012-03-15,-0.00388006,-0.00281536,0.00121392
2012-03-16,0.00070713,-0.00067599,0.00493123
2012-03-19,-0.00219808,0.00098391,-0.00273279
2012-03-20,-0.00105387,-0.00216488,0.00054874
2012-03-21,0.00028722,-0.00040528,-0.00314800
2012-03-22,0.00020808,0.00133261,-0.00031135
2012-03-23,0.00138562,0.00005767,-0.00010282
2012-03-26,0.00277426,0.00206286,-0.00227979
2012-03-27,-0.00331385,-0.00112452,-0.00163658
2012-03-28,-0.00450679,-0.00222572,-0.00149223
2012-03-29,0.00286181,0.00124166,0.00097513
2012-03-30,0.00269881,0.00328405,-0.00065197
2012-04-02,0.00294731,0.00147928,-0.00089667
2012-04-03,-0.00475723,-0.00099024,-0.00318547
2012-04-04,-0.00044802,0.00040957,0.00060625
2012-04-05,-0.00201000,0.00052037,-0.00351904
2012-04-09,-0.00048074,-0.00033365,0.00125459
2012-04-10,0.00811210,0.00279044,0.00625369
2012-04-11,-0.00746989,-0.00433157,-0.00192990
2012-04-12,-0.00064694,-0.00097299,-0.00017509
2012-04-13,0.00164883,0.00249678,-0.00291277
2012-04-16,-0.00587422,-0.00304538,-0.00064192
2012-04-17,0.00035641,0.00092746,-0.00062370
2012-04-18,-0.00020453,0.00206239,-0.00190024
2012-04-19,0.00429984,0.00202784,0.00192019
2012-04-20,-0.00066012,0.00307803,-0.00157185
2012-04-23,-0.00287783,-0.00095699,0.00216050
2012-04-24,-0.00181430,-0.00482903,-0.00165988
2012-04-25,0.00637396,0.00516931,-0.00050646
2012-04-26,0.00031718,0.00156364,-0.00046094
2012-04-27,-0.00289543,-0.00133688,-0.00060934
2012-04-30,0.00411667,0.00296168,0.00233603
2012-05-01,0.00205890,0.00022945,-0.00034938
2012-05-02,-0.00468733,0.00032803,-0.00216229
2012-05-03,-0.00481942,0.00078376,0.00185673
2012-05-04,-0.00106499,-0.00075377,0.00172704
2012-05-07,-0.00261391,-0.00225089,0.00002529
2012-05-08,0.00151001,-0.00059625,0.00029208
2012-05-09,0.00011317,0.00020673,0.00018726
2012-05-10,-0.00557272,0.00043106,-0.00217070
2012-05-11,-0.00572408,-0.00024170,0.00105789
2012-05-14,-0.00250127,-0.00100083,0.00191487
2012-05-15,-0.00881969,-0.00072405,-0.00091366
2012-05-16,0.00428256,0.00408552,-0.00006199
2012-05-17,0.00701100,-0.00010644,0.00293815
2012-05-18,0.00265134,0.00159917,-0.00005744
2012-05-21,0.01508740,-0.00041818,0.00360103
2012-05-22,-0.00690451,0.00411383,-0.00043409
2012-05-23,0.00587085,-0.00193115,-0.00040719
2012-05-24,-0.00532647,0.00188073,-0.00122354
2012-05-25,0.00366081,-0.00198855,-0.00009444
2012-05-29,0.00712042,-0.00522112,0.00054757
2012-05-30,-0.00974758,0.00530692,-0.00115509
2012-05-31,-0.00416706,-0.00130492,-0.00215997
2012-06-01,-0.00509636,0.00445114,-0.00248497
2012-06-04,0.00263790,0.00306853,0.00136094
2012-06-05,0.00684749,-0.00419388,0.00119503
2012-06-06,0.01239098,-0.00696878,0.00369414
2012-06-07,-0.00552925,0.00038093,-0.00033970
2012-06-08,-0.00326573,-0.00192704,0.00115544
2012-06-11,-0.01167660,0.00487938,-0.00133968
2012-06-12,0.00613737,-0.00246367,0.00215872
2012-06-13,-0.00820869,-0.00107011,0.00026242
2012-06-14,-0.00120586,-0.00343238,0.00006440
2012-06-15,0.00714167,-0.00394097,0.00111522
2012-06-18,-0.00384261,0.00097766,0.00189149
2012-06-19,0.01013263,-0.00463776,-0.00022852
2012-06-20,0.00137284,-0.00043598,-0.00121439
2012-06-21,-0.00909131,-0.00264546,-0.00801237
2012-06-22,0.00269980,-0.00137278,-0.00049177
2012-06-25,-0.00427802,0.00084664,-0.00370031
2012-06-26,-0.00573546,-0.00036146,0.00165218
2012-06-27,0.00435510,-0.00367044,0.00097494
2012-06-28,0.00717131,-0.00220337,0.00029003
2012-06-29,0.00626690,0.00392297,0.00836196
2012-07-02,-0.00675779,-0.00245812,-0.00117932
2012-07-03,0.00986911,0.00124344,0.00370740
2012-07-05,-0.00132202,0.00486900,0.00062229
2012-07-06,-0.00124059,-0.00028202,-0.00383584
2012-07-09,-0.00343718,0.00218446,-0.00071511
2012-07-10,-0.00535344,0.00053158,-0.00360520
2012-07-11,0.00524502,-0.00229876,-0.00212555
2012-07-12,-0.00442084,0.00281424,0.00061208
2012-07-13,0.00178500,0.00279909,0.00395981
2012-07-16,-0.00403380,-0.00070052,0.00155204
2012-07-17,0.00071034,0.00031902,0.00187253
2012-07-18,0.00604530,0.00585626,0.00447674
2012-07-19,0.00369176,0.00632613,0.00649819
2012-07-20,-0.00485231,-0.00486144,-0.00336650
2012-07-23,-0.00448006,-0.00100221,0.00132920
2012-07-24,-0.00153059,-0.00150996,0.00160364
2012-07-25,0.00390295,0.00117208,0.00198148
2012-07-26,-0.00047221,0.00247121,0.00266285
2012-07-27,0.00357178,0.00341257,0.00086193
2012-07-30,-0.00028640,-0.00149323,-0.00365093
2012-07-31,0.00546745,0.00137019,0.00003642
2012-08-01,-0.00485243,-0.00055285,-0.00169608
2012-08-02,-0.00275155,0.00119917,0.00546480
2012-08-03,0.00548481,0.00231788,0.00204085
2012-08-06,0.00736291,0.00191432,-0.00231375
2012-08-07,0.00910784,0.00302755,-0.00072556
2012-08-08,-0.00004943,-0.00079326,-0.00037548
2012-08-09,0.00489455,0.00175334,-0.00226347
2012-08-10,0.00377197,0.00114598,-0.00122056
2012-08-13,-0.00199155,-0.00148875,0.00213389
2012-08-14,-0.00469337,0.00063446,0.00139306
2012-08-15,0.00186763,0.00014231,-0.00018326
2012-08-16,0.00569445,0.00325021,0.00007040
2012-08-17,0.00256501,0.00017835,0.00018134
2012-08-20,0.00302739,-0.00205868,-0.00189626
2012-08-21,0.00670830,-0.00062379,-0.00045192
2012-08-22,-0.00343478,0.00227251,0.00195375
2012-08-23,0.00078093,0.00078189,0.00088130
2012-08-24,0.00164811,0.00252924,0.00159988
2012-08-27,-0.00265324,-0.00070319,-0.00041428
2012-08-28,0.00280882,0.00071462,-0.00017030
2012-08-29,0.00538429,0.00125017,0.00124306
2012-08-30,0.00477722,-0.00007932,0.00042513
2012-08-31,-0.00088855,0.00101749,0.00023652
2012-09-04,-0.00590412,0.00001961,0.00007693
2012-09-05,0.00349501,-0.00112899,-0.00079141
2012-09-06,0.00095206,0.00391609,0.00047420
2012-09-07,0.00192544,-0.00233298,-0.00165384
2012-09-10,0.00025080,-0.00255702,-0.00021389
2012-09-11,0.00072074,-0.00165843,-0.00151031
2012-09-12,-0.00343862,-0.00184646,0.00021106
2012-09-13,-0.00038580,0.00370450,-0.00010796
2012-09-14,-0.00051349,-0.00296629,-0.00191764
2012-09-17,-0.00099534,0.00100741,0.00144173
2012-09-18,0.00341084,-0.00098134,-0.00004518
2012-11-20,0.00378066,0.00236772,-0.00255701
2012-11-21,-0.00295283,0.00056895,0.00269063
2012-11-23,0.00063444,0.00054067,0.00096079
2012-11-26,-0.00599818,-0.00149142,0.00227870
2012-11-27,-0.00398292,0.00105096,0.00051345
2012-11-28,-0.00172468,-0.00114960,-0.00019623
2012-11-29,-0.00678181,0.00016582,0.00228315
2012-11-30,0.00247823,0.00112395,0.00157990
2012-12-03,-0.00305741,-0.00077231,0.00021441
2012-12-04,-0.00518724,0.00006964,0.00137873
2012-12-05,0.00456239,0.00233850,0.00308926
2012-12-06,0.00077687,0.00025938,-0.00110641
2012-12-07,0.00422868,0.00147765,-0.00001560
2012-12-10,-0.00520554,-0.00087828,0.00025643
2012-12-11,-0.00510885,0.00049385,0.00307615
2012-12-12,0.00652370,0.00082587,0.00064012
2012-12-13,-0.00180109,-0.00064069,0.00078769
2012-12-14,-0.00398091,-0.00173343,0.00094715
2012-12-17,0.00312234,0.00209088,0.00095194
2012-12-18,-0.00544686,0.00094788,0.00298332
2012-12-19,-0.00644961,-0.00100179,0.00188356
2012-12-20,0.00424190,-0.00017218,-0.00012828
2012-12-21,-0.00642763,-0.00091315,-0.00081669
2012-12-24,0.00399434,-0.00190734,-0.00094631
2012-12-26,-0.00110950,0.00148587,0.00045923
2012-12-27,0.00174716,-0.00196256,-0.00236272
2012-12-28,-0.00388220,0.00010845,0.00134679
2012-12-31,-0.00280350,0.00004312,0.00122395
2013-01-02,0.00046798,0.00288383,0.00429665
2013-01-03,-0.00136304,0.00307379,0.00260636
2013-01-04,-0.00047899,0.00428769,0.00433073
2013-01-07,0.00189970,-0.00063677,-0.00041660
2013-01-08,0.00349020,-0.00162721,-0.00045856
2013-01-09,-0.00144140,-0.00271421,-0.00147095
2013-01-10,0.00652275,0.00297079,0.00013661
2013-01-11,-0.00117757,-0.00133191,-0.00107956
2013-01-14,0.00066416,0.00093944,0.00086826
2013-01-15,-0.00368904,-0.00126230,-0.00139213
2013-01-16,0.00380322,-0.00042196,-0.00076351
2013-01-17,-0.00269549,-0.00168553,-0.00015553
2013-01-18,-0.00043502,0.00064057,0.00060569
2013-01-22,-0.00240853,0.00175535,0.00200451
2013-02-22,0.00218196,0.00069443,0.00168541
2013-02-25,-0.00232962,-0.00277121,-0.00445143
2013-02-26,0.00037688,0.00224350,0.00068628
2013-02-27,-0.00189536,0.00099990,-0.00030748
2013-02-28,-0.00186338,-0.00055978,-0.00201727
2013-03-01,-0.00062068,0.00166599,-0.00642360
2013-03-04,0.00100221,0.00504414,-0.00635521
2013-03-05,-0.00259244,-0.00060879,0.00202590
2013-03-06,0.00208915,-0.00148098,0.00411522
2013-03-07,0.00228217,-0.00116853,0.00171634
2013-03-08,0.00043621,-0.00074445,0.00040959
2013-03-11,-0.00059584,0.00010833,0.00124903
2013-03-12,-0.00181361,-0.00078032,0.00228301
2013-03-13,0.00080235,0.00199050,-0.00021597
2013-03-14,0.00205900,-0.00074345,0.00315927
2013-03-15,0.00115834,0.00018689,0.00184800
2013-03-18,-0.00158512,-0.00030207,-0.00213871
2013-03-19,0.00249903,0.00291646,-0.00102797
2013-03-20,0.00075289,0.00114833,-0.00197356
2013-03-21,0.00205476,-0.00107601,-0.00214398
2013-03-22,-0.00116490,0.00204070,0.00213652
2013-03-25,-0.00155920,0.00188021,-0.00316684
2013-03-26,-0.00315053,0.00237462,-0.00043598
2013-03-27,-0.00320114,-0.00067826,-0.00045541
2013-03-28,0.00120739,0.00449050,-0.00208427
2013-04-01,-0.00094279,0.00348254,-0.00209620
2013-04-02,0.00129252,0.00414136,-0.00114014
2013-04-03,0.00286321,-0.00247617,0.00045382
2013-04-04,0.00211335,0.00242965,-0.00033156
2013-04-05,-0.00111322,-0.00198488,0.00093040
2013-04-08,-0.00171790,0.00089977,0.00023408
2013-04-09,0.00348837,-0.00499219,0.00461399
2013-04-10,0.00071649,0.00004564,0.00127535
2013-04-11,0.00014734,0.00213257,0.00083133
2013-04-12,-0.00250127,0.00416927,-0.00415944
2013-04-15,0.00038989,0.00323941,-0.00379969
2013-04-16,-0.00462953,0.00387820,-0.00108702
2013-04-17,-0.00155509,0.00439273,-0.00623748
2013-04-18,0.00477024,-0.00372580,0.00130742
2013-04-19,-0.00385493,0.00793657,-0.00320721
2013-04-22,-0.00334211,-0.00041079,-0.00005919
2013-04-23,-0.00006283,0.00042182,0.00210226
2013-04-24,0.00732457,-0.00408729,0.00104805
2013-04-25,0.00139474,-0.00305540,0.00279017
2013-04-26,-0.00146007,0.00112746,-0.00065070
2013-04-29,0.00069446,-0.00087813,0.00250544
2013-04-30,-0.00013634,-0.00212456,0.00146529
2013-05-01,-0.00311765,0.00388842,-0.00274592
2013-05-02,0.00231817,0.00020337,0.00131224
2013-05-03,0.00468150,-0.00315123,0.00351651
2013-05-06,0.00543824,-0.00129020,0.00167174
2013-05-07,0.00110627,-0.00051639,0.00184576
2013-05-08,0.00613177,-0.00231317,0.00277895
2013-05-09,-0.00356083,0.00048507,-0.00116029
2013-05-10,-0.00040186,0.00031961,0.00045666
2013-05-13,-0.00208163,0.00328190,-0.00177990
2013-05-14,0.00014903,0.00142922,0.00265868
2013-05-15,-0.00024802,0.00361256,-0.00022016
2013-05-16,0.00514366,-0.00291827,-0.00115517
2013-05-17,-0.00036079,0.00055483,0.00320951
2013-05-20,0.00484207,-0.00713194,0.00139976
2013-05-21,-0.00162964,0.00107295,0.00001471
2013-05-22,0.00277186,0.00131580,0.00011125
2013-05-23,0.00272316,-0.00178867,0.00028684
2013-05-24,0.00132745,0.00246004,0.00012138
2013-05-28,0.00124366,-0.00025484,0.00094830
2013-05-29,0.00219855,-0.00044863,-0.00103354
2013-05-30,0.00469328,0.00081835,-0.00154337
2013-05-31,-0.00412119,-0.00084042,-0.00007290
2013-06-03,-0.00331197,-0.00143687,0.00424483
2013-06-04,-0.00405930,-0.00122159,-0.00001782
2013-06-05,-0.00142583,-0.00049283,-0.00134559
2013-06-06,0.00401972,0.00198346,-0.00254253
2013-06-07,-0.00143266,-0.00013951,0.00009093
2013-06-10,-0.00038580,-0.00060914,-0.00084327
2013-06-11,-0.00426658,0.00087652,0.00183951
2013-06-12,-0.00240244,-0.00053925,0.00011245
2013-06-13,0.00652951,0.00140991,0.00098778
2013-06-14,-0.00187553,-0.00010748,-0.00181603
2013-06-17,0.00019165,-0.00083947,-0.00074650
2013-06-18,0.00076998,0.00040520,0.00140301
2013-06-19,-0.00372600,-0.00202292,-0.00143783
2013-06-20,-0.00038909,0.00045395,0.00226335
2013-06-21,0.00385557,0.00210397,0.00243618
2013-06-24,-0.00175244,-0.00064084,-0.00199079
2013-06-25,0.00864783,0.00185203,0.00027865
2013-06-26,0.00277002,0.00127750,-0.00320413
2013-06-27,0.00755222,0.00073512,0.00030481
2013-06-28,-0.00601345,-0.00322312,0.00189664
2013-07-01,0.00467925,0.00009957,-0.00304051
2013-07-02,0.00041488,0.00116402,-0.00055828
2013-07-03,-0.00200170,-0.00110515,-0.00005803
2013-07-05,0.00620862,-0.00058424,-0.00367927
2013-07-08,-0.00090928,0.00044005,-0.00064773
2013-07-09,0.00362648,0.00278514,0.00301691
2013-07-10,-0.00137375,-0.00100111,0.00041905
2013-07-11,0.00064479,0.00080586,0.00210019
2013-07-12,0.00958475,0.00170284,-0.00308574
2013-07-15,0.00040779,-0.00136244,0.00092486
2013-07-16,-0.00431629,0.00057734,0.00479478
2013-07-17,0.00611963,0.00097833,-0.00126090
2013-07-18,0.00544235,0.00140118,0.00163554
2013-07-19,0.00428513,0.00139526,0.00064205
2013-07-22,0.00090124,-0.00054428,0.00175694
2013-07-23,0.00026872,0.00147683,0.00387073
2013-07-24,-0.00111966,0.00302263,0.00366482
2013-07-25,0.00242594,-0.00266543,-0.00357140
2013-07-26,-0.00219824,-0.00008930,0.00041857
2013-07-29,-0.00558530,0.00139428,0.00288732
2013-07-30,-0.00215957,-0.00153709,-0.00121932
2013-07-31,0.00176492,-0.00307290,-0.00387373
2013-08-01,0.00355161,-0.00016918,-0.00102890
2013-08-02,0.00186029,-0.00176854,-0.00242884
2013-08-05,-0.00140069,-0.00111140,-0.00091960
2013-08-06,-0.00309713,0.00186344,0.00282763
2013-08-07,-0.00276092,0.00234941,0.00329497
2013-08-08,-0.00172609,-0.00095188,-0.00066332
2013-08-09,-0.00264833,-0.00035839,0.00022211
2013-08-12,-0.00353549,-0.00141096,-0.00075257
2013-08-13,-0.00016516,0.00040574,0.00049545
2013-08-14,-0.00106528,0.00106627,0.00145107
2013-08-15,-0.00288385,0.00356738,0.00469421
2013-08-16,0.00357021,-0.00214945,-0.00326110
2013-08-19,-0.00701767,-0.00102408,0.00050487
2013-08-20,0.00323555,-0.00205941,-0.00308078
2013-08-21,0.00024205,-0.00319672,-0.00365346
2013-08-22,0.00545022,0.00183911,0.00078214
2013-08-23,-0.00323265,-0.00034525,0.00037486
2013-08-26,-0.00007427,-0.00266409,-0.00297956
2013-08-27,-0.01116743,0.00059502,0.00330615
2013-08-28,0.00085503,-0.00207913,-0.00254090
2013-08-29,0.00582988,-0.00294354,-0.00468799
2013-08-30,-0.00332238,-0.00003157,0.00074894
2013-09-03,0.00596677,-0.00238747,-0.00409472
2013-09-04,0.00346880,0.00043171,-0.00033335
2013-09-05,0.00319336,0.00074941,0.00008910
2013-09-06,-0.00015311,0.00047423,0.00056966
2013-09-09,0.00386512,0.00233519,0.00171449
2013-09-10,0.00513501,-0.00044400,-0.00171193
2013-09-11,-0.00118821,0.00320763,0.00388913
2013-09-12,-0.00098741,-0.00073959,-0.00059890
2013-09-13,-0.00078679,0.00088337,0.00117956
2013-09-16,0.00238609,0.00222378,0.00193837
2013-09-17,0.00341512,-0.00151417,-0.00250979
2013-09-18,-0.00357338,0.00180230,0.00287130
2013-09-19,-0.00137387,-0.00261626,-0.00261890
2013-09-20,0.00393977,-0.00051983,-0.00151504
2013-09-23,-0.00488806,0.00182068,0.00453475
2013-09-24,0.00320699,0.00058355,-0.00199675
2013-09-25,0.00326312,-0.00153615,-0.00145431
2013-09-26,-0.00008091,0.00182057,-0.00254896
2013-09-27,0.00033771,0.00030151,-0.00108990
2013-09-30,-0.00084996,-0.00011856,0.00040415
2013-10-01,0.00478769,0.00174466,-0.00099978
2013-10-02,-0.00137124,-0.00225851,-0.00073802
2013-10-03,-0.00189898,-0.00112624,-0.00224926
2013-10-04,0.00481582,0.00140722,-0.00005262
2013-10-07,-0.00404951,-0.00188270,0.00310911
2013-10-08,-0.00883592,-0.00127944,0.00377889
2013-10-09,-0.00400777,0.00175396,0.00139607
2013-10-10,0.00835133,0.00417999,-0.00225829
2013-10-11,0.00171554,0.00055008,0.00141685
2013-10-14,0.00020032,0.00013847,-0.00052540
2013-10-15,-0.00415487,-0.00130668,-0.00086489
2013-10-16,0.00781537,0.00237072,-0.00358894
2013-10-17,0.00168169,-0.00081591,0.00066662
2013-10-18,0.00229880,0.00100174,0.00089203
2013-10-21,-0.00320622,-0.00037860,0.00134381
2013-10-22,-0.00254014,0.00086062,0.00209160
2013-10-23,-0.00798170,-0.00042400,0.00089531
2013-10-24,0.00177030,0.00144395,0.00144343
2013-10-25,-0.00419873,-0.00115962,-0.00023367
2013-10-28,-0.00553918,-0.00122686,0.00180089
2013-10-29,0.00188988,0.00180816,0.00073472
2013-10-30,-0.00898300,-0.00339447,0.00223758
2013-10-31,-0.00124384,0.00105983,-0.00183742
2013-11-01,-0.00276779,-0.00160571,-0.00113498
2013-11-04,0.00099009,0.00182514,0.00230566
2013-11-05,0.00486299,0.00451826,0.00583573
2013-11-06,-0.00959769,-0.00239445,-0.00080624
2013-11-07,-0.00894897,-0.00306577,-0.00055968
2013-11-08,0.01430199,0.00662295,0.00227322
2013-11-11,0.00252069,0.00161100,0.00000411
2013-11-12,-0.00368600,0.00223964,0.00199397
2013-11-13,0.00627071,0.00126360,0.00090457
2013-11-14,-0.00270052,-0.00358726,-0.00198034
2013-11-15,0.00283651,0.00072001,0.00414586
2013-11-18,-0.00814146,-0.00214796,-0.00001142
2013-11-19,-0.00242266,-0.00028809,-0.00033237
2014-03-25,-0.00123130,0.00104768,0.00028164
2014-03-26,-0.00837392,-0.00207263,-0.00288126
2014-03-27,-0.00187412,0.00061818,-0.00087458
2014-03-28,-0.00530576,-0.00125093,0.00006644
2014-03-31,0.00585635,-0.00021189,0.00053805
2014-04-01,0.00834738,0.00055714,-0.00080969
2014-04-02,-0.00121891,0.00054662,0.00107582
2014-04-03,-0.00923609,-0.00067706,0.00223074
2014-04-04,-0.01383685,-0.00096657,-0.00021571
2014-04-07,-0.00509322,-0.00044398,0.00052213
2014-04-08,0.00180559,0.00068302,0.00085689
2014-04-09,0.01238983,0.00172337,-0.00260025
2014-04-10,-0.01805709,-0.00315398,0.00133105
2014-04-11,-0.00411205,-0.00030359,0.00135489
2014-04-14,0.00040946,0.00124400,0.00074503
2014-04-15,0.00189000,0.00025268,-0.00018551
2014-04-16,0.00545047,0.00028666,-0.00336262
2014-04-17,0.00142934,-0.00018594,0.00111873
2014-04-21,0.00351162,-0.00145023,-0.00229927
2014-04-22,0.00593737,0.00034984,-0.00091680
2014-04-23,-0.00488060,-0.00133124,-0.00020256
2014-04-24,0.00308245,0.00216280,0.00253765
2014-04-25,-0.00179295,0.00355836,-0.00015482
2014-04-28,0.00029942,0.00165022,0.00006675
2014-04-29,-0.00129752,-0.00180396,0.00204709
2014-04-30,-0.00278012,-0.00093310,0.00077381
2014-05-01,0.00023647,-0.00031004,-0.00131405
2014-05-02,0.00056830,0.00043115,0.00060354
2014-05-05,0.00338375,-0.00436099,-0.00478868
2014-05-06,0.00086302,0.00115290,0.00031089
2014-05-07,-0.00385214,0.00513872,0.00123876
2014-05-08,-0.00257100,0.00272541,-0.00044631
2014-05-09,0.00094963,0.00294389,0.00176626
2014-05-12,0.00213480,0.00062980,0.00219018
2014-05-13,-0.00188401,-0.00035995,0.00019041
2014-05-14,-0.00244469,-0.00100028,-0.00065385
2014-05-15,0.00068625,0.00013204,-0.00041252
2014-05-16,0.00036338,0.00078977,-0.00009209
2014-05-19,0.00072539,-0.00201507,0.00077483
2014-05-20,0.00083393,-0.00159330,-0.00238312
2014-05-21,-0.00014009,-0.00138813,0.00138117
2014-05-22,0.00124623,0.00036963,0.00053315
2014-05-23,0.00277762,-0.00109043,-0.00021044
2014-05-27,0.00546482,-0.00332225,-0.00284277
2014-05-28,-0.00079767,-0.00052057,0.00044198
2014-05-29,-0.00058041,-0.00138035,0.00177297
2014-05-30,-0.00300882,0.00264592,0.00004814
2014-06-02,-0.00600452,0.00100278,0.00400104
2014-06-03,-0.00235941,0.00146112,0.00100434
2014-06-04,0.00857945,-0.00049184,-0.00006091
2014-06-05,0.00494785,0.00108175,-0.00244033
2014-06-06,0.00862574,0.00193403,-0.00054039
2014-06-09,0.00528134,-0.00032240,-0.00183420
2014-06-10,0.00290445,-0.00170801,0.00134335
2014-06-11,0.00073391,-0.00411643,-0.00074414
2014-06-12,-0.00093560,-0.00042251,-0.00237918
2014-06-13,0.00007464,-0.00029744,0.00134775
2014-06-16,0.00256521,-0.00478715,-0.00085491
2014-06-17,0.00201193,-0.00105436,-0.00207985
2014-06-18,0.00182006,-0.00035728,0.00104943
2014-06-19,0.00520215,0.00247163,-0.00006461
2014-06-20,-0.00047688,-0.00090846,0.00049666
2014-06-23,0.00009846,0.00000056,-0.00027213
2014-06-24,0.00713807,0.00051943,0.00094009
2014-06-25,0.00054356,0.00056162,-0.00058679
2014-06-26,-0.00110402,0.00006644,-0.00081218
2014-06-27,0.00768638,0.00378002,-0.01388496
2014-06-30,-0.00056377,-0.00132561,0.00215593
2014-07-01,0.00470318,0.00140569,-0.00010367
2014-07-02,0.00081499,-0.00022032,0.00014102
2014-07-03,-0.00051904,-0.00163224,0.00187997
2014-07-07,0.00461503,-0.00232767,0.00086599
2014-07-08,0.00079537,-0.00379313,0.00080294
2014-07-09,-0.00465591,0.00167195,-0.00000563
2014-07-10,-0.00035815,0.00092230,-0.00046612
2014-07-11,0.00141667,0.00177497,0.00097429
2014-07-14,-0.00111562,0.00141760,-0.00099133
2014-07-15,0.00285496,-0.00249691,0.00126240
2014-07-16,-0.00185839,-0.00162819,0.00231022
2014-07-17,0.00123965,-0.00249747,-0.00071567
2014-07-18,-0.00257404,0.00332336,-0.00071917
2014-07-21,-0.00090539,0.00120257,-0.00061031
2014-07-22,-0.00029037,0.00072318,0.00020689
2014-07-23,0.00457504,0.00309729,-0.00308744
2014-07-24,0.00226464,0.00134043,0.00132220
2014-07-25,-0.00118867,-0.00039276,-0.00090433
2014-07-28,0.00097294,0.00103189,0.00106189
2014-07-29,-0.00175501,-0.00201708,0.00006857
2014-07-30,0.00253461,-0.00037286,-0.00076256
2014-07-31,-0.00084885,-0.00515500,0.00041431
2014-08-01,-0.00641751,-0.00183337,-0.00758465
2014-08-04,0.00400387,0.00308369,0.00137513
2014-08-05,-0.00270909,-0.00278518,-0.00063267
2014-08-06,-0.00131622,-0.00099402,0.00235548
2014-08-07,-0.00132381,-0.00103515,-0.00205327
2014-08-08,0.00219136,0.00284190,0.00083781
2014-08-11,-0.00068239,0.00056425,-0.00114603
2014-08-12,0.00601318,0.00253613,0.00074676
2014-08-13,-0.00037999,0.00372063,-0.00196575
2014-08-14,-0.00000022,-0.00020140,-0.00027870
2014-08-15,0.00034650,0.00213109,-0.00212987
2014-08-18,-0.00218092,-0.00124215,0.00047698
2014-08-19,-0.00019334,-0.00033663,0.00061430
2014-08-20,-0.00064245,0.00091455,0.00191660
2014-08-21,0.00188975,-0.00158462,0.00135111
2014-08-22,-0.00193393,-0.00142802,-0.00061332
2014-08-25,-0.00178559,0.00155554,-0.00192927
2014-08-26,-0.00099786,-0.00220488,0.00177319
2014-08-27,0.00177370,0.00163950,-0.00194066
2014-08-28,0.00081210,0.00295952,-0.00058177
2014-08-29,0.00037085,-0.00026817,0.00181059
2014-09-02,-0.00470043,-0.00387904,-0.00132694
2014-09-03,0.00165006,0.00100095,-0.00057519
2014-09-04,-0.00109040,-0.00178367,-0.00105204
2014-09-05,0.00003653,0.00172661,-0.00015724
2014-09-08,-0.00213922,-0.00569388,-0.00096025
2014-09-09,0.00331368,0.00060121,-0.00072316
2014-09-10,-0.00138924,-0.00119812,-0.00046340
2014-09-11,-0.00152926,-0.00221537,0.00258990
2014-09-12,0.00205173,-0.00141187,-0.00125442
2014-09-15,0.00744454,0.00385337,0.00188037
2014-09-16,-0.00567793,0.00218276,-0.00191728
2014-09-17,-0.00140805,-0.00129991,-0.00180286
2014-09-18,-0.00171249,-0.00039981,-0.00063808
2014-09-19,0.00426631,0.00274533,-0.00150762
2014-09-22,0.00339670,0.00047716,-0.00184017
2014-09-23,0.00155305,0.00106851,-0.00096068
2014-09-24,-0.00601850,0.00313049,-0.00138970
2014-09-25,-0.00045294,-0.00262652,-0.00302126
2014-09-26,-0.00393902,0.00238386,-0.00114596
2014-09-29,-0.00364230,-0.00283554,-0.00054997
2014-09-30,0.00081564,-0.00004642,-0.00098940
2014-10-01,0.00138925,-0.00188977,-0.00103609
2014-10-02,-0.00284133,-0.00242730,0.00055557
2014-10-03,-0.00467915,0.00351338,-0.00305003
2014-10-06,0.00786483,-0.00012502,0.00039339
2014-10-07,-0.00233390,-0.00056437,-0.00305066
2014-10-08,0.00153088,0.00176347,0.00410116
2014-10-09,-0.00185710,-0.00278405,-0.00464648
2014-10-10,0.00520696,-0.00277847,-0.00117460
2014-10-13,0.00349735,-0.01137232,0.00513660
2014-10-14,-0.00054466,-0.00279577,0.00298635
2014-10-15,-0.00648727,-0.00098716,0.00143946
2014-10-16,-0.00372924,0.00437781,-0.00208117
2014-10-17,-0.00212176,0.00550069,-0.00334472
2014-10-20,-0.00261387,0.00006642,0.00205969
2014-10-21,-0.00115775,0.00747835,0.00127102
2014-10-22,0.00098795,0.00609525,-0.00319763
2014-10-23,0.00211374,0.00036390,0.00322785
2014-10-24,-0.00327320,0.00097698,0.00201703
2014-10-27,-0.00682412,0.00273523,-0.00073283
2014-10-28,0.00091835,-0.00361192,0.00309537
2014-10-29,-0.00095591,0.00044631,-0.00204262
2014-10-30,-0.00277922,0.00190816,0.00414751
2014-10-31,0.00368757,-0.00279970,0.00250753
2014-11-03,-0.00076142,0.00273781,-0.00077989
2014-11-04,-0.00630928,0.00189048,0.00149796
2014-11-05,0.00693620,-0.00377104,0.00112264
2014-11-06,0.00081762,0.00255670,-0.00044957
2014-11-07,0.00706882,-0.00599490,0.00098911
2014-11-10,-0.00323080,0.00478541,0.00165992
2014-11-11,0.00129354,0.00070599,-0.00015813
2014-11-12,-0.00171501,-0.00059443,0.00027308
2014-11-13,-0.00115872,0.00339303,-0.00188628
2014-11-14,0.00436848,-0.00388141,-0.00229039
2014-11-17,0.00075971,0.00424990,-0.00153314
2014-11-18,-0.00129000,0.00252348,0.00125923
2014-11-19,0.00244427,0.00190790,-0.00162917
2014-11-20,-0.00540800,-0.00793727,-0.00456774
2014-11-21,-0.00100186,-0.00317686,-0.00279147
2014-11-24,0.00000855,0.00396195,0.00667673
2014-11-25,0.00101205,0.00344585,0.00270418
2014-11-26,0.00598263,0.00934194,0.00661849
2014-11-28,0.01250833,0.01754740,0.02025841
2014-12-01,0.00189053,0.00142823,0.00333680
2014-12-02,0.00427704,0.01211138,0.00861642
2014-12-03,-0.00364360,-0.00444768,-0.00104592
2014-12-04,0.00514369,0.00798187,0.00501595
2014-12-05,0.00001189,0.00151596,0.00285850
2014-12-08,0.00788109,0.00971878,0.00981164
2014-12-09,-0.00462018,-0.00419277,-0.00502430
2014-12-10,0.00088155,0.00201842,0.00079089
2014-12-11,0.00176423,0.00228241,0.00541457
2014-12-12,-0.00362880,-0.00231526,-0.00219957
2014-12-15,-0.00324692,-0.00338727,-0.00142330
2014-12-16,-0.00801823,-0.01105122,-0.00914927
2014-12-17,-0.00429146,-0.00861761,-0.00862780
2014-12-18,0.00860064,0.00780748,0.00514295
2014-12-19,-0.00415874,-0.00896585,-0.01030079
2014-12-22,0.00829897,0.01025440,0.00826369
2014-12-23,-0.01150537,-0.01359795,-0.00477341
2014-12-24,0.00459201,0.00615386,0.00358629
2014-12-26,0.00234049,0.00349392,0.00281556
2014-12-29,-0.00266620,-0.00235070,-0.00013215
2014-12-30,-0.00146445,0.00026559,0.00109329
2014-12-31,-0.00364249,-0.00065709,0.00036895
2015-01-02,0.00167243,-0.00206408,-0.00446933
2015-01-05,0.00946048,0.01223383,0.00728879
2015-01-06,0.00772070,0.00241231,-0.00017729
2015-01-07,0.00874313,0.00904159,0.00594169
2015-01-08,0.00281817,0.00129734,0.00091172
2015-01-09,0.00334652,0.00517016,0.00101435
2015-01-12,0.00538317,0.00756603,0.00490742
2015-01-13,0.00407617,0.00472662,0.00270083
2015-01-14,-0.00075089,-0.00099332,-0.00180682
2015-01-15,0.00484144,-0.00053592,-0.00099457
2015-01-16,-0.00469118,-0.00329575,-0.00113875
2015-01-20,0.01399882,0.01058471,0.00357907
2015-01-21,-0.00329129,-0.01051963,-0.00742684
2015-01-22,0.00276546,0.00460179,0.00428393
2015-01-23,-0.00072390,0.00544884,0.00421513
2015-01-26,-0.00980563,-0.00289628,-0.00098173
2015-01-27,-0.01074163,-0.00404655,-0.00267177
2015-01-28,0.01040773,0.01087842,0.00610994
2015-01-29,0.00226168,0.00585421,0.00476292
2015-01-30,-0.00256564,-0.00977295,-0.00644650
2015-02-02,-0.00621234,-0.01478963,-0.00739649
2015-02-03,-0.01607128,-0.02045782,-0.00888374
2015-02-04,0.00638089,0.00726590,0.00367933
2015-02-05,-0.01163728,-0.00862345,-0.00366265
2015-02-06,-0.00808245,-0.00822834,-0.00405230
2015-02-09,-0.00164344,-0.00598041,-0.00375959
2015-02-10,0.01766179,0.01740302,0.00904447
2015-02-11,0.00408877,0.00318907,0.00157284
2015-02-12,-0.00380231,-0.00159945,-0.00078884
2015-02-13,-0.00882011,-0.00891145,-0.00389829
2015-02-17,-0.00288048,-0.00310986,-0.00212538
2015-02-18,-0.00021710,0.00367928,0.00245757
2015-02-19,-0.00374363,0.00071768,0.00232200
2015-02-20,0.01055713,0.00855169,0.00428991
2015-02-23,0.00776026,0.00968622,0.00629377
2015-02-24,0.00014406,0.00057443,0.00169219
2015-02-25,-0.00643050,-0.00352520,-0.00091153
2015-02-26,0.00622560,0.00432070,0.00397302
2015-02-27,-0.00048760,-0.00056920,-0.00041755
2015-03-02,0.01012180,0.00536399,0.00312090
2015-03-03,-0.00074377,-0.00141395,-0.00202569
2015-03-04,-0.00046446,-0.00092779,-0.00143274
2015-03-05,0.00501578,0.00096054,0.00037688
2015-03-06,-0.00125934,-0.00010040,0.00073083
2015-03-09,0.01070361,0.00762679,0.00571509
2015-03-10,0.00157489,0.00057731,0.00039572
2015-03-11,-0.00215144,-0.00216542,-0.00048065
2015-03-12,0.00291579,0.00084543,0.00072438
2015-03-13,0.00563519,0.00216038,0.00130452
2015-03-16,0.01670971,0.00795767,0.00423058
2015-03-17,-0.00072284,-0.00013632,0.00039096
2015-03-18,-0.00836256,-0.00453481,-0.00357166
2015-03-19,0.00895017,0.00549732,0.00413450
2015-03-20,-0.00644786,-0.00335017,-0.00281213
2015-03-23,-0.01013941,-0.00327719,-0.00076297
2015-03-24,-0.00581398,-0.00209593,-0.00104978
2015-03-25,-0.02255210,-0.01323942,-0.00382433
2015-03-26,0.00172592,0.00010086,-0.00052677
2015-03-27,0.01801451,0.01230436,0.00066491
2015-03-30,0.00409545,0.00588118,0.00196534
2015-03-31,-0.00568779,-0.00308603,-0.00166989
2015-04-01,-0.00519983,-0.00522221,-0.00006019
2015-04-02,-0.01049811,-0.00856478,-0.00153597
2015-04-06,-0.01262058,-0.01293307,-0.00099547
2015-04-07,-0.00284449,-0.00418019,-0.00069893
2015-04-08,0.01934048,0.01260423,0.00076369
2015-04-09,-0.00574053,-0.00521448,0.00142739
2015-04-10,0.00539497,0.00365297,0.00173721
2015-04-13,0.00195105,0.00153520,-0.00042228
2015-04-14,-0.01222788,-0.01063289,-0.00078511
2015-04-15,-0.01625410,-0.01520827,-0.00136254
2015-04-16,0.00695614,0.00471044,0.00138471
2015-04-17,-0.00176665,-0.00059289,-0.00012938
2015-04-20,0.00506124,0.00347038,-0.00040404
2015-04-21,0.01671470,0.01314238,0.00054485
2015-04-22,-0.00136387,-0.00029587,0.00042453
2015-04-23,-0.00152563,-0.00427479,-0.00099722
2015-04-24,0.00026443,0.00143823,-0.00443195
2015-04-27,-0.02308077,-0.01529048,-0.00424780
2015-04-28,-0.01370345,-0.00732036,0.00045461
2015-04-29,-0.01543891,-0.00664901,0.00109324
2015-04-30,-0.02226698,-0.01145829,-0.00143587
2015-05-01,0.01673073,0.00932318,0.00199510
2015-05-04,0.00120505,0.00094544,0.00123707
2015-05-05,-0.01535680,-0.00891258,-0.00206527
2015-05-06,0.00372273,0.00211891,-0.00022210
2015-05-07,0.01460265,0.00741855,0.00109299
2015-05-08,0.00436317,0.00403038,0.00292977
2015-05-11,0.00491955,0.00272282,-0.00017428
2015-05-12,-0.00479688,-0.00249545,0.00036328
2015-05-13,-0.00241267,-0.00251500,-0.00082185
2015-05-14,0.01203036,0.00783468,0.00028091
2015-05-15,-0.00186615,-0.00104726,0.00053954
2015-05-18,0.01128901,0.00585722,0.00076915
2015-05-19,0.01153043,0.00861880,0.00194532
2015-05-20,0.00115882,0.00184062,0.00047018
2015-05-21,-0.00671830,-0.00492739,-0.00161275
2015-05-22,0.00333553,0.00299269,0.00012676
2015-05-26,0.00307262,0.00299441,0.00000042
2015-05-27,0.01185473,0.00626642,0.00240751
2015-05-28,0.00249643,0.00165826,0.00193077
2015-05-29,0.00363469,0.00445580,0.00231560
2015-06-01,0.00463383,0.00141573,-0.00028893
2015-06-02,-0.01189065,-0.00422834,-0.00052509
2015-06-03,0.00409802,0.00193788,0.00162496
2015-06-04,0.00068604,0.00055026,0.00010618
2015-06-05,0.00407425,0.00306831,-0.00050617
2015-06-08,-0.00221073,-0.00012607,0.00018595
2015-06-09,-0.00471712,-0.00148320,-0.00045317
2015-06-10,-0.00421549,-0.00301411,-0.00022476
2015-06-11,0.00842306,0.00323140,0.00139775
2015-06-12,-0.00406326,-0.00188878,-0.00089677
2015-06-15,0.00416209,0.00613312,0.00255599
2015-06-16,0.00259802,0.00005292,0.00092985
2015-06-17,0.00525489,0.00273022,0.00094099
2015-06-18,0.01627709,0.00800343,0.00405797
2015-06-19,0.00285891,0.00017329,-0.00169894
2015-06-22,0.00556332,0.00414900,0.00282915
2015-06-23,-0.00673096,-0.00440789,-0.00201364
2015-06-24,-0.00591749,-0.00165773,-0.00321570
2015-06-25,0.00647817,0.00645154,-0.00010216
2015-06-26,-0.00725927,-0.00376077,-0.00149902
2015-06-29,-0.00342470,0.00059654,-0.00148844
2015-06-30,0.01830015,0.01138346,0.00245241
2015-07-01,0.01334591,0.01491419,0.00255108
2015-07-02,-0.00311779,-0.00273686,-0.00067881
2015-07-06,0.01439232,0.01295146,0.00189963
2015-07-07,-0.00182995,-0.00419114,-0.00143023
2015-07-08,-0.00501247,0.00028785,-0.00188653
2015-07-09,0.00410878,0.00190953,0.00113332
2015-07-10,0.01670927,0.01264641,0.00376800
2015-07-13,0.00870638,0.00316393,0.00117700
2015-07-14,0.00298034,0.00072117,0.00201327
2015-07-15,0.01116657,0.01278496,0.00280505
2015-07-16,0.01696259,0.01223699,0.00294561
2015-07-17,0.01500372,0.01295750,0.00298333
2015-07-20,0.01479611,0.01267465,0.00012296
2015-07-21,-0.00587346,-0.00476662,-0.00073976
2015-07-22,0.00767428,0.00977815,0.00312627
2015-07-23,-0.00282500,-0.00361239,-0.00060125
2015-07-24,0.00191573,0.01328417,-0.00253657
2015-07-27,-0.00171243,0.00409829,0.00118369
2015-07-28,-0.00043872,-0.00918560,0.00014762
2015-07-29,-0.01588075,-0.02068389,-0.00588447
2015-07-30,0.00585909,0.00469118,0.00078993
2015-07-31,0.01322486,0.01248042,0.00016423
2015-08-03,0.01086667,0.01683857,0.00335797
2015-08-04,0.00427941,0.00558563,0.00181674
2015-08-05,0.01234513,0.01218893,0.00276787
2015-08-06,-0.04210787,-0.03647376,-0.00727902
2015-08-07,0.00728817,0.01340691,0.00132556
2015-08-10,-0.01844095,-0.02811341,-0.00389285
2015-08-11,-0.00505320,0.00218793,-0.00052134
2015-08-12,-0.00356577,-0.00821239,-0.00110148
2015-08-13,0.01170628,0.01803962,0.00368391
2015-08-14,-0.00301051,-0.00041228,-0.00019267
2015-08-17,0.01561285,0.01036553,0.00244212
2015-08-18,-0.00505854,-0.00053202,-0.00105680
2015-08-19,0.00439148,0.01223340,0.00129057
2015-08-20,-0.02184841,-0.00866976,-0.00385876
2015-08-21,-0.00925932,0.00234736,-0.00018293
2015-08-24,-0.00598763,0.00601374,-0.00841139
2015-08-25,0.01473843,0.01410878,0.00026585
2015-08-26,0.01509820,0.00033632,0.00363702
2015-08-27,-0.01855990,-0.02987225,-0.00005898
2015-08-28,-0.01033423,-0.02027612,-0.00161153
2015-08-31,-0.02663782,-0.02179107,-0.00186104
2015-09-01,0.00851494,0.01666773,-0.00040176
2015-09-02,0.02138999,0.00942748,0.00294103
2015-09-03,-0.01577140,-0.00843771,-0.00094992
2015-09-04,0.01287675,0.01254961,-0.00018072
2015-09-08,0.01452146,0.00354038,0.00272653
2015-09-09,-0.00024873,0.00428099,-0.00108266
2015-09-10,0.01038710,0.00615954,0.00182466
2015-09-11,0.01434763,0.01243285,0.00186983
2015-09-14,0.00514776,0.00841318,0.00081718
2015-09-15,-0.00486312,-0.00681954,0.00104678
2015-09-16,-0.01766369,-0.02216433,-0.00136924
2015-09-17,0.02408350,0.01522763,0.00237985
2015-09-18,0.02012976,0.01806081,0.00163481
2015-09-21,-0.01621493,-0.00520636,-0.00138820
2015-09-22,-0.00266842,0.00459533,-0.00180787
2015-09-23,0.02349965,0.02517293,0.00727855
2015-09-24,-0.01074529,-0.00845827,-0.00404844
2015-09-25,-0.03203974,-0.01132698,-0.01278605
2015-09-28,-0.02322876,-0.00516288,-0.00704313
2015-09-29,-0.02056360,-0.00993503,-0.00726781
2015-09-30,0.01283183,0.00584412,0.00385394
2015-10-01,0.00687579,0.00704097,0.00305193
2015-10-02,-0.00736228,-0.02088082,-0.00526957
2015-10-05,-0.03294676,-0.03396207,-0.01304691
2015-10-06,-0.04720325,-0.03722864,-0.01456029
2015-10-07,-0.00179164,-0.00862910,-0.00122491
2015-10-08,-0.02741160,-0.02144496,-0.00992737
2015-10-09,0.01123436,0.00258640,0.00211575
2015-10-12,0.01986666,0.02322303,0.00563786
2015-10-13,-0.01109373,-0.00271352,-0.00298851
2015-10-14,-0.00893989,-0.00900749,-0.00074599
2015-10-15,0.01763332,0.00812529,0.01035095
2015-10-16,0.01159978,0.00984839,0.00442473
2015-10-19,0.01801146,0.01638558,0.00521650
2015-10-20,-0.02523485,-0.01832942,-0.00983680
2015-10-21,0.00364497,0.00837911,0.00050347
2015-10-22,-0.00994115,-0.00261818,-0.00221724
2015-10-23,0.01640183,0.00714114,0.00399716
2015-10-26,0.02214717,0.01693890,0.01013970
2015-10-27,0.02821565,0.02106886,0.01378619
2015-10-28,-0.00713244,-0.01095230,-0.00567770
2015-10-29,-0.00516655,-0.00339176,-0.00258280
2015-10-30,-0.00581455,-0.00519388,-0.00544006
2015-11-02,-0.00481837,-0.01219943,-0.00579890
2015-11-03,-0.01551460,-0.01682495,-0.01059303
2015-11-04,0.01488019,0.00872049,0.00468380
2015-11-05,-0.00352845,0.00197154,0.00196329
2015-11-06,0.00178758,0.00028347,0.00132734
2015-11-09,0.01018750,0.00864506,0.00644626
2015-11-10,0.00574580,0.00665341,0.00487900
2015-11-11,0.01145356,0.01540392,0.00970475
2015-11-12,0.00912843,0.00881270,0.00513719
2015-11-13,-0.00451172,0.00009290,0.00308432
2015-11-16,-0.01478178,-0.01122409,-0.00896455
2015-11-17,0.01575075,0.01153776,0.00584612
2015-11-18,-0.00123870,-0.00661591,-0.00537954
2015-11-19,0.00186839,0.00398039,0.00277671
2015-11-20,0.01242969,0.00739539,0.00638401
2015-11-23,0.00477946,-0.00003599,-0.00033363
2015-11-24,-0.01453343,-0.01419603,-0.00923740
2015-11-25,0.00363594,-0.00198217,-0.00119231
2015-11-27,0.01179542,0.00983081,0.00691352
2015-11-30,-0.01430622,-0.00919838,-0.00538404
2015-12-01,0.00056196,0.00034763,0.00050530
2015-12-02,0.01442448,0.01163504,0.00787425
2015-12-03,-0.00546893,-0.00080278,-0.00018749
2015-12-04,0.02593520,0.02187882,0.01314823
2015-12-07,0.01278633,0.01159148,0.00759461
2015-12-08,0.02276543,0.01410718,0.00690409
2015-12-09,-0.02153666,-0.01857621,-0.01036552
2015-12-10,-0.00579830,-0.00943885,-0.00636923
2015-12-11,0.00680516,0.01014545,0.00836880
2015-12-14,0.01239706,0.01247494,0.00681921
2015-12-15,-0.00572623,-0.00367889,-0.00067397
2015-12-16,0.00547065,-0.00184617,-0.00147685
2015-12-17,0.00870283,0.00794937,0.00672159
2015-12-18,-0.00555422,-0.00588417,-0.00265348
2015-12-21,-0.00168922,-0.00263948,-0.00062479
2015-12-22,-0.01687419,-0.00754280,-0.00769569
2015-12-23,-0.02211686,-0.01316428,-0.01623952
2015-12-24,-0.00031626,-0.00005306,0.00093522
2015-12-28,0.01707579,0.01014668,0.00937485
2015-12-29,0.00658858,0.00330992,0.00130813
2015-12-30,0.00640017,0.00607734,0.00571675
2015-12-31,-0.00772550,-0.00105792,-0.00211565
2016-01-04,-0.02177053,-0.01042704,-0.00841831
2016-01-05,0.00716890,0.00552680,0.00615681
2016-01-06,0.01818823,0.01398822,0.01633676
2016-01-07,0.00913760,0.01013619,0.01129369
2016-01-08,0.00233971,0.00425656,0.00344427
2016-01-11,0.00466344,0.00510871,0.00643681
2016-01-12,0.01684025,0.00775944,0.00725006
2016-01-13,-0.00730742,0.00143578,0.00532521
2016-01-14,-0.00280865,-0.00286225,-0.00703819
2016-01-15,0.00225939,0.00265439,0.00493424
2016-01-19,0.01281242,0.01093783,0.01310275
2016-01-20,0.00610616,-0.00198582,-0.00336650
2016-01-21,-0.02817830,-0.01555699,-0.01727434
2016-01-22,0.00268149,-0.00311223,-0.00662224
2016-01-25,0.01921639,0.01602254,0.01617429
2016-01-26,-0.02986016,-0.02405325,-0.01924863
2016-01-27,-0.01063887,-0.00927563,-0.00416629
2016-01-28,0.00349776,-0.00561809,-0.00478923
2016-01-29,-0.01954472,-0.01296067,-0.01167969
2016-02-01,0.00943819,0.00710928,0.00489660
2016-02-02,0.00969533,0.00627594,0.01191513
2016-02-03,-0.02260242,-0.01856307,-0.01724957
2016-02-04,-0.02192137,-0.01082804,-0.01448025
2016-02-05,-0.01215300,-0.01042438,-0.00480272
2016-02-08,-0.00522072,-0.00659537,0.00314845
2016-02-09,0.02189243,0.01758678,0.01472385
2016-02-10,0.01159511,0.00743191,0.00397420
2016-02-11,0.00636183,0.00598267,0.00613582
2016-02-12,-0.01155279,-0.00894246,-0.01168257
2016-02-16,-0.00719490,-0.00253094,-0.00716656
2016-02-17,-0.01242199,-0.00621335,-0.01212934
2016-02-18,-0.01091062,-0.00841670,-0.00448332
2016-02-19,0.01453442,0.01259736,0.01013280
2016-02-22,-0.01038147,-0.00943467,-0.01210726
2016-02-23,0.00411523,0.00424768,0.00962343
2016-02-24,-0.00479259,-0.00115314,0.00027025
2016-02-25,0.00258653,0.00313002,0.00366636
2016-02-26,-0.01123251,-0.01146704,-0.00801654
2016-02-29,-0.00414296,-0.01367513,-0.00789157
2016-03-01,-0.00128293,0.00098333,-0.00191886
2016-03-02,-0.01767582,-0.01967265,-0.01205426
2016-03-03,-0.00977502,-0.01938365,-0.01116323
2016-03-04,-0.00769530,-0.00957509,-0.00572687
2016-03-07,-0.00926611,-0.01605421,-0.01160907
2016-03-08,0.02236123,0.02338221,0.01459444
2016-03-09,-0.00065405,-0.00276975,-0.00235118
2016-03-10,0.00221215,-0.00312347,0.00025154
2016-03-11,-0.01420113,-0.00916548,-0.00641771
2016-03-14,0.00193332,0.00435936,0.00100377
2016-03-15,0.01657445,0.00632106,0.00365374
2016-03-16,-0.00687182,-0.01327047,-0.00775683
2016-03-17,-0.00724372,-0.01535771,-0.00691756
2016-03-18,-0.00676033,-0.00320046,-0.00290877
2016-03-21,-0.00001370,0.00120914,0.00007642
2016-03-22,-0.00110022,0.00722028,0.00454942
2016-03-23,0.02179185,0.01990870,0.01118066
2016-03-24,-0.00263754,-0.00102220,0.00373144
2016-03-28,0.00456710,0.00015941,-0.00210751
2016-03-29,-0.01415866,-0.00218739,0.00627453
2016-03-30,-0.00063795,0.00076791,-0.00063298
2016-03-31,-0.00993381,-0.00016746,0.00477297
2016-04-01,0.00043493,0.00095049,-0.00330530
2016-04-04,0.00066865,0.00403987,0.00013160
2016-04-05,0.00382433,0.00092312,-0.00315539
2016-04-06,-0.01884804,-0.00354942,0.00181461
2016-04-07,0.00423220,0.00184931,-0.00325185
2016-04-08,-0.00178785,-0.00153414,0.00463077
2016-04-11,0.00741177,-0.00046072,-0.00081895
2016-04-12,-0.00604887,-0.00282642,0.00506033
2016-04-13,-0.01410700,-0.00075571,0.00405460
2016-04-14,-0.00018660,0.00041212,-0.00073349
2016-04-15,0.00149287,0.00203381,0.00208308
2016-04-18,-0.00685918,-0.00112192,0.00135421
2016-04-19,0.00313062,-0.00217631,0.00093230
2016-04-20,-0.00531481,-0.00087318,0.00030971
2016-04-21,-0.00398676,0.00288051,-0.00003835
2016-04-22,-0.00814141,-0.00093171,0.00236910
2016-04-25,0.01078916,-0.00096959,-0.00158103
2016-04-26,-0.00082460,0.00460213,0.00337845
2016-04-27,-0.00847877,-0.00679046,-0.00933022
2016-04-28,0.00173586,-0.00026093,0.00030978
2016-04-29,0.00512810,-0.00053282,-0.00005422
2016-05-02,0.00085736,-0.00262850,-0.00124427
2016-05-03,0.01503891,-0.00216152,-0.00299603
2016-05-04,0.01223489,0.00167925,0.00116688
2016-05-05,0.00401755,-0.00094807,-0.00211947
2016-05-06,0.00169297,0.00227428,0.00252698
2016-05-09,-0.00046706,-0.00429402,-0.00148081
2016-05-10,-0.00274569,0.00330203,-0.00058135
2016-05-11,-0.00005899,-0.00057647,0.00181934
2016-05-12,0.00794471,-0.00147531,-0.00200933
2016-05-13,-0.00479834,-0.00420338,0.00088410
2016-05-16,-0.00915068,-0.00118161,-0.00076402
2016-05-17,-0.00246925,0.00439205,0.00361827
2016-05-18,-0.00137287,-0.00497853,-0.00811945
2016-05-19,0.00225590,-0.00112357,0.00124019
2016-05-20,-0.00712748,0.00195189,0.00024234
2016-05-23,-0.00572470,-0.00356923,-0.00091784
2016-05-24,-0.00061695,0.00022128,-0.00319675
2016-05-25,0.00847384,-0.00516046,0.00927745
2016-05-26,-0.00212432,0.00334565,-0.00413253
2016-05-27,-0.00895728,-0.00627983,-0.00383764
2016-05-31,0.00109182,-0.00208617,0.00611544
2016-06-01,-0.00193473,-0.00210418,0.00170230
2016-06-02,0.00159701,-0.00153665,0.00371343
2016-06-03,-0.00267432,0.00052734,0.00041540
2016-06-06,0.00579175,-0.00611984,0.01173808
2016-06-07,0.00074641,-0.00215308,0.00348964
2016-06-08,-0.00044912,0.00022429,0.00006856
2016-06-09,-0.00644822,0.00322588,-0.00753818
2016-06-10,-0.00284359,0.00703275,-0.01055094
2016-06-13,-0.00189975,0.00140358,-0.00147606
2016-06-14,-0.00143209,0.00262809,-0.00255297
2016-06-15,0.00140217,-0.00221198,0.00482699
2016-06-16,0.00192106,0.00290090,-0.00233758
2016-06-17,0.01286298,-0.00163778,0.01112811
2016-06-20,-0.00105926,-0.00395420,0.00278711
2016-06-21,-0.00161474,0.00203959,-0.00533845
2016-06-22,0.00015699,0.00270861,-0.00422125
2016-06-23,0.00202478,0.00184844,0.00480833
2016-06-24,-0.00605095,-0.00260335,-0.00299607
2016-06-27,-0.00129083,0.00024127,-0.01320822
2016-06-28,-0.00029881,-0.00406842,0.00273698
2016-06-29,-0.00100774,-0.00221347,0.00539601
2016-06-30,-0.00325154,-0.00278934,-0.00542345
2016-07-01,0.00427885,0.00059418,0.00970710
2016-07-05,-0.00623533,-0.00433193,-0.01260482
2016-07-06,0.00189817,-0.00102802,0.00176032
2016-07-07,0.00126753,0.00105783,0.00219917
2016-07-08,0.00271895,0.00133338,0.00613969
2016-07-11,0.00034638,0.00026752,0.00220318
2016-07-12,0.00593722,0.00322584,0.00982059
2016-07-13,-0.00030074,0.00050561,-0.00548451
2016-07-14,0.00455722,0.00312583,-0.00019087
2016-07-15,-0.00013550,-0.00077036,0.00041792
2016-07-18,0.00103950,-0.00030224,0.00326860
2016-07-19,-0.00143556,0.00010991,-0.00662621
2016-07-20,0.00295077,0.00108299,0.00485686
2016-07-21,0.00171094,0.00005012,0.00198062
2016-07-22,-0.00353687,-0.00218147,-0.00341183
2016-07-25,0.00079922,-0.00153555,-0.00343111
2016-07-26,0.00199163,0.00388077,0.00166079
2016-07-27,0.00068360,0.00499428,-0.00210853
2016-07-28,-0.00735539,-0.00766393,0.00137128
2016-07-29,-0.00191177,-0.00065387,0.00299568
2016-08-01,-0.00253529,-0.00292509,-0.00240918
2016-08-02,-0.00498009,-0.00533139,0.00166711
2016-08-03,0.01313666,0.01741039,-0.00214451
2016-08-04,-0.00557122,-0.00556695,0.00105052
2016-08-05,0.01041087,0.01392605,-0.00374462
2016-08-08,0.00874277,0.00778607,0.00302639
2016-08-09,-0.00582106,-0.00558343,-0.00321111
2016-08-10,-0.00368966,-0.00664039,0.00267613
2016-08-11,0.00696443,0.00863038,0.00077820
2016-08-12,0.00308050,0.00320544,-0.00269682
2016-08-15,0.01126677,0.01341714,-0.00058169
2016-08-16,0.00301837,0.00173093,0.00125372
2016-08-17,-0.00252315,-0.00340738,0.00077517
2016-08-18,0.00155387,0.00311185,0.00082363
2016-08-19,0.00183902,0.00102691,0.00043618
2016-08-22,-0.00420783,-0.00234284,-0.00292149
2016-08-23,0.00607368,0.00580046,-0.00336704
2016-08-24,0.00182793,-0.00171150,0.00105227
2016-08-25,-0.00213242,-0.00399828,0.00207925
2016-08-26,-0.00425345,-0.00165311,-0.00108892
2016-08-29,-0.00001979,0.00098350,-0.00039528
2016-08-30,0.00411025,0.00542230,-0.00432235
2016-08-31,0.00012147,0.00004419,-0.00111095
2016-09-01,-0.00854312,-0.00647147,0.00179794
2016-09-02,0.00093694,0.00031386,0.00037819
2016-09-06,-0.00565185,-0.00147918,0.00097923
2016-09-07,0.00282074,0.00583632,-0.00200833
2016-09-08,0.01009701,0.00789084,-0.00232238
2016-09-09,0.00321708,-0.00036637,0.00007171
2016-09-12,-0.00237686,0.00162301,-0.00269336
2016-09-13,-0.00351576,-0.00206782,-0.00158224
2016-09-14,-0.01106043,-0.00608462,0.00226164
2016-09-15,-0.00681160,-0.00300831,0.00054656
2016-09-16,0.00101098,0.00166617,-0.00200947
2016-09-19,-0.00460909,-0.00255556,0.00210380
2016-09-20,-0.00631429,-0.00442265,0.00076081
2016-09-21,-0.00497903,-0.00473140,0.00320115
2016-09-22,0.00625240,0.00731802,-0.00664296
2016-09-23,-0.00064104,0.00482895,-0.00429601
2016-09-26,-0.00119762,-0.00617207,0.00512764
2016-09-27,-0.01025841,-0.00122837,0.00014883
2016-09-28,0.02050014,0.00227742,-0.00165784
2016-09-29,0.01169273,-0.00119366,0.00272078
2016-09-30,0.00711845,0.00632260,-0.00415638
2016-10-03,-0.01824606,-0.00536316,-0.00001747
2016-10-04,0.00458705,0.00628166,-0.00349868
2016-10-05,0.01481919,0.01112913,-0.00916870
2016-10-06,-0.00300895,-0.00607478,0.00650988
2016-10-07,-0.00718978,-0.00353654,0.00288896
2016-10-10,-0.00175861,0.00120381,-0.00227525
2016-10-11,0.00575505,-0.00006058,0.00126846
2016-10-12,0.00213042,-0.00385068,0.00529248
2016-10-13,-0.00712658,-0.00439463,0.00234106
2016-10-14,0.00286392,-0.00087036,0.00253161
2016-10-17,-0.00374708,-0.00489999,0.00396706
2016-10-18,-0.00166183,0.00113151,-0.00194245
2016-10-19,0.01520862,0.00421681,-0.00085304
2016-10-20,0.00259187,0.00237647,-0.00296425
2016-11-21,0.00467024,-0.00080837,0.00305302
2016-11-22,0.00006644,0.00079229,-0.00236705
2016-11-23,0.00321002,0.00288769,-0.00092811
2016-11-25,0.00545936,0.00122177,0.00038017
2016-11-28,-0.00982133,-0.00493502,0.00160664
2016-11-29,-0.00107459,-0.00388351,0.00484592
2016-11-30,-0.00891952,0.00116519,-0.00279811
2016-12-01,0.00024084,0.00588299,-0.00752130
2016-12-02,-0.00399145,-0.00353993,0.00288701
2016-12-05,0.01020131,0.00471976,-0.00298059
2016-12-06,0.00972610,0.00805968,-0.00575458
2016-12-07,0.01498894,0.00518905,-0.00220813
2016-12-08,0.00847728,0.00733490,-0.00572168
2016-12-09,0.01251876,0.00829793,-0.00598604
2016-12-12,-0.00818165,-0.00549427,0.00446299
2016-12-13,0.00649856,-0.00027813,0.00203687
2016-12-14,-0.01109666,-0.00647259,0.00493177
2016-12-15,0.00418123,0.00007160,0.00230694
2016-12-16,0.00452551,0.00761203,-0.00709957
2016-12-19,-0.00002161,-0.00207529,0.00184499
2016-12-20,0.00395488,0.00126724,-0.00040802
2016-12-21,-0.00649677,-0.00346647,0.00172589
2016-12-22,-0.00839203,-0.00484114,0.00185265
2016-12-23,0.00824619,0.00332850,-0.00086026
2016-12-27,0.00075878,-0.00026979,0.00092878
2016-12-28,-0.00662035,-0.00297072,-0.00053782
2016-12-29,0.00061997,0.00030240,-0.00042342
2016-12-30,-0.00008300,0.00245037,-0.00177413
2017-01-03,0.01039925,0.00924063,-0.00547947
2017-01-04,0.01512486,0.00931662,-0.00295861
2017-01-05,-0.00275524,0.00100599,-0.00416531
2017-01-06,-0.00070021,0.00009871,0.00034796
2017-01-09,0.00018570,0.00093830,-0.00181606
2017-01-10,-0.00069435,-0.00374938,0.00249173
2017-01-11,-0.00536798,-0.00366632,0.00205466
2017-01-12,-0.00013285,0.00195960,-0.00356859
2017-01-13,0.00403822,0.00075279,0.00060327
2017-01-17,-0.00477308,0.00016259,-0.00527323
2017-01-18,-0.00417447,-0.00499131,0.00406435
2017-01-19,-0.00810601,-0.00556432,0.00107273
2017-01-20,-0.00006636,-0.00064262,0.00082713
2017-01-23,-0.00222805,-0.00053661,0.00015128
2017-01-24,-0.00486641,-0.00479465,0.00296005
2017-01-25,0.00259427,0.00218066,0.00005580
2017-01-26,-0.00724661,-0.00720478,0.00040800
2017-01-27,-0.00434995,-0.00369928,-0.00013400
2017-01-30,-0.00186966,0.00055965,-0.00189796
2017-01-31,0.00833102,0.00565998,0.00166665
2017-02-01,-0.00324718,-0.00985603,-0.00062042
2017-02-02,0.00337821,0.00402111,0.00115592
2017-02-03,0.00165538,0.00011000,0.00257107
2017-02-06,-0.00149244,-0.00274825,0.00092039
2017-02-07,-0.00175929,-0.00239883,-0.00133096
2017-02-08,0.00373585,-0.00108363,-0.00529006
2017-02-09,0.00535397,0.00650394,0.00154250
2017-02-10,0.00745731,0.00736656,-0.00104617
2017-02-13,-0.00264510,-0.00361887,-0.00073827
2017-02-14,0.00497868,0.00495207,0.00333742
2017-02-15,0.00777835,0.00668758,0.00018538
2017-02-16,0.00028151,-0.00093793,-0.00107179
2017-02-17,0.00580748,0.00447817,0.00045182
2017-02-21,-0.00012790,0.00117011,0.00010751
2017-02-22,-0.00291827,-0.00157838,-0.00010730
2017-02-23,-0.00277032,-0.00022687,0.00233224
2017-02-24,0.00152112,0.00114468,-0.00262542
2017-02-27,0.00532741,0.00235481,0.00135959
2017-02-28,-0.00928939,-0.00810658,0.00010879
2017-03-01,-0.00398382,-0.00840071,0.00156527
2017-03-02,0.00647335,0.00993081,-0.00137388
2017-03-03,-0.00531294,-0.00696673,0.00067388
2017-03-06,-0.00389756,-0.00138275,0.00209620
2017-03-07,-0.00449204,-0.00392130,0.00086408
2017-03-08,0.00617712,0.00743988,0.00334814
2017-03-09,-0.00153540,-0.00090453,0.00194189
2017-03-10,0.00423215,0.00526576,-0.00045372
2017-03-13,-0.00239484,-0.00423294,0.00014913
2017-03-14,-0.00188433,-0.00041049,0.00073037
2017-03-15,0.00259338,0.00112654,-0.00188125
2017-03-16,0.00785736,0.00493543,-0.00120611
2017-03-17,0.00183074,0.00055734,-0.00251066
2017-03-20,-0.00583799,-0.00637977,-0.00047526
2017-03-21,-0.00207155,0.00482103,-0.00680952
2017-03-22,-0.00637259,-0.00514100,0.00118621
2017-03-23,0.00334688,0.00083844,-0.00074121
2017-03-24,-0.00115869,-0.00118288,0.00129185
2017-03-27,0.00441396,0.00377710,0.00090582
2017-03-28,0.00543001,0.00335980,-0.00160917
2017-03-29,0.01072532,0.00882754,-0.00319805
2017-03-30,0.00002941,-0.00258602,0.00103483
2017-03-31,0.00103739,0.00002280,-0.00137504
2017-04-03,-0.00668367,-0.00433705,0.00171141
2017-04-04,-0.00500717,-0.00444860,-0.00024994
2017-04-05,-0.00114892,0.00139415,-0.00036246
2017-04-06,0.00620367,0.00422943,-0.00149979
2017-04-07,-0.00203473,-0.00040488,-0.00056788
2017-04-10,0.00996690,0.00823832,-0.00220693
2017-04-11,0.00359775,0.00239824,-0.00126149
2017-04-12,-0.00194607,0.00029054,0.00166166
2017-04-13,-0.00564813,-0.00280081,0.00064795
2017-04-17,0.00147922,-0.00092600,0.00462427
2017-04-18,-0.00006467,0.00210370,-0.00084514
2017-04-19,-0.00033740,-0.00057062,0.00408184
2017-04-20,0.00437202,0.00190386,0.00024702
2017-04-21,-0.00055831,-0.00055567,-0.00139067
2017-04-24,-0.00177075,-0.00342382,0.00199282
2017-04-25,0.00036159,-0.00116554,0.00065816
2017-04-26,0.00720260,0.00191539,0.00359719
2017-04-27,-0.00777832,-0.00102131,0.00200361
2017-04-28,-0.00272148,-0.00085299,-0.00318788
2017-05-01,-0.00626085,-0.00028319,0.00370060
2017-05-02,0.00493687,0.00044969,0.00236909
2017-05-03,-0.00353390,-0.00044907,-0.00023065
2017-05-04,-0.00609846,0.00044377,0.00224133
2017-05-05,0.00345805,-0.00226153,-0.00062991
2017-05-08,0.00179111,0.00117413,0.00041970
2017-05-09,-0.00084818,0.00101889,0.00049117
2017-05-10,0.00305569,-0.00074042,-0.00067792
2017-05-11,-0.00507453,-0.00140742,-0.00021481
2017-05-12,-0.00752759,-0.00203001,0.00105670
2017-05-15,0.00124836,-0.00037111,0.00387702
2017-05-16,-0.00746912,-0.00240299,-0.00013417
2017-05-17,0.00163556,-0.00047115,-0.00671314
2017-05-18,-0.00563279,0.00021086,0.00172839
2017-05-19,0.00426349,-0.00083275,-0.00043432
2017-05-22,-0.00119335,-0.00031661,0.00174442
2017-05-23,-0.00144213,-0.00057395,0.00143690
2017-05-24,-0.00634152,-0.00199952,0.00457480
2017-05-25,-0.01169262,0.00022397,0.00280688
2017-05-26,-0.00135742,0.00004452,-0.00093841
2017-05-30,-0.00837617,-0.00255940,-0.00127396
2017-05-31,-0.00198905,0.00117631,-0.00098209
2017-06-01,0.01104985,0.00202396,0.00340024
2017-06-02,-0.00530941,0.00340509,0.00085587
2017-06-05,-0.00496363,-0.00122401,-0.00172148
2017-06-06,0.00115381,0.00074039,-0.00259323
2017-06-07,-0.00824221,0.00356315,-0.00135654
2017-06-08,0.00107133,0.00150595,0.00344881
2017-06-09,0.02325734,0.00162230,-0.00751414
2017-06-12,0.00930083,-0.00097049,-0.00150279
2017-06-13,-0.00008958,0.00022629,0.00091052
2017-06-14,-0.00286346,0.00046123,0.00259910
2017-06-15,-0.00607742,-0.00090868,0.00150112
2017-06-16,-0.00165082,-0.00011948,0.00140449
2017-06-19,-0.00376685,-0.00048528,0.00294865
2017-06-20,-0.00656981,-0.00099432,0.00100412
2017-06-21,-0.01265805,-0.00068301,0.00489459
2017-06-22,0.00731729,0.00020148,-0.00033843
2017-06-23,0.00257375,0.00182935,-0.00089140
2017-06-26,0.01007790,0.00335642,-0.00077975
2017-06-27,0.00859751,0.00352573,-0.00257821
2017-06-28,0.00064714,0.00127922,0.00069817
2017-06-29,0.01036888,0.00305060,-0.00192120
2017-06-30,0.00172067,0.00008550,-0.00187509
2017-07-03,0.01292840,0.00386725,-0.00011576
2017-07-05,-0.01582439,-0.00644927,0.00333900
2017-07-06,-0.00780662,-0.00161473,-0.00282918
2017-07-07,-0.00537636,-0.00154423,0.00184214
2017-07-10,-0.00305145,0.00135346,-0.00049192
2017-07-11,-0.00350574,-0.00056262,-0.00043317
2017-07-12,-0.00374808,-0.00033273,0.00082779
2017-07-13,0.01146322,0.00281197,-0.00003774
2017-07-14,-0.00085721,-0.00038529,-0.00023640
2017-07-17,0.00087536,0.00062906,-0.00070135
2017-07-18,-0.00385661,-0.00082212,0.00215747
2017-07-19,0.00647634,0.00411761,-0.00302046
2017-07-20,-0.00053882,-0.00108340,0.00060678
2017-07-21,-0.00535149,-0.00205945,0.00125532
2017-07-24,-0.00888542,-0.00283690,0.00341634
2017-07-25,-0.00654973,-0.00119058,-0.00815827
2017-07-26,0.00397736,0.00106817,0.00120452
2017-07-27,-0.00558330,-0.00368475,-0.00743316
2017-07-28,0.00257013,0.00207168,0.00224704
2017-07-31,0.00944625,0.00421054,-0.00347486
2017-08-01,-0.00141388,-0.00115453,0.00175112
2017-08-02,-0.00032371,-0.00152240,0.00280452
2017-08-03,0.00215134,-0.00114853,0.00235567
2017-08-04,-0.00128043,0.00257247,0.00120987
2017-08-07,-0.00128155,-0.00200155,0.00451164
2017-08-08,-0.00066218,-0.00022951,-0.00017111
2017-08-09,0.00128231,-0.00222288,-0.00008737
2017-08-10,-0.00055301,-0.00392949,-0.00893668
2017-08-11,0.00206233,0.00046419,0.00500580
2017-08-14,0.00218053,0.00146609,0.00394075
2017-08-15,0.00069791,-0.00061271,0.00457444
2017-08-16,0.00084208,-0.00165500,0.00097626
2017-08-17,0.00012048,-0.00127418,-0.00351390
2017-08-18,0.00059112,0.00202863,0.00219588
2017-08-21,0.00202718,-0.00156682,0.00047985
2017-08-22,-0.00226915,0.00057892,0.00377469
2017-08-23,-0.00108550,-0.00060851,-0.00167829
2017-08-24,-0.00036424,0.00096425,-0.00124472
2017-08-25,0.00822423,0.00453378,-0.00061032
2017-08-28,0.00459188,0.00599144,-0.00091239
2017-08-29,0.00047718,0.00187038,0.00071656
2017-08-30,0.00228229,0.00341667,-0.00016762
2017-08-31,0.00018785,0.00287403,0.00158188
2017-09-01,-0.00194035,-0.00138435,0.00037912
2017-09-05,0.00061087,0.00121053,0.00147600
2017-09-06,-0.00394940,-0.00267013,0.00162796
2017-09-07,-0.00179403,-0.00074486,0.00274254
2017-09-08,0.00313255,0.00279682,-0.00375125
2017-09-11,0.01117169,0.01107433,-0.00320316
2017-09-12,-0.00477069,-0.00484088,0.00083012
2017-09-13,0.00012825,-0.00080376,0.00088502
2017-09-14,0.00122882,0.00237571,0.00017960
2017-09-15,0.00081391,0.00031990,-0.00053886
2017-09-18,-0.00112360,0.00316326,-0.00072764
2017-09-19,-0.00019117,-0.00094469,-0.00039301
2017-09-20,-0.00122446,-0.00111546,0.00090899
2017-09-21,0.00077228,0.00120131,-0.00116644
2017-09-22,-0.00271496,-0.00381482,-0.00379980
2017-09-25,-0.00815355,-0.00134944,-0.00059759
2017-09-26,-0.00232692,-0.00181745,-0.00561188
2017-09-27,0.00378329,-0.00017830,-0.00053959
2017-09-28,0.00143536,0.00024070,-0.00136590
2017-09-29,0.00268303,0.00091791,0.00128186
2017-10-02,0.00062719,-0.00075978,-0.00067957
2017-10-03,-0.00095447,0.00018889,0.00021392
2017-10-04,0.00328243,0.00070339,0.00140893
2017-10-05,0.00001671,0.00115434,-0.00052435
2017-10-06,0.00430880,0.00015591,-0.00276145
2017-10-09,0.00295856,0.00041969,-0.00026029
2017-10-10,-0.00059821,0.00021030,-0.00091737
2017-10-11,0.00209051,0.00081357,0.00078806
2017-10-12,0.00117911,-0.00048496,0.00068189
2017-10-13,0.00023192,0.00168648,-0.00203471
2017-10-16,-0.00004150,0.00060247,0.00086488
2017-10-17,-0.00023260,-0.00024381,0.00053823
2017-10-18,0.00131634,-0.00023113,-0.00187582
2017-10-19,0.00016554,-0.00054208,-0.00200347
2017-10-20,0.00124355,0.00209827,0.00280769
2017-10-23,0.00182698,0.00000631,-0.00222874
2017-10-24,-0.00030085,0.00038030,0.00303209
2017-10-25,-0.00116849,-0.00148924,-0.00210984
2017-10-26,-0.00061720,-0.00111495,0.00079599
2017-10-27,0.01197413,0.00812176,-0.00099663
2017-10-30,-0.00079934,0.00100607,0.00022180
2017-10-31,0.00640452,0.00380445,0.00141615
2017-11-01,-0.00581855,-0.00461949,0.00079748
2017-11-02,0.00144680,0.00090718,0.00135609
2017-11-03,0.01967196,0.01382706,0.00582862
2017-11-06,-0.00969403,-0.00716900,0.00038175
2017-11-07,0.00223574,0.00306980,-0.00021610
2017-11-08,0.00353541,0.00361785,-0.00110468
2017-11-09,-0.00918002,-0.00695828,-0.00235771
2017-11-10,-0.00087637,-0.00101693,0.00013686
2017-11-13,0.00666836,0.00517533,-0.00051164
2017-11-14,0.00296656,0.00217822,-0.00451707
2017-11-15,-0.00164058,-0.00041657,-0.00143808
2017-11-16,0.00313235,0.00073450,-0.00038175
2017-11-17,-0.00801862,-0.00747441,-0.00069776
2017-11-20,0.00294980,0.00016802,0.00241625
2017-11-21,0.00849869,0.00312789,-0.00387423
2017-11-22,-0.00549020,-0.00361350,0.00138043
2017-11-24,0.00388207,0.00175156,-0.00168006
2017-11-27,0.00168097,0.00331237,-0.00090174
2017-11-28,-0.00479052,-0.00371850,0.00289474
2017-11-29,-0.01473873,-0.00879730,0.00241378
2017-11-30,0.00647294,0.00546834,0.00354602
2017-12-01,-0.00621310,-0.00301353,0.00185447
2017-12-04,-0.01248311,-0.00647472,0.00271704
2017-12-05,0.00225362,0.00246284,-0.00128871
2017-12-06,0.00703180,0.00325154,-0.00215989
2017-12-07,0.00376052,0.00181321,-0.00132748
2017-12-08,-0.00288955,-0.00138655,0.00415876
2017-12-11,-0.00246226,-0.00104205,0.00117458
2017-12-12,-0.00311358,-0.00074790,0.00155338
2017-12-13,0.00827641,0.00525909,-0.00085239
2017-12-14,0.00197657,0.00200298,0.00003454
2017-12-15,0.00585929,0.00244275,-0.00226075
2017-12-18,-0.00432089,-0.00290376,0.00142184
2017-12-19,0.00165863,0.00246138,0.00214477
2017-12-20,-0.00230007,-0.00078470,0.00091294
2017-12-21,-0.00509355,-0.00552710,0.00224212
2017-12-22,0.00070159,0.00207304,0.00150004
2017-12-26,-0.00429930,-0.00437165,0.00057874
2017-12-27,0.00458353,0.00452999,-0.00060563
2017-12-28,0.00176145,0.00099449,0.00094564
2017-12-29,-0.00180790,-0.00047753,-0.00154007
2018-01-02,-0.00751266,-0.00414735,0.00491525
2018-01-03,0.00232763,0.00331216,0.00313079
2018-01-04,0.00032147,0.00085910,0.00283151
2018-01-05,0.00701524,0.00615808,0.00039215
2018-01-08,0.00106363,-0.00028555,0.00143955
2018-01-09,0.00380848,0.00384178,-0.00110465
2018-01-10,-0.00343879,-0.00321938,0.00023161
2018-01-11,-0.00311844,-0.00362644,0.00179976
2018-01-12,0.00173265,0.00277213,0.00141618
2018-01-16,0.00160900,0.00132192,-0.00278298
2018-01-17,0.00719307,0.00600706,0.00336368
2018-01-18,0.00442311,0.00425437,-0.00065545
2018-01-19,0.00291982,0.00122832,-0.00076125
2018-01-22,-0.00218485,-0.00003475,0.00400658
2018-01-23,0.00321722,0.00240665,0.00114275
2018-01-24,0.00046176,-0.00239034,-0.00187997
2018-01-25,0.00506167,0.00418940,-0.00265964
2018-01-26,0.00357492,0.00350657,0.00041641
2018-01-29,-0.00109640,-0.00161117,-0.00422979
2018-01-30,0.00409595,0.00420539,-0.00299488
2018-01-31,0.00490591,0.00439511,0.00157084
2018-02-01,0.00253932,-0.00137388,-0.00177582
2018-02-02,0.00250591,0.00319920,-0.00413671
2018-02-05,-0.00369530,-0.00164485,-0.00171133
2018-02-06,-0.00203135,0.00044114,0.00303256
2018-02-07,-0.00045391,0.00018563,-0.00151530
2018-02-08,-0.00499987,-0.00346436,-0.00246326
2018-02-09,0.00698920,0.00392751,0.00053901
2018-02-12,0.00048094,0.00063193,0.00194429
2018-02-13,0.00151617,0.00140945,-0.00087960
2018-02-14,-0.00325252,-0.00508869,-0.00015854
2018-02-15,0.00466682,0.00595446,0.00223952
2018-02-16,-0.00099350,-0.00174865,0.00146929
2018-02-20,-0.00051077,0.00045438,-0.00210990
2018-02-21,0.00181832,0.00085144,-0.00328341
2018-02-22,-0.00065547,-0.00178442,0.00213650
2018-02-23,0.00062330,0.00019914,0.00091914
2018-02-26,0.00406509,0.00248274,0.00099567
2018-02-27,-0.00099170,-0.00184010,-0.00158662
2018-02-28,-0.00050802,-0.00090612,-0.00026553
2018-03-01,-0.00695644,-0.00276561,-0.00086353
2018-03-02,0.00007209,-0.00112494,0.00115785
2018-03-05,-0.00599237,-0.00270985,0.00469271
2018-03-06,0.00295372,0.00047309,-0.00049159
2018-03-07,0.00685901,0.00187606,0.00028587
2018-03-08,0.00446992,0.00263643,0.00184513
2018-03-09,0.01054632,0.00616527,0.00306502
2018-03-12,-0.00055449,0.00012914,0.00263966
2018-03-13,-0.00341924,-0.00195514,-0.00221810
2018-03-14,0.00267214,0.00157822,0.00005975
2018-03-15,0.00253220,-0.00050382,-0.00254063
2018-03-16,-0.00517332,-0.00051847,0.00148481
2018-03-19,0.00000520,-0.00209544,-0.00322764
2018-03-20,0.00884110,0.00399699,-0.00163121
2018-03-21,-0.00652764,-0.00346465,0.00166671
2018-03-22,-0.01056767,-0.00339900,0.00145959
2018-03-23,-0.00951332,-0.00325546,-0.00069668
2018-03-26,0.01532806,0.00365051,-0.00148508
2018-03-27,-0.01289636,-0.00888664,-0.00061082
2018-03-28,-0.00930477,-0.00518967,0.00066847
2018-03-29,0.00732348,0.00349736,-0.00030741
2018-04-02,-0.00326453,-0.00282725,-0.00050431
2018-04-03,-0.00345672,-0.00186060,0.00004621
2018-04-04,0.00294381,0.00313589,0.00105450
2018-04-05,-0.00633134,-0.00166109,0.00092668
2018-04-06,-0.00735185,-0.00320106,-0.00095428
2018-04-09,0.00889963,0.00505830,0.00161675
2018-04-10,0.00289805,0.00557290,0.00161551
2018-04-11,-0.00784307,-0.00040566,0.00052777
2018-04-12,0.00700080,0.00358389,0.00026414
2018-04-13,-0.00587807,-0.00217344,0.00122616
2018-04-16,0.00241633,0.00142422,0.00181101
2018-04-17,0.01115199,0.00707006,0.00162858
2018-04-18,-0.00346118,0.00049060,0.00153223
2018-04-19,-0.00133817,-0.00141219,-0.00039187
2018-04-20,-0.00086615,-0.00002291,0.00004513
2018-04-23,-0.00267689,-0.00185138,-0.00060861
2018-04-24,-0.01411508,-0.00732402,-0.00178964
2018-04-25,-0.00664789,-0.00497926,-0.00217019
2018-04-26,0.00771052,0.00542442,0.00544000
2018-04-27,-0.00477426,-0.00366764,0.00056645
2018-04-30,-0.00135870,-0.00094279,-0.00134819
2018-05-01,0.01039253,0.00657283,0.00133100
2018-05-02,0.00091155,0.00359771,0.00067547
2018-05-03,0.01177194,0.00382929,-0.00116703
2018-05-04,0.00408165,0.00566254,0.00324885
2018-05-07,0.00113616,0.00220426,0.00204967
2018-05-08,0.00296503,0.00111054,-0.00280648
2018-05-09,-0.00158853,-0.00042165,0.00216736
2018-05-10,0.00347941,0.00043755,-0.00135335
2018-05-11,0.00206917,0.00305387,0.00319539
2018-05-14,0.00053111,0.00236626,0.00400267
2018-05-15,-0.00468061,-0.00220384,-0.00242521
2018-05-16,0.00057826,0.00187158,-0.00085811
2018-05-17,-0.00495009,-0.00085240,-0.00036735
2018-05-18,0.00618214,0.00506799,-0.00185185
2018-05-21,0.00127727,0.00003704,0.00020584
2018-05-22,0.00005095,-0.00225260,-0.00070301
2018-05-23,0.00767182,0.00457531,0.00077571
2018-05-24,0.00370534,0.00146872,-0.00154901
2018-05-25,0.00745998,0.00308582,-0.00233890
2018-05-29,-0.00138893,-0.00058227,-0.00324344
2018-05-30,0.00092340,0.00224413,0.00011093
2018-05-31,0.01141757,0.00631222,-0.00149469
2018-06-01,0.00429653,0.00139029,0.00108255
2018-06-04,0.00300077,0.00169934,-0.00092873
2018-06-05,-0.00028632,0.00096922,0.00060989
2018-06-06,-0.00219031,-0.00096957,0.00375583
2018-06-07,-0.00715805,-0.00565452,-0.00127996
2018-06-08,0.00182829,0.00299412,0.00249613
2018-06-11,-0.00474290,-0.00301884,-0.00046514
2018-06-12,0.00167084,0.00445375,0.00422798
2018-06-13,0.00321773,0.00137175,-0.00148900
2018-06-14,0.00526654,0.00364493,-0.00035495
2018-06-15,0.00332719,0.00154089,0.00009548
2018-06-18,0.00092885,0.00079958,-0.00210686
2018-06-19,-0.00318147,-0.00250905,-0.00408688
2018-06-20,-0.00010011,0.00114186,-0.00067518
2018-06-21,-0.00292799,-0.00382354,-0.00148483
2018-06-22,-0.00677174,-0.00365145,-0.00020090
2018-06-25,-0.00186433,-0.00626278,-0.00641297
2018-06-26,0.00313538,0.00361988,0.00295446
2018-06-27,-0.00670525,-0.00543953,0.00055382
2018-06-28,0.00423206,0.00237171,0.00029676
2018-06-29,0.00255191,0.00378236,0.00536160
2018-07-02,0.00560401,0.00378586,-0.00104597
2018-07-03,-0.00306066,-0.00179303,-0.00295945
2018-07-05,-0.00116867,-0.00044796,-0.00085720
2018-07-06,-0.00076186,0.00152538,0.00243049
2018-07-09,0.00125722,0.00071117,0.00356672
2018-07-10,-0.00216237,-0.00113164,0.00266127
2018-07-11,0.00169361,0.00031275,-0.00298428
2018-07-12,0.00563109,0.00465870,0.00277919
2018-07-13,-0.00071668,-0.00032210,0.00106996
2018-07-16,0.00277743,-0.00002806,0.00020004
2018-07-17,0.00499414,0.00548926,0.00445716
2018-07-18,0.00293268,0.00240088,0.00191573
2018-07-19,-0.00300659,-0.00140874,-0.00311745
2018-07-20,0.00452425,0.00180379,-0.00096885
2018-07-23,0.00187159,-0.00029552,-0.00271558
2018-07-24,-0.00034764,-0.00180434,0.00390481
2018-07-25,0.00800418,0.00333507,0.00394429
2018-07-26,-0.00437038,-0.00194590,-0.00196169
2018-07-27,-0.01009963,-0.00966718,-0.00411775
2018-07-30,-0.01317240,-0.00872003,-0.00451889
2018-07-31,0.00151585,0.00437650,0.00217016
2018-08-01,0.01415222,0.00507619,-0.00151165
2018-08-02,0.00530659,0.00404124,0.00409212
2018-08-03,-0.00610866,-0.00656680,-0.00105999
2018-08-06,0.00275796,0.00397505,0.00228293
2018-08-07,0.00148065,0.00218990,0.00288677
2018-08-08,-0.00129232,-0.00181055,-0.00158695
2018-08-09,0.00194950,0.00356564,0.00057689
2018-08-10,0.00023461,0.00090154,0.00103661
2018-08-13,-0.00139293,-0.00162685,-0.00213251
2018-08-14,0.00024260,0.00012657,0.00321434
2018-08-15,-0.00298227,-0.00601845,-0.00979737
2018-08-16,-0.00079169,0.00082547,0.00136595
2018-08-17,0.00797035,0.00879071,0.00350588
2018-08-20,-0.00313230,-0.00230436,0.00077685
2018-08-21,-0.00120980,0.00258347,0.00186843
2018-08-22,0.00438371,0.00435827,0.00192272
2018-08-23,0.00566054,0.00003696,-0.00199307
2018-08-24,0.01713616,0.01709082,0.00910087
2018-08-27,0.00012299,-0.00042526,0.00115810
2018-08-28,0.00168796,0.00089350,-0.00016846
2018-08-29,0.01377612,0.01407395,0.00988361
2018-08-30,0.00272165,0.00103428,-0.00253576
2018-08-31,0.00304850,0.00128049,-0.00141504
2018-09-04,0.00464902,-0.00087813,0.00048843
2018-09-05,-0.01527126,-0.00763588,-0.00271653
2018-09-06,-0.00201093,-0.00398714,-0.00530083
2018-09-07,0.00038631,-0.00052949,-0.00186577
2018-09-10,0.00500267,0.00055425,-0.00032297
2018-09-11,0.00571279,0.00080259,0.00028110
2018-09-12,-0.00551967,-0.00351911,0.00029282
2018-09-13,0.00230642,0.00090554,-0.00079025
2018-09-14,-0.00148720,-0.00043640,0.00104849
2018-09-17,-0.01725522,-0.00817930,-0.00080408
2018-09-18,0.00288822,0.00243251,0.00150968
2018-09-19,-0.01106988,-0.00259115,0.00680309
2018-09-20,0.00188328,0.00306367,0.00109350
2018-09-21,-0.00744285,-0.00518165,0.00113811
2018-09-24,0.00915386,0.00298640,-0.00181912
2018-09-25,0.00927075,0.00440929,0.00037033
2018-09-26,0.00068093,-0.00025405,-0.00087102
2018-09-27,0.00112161,-0.00017257,-0.00175737
2018-09-28,0.00045822,0.00189756,-0.00044823
2018-10-01,-0.00171122,-0.00328628,0.00286663
2018-10-02,-0.01118843,-0.00653881,-0.00004404
2018-10-03,0.00054674,0.00101745,0.00031783
2018-10-04,-0.01298553,-0.00821513,0.00085049
2018-10-05,-0.00307825,-0.00222724,0.00143358
2018-10-08,-0.01541106,-0.00719996,0.00143357
2018-10-09,-0.00208306,-0.00164547,0.00154485
2018-10-10,-0.02010182,-0.00945774,-0.00479121
2018-10-11,0.00491809,0.00284502,-0.00432757
2018-10-12,0.01687813,0.00643772,0.00406073
2018-10-15,-0.00822559,-0.00299573,-0.00306497
2018-10-16,0.01530803,0.00872675,0.00025914
2018-10-17,-0.00099442,-0.00218890,0.00011058
2018-10-18,-0.00568573,-0.00379054,0.00017706
2018-10-19,-0.01192365,-0.00705345,0.00072437
2018-10-22,0.01129828,0.00641557,-0.00392823
2018-10-23,-0.00037427,0.00143251,-0.00318403
2018-10-24,-0.01389967,-0.00231972,-0.00374866
2018-10-25,0.00848178,0.00119186,0.00131313
2018-10-26,-0.00261374,-0.00172814,-0.00274895
2018-10-29,-0.01118040,-0.00392720,-0.00009291
2018-10-30,0.00161867,0.00135150,0.00508283
2018-10-31,0.01710743,0.00835095,0.00126125
2018-11-01,-0.00121055,-0.00755477,-0.00206068
2018-11-02,0.00104281,-0.00054835,0.00091534
2018-11-05,-0.01430461,-0.00556671,0.00614758
2018-11-06,0.00123426,0.00139446,0.00005392
2018-11-07,0.02578815,0.01603552,0.00931603
2018-11-08,-0.00277776,-0.00041263,-0.00101195
2018-11-09,-0.01024246,-0.00101447,-0.00114969
2018-11-12,-0.01229714,-0.00366508,-0.00545095
2018-11-13,-0.00557389,-0.00415335,-0.00271701
2018-11-14,-0.00230704,-0.00012603,-0.00224430
2018-11-15,0.01113653,0.00333502,0.00339198
2018-11-16,-0.00040416,-0.00021584,0.00153779
2018-11-19,-0.02612289,-0.01129181,-0.00272418
2018-11-20,-0.00045418,-0.00105450,-0.00507964
2018-11-21,-0.00011679,-0.00021226,-0.00045723
2018-11-23,0.00447795,-0.00013276,-0.00294721
2018-11-26,0.00033630,0.00018724,0.00677102
2018-11-27,-0.00081320,0.00094097,0.00186982
2018-11-28,0.01321613,0.00645351,0.00901624
2018-11-29,0.00261746,0.00294842,0.00260002
2018-11-30,0.00318635,0.00110523,0.00061231
2018-12-03,0.00536438,0.00377735,0.00365819
2018-12-04,-0.00200611,0.00154729,-0.00347378
2018-12-06,0.00401817,0.00132777,0.00134441
2018-12-07,-0.01068598,-0.00521275,-0.00731175
2018-12-10,0.00921733,0.00525142,0.00238806
2018-12-11,0.00438828,0.00205088,0.00167629
2018-12-12,0.00244045,-0.00015133,0.00083281
2018-12-13,0.00270678,0.00413961,0.00026300
2018-12-14,-0.00463474,-0.00239236,-0.00610221
2018-12-17,-0.01090964,-0.00655520,-0.00911022
2018-12-18,0.00402887,0.00001007,-0.00060500
2018-12-19,0.00065261,0.00305518,-0.00141300
2018-12-20,-0.00900480,-0.00655682,-0.00857483
2018-12-21,-0.00552260,-0.00113681,-0.00861679
2018-12-24,-0.00096021,-0.00179716,-0.00034190
2018-12-26,-0.00840075,-0.01569962,-0.00616136
2018-12-27,0.00483150,0.00536968,0.00201768
2018-12-28,0.00213261,0.00016163,-0.00213289
2018-12-31,0.00520509,0.00355171,0.00338130
2019-01-02,-0.02203346,-0.02429883,-0.01681680
2019-01-03,-0.00618777,-0.00034350,0.00184346
2019-01-04,-0.01025571,-0.01848270,-0.01271580
2019-01-07,-0.00431398,-0.01013483,-0.00356528
2019-01-08,-0.00030157,-0.00269574,-0.00242384
2019-01-09,-0.00592698,-0.01047956,-0.00766549
2019-01-10,0.00129486,0.00026481,-0.00138505
2019-01-11,-0.00444868,-0.00324188,-0.00139005
2019-01-14,-0.00200676,-0.00057259,0.00054047
2019-01-15,0.00583825,0.00353453,0.00418786
2019-01-16,-0.00314747,-0.00285233,-0.00213031
2019-01-17,-0.00041914,-0.00159764,-0.00256280
2019-01-18,-0.00818846,-0.00999817,-0.00648350
2019-01-22,0.00913962,0.01290895,0.00707848
2019-01-23,0.00669492,0.00796658,0.00564247
2019-01-24,-0.00747336,-0.00891681,-0.00783165
2019-01-25,-0.00499341,-0.00628876,-0.00604538
2019-01-28,-0.00521742,-0.00173211,0.00215210
2019-01-29,-0.00069125,0.00041139,-0.00448371
2019-01-30,0.00454066,0.00069238,-0.00118368
2019-01-31,0.00435992,0.00011137,0.00367606
2019-02-01,-0.00382163,-0.00442715,-0.00263824
2019-02-04,0.00030519,-0.00134712,-0.00291722
2019-02-05,-0.00206124,-0.00049424,-0.00026648
2019-02-06,-0.00120293,0.00053532,-0.00428679
2019-02-07,-0.00050405,0.00451666,0.00620124
2019-02-08,0.00521568,0.00290218,0.00503003
2019-02-11,-0.00199078,-0.00403731,-0.00199307
2019-02-12,-0.00202623,-0.00461842,-0.00415966
2019-02-13,-0.00158550,-0.00113518,-0.00371198
2019-02-14,0.00001888,0.00027238,-0.00052999
2019-02-15,-0.00089544,-0.00381272,-0.00443071
2019-02-19,-0.00175990,-0.00306844,-0.00295821
2019-02-20,-0.00366402,-0.00316033,-0.00479003
2019-02-21,0.00430716,0.00562413,0.00156012
2019-02-22,0.00291852,0.00027665,-0.00241522
2019-02-25,-0.00085933,-0.00152604,-0.00014360
2019-02-26,0.00006358,-0.00217859,-0.00255374
2019-02-27,-0.00008329,-0.00299235,0.00049326
2019-02-28,0.00229162,0.00031895,-0.00245179
2019-03-01,-0.00140190,0.00429533,-0.00007909
2019-03-04,-0.00082917,0.00120414,0.00031890
2019-03-05,0.00211471,-0.00022094,-0.00191119
2019-03-06,0.00430451,-0.00423608,-0.00435823
2019-03-07,0.00136934,-0.00342683,0.00172174
2019-03-08,0.00031247,-0.00445523,-0.00092772
2019-03-11,-0.00273574,0.00224847,0.00130475
2019-03-12,-0.00121024,-0.00086421,0.00343808
2019-03-13,-0.00128015,0.00022826,0.00270853
2019-03-14,-0.00007578,-0.00430443,0.00161191
2019-03-15,-0.00083662,0.00153509,-0.00054606
2019-03-18,-0.00264218,0.00269718,0.00193039
2019-03-19,0.00092554,-0.00153827,0.00012781
2019-03-20,0.00009441,-0.00037277,0.00030452
2019-03-21,0.00152347,0.00244602,-0.00189943
2019-03-22,0.00478823,-0.00595441,-0.00165618
2019-03-25,0.00150381,0.00010650,-0.00209510
2019-03-26,0.00397402,0.00003913,0.00044349
2019-03-27,0.01225175,-0.00530813,0.00456378
2019-03-28,-0.00042953,0.00084600,0.00065682
2019-03-29,-0.00543278,0.00026701,-0.00114542
2019-04-01,0.01575246,0.00162446,0.00398733
2019-04-02,-0.00172518,0.00114349,-0.00100718
2019-04-03,0.00690348,0.00085909,0.00141168
2019-04-04,0.01563892,0.00191310,0.00390862
2019-04-05,0.00424791,0.00076340,0.00235008
2019-04-08,0.00360968,0.00070334,-0.00000273
2019-04-09,-0.00960235,0.00015097,-0.00529131
2019-04-10,0.00356885,0.00001839,0.00280116
2019-04-11,0.00072008,0.00105200,-0.00233475
2019-04-12,0.00652230,-0.00135161,0.00207610
2019-04-15,-0.00439760,0.00146383,-0.00407289
2019-04-16,0.01128908,0.00119051,0.00484076
2019-04-17,0.01566370,-0.00078193,0.00314495
2019-04-18,0.00239106,0.00059682,-0.00096991
2019-04-22,-0.01536894,-0.00064345,-0.00185296
2019-04-23,-0.00223896,0.00128180,0.00002362
2019-04-24,0.00362349,0.00110653,-0.00100879
2019-04-25,-0.01614418,-0.00200424,-0.00439115
2019-04-26,-0.00126683,0.00091636,0.00160571
2019-04-29,0.00021004,-0.00093867,0.00324956
2019-04-30,-0.00145531,-0.00177626,-0.00482092
2019-05-01,-0.00835208,0.00101935,-0.00083278
2019-05-02,0.00442040,0.00376729,-0.00066747
2019-05-03,0.00313391,0.00161206,0.00231114
2019-05-06,0.00831338,0.00399807,0.00173160
2019-05-07,-0.00145062,-0.00496370,-0.00093100
2019-05-08,0.00081695,0.00122756,-0.00260844
2019-05-09,0.00343801,-0.00034605,-0.00125299
2019-05-10,-0.00507449,0.00002108,-0.00205316
2019-05-13,0.00904562,-0.00420508,-0.00161398
2019-05-14,-0.00150547,-0.00041202,0.00115074
2019-05-15,-0.00390922,0.00301568,-0.00218382
2019-05-16,-0.00140355,0.00289376,-0.00444750
2019-05-17,0.00101375,-0.00164800,-0.00186092
2019-05-20,0.00089440,-0.00240278,0.00021954
2019-05-21,0.00067099,0.00214055,0.00134852
2019-05-22,-0.00378319,0.00323992,-0.00609012
2019-05-23,0.00358749,0.00172958,-0.00524609
2019-05-24,0.00386512,0.00062280,0.00093479
2019-05-28,-0.00668341,0.00328464,-0.00517227
2019-05-29,0.00171105,-0.00138936,0.00125106
2019-05-30,-0.00735889,0.00555994,-0.00616808
2019-05-31,-0.00818287,-0.00047329,-0.00110927
2019-06-03,0.00832608,-0.00675999,0.00703674
2019-06-04,0.01261933,0.00341809,0.00317121
2019-06-05,-0.01841372,0.00796796,-0.00910354
2019-06-06,-0.00071510,0.00562917,-0.00159094
2019-06-07,0.00401689,0.00513552,-0.00172645
2019-06-10,0.00558835,0.00186494,-0.00069528
2019-06-11,0.00733502,-0.00072383,0.00473555
2019-06-12,-0.01371558,0.00303609,-0.00658512
2019-06-13,0.00864773,-0.00153818,0.00323285
2019-06-14,-0.00435486,0.00150714,-0.00302267
2019-06-17,-0.00435095,-0.00154974,-0.00243211
2019-06-18,0.00733978,-0.00107430,0.00316725
2019-06-19,-0.00667310,0.00052054,-0.00342220
2019-06-20,0.00477117,0.00493354,-0.00365743
2019-06-21,0.00347059,-0.00066508,0.00083283
2019-06-24,-0.00193927,0.00264207,-0.00079568
2019-06-25,0.00135080,-0.00476523,0.00339275
2019-06-26,0.00781341,0.00044766,0.00669811
2019-06-27,0.00025805,0.00102241,-0.00133695
2019-06-28,0.00069618,-0.00217750,0.00338962
2019-07-01,0.00020694,0.00444153,-0.00569522
2019-07-02,-0.00762405,0.00329230,-0.00987475
2019-07-03,-0.00119794,0.00112420,-0.00272618
2019-07-05,0.00113059,-0.00309895,0.00531590
2019-07-08,-0.00069706,0.00165488,-0.00150865
2019-07-09,-0.00718371,0.00127491,-0.00539234
2019-07-10,0.00354900,0.00200758,-0.00007926
2019-07-11,-0.00395643,0.00243895,-0.00317651
2019-07-12,0.00674111,-0.00124006,0.00536034
2019-07-15,0.00036770,0.00350052,-0.00599644
2019-07-16,0.00153731,-0.00040749,0.00166789
2019-07-17,-0.00875236,0.00269117,-0.00854597
2019-07-18,-0.00608947,0.00149739,-0.00645191
2019-07-19,0.00151454,-0.00418293,0.00789166
2019-07-22,-0.00590921,0.00206645,-0.00458013
2019-07-23,0.00340924,-0.00216551,0.00471913
2019-07-24,0.00093325,-0.00176752,0.00290047
2019-07-25,-0.00233273,0.00448612,-0.00727101
2019-07-26,-0.00377718,0.00217790,-0.00460329
2019-07-29,-0.00164637,-0.00121531,-0.00248824
2019-07-30,0.00990116,-0.00456369,0.01012927
2019-07-31,0.00056266,-0.00286070,0.00455515
2019-08-01,-0.01253210,0.00508376,-0.01509453
2019-08-02,0.00160926,-0.00170012,0.00175104
2019-08-05,0.00439616,-0.00570463,0.00683091
2019-08-06,-0.00337559,0.00503635,-0.00727922
2019-08-07,-0.00101582,0.00215089,-0.00038500
2019-08-08,-0.00299716,0.00500995,-0.00541448
2019-08-09,-0.00560974,0.00055120,-0.00486549
2019-08-12,0.00137995,-0.00226770,0.00060468
2019-08-13,0.00640101,0.00723261,-0.00542211
2019-08-14,-0.00491943,-0.00176549,-0.00239701
2019-08-15,-0.00262518,0.00277157,-0.00511972
2019-08-16,0.00248096,0.00017994,0.00287565
2019-08-19,0.00432778,-0.00211406,0.00449604
2019-08-20,-0.00007177,0.00154033,-0.00131491
2019-08-21,-0.00018265,0.00194071,-0.00207051
2019-08-22,-0.00058022,-0.00129093,0.00008268
2019-08-23,-0.00617339,-0.00191412,-0.00184394
2019-08-26,0.00163871,0.00086841,-0.00323126
2019-08-27,0.00442091,0.01028338,-0.00951340
2019-08-28,0.00052372,-0.01010891,0.00925843
2019-08-29,0.00284363,-0.00765035,0.00515766
2019-08-30,-0.00203701,-0.00198362,0.00164148
2019-09-03,-0.00682125,0.00384131,-0.00479925
2019-09-04,0.00313379,-0.00643069,0.00452878
2019-09-05,0.00523305,-0.01595702,0.01420299
2019-09-06,-0.00089354,-0.00523932,0.00500880
2019-09-09,-0.00652067,-0.03342613,0.03536967
2019-09-10,-0.00385009,-0.02340276,0.02560630
2019-09-11,-0.00121400,-0.00698128,0.00754862
2019-09-12,0.00102311,0.00722012,-0.00675052
2019-09-13,0.00437050,-0.00256766,0.00652709
2019-09-16,-0.00424832,-0.01360225,0.01356921
2019-09-17,0.00189269,0.01656525,-0.01886746
2019-09-18,0.00068439,0.00669217,-0.00537491
2019-09-19,0.00126142,0.00669910,-0.00668585
2019-09-20,-0.00420112,0.00282206,0.00022437
2019-09-23,-0.00385301,-0.00403273,0.00108065
2019-09-24,-0.00644296,0.00401824,-0.00455839
2019-09-25,-0.00535926,0.00109164,0.00462045
2019-09-26,0.00237209,0.00299934,-0.00432587
2019-09-27,-0.01318601,0.00044421,0.00799469
2019-09-30,0.00443466,0.00265133,-0.00049070
2019-10-01,0.00768778,0.00262187,-0.00707648
2019-10-02,0.00258685,-0.00221983,-0.00681527
2019-10-03,0.01142050,0.00196323,-0.00178285
2019-10-04,0.00925020,0.00352176,-0.00278006
2019-10-07,0.00025397,-0.00104623,-0.00037092
2019-10-08,-0.00018753,-0.00042167,-0.00529835
2019-10-09,0.00556788,0.00299372,-0.00197024
2019-10-10,0.00121009,-0.00110448,-0.00010382
2019-10-11,-0.00554406,0.00150647,0.01100197
2019-10-14,0.00421832,0.00058373,-0.00317176
2019-10-15,0.00350070,-0.00074496,0.00085765
2019-10-16,-0.00767067,-0.00127383,0.00314193
2019-10-17,0.00162128,0.00052362,0.00188452
2019-10-18,-0.00740367,-0.00113942,-0.00217633
2019-10-21,-0.00460075,-0.00110207,0.00506315
2019-10-22,-0.01799868,-0.00380457,0.01179598
2019-10-23,-0.00391406,-0.00067715,0.00305159
2019-10-24,0.01400169,0.00417567,-0.01447327
2019-10-25,-0.00271228,-0.00129810,0.00562880
2019-10-28,0.00306594,0.00092278,0.00127949
2019-10-29,-0.00282003,-0.00094322,-0.00013105
2019-10-30,0.00979559,0.00398953,-0.00751548
2019-10-31,0.00183931,0.00091063,-0.00297636
2019-11-01,-0.00613690,-0.00138130,0.01476372
2019-11-04,-0.01333278,-0.00066050,0.02141469
2019-11-05,-0.00568281,-0.00158864,0.00682474
2019-11-06,-0.00005733,0.00026060,-0.00769446
2019-11-07,-0.00410487,0.00038621,0.01070073
2019-11-08,0.00227700,-0.00090758,-0.00055219
2019-11-11,0.00367757,-0.00022638,-0.00733545
2019-11-12,0.00684942,0.00232897,-0.00036217
2019-11-13,0.00621563,0.00042823,-0.00997882
2019-11-14,0.00383019,-0.00078514,-0.00819920
2019-11-15,0.00335270,0.00224546,0.00262282
2019-11-18,0.00547358,-0.00039046,-0.01103322
2019-11-19,0.00629260,-0.00043642,-0.00746254
2019-11-20,0.00368097,-0.00149687,-0.00478954
2019-11-21,-0.00194000,0.00072175,0.00620586
2019-11-22,-0.00349555,-0.00236004,0.00449867
2019-11-25,-0.00093433,-0.00189748,0.00306597
2019-11-26,0.00773051,0.00336853,-0.00531058
2019-11-27,0.00033599,-0.00059028,0.00342224
2019-11-29,-0.00148275,-0.00066027,0.00032487
2019-12-02,-0.00826786,-0.00376013,0.00095342
2019-12-03,-0.00005649,0.00006238,-0.00736468
2019-12-04,-0.00218075,-0.00215828,0.00339705
2019-12-05,0.00054756,0.00196005,0.00060634
2019-12-06,-0.00300757,-0.00425779,0.01306324
2019-12-09,-0.00686320,-0.00551726,0.00750511
2019-12-10,-0.00426801,-0.00288063,0.00174790
2019-12-11,0.00376641,0.00199300,0.00359148
2019-12-12,-0.00345398,-0.00426955,0.01508044
2019-12-13,0.00397087,0.00372724,-0.00717134
2019-12-16,0.00015780,-0.00025804,-0.00125463
2019-12-17,-0.00311589,-0.00142156,0.00621568
2019-12-18,-0.00151085,-0.00153234,0.00604095
2019-12-19,0.00211842,0.00010280,0.00190687
2019-12-20,0.00238782,0.00177514,-0.00434249
2019-12-23,-0.00221095,-0.00481398,0.00606842
2019-12-24,-0.00211704,-0.00066159,-0.00210163
2019-12-26,0.00360562,0.00038733,-0.00248467
2019-12-27,0.00548687,0.00223144,0.00199431
2019-12-30,-0.00566320,-0.00399976,0.00001884
2019-12-31,-0.00432015,0.00371355,0.00607578
2020-01-02,0.01251782,0.00351976,-0.00526022
2020-01-03,-0.00438192,-0.00062387,-0.00226105
2020-01-06,0.00145359,0.00415740,0.00526237
2020-01-07,0.00155106,-0.00043067,-0.00384894
2020-01-08,0.01127923,0.00277566,-0.00384574
2020-01-09,0.00988916,0.00395029,-0.00675672
2020-01-10,0.00377979,0.00238743,-0.00225955
2020-01-13,0.00789774,0.00450090,0.00203076
2020-01-14,-0.00499543,-0.00247798,0.00232005
2020-01-15,0.00206501,0.00580406,0.00285081
2020-01-16,0.00177972,0.00145161,0.00509153
2020-01-17,0.00812515,0.00168826,-0.00377174
2020-01-21,0.00996595,0.00572027,-0.00319044
2020-01-22,0.00468161,0.00062277,-0.00557583
2020-01-23,0.00411818,0.00067229,-0.00027486
2020-01-24,0.00588722,0.00163145,-0.00535495
2020-01-27,-0.00285084,-0.00275479,-0.00769898
2020-01-28,0.00685575,0.00502926,-0.00128079
2020-01-29,0.00317143,0.00020294,-0.00454975
2020-01-30,-0.00190056,-0.00263419,-0.00119304
2020-01-31,-0.00328359,-0.00023164,-0.00393832
2020-02-03,0.00461497,0.00190427,-0.00292668
2020-02-04,0.00777669,0.00424731,-0.00121488
2020-02-05,-0.00394046,-0.00446299,0.02413713
2020-02-06,0.00314125,0.00027603,-0.00907054
2020-02-07,-0.00019336,-0.00057477,-0.00748900
2020-02-10,0.00839944,0.00590112,-0.00825211
2020-02-11,-0.00517986,-0.00277530,0.00199424
2020-02-12,0.00178960,0.00087767,0.00248503
2020-02-13,-0.00161670,-0.00100307,-0.00379368
2020-02-14,0.00295281,0.00196499,-0.00278702
2020-02-18,-0.00217611,0.00019230,-0.00259032
2020-02-19,-0.00197039,-0.00033372,0.00123635
2020-02-20,-0.00848884,-0.00449307,0.00767028
2020-02-21,-0.00423266,-0.00183397,-0.00259961
2020-02-24,-0.00801926,-0.00482871,-0.00445769
2020-02-25,-0.00387141,-0.00117970,-0.00744326
2020-02-26,0.01086183,0.01262255,-0.01517849
2020-02-27,-0.01229455,-0.00226304,-0.00078681
2020-02-28,0.00214232,-0.00486081,0.00932195
2020-03-02,0.02001167,0.01357706,-0.01827943
2020-03-03,-0.00681527,0.00050465,-0.00843605
2020-03-04,0.02376537,0.01297998,-0.00818229
2020-03-05,-0.00328021,0.00299431,-0.01903885
2020-03-06,0.00754378,0.00436954,-0.00460175
2020-03-09,0.01176737,0.01200647,-0.01897194
2020-03-10,0.01577277,0.00722368,-0.00068167
2020-03-11,-0.00711638,-0.00091913,-0.00269705
2020-03-12,-0.02133910,-0.00977405,0.00266391
2020-03-13,0.01692177,0.00171805,0.01895511
2020-03-16,-0.03394028,-0.02267415,0.02343451
2020-03-17,0.02372069,0.01867668,-0.00794018
2020-03-18,0.01230807,-0.00351676,-0.00313699
2020-03-19,-0.01343694,-0.00697513,0.01854015
2020-03-20,-0.01550897,-0.00874161,0.00092550
2020-03-23,0.00298946,-0.00011487,-0.01011111
2020-03-24,0.02635885,0.00779085,-0.00549560
2020-03-25,-0.00026672,0.00203705,-0.00063164
2020-03-26,0.01942491,0.01119039,0.01508376
2020-03-27,0.00331373,0.00516585,-0.01003309
2020-03-30,0.01190782,0.00894467,-0.01682339
2020-03-31,-0.00533592,-0.00561206,0.00278291
2020-04-01,-0.00267914,0.00232659,-0.01458329
2020-04-02,0.00004792,-0.00390155,-0.00565556
2020-04-03,-0.00142629,-0.00197609,-0.00775545
2020-04-06,0.00417595,-0.00178466,0.01756409
2020-04-07,-0.00357242,-0.00394263,0.01659865
2020-04-08,-0.00192593,-0.00635437,0.01869290
2020-04-09,-0.00678221,-0.00907888,0.01936583
2020-04-13,0.00286953,0.00189199,-0.01474037
2020-04-14,0.01459080,0.00766514,-0.00710789
2020-04-15,0.01168882,0.01037298,-0.01569893
2020-04-16,0.01019385,0.00813901,-0.01512419
2020-04-17,-0.02022710,-0.01885679,0.01550904
2020-04-20,0.00292560,0.00155994,-0.00741631
2020-04-21,-0.00664982,-0.00287967,0.00083676
2020-04-22,0.01104130,0.00652869,-0.00802120
2020-04-23,-0.00540970,-0.00310705,0.00772891
2020-04-24,-0.00002013,-0.00315103,0.00060246
2020-04-27,0.00126502,-0.01933979,0.00835066
2020-04-28,0.01446755,-0.01760419,0.01066253
2020-04-29,0.01465535,-0.03252401,0.01042130
2020-04-30,0.00035045,0.00767918,-0.00764534
2020-05-01,0.00337044,0.01758730,-0.00552238
2020-05-04,-0.00088422,0.00170889,0.00026757
2020-05-05,0.00251162,0.01486557,-0.00790815
2020-05-06,-0.00956390,0.01035560,-0.00424049
2020-05-07,0.00010180,-0.00645298,0.00387872
2020-05-08,-0.00442075,-0.02553117,0.00805708
2020-05-11,-0.00649772,0.01804341,-0.00719943
2020-05-12,-0.00426034,0.00683264,-0.00370727
2020-05-13,-0.00133714,0.01944797,-0.00732217
2020-05-14,0.00363310,-0.00131293,-0.00086034
2020-05-15,0.00364051,0.00315846,-0.00002471
2020-05-18,0.01100653,-0.03648090,0.01595203
2020-05-19,-0.00096226,0.00851957,-0.00516011
2020-05-20,0.00086513,-0.01285085,0.00565665
2020-05-21,-0.00165025,-0.00564091,0.00482220
2020-05-22,0.00211734,0.00440987,-0.00283856
2020-05-26,0.00178724,-0.03128320,0.01436756
2020-05-27,-0.00638430,0.00214697,0.00222040
2020-05-28,0.01538031,0.00532803,-0.00497957
2020-05-29,-0.00293044,-0.00306190,-0.00768224
2020-06-01,-0.00770662,-0.00176397,0.00551794
2020-06-02,-0.00165268,0.00128026,0.00337114
2020-06-03,-0.00975624,0.00144174,0.00591680
2020-06-04,-0.00866771,-0.00040700,0.00789062
2020-06-05,-0.00627345,0.00632764,0.00666961
2020-06-08,-0.00791557,0.00056287,0.01121359
2020-06-09,0.00684457,0.00196580,-0.00938794
2020-06-10,0.02252273,0.00836538,-0.01255839
2020-06-11,0.02303863,0.00151351,-0.00754644
2020-06-12,-0.01226432,-0.00205523,0.00623925
2020-06-15,-0.00706143,-0.00337690,-0.00041228
2020-06-16,-0.00666249,-0.00016104,-0.00018959
2020-06-17,0.00470022,-0.00018649,-0.00722809
2020-06-18,-0.00252591,-0.00027423,-0.00114165
2020-06-19,0.00248964,-0.00012690,-0.00117429
2020-06-22,-0.00196955,-0.00002778,-0.00296898
2020-06-23,-0.00179440,0.00205050,-0.00156060
2020-06-24,0.01097764,0.00009718,-0.00426550
2020-06-25,-0.00696128,-0.00410185,-0.00144321
2020-06-26,-0.00133208,-0.00308804,-0.00037049
2020-06-29,-0.00691313,0.01776175,0.00613316
2020-06-30,-0.00127253,-0.00420148,-0.00931247
2020-07-01,0.01357857,-0.00126268,-0.00986539
2020-07-02,-0.00524927,-0.00239854,-0.00163615
2020-07-06,0.00045905,0.00262358,-0.00191118
2020-07-07,0.00450399,-0.01320372,-0.00650497
2020-07-08,0.00402018,-0.00678748,-0.00186989
2020-07-09,0.00949492,-0.00794794,-0.01281235
2020-07-10,-0.00933321,0.01246095,0.00843324
2020-07-13,-0.01148501,0.01043744,0.00525923
2020-07-14,-0.00140321,-0.00478261,-0.00068821
2020-07-15,-0.00531159,0.01068646,0.01128836
2020-07-16,-0.00285045,-0.00263388,0.00084849
2020-07-17,0.00686436,-0.00500822,-0.00594688
2020-07-20,0.00596423,-0.01268761,-0.01504190
2020-07-21,-0.01864423,0.00519551,0.01361343
2020-07-22,0.00472838,-0.00011157,-0.00320371
2020-07-23,-0.00936012,0.00133666,0.00761463
2020-07-24,-0.00233945,0.00008391,-0.00179820
2020-07-27,0.00399971,-0.01105468,0.00039318
2020-07-28,-0.00195882,0.00529855,0.00126815
2020-07-29,-0.01476767,-0.00336274,0.00084507
2020-07-30,0.00616010,-0.00450395,-0.00624309
2020-07-31,-0.00471803,-0.00105123,-0.00262111
2020-08-03,0.00558047,-0.00605994,-0.00542097
2020-08-04,0.00492616,0.00229434,0.00315434
2020-08-05,-0.00439313,0.00016553,0.00392685
2020-08-06,0.00549862,0.00718346,-0.00419142
2020-08-07,-0.00894298,0.00819650,0.00392902
2020-08-10,0.00219425,0.01317189,0.00752625
2020-08-11,-0.00733248,0.01163602,0.00003343
2020-08-12,0.00020165,-0.00026190,-0.00829392
2020-08-13,0.00989159,-0.00756965,-0.00099291
2020-08-14,-0.00391070,0.00427518,0.00177196
2020-08-17,0.00916481,-0.01079845,-0.00665407
2020-08-18,0.00894057,-0.00456827,-0.00256371
2020-08-19,-0.00092863,-0.00032205,-0.00018596
2020-08-20,0.00782833,0.00073647,-0.00551549
2020-08-21,-0.00517376,-0.00281387,-0.00120780
2020-08-24,-0.01138752,0.00995887,0.00547165
2020-08-25,0.00658651,-0.00064562,-0.00463861
2020-08-26,0.00486815,-0.01288601,-0.00765362
2020-08-27,-0.00480214,0.01026356,0.00489606
2020-08-28,0.00737403,0.00889387,0.00072089
2020-08-31,0.01842496,-0.00165438,-0.00938114
2020-09-01,-0.01108175,-0.01246363,0.00121854
2020-09-02,0.00444508,0.00715642,-0.00527458
2020-09-03,-0.00498410,0.01737479,0.01274312
2020-09-04,-0.01074903,0.01071177,0.00684735
2020-09-08,0.02062758,0.00315056,0.00496904
2020-09-09,0.01005098,-0.01442249,-0.01016603
2020-09-10,-0.00143938,-0.00326694,0.00335564
2020-09-11,-0.00380690,0.00095898,0.00009813
2020-09-14,0.01102626,0.00432212,-0.00929397
2020-09-15,0.00730068,-0.00343296,-0.00519563
2020-09-16,0.00322665,0.00956048,0.01037618
2020-09-17,0.00124774,0.00474080,0.00268120
2020-09-18,0.00430484,-0.00577220,0.00032013
2020-09-21,-0.00023149,-0.02268191,-0.00564126
2020-09-22,0.00231598,-0.01037041,-0.00494070
2020-09-23,-0.01150444,-0.00576603,0.00215218
2020-09-24,-0.00779566,0.00003661,-0.00292484
2020-09-25,0.00670191,0.00752316,-0.00679123
2020-09-28,-0.00631916,-0.00248718,0.00090571
2020-09-29,0.00286059,0.00285748,-0.00293602
2020-09-30,0.00050922,0.00202501,-0.00297902
2020-10-01,0.00857600,0.00645184,-0.00497948
2020-10-02,-0.01245733,-0.01297480,0.01247560
2020-10-05,0.00201504,0.00819864,-0.00999115
2020-10-06,-0.00511977,-0.00348287,0.00315555
2020-10-07,-0.00145027,0.00104853,-0.00178713
2020-10-08,0.00224442,-0.00006547,0.00294507
2020-10-09,0.00462522,0.00547015,-0.00627652
2020-10-12,-0.00400182,0.00134430,-0.00504124
2020-10-13,0.01105968,0.00776911,-0.00626094
2020-10-14,-0.00138837,-0.00392816,0.00441031
2020-10-15,-0.00738892,-0.00477545,0.00330433
2020-10-16,-0.00084505,-0.00015108,0.00002973
2020-10-19,-0.00123599,-0.00396348,0.00489181
2020-10-20,-0.00711689,-0.00365122,0.00260693
2020-10-21,-0.00625588,-0.00300632,0.00159386
2020-10-22,-0.00286362,-0.00162933,0.00272573
2020-10-23,-0.00067494,-0.00181290,0.00119766
2020-10-26,-0.00582934,0.00142455,-0.00242310
2020-10-27,0.01402411,0.01645347,-0.01509497
2020-10-28,-0.01345910,-0.00703761,-0.00131489
2020-10-29,-0.00494533,-0.00757163,0.00854878
2020-10-30,-0.00853851,-0.01024263,0.01456554
2020-11-02,-0.00308588,-0.00902675,0.00840305
2020-11-03,0.00360409,0.00053364,-0.00163894
2020-11-04,0.04173876,0.04107705,-0.02758555
2020-11-05,-0.00738779,-0.00794422,-0.00240142
2020-11-06,-0.00205897,0.00297765,-0.00518577
2020-11-09,-0.00079512,-0.04454322,0.07129636
2020-11-10,-0.00800816,-0.01392022,0.01444972
2020-11-11,0.01055701,0.01534983,-0.01529864
2020-11-12,0.00599710,0.01081937,-0.01018630
2020-11-13,0.00235868,-0.00639400,0.01122858
2020-11-16,-0.00920921,-0.01839214,0.01661954
2020-11-17,0.00384334,0.00021885,-0.00223276
2020-11-18,-0.00107247,-0.00156818,-0.00338912
2020-11-19,0.00680300,0.00589924,-0.00524308
2020-11-20,0.00426480,0.00476650,-0.00677505
2020-11-23,-0.01823135,-0.00468850,0.01266725
2020-11-24,-0.01467625,0.00145908,0.02404515
2020-11-25,0.01536877,0.00218589,-0.01106366
2020-11-27,0.01615904,0.00160160,-0.01335360
2020-11-30,0.01621799,0.00112251,-0.01286218
2020-12-01,-0.00623640,0.00154038,0.00711369
2020-12-02,-0.00668833,0.00198769,0.01084709
2020-12-03,-0.00036721,-0.00074271,0.00095734
2020-12-04,-0.00651519,0.00129240,0.01022673
2020-12-07,0.00587707,-0.00214048,-0.00753947
2020-12-08,0.00475550,-0.00128292,-0.00460477
2020-12-09,-0.01044260,0.00003524,0.01035508
2020-12-10,0.00822600,0.00070879,-0.00553365
2020-12-11,0.00379507,-0.00137507,-0.00469446
2020-12-14,0.01902711,0.00787400,-0.00995611
2020-12-15,-0.00679154,-0.00130268,0.00023475
2020-12-16,0.00620790,0.00070895,-0.00339070
2020-12-17,0.00963540,0.00272392,-0.00663390
2020-12-18,0.00698159,0.00100581,-0.00797127
2020-12-21,0.00328702,-0.00666367,-0.00807812
2020-12-22,0.01051640,0.00215405,-0.01044742
2020-12-23,0.00209264,-0.00147092,0.01385066
2020-12-24,0.01251644,0.00443515,0.00123186
2020-12-28,0.00439327,-0.00488933,0.00945101
2020-12-29,0.00667187,0.00041436,0.00249596
2020-12-30,-0.00365892,0.00199305,-0.00264051
2020-12-31,0.00715840,0.00046063,0.00540855
2021-01-04,0.00429310,0.00163581,0.00148427
2021-01-05,-0.00374673,0.00215298,-0.00138342
2021-01-06,-0.00359724,-0.00119641,0.01252939
2021-01-07,-0.00571901,0.00009837,-0.00524462
2021-01-08,0.00407613,0.00097902,-0.00112329
2021-01-11,-0.00585446,-0.00094454,0.00260967
2021-01-12,-0.00197703,0.00318669,0.00027212
2021-01-13,0.00008595,0.00048915,-0.00228836
2021-01-14,-0.00477254,0.00285519,0.00013835
2021-01-15,0.00261690,-0.00235122,0.00109041
2021-01-19,-0.00434835,0.00168127,-0.00513902
2021-01-20,0.00431309,0.00398400,-0.00798101
2021-01-21,-0.00136389,-0.00065930,-0.00601101
2021-01-22,-0.00332609,-0.00114171,-0.00150764
2021-01-25,0.00728449,0.00151071,0.00068222
2021-01-26,-0.01489426,-0.00760188,0.00646292
2021-01-27,-0.01534941,-0.00483215,0.00878917
2021-01-28,0.01480293,0.00646189,-0.01165656
2021-01-29,-0.00344492,-0.00468609,-0.00078449
2021-02-01,0.00773427,0.00226323,-0.00591982
2021-02-02,0.01854693,0.00696737,-0.00207464
2021-02-03,-0.00387086,0.00019464,0.00037165
2021-02-04,0.00531306,0.00354615,0.00094123
2021-02-05,-0.00257015,0.00065929,-0.00111459
2021-02-08,-0.00079671,0.00212733,0.00301047
2021-02-09,-0.00106922,-0.00178251,0.00137726
2021-02-10,0.00064453,0.00234624,0.00108417
2021-02-11,-0.00356587,-0.00204025,-0.00291137
2021-02-12,-0.00141613,-0.00105381,-0.00206061
2021-02-16,0.00008369,-0.00096769,0.00170547
2021-02-17,0.00414595,0.00159291,0.00533146
2021-02-18,0.00356005,0.00037098,0.00152148
2021-02-19,0.00099182,0.00316708,-0.00189157
2021-02-22,0.00261328,0.00493782,0.01146540
2021-02-23,0.00510819,0.00287459,0.00544091
2021-02-24,0.00097857,0.00113779,0.00103852
2021-02-25,-0.00499258,-0.00666711,0.00817214
2021-02-26,-0.00758627,-0.00073182,-0.00295798
2021-03-01,0.00223339,0.00151025,-0.00239545
2021-03-02,-0.00039486,-0.00212808,-0.00005310
2021-03-03,-0.00479912,-0.00899609,0.00573236
2021-03-04,0.00194669,-0.00611999,0.00779736
2021-03-05,0.00275782,0.00004168,0.00413739
2021-03-08,0.00022327,-0.00595610,0.00142779
2021-03-09,0.00783673,0.01050054,-0.00400821
2021-03-10,0.00277901,-0.00116928,-0.00290284
2021-03-11,0.00368440,0.00545152,-0.00634445
2021-03-12,-0.00045853,-0.00026443,-0.00039626
2021-03-15,0.00313739,0.00496408,-0.00204501
2021-03-16,-0.00042858,-0.00016435,0.00240269
2021-03-17,-0.00564160,-0.00069256,-0.00460382
2021-03-18,0.00035011,-0.00595458,0.00423428
2021-03-19,0.00538776,0.00320872,-0.00215495
2021-03-22,0.00125995,0.00395675,-0.00123467
2021-03-23,0.00435919,-0.00014029,0.00666858
2021-03-24,-0.00692252,-0.00769131,0.00639719
2021-03-25,-0.00254162,-0.00018980,-0.00179053
2021-03-26,-0.01002141,-0.00431297,-0.00452489
2021-03-29,-0.00469664,0.00464678,-0.00473820
2021-03-30,-0.00163856,-0.00474997,-0.00023092
2021-03-31,0.00575523,-0.00481521,0.01522838
2021-04-01,0.00090775,-0.00109355,0.00564722
2021-04-05,-0.00165585,0.00043142,-0.00149403
2021-04-06,-0.00266413,-0.00122702,0.00184708
2021-04-07,-0.00784801,-0.00181655,-0.00515702
2021-04-08,0.00041327,-0.00276536,0.00849618
2021-04-09,-0.00740782,-0.00361694,-0.00348825
2021-04-12,-0.01057688,-0.00255773,-0.00399572
2021-04-13,0.00326051,-0.00081474,0.01102103
2021-04-14,0.00401729,0.00322990,-0.00516332
2021-04-15,-0.00071809,0.00046971,0.00409768
2021-04-16,-0.00698517,-0.00189719,-0.00422089
2021-04-19,-0.00430496,0.00226082,-0.00783656
2021-04-20,-0.00332353,0.00269984,0.00319476
2021-04-21,0.00818702,-0.00177942,0.00370725
2021-04-22,0.00189003,-0.00061544,0.00382145
2021-04-23,-0.00233284,-0.00596345,-0.00104229
2021-04-26,0.01130037,0.00072670,0.00958119
2021-04-27,-0.00992386,-0.00616515,-0.00176435
2021-04-28,0.00696127,0.00401918,0.00043968
2021-04-29,0.00107375,0.00656812,-0.00308561
2021-04-30,-0.00154497,0.00183458,0.00236869
2021-05-03,-0.00586954,0.00300451,-0.00601669
2021-05-04,-0.00641708,0.00156396,-0.00946721
2021-05-05,-0.00436728,-0.00042675,-0.00573893
2021-05-06,-0.00268578,0.00450671,-0.00754451
2021-05-07,-0.00309958,-0.00604323,-0.00048604
2021-05-10,0.00101048,0.00972682,-0.00882792
2021-05-11,0.00704874,0.00164202,0.00432660
2021-05-12,0.01386755,0.01660308,-0.00192762
2021-05-13,-0.00665940,0.00014959,-0.00672917
2021-05-14,0.00168250,-0.00514015,0.00406926
2021-05-17,0.00240072,0.00118528,-0.00245215
2021-05-18,0.00826929,0.00352665,0.00692953
2021-05-19,-0.00034911,0.00041489,0.00176229
2021-05-20,0.00234279,-0.00205830,0.00845972
2021-05-21,0.00337994,0.00338457,-0.00188918
2021-05-24,-0.00840774,-0.00767924,0.00090151
2021-05-25,-0.00869720,-0.00767073,0.00146141
2021-05-26,-0.00476729,-0.00108645,0.00749737
2021-05-27,-0.00335524,-0.00106819,0.00340689
2021-05-28,-0.00025054,-0.00038301,0.00021594
2021-06-01,0.00240416,-0.00153890,-0.00459284
2021-06-02,0.00461447,0.00630919,0.00406944
2021-06-03,0.00791219,0.00508660,-0.00424160
2021-06-04,-0.00408121,-0.00431692,0.00006569
2021-06-07,-0.00362314,0.00163644,0.01238867
2021-06-08,0.00212694,0.00391251,0.00726885
2021-06-09,0.00729241,0.00563440,0.00046045
2021-06-10,0.00836980,0.00422518,0.00206922
2021-06-11,-0.00546212,-0.00423453,0.00067442
2021-06-14,0.00179516,0.00398051,0.00725474
2021-06-15,0.00302000,0.00004183,-0.00774167
2021-06-16,-0.00055586,0.00091273,0.00365086
2021-06-17,0.00135101,0.00234616,0.00933906
2021-06-18,-0.00413098,-0.00212573,0.00239023
2021-06-21,-0.00222049,-0.00691894,-0.00711380
2021-06-22,-0.00582637,-0.00566982,-0.00150118
2021-06-23,-0.00683577,-0.00190440,0.00722377
2021-06-24,0.00139113,0.00131843,0.00287289
2021-06-25,0.00921423,0.00434315,0.00063339
2021-06-28,-0.01748113,-0.00649264,0.00445808
2021-06-29,-0.00555799,-0.00597084,-0.00327500
2021-06-30,-0.00283781,-0.00186573,0.00129114
2021-07-01,0.00754662,0.00426729,-0.00004471
2021-07-02,-0.00010416,-0.00237642,-0.00489758
2021-07-06,-0.00511710,-0.00572124,-0.00567896
2021-07-07,0.00921974,0.00037905,-0.00424200
2021-07-08,-0.00174227,0.00000706,-0.00171757
2021-07-09,-0.00483614,-0.00133585,0.00584614
2021-07-12,-0.00234219,-0.00262695,0.00085645
2021-07-13,0.00465879,0.00057883,-0.00424749
2021-07-14,0.01597833,0.00466931,-0.00431419
2021-07-15,0.00959313,0.00668858,0.00225613
2021-07-16,0.00904313,0.00454426,-0.00064077
2021-07-19,-0.00521253,-0.00097810,-0.00127561
2021-07-20,-0.00974205,-0.00553293,0.00261485
2021-07-21,-0.01578713,-0.00824687,0.00213948
2021-07-22,-0.00195464,-0.00365460,-0.00589508
2021-07-23,-0.00029141,-0.00348683,-0.00031368
2021-07-26,-0.00199681,-0.00290237,-0.00109478
2021-07-27,0.00946054,0.00256023,-0.00566031
2021-07-28,-0.00168766,0.00261568,0.01242402
2021-07-29,0.00036398,-0.00337321,-0.00560292
2021-07-30,0.00209736,0.00019849,-0.00322590
2021-08-02,-0.00018037,0.00153180,0.00014827
2021-08-03,-0.00172460,-0.00414960,-0.00475055
2021-08-04,-0.00419142,-0.00210180,-0.00310171
2021-08-05,-0.00738536,-0.00079184,0.01013591
2021-08-06,0.00506485,0.00343591,0.00247639
2021-08-09,-0.00775698,-0.00331687,0.00255513
2021-08-10,-0.00165237,-0.00022257,0.00281290
2021-08-11,0.00600232,0.00189109,-0.00006936
2021-08-12,-0.00390190,-0.00261998,-0.00024628
2021-08-13,0.00993643,0.00393138,-0.00945063
2021-08-16,0.00123126,-0.00279629,-0.01031031
2021-08-17,0.01262308,0.00737013,-0.00158789
2021-08-18,-0.00693177,-0.00227592,0.00135084
2021-08-19,0.00126466,-0.00228112,-0.01188455
2021-08-20,-0.00042978,0.00217295,0.00666454
2021-08-23,-0.00637693,0.00117891,0.01537069
2021-08-24,-0.01105389,-0.00529576,0.00644975
2021-08-25,-0.00140310,0.00002033,0.00129402
2021-08-26,0.00216020,0.00160812,-0.00445547
2021-08-27,-0.00357980,-0.00429982,0.00833771
2021-08-30,0.00077877,0.00170596,-0.00745212
2021-08-31,0.00199682,-0.00117650,0.00400250
2021-09-01,-0.00204520,-0.00186180,0.00047767
2021-09-02,-0.00207111,-0.00341984,0.00027188
2021-09-03,-0.00008126,0.00086612,-0.00349094
2021-09-07,-0.00264991,-0.00468507,0.00070537
2021-09-08,0.01485355,0.01264901,-0.00801416
2021-09-09,-0.01027611,-0.00814636,0.00570002
2021-09-10,-0.00335022,-0.00014917,-0.00481998
2021-09-13,0.00945628,0.00585813,0.00393001
2021-09-14,-0.00463264,-0.00107050,-0.00761462
2021-09-15,-0.00559418,-0.00467643,0.00393609
2021-09-16,-0.00441035,-0.00492785,0.00021948
2021-09-17,0.00163434,-0.00091889,0.00611706
2021-09-20,0.01138535,0.01244931,-0.00780540
2021-09-21,-0.00456555,-0.00492229,-0.00077603
2021-09-22,-0.00958689,-0.00669193,0.00576252
2021-09-23,-0.00582471,-0.00605694,0.00850551
2021-09-24,0.00141628,-0.00237460,-0.00055965
2021-09-27,-0.00036257,0.00412253,0.00968635
2021-09-28,0.00798240,0.00592967,0.00162727
2021-09-29,0.00670453,0.00116800,-0.00080231
2021-09-30,-0.00091619,0.00139687,-0.00430617
2021-10-01,-0.00315379,-0.00303570,0.00370910
2021-10-04,0.00578229,0.00182123,0.00111932
2021-10-05,-0.00614828,-0.00572644,-0.00035239
2021-10-06,0.00558307,0.00149429,-0.00193888
2021-10-07,-0.00515432,-0.00308343,0.00204916
2021-10-08,0.00628213,0.00336724,0.00460591
2021-10-11,-0.00061368,0.00124568,-0.00153743
2021-10-12,-0.00302843,0.00064457,-0.00131325
2021-10-13,-0.00021394,0.00121398,-0.00169038
2021-10-14,0.00116985,-0.00051160,0.00356578
2021-10-15,-0.00042661,-0.00250944,0.00193596
2021-10-18,-0.01491742,-0.01195092,-0.00219252
2021-10-19,0.00609498,0.00353515,0.00330020
2021-10-20,0.00335922,0.00259746,0.00346513
2021-10-21,-0.00266067,-0.00176804,-0.00223248
2021-10-22,0.00096651,-0.00123083,-0.00296628
2021-10-25,-0.01267074,-0.00709629,-0.00231115
2021-10-26,0.00226321,0.00131334,0.00006688
2021-10-27,0.00517989,0.00007544,0.00211749
2021-10-28,-0.01268713,-0.00388698,-0.00121124
2021-10-29,-0.00433510,-0.00549717,-0.00568377
2021-11-01,-0.01266664,-0.00278238,-0.00041523
2021-11-02,0.00000551,-0.00171906,-0.00255564
2021-11-03,0.00268185,0.00275790,0.00252465
2021-11-04,0.00133032,-0.00222120,-0.00396602
2021-11-05,0.00311105,0.00221232,0.00092219
2021-11-08,-0.01284724,-0.00844744,-0.00698154
2021-11-09,0.01040564,0.00314961,-0.00091843
2021-11-10,0.02207473,0.01230339,0.01020456
2021-11-11,-0.01153108,-0.00735585,-0.00614912
2021-11-12,-0.00095341,-0.00223265,-0.00165512
2021-11-15,0.00472039,0.00313057,0.00431401
2021-11-16,-0.00243936,-0.00028325,-0.00215224
2021-11-17,0.00719152,0.00255411,0.00232473
2021-11-18,-0.00088045,-0.00304774,-0.00239579
2021-11-19,-0.00117698,-0.00320046,0.00041359
2021-11-22,0.00884387,0.00403905,0.00689707
2021-11-23,0.01255750,0.00743312,0.00524595
2021-11-24,-0.01016699,-0.00365917,0.00020979
2021-11-26,-0.00482162,-0.00095691,0.00289332
2021-11-29,-0.00002910,-0.00717062,-0.00352211
2021-11-30,-0.00882874,-0.00236882,-0.00147597
2021-12-01,0.02668155,0.01320060,0.00576758
2021-12-02,0.00546422,0.00655034,0.00363903
2021-12-03,0.01851920,0.01098720,0.00826985
2021-12-06,0.00426538,0.00938353,0.00794497
2021-12-07,-0.02183040,-0.01436825,-0.00794650
2021-12-08,-0.00821143,-0.00194216,-0.00050841
2021-12-09,0.01330125,0.00441092,0.00373251
2021-12-10,0.01368093,0.00178443,-0.00009977
2021-12-13,0.00726048,0.01234042,0.01041361
2021-12-14,0.00571984,0.00214686,0.00211205
2021-12-15,-0.00491886,-0.00330185,-0.00260662
2021-12-16,0.01568772,0.01262697,0.01135712
2021-12-17,-0.01670715,-0.00064508,-0.00074220
2021-12-20,0.00559680,0.00499727,0.00363369
2021-12-21,-0.01127947,-0.00932795,-0.00667383
2021-12-22,0.00077421,-0.00290709,-0.00338800
2021-12-23,-0.00392598,0.00135584,0.00394628
2021-12-27,0.01777612,-0.00851199,-0.01583737
2021-12-28,0.00852513,0.00515322,0.00229839
2021-12-29,0.00984445,-0.00154502,-0.00478480
2021-12-30,-0.01271428,0.00540635,0.01123195
2021-12-31,0.00404538,-0.00244696,-0.00477537
2022-01-03,-0.01439526,0.00307324,0.00641401
2022-01-04,0.01850321,-0.00027095,-0.00963327
2022-01-05,0.01467884,0.00562392,-0.00177717
2022-01-06,0.00288144,-0.00432161,-0.00516427
2022-01-07,0.00574877,0.00624486,0.00301509
2022-01-10,0.00030191,0.00097566,0.00130858
2022-01-11,-0.00222523,-0.00122743,-0.00205906
2022-01-12,0.01322841,-0.00505160,-0.01069667
2022-01-13,0.00396137,0.00090143,-0.00216334
2022-01-14,-0.00097322,0.00000856,-0.00156365
2022-01-18,0.00996411,0.00042287,-0.00488264
2022-01-19,-0.00276367,0.00298989,0.00357103
2022-01-20,-0.00301675,0.00438719,0.00548967
2022-01-21,-0.00206521,0.00451852,0.00504713
2022-01-24,-0.00661670,-0.00448238,-0.00092019
2022-01-25,-0.00160973,-0.00058069,-0.01015225
2022-01-26,0.00942327,-0.00510503,-0.00627365
2022-01-27,0.01377363,0.00203298,-0.00786294
2022-01-28,0.00198324,0.00262271,0.00256696
2022-01-31,-0.01546851,0.00698847,0.01673476
2022-02-01,-0.00336193,0.00031652,-0.00353718
2022-02-02,0.02517403,-0.00810261,-0.01591880
2022-02-03,0.00065196,-0.00647857,-0.00873552
2022-02-04,-0.00694229,0.00124471,0.00578199
2022-02-07,-0.00421422,-0.00101175,0.00282680
2022-02-08,0.00217598,-0.00222493,-0.00094107
2022-02-09,-0.00535388,0.00200755,0.00352932
2022-02-10,-0.00252508,-0.00670115,-0.00771998
2022-02-11,-0.00501499,-0.00122210,-0.00539007
2022-02-14,0.00069692,-0.00161707,-0.00053716
2022-02-15,-0.01147930,0.00333972,0.00911170
2022-02-16,0.00752526,-0.00436708,-0.00650377
2022-02-17,-0.00507023,-0.00127628,-0.00151727
2022-02-18,0.00572102,-0.00356494,-0.00509591
2022-02-22,0.00197855,-0.00099742,0.00085359
2022-02-23,-0.00145980,-0.00301855,-0.00734122
2022-02-24,-0.02943214,-0.02473737,0.00754380
2022-02-25,0.00938597,-0.00227555,-0.00734555
2022-02-28,-0.01070978,-0.00366583,-0.00321732
2022-03-01,-0.00653816,0.00070959,0.00191110
2022-03-02,0.02255910,0.00193376,-0.00255276
2022-03-03,0.02001202,0.01404292,-0.00248843
2022-03-04,0.01339250,0.01085540,-0.00267381
2022-03-07,-0.01790464,0.00736416,-0.00065037
2022-03-08,-0.01707757,-0.00491178,0.00112713
2022-03-09,-0.01173800,-0.01925825,0.00166417
2022-03-10,0.00729908,0.00490090,-0.00297980
2022-03-11,0.01658324,0.01350378,0.00231606
2022-03-14,0.03127549,0.01615159,0.00396725
2022-03-15,0.00062310,-0.01128763,0.00325843
2022-03-16,-0.02275542,-0.02203858,0.00070966
2022-03-17,-0.01729456,-0.01406508,-0.00357542
2022-03-18,-0.00911042,-0.01056858,0.00141127
2022-03-21,0.01497246,0.00975390,-0.00924299
2022-03-22,-0.01607142,-0.01141475,-0.00214310
2022-03-23,-0.00088498,0.00617242,-0.00383634
2022-03-24,-0.00099287,-0.00597333,-0.00354038
2022-03-25,0.02742275,0.01298707,0.00247054
2022-03-28,-0.00247618,-0.00460605,0.00008020
2022-03-29,-0.03303184,-0.01663212,-0.00867479
2022-03-30,0.01606435,0.00845990,0.00314411
2022-03-31,-0.00204005,0.00275007,0.00430943
2022-04-01,-0.01330568,-0.00530180,-0.00424008
2022-04-04,-0.02042467,-0.00998154,-0.00589216
2022-04-05,0.00999538,0.00660405,0.00306816
2022-04-06,0.00711655,0.00503541,-0.00213482
2022-04-07,0.01819377,0.00330114,0.00255399
2022-04-08,0.02186603,0.01008435,0.00254878
2022-04-11,-0.00255180,0.00204218,0.00154424
2022-04-12,0.00398828,0.00347650,0.00136023
2022-04-13,-0.00530044,-0.00480506,-0.00173177
2022-04-14,0.01401594,0.00798738,0.00481890
2022-04-18,0.02898690,0.01113406,0.00595587
2022-04-19,-0.00607866,-0.00736420,-0.00114781
2022-04-20,0.01756097,0.00482831,0.00113759
2022-04-21,0.00741624,0.00483328,0.00185817
2022-04-22,-0.01167523,0.00271973,0.00444780
2022-04-25,-0.02349737,-0.01120538,-0.00536368
2022-04-26,0.01467402,0.02657991,0.00803925
2022-04-27,0.01562547,0.00907726,0.00189220
2022-04-28,0.00950093,-0.00624998,-0.00392409
2022-04-29,-0.00427947,0.01447262,0.00788684
2022-05-02,-0.02361011,-0.02222782,-0.00316319
2022-05-03,0.01562668,0.00963052,-0.00129021
2022-05-04,0.00551730,-0.00919469,-0.00823206
2022-05-05,0.01126069,0.02664351,0.00835556
2022-05-06,0.02308390,0.02011464,0.00136033
2022-05-09,0.01084454,0.01962548,0.01108840
2022-05-10,0.00448222,-0.00301263,0.00044241
2022-05-11,0.02659606,0.03177490,0.00445117
2022-05-12,-0.03188609,-0.02173545,-0.00429954
2022-05-13,-0.02338021,-0.02988107,-0.00753992
2022-05-16,0.01534033,0.01603080,0.00141235
2022-05-17,-0.01367501,-0.01500077,-0.00791892
2022-05-18,-0.00915455,0.01718832,0.00515315
2022-05-19,-0.01618843,-0.01102141,-0.00006120
2022-05-20,-0.00270195,-0.00162536,0.00033572
2022-05-23,0.01776534,0.00983400,-0.00535048
2022-05-24,0.02014295,0.02255070,0.00228654
2022-05-25,-0.01277603,-0.00999560,-0.00077393
2022-05-26,-0.00827025,-0.01385417,-0.00237968
2022-05-27,-0.01172776,-0.02015685,-0.00236592
2022-05-31,0.00655978,0.00819284,-0.00011782
2022-06-01,0.01325438,0.01650363,0.00680601
2022-06-02,-0.02228647,-0.02537287,-0.00483154
2022-06-03,-0.00438587,0.01120104,0.00362327
2022-06-06,-0.00066212,-0.00019347,0.00254828
2022-06-07,-0.00529666,-0.00567041,-0.00002072
2022-06-08,-0.00705059,-0.00401550,-0.00504529
2022-06-09,0.00153688,0.01007411,0.00621832
2022-06-10,0.01294074,0.01826423,0.00681620
2022-06-13,0.01389901,0.01592667,0.00253591
2022-06-14,0.00071121,-0.00047630,0.00179595
2022-06-15,-0.01405187,-0.01556699,-0.00647051
2022-06-16,0.01782623,0.01416577,-0.00023275
2022-06-17,-0.03433685,-0.02578598,-0.01017189
2022-06-21,0.00932770,-0.00417784,-0.00133398
2022-06-22,-0.02210439,-0.01966086,-0.00733083
2022-06-23,-0.03544707,-0.03711338,-0.00862596
2022-06-24,-0.00070172,-0.00814088,-0.00240486
2022-09-26,0.01227846,0.00394326,-0.00052917
2022-09-27,-0.00581430,-0.00671318,-0.00965470
2022-09-28,-0.03590554,-0.01405500,-0.00973138
2022-09-29,0.03521581,0.01250780,0.00662420
2022-09-30,0.01840025,0.00286432,-0.00361869
2022-10-03,-0.02429181,-0.00446221,0.00164368
2022-10-04,-0.05381995,-0.01852517,-0.00657371
2022-10-05,0.00769558,0.00319509,0.00224070
2022-10-06,0.00953095,0.00120493,-0.00130832
2022-10-07,0.05266176,0.01835976,0.00821678
2022-10-10,0.01916814,0.00816483,0.00574634
2022-10-11,0.01139141,0.00308517,-0.00016187
2022-10-12,0.00140827,-0.00062447,-0.00017299
2022-10-13,-0.01626954,0.00094510,0.00570583
2022-10-14,0.03727565,0.01445196,0.00888206
2022-10-17,-0.04747263,-0.01697219,-0.00768003
2022-10-18,-0.01591465,-0.00356405,-0.00067627
2022-10-19,0.03080064,0.01660233,0.01057428
2022-10-20,0.00471516,0.00034772,-0.00179139
2022-10-21,-0.02189811,-0.00440551,-0.00023072
2022-10-24,-0.00698817,0.00022345,0.00318963
2022-10-25,-0.04446925,-0.01898885,-0.00831173
2022-10-26,0.01106469,0.00377200,0.00215096
2022-10-27,0.00879975,0.00207316,0.00158447
2022-10-28,-0.02950614,-0.00966608,-0.00154091
2022-10-31,0.01195181,0.00296238,0.00105549
2022-11-01,0.00459260,0.00266116,0.00136113
2022-11-02,0.04730828,0.01652982,0.00748645
2022-11-03,0.01761552,0.00562172,-0.00029901
2022-11-04,-0.00228245,0.01084413,0.01104384
2022-11-07,-0.00707442,0.00182785,0.00547146
2022-11-08,-0.00642391,-0.00096890,-0.00022063
2022-11-09,0.03335491,0.00659926,0.00217178
2022-11-10,-0.11403451,-0.04053990,-0.01395324
2022-11-11,-0.04172431,-0.01546853,-0.00587730
2022-11-14,0.02058682,0.00625833,0.00077186
2022-11-15,-0.02467320,-0.00955819,-0.00368174
2022-11-16,0.02873289,0.01046749,0.00682379
2022-11-17,0.01545841,0.00660824,0.00384477
2022-11-18,0.00399189,0.00226923,0.00217971
2022-11-21,0.01605896,0.00665750,0.00608170
2022-11-22,-0.01297394,-0.00012052,0.00148688
2022-11-23,-0.01436174,-0.00115171,0.00694891
2022-11-25,0.00316409,0.00090251,0.00032276
2022-11-28,0.01916951,0.00348039,-0.00229562
2022-11-29,0.00416967,0.00087561,0.00248799
2022-11-30,-0.04635802,-0.00953735,0.00666913
2022-12-01,-0.00118179,0.00176202,0.00686800
2022-12-02,-0.00009083,-0.00346720,-0.00174500
2022-12-05,0.02572427,0.00807844,-0.00080018
2022-12-06,0.02285027,0.00577163,-0.00261786
2022-12-07,0.00198165,-0.00167736,-0.00298612
2022-12-08,-0.01547626,-0.00304168,0.00541394
2022-12-09,0.00959629,0.00689540,0.00508579
2022-12-12,-0.01446979,-0.00401362,-0.00019372
2022-12-13,-0.01244303,-0.00287796,0.00024737
2022-12-14,0.00590102,-0.00067869,-0.00141323
2022-12-15,0.03732704,0.00779420,-0.00432073
2022-12-16,0.01338515,0.00254211,0.00027673
2022-12-19,0.02001392,0.00623353,-0.00310442
2022-12-20,0.00244771,0.00052886,0.00087016
2022-12-21,-0.01993581,-0.00714610,-0.00377931
2022-12-22,0.02028608,0.00506755,0.00206973
2022-12-23,0.00461226,0.00744566,0.00268697
2022-12-27,0.00530411,0.01326447,0.00084635
2022-12-28,0.00213910,0.00061789,-0.00269442
2022-12-29,-0.00647632,-0.01531548,0.00875982
2022-12-30,0.00191157,-0.00165602,-0.00114452
2023-01-03,0.00197140,0.00085744,0.00595217
2023-01-04,0.00457452,-0.00781042,0.00930852
2023-01-05,0.00741708,0.00812976,-0.00420699
2023-01-06,-0.00969476,-0.00410790,0.00525711
2023-01-09,0.00572721,-0.00827236,0.00161314
2023-01-10,0.00051175,-0.00886146,0.00516961
2023-01-11,-0.00322136,-0.01013277,0.00445896
2023-01-12,0.00196922,-0.00649273,0.00222346
2023-01-13,-0.00465667,-0.00407730,-0.00017833
2023-01-17,0.00362184,-0.00279705,0.00010960
2023-01-18,-0.00000395,0.00272224,-0.00469088
2023-01-19,0.00686523,0.00942600,-0.00120537
2023-01-20,-0.00963749,-0.01184594,0.00388029
2023-01-23,-0.00461269,-0.01267280,0.00403489
2023-01-24,-0.00431175,0.00184947,-0.00425923
2023-01-25,0.00305482,0.00221305,0.00143946
2023-01-26,-0.00822530,-0.00054678,0.00306735
2023-01-27,0.00024913,0.00507510,0.00743155
2023-01-30,0.01210355,0.00410591,-0.00511397
2023-01-31,-0.00650291,0.00307085,0.00798776
2023-02-01,-0.00711746,0.00315942,0.01123569
2023-02-02,-0.00171516,0.01021561,0.01568305
2023-02-03,0.00803904,-0.00218690,-0.00889660
2023-02-06,0.00115365,-0.00469066,-0.00694028
2023-02-07,-0.00936692,-0.00586547,0.00041453
2023-02-08,0.00650708,0.00011470,-0.00500464
2023-02-09,0.00293534,-0.00393849,-0.00551223
2023-02-10,0.00319800,0.00016435,-0.00416331
2023-02-13,-0.00628599,-0.00034874,0.00543381
2023-02-14,-0.00615634,-0.00372243,0.00192589
2023-02-15,-0.00150887,0.00614571,0.00833923
2023-02-16,0.00735100,-0.00076228,-0.00725143
2023-02-17,0.00884268,0.00421319,-0.00045072
2023-02-21,0.01186150,-0.00016947,-0.00983937
2023-02-22,-0.00073871,0.00124061,0.00245076
2023-02-23,-0.00100855,-0.00279367,0.00090361
2023-02-24,0.00478032,-0.00263878,-0.00739909
2023-02-27,-0.00555120,-0.00543474,0.00223173
2023-02-28,-0.00180392,-0.00316890,0.00221903
2023-03-01,-0.02019424,-0.00891430,0.00134255
2023-03-02,-0.00286486,-0.00107921,0.00011855
2023-03-03,0.00308141,-0.00195717,-0.00198159
2023-03-06,-0.00850568,-0.00673123,0.00194462
2023-03-07,-0.00759032,-0.00400729,0.00395685
2023-03-08,0.00009116,-0.00123390,0.00318947
2023-03-09,-0.00385142,0.00139324,0.00172167
2023-03-10,-0.00542459,0.00028760,0.00207307
2023-03-13,0.00135524,-0.00292709,-0.00043534
2023-03-14,-0.00221065,-0.00406810,-0.00021324
2023-03-15,0.02090502,0.00826799,0.00514155
2023-03-16,-0.00662919,-0.00838018,0.00077688
2023-03-17,-0.00312738,-0.00329739,0.00502994
2023-03-20,-0.00948252,-0.00215428,-0.00244389
2023-03-21,0.00114989,-0.00395582,-0.00073958
2023-03-22,-0.00607501,-0.00160596,0.00311593
2023-03-23,-0.00270977,-0.00496665,0.00259105
2023-03-24,0.00528645,0.00409127,-0.00269356
2023-03-27,-0.00294585,0.00108843,-0.00337859
2023-03-28,-0.00663001,-0.00354329,-0.00051248
2023-03-29,0.00678476,0.00222034,-0.00274061
2023-03-30,-0.00352723,-0.00291332,0.00259779
2023-03-31,0.00777588,0.00311226,-0.00016486
2023-04-03,-0.00545679,-0.00227962,-0.00539523
2023-04-04,-0.00219455,0.00090217,0.00319321
2023-04-05,-0.00213155,-0.00110169,-0.00341096
2023-04-06,0.00815771,0.00449299,0.00007786
2023-04-10,-0.00216889,-0.00224188,-0.00031502
2023-04-11,0.00687269,0.00409000,-0.00379917
2023-04-12,-0.01201746,-0.00606869,0.00043339
2023-04-13,0.00710656,0.00254506,-0.00257708
2023-04-14,-0.00996406,-0.00570014,0.00019117
2023-04-17,0.00446368,0.00092495,-0.00105340
2023-04-18,-0.01796035,-0.00942010,0.00247438
2023-04-19,0.01028170,0.00581122,-0.00011131
2023-04-20,-0.00400461,0.00027126,0.00098735
2023-04-21,0.00167480,0.00161271,0.00030772
2023-04-24,-0.00219346,-0.00156723,-0.00249652
2023-04-25,-0.00719096,-0.00007367,0.00263030
2023-04-26,0.00537335,0.00382081,0.00292476
2023-04-27,0.00724465,-0.00109804,-0.00170232
2023-04-28,0.00225670,0.00095334,-0.00436377
2023-05-01,-0.00995966,-0.00351258,0.00239909
2023-05-02,-0.02219309,-0.01093511,0.01356461
2023-05-03,-0.00601256,0.00186777,-0.00075311
2023-05-04,-0.00865547,-0.00127888,0.00247503
2023-05-05,0.01025449,0.00533926,-0.01183089
2023-05-08,-0.00673940,-0.00322817,0.00243415
2023-05-09,-0.00858276,-0.00255972,-0.00053430
2023-05-10,0.00030575,0.00110199,0.00033573
2023-05-11,-0.00109128,-0.00088926,0.00372833
2023-05-12,-0.00509177,-0.00397023,0.00272362
2023-05-15,0.01101458,0.00814976,-0.00674454
2023-05-16,-0.00157611,-0.00230071,0.00687794
2023-05-17,0.02562652,0.01170880,-0.01128830
2023-05-18,0.00480546,-0.00070675,0.00018694
2023-05-19,-0.00463939,-0.00156413,0.00260147
2023-05-22,0.01842243,0.01405934,-0.00749558
2023-05-23,0.01749119,0.01161031,-0.00575064
2023-05-24,-0.01041755,-0.00622920,0.00476501
2023-05-25,-0.00343651,-0.00856150,0.01170353
2023-05-26,-0.00458662,0.00087287,0.00146958
2023-05-30,-0.00086501,0.00042186,0.00465195
2023-05-31,-0.00864476,-0.00134290,0.00414852
2023-06-01,-0.00236571,0.00090660,-0.00101344
2023-06-02,0.02363763,0.01490914,-0.01803459
2023-06-05,-0.01338290,-0.00590984,0.00739000
2023-06-06,0.01742026,0.01344430,-0.01238846
2023-06-07,0.02466024,0.01075235,-0.01617423
2023-06-08,-0.01008447,-0.00432076,0.00633199
2023-06-09,-0.00527875,-0.00296741,0.00545800
2023-06-12,0.00135414,0.00582329,0.00114212
2023-06-13,0.00736911,0.00891137,-0.00576272
2023-06-14,-0.00522284,-0.00551620,0.00827039
2023-06-15,0.00940754,0.00659163,-0.00529642
2023-06-16,0.00587695,0.00049132,0.00153502
2023-06-20,-0.01474847,-0.00525130,0.00413650
2023-06-21,-0.00823990,-0.00831177,-0.00029733
2023-06-22,-0.00665513,-0.00325951,0.00794439
2023-06-23,0.00969509,0.00165774,-0.00038254
2023-06-26,0.00967801,0.00041438,-0.00425078
2023-06-27,-0.00194699,0.00261040,-0.00121516
2023-06-28,-0.00586121,-0.00125000,-0.00146945
2023-06-29,0.00060485,-0.00025102,0.00180702
2023-06-30,0.00448768,0.00387531,-0.00009615
2023-07-03,0.00732669,0.00422526,-0.00060031
2023-07-05,0.00331761,0.00257301,-0.00076481
2023-07-06,0.00007745,-0.00099401,0.00225991
2023-07-07,0.00190431,0.00247721,-0.00258697
2023-07-10,-0.00160873,-0.00097102,-0.00358615
2023-07-11,0.00833039,0.00633772,0.00005191
2023-07-12,0.00831241,0.00567916,-0.00006211
2023-07-13,-0.00164419,0.00043636,-0.00209891
2023-07-14,-0.00728091,-0.00465859,0.00363228
2023-07-17,-0.00631645,-0.00317693,-0.00311084
2023-07-18,0.00339591,0.00314162,-0.00012221
2023-07-19,0.01072583,0.00603592,0.00143862
2023-07-20,-0.00246782,-0.00360873,-0.00093700
2023-07-21,0.00688564,0.00484832,0.00149956
2023-07-24,0.00344985,0.00262952,0.00024621
2023-07-25,-0.00199244,0.00062306,0.00080893
2023-07-26,0.00534072,0.00251842,0.00030792
2023-07-27,-0.00950182,-0.00927170,-0.00065598
2023-07-28,-0.00215329,-0.00119382,-0.00462152
2023-07-31,-0.00048265,0.00149895,0.00053094
2023-08-01,-0.00215302,-0.00425042,-0.00037159
2023-08-02,-0.00590206,-0.00621598,0.00084082
2023-08-03,0.00023101,0.00315543,-0.00087334
2023-08-04,0.00021187,0.00280013,0.00484674
2023-08-07,-0.00162308,-0.00450524,-0.00001365
2023-08-08,-0.00313016,-0.00233129,-0.00076239
2023-08-09,0.00438871,0.00386920,0.00114630
2023-08-10,0.00713586,0.00555156,0.00025810
2023-08-11,-0.00080357,-0.00035994,0.00175924
2023-08-14,0.00576728,0.00079669,-0.00310190
2023-08-15,0.00269859,-0.00209391,-0.00294604
2023-08-16,0.00047084,0.00029006,-0.00107273
2023-08-17,0.00352072,0.00476594,0.00304169
2023-08-18,-0.00265815,-0.00167836,-0.00174065
2023-08-21,0.00632027,0.00335503,-0.00140118
2023-08-22,0.00624324,0.00168396,-0.00206584
2023-08-23,0.00003515,-0.00160451,-0.00131660
2023-08-24,-0.00498153,-0.00376677,0.00078049
2023-08-25,0.00489450,0.00378709,0.00055730
2023-08-28,0.00382465,0.00222626,-0.00042813
2023-08-29,0.01166091,0.00344871,-0.00285277
2023-08-30,-0.00320063,-0.00269318,-0.00280656
2023-08-31,-0.00490900,-0.00393099,0.00047130
2023-09-01,0.00006101,-0.00073826,-0.00245713
2023-09-05,-0.00568028,-0.00262236,0.00253773
2023-09-06,-0.01037020,-0.00691428,-0.00336897
2023-09-07,-0.01213695,-0.00618084,0.00280225
2023-09-08,-0.00330156,-0.00049282,0.00379288
2023-09-11,0.00399650,0.00105270,-0.00167136
2023-09-12,-0.00011767,0.00165190,0.00193515
2023-09-13,-0.00025969,0.00109143,0.00479390
2023-09-14,0.00916481,0.00555752,0.00158694
2023-09-15,-0.00498932,-0.00048883,-0.00171374
2023-09-18,-0.01209652,-0.00562228,0.00271885
2023-09-19,0.00057087,0.00245979,0.00106215
2023-09-20,-0.00356749,-0.00031488,0.00195359
2023-09-21,-0.00596665,-0.00130333,0.00234390
2023-09-22,-0.00478055,-0.00330615,-0.00033977
2023-09-25,-0.00404157,-0.00370808,0.00180566
2023-09-26,-0.00670608,-0.00256041,-0.00301625
2023-09-27,-0.01041887,-0.00558699,-0.00130401
2023-09-28,0.00288639,0.00276823,0.00094101
2023-09-29,0.00715658,0.00367333,-0.00049929
2023-10-02,-0.00100024,-0.00243917,-0.00034407
2023-10-03,-0.00334713,-0.00401260,-0.00063888
2023-10-04,0.00101904,-0.00101706,0.00161392
2023-10-05,-0.00449028,-0.00427078,0.00192514
2023-10-06,-0.00143762,-0.00055816,-0.00016057
2023-10-09,-0.00515169,-0.00398161,0.00165554
2023-10-10,0.01124143,0.00888700,0.00186828
2023-10-11,-0.00707552,-0.00475071,0.00091839
2023-10-12,-0.00425058,-0.00776847,0.00258842
2023-10-13,0.00080488,0.00111419,-0.00291478
2023-10-16,0.00933350,0.00798612,-0.00008574
2023-10-17,0.00178393,0.00321079,0.00079476
2023-10-18,-0.00425998,-0.00546418,-0.00045163
2023-10-19,-0.00181146,-0.00283426,-0.00035253
2023-10-20,-0.00814144,-0.00382406,-0.00366581
2023-10-23,-0.00386424,-0.00415784,-0.00116786
2023-10-24,-0.00298444,0.00133903,-0.00338419
2023-10-25,-0.00463400,-0.00723114,0.00496674
2023-10-26,-0.00818500,-0.00041791,0.00557516
2023-10-27,-0.00006142,-0.00082932,-0.00371564
2023-10-30,0.00472662,0.00157718,0.00483232
2023-10-31,0.00261172,0.00186525,-0.00458163
2023-11-01,-0.00087522,-0.00293839,-0.00434865
2023-11-02,0.01089111,0.00783731,0.00891479
2023-11-03,0.01021818,0.00696894,0.00124394
2023-11-06,-0.00067754,-0.00131299,-0.00031952
2023-11-07,0.00673031,0.00478953,-0.00661385
2023-11-08,-0.00233765,-0.00238973,-0.00470789
2023-11-09,-0.01113843,-0.00801387,0.00129543
2023-11-10,0.00546375,-0.00038688,-0.00267267
2023-11-13,-0.00097981,-0.00022105,0.00202608
2023-11-14,0.01477252,0.00854792,0.00958357
2023-11-15,0.00468916,0.00597650,-0.00118599
2023-11-16,-0.00281625,-0.00151318,-0.00555970
2023-11-17,0.00009626,-0.00109062,0.00348247
2023-11-20,0.00398070,0.00212802,-0.00196960
2023-11-21,-0.00268343,-0.00299942,-0.00437110
2023-11-22,0.00319516,0.00138964,-0.00010144
2023-11-24,-0.00178963,-0.00279234,0.00012835
2023-11-27,-0.00395847,-0.00384166,-0.00393800
2023-11-28,0.00813831,0.00902322,-0.00014919
2023-11-29,-0.00139697,0.00075007,0.00266858
2023-11-30,-0.00407972,-0.00280367,-0.00305113
2023-12-01,0.00446043,0.00609722,0.01146275
2023-12-04,-0.00429214,-0.00089479,0.00364237
2023-12-05,0.00031297,0.00051996,-0.00507763
2023-12-06,0.00442898,0.00283917,0.00343533
2023-12-07,0.00343362,0.00290259,0.00498954
2023-12-08,0.00189394,0.00178853,0.00103984
2023-12-11,-0.00367681,-0.00262472,-0.00167204
2023-12-12,0.00020740,0.00120342,-0.00604121
2023-12-13,0.00916782,0.01055962,0.01272488
2023-12-14,0.00584605,0.00516751,0.01127575
2023-12-15,0.00227445,0.00113667,-0.00009323
2023-12-18,-0.00026003,-0.00103344,-0.00288838
2023-12-19,0.00206013,0.00243980,0.00434970
2023-12-20,-0.00552073,-0.00689510,0.00066725
2023-12-21,0.00357996,0.00476433,-0.00092063
2023-12-22,-0.00110597,-0.00069587,0.00264333
2023-12-26,-0.00072941,-0.00020377,0.00429274
2023-12-27,-0.00281014,-0.00420450,0.00007995
2023-12-28,0.00226169,0.00540703,0.00054663
2023-12-29,0.00156351,-0.00230134,-0.00617886
2024-01-02,-0.00395834,0.00434588,0.00668915
2024-01-03,0.00016971,-0.00869622,-0.00889169
2024-01-04,-0.00428698,-0.00114233,0.00232855
2024-01-05,0.00089235,0.00025484,0.00149357
2024-01-08,0.00719797,0.00469527,-0.00145752
2024-01-09,0.00266658,-0.00297806,-0.00644704
2024-01-10,0.00244581,-0.00161375,-0.00454582
2024-01-11,0.00209051,-0.00326992,-0.00643259
2024-01-12,0.00033506,-0.00257356,-0.00621440
2024-01-16,-0.00082784,-0.00492701,-0.00693561
2024-01-17,-0.00244033,-0.00481635,-0.00319184
2024-01-18,0.00490112,-0.00009155,-0.00252849
2024-01-19,0.00116983,-0.00245057,0.00187837
2024-01-22,-0.00672248,0.00098526,0.00833206
2024-01-23,0.00615773,0.00563668,0.00066283
2024-01-24,0.00063514,-0.00320525,-0.00013646
2024-01-25,-0.00182179,-0.00053835,0.00100509
2024-01-26,0.00084825,-0.00000040,0.00080365
2024-01-29,0.00699933,0.00656441,0.00014674
2024-01-30,-0.00595312,-0.00902883,-0.00461709
2024-01-31,-0.00140618,-0.00530713,0.00192907
2024-02-01,0.00744007,0.00676744,0.00270599
2024-02-02,0.00986174,0.00177693,-0.00620930
2024-02-05,-0.00521956,-0.00552705,-0.00338987
2024-02-06,0.00631870,0.00895109,0.00592677
2024-02-07,0.00635415,0.00209248,-0.00674134
2024-02-08,-0.00264315,0.00045840,-0.00124779
2024-02-09,0.00257648,0.00287065,-0.00277749
2024-02-12,-0.00066882,0.00481249,0.00490855
2024-02-13,-0.00259405,-0.00961679,-0.00543104
2024-02-14,0.00176451,0.00422577,-0.00002160
2024-02-15,-0.00229418,0.00294738,0.00530828
2024-02-16,0.00075796,0.00006991,0.00237343
2024-02-20,0.00312658,0.00049687,-0.00001664
2024-02-21,-0.00296330,-0.00225282,-0.00199323
2024-02-22,0.00882125,0.00449929,-0.00615198
2024-02-23,-0.00006259,-0.00129672,0.00085181
2024-02-26,-0.00373118,-0.00227586,-0.00304301
2024-02-27,0.00008823,0.00633539,0.00435979
2024-02-28,-0.00183120,-0.00469428,-0.00769769
2024-02-29,0.00617252,0.00288240,-0.00458449
2024-03-01,-0.00072845,0.00684467,0.00293426
2024-03-04,-0.00101453,0.00072822,-0.00308676
2024-03-05,-0.00182636,-0.01359547,-0.00171426
2024-03-06,0.00178037,0.00486524,-0.00037127
2024-03-07,0.00835380,0.00356843,-0.00127058
2024-03-08,-0.00386359,-0.00308945,0.00038842
2024-03-11,0.00713253,-0.00684440,0.00075187
2024-03-12,0.00047836,0.00754922,-0.00266192
2024-03-13,-0.00395977,-0.00009467,0.00135217
2024-03-14,0.00201501,-0.00213291,-0.00139709
2024-03-15,-0.00315647,-0.00436038,0.00443341
2024-03-18,0.00456242,0.00320524,-0.00198832
2024-03-19,-0.00141912,-0.00070021,0.00182340
2024-03-20,0.00024450,0.00226683,-0.00087693
2024-03-21,-0.00224497,-0.00100219,-0.00202578
2024-03-22,0.00229551,0.00265907,-0.00166594
2024-03-25,0.00115285,0.00075356,-0.00370885
2024-03-26,-0.00341799,-0.00072974,-0.00032111
2024-03-27,0.00455910,-0.00487106,0.00456593
2024-03-28,0.00166411,-0.00198288,-0.00289668
2024-04-01,0.00166428,0.00136283,0.00144633
2024-04-02,0.00474082,0.00105286,-0.00181752
2024-04-03,0.00141308,0.00195865,0.00414368
2024-04-04,-0.00242653,-0.00270838,-0.00225281
2024-04-05,0.00378356,0.00264932,0.00306301
2024-04-08,0.00000464,0.00028689,-0.00038161
2024-04-09,0.00038244,0.00090319,0.00127452
2024-04-10,0.00013603,0.00011331,0.00043167
2024-04-11,0.00325122,0.00374699,0.00269574
2024-04-12,-0.00184217,-0.00255628,-0.00314070
2024-04-15,-0.00383302,-0.00433498,-0.00198261
2024-04-16,0.00101299,0.00092314,-0.00019225
2024-04-17,0.00058971,-0.00046404,-0.00345882
2024-04-18,0.00085005,0.00050358,-0.00309834
2024-04-19,-0.00732986,-0.00825729,-0.00370902
2024-04-22,0.00020604,0.00036000,0.00086983
2024-04-23,0.00012409,0.00184447,0.00297202
2024-04-24,0.00273424,0.00111820,-0.00179980
2024-04-25,-0.00045853,0.00060069,0.00130998
2024-04-26,0.00159300,0.00319661,0.00648714
2024-04-29,-0.00204306,-0.00308942,-0.00233792
2024-04-30,-0.00949058,-0.00787761,-0.00286727
2024-05-01,-0.00313173,-0.00348382,0.00127317
2024-05-02,0.00321057,0.00172450,0.00009937
2024-05-03,0.00196084,0.00125857,-0.00004462
2024-05-06,0.00585587,0.00363635,-0.00004129
2024-05-07,-0.00188689,0.00015640,0.00040507
2024-05-08,0.00459246,0.00393500,0.00085708
2024-05-09,0.00198902,0.00106420,0.00330414
2024-05-10,0.00303483,-0.00027117,-0.00252719
2024-05-13,-0.00132951,-0.00133484,-0.00114367
2024-05-14,0.00000285,0.00112122,0.00175557
2024-05-15,0.00132050,0.00005008,-0.00018428
2024-05-16,0.00082387,-0.00053429,-0.00006114
2024-05-17,0.00252079,0.00254451,0.00128206
2024-05-20,-0.00227478,0.00124884,-0.00024598
2024-05-21,0.00176044,0.00097547,0.00071834
2024-05-22,-0.00011756,-0.00251706,-0.00032815
2024-05-23,0.00168030,0.00255626,-0.00225354
2024-05-24,0.00129525,0.00245755,0.00058207
2024-05-28,0.00384995,0.00341851,0.00175933
2024-05-29,-0.00290731,-0.00282422,-0.00503430
2024-05-30,-0.00146178,-0.00051230,0.00596072
2024-05-31,0.00682711,0.00289080,-0.00125895
2024-06-03,-0.00225640,-0.00186568,-0.00026013
2024-06-04,0.00315938,0.00051396,-0.00444282
2024-06-05,-0.00327082,0.00070069,0.00664972
2024-06-06,0.00494059,0.00134840,-0.00256874
2024-06-07,0.00517758,0.00250266,-0.00550854
2024-06-10,0.00088779,0.00277623,0.00142505
2024-06-11,0.00065441,0.00030960,-0.00111131
2024-06-12,-0.00330242,-0.00088787,0.00238075
2024-06-13,0.00032779,0.00143598,-0.00210320
2024-06-14,0.00457019,0.00138300,-0.00484631
2024-06-17,0.00469806,0.00128026,-0.00042161
2024-06-18,0.00598374,0.00361269,-0.00062536
2024-06-20,0.00230649,-0.00102610,-0.00221587
2024-06-21,-0.00603142,-0.00431443,0.00067372
2024-06-24,0.00001648,0.00200892,0.00365385
2024-06-25,0.00403401,0.00393310,-0.00266832
2024-06-26,0.00171337,-0.00046924,-0.00124467
2024-06-27,-0.00099401,0.00016979,0.00086230
2024-06-28,0.00047086,-0.00026188,-0.00274565
2024-07-01,0.00737410,0.00365861,0.00288066
2024-07-02,0.00167633,0.00194613,-0.00287642
2024-07-03,-0.00047367,-0.00120985,0.00274867
2024-07-05,0.00163117,0.00018015,-0.00028948
2024-07-08,-0.00494957,-0.00312131,0.00314387
2024-07-09,-0.00164717,-0.00183763,0.00150392
2024-07-10,0.00175529,0.00214231,0.00205028
2024-07-11,-0.01312096,-0.00509332,-0.00353246
2024-07-12,-0.00281204,-0.00217131,0.00121850
2024-07-15,0.00190652,0.00156544,0.00401443
2024-07-16,-0.00702326,-0.00312060,-0.00354816
2024-07-17,-0.00461421,0.00100369,-0.01278572
2024-07-18,0.00246113,0.00082852,0.00228320
2024-07-19,0.00249712,0.00109895,-0.00067696
2024-07-22,0.00101786,-0.00230983,0.00550083
2024-07-23,-0.00038015,-0.00264211,0.00226988
2024-07-24,-0.00730232,-0.00274856,-0.00632598
2024-07-25,-0.00709878,-0.00258920,-0.00351770
2024-07-26,0.00201951,0.00083792,0.00056993
2024-07-29,-0.00053143,-0.00106252,-0.00318081
2024-07-30,-0.00636589,-0.00055287,-0.00786478
2024-07-31,0.00825635,0.00228299,0.00568555
2024-08-01,0.00045975,0.00013660,-0.00790858
2024-08-02,-0.00655311,-0.00217045,-0.00970088
2024-08-05,-0.00585758,-0.00451508,-0.00624916
2024-08-06,0.00932912,-0.00014314,0.00271111
2024-08-07,-0.00100135,0.00277213,-0.00752148
2024-08-08,0.00819629,0.00174523,0.00606118
2024-08-09,0.00852781,-0.00074818,0.00037890
2024-08-12,0.00596015,-0.00228060,0.00346052
2024-08-13,0.00284247,0.00327007,0.00234111
2024-08-14,0.00670537,-0.00067396,0.00044193
2024-08-15,0.00278516,0.00420672,0.00475729
2024-08-16,-0.00002591,-0.00056896,0.00090407
2024-08-19,0.00092980,-0.00059066,0.00403129
2024-08-20,0.00380676,0.00160263,-0.00340249
2024-08-21,0.00049961,0.00041263,0.00480677
2024-08-22,-0.00295817,-0.00293806,-0.00233100
2024-08-23,-0.00429889,-0.00111144,0.00850274
2024-08-26,-0.00237782,-0.00006111,-0.00102568
2024-08-27,0.00235271,0.00065914,-0.00183949
2024-08-28,-0.00032539,0.00033654,-0.00514418
2024-08-29,-0.00121601,0.00045422,-0.00190293
2024-08-30,0.00657475,0.00297687,0.00355315
2024-09-03,-0.00388584,-0.00026723,-0.01265553
2024-09-04,-0.00153725,-0.00094233,0.00131148
2024-09-05,-0.00515580,-0.00343432,0.00041560
2024-09-06,-0.00510481,-0.00227165,-0.00288646
2024-09-09,0.00593270,0.00056612,0.00610029
2024-09-10,-0.00031001,0.00027499,0.00170519
2024-09-11,0.00442794,0.00120231,0.00585988
2024-09-12,-0.00029946,-0.00041869,0.00376601
2024-09-13,-0.00499994,-0.00067481,0.00231168
2024-09-16,0.00261367,0.00148475,-0.00194748
2024-09-17,-0.00273134,-0.00000832,-0.00253784
2024-09-18,-0.00071634,0.00038350,0.00070035
2024-09-19,0.00634368,0.00343723,0.00766878
2024-09-20,0.00380809,0.00141960,0.00148315
2024-09-23,0.00009357,-0.00110823,-0.00294485
2024-09-24,-0.00230755,-0.00113205,0.00339905
2024-09-25,0.00525208,0.00161105,0.00238462
2024-09-26,-0.00398059,-0.00064060,-0.00263325
2024-09-27,0.00250828,-0.00123045,-0.00082906
2024-09-30,0.00040352,0.00176914,0.00007264
2024-10-01,-0.00301760,-0.00317581,-0.00434533
2024-10-02,0.00010543,-0.00070780,0.00079752
2024-10-03,0.00458147,0.00122500,-0.00175481
2024-10-04,0.00517395,0.00260173,0.00219095
2024-10-07,0.00446605,0.00326196,0.00015671
2024-10-08,0.00164258,0.00397202,0.00082591
2024-10-09,0.00127498,0.00029831,0.00042941
2024-10-10,0.00327379,0.00040128,-0.00112044
2024-10-11,0.00395362,0.00129578,0.00536337
2024-10-14,0.00235390,0.00375544,-0.00034039
2024-10-15,-0.00386922,0.00001846,-0.00224277
2024-10-16,-0.00207652,-0.00048166,0.00531000
2024-10-17,0.00120361,-0.00075549,0.00128906
2024-10-18,0.00031967,0.00005280,0.00131573
2024-10-21,0.00266992,0.00194991,-0.00070601
2024-10-22,-0.00306564,-0.00185607,-0.00358646
2024-10-23,-0.00579662,-0.00406627,-0.00380209
2024-10-24,0.00210804,-0.00024692,0.00091084
2024-10-25,0.00433099,0.00374641,0.00008631
2024-10-28,-0.00404697,0.00150963,-0.00056440
2024-10-29,-0.00124179,0.00252434,-0.00085789
2024-10-30,0.00063102,-0.00204731,-0.00411775
2024-10-31,-0.00451925,-0.00348788,-0.00435368
2024-11-01,-0.00010537,0.00340423,0.00453652
2024-11-04,0.00180944,0.00260515,0.00459007
2024-11-05,0.00283429,0.00283086,0.00163698
2024-11-06,-0.00085603,-0.00880110,0.00075591
2024-11-07,0.00100350,0.00444101,0.00085833
2024-11-08,-0.00714048,-0.00375993,-0.00397181
2024-11-11,-0.00310148,0.00108383,-0.00340429
2024-11-12,0.00442551,-0.00222102,-0.00167408
2024-11-13,0.00611519,0.00074931,-0.00029580
2024-11-14,0.00240292,-0.00520458,-0.00163498
2024-11-15,-0.00232812,-0.00589883,-0.00951696
2024-11-18,0.00161699,-0.00052369,-0.00305259
2024-11-19,-0.00585989,0.00362870,-0.00249588
2024-11-20,-0.00003619,-0.00197347,0.00339308
2024-11-21,-0.00298851,-0.00195784,0.00495127
2024-11-22,-0.00465403,0.00003577,0.00166673
2024-11-25,0.00342920,0.00559383,0.00580091
2024-11-26,0.01122517,-0.00428980,-0.00105943
2024-11-27,-0.00887919,0.00247617,-0.00492715
2024-11-29,-0.00041924,0.00022492,0.00229840
2024-12-02,-0.00120868,-0.00022137,0.00260301
2024-12-03,0.00814324,-0.00088914,0.00200623
2024-12-04,-0.00204034,0.00326062,0.00203974
2024-12-05,0.00671009,-0.00205548,-0.00036352
2024-12-06,-0.00668123,0.00563271,-0.00448864
2024-12-09,-0.00686426,-0.00178662,0.00005399
2024-12-10,0.00381231,-0.00353722,0.00063505
2024-12-11,0.00565646,0.00266093,0.00149573
2024-12-12,0.00315081,-0.00320359,0.00295088
2024-12-13,0.00618390,0.00056758,-0.00024005
2024-12-16,-0.00390057,0.00373472,-0.00234871
2024-12-17,-0.00105436,-0.00077747,-0.00161283
2024-12-18,0.00238397,-0.00866107,-0.00308338
2024-12-19,0.00151622,-0.00255930,-0.00028773
2024-12-20,-0.00395830,0.00528837,-0.00373524
2024-12-23,0.00211601,0.00213981,0.00239492
2024-12-24,0.00448377,0.00316307,0.00218352
2024-12-26,-0.00797640,0.00010983,0.00112057
2024-12-27,0.00049637,-0.00624503,-0.00263585
2024-12-30,-0.00057989,-0.00544108,-0.00103368
2024-12-31,-0.00038428,-0.01058020,-0.00579612
2025-01-02,-0.00237831,0.00323443,0.00108451
2025-01-03,-0.00318847,0.00567415,0.00217919
2025-01-06,-0.00418889,-0.00175292,0.00263946
2025-01-07,0.00211954,-0.00796938,-0.00411185
2025-01-08,0.00464269,0.00855311,0.00461466
2025-01-10,0.00606117,0.00032989,0.00256458
2025-01-13,0.00079329,-0.00875749,-0.00525080
2025-01-14,0.00177420,0.00344802,-0.00283501
2025-01-15,0.00224740,0.00689283,0.00159302
2025-01-16,-0.00293010,-0.00019882,-0.00217808
2025-01-17,0.00045764,0.00328816,0.00315879
2025-01-21,-0.00423927,0.00361025,0.00053894
2025-01-22,-0.00041351,0.00807000,0.00632517
2025-01-23,-0.00172330,-0.00296591,-0.00295518
2025-01-24,-0.00144707,-0.00405881,-0.00379154
2025-01-27,-0.00018084,-0.02623077,-0.02216793
2025-01-28,-0.00472851,0.01113526,0.00821539
2025-01-29,0.00537917,0.00602931,0.00215566
2025-01-30,0.00135057,0.00425858,-0.00543145
2025-01-31,0.00025861,0.00115133,-0.00194611
2025-02-03,-0.00123785,0.00497719,-0.00270674
2025-02-04,0.00262015,-0.00064879,0.00139540
2025-02-05,-0.00544862,-0.00382194,-0.00292497
2025-02-06,-0.00056090,0.00079012,-0.00335488
2025-02-07,-0.00692224,0.00114867,-0.00174738
2025-02-10,-0.00136245,0.00142245,0.00643711
2025-02-11,0.00592877,-0.00134953,0.00356741
2025-02-12,-0.00266469,0.00379161,-0.00188660
2025-02-13,-0.00068718,0.00011899,0.00250037
2025-02-14,-0.00340927,-0.00421006,0.00285902
2025-02-18,-0.00540202,-0.00258942,0.00009126
2025-02-19,-0.00029694,-0.00140871,0.00376674
2025-02-20,0.00476214,-0.00225460,0.00166774
2025-02-21,0.00681842,-0.00439730,0.00089518
2025-02-24,0.00310155,-0.00059076,0.00103272
2025-02-25,0.00398263,-0.00565543,0.00009479
2025-02-26,-0.01026363,0.00085429,-0.00565008
2025-02-27,0.00485825,-0.00275301,-0.00210546
2025-02-28,-0.00003315,0.00587698,-0.00515704
2025-03-03,-0.00724039,0.00883439,-0.00328492
2025-03-04,-0.00007723,-0.00407561,0.00044472
2025-03-05,0.00599009,-0.00200140,0.00125814
2025-03-06,0.00607531,0.01846845,-0.00690308
2025-03-07,0.00445783,0.00393658,-0.00079351
2025-03-10,-0.00493138,0.01477150,-0.00705207
2025-03-11,-0.00275816,-0.01318965,0.00473090
2025-03-12,-0.00010311,-0.01028756,0.00631556
2025-03-13,-0.00411957,0.00833595,-0.00068233
2025-03-14,0.00223392,-0.00672272,0.00125813
2025-03-17,0.00173544,-0.00252177,-0.00055601
2025-03-18,0.00016986,0.00692506,-0.00227758
2025-03-19,0.00317782,-0.00782390,0.00111255
2025-03-20,-0.00210674,-0.00073006,0.00150153
2025-03-21,0.00012102,-0.00292159,0.00290997
2025-03-24,0.00478554,-0.01058744,0.00012174
2025-03-25,0.00009532,0.00037985,0.00144787
2025-03-26,0.00021218,0.01347738,-0.00422865
2025-03-27,0.00304514,0.00951317,0.00116160
2025-03-28,-0.00838078,0.00199944,-0.00077524
2025-03-31,-0.00275993,0.00421647,0.00191505
2025-04-01,0.00131277,0.00115643,-0.00320713
2025-04-02,0.00353250,-0.00423728,-0.00053123
2025-04-03,-0.01798157,0.00551344,0.00350814
2025-04-04,-0.00568483,0.00735080,0.00433099
2025-04-07,0.00006683,-0.01010001,-0.00637793
2025-04-08,-0.00423377,-0.00031110,-0.00453450
2025-04-09,0.02614316,-0.01316450,-0.00522057
2025-04-10,-0.01159499,0.00522744,0.00276673
2025-04-11,0.00366033,0.00198214,0.00410933
2025-04-14,-0.00088643,-0.00259417,0.00253940
2025-04-15,-0.00118353,-0.00682117,-0.00178256
2025-04-16,-0.00559393,0.00372487,0.00109217
2025-04-17,0.00097118,0.00304489,-0.00079198
2025-04-21,-0.00096778,0.00547731,0.00088395
2025-04-22,0.00616422,-0.00232247,-0.00109823
2025-04-23,0.00523536,-0.01073973,-0.00411853
2025-04-24,0.00949187,-0.00394035,0.00084141
2025-04-25,0.00547751,-0.00115021,0.00006917
2025-04-28,-0.00122551,-0.00141974,-0.00030993
2025-04-29,-0.00027245,-0.00088287,0.00122893
2025-04-30,0.00183423,0.00290298,0.00089714
2025-05-01,0.00456056,0.00202883,-0.00201769
2025-05-02,-0.00125981,0.00017532,-0.00232556
2025-05-05,-0.00198904,-0.00126466,0.00221378
2025-05-06,-0.00022175,-0.00385182,-0.00594670
2025-05-07,-0.00235479,-0.00128169,-0.00055014
2025-05-08,-0.00641643,0.00052479,-0.00103578
2025-05-09,0.00049510,-0.00308165,-0.00602557
2025-05-12,0.00416473,0.00975084,0.00078927
2025-05-13,-0.00215415,-0.00375805,-0.00435307
2025-05-14,0.00245864,0.00091880,-0.00183966
2025-05-15,-0.00033699,0.00070630,0.00546334
2025-05-16,0.00030265,-0.00002877,-0.00115676
2025-05-19,0.00020285,-0.00096796,0.00035681
2025-05-20,-0.00412931,-0.00201827,0.00300136
2025-05-21,0.00120153,-0.00196533,0.00104774
2025-05-22,-0.00118088,-0.00041360,-0.00089851
2025-05-23,-0.00043405,-0.00342227,-0.00226979
2025-05-27,0.00256018,0.00379174,0.00200666
2025-05-28,0.00018342,-0.00004029,0.00129387
2025-05-29,-0.00208278,0.00057356,0.00295291
2025-05-30,0.00566182,0.00082667,0.00000652
2025-06-02,0.00058139,-0.00164770,-0.00649118
2025-06-03,-0.00958559,0.00166359,0.00563065
2025-06-04,-0.00108105,0.00245019,0.00215422
2025-06-05,-0.00158561,-0.00230790,0.00045020
2025-06-06,-0.00016250,0.00319657,0.00116243
2025-06-09,-0.00301681,0.00233991,0.00392527
2025-06-10,-0.00456055,0.00350015,0.00265007
2025-06-11,-0.00040863,-0.00441257,0.00032150
2025-06-12,0.00173626,-0.00038767,-0.00269494
2025-06-13,-0.00083368,-0.00478430,-0.00334956
2025-06-16,-0.00135084,-0.00085717,0.00267450
2025-06-17,-0.00089872,-0.00283020,-0.00089904
2025-06-18,0.00259276,0.00021389,-0.00128789
2025-06-20,0.00319527,0.00090232,-0.00083122
2025-06-23,0.00777485,0.00589274,-0.00156022
2025-06-24,0.00155441,0.00381417,-0.00190876
2025-06-25,-0.00417603,-0.00283623,-0.00052950
2025-06-26,-0.00329073,-0.00168091,0.00008247
2025-06-27,0.00001149,0.00089139,0.00176382
2025-06-30,0.00305740,-0.00158336,-0.00503522
2025-07-01,-0.01595726,-0.00190568,0.00925421
2025-07-02,-0.00669643,0.00223954,0.00254256
2025-07-03,0.00548946,-0.00078512,0.00173070
2025-07-07,0.00454291,-0.00749754,-0.00176491
2025-07-08,-0.00869755,0.00981106,0.00113080
2025-07-09,0.00686563,0.00120437,0.00365082
2025-07-10,-0.00795710,0.00320869,0.00034928
2025-07-11,-0.00136676,-0.00483511,-0.00387874
2025-07-14,0.01540241,-0.00271290,0.00124915
2025-07-15,0.00575079,-0.00739884,0.00181239
2025-07-16,0.00647555,0.00101938,0.00280146
2025-07-17,0.00130485,0.00293833,0.00046173
2025-07-18,0.00545909,-0.00249041,-0.00175583
2025-07-21,-0.00752031,0.00241990,0.00175104
2025-07-22,-0.01590769,0.00942971,0.00036521
2025-07-23,-0.00232451,0.00421551,0.00422667
2025-07-24,0.00913634,-0.00279673,-0.00222458
2025-07-25,-0.00422878,-0.00057955,0.00163403
2025-07-28,-0.00162412,0.00005876,0.00457098
2025-07-29,-0.00056574,-0.00409099,-0.00548343
2025-07-30,0.01004408,-0.00742590,0.00083039
2025-07-31,0.01141051,-0.00288703,0.00451472
2025-08-01,-0.00375842,-0.00791254,-0.00309938
2025-08-04,0.00231940,0.00903761,-0.00059537
2025-08-05,-0.00580876,-0.00461624,0.00172563
2025-08-06,0.00974600,0.01050130,-0.00188785
2025-08-07,-0.00710786,-0.00659501,0.00095300
2025-08-08,-0.00077119,0.00163408,-0.00465053
2025-08-11,-0.00001802,0.00185771,-0.00007508
2025-08-12,-0.00628382,-0.00583395,0.00413961
2025-08-13,-0.01325003,-0.01377219,0.01161362
2025-08-14,0.00292995,0.00103226,-0.00200016
2025-08-15,-0.00390634,-0.00047790,0.00013483
2025-08-18,0.00118700,0.00169492,0.00163129
2025-08-19,-0.01669878,-0.02191201,0.00234859
2025-08-20,0.00414463,0.00628664,-0.00488573
2025-08-21,0.00362045,0.00368765,0.00130491
2025-08-22,-0.00588577,-0.00690530,0.00683873
2025-08-25,0.00147703,0.00122792,-0.00417668
2025-08-26,0.00677552,0.01172687,-0.00586097
2025-08-27,-0.00393269,-0.00439563,0.00296255
2025-08-28,0.00946682,0.01072914,-0.00232466
2025-08-29,-0.00573476,-0.00927901,0.00235246
2025-09-02,-0.00378898,-0.00427968,-0.00584933
2025-09-03,0.00179995,0.00151497,0.00015658
2025-09-04,-0.00153719,-0.00022798,0.00005300
2025-09-05,-0.00537739,-0.00443189,0.00281065
2025-09-08,0.00710611,0.00331864,-0.00308499
2025-09-09,0.00944204,0.00779079,-0.00359996
2025-09-10,-0.00272631,0.00246251,-0.00713493
2025-09-11,-0.00338163,-0.00279681,0.00395486
2025-09-12,0.00807826,0.00728978,-0.00420823
2025-09-15,0.00383845,0.00301852,-0.00155796
2025-09-16,-0.00356255,-0.00363805,0.00538915
2025-09-17,0.00204394,0.00172887,-0.00295377
2025-09-18,0.00238408,0.00526988,-0.00040912
2025-09-19,0.01093598,0.00904116,-0.00854063
2025-09-22,-0.00180235,0.00239425,0.00034563
2025-09-23,-0.00041873,0.00086001,-0.00431599
2025-09-24,0.00091646,-0.00004359,0.00314481
2025-09-25,0.00030126,0.00074299,-0.00310134
2025-09-26,-0.00584156,-0.00128299,-0.00078467
2025-09-29,0.00418531,0.00568597,-0.00356639
2025-09-30,-0.00544804,-0.00101361,-0.00106309
2025-10-01,-0.01390650,-0.00591971,-0.00043489
2025-10-02,0.00159994,0.00660993,-0.00538018
2025-10-03,0.00133708,-0.00359655,0.00123053
2025-10-06,0.00267267,0.01287626,-0.00846743
2025-10-07,0.00210067,0.00484244,-0.00369767
2025-10-08,-0.00056870,0.00403870,-0.00086667
2025-10-09,0.00876397,0.00733513,-0.00183886
2025-10-10,-0.00169084,-0.00813603,0.00794762
2025-10-13,0.00116330,0.01011759,-0.00655554
2025-10-14,-0.00287848,-0.00530000,-0.00136707
2025-10-15,0.00169018,0.00371770,-0.00166681
2025-10-16,-0.00901612,-0.01183511,0.01107981
2025-10-17,-0.00052752,-0.00647969,0.00299958
2025-10-20,-0.00003902,0.00510876,-0.00627024
2025-10-21,-0.00167226,-0.01165225,0.00677983
2025-10-22,-0.00413128,-0.01172662,0.00958401
2025-10-23,-0.00217397,0.00720249,-0.00642653
2025-10-24,0.00602022,0.00902941,-0.00529679
2025-10-27,0.00773028,0.01089623,-0.00419256
2025-10-28,0.00048199,0.00122222,0.00382254
2025-10-29,0.00531568,0.01196481,-0.00236957
2025-10-30,-0.00933414,-0.00537511,0.00293298
2025-10-31,0.00677758,0.00429400,-0.00272231
2025-11-03,-0.00401857,-0.00361798,0.00394785
2025-11-04,-0.01962353,-0.02164529,0.01613795
2025-11-05,0.00251557,0.00371749,-0.00605001
2025-11-06,-0.01580683,-0.01183926,0.00449591
2025-11-07,-0.00300777,-0.00385766,-0.00183273
2025-11-10,0.01392239,0.01626076,-0.00348978
2025-11-11,-0.00640243,-0.01001272,0.00782118
2025-11-12,-0.00254486,-0.00392836,0.00100684
2025-11-13,-0.02875173,-0.03087517,0.01944364
2025-11-14,0.00626277,0.00839885,-0.00049304
2025-11-17,0.00330467,0.00377145,0.00144519
2025-11-18,-0.00007918,-0.00183053,-0.00260210
2025-11-19,0.00787362,0.00821209,-0.00287139
2025-11-20,-0.02102113,-0.02322506,0.01686058
2025-11-21,-0.01077471,-0.01301977,0.00646590
2025-11-24,0.02824502,0.03188519,-0.01590967
2025-11-25,-0.00658105,-0.00801758,0.00591191
2025-11-26,0.00873018,0.00960965,-0.00676766
2025-11-28,0.01045005,0.00886829,-0.00783829
