date,sp500_ew,sp500_vw,nasdaq_ew,nasdaq_vw
1963-07-02,0.00667830,0.00862107,,
1963-07-03,0.00559997,0.00667555,,
1963-07-05,0.00339305,0.00408278,,
1963-07-08,-0.00564226,-0.00683449,,
1963-07-09,0.00443729,0.00433360,,
1963-07-10,-0.00162847,-0.00191289,,
1963-07-11,-0.00178356,-0.00199215,,
1963-07-12,-0.00188961,-0.00171717,,
1963-07-15,-0.00633950,-0.00628285,,
1963-07-16,-0.00173675,-0.00073316,,
1963-07-17,-0.00432275,-0.00314632,,
1963-07-18,-0.00422680,-0.00559945,,
1963-07-19,-0.00189794,-0.00178533,,
1963-07-22,-0.00828822,-0.00675753,,
1963-07-23,-0.00186486,0.00011325,,
1963-07-24,0.00352873,0.00515563,,
1963-07-25,0.00110801,-0.00056084,,
1963-07-26,0.00238005,0.00398685,,
1963-07-29,0.00114921,0.00206836,,
1963-07-30,0.00564398,0.00878358,,
1963-07-31,0.00054523,-0.00111373,,
1963-08-01,-0.00119068,-0.00079283,,
1963-08-02,0.00236419,0.00313277,,
1963-08-05,0.00557797,0.00598197,,
1963-08-06,0.00438764,0.00694604,,
1963-08-07,-0.00046799,-0.00234443,,
1963-08-08,0.00021612,0.00144841,,
1963-08-09,0.00623052,0.00667446,,
1963-08-12,0.00509944,0.00222231,,
1963-08-13,0.00138726,0.00299815,,
1963-08-14,0.00258161,0.00352275,,
1963-08-15,0.00406289,0.00460242,,
1963-08-16,0.00304245,0.00172066,,
1963-08-19,0.00011063,-0.00063436,,
1963-08-20,-0.00004169,-0.00080554,,
1963-08-21,0.00048023,-0.00148823,,
1963-08-22,0.00464729,0.00378046,,
1963-08-23,0.00306182,0.00362023,,
1963-08-26,0.00213517,0.00213521,,
1963-08-27,-0.00414636,-0.00448773,,
1963-08-28,0.00866078,0.00749086,,
1963-08-29,0.00335334,0.00189396,,
1963-08-30,0.00505413,0.00497866,,
1963-09-03,0.00253068,0.00219118,,
1963-09-04,-0.00058646,-0.00036435,,
1963-09-05,0.00310328,0.00507306,,
1963-09-06,-0.00486760,-0.00230282,,
1963-09-09,-0.00466810,-0.00314811,,
1963-09-10,0.00484780,0.00587921,,
1963-09-11,0.00177641,0.00298974,,
1963-09-12,-0.00058463,-0.00073460,,
1963-09-13,0.00098316,-0.00004770,,
1963-09-16,-0.00094978,-0.00151230,,
1963-09-17,0.00045003,0.00084618,,
1963-09-18,-0.00381160,-0.00417208,,
1963-09-19,0.00480137,0.00608216,,
1963-09-20,0.00062935,0.00103309,,
1963-09-23,-0.00530262,-0.00457009,,
1963-09-24,0.00080904,0.00458570,,
1963-09-25,-0.00692214,-0.00540717,,
1963-09-26,-0.00690857,-0.00861813,,
1963-09-27,-0.00129049,-0.00206539,,
1963-09-30,-0.00359904,-0.00613163,,
1963-10-01,0.00590349,0.00757786,,
1963-10-02,0.00052579,0.00118353,,
1963-10-03,0.00842645,0.00727151,,
1963-10-04,-0.00058113,0.00029844,,
1963-10-07,-0.00063722,-0.00208069,,
1963-10-08,0.00110321,-0.00127453,,
1963-10-09,-0.00496071,-0.00578879,,
1963-10-10,0.00103868,0.00081502,,
1963-10-11,0.00391451,0.00107401,,
1963-10-14,0.00113572,0.00065720,,
1963-10-15,0.00051262,0.00151953,,
1963-10-16,0.00670541,0.00984586,,
1963-10-17,0.00331270,0.00202704,,
1963-10-18,0.00178218,0.00090596,,
1963-10-21,0.00009008,0.00080085,,
1963-10-22,-0.00353813,-0.00565544,,
1963-10-23,0.00038611,0.00058198,,
1963-10-24,0.00416645,0.00392206,,
1963-10-25,0.00139780,0.01009589,,
1963-10-28,-0.00113131,0.00632906,,
1963-10-29,-0.00135845,0.00033970,,
1963-10-30,-0.00443638,-0.00881484,,
1963-10-31,0.00205296,0.00292265,,
1963-11-01,0.00047588,-0.00232557,,
1963-11-04,-0.00437588,-0.00450400,,
1963-11-06,-0.00628043,-0.00801291,,
1963-11-07,0.00408389,0.00348350,,
1963-11-08,0.00511711,0.00583387,,
1963-11-11,0.00428020,0.00228727,,
1963-11-12,-0.00258953,-0.00378373,,
1963-11-13,0.00152502,0.00083205,,
1963-11-14,-0.00248719,-0.00462959,,
1963-11-15,-0.00392535,-0.00787366,,
1963-11-18,-0.00708441,-0.00702671,,
1963-11-19,0.00001899,0.00100371,,
1963-11-20,-0.00091000,0.00957968,,
1963-11-21,-0.01131739,-0.01332183,,
1963-11-22,-0.02865527,-0.02910043,,
1963-11-26,0.03368928,0.04342215,,
1963-11-27,0.00009001,-0.00182694,,
1963-11-29,0.01548600,0.01355355,,
1963-12-02,0.00300764,0.00578267,,
1963-12-03,-0.00032992,-0.00037103,,
1963-12-04,0.00404233,0.00260944,,
1963-12-05,0.00367313,0.00656145,,
1963-12-06,-0.00099615,-0.00356001,,
1963-12-09,-0.00184035,-0.00044495,,
1963-12-10,0.00064999,0.00080196,,
1963-12-11,-0.00070868,-0.00125352,,
1963-12-12,0.00008181,0.00030399,,
1963-12-13,0.00180538,0.00185675,,
1963-12-16,0.00019194,0.00342813,,
1963-12-17,0.00262169,0.00592987,,
1963-12-18,0.00054666,-0.00133038,,
1963-12-19,-0.00467477,-0.00298884,,
1963-12-20,-0.00178370,-0.00154015,,
1963-12-23,-0.00487228,-0.00624594,,
1963-12-24,0.00273608,0.00216499,,
1963-12-26,0.00541822,0.00476957,,
1963-12-27,0.00216975,0.00167721,,
1963-12-30,-0.00079180,0.00179601,,
1963-12-31,0.00745753,0.00595903,,
1964-01-02,0.00819915,0.00563031,,
1964-01-03,0.00354938,0.00113934,,
1964-01-06,0.00269323,0.00216346,,
1964-01-07,0.00158813,0.00015448,,
1964-01-08,0.00412691,0.00393613,,
1964-01-09,0.00026447,0.00360380,,
1964-01-10,-0.00059620,-0.00044879,,
1964-01-13,0.00172036,-0.00082310,,
1964-01-14,0.00201177,0.00220434,,
1964-01-15,0.00029808,0.00356677,,
1964-01-16,-0.00017195,-0.00100633,,
1964-01-17,0.00154555,0.00006769,,
1964-01-20,-0.00403201,-0.00166521,,
1964-01-21,-0.00012911,0.00323539,,
1964-01-22,0.00454130,0.00500538,,
1964-01-23,0.00236640,0.00091066,,
1964-01-24,0.00176373,0.00035763,,
1964-01-27,-0.00322568,-0.00050141,,
1964-01-28,-0.00138843,0.00044173,,
1964-01-29,-0.00595165,-0.00608805,,
1964-01-30,-0.00021330,0.00074020,,
1964-01-31,0.00102986,0.00475717,,
1964-02-03,0.00086438,-0.00049231,,
1964-02-04,-0.00207082,-0.00092521,,
1964-02-05,0.00111620,-0.00076025,,
1964-02-06,0.00238965,0.00243243,,
1964-02-07,0.00466298,0.00393174,,
1964-02-10,-0.00133155,-0.00147246,,
1964-02-11,0.00327928,0.00383835,,
1964-02-12,0.00284110,0.00311619,,
1964-02-13,0.00060251,0.00137175,,
1964-02-14,0.00108022,-0.00077276,,
1964-02-17,0.00104014,0.00019918,,
1964-02-18,-0.00010802,0.00031940,,
1964-02-19,0.00192892,0.00116568,,
1964-02-20,0.00299565,0.00110173,,
1964-02-24,0.00161091,0.00107261,,
1964-02-25,0.00010122,0.00060431,,
1964-02-26,0.00446711,0.00277579,,
1964-02-27,-0.00052165,-0.00310428,,
1964-02-28,0.00279130,0.00239120,,
1964-03-02,0.00419842,0.00234353,,
1964-03-03,0.00083044,0.00323948,,
1964-03-04,-0.00170620,-0.00186670,,
1964-03-05,0.00186639,0.00014767,,
1964-03-06,0.00386323,0.00329969,,
1964-03-09,0.00214345,0.00025904,,
1964-03-10,0.00115744,0.00363436,,
1964-03-11,0.00263655,0.00472622,,
1964-03-12,0.00252908,0.00176552,,
1964-03-13,0.00261280,0.00082755,,
1964-03-16,-0.00074990,0.00033131,,
1964-03-17,0.00351217,0.00240120,,
1964-03-18,0.00221040,0.00098431,,
1964-03-19,-0.00050696,-0.00116941,,
1964-03-20,-0.00180603,-0.00479208,,
1964-03-23,-0.00013450,0.00019840,,
1964-03-24,-0.00159933,-0.00181465,,
1964-03-25,0.00473986,0.00256508,,
1964-03-26,0.00599316,0.00290194,,
1964-03-30,0.00205847,-0.00071329,,
1964-03-31,-0.00149494,-0.00190199,,
1964-04-01,0.00493932,0.00347482,,
1964-04-02,0.00588430,0.00583310,,
1964-04-03,0.00274018,0.00285134,,
1964-04-06,0.00262704,0.00053794,,
1964-04-07,-0.00256722,-0.00361368,,
1964-04-08,0.00232154,0.00002101,,
1964-04-09,0.00041838,-0.00044980,,
1964-04-10,0.00342560,0.00206797,,
1964-04-13,-0.00063236,-0.00099906,,
1964-04-14,0.00027068,0.00288331,,
1964-04-15,0.00036700,0.00149014,,
1964-04-16,0.00024914,0.00122754,,
1964-04-17,0.00244189,0.00440236,,
1964-04-20,-0.00061968,-0.00057175,,
1964-04-21,-0.00122779,0.00063012,,
1964-04-22,-0.00075472,-0.00056292,,
1964-04-23,-0.00299264,-0.00188330,,
1964-04-24,-0.00913806,-0.00789848,,
1964-04-27,-0.00512341,-0.00505182,,
1964-04-28,0.00640540,0.00701914,,
1964-04-29,-0.00447594,-0.00340212,,
1964-04-30,-0.00287283,-0.00205533,,
1964-05-01,0.00581181,0.00876366,,
1964-05-04,0.00504878,0.00433519,,
1964-05-05,0.00251563,0.00578155,,
1964-05-06,0.00288411,0.00278169,,
1964-05-07,0.00206149,0.00103875,,
1964-05-08,0.00010764,-0.00185249,,
1964-05-11,-0.00076611,-0.00006698,,
1964-05-12,0.00383749,0.00366465,,
1964-05-13,-0.00229434,-0.00214744,,
1964-05-14,0.00015955,-0.00130701,,
1964-05-15,0.00133090,0.00206600,,
1964-05-18,-0.00295469,-0.00364368,,
1964-05-19,-0.00340121,-0.00502468,,
1964-05-20,0.00352595,0.00485560,,
1964-05-21,0.00011534,0.00031864,,
1964-05-22,0.00075521,0.00046415,,
1964-05-25,-0.00042832,-0.00113197,,
1964-05-26,-0.00086966,-0.00174299,,
1964-05-27,-0.00136928,-0.00149549,,
1964-05-28,0.00132556,0.00152810,,
1964-06-01,-0.00255740,-0.00334653,,
1964-06-02,-0.00576342,-0.00496675,,
1964-06-03,-0.00231419,-0.00239850,,
1964-06-04,-0.00938978,-0.01047578,,
1964-06-05,0.00382437,0.00476224,,
1964-06-08,-0.00486231,-0.00499206,,
1964-06-09,0.00590061,0.00656830,,
1964-06-10,0.00469397,0.00394702,,
1964-06-11,0.00168272,0.00368019,,
1964-06-12,-0.00058473,-0.00220607,,
1964-06-15,0.00527624,0.00515950,,
1964-06-16,0.00584352,0.00568888,,
1964-06-17,0.00508956,0.00538498,,
1964-06-18,0.00003291,-0.00029784,,
1964-06-19,0.00178548,0.00144489,,
1964-06-22,0.00265872,0.00286460,,
1964-06-23,-0.00181188,-0.00426024,,
1964-06-24,0.00275539,0.00374691,,
1964-06-25,0.00224547,0.00197062,,
1964-06-26,0.00324701,0.00314674,,
1964-06-29,0.00175108,0.00223984,,
1964-06-30,0.00091534,0.00054847,,
1964-07-01,0.00669044,0.00695841,,
1964-07-02,0.00333972,0.00403026,,
1964-07-06,0.00264376,0.00473163,,
1964-07-07,0.00121069,0.00176090,,
1964-07-08,0.00170184,-0.00007095,,
1964-07-09,0.00211465,0.00130170,,
1964-07-10,0.00363451,0.00184109,,
1964-07-13,0.00028538,-0.00079655,,
1964-07-14,-0.00194033,-0.00329542,,
1964-07-15,0.00246656,0.00366054,,
1964-07-16,0.00349515,0.00375310,,
1964-07-17,0.00287437,0.00439969,,
1964-07-20,-0.00101503,-0.00347803,,
1964-07-21,-0.00172250,-0.00210092,,
1964-07-22,0.00068907,-0.00004967,,
1964-07-23,0.00098875,-0.00053668,,
1964-07-24,-0.00057658,-0.00025863,,
1964-07-27,-0.00482248,-0.00470367,,
1964-07-28,-0.00227129,-0.00259625,,
1964-07-29,0.00221145,0.00111064,,
1964-07-30,0.00186908,0.00191618,,
1964-07-31,0.00025137,0.00114008,,
1964-08-03,-0.00223193,-0.00214380,,
1964-08-04,-0.01161385,-0.01187600,,
1964-08-05,-0.00005213,0.00251106,,
1964-08-06,-0.00650194,-0.00919610,,
1964-08-07,0.00481305,0.00649562,,
1964-08-10,0.00124929,-0.00045232,,
1964-08-11,0.00184405,-0.00015097,,
1964-08-12,0.00596281,0.00534721,,
1964-08-13,0.00288528,0.00306575,,
1964-08-14,0.00027322,-0.00083439,,
1964-08-17,-0.00136555,0.00036633,,
1964-08-18,-0.00012611,0.00069769,,
1964-08-19,-0.00097684,-0.00064153,,
1964-08-20,-0.00376608,-0.00461318,,
1964-08-21,0.00182237,0.00156121,,
1964-08-24,0.00030955,-0.00219549,,
1964-08-25,-0.00549265,-0.00552318,,
1964-08-26,-0.00172097,-0.00118484,,
1964-08-27,0.00456059,0.00574608,,
1964-08-28,0.00237418,0.00355419,,
1964-08-31,-0.00093640,-0.00191195,,
1964-09-01,0.00539615,0.00469245,,
1964-09-02,0.00377282,0.00164017,,
1964-09-03,0.00162403,0.00308217,,
1964-09-04,0.00294841,0.00223347,,
1964-09-08,0.00196985,0.00153193,,
1964-09-09,0.00250237,0.00236541,,
1964-09-10,0.00174392,0.00089586,,
1964-09-11,0.00349585,0.00415273,,
1964-09-14,-0.00095524,-0.00255531,,
1964-09-15,-0.00264159,-0.00231285,,
1964-09-16,0.00216441,0.00287295,,
1964-09-17,0.00419220,0.00671923,,
1964-09-18,-0.00241703,-0.00362999,,
1964-09-21,0.00415581,0.00461950,,
1964-09-22,0.00119883,0.00035688,,
1964-09-23,0.00122263,0.00015816,,
1964-09-24,0.00036072,0.00111480,,
1964-09-25,0.00195968,0.00253031,,
1964-09-28,0.00074131,0.00078594,,
1964-09-29,0.00083802,-0.00040252,,
1964-09-30,0.00012947,-0.00072365,,
1964-10-01,-0.00073763,-0.00150189,,
1964-10-02,0.00065472,0.00307390,,
1964-10-05,0.00390243,0.00446893,,
1964-10-06,0.00075513,0.00048447,,
1964-10-07,0.00128964,-0.00022236,,
1964-10-08,0.00306755,0.00305456,,
1964-10-09,0.00250665,0.00192374,,
1964-10-12,0.00013488,0.00024397,,
1964-10-13,0.00021917,-0.00301338,,
1964-10-14,0.00018954,-0.00180034,,
1964-10-15,-0.00916406,-0.00641179,,
1964-10-16,0.00939826,0.00678910,,
1964-10-19,0.00461922,0.00140953,,
1964-10-20,0.00298839,0.00303535,,
1964-10-21,-0.00054025,-0.00075822,,
1964-10-22,-0.00146362,-0.00173143,,
1964-10-23,0.00201860,0.00237100,,
1964-10-26,0.00032446,-0.00171269,,
1964-10-27,-0.00099391,-0.00015225,,
1964-10-28,-0.00473212,-0.00318753,,
1964-10-29,-0.00015136,0.00060671,,
1964-10-30,0.00197956,0.00182935,,
1964-11-02,0.00236469,0.00511192,,
1964-11-04,-0.00026479,0.00002087,,
1964-11-05,-0.00161115,0.00053194,,
1964-11-06,-0.00007256,0.00231565,,
1964-11-09,-0.00113899,-0.00019843,,
1964-11-10,-0.00389772,-0.00403163,,
1964-11-11,0.00387324,0.00272544,,
1964-11-12,0.00466671,0.00138868,,
1964-11-13,0.00266127,0.00042216,,
1964-11-16,0.00207845,0.00523385,,
1964-11-17,0.00384890,0.00494100,,
1964-11-18,0.00152703,0.00245847,,
1964-11-19,-0.00048495,-0.00049043,,
1964-11-20,0.00087943,0.00102912,,
1964-11-23,-0.00219485,-0.00259119,,
1964-11-24,-0.00233217,-0.00293987,,
1964-11-25,-0.00047834,-0.00251595,,
1964-11-27,-0.00212743,-0.00317855,,
1964-11-30,-0.00707284,-0.00864066,,
1964-12-01,-0.00956992,-0.01019204,,
1964-12-02,0.00083578,0.00372531,,
1964-12-03,0.00367164,0.00417977,,
1964-12-04,0.00020780,0.00185783,,
1964-12-07,-0.00058849,0.00004970,,
1964-12-08,-0.00576975,-0.00368976,,
1964-12-09,-0.00752087,-0.00656486,,
1964-12-10,-0.00106374,-0.00004811,,
1964-12-11,0.00273146,0.00254898,,
1964-12-14,-0.00219743,-0.00244101,,
1964-12-15,-0.00400094,-0.00269212,,
1964-12-16,0.00325700,0.00409528,,
1964-12-17,0.00505778,0.00401786,,
1964-12-18,0.00556692,0.00494801,,
1964-12-21,0.00140534,0.00093665,,
1964-12-22,-0.00185713,-0.00038024,,
1964-12-23,-0.00163175,-0.00193347,,
1964-12-24,0.00163126,-0.00010220,,
1964-12-28,-0.00178999,-0.00088001,,
1964-12-29,-0.00390914,-0.00296934,,
1964-12-30,0.00391791,0.00616332,,
1964-12-31,0.00401949,0.00481711,,
1965-01-04,-0.00210890,-0.00535027,,
1965-01-05,0.00508103,0.00479481,,
1965-01-06,0.00603435,0.00325879,,
1965-01-07,0.00390486,0.00432590,,
1965-01-08,0.00129078,0.00135148,,
1965-01-11,0.00343117,0.00044139,,
1965-01-12,0.00371715,0.00254121,,
1965-01-13,0.00449087,0.00279275,,
1965-01-14,0.00185436,-0.00004383,,
1965-01-15,0.00379419,0.00438668,,
1965-01-18,0.00269144,0.00298817,,
1965-01-19,0.00200162,0.00203271,,
1965-01-20,0.00025612,-0.00014263,,
1965-01-21,-0.00025612,-0.00097479,,
1965-01-22,0.00469058,0.00241448,,
1965-01-25,0.00357269,0.00147164,,
1965-01-26,0.00069092,0.00131136,,
1965-01-27,0.00305354,0.00304668,,
1965-01-28,0.00359968,0.00242440,,
1965-01-29,0.00384548,0.00120173,,
1965-02-01,0.00110865,0.00052872,,
1965-02-02,0.00040454,0.00047173,,
1965-02-03,0.00338704,0.00136342,,
1965-02-04,0.00191244,-0.00043043,,
1965-02-05,-0.00007141,-0.00264304,,
1965-02-08,-0.00255031,-0.00313017,,
1965-02-09,0.00395809,0.00304615,,
1965-02-10,-0.00784571,-0.00872133,,
1965-02-11,-0.00817905,-0.01025492,,
1965-02-12,0.00726703,0.00688590,,
1965-02-15,0.00242426,-0.00098057,,
1965-02-16,-0.00289179,-0.00395209,,
1965-02-17,0.00262971,0.00140330,,
1965-02-18,0.00457288,0.00321555,,
1965-02-19,0.00348083,0.00166835,,
1965-02-23,0.00681028,0.00507301,,
1965-02-24,0.00578851,0.00702558,,
1965-02-25,0.00177398,0.00069108,,
1965-02-26,0.00096242,0.00290624,,
1965-03-01,0.00074197,-0.00215408,,
1965-03-02,0.00382151,0.00197338,,
1965-03-03,0.00036553,-0.00083639,,
1965-03-04,-0.00130264,-0.00317073,,
1965-03-05,-0.00072043,-0.00175907,,
1965-03-08,0.00203035,0.00042104,,
1965-03-09,-0.00128136,-0.00136339,,
1965-03-10,-0.00019600,-0.00142739,,
1965-03-11,0.00302326,0.00435270,,
1965-03-12,0.00298140,0.00370716,,
1965-03-15,0.00049336,0.00063298,,
1965-03-16,-0.00068610,-0.00131089,,
1965-03-17,-0.00103138,-0.00107660,,
1965-03-18,-0.00141058,-0.00231738,,
1965-03-19,-0.00057661,0.00025424,,
1965-03-22,-0.00049212,-0.00016698,,
1965-03-23,0.00092635,0.00083764,,
1965-03-24,0.00207929,0.00181710,,
1965-03-25,-0.00056693,-0.00284220,,
1965-03-26,-0.00715035,-0.00720099,,
1965-03-29,-0.00408610,-0.00207263,,
1965-03-30,0.00280193,0.00212928,,
1965-03-31,0.00141134,-0.00023775,,
1965-04-01,0.00092122,0.00191929,,
1965-04-02,0.00362582,0.00250786,,
1965-04-05,-0.00038373,0.00012245,,
1965-04-06,-0.00054290,-0.00030861,,
1965-04-07,0.00184158,0.00065114,,
1965-04-08,0.00593696,0.00560551,,
1965-04-09,0.00542109,0.00608778,,
1965-04-12,0.00434177,0.00479108,,
1965-04-13,0.00179337,0.00152052,,
1965-04-14,0.00219838,0.00221798,,
1965-04-15,0.00102819,-0.00105522,,
1965-04-19,0.00137660,0.00404328,,
1965-04-20,-0.00004237,-0.00051421,,
1965-04-21,-0.00244198,-0.00226164,,
1965-04-22,0.00293402,0.00520318,,
1965-04-23,0.00116083,0.00133651,,
1965-04-26,0.00152229,0.00037834,,
1965-04-27,0.00087584,0.00168114,,
1965-04-28,-0.00038560,-0.00017850,,
1965-04-29,0.00012980,-0.00063370,,
1965-04-30,0.00017191,0.00205360,,
1965-05-03,-0.00046452,0.00148977,,
1965-05-04,0.00302059,0.00358539,,
1965-05-05,0.00283250,0.00313198,,
1965-05-06,0.00160985,0.00266569,,
1965-05-07,0.00013967,-0.00069876,,
1965-05-10,0.00012179,-0.00125563,,
1965-05-11,-0.00058744,-0.00089044,,
1965-05-12,0.00316838,0.00430081,,
1965-05-13,0.00287388,0.00359306,,
1965-05-14,-0.00061337,-0.00210299,,
1965-05-17,-0.00324528,-0.00616592,,
1965-05-18,-0.00086104,-0.00056891,,
1965-05-19,0.00219719,0.00264309,,
1965-05-20,-0.00486516,-0.00548694,,
1965-05-21,-0.00379121,-0.00481570,,
1965-05-24,-0.00666059,-0.00746522,,
1965-05-25,0.00399082,0.00611633,,
1965-05-26,-0.00379166,-0.00247427,,
1965-05-27,-0.00595223,-0.00523113,,
1965-05-28,0.00454928,0.00648275,,
1965-06-01,-0.00551760,-0.00765674,,
1965-06-02,-0.00973300,-0.00703775,,
1965-06-03,-0.00293558,-0.00217325,,
1965-06-04,0.00116570,0.00254980,,
1965-06-07,-0.00494675,-0.00254242,,
1965-06-08,-0.01080938,-0.01090117,,
1965-06-09,-0.00952529,-0.01043974,,
1965-06-10,-0.00659728,-0.00334624,,
1965-06-11,0.00530805,0.00457509,,
1965-06-14,-0.01504157,-0.01306954,,
1965-06-15,0.00550134,0.00598302,,
1965-06-16,0.01029517,0.00869545,,
1965-06-17,0.00490234,0.00638408,,
1965-06-18,-0.00486801,-0.00461307,,
1965-06-21,-0.00480092,-0.00329673,,
1965-06-22,0.00182673,0.00210636,,
1965-06-23,-0.00582958,-0.00631131,,
1965-06-24,-0.01638693,-0.01302124,,
1965-06-25,-0.00775055,-0.00609117,,
1965-06-28,-0.02410278,-0.01764822,,
1965-06-29,0.00609907,0.00948295,,
1965-06-30,0.02563927,0.02140066,,
1965-07-01,0.00714140,0.00435241,,
1965-07-02,0.00846298,0.00794544,,
1965-07-06,-0.00056641,-0.00201916,,
1965-07-07,-0.00353872,-0.00366115,,
1965-07-08,0.00733372,0.00870905,,
1965-07-09,0.00584117,0.00373496,,
1965-07-12,0.00113418,-0.00013157,,
1965-07-13,-0.00245007,-0.00107544,,
1965-07-14,0.00326874,0.00333439,,
1965-07-15,0.00001586,-0.00165383,,
1965-07-16,-0.00052740,-0.00050992,,
1965-07-19,-0.00151307,-0.00074252,,
1965-07-20,-0.01264895,-0.01255850,,
1965-07-21,-0.00609023,-0.00572074,,
1965-07-22,-0.00121758,-0.00248670,,
1965-07-23,0.00186545,0.00268040,,
1965-07-26,0.00100692,-0.00018941,,
1965-07-27,-0.00135895,-0.00188484,,
1965-07-28,0.00180910,0.00222702,,
1965-07-29,0.00953596,0.00771061,,
1965-07-30,0.00717631,0.00665272,,
1965-08-02,0.00225809,0.00214920,,
1965-08-03,0.00266723,0.00136834,,
1965-08-04,0.00501414,0.00406284,,
1965-08-05,0.00112085,0.00006338,,
1965-08-06,0.00250662,0.00327162,,
1965-08-09,0.00064243,-0.00190143,,
1965-08-10,0.00209698,0.00031884,,
1965-08-11,0.00497377,0.00341458,,
1965-08-12,0.00477168,0.00311504,,
1965-08-13,0.00501260,0.00476632,,
1965-08-16,0.00114976,0.00133765,,
1965-08-17,0.00009623,0.00227058,,
1965-08-18,0.00035216,-0.00014543,,
1965-08-19,-0.00320327,-0.00219186,,
1965-08-20,-0.00091470,-0.00109858,,
1965-08-23,0.00000761,-0.00139571,,
1965-08-24,0.00208585,0.00165811,,
1965-08-25,0.00138655,0.00135476,,
1965-08-26,0.00345054,0.00420293,,
1965-08-27,0.00349301,0.00134857,,
1965-08-30,0.00162264,0.00004617,,
1965-08-31,0.00094126,-0.00065558,,
1965-09-01,0.00115205,0.00043238,,
1965-09-02,0.00598377,0.00549450,,
1965-09-03,0.00552643,0.00504364,,
1965-09-07,0.00300456,0.00354792,,
1965-09-08,0.00181000,0.00353928,,
1965-09-09,0.00254231,0.00284052,,
1965-09-10,0.00173358,0.00271640,,
1965-09-13,0.00260407,0.00282342,,
1965-09-14,-0.00441436,-0.00395323,,
1965-09-15,0.00348696,0.00521324,,
1965-09-16,0.00476916,0.00544558,,
1965-09-17,-0.00052243,0.00021675,,
1965-09-20,0.00178916,0.00043408,,
1965-09-21,-0.00153816,-0.00294435,,
1965-09-22,0.00579986,0.00483832,,
1965-09-23,-0.00519871,-0.00384822,,
1965-09-24,0.00549066,0.00209117,,
1965-09-27,0.00369840,0.00659064,,
1965-09-28,-0.00002855,-0.00248258,,
1965-09-29,-0.00558866,-0.00449775,,
1965-09-30,-0.00190731,-0.00070463,,
1965-10-01,0.00044423,-0.00074067,,
1965-10-04,0.00354637,0.00205887,,
1965-10-05,0.00570917,0.00612566,,
1965-10-06,-0.00142684,-0.00086629,,
1965-10-07,0.00233340,-0.00048176,,
1965-10-08,0.00734129,0.00419632,,
1965-10-11,0.00735416,0.00598395,,
1965-10-12,0.00154673,-0.00037467,,
1965-10-13,-0.00023414,-0.00012398,,
1965-10-14,-0.00077739,-0.00176164,,
1965-10-15,0.00264386,0.00220410,,
1965-10-18,0.00333525,0.00308848,,
1965-10-19,-0.00050973,0.00139591,,
1965-10-20,0.00128084,0.00002724,,
1965-10-21,0.00262875,0.00173490,,
1965-10-22,-0.00225140,0.00004745,,
1965-10-25,-0.00489764,-0.00327878,,
1965-10-26,0.00446540,0.00584163,,
1965-10-27,0.00377040,0.00380899,,
1965-10-28,-0.00115624,-0.00312372,,
1965-10-29,0.00325553,0.00249327,,
1965-11-01,-0.00050042,-0.00094868,,
1965-11-03,0.00164253,0.00096438,,
1965-11-04,0.00330498,0.00193587,,
1965-11-05,0.00145205,0.00078492,,
1965-11-08,-0.00322878,-0.00342918,,
1965-11-09,0.00009379,-0.00225115,,
1965-11-10,0.00024970,-0.00091688,,
1965-11-11,0.00243041,0.00290345,,
1965-11-12,0.00421254,0.00476051,,
1965-11-15,0.00244431,0.00100907,,
1965-11-16,0.00059414,-0.00170617,,
1965-11-17,-0.00251735,0.00253535,,
1965-11-18,-0.00148041,-0.00412655,,
1965-11-19,0.00164722,0.00016068,,
1965-11-22,-0.00251625,-0.00610598,,
1965-11-23,0.00263901,0.00171516,,
1965-11-24,0.00445352,0.00171253,,
1965-11-26,0.00441155,0.00193297,,
1965-11-29,0.00221744,-0.00239846,,
1965-11-30,-0.00117697,-0.00184860,,
1965-12-01,0.00132729,-0.00102984,,
1965-12-02,-0.00151461,-0.00327131,,
1965-12-03,0.00005330,0.00078318,,
1965-12-06,-0.00989445,-0.00738278,,
1965-12-07,0.01087081,0.00940377,,
1965-12-08,0.00149524,-0.00131240,,
1965-12-09,0.00340589,0.00314178,,
1965-12-10,0.00446768,0.00285648,,
1965-12-13,0.00266782,0.00048879,,
1965-12-14,0.00160759,0.00053509,,
1965-12-15,0.00353110,0.00146691,,
1965-12-16,0.00435859,0.00126569,,
1965-12-17,0.00227040,-0.00000652,,
1965-12-20,-0.00545108,-0.00489089,,
1965-12-21,0.00385003,0.00413037,,
1965-12-22,-0.00106961,0.00310106,,
1965-12-23,-0.00171443,-0.00155078,,
1965-12-27,-0.00521588,-0.00698761,,
1965-12-28,-0.00091036,0.00019760,,
1965-12-29,0.00516782,0.00291007,,
1965-12-30,0.00448413,0.00411400,,
1965-12-31,0.00421003,0.00257728,,
1966-01-03,0.00149237,-0.00287282,,
1966-01-04,0.00181766,0.00109807,,
1966-01-05,0.00630314,0.00666164,,
1966-01-06,0.00248504,0.00218216,,
1966-01-07,0.00196485,0.00092168,,
1966-01-10,0.00480730,0.00184503,,
1966-01-11,0.00155289,0.00062734,,
1966-01-12,0.00044408,-0.00223999,,
1966-01-13,0.00287251,0.00188852,,
1966-01-14,0.00308508,0.00155666,,
1966-01-17,0.00413706,0.00311585,,
1966-01-18,0.00253163,0.00178777,,
1966-01-19,-0.00206723,-0.00283601,,
1966-01-20,-0.00089929,-0.00339880,,
1966-01-21,-0.00022838,0.00098558,,
1966-01-24,0.00256443,0.00250688,,
1966-01-25,0.00336713,0.00191346,,
1966-01-26,0.00077399,-0.00170066,,
1966-01-27,0.00257473,-0.00020694,,
1966-01-28,-0.00177017,-0.00370461,,
1966-01-31,-0.00423408,-0.00442707,,
1966-02-01,-0.01105169,-0.00706499,,
1966-02-02,0.00528556,0.00428652,,
1966-02-03,0.00211133,0.00170849,,
1966-02-04,0.00543055,0.00672323,,
1966-02-07,0.00430240,0.00386467,,
1966-02-08,-0.00080018,-0.00021499,,
1966-02-09,0.00838592,0.00537172,,
1966-02-10,-0.00086334,-0.00228108,,
1966-02-11,0.00154719,-0.00012377,,
1966-02-14,0.00120817,-0.00129942,,
1966-02-15,-0.00194697,-0.00445986,,
1966-02-16,0.00046662,0.00009261,,
1966-02-17,-0.00481172,-0.00536312,,
1966-02-18,-0.00072635,-0.00273030,,
1966-02-21,-0.00414933,-0.00566874,,
1966-02-23,-0.00450846,-0.00409137,,
1966-02-24,-0.00397620,-0.00533773,,
1966-02-25,0.00405477,0.00293375,,
1966-02-28,0.00359807,0.00099664,,
1966-03-01,-0.01206713,-0.01266597,,
1966-03-02,-0.01087528,-0.00996717,,
1966-03-03,0.00478311,0.00367052,,
1966-03-04,-0.00238823,-0.00255666,,
1966-03-07,-0.01307906,-0.01319708,,
1966-03-08,-0.00205150,0.00172743,,
1966-03-09,0.00960430,0.00903918,,
1966-03-10,-0.00037911,0.00001915,,
1966-03-11,-0.00011806,-0.00096036,,
1966-03-14,-0.01324349,-0.01120681,,
1966-03-15,-0.01010290,-0.00569290,,
1966-03-16,0.00548179,0.00617342,,
1966-03-17,0.00439908,0.00337229,,
1966-03-18,0.00725165,0.00410923,,
1966-03-21,0.01119959,0.00778765,,
1966-03-22,0.00245569,0.00289302,,
1966-03-23,-0.00212499,-0.00366737,,
1966-03-24,0.00115140,0.00176360,,
1966-03-25,0.00264626,0.00315237,,
1966-03-28,0.00467953,0.00115838,,
1966-03-29,-0.00487045,-0.00389956,,
1966-03-30,-0.00880265,-0.00910471,,
1966-03-31,0.00296369,0.00539410,,
1966-04-01,0.00636498,0.00804519,,
1966-04-04,0.00784855,0.00909780,,
1966-04-05,0.00565344,0.00606313,,
1966-04-06,0.00398309,0.00252768,,
1966-04-07,0.00355859,0.00223492,,
1966-04-11,0.00193078,0.00065427,,
1966-04-12,-0.00122730,-0.00346588,,
1966-04-13,0.00095562,0.00085469,,
1966-04-14,0.00223164,0.00390853,,
1966-04-15,0.00281504,0.00122052,,
1966-04-18,-0.00457765,-0.00436390,,
1966-04-19,0.00113913,0.00002475,,
1966-04-20,0.00447216,0.00564933,,
1966-04-21,0.00329130,0.00384608,,
1966-04-22,-0.00120393,-0.00169442,,
1966-04-25,-0.00006122,-0.00180653,,
1966-04-26,-0.00115864,-0.00089786,,
1966-04-27,-0.00419981,-0.00228174,,
1966-04-28,-0.00807818,-0.00674239,,
1966-04-29,0.00113585,-0.00076395,,
1966-05-02,-0.00272352,-0.00154606,,
1966-05-03,-0.01139840,-0.01078727,,
1966-05-04,-0.00577969,-0.00505127,,
1966-05-05,-0.01855583,-0.01627257,,
1966-05-06,-0.00447245,-0.00107354,,
1966-05-09,-0.01524553,-0.01653154,,
1966-05-10,0.00749866,0.00913183,,
1966-05-11,0.00163218,0.00187839,,
1966-05-12,-0.01389395,-0.01178109,,
1966-05-13,-0.01128214,-0.00868330,,
1966-05-16,-0.01697697,-0.01354989,,
1966-05-17,-0.01265663,-0.00763260,,
1966-05-18,0.01840339,0.01808648,,
1966-05-19,-0.00169510,-0.00130903,,
1966-05-20,0.00405208,0.00491537,,
1966-05-23,0.00906168,0.00894438,,
1966-05-24,0.00789116,0.00699790,,
1966-05-25,0.00307810,0.00352921,,
1966-05-26,0.00125507,0.00095581,,
1966-05-27,0.00325438,0.00321530,,
1966-05-31,-0.01023570,-0.01383492,,
1966-06-01,-0.00070564,-0.00005272,,
1966-06-02,-0.00058853,-0.00135461,,
1966-06-03,0.00168692,0.00120686,,
1966-06-06,-0.00612213,-0.00740132,,
1966-06-07,-0.00691092,-0.00670287,,
1966-06-08,0.00339091,0.00142088,,
1966-06-09,0.00754269,0.00690197,,
1966-06-10,0.01168292,0.01118679,,
1966-06-13,0.00603430,0.00484713,,
1966-06-14,0.00215021,0.00322532,,
1966-06-15,-0.00133373,-0.00424617,,
1966-06-16,-0.00092766,-0.00293725,,
1966-06-17,0.00051257,0.00055871,,
1966-06-20,-0.00110530,-0.00035005,,
1966-06-21,0.00320820,0.00280026,,
1966-06-22,0.00201043,0.00167450,,
1966-06-23,-0.00516353,-0.00428627,,
1966-06-24,-0.00013329,0.00076599,,
1966-06-27,-0.00785279,-0.00606020,,
1966-06-28,-0.00364533,-0.00470757,,
1966-06-29,-0.01070601,-0.00959847,,
1966-06-30,-0.00354494,-0.00127682,,
1966-07-01,0.00826616,0.01035401,,
1966-07-05,0.00071512,0.00232469,,
1966-07-06,0.01098259,0.01419303,,
1966-07-07,0.00419322,0.00377903,,
1966-07-08,0.00394917,0.00167544,,
1966-07-11,0.00105376,-0.00158934,,
1966-07-12,-0.00290773,-0.00531289,,
1966-07-13,-0.00433031,-0.00636832,,
1966-07-14,0.00423346,0.00625833,,
1966-07-15,0.00218220,0.00306752,,
1966-07-18,-0.00084633,-0.00086405,,
1966-07-19,-0.00638042,-0.00740857,,
1966-07-20,-0.00790202,-0.00973379,,
1966-07-21,-0.00171195,0.00016940,,
1966-07-22,0.00026003,-0.00124427,,
1966-07-25,-0.01961824,-0.01865930,,
1966-07-26,-0.00494872,-0.00143422,,
1966-07-27,0.00579850,0.00492835,,
1966-07-28,-0.00396739,-0.00375172,,
1966-07-29,-0.00065905,-0.00202322,,
1966-08-01,-0.01572345,-0.01534310,,
1966-08-02,-0.00123679,0.00087072,,
1966-08-03,0.00991711,0.00997623,,
1966-08-04,0.00794635,0.00978327,,
1966-08-05,0.00275402,0.00125195,,
1966-08-08,-0.00311939,-0.00168104,,
1966-08-09,0.00027926,-0.00286895,,
1966-08-10,-0.00584461,-0.00429456,,
1966-08-11,-0.00106722,-0.00095437,,
1966-08-12,0.00158321,0.00181454,,
1966-08-15,-0.00334283,-0.00518471,,
1966-08-16,-0.01147279,-0.01294250,,
1966-08-17,-0.00763521,-0.00542589,,
1966-08-18,-0.01267113,-0.01279003,,
1966-08-19,-0.00804791,-0.00669810,,
1966-08-22,-0.01815078,-0.01730958,,
1966-08-23,-0.00046161,-0.00145445,,
1966-08-24,0.01150768,0.01275183,,
1966-08-25,-0.01244209,-0.01239792,,
1966-08-26,-0.02323236,-0.02109079,,
1966-08-29,-0.02799438,-0.02336799,,
1966-08-30,0.01211625,0.01780890,,
1966-08-31,0.01745863,0.01672586,,
1966-09-01,0.00402515,0.00803783,,
1966-09-02,-0.00115523,-0.00356448,,
1966-09-06,-0.00401008,-0.00563975,,
1966-09-07,-0.01052818,-0.00800598,,
1966-09-08,-0.00201911,-0.00401775,,
1966-09-09,0.00422836,0.00270327,,
1966-09-12,0.01950650,0.02162186,,
1966-09-13,0.00620103,0.00558558,,
1966-09-14,0.00544098,0.01004494,,
1966-09-15,0.00673860,0.01192298,,
1966-09-16,0.00221462,-0.00064577,,
1966-09-19,-0.00325853,-0.00508355,,
1966-09-20,-0.00508883,-0.00698111,,
1966-09-21,-0.01545568,-0.01702447,,
1966-09-22,0.00142175,0.00278407,,
1966-09-23,-0.00261229,-0.00333567,,
1966-09-26,0.00082330,0.00268242,,
1966-09-27,0.00095760,0.00307267,,
1966-09-28,-0.00971636,-0.01286898,,
1966-09-29,-0.01221419,-0.01050341,,
1966-09-30,0.00065488,0.00339650,,
1966-10-03,-0.01965243,-0.02183746,,
1966-10-04,-0.00416950,0.00282749,,
1966-10-05,-0.00734513,-0.00545234,,
1966-10-06,-0.01189006,-0.00856610,,
1966-10-07,-0.01349012,-0.01176132,,
1966-10-10,0.01076297,0.01832628,,
1966-10-11,0.00632932,0.00496720,,
1966-10-12,0.01985562,0.02886666,,
1966-10-13,0.00249587,-0.00180628,,
1966-10-14,-0.00017207,-0.00383528,,
1966-10-17,0.00743638,0.01142844,,
1966-10-18,0.01522580,0.01592178,,
1966-10-19,-0.00425649,-0.00806132,,
1966-10-20,-0.00234494,-0.00273658,,
1966-10-21,-0.00082062,0.00422801,,
1966-10-24,0.00033818,0.00304753,,
1966-10-25,0.00205987,0.00629811,,
1966-10-26,0.01193958,0.00852660,,
1966-10-27,0.00883504,0.00827078,,
1966-10-28,0.00485401,-0.00000099,,
1966-10-31,0.00110320,-0.00030599,,
1966-11-01,0.00820024,0.00804398,,
1966-11-02,0.00103290,0.00120103,,
1966-11-03,-0.00235960,-0.00362367,,
1966-11-04,0.00322731,0.00437354,,
1966-11-07,0.00133274,-0.00062885,,
1966-11-09,0.00846013,0.00810876,,
1966-11-10,0.00521765,0.00645320,,
1966-11-11,0.00308621,0.00055142,,
1966-11-14,-0.00374505,-0.00565140,,
1966-11-15,0.00436937,0.00421387,,
1966-11-16,0.01140037,0.00866317,,
1966-11-17,-0.00513610,-0.00688542,,
1966-11-18,-0.00478921,-0.00643325,,
1966-11-21,-0.01533766,-0.01422580,,
1966-11-22,-0.00433092,-0.00518781,,
1966-11-23,0.00840161,0.00713681,,
1966-11-25,0.01046722,0.00814826,,
1966-11-28,-0.00065093,-0.00060246,,
1966-11-29,-0.00299355,-0.00354621,,
1966-11-30,0.00226070,0.00076199,,
1966-12-01,-0.00233655,-0.00470219,,
1966-12-02,-0.00063987,0.00057550,,
1966-12-05,0.00067785,0.00139427,,
1966-12-06,0.00516862,0.00766539,,
1966-12-07,0.00702162,0.01151406,,
1966-12-08,0.00466153,0.00419641,,
1966-12-09,0.00339165,0.00146646,,
1966-12-12,0.00926183,0.01025783,,
1966-12-13,-0.00080250,-0.00322106,,
1966-12-14,0.00197271,-0.00096024,,
1966-12-15,-0.00573168,-0.01183086,,
1966-12-16,0.00018003,-0.00079187,,
1966-12-19,-0.00201888,-0.00367742,,
1966-12-20,-0.00423340,-0.00359759,,
1966-12-21,0.00715642,0.00542679,,
1966-12-22,0.00590378,0.00390605,,
1966-12-23,0.00003624,-0.00268051,,
1966-12-27,-0.00260716,-0.00567068,,
1966-12-28,-0.00635147,-0.00478455,,
1966-12-29,-0.00603600,-0.00324191,,
1966-12-30,-0.00266901,-0.00026419,,
1967-01-03,0.00595671,0.00049940,,
1967-01-04,0.00398926,0.00205576,,
1967-01-05,0.01665755,0.01301682,,
1967-01-06,0.01089639,0.00724095,,
1967-01-09,0.01133321,0.00777203,,
1967-01-10,0.00138480,0.00004922,,
1967-01-11,0.01196076,0.00814198,,
1967-01-12,0.00670412,0.00527405,,
1967-01-13,0.00739889,0.00748363,,
1967-01-16,-0.00040598,-0.00259802,,
1967-01-17,0.01065227,0.01135348,,
1967-01-18,0.00494017,0.00645017,,
1967-01-19,0.00116164,0.00053355,,
1967-01-20,0.00685254,0.00291534,,
1967-01-23,0.00383469,0.00361736,,
1967-01-24,0.00208022,0.00157824,,
1967-01-25,-0.00541258,-0.00743396,,
1967-01-26,0.00363574,-0.00052260,,
1967-01-27,0.00502798,0.00416840,,
1967-01-30,0.00745467,0.00546252,,
1967-01-31,0.00155084,-0.00042073,,
1967-02-01,-0.00055606,-0.00182658,,
1967-02-02,0.00418134,0.00347858,,
1967-02-03,0.00889540,0.00734978,,
1967-02-06,0.00065569,-0.00133072,,
1967-02-07,-0.00296029,-0.00211134,,
1967-02-08,0.00661729,0.00902935,,
1967-02-09,-0.00472236,-0.00378491,,
1967-02-10,0.00370736,0.00218142,,
1967-02-13,0.00285262,0.00115236,,
1967-02-14,0.00542433,0.00729081,,
1967-02-15,-0.00161670,0.00118927,,
1967-02-16,-0.00394481,-0.00449813,,
1967-02-17,-0.00018880,0.00037226,,
1967-02-20,-0.00292499,-0.00531240,,
1967-02-21,0.00110203,-0.00058116,,
1967-02-23,0.00092258,0.00135834,,
1967-02-24,0.00184850,0.00051891,,
1967-02-27,-0.01240994,-0.01073041,,
1967-02-28,0.00237907,0.00396390,,
1967-03-01,0.00903380,0.01073425,,
1967-03-02,0.00450079,0.00562008,,
1967-03-03,0.00183502,0.00144511,,
1967-03-06,-0.00008584,-0.00182052,,
1967-03-07,0.00226023,0.00086959,,
1967-03-08,0.00036816,0.00127036,,
1967-03-09,0.00360984,0.00275298,,
1967-03-10,0.00693364,0.00420412,,
1967-03-13,-0.00491707,-0.00515022,,
1967-03-14,-0.00070580,-0.00096084,,
1967-03-15,0.00779756,0.00958527,,
1967-03-16,0.00758451,0.01045100,,
1967-03-17,0.00359723,0.00186700,,
1967-03-20,0.00168586,-0.00048391,,
1967-03-21,-0.00143371,-0.00228227,,
1967-03-22,0.00341539,0.00292022,,
1967-03-23,0.00673863,0.00762671,,
1967-03-27,-0.00003088,-0.00089009,,
1967-03-28,0.00051053,0.00058964,,
1967-03-29,-0.00115445,-0.00198475,,
1967-03-30,0.00040332,-0.00022826,,
1967-03-31,-0.00239069,-0.00555184,,
1967-04-03,-0.00959355,-0.01069116,,
1967-04-04,0.00070420,-0.00028426,,
1967-04-05,0.00605993,0.00665121,,
1967-04-06,0.00289535,0.00184076,,
1967-04-07,-0.00512028,-0.00651147,,
1967-04-10,-0.01268726,-0.01241352,,
1967-04-11,0.00755623,0.00722538,,
1967-04-12,-0.00018743,-0.00126744,,
1967-04-13,0.00444584,0.00764736,,
1967-04-14,0.00795181,0.01102580,,
1967-04-17,0.00404248,0.00713207,,
1967-04-18,0.00837322,0.00880369,,
1967-04-19,0.00114544,0.00104338,,
1967-04-20,0.00281918,0.00206480,,
1967-04-21,0.00261157,0.00216477,,
1967-04-24,0.00291294,0.00356601,,
1967-04-25,0.00419996,0.00561539,,
1967-04-26,-0.00084949,-0.00117360,,
1967-04-27,0.00707529,0.00882978,,
1967-04-28,0.00328482,0.00176783,,
1967-05-01,0.00171467,-0.00169391,,
1967-05-02,0.00255948,-0.00107478,,
1967-05-03,0.00350501,0.00266554,,
1967-05-04,0.00306850,0.00381835,,
1967-05-05,0.00156875,0.00156539,,
1967-05-08,0.00197213,0.00256118,,
1967-05-09,-0.00867282,-0.01028231,,
1967-05-10,-0.00027113,-0.00231743,,
1967-05-11,0.00628709,0.00430844,,
1967-05-12,-0.00015628,-0.00244777,,
1967-05-15,-0.00552526,-0.00803212,,
1967-05-16,0.00380478,0.00482158,,
1967-05-17,-0.00139179,-0.00355645,,
1967-05-18,-0.00066894,-0.00235556,,
1967-05-19,-0.00206427,-0.00472076,,
1967-05-22,-0.00214423,-0.00408440,,
1967-05-23,-0.00416051,-0.00449759,,
1967-05-24,-0.01216810,-0.01165674,,
1967-05-25,0.00681359,0.01116293,,
1967-05-26,0.00020305,-0.00134366,,
1967-05-29,-0.00320996,-0.00501085,,
1967-05-31,-0.01942607,-0.01516499,,
1967-06-01,0.01109205,0.01270085,,
1967-06-02,-0.00099444,-0.00478535,,
1967-06-05,-0.01955754,-0.01479142,,
1967-06-06,0.01968420,0.01995344,,
1967-06-07,0.00937709,0.00809199,,
1967-06-08,0.00604597,0.00555734,,
1967-06-09,0.00373662,0.00202312,,
1967-06-12,0.00680833,0.00530800,,
1967-06-13,0.00578705,0.00639892,,
1967-06-14,0.00002414,-0.00232870,,
1967-06-15,0.00192405,0.00080643,,
1967-06-16,0.00060714,0.00076236,,
1967-06-19,-0.00023829,-0.00015417,,
1967-06-20,-0.00081989,-0.00033056,,
1967-06-21,-0.00195589,-0.00306083,,
1967-06-22,-0.00064962,-0.00242841,,
1967-06-23,0.00173415,0.00056287,,
1967-06-26,-0.00424002,-0.00379493,,
1967-06-27,-0.00138162,-0.00374436,,
1967-06-28,0.00205085,0.00013711,,
1967-06-29,-0.00366375,-0.00499158,,
1967-06-30,0.00110653,-0.00221506,,
1967-07-03,0.00422243,0.00296956,,
1967-07-05,0.00623573,0.00528690,,
1967-07-06,0.00182528,-0.00047533,,
1967-07-07,0.00787850,0.00401670,,
1967-07-10,0.00726731,0.00379770,,
1967-07-11,0.00225389,0.00478849,,
1967-07-12,0.00197871,-0.00077335,,
1967-07-13,0.00200514,0.00010659,,
1967-07-14,0.00530396,0.00368341,,
1967-07-17,-0.00005703,0.00013259,,
1967-07-18,0.00666933,0.00830185,,
1967-07-19,0.00234155,0.00168698,,
1967-07-20,0.00178615,0.00216170,,
1967-07-21,-0.00000525,0.00188113,,
1967-07-24,-0.00321754,-0.00335231,,
1967-07-25,0.00387307,-0.00024675,,
1967-07-26,0.00511824,0.00404499,,
1967-07-27,0.00455501,0.00319161,,
1967-07-28,0.00435507,0.00162843,,
1967-07-31,0.00160187,0.00282913,,
1967-08-01,0.00579177,0.00723306,,
1967-08-02,0.00486536,0.00472744,,
1967-08-03,-0.00049706,-0.00120815,,
1967-08-04,0.00396076,0.00161528,,
1967-08-07,-0.00147509,-0.00183021,,
1967-08-08,0.00133785,0.00130375,,
1967-08-09,0.00181285,0.00103163,,
1967-08-10,-0.00131565,-0.00238289,,
1967-08-11,-0.00384360,-0.00403537,,
1967-08-14,-0.00492487,-0.00431701,,
1967-08-15,0.00069107,0.00130498,,
1967-08-16,-0.00119439,-0.00232905,,
1967-08-17,0.00229136,0.00087377,,
1967-08-18,0.00158482,0.00160692,,
1967-08-21,-0.00383151,-0.00551819,,
1967-08-22,-0.00453462,-0.00558104,,
1967-08-23,-0.00180749,-0.00112660,,
1967-08-24,-0.00432573,-0.00564441,,
1967-08-25,-0.00378190,-0.00399576,,
1967-08-28,0.00067023,0.00035554,,
1967-08-29,0.00340694,0.00259773,,
1967-08-30,0.00378458,0.00219778,,
1967-08-31,0.00595526,0.00624133,,
1967-09-01,0.00347127,0.00041109,,
1967-09-05,0.00477794,0.00587055,,
1967-09-06,0.00220052,0.00204396,,
1967-09-07,-0.00060999,-0.00058410,,
1967-09-08,0.00185179,-0.00011339,,
1967-09-11,0.00090788,0.00181020,,
1967-09-12,0.00342896,0.00519299,,
1967-09-13,0.00784653,0.01063691,,
1967-09-14,0.00064191,0.00224133,,
1967-09-15,0.00063951,0.00064652,,
1967-09-18,0.00190954,0.00269617,,
1967-09-19,-0.00421910,-0.00362127,,
1967-09-20,0.00180930,-0.00054927,,
1967-09-21,0.00237015,0.00634933,,
1967-09-22,0.00325944,0.00278807,,
1967-09-25,0.00150879,0.00605625,,
1967-09-26,-0.00742099,-0.00842559,,
1967-09-27,0.00023063,0.00036348,,
1967-09-28,-0.00006129,0.00022623,,
1967-09-29,0.00132579,-0.00077609,,
1967-10-02,-0.00325243,-0.00400598,,
1967-10-03,0.00291893,0.00330088,,
1967-10-04,-0.00051056,-0.00189419,,
1967-10-05,0.00118702,0.00224182,,
1967-10-06,0.00317851,0.00611772,,
1967-10-09,0.00177183,0.00280188,,
1967-10-10,-0.00657641,-0.00673872,,
1967-10-11,-0.00622645,-0.00481482,,
1967-10-12,-0.00726621,-0.00631230,,
1967-10-13,0.00142229,0.00276084,,
1967-10-16,-0.00856504,-0.00787772,,
1967-10-17,-0.00264117,-0.00246130,,
1967-10-18,0.00066571,0.00231581,,
1967-10-19,-0.00090702,0.00163078,,
1967-10-20,-0.00359454,-0.00036557,,
1967-10-23,-0.00649384,-0.00437356,,
1967-10-24,-0.00622591,-0.00530367,,
1967-10-25,-0.00035483,0.00120602,,
1967-10-26,0.00318453,0.00432677,,
1967-10-27,-0.00038547,0.00034800,,
1967-10-30,-0.00333608,-0.00186159,,
1967-10-31,-0.00875919,-0.00878259,,
1967-11-01,-0.01013645,-0.01244497,,
1967-11-02,-0.00463536,-0.00392685,,
1967-11-03,-0.00230611,-0.00530024,,
1967-11-06,-0.00434571,-0.00292534,,
1967-11-08,-0.00267648,-0.00370667,,
1967-11-09,0.00323498,0.00536134,,
1967-11-10,0.00472890,0.00644838,,
1967-11-13,-0.00498576,-0.00155072,,
1967-11-14,-0.00775957,-0.00597357,,
1967-11-15,0.00241577,0.00433154,,
1967-11-16,0.00777880,0.00936050,,
1967-11-17,0.00641354,0.00245040,,
1967-11-20,-0.01609766,-0.01244320,,
1967-11-21,0.01646544,0.01566518,,
1967-11-22,0.00665477,0.00553795,,
1967-11-24,0.00127180,0.00275484,,
1967-11-27,0.00080163,0.00300935,,
1967-11-28,0.00671854,0.00514067,,
1967-11-29,0.00135357,-0.00020826,,
1967-11-30,-0.00479164,-0.00469793,,
1967-12-01,0.00427777,0.00510155,,
1967-12-04,0.00480128,0.00611845,,
1967-12-05,0.00143922,0.00184215,,
1967-12-06,0.00195965,0.00441072,,
1967-12-07,0.00200673,-0.00095723,,
1967-12-08,0.00040888,-0.00112928,,
1967-12-11,-0.00226471,-0.00310609,,
1967-12-12,-0.00089339,-0.00110559,,
1967-12-13,0.00458585,0.00339919,,
1967-12-14,0.00385256,0.00163147,,
1967-12-15,-0.00332495,-0.00453047,,
1967-12-18,-0.00174091,-0.00277811,,
1967-12-19,-0.00171091,-0.00157357,,
1967-12-20,0.00478182,0.00543985,,
1967-12-21,0.00374733,0.00235888,,
1967-12-22,0.00322633,-0.00196501,,
1967-12-26,0.00386264,0.00091304,,
1967-12-27,0.00709548,0.00691054,,
1967-12-28,0.00191386,-0.00025057,,
1967-12-29,0.00663284,0.00613897,,
1968-01-02,0.00102877,-0.00377994,,
1968-01-03,-0.00309042,-0.00471304,,
1968-01-04,0.00018046,-0.00331672,,
1968-01-05,0.00824300,0.00622950,,
1968-01-08,0.00839809,0.00713607,,
1968-01-09,-0.00019263,-0.00112047,,
1968-01-10,0.00155931,0.00061743,,
1968-01-11,0.00681164,0.00110143,,
1968-01-12,0.00318239,0.00132493,,
1968-01-15,0.00110318,-0.00216966,,
1968-01-16,-0.00293831,-0.00618588,,
1968-01-17,-0.00010988,-0.00176354,,
1968-01-18,0.00124937,-0.00094790,,
1968-01-19,-0.00265162,-0.00345979,,
1968-01-22,-0.01300269,-0.01258285,,
1968-01-23,-0.00616346,-0.00390172,,
1968-01-24,-0.00430030,-0.00519864,,
1968-01-25,-0.00154504,0.00125683,,
1968-01-26,0.00491838,0.00179996,,
1968-01-29,-0.00082816,-0.00102157,,
1968-01-30,-0.00520886,-0.00440695,,
1968-01-31,-0.00725090,-0.00692609,,
1968-02-01,0.00250827,0.00338034,,
1968-02-02,-0.00153636,-0.00317123,,
1968-02-05,-0.00385741,-0.00364142,,
1968-02-06,0.00169873,0.00099835,,
1968-02-07,0.00168380,0.00182894,,
1968-02-08,-0.01495158,-0.01230454,,
1968-02-09,-0.01194074,-0.01033724,,
1968-02-13,-0.01142265,-0.00894298,,
1968-02-14,0.00922554,0.01216537,,
1968-02-15,0.00378681,0.00166647,,
1968-02-16,-0.00171507,-0.00358878,,
1968-02-19,0.00316396,0.00369785,,
1968-02-20,0.00634444,0.00617194,,
1968-02-21,0.00428659,0.00474709,,
1968-02-23,-0.00317244,-0.00379550,,
1968-02-26,-0.00685325,-0.00688200,,
1968-02-27,0.00263920,0.00388717,,
1968-02-28,-0.00460282,-0.00504285,,
1968-02-29,-0.00628278,-0.00785661,,
1968-03-01,-0.00468132,-0.00281667,,
1968-03-04,-0.01310033,-0.01307328,,
1968-03-05,-0.00772665,-0.00228882,,
1968-03-06,0.01707118,0.01728437,,
1968-03-07,0.00038769,-0.00191133,,
1968-03-08,-0.00185935,-0.00066029,,
1968-03-11,0.01497105,0.01280345,,
1968-03-12,0.00474118,0.00100851,,
1968-03-13,0.00021857,-0.00254545,,
1968-03-14,-0.02188924,-0.01892069,,
1968-03-15,0.00446572,0.00886915,,
1968-03-18,0.00704986,0.00551630,,
1968-03-19,-0.00453081,-0.00663801,,
1968-03-20,-0.00154644,-0.00008453,,
1968-03-21,-0.00653834,-0.00730886,,
1968-03-22,-0.00078044,0.00102369,,
1968-03-25,-0.00201827,-0.00083984,,
1968-03-26,0.00630138,0.00664690,,
1968-03-27,0.00764241,0.00833100,,
1968-03-28,0.00104316,-0.00111400,,
1968-03-29,0.00545607,0.00683021,,
1968-04-01,0.01708026,0.02563602,,
1968-04-02,0.00283253,0.00187895,,
1968-04-03,0.00708999,0.00898621,,
1968-04-04,0.00705657,0.00400920,,
1968-04-05,-0.00285304,-0.00605301,,
1968-04-08,0.01798779,0.01819218,,
1968-04-10,0.00934586,0.00779157,,
1968-04-11,0.00959705,0.00927324,,
1968-04-15,0.00434325,0.00089472,,
1968-04-16,0.00576749,0.00037948,,
1968-04-17,0.00510282,0.00195622,,
1968-04-18,0.00465682,0.00266007,,
1968-04-19,-0.01240690,-0.01279895,,
1968-04-22,-0.00456181,-0.00533667,,
1968-04-23,0.01137477,0.01217485,,
1968-04-24,0.00434663,0.00147619,,
1968-04-25,0.00350407,0.00313480,,
1968-04-26,0.00328077,0.00324020,,
1968-04-29,0.00311627,0.00267988,,
1968-04-30,0.00226972,0.00144755,,
1968-05-01,0.00446932,0.00381782,,
1968-05-02,0.00500152,0.00638113,,
1968-05-03,0.00023010,0.00121701,,
1968-05-06,0.00094196,-0.00244490,,
1968-05-07,0.00727410,0.00544148,,
1968-05-08,0.00141268,0.00028955,,
1968-05-09,-0.00486111,-0.00505541,,
1968-05-10,0.00560213,0.00129190,,
1968-05-13,0.00112171,-0.00263189,,
1968-05-14,0.00056216,-0.00068922,,
1968-05-15,0.00180172,-0.00062327,,
1968-05-16,-0.00413630,-0.00485122,,
1968-05-17,-0.00328835,-0.00708141,,
1968-05-20,-0.00221448,-0.00438605,,
1968-05-21,0.00529235,0.00520130,,
1968-05-22,0.00439951,0.00240306,,
1968-05-23,-0.00030897,-0.00205969,,
1968-05-24,0.00471344,0.00290342,,
1968-05-27,0.00026596,-0.00124382,,
1968-05-28,0.00395671,0.00662277,,
1968-05-29,0.00305009,0.00315812,,
1968-05-31,0.00697383,0.00808890,,
1968-06-03,0.00899525,0.01364615,,
1968-06-04,0.00615367,0.00419187,,
1968-06-05,-0.00274205,-0.00486157,,
1968-06-06,0.00968293,0.00773608,,
1968-06-07,0.00743562,0.00614382,,
1968-06-10,0.00103824,0.00158182,,
1968-06-11,0.00338251,0.00262875,,
1968-06-13,-0.00363648,-0.00397219,,
1968-06-14,-0.00135405,-0.00126747,,
1968-06-17,-0.00986044,-0.01005547,,
1968-06-18,0.00089382,-0.00120782,,
1968-06-20,0.00402202,0.00502089,,
1968-06-21,0.00246809,0.00119243,,
1968-06-24,0.00039953,-0.00258199,,
1968-06-25,-0.00490114,-0.00314199,,
1968-06-27,-0.00186507,-0.00106631,,
1968-06-28,0.00015842,-0.00402406,,
1968-07-01,-0.00029289,-0.00193380,,
1968-07-02,0.00367118,0.00331909,,
1968-07-03,0.01198091,0.01187567,,
1968-07-08,0.00892309,0.01022559,,
1968-07-09,0.00200121,0.00306498,,
1968-07-11,-0.00027875,0.00163534,,
1968-07-12,0.00069852,-0.00043897,,
1968-07-15,-0.00021036,-0.00060865,,
1968-07-16,-0.00429915,-0.00549541,,
1968-07-18,-0.00465261,-0.00240483,,
1968-07-19,-0.00752450,-0.00978194,,
1968-07-22,-0.01348603,-0.01121328,,
1968-07-23,-0.00295110,-0.00125196,,
1968-07-25,-0.01276199,-0.01240064,,
1968-07-26,0.00151128,0.00378597,,
1968-07-29,-0.00933340,-0.00690125,,
1968-07-30,0.00254217,0.00140607,,
1968-08-01,-0.00629767,-0.00508528,,
1968-08-02,-0.00427540,-0.00577399,,
1968-08-05,0.00501503,0.00285400,,
1968-08-06,0.00572346,0.00435236,,
1968-08-08,-0.00088132,-0.00199420,,
1968-08-09,0.00151814,0.00051746,,
1968-08-12,0.00927724,0.01046111,,
1968-08-13,0.00443454,0.00546237,,
1968-08-15,-0.00089365,-0.00440934,,
1968-08-16,0.00461842,0.00645936,,
1968-08-19,0.00439068,0.00340688,,
1968-08-20,0.00164186,-0.00025590,,
1968-08-22,-0.00315101,-0.00247287,,
1968-08-23,0.00235741,0.00000856,,
1968-08-26,0.00205045,0.00349973,,
1968-08-27,-0.00103317,-0.00124083,,
1968-08-29,-0.00146024,-0.00054235,,
1968-08-30,0.00289303,0.00153896,,
1968-09-03,0.00305518,0.00473186,,
1968-09-04,0.00579589,0.00719123,,
1968-09-05,0.00785573,0.00737027,,
1968-09-06,0.00419419,0.00427304,,
1968-09-09,0.00414984,0.00037571,,
1968-09-10,-0.00419747,-0.00488547,,
1968-09-12,0.00024389,-0.00230121,,
1968-09-13,0.00432765,0.00354073,,
1968-09-16,0.00320073,0.00398561,,
1968-09-17,0.00350763,0.00267645,,
1968-09-19,0.00278097,0.00061862,,
1968-09-20,0.00293342,0.00088780,,
1968-09-23,0.00282010,0.00595054,,
1968-09-24,0.00252299,0.00337599,,
1968-09-26,0.00106582,-0.00236840,,
1968-09-27,0.00441117,-0.00050996,,
1968-09-30,0.00541068,0.00351496,,
1968-10-01,0.00456171,0.00194433,,
1968-10-03,0.00357195,0.00484696,,
1968-10-04,0.00132646,0.00369133,,
1968-10-07,-0.00054073,-0.00015931,,
1968-10-08,-0.00003828,0.00061043,,
1968-10-10,-0.00308811,-0.00420209,,
1968-10-11,0.00228655,-0.00103986,,
1968-10-14,0.00158674,0.00134172,,
1968-10-15,0.00295436,0.00182208,,
1968-10-17,0.00468791,0.00468386,,
1968-10-18,0.00508144,0.00775533,,
1968-10-21,0.00185801,0.00176259,,
1968-10-22,-0.00199287,-0.00390878,,
1968-10-24,-0.00442141,-0.00717198,,
1968-10-25,0.00309493,0.00298910,,
1968-10-28,-0.00291298,-0.00211150,,
1968-10-29,-0.00595531,-0.00531695,,
1968-10-31,0.00143773,0.00118926,,
1968-11-01,-0.00211472,-0.00272215,,
1968-11-04,-0.00082463,0.00088956,,
1968-11-06,0.00185553,0.00189617,,
1968-11-07,0.00164911,0.00366156,,
1968-11-08,0.00676964,0.00468246,,
1968-11-12,0.00844342,0.00662451,,
1968-11-13,0.00657873,0.00488031,,
1968-11-14,0.00306136,0.00060177,,
1968-11-15,0.00535551,0.00544484,,
1968-11-18,0.00152056,0.00132902,,
1968-11-19,0.00298649,0.00215176,,
1968-11-21,0.00023835,-0.00117833,,
1968-11-22,0.00561993,0.00433625,,
1968-11-25,0.00448839,0.00217957,,
1968-11-26,0.00686855,0.00766921,,
1968-11-27,0.00611710,0.00478215,,
1968-11-29,0.00784381,0.00553351,,
1968-12-02,-0.00002950,-0.00216171,,
1968-12-03,-0.00074494,-0.00080271,,
1968-12-05,-0.00142532,-0.00277820,,
1968-12-06,0.00275600,0.00250168,,
1968-12-09,0.00072194,-0.00247296,,
1968-12-10,-0.00112111,-0.00256608,,
1968-12-12,0.00135800,-0.00105035,,
1968-12-13,0.00497707,0.00237315,,
1968-12-16,-0.00270596,-0.00420993,,
1968-12-17,-0.00547462,-0.00408734,,
1968-12-19,0.00044674,0.00332388,,
1968-12-20,-0.00274254,-0.00582189,,
1968-12-23,-0.00937097,-0.01110971,,
1968-12-24,-0.00217551,-0.00146066,,
1968-12-26,0.00106081,0.00112582,,
1968-12-27,-0.00258880,-0.00367763,,
1968-12-30,-0.00973378,-0.00897285,,
1968-12-31,0.00232179,0.00050685,,
1969-01-02,0.00219499,0.00075956,,
1969-01-03,0.00013043,0.00042106,,
1969-01-06,-0.01395410,-0.01460116,,
1969-01-07,-0.01633078,-0.01212203,,
1969-01-08,-0.00649496,-0.00434182,,
1969-01-09,0.00441489,0.00437940,,
1969-01-10,-0.00204921,-0.00281645,,
1969-01-13,-0.00774922,-0.00520583,,
1969-01-14,0.00579648,0.00738569,,
1969-01-15,0.00675122,0.00494945,,
1969-01-16,0.00523219,0.00525767,,
1969-01-17,0.00090670,-0.00138785,,
1969-01-20,-0.00005495,-0.00314839,,
1969-01-21,-0.00011210,-0.00067079,,
1969-01-22,0.00443962,0.00321449,,
1969-01-23,0.00605424,0.00417496,,
1969-01-24,0.00108655,-0.00066312,,
1969-01-27,0.00089257,0.00033960,,
1969-01-28,0.00131956,0.00066361,,
1969-01-29,0.00065105,0.00121049,,
1969-01-30,0.00048599,0.00022564,,
1969-01-31,0.00240038,0.00450182,,
1969-02-03,0.00025752,-0.00051700,,
1969-02-04,0.00067866,0.00091693,,
1969-02-05,0.00019925,0.00264254,,
1969-02-06,0.00182898,0.00429245,,
1969-02-07,0.00059318,0.00039069,,
1969-02-11,0.00035788,0.00139774,,
1969-02-12,-0.00178051,-0.00012889,,
1969-02-13,-0.00124647,0.00127134,,
1969-02-14,-0.00080737,-0.00073981,,
1969-02-17,-0.01159292,-0.01156946,,
1969-02-18,-0.01300199,-0.01012607,,
1969-02-19,-0.00655544,-0.00733214,,
1969-02-20,-0.00949908,-0.00829613,,
1969-02-24,-0.01300120,-0.01094279,,
1969-02-25,-0.00946069,-0.00596955,,
1969-02-26,0.00237453,0.00489174,,
1969-02-27,-0.00523019,-0.00337238,,
1969-02-28,-0.00030703,0.00014677,,
1969-03-03,0.00042077,0.00282399,,
1969-03-04,0.00991099,0.00990170,,
1969-03-05,0.00293779,0.00396736,,
1969-03-06,-0.01101840,-0.01035092,,
1969-03-07,-0.00347649,-0.00022681,,
1969-03-10,0.00284785,0.00342532,,
1969-03-11,0.00458358,0.00363913,,
1969-03-12,-0.00345105,-0.00263130,,
1969-03-13,-0.00790419,-0.00671246,,
1969-03-14,-0.00488179,-0.00426931,,
1969-03-17,0.00013948,0.00273853,,
1969-03-18,0.00426801,0.00243897,,
1969-03-19,0.00656306,0.00722634,,
1969-03-20,0.00565781,0.00636387,,
1969-03-21,-0.00035078,-0.00208262,,
1969-03-24,-0.00102052,-0.00104318,,
1969-03-25,0.00068851,0.00176398,,
1969-03-26,0.00479204,0.00712427,,
1969-03-27,0.00606718,0.00704050,,
1969-03-28,0.00509306,0.00395214,,
1969-04-01,0.00030296,-0.00097237,,
1969-04-02,-0.00746590,-0.00629490,,
1969-04-03,-0.00111818,-0.00086714,,
1969-04-07,-0.00902794,-0.00788497,,
1969-04-08,0.00280038,0.00253389,,
1969-04-09,0.00731279,0.00879771,,
1969-04-10,0.00453876,0.00514704,,
1969-04-11,0.00162630,0.00097117,,
1969-04-14,-0.00040757,-0.00065450,,
1969-04-15,-0.00243011,-0.00032953,,
1969-04-16,-0.00712723,-0.00903652,,
1969-04-17,0.00217926,0.00107415,,
1969-04-18,0.00200365,0.00454108,,
1969-04-21,-0.00813774,-0.00657021,,
1969-04-22,-0.00038301,0.00237034,,
1969-04-23,0.00226715,0.00022702,,
1969-04-24,0.00284917,0.00495621,,
1969-04-25,0.00481473,0.00438683,,
1969-04-28,0.00129785,0.00356347,,
1969-04-29,0.00692442,0.00771422,,
1969-04-30,0.00955053,0.00912216,,
1969-05-01,0.00127570,-0.00163143,,
1969-05-02,0.00465238,0.00571765,,
1969-05-05,0.00491931,0.00443943,,
1969-05-06,0.00292135,0.00488755,,
1969-05-07,-0.00265693,-0.00157282,,
1969-05-08,0.00261720,0.00374106,,
1969-05-09,-0.00081708,0.00108805,,
1969-05-12,-0.00377499,-0.00123720,,
1969-05-13,0.00275858,0.00445084,,
1969-05-14,0.00543992,0.00810255,,
1969-05-15,-0.00212251,-0.00296855,,
1969-05-16,0.00167174,0.00125319,,
1969-05-19,-0.00607962,-0.00909797,,
1969-05-20,-0.00761293,-0.00876681,,
1969-05-21,0.00318414,0.00445465,,
1969-05-22,0.00158087,0.00197592,,
1969-05-23,0.00024145,0.00067878,,
1969-05-26,-0.00182079,-0.00207877,,
1969-05-27,-0.00712640,-0.00764096,,
1969-05-28,-0.00536223,-0.00296432,,
1969-05-29,0.00093510,0.00186913,,
1969-06-02,-0.00540262,-0.00481528,,
1969-06-03,-0.00388463,-0.00284839,,
1969-06-04,-0.00049431,-0.00014789,,
1969-06-05,0.00054935,0.00169186,,
1969-06-06,-0.00499139,-0.00624943,,
1969-06-09,-0.00983065,-0.00873490,,
1969-06-10,-0.00703941,-0.00803179,,
1969-06-11,-0.01013601,-0.00842605,,
1969-06-12,-0.01452871,-0.01256115,,
1969-06-13,0.00151780,0.00394929,,
1969-06-16,-0.00534109,-0.00314334,,
1969-06-17,-0.00717660,-0.00361663,,
1969-06-18,-0.00074318,-0.00161896,,
1969-06-19,-0.00879480,-0.00584088,,
1969-06-20,-0.00738345,-0.00589587,,
1969-06-23,-0.01093707,-0.00475782,,
1969-06-24,0.00961049,0.01158047,,
1969-06-25,-0.00319216,-0.00316844,,
1969-06-26,-0.00246400,0.00235630,,
1969-06-27,0.00092524,0.00070975,,
1969-06-30,0.00410451,0.00408509,,
1969-07-01,0.00548741,0.00385950,,
1969-07-02,0.00736759,0.00888399,,
1969-07-03,0.00781661,0.00674292,,
1969-07-07,-0.00529393,-0.00567642,,
1969-07-08,-0.01131549,-0.01415198,,
1969-07-09,-0.00819476,-0.00743965,,
1969-07-10,-0.01442509,-0.01549252,,
1969-07-11,-0.00008919,0.00424926,,
1969-07-14,-0.01076860,-0.01269923,,
1969-07-15,-0.00584676,-0.00317508,,
1969-07-16,0.00853738,0.00991246,,
1969-07-17,0.00434079,0.00620189,,
1969-07-18,-0.00694742,-0.00817863,,
1969-07-22,-0.01311642,-0.01505394,,
1969-07-23,-0.00708547,-0.00416021,,
1969-07-24,-0.00326675,-0.00361526,,
1969-07-25,-0.00962697,-0.00890030,,
1969-07-28,-0.02460196,-0.01884470,,
1969-07-29,-0.00793981,-0.00775642,,
1969-07-30,0.00474002,0.00513988,,
1969-07-31,0.01952160,0.02115633,,
1969-08-01,0.02000625,0.01812905,,
1969-08-04,-0.00278657,-0.00435710,,
1969-08-05,0.00095635,0.00466323,,
1969-08-06,0.00588883,0.00579252,,
1969-08-07,0.00154980,0.00091453,,
1969-08-08,-0.00034895,-0.00001229,,
1969-08-11,-0.00421932,-0.00575784,,
1969-08-12,-0.00902593,-0.00772058,,
1969-08-13,-0.00202856,0.00081054,,
1969-08-14,0.00680389,0.00696208,,
1969-08-15,0.00656970,0.00748707,,
1969-08-18,0.00713447,0.00639932,,
1969-08-19,0.00728779,0.00553435,,
1969-08-20,-0.00069107,0.00029069,,
1969-08-21,0.00262244,0.00285391,,
1969-08-22,0.00449895,0.00658491,,
1969-08-25,-0.00596797,-0.00929851,,
1969-08-26,-0.00685696,-0.00689632,,
1969-08-27,0.00199836,0.00180582,,
1969-08-28,0.00288435,0.00426425,,
1969-08-29,0.00737673,0.00675822,,
1969-09-02,0.00105469,0.00036772,,
1969-09-03,-0.00491596,-0.00586656,,
1969-09-04,-0.00851986,-0.00820780,,
1969-09-05,-0.00580609,-0.00597996,,
1969-09-08,-0.01107806,-0.00986621,,
1969-09-09,0.00284288,0.00781294,,
1969-09-10,0.01398730,0.01691761,,
1969-09-11,-0.00313649,-0.00796997,,
1969-09-12,0.00014988,0.00145141,,
1969-09-15,0.00617416,0.00578764,,
1969-09-16,0.00218262,0.00092696,,
1969-09-17,-0.00211353,-0.00321954,,
1969-09-18,0.00229897,0.00287331,,
1969-09-19,0.00358791,0.00328629,,
1969-09-22,0.00349514,0.00452667,,
1969-09-23,0.00279686,-0.00005413,,
1969-09-24,-0.00268592,-0.00135630,,
1969-09-25,-0.00349682,-0.00766528,,
1969-09-26,-0.00390493,-0.00662575,,
1969-09-29,-0.00767190,-0.00774258,,
1969-09-30,-0.00328177,-0.00304950,,
1969-10-01,-0.00448457,-0.00619594,,
1969-10-02,0.00675745,0.00815985,,
1969-10-03,-0.00061647,-0.00035780,,
1969-10-06,0.00147478,0.00185825,,
1969-10-07,-0.00240085,-0.00268099,,
1969-10-08,-0.00540124,-0.00482302,,
1969-10-09,0.00151919,0.00381299,,
1969-10-10,0.00669084,0.00591823,,
1969-10-13,0.01294700,0.01064880,,
1969-10-14,0.01508039,0.01221498,,
1969-10-15,0.00336024,0.00018223,,
1969-10-16,0.00924674,0.00654724,,
1969-10-17,0.00167824,-0.00143159,,
1969-10-20,0.00305113,0.00240183,,
1969-10-21,0.00865746,0.00795161,,
1969-10-22,0.00793236,0.00686343,,
1969-10-23,-0.00325552,-0.00349487,,
1969-10-24,0.00536564,0.00673227,,
1969-10-27,-0.00034929,-0.00215159,,
1969-10-28,-0.00214385,-0.00258501,,
1969-10-29,-0.00670115,-0.00834684,,
1969-10-30,0.00066629,0.00134692,,
1969-10-31,0.00415023,0.00377524,,
1969-11-03,-0.00052960,-0.00023707,,
1969-11-04,0.00222895,0.00051929,,
1969-11-05,0.00386331,0.00495821,,
1969-11-06,0.00072168,0.00161623,,
1969-11-07,0.00340608,0.00642269,,
1969-11-10,0.00068772,0.00098082,,
1969-11-11,-0.00329761,-0.00259284,,
1969-11-12,-0.00179580,-0.00187095,,
1969-11-13,-0.00582448,-0.00458769,,
1969-11-14,-0.00455942,-0.00348330,,
1969-11-17,-0.00700592,-0.00682109,,
1969-11-18,-0.00209197,-0.00015778,,
1969-11-19,-0.00559927,-0.00491915,,
1969-11-20,-0.01114970,-0.00969318,,
1969-11-21,-0.00659542,-0.00631789,,
1969-11-24,-0.01179764,-0.01010568,,
1969-11-25,-0.00176565,-0.00300943,,
1969-11-26,0.00145294,0.00352542,,
1969-11-28,0.00573265,0.00594517,,
1969-12-01,-0.00702573,-0.00600436,,
1969-12-02,-0.00726110,-0.00609145,,
1969-12-03,-0.01326887,-0.01074935,,
1969-12-04,0.00177131,0.00358711,,
1969-12-05,-0.00429410,-0.00230318,,
1969-12-08,-0.01318481,-0.01158965,,
1969-12-09,-0.00318772,-0.00091840,,
1969-12-10,-0.00358832,-0.00073994,,
1969-12-11,-0.00046909,0.00091004,,
1969-12-12,0.00109831,0.00328582,,
1969-12-15,-0.00388099,-0.00285330,,
1969-12-16,-0.01118067,-0.00926521,,
1969-12-17,-0.00548903,-0.00566803,,
1969-12-18,0.01273918,0.01600280,,
1969-12-19,0.00919401,0.00855779,,
1969-12-22,-0.00936839,-0.00869992,,
1969-12-23,-0.00640279,-0.00399012,,
1969-12-24,0.01386943,0.01069883,,
1969-12-26,0.00808596,0.00781324,,
1969-12-29,-0.00710820,-0.00694940,,
1969-12-30,0.00175616,0.00386010,,
1969-12-31,0.00773241,0.00494049,,
1970-01-02,0.01974636,0.01034443,,
1970-01-05,0.01092513,0.00511949,,
1970-01-06,-0.00755799,-0.00714702,,
1970-01-07,-0.00143038,-0.00191706,,
1970-01-08,-0.00015006,0.00039653,,
1970-01-09,-0.00225743,-0.00307166,,
1970-01-12,-0.00775745,-0.00745689,,
1970-01-13,-0.00202939,0.00094272,,
1970-01-14,-0.00367288,-0.00123270,,
1970-01-15,-0.00259347,0.00053828,,
1970-01-16,-0.00585945,-0.00806408,,
1970-01-19,-0.00791944,-0.01403054,,
1970-01-20,0.00135102,0.00188147,,
1970-01-21,0.00192016,0.00098695,,
1970-01-22,0.00324750,0.00049931,,
1970-01-23,-0.01096829,-0.00964555,,
1970-01-26,-0.01103045,-0.00997770,,
1970-01-27,-0.00669112,-0.00619791,,
1970-01-28,-0.00694073,-0.00981599,,
1970-01-29,-0.01268517,-0.01221793,,
1970-01-30,-0.00749251,-0.00782768,,
1970-02-02,0.00611812,0.00944857,,
1970-02-03,0.01276288,0.01230972,,
1970-02-04,-0.00565829,-0.00545885,,
1970-02-05,-0.00513124,-0.00341171,,
1970-02-06,0.00460836,0.00588160,,
1970-02-09,0.00715459,0.00822296,,
1970-02-10,-0.00758103,-0.01033755,,
1970-02-11,0.00753300,0.00977777,,
1970-02-12,0.00115517,-0.00221068,,
1970-02-13,-0.00114571,-0.00189963,,
1970-02-16,0.00231852,-0.00033825,,
1970-02-17,-0.00093032,-0.00120765,,
1970-02-18,0.01096690,0.01237815,,
1970-02-19,0.00337561,0.00375443,,
1970-02-20,0.00329063,0.00412486,,
1970-02-24,0.00387525,-0.00003049,,
1970-02-25,0.01587960,0.01567579,,
1970-02-26,-0.00196360,-0.00483264,,
1970-02-27,0.01038181,0.00693416,,
1970-03-02,0.00647592,0.00244807,,
1970-03-03,0.00603192,0.00629566,,
1970-03-04,-0.00055523,-0.00215162,,
1970-03-05,0.00269553,-0.00059810,,
1970-03-06,-0.00568416,-0.00612905,,
1970-03-09,-0.00807488,-0.01019751,,
1970-03-10,-0.00102182,0.00275783,,
1970-03-11,-0.00047970,-0.00066859,,
1970-03-12,-0.00547222,-0.00390633,,
1970-03-13,-0.00517715,-0.00542983,,
1970-03-16,-0.01057661,-0.01080774,,
1970-03-17,0.00292598,0.00440847,,
1970-03-18,0.00351645,0.00294167,,
1970-03-19,-0.00264755,-0.00144124,,
1970-03-20,-0.00469699,-0.00399295,,
1970-03-23,-0.00234047,-0.00081712,,
1970-03-24,0.00688703,0.01156453,,
1970-03-25,0.02134441,0.02067189,,
1970-03-26,0.00179261,0.00121629,,
1970-03-30,-0.00261906,-0.00312919,,
1970-03-31,0.00050764,0.00013911,,
1970-04-01,0.00510308,0.00480554,,
1970-04-02,-0.00113475,-0.00327660,,
1970-04-03,-0.00238959,-0.00458129,,
1970-04-06,-0.00645982,-0.00680427,,
1970-04-07,-0.00165495,-0.00264218,,
1970-04-08,-0.00279483,-0.00042042,,
1970-04-09,-0.00143552,0.00065827,,
1970-04-10,-0.00571794,-0.00323764,,
1970-04-13,-0.00947342,-0.00677381,,
1970-04-14,-0.00863800,-0.00745460,,
1970-04-15,-0.00104039,-0.00190673,,
1970-04-16,-0.01068142,-0.00998877,,
1970-04-17,-0.00463876,-0.00247557,,
1970-04-20,0.00023960,0.00207114,,
1970-04-21,-0.00487206,-0.00506354,,
1970-04-22,-0.01389545,-0.01293369,,
1970-04-23,-0.01731137,-0.01446555,,
1970-04-24,-0.00696459,-0.00314882,,
1970-04-27,-0.01964280,-0.01594905,,
1970-04-28,-0.01340154,-0.01429362,,
1970-04-29,0.01406580,0.01949931,,
1970-04-30,-0.00209125,-0.00349743,,
1970-05-01,-0.00190334,-0.00055966,,
1970-05-04,-0.02268786,-0.02460312,,
1970-05-05,-0.01195346,-0.00923971,,
1970-05-06,0.01026835,0.01162639,,
1970-05-07,0.00687703,0.00557533,,
1970-05-08,-0.00440532,-0.00444058,,
1970-05-11,-0.01205100,-0.01053447,,
1970-05-12,-0.00826830,-0.00951734,,
1970-05-13,-0.01875608,-0.01700165,,
1970-05-14,-0.01821535,-0.01391752,,
1970-05-15,0.01609428,0.01961615,,
1970-05-18,0.00253935,0.00120719,,
1970-05-19,-0.01811795,-0.01952292,,
1970-05-20,-0.02619636,-0.02549102,,
1970-05-21,-0.02001877,-0.01773954,,
1970-05-22,-0.00353258,0.00109467,,
1970-05-25,-0.03374456,-0.02745384,,
1970-05-26,-0.01519555,-0.01295143,,
1970-05-27,0.05164274,0.05062576,,
1970-05-28,0.02589281,0.02512119,,
1970-05-29,0.02127712,0.02591498,,
1970-06-01,0.01886871,0.01697365,,
1970-06-02,0.00347460,0.00050638,,
1970-06-03,0.01326699,0.00848850,,
1970-06-04,-0.01219785,-0.01448015,,
1970-06-05,-0.01736592,-0.01508945,,
1970-06-08,0.00108710,0.00148664,,
1970-06-09,-0.00130680,-0.00021412,,
1970-06-10,-0.00828795,-0.01002915,,
1970-06-11,-0.01398311,-0.01358409,,
1970-06-12,-0.00703875,-0.00303490,,
1970-06-15,0.00272290,0.00207044,,
1970-06-16,0.01712377,0.02409530,,
1970-06-17,-0.00098766,-0.00224512,,
1970-06-18,0.00373257,0.00659326,,
1970-06-19,0.00855360,0.00699790,,
1970-06-22,-0.00668298,-0.00534729,,
1970-06-23,-0.02219953,-0.02510911,,
1970-06-24,-0.01406534,-0.01052653,,
1970-06-25,-0.00174725,0.00079612,,
1970-06-26,-0.00652354,-0.00725773,,
1970-06-29,-0.01175082,-0.00796213,,
1970-06-30,-0.00318338,-0.00244163,,
1970-07-01,-0.00155820,0.00465727,,
1970-07-02,-0.00162563,-0.00186848,,
1970-07-06,-0.01296598,-0.01545195,,
1970-07-07,-0.00811934,-0.00758880,,
1970-07-08,0.01867618,0.02520142,,
1970-07-09,0.01736114,0.01501954,,
1970-07-10,0.00585959,0.00727819,,
1970-07-13,0.00326571,-0.00131958,,
1970-07-14,-0.00254757,-0.00066723,,
1970-07-15,0.00986573,0.01081392,,
1970-07-16,0.01408563,0.01436601,,
1970-07-17,0.01981945,0.01754522,,
1970-07-20,0.00291011,0.00050243,,
1970-07-21,-0.00890672,-0.00955088,,
1970-07-22,0.00332235,0.00024767,,
1970-07-23,0.01090893,0.01267932,,
1970-07-24,0.00138331,-0.00243007,,
1970-07-27,-0.00140410,-0.00178484,,
1970-07-28,0.00225256,0.00203520,,
1970-07-29,0.00707899,0.00342777,,
1970-07-30,0.00168277,0.00083502,,
1970-07-31,-0.00034052,0.00006511,,
1970-08-03,-0.00933505,-0.01266404,,
1970-08-04,0.00034443,0.00290925,,
1970-08-05,-0.00185149,-0.00039857,,
1970-08-06,-0.00330763,-0.00105247,,
1970-08-07,0.00351887,0.00330167,,
1970-08-10,-0.01169911,-0.01409937,,
1970-08-11,-0.00673734,-0.00480319,,
1970-08-12,-0.00236896,-0.00528871,,
1970-08-13,-0.00526248,-0.00886324,,
1970-08-14,0.00250657,0.00563875,,
1970-08-17,-0.00038614,0.00236384,,
1970-08-18,0.00974389,0.01155428,,
1970-08-19,0.00605312,0.01003892,,
1970-08-20,0.00446928,0.00875958,,
1970-08-21,0.02118515,0.02089253,,
1970-08-24,0.02374262,0.02250675,,
1970-08-25,0.00769759,0.00284487,,
1970-08-26,0.00705240,0.00193386,,
1970-08-27,0.00193863,-0.00195148,,
1970-08-28,0.01324144,0.00992084,,
1970-08-31,0.00153996,-0.00394862,,
1970-09-01,-0.00529500,-0.00660061,,
1970-09-02,0.00008958,-0.00025966,,
1970-09-03,0.01379854,0.01448949,,
1970-09-04,0.01390577,0.00888217,,
1970-09-08,0.00541114,0.00293474,,
1970-09-09,-0.00036260,-0.00295009,,
1970-09-10,-0.00502180,-0.00609046,,
1970-09-11,0.00646243,0.00288507,,
1970-09-14,-0.00218438,-0.00516827,,
1970-09-15,-0.00959789,-0.00861037,,
1970-09-16,0.00619436,0.00479775,,
1970-09-17,0.00897561,0.00637095,,
1970-09-18,0.00636247,0.00431272,,
1970-09-21,-0.00684930,-0.00820538,,
1970-09-22,-0.00300457,-0.00321305,,
1970-09-23,0.01010538,0.01399113,,
1970-09-24,0.01482445,0.01284908,,
1970-09-25,0.00052267,0.00125314,,
1970-09-28,-0.00067859,-0.00130977,,
1970-09-29,0.00897945,0.00506409,,
1970-09-30,0.00066802,-0.00088406,,
1970-10-01,-0.00037484,0.00119134,,
1970-10-02,0.01075969,0.00984409,,
1970-10-05,0.01427750,0.01550433,,
1970-10-06,0.00247645,0.00473760,,
1970-10-07,0.00029234,0.00048295,,
1970-10-08,-0.01055053,-0.01076149,,
1970-10-09,-0.00798725,-0.00999185,,
1970-10-12,-0.00934361,-0.01076640,,
1970-10-13,-0.00362827,-0.00182635,,
1970-10-14,0.00002117,0.00169456,,
1970-10-15,0.00418077,0.00543738,,
1970-10-16,-0.00707632,-0.00434102,,
1970-10-19,-0.01189857,-0.01341203,,
1970-10-20,0.00164021,0.00588587,,
1970-10-21,0.00070789,0.00020159,,
1970-10-22,-0.00522566,-0.00337282,,
1970-10-23,0.00286213,0.00501225,,
1970-10-26,-0.00457327,-0.00529369,,
1970-10-27,-0.00468531,-0.00189981,,
1970-10-28,0.00113297,0.00404659,,
1970-10-29,-0.00307323,-0.00097125,,
1970-10-30,-0.00199122,-0.00004829,,
1970-11-02,0.00081164,0.00347689,,
1970-11-03,0.00982931,0.00844963,,
1970-11-04,0.00239182,0.00299013,,
1970-11-05,-0.00059997,-0.00167286,,
1970-11-06,0.00153657,0.00187111,,
1970-11-09,0.00447423,0.00532025,,
1970-11-10,0.00293461,0.00148200,,
1970-11-11,0.00652475,0.00319195,,
1970-11-12,-0.01080741,-0.01007017,,
1970-11-13,-0.01079395,-0.00922128,,
1970-11-16,-0.00480366,-0.00115994,,
1970-11-17,0.00088823,0.00104668,,
1970-11-18,-0.00882622,-0.00649399,,
1970-11-19,-0.00123364,0.00134086,,
1970-11-20,0.00774155,0.01049050,,
1970-11-23,0.00605471,0.00741386,,
1970-11-24,0.00621285,0.00672711,,
1970-11-25,0.00555633,0.00391117,,
1970-11-27,0.00875262,0.01020148,,
1970-11-30,0.02135057,0.01509206,,
1970-12-01,0.00633810,0.00316575,,
1970-12-02,0.01168335,0.01195046,,
1970-12-03,0.00781413,0.00501870,,
1970-12-04,0.00742654,0.00643866,,
1970-12-07,0.00816470,0.00552783,,
1970-12-08,-0.00292457,-0.00487718,,
1970-12-09,-0.00010997,0.00102183,,
1970-12-10,0.00542221,0.00398299,,
1970-12-11,0.00570693,0.00398304,,
1970-12-14,-0.00630270,-0.00497148,,
1970-12-15,-0.00239806,-0.00140816,,
1970-12-16,0.00124169,0.00104110,,
1970-12-17,0.00367991,0.00352973,,
1970-12-18,0.00321752,0.00200351,,
1970-12-21,-0.00205095,-0.00312090,,
1970-12-22,0.00177746,0.00121266,,
1970-12-23,0.00292696,0.00047339,,
1970-12-24,0.00905181,0.00585097,,
1970-12-28,0.00607301,0.00529873,,
1970-12-29,0.01313768,0.01100015,,
1970-12-30,0.00309805,0.00200055,,
1970-12-31,0.00033622,-0.00137108,,
1971-01-04,-0.00778744,-0.01092033,,
1971-01-05,0.01084198,0.00714992,,
1971-01-06,0.01231368,0.00635743,,
1971-01-07,0.00178675,0.00039747,,
1971-01-08,-0.00122971,-0.00185689,,
1971-01-11,0.00211103,-0.00167779,,
1971-01-12,0.01665575,0.00849287,,
1971-01-13,0.00152340,-0.00155357,,
1971-01-14,0.00258741,0.00241479,,
1971-01-15,0.00633737,0.00285459,,
1971-01-18,0.00410230,0.00410238,,
1971-01-19,0.00194540,0.00365781,,
1971-01-20,0.00142387,-0.00002511,,
1971-01-21,0.00616624,0.00456509,,
1971-01-22,0.00506341,0.00759471,,
1971-01-25,0.00487540,0.00440491,,
1971-01-26,0.00313242,0.00344642,,
1971-01-27,-0.00501763,-0.00730112,,
1971-01-28,0.00668736,0.00349582,,
1971-01-29,0.00633490,0.00723001,,
1971-02-01,0.00892750,0.00642634,,
1971-02-02,0.00265270,0.00027621,,
1971-02-03,0.00459830,0.00197920,,
1971-02-04,0.00006460,0.00061240,,
1971-02-05,0.00401384,0.00412328,,
1971-02-08,0.00844004,0.00551494,,
1971-02-09,0.00022996,0.00050883,,
1971-02-10,-0.00280542,-0.00094057,,
1971-02-11,0.00866196,0.00566224,,
1971-02-12,0.00789711,0.00525477,,
1971-02-16,0.00260684,0.00227806,,
1971-02-17,-0.00329496,-0.00479673,,
1971-02-18,-0.00608663,-0.00657567,,
1971-02-19,-0.01226423,-0.00839300,,
1971-02-22,-0.01407237,-0.00979288,,
1971-02-23,0.00585170,0.00436771,,
1971-02-24,0.00747484,0.00662267,,
1971-02-25,0.00184047,0.00200031,,
1971-02-26,-0.00375204,-0.00183489,,
1971-03-01,0.00224660,0.00270004,,
1971-03-02,0.00171184,-0.00001523,,
1971-03-03,0.00075751,-0.00002844,,
1971-03-04,0.00935232,0.01027253,,
1971-03-05,0.01121879,0.01070746,,
1971-03-08,0.00512225,0.00435193,,
1971-03-09,0.00333963,0.00097698,,
1971-03-10,-0.00065865,-0.00132230,,
1971-03-11,-0.00014889,0.00124648,,
1971-03-12,0.00068720,0.00187885,,
1971-03-15,0.01039096,0.01163395,,
1971-03-16,0.00439430,0.00494607,,
1971-03-17,-0.00106753,-0.00072152,,
1971-03-18,0.00308273,0.00057304,,
1971-03-19,-0.00260884,-0.00180427,,
1971-03-22,-0.00530046,-0.00372858,,
1971-03-23,-0.00279344,-0.00346523,,
1971-03-24,-0.00614200,-0.00649660,,
1971-03-25,-0.00120245,-0.00012920,,
1971-03-26,0.00507800,0.00356176,,
1971-03-29,-0.00013897,0.00094042,,
1971-03-30,0.00079687,0.00213438,,
1971-03-31,0.00149253,0.00052000,,
1971-04-01,0.00060124,0.00067972,,
1971-04-02,0.00279667,0.00162524,,
1971-04-05,0.00012875,0.00223962,,
1971-04-06,0.00338769,0.00730718,,
1971-04-07,0.00558262,0.00445115,,
1971-04-08,0.00275894,0.00132047,,
1971-04-12,0.00594115,0.00741288,,
1971-04-13,0.00190238,0.00091770,,
1971-04-14,0.00513224,0.00379489,,
1971-04-15,0.00184381,0.00171180,,
1971-04-16,0.00113218,-0.00026081,,
1971-04-19,0.00361125,0.00509033,,
1971-04-20,-0.00504784,-0.00402425,,
1971-04-21,-0.00130354,-0.00240499,,
1971-04-22,0.00397806,0.00227305,,
1971-04-23,0.00586800,0.00482361,,
1971-04-26,0.00396289,-0.00106108,,
1971-04-27,0.00535223,0.00481475,,
1971-04-28,0.00292945,0.00357900,,
1971-04-29,-0.00395455,-0.00132435,,
1971-04-30,-0.00588355,-0.00659174,,
1971-05-03,-0.00465940,-0.00570189,,
1971-05-04,0.00680135,0.00557211,,
1971-05-05,-0.00049801,0.00001535,,
1971-05-06,-0.00632333,-0.00518787,,
1971-05-07,-0.00549203,-0.00281908,,
1971-05-10,-0.00522884,-0.00474798,,
1971-05-11,0.00398118,0.00263751,,
1971-05-12,0.00140525,0.00287403,,
1971-05-13,-0.00200303,-0.00204308,,
1971-05-14,-0.00323082,-0.00473115,,
1971-05-17,-0.01761632,-0.01471850,,
1971-05-18,0.00035817,0.00140358,,
1971-05-19,0.00230599,0.00274810,,
1971-05-20,0.00288863,0.00246761,,
1971-05-21,-0.00336735,-0.00321940,,
1971-05-24,-0.00818479,-0.00846235,,
1971-05-25,-0.00685173,-0.00635074,,
1971-05-26,0.00095109,0.00137203,,
1971-05-27,0.00027268,-0.00121380,,
1971-05-28,0.00301830,0.00231044,,
1971-06-01,0.00550003,0.00597736,,
1971-06-02,0.00955700,0.00769424,,
1971-06-03,0.00496132,0.00088848,,
1971-06-04,0.00125952,0.00295583,,
1971-06-07,-0.00158358,-0.00180767,,
1971-06-08,-0.00755874,-0.00808932,,
1971-06-09,-0.00307227,-0.00014174,,
1971-06-10,0.00066671,0.00333662,,
1971-06-11,0.00142412,0.00437265,,
1971-06-14,-0.00886263,-0.00838189,,
1971-06-15,-0.00248776,0.00114154,,
1971-06-16,-0.00008288,0.00207995,,
1971-06-17,0.00074550,-0.00004238,,
1971-06-18,-0.01482425,-0.01493795,,
1971-06-21,-0.01259480,-0.01090622,,
1971-06-22,-0.00244634,-0.00277774,,
1971-06-23,0.00921261,0.00849801,,
1971-06-24,-0.00011275,-0.00218708,,
1971-06-25,-0.00094575,-0.00194817,,
1971-06-28,-0.00282768,-0.00244660,,
1971-06-29,0.01078185,0.01093217,,
1971-06-30,0.00836453,0.00912334,,
1971-07-01,0.00218980,0.00080307,,
1971-07-02,0.00145818,0.00007073,,
1971-07-06,0.00089465,-0.00009417,,
1971-07-07,0.00460404,0.00285116,,
1971-07-08,0.00231079,0.00302649,,
1971-07-09,0.00219119,0.00336249,,
1971-07-12,-0.00015539,0.00134169,,
1971-07-13,-0.01028343,-0.01317377,,
1971-07-14,-0.00213338,-0.00275621,,
1971-07-15,0.00214278,0.00036470,,
1971-07-16,0.00040474,-0.00179522,,
1971-07-19,-0.00255521,-0.00163929,,
1971-07-20,0.00332694,0.00409702,,
1971-07-21,-0.00064316,-0.00024128,,
1971-07-22,-0.00258245,-0.00176827,,
1971-07-23,-0.00254764,-0.00151249,,
1971-07-26,-0.00479190,-0.00275044,,
1971-07-27,-0.01012872,-0.00904495,,
1971-07-28,-0.01072266,-0.00743848,,
1971-07-29,-0.01305361,-0.01076393,,
1971-07-30,-0.00350439,-0.00460135,,
1971-08-02,0.00721531,0.00484543,,
1971-08-03,-0.01734149,-0.01481818,,
1971-08-04,-0.00693296,-0.00643353,,
1971-08-05,0.00275204,0.00283177,,
1971-08-06,0.00194000,0.00273406,,
1971-08-09,-0.00781931,-0.00736975,,
1971-08-10,-0.00170504,0.00017389,,
1971-08-11,0.01019160,0.01211385,,
1971-08-12,0.01294887,0.01438632,,
1971-08-13,-0.00096861,-0.00306580,,
1971-08-16,0.04734456,0.03486648,,
1971-08-17,0.01068942,0.01273265,,
1971-08-18,-0.01175200,-0.01388255,,
1971-08-19,-0.00464226,-0.00430140,,
1971-08-20,0.00108822,0.00194409,,
1971-08-23,0.00763182,0.01044314,,
1971-08-24,0.01021902,0.01038323,,
1971-08-25,0.00399038,0.00080243,,
1971-08-26,-0.00125318,-0.00136534,,
1971-08-27,0.00251209,0.00250093,,
1971-08-30,-0.00641139,-0.00949984,,
1971-08-31,-0.00554943,-0.00493678,,
1971-09-01,0.00169156,0.00044417,,
1971-09-02,0.00234046,0.00219200,,
1971-09-03,0.01383648,0.01469114,,
1971-09-07,0.00723856,0.00451331,,
1971-09-08,-0.00006216,0.00212000,,
1971-09-09,-0.00433855,-0.00522139,,
1971-09-10,-0.00370258,-0.00367659,,
1971-09-13,-0.00327630,-0.00325965,,
1971-09-14,-0.00690794,-0.00727918,,
1971-09-15,0.00126092,0.00448187,,
1971-09-16,-0.00190516,-0.00129993,,
1971-09-17,0.00266618,0.00323646,,
1971-09-20,-0.00413503,-0.00282456,,
1971-09-21,-0.00328723,-0.00302847,,
1971-09-22,-0.00865765,-0.00883422,,
1971-09-23,-0.00352358,-0.00085033,,
1971-09-24,-0.00088801,-0.00221165,,
1971-09-27,-0.00679261,-0.00527138,,
1971-09-28,0.00060734,0.00261037,,
1971-09-29,-0.00020742,0.00003846,,
1971-09-30,0.00388813,0.00474059,,
1971-10-01,0.00430947,0.00596440,,
1971-10-04,0.00223850,0.00289066,,
1971-10-05,-0.00239024,-0.00085451,,
1971-10-06,0.00905426,0.00722207,,
1971-10-07,0.00321287,0.00203970,,
1971-10-08,-0.00478433,-0.00643294,,
1971-10-11,-0.00202463,-0.00205265,,
1971-10-12,0.00319586,0.00396503,,
1971-10-13,-0.00452363,-0.00546593,,
1971-10-14,-0.00959437,-0.00886740,,
1971-10-15,-0.00393559,-0.00363796,,
1971-10-18,-0.00569113,-0.00441021,,
1971-10-19,-0.00604550,-0.00345300,,
1971-10-20,-0.01329724,-0.01389205,,
1971-10-21,-0.00169229,-0.00054744,,
1971-10-22,-0.00097908,-0.00080274,,
1971-10-25,-0.00602338,-0.00426891,,
1971-10-26,-0.00656474,-0.00369869,,
1971-10-27,-0.01375395,-0.01001745,,
1971-10-28,0.00026042,0.00182917,,
1971-10-29,0.00324888,0.00377085,,
1971-11-01,-0.01573857,-0.01465751,,
1971-11-02,0.00220500,0.00402947,,
1971-11-03,0.01536233,0.01859015,,
1971-11-04,0.00113534,-0.00014533,,
1971-11-05,-0.00439100,-0.00214151,,
1971-11-08,-0.00210427,-0.00054341,,
1971-11-09,-0.00000490,0.00076338,,
1971-11-10,-0.01232860,-0.01106381,,
1971-11-11,-0.01255995,-0.01382897,,
1971-11-12,-0.00076829,-0.00008342,,
1971-11-15,-0.00358893,-0.00313486,,
1971-11-16,0.00535110,0.01011125,,
1971-11-17,-0.00163817,0.00194945,,
1971-11-18,-0.00505708,-0.00746786,,
1971-11-19,-0.00843592,-0.00556322,,
1971-11-22,-0.01169238,-0.00818111,,
1971-11-23,-0.01175535,-0.00712830,,
1971-11-24,0.00281134,0.00197661,,
1971-11-26,0.01683019,0.01803402,,
1971-11-29,0.02178270,0.01684334,,
1971-11-30,0.00931571,0.00628091,,
1971-12-01,0.01930535,0.01666476,,
1971-12-02,0.00415463,0.00328526,,
1971-12-03,0.01109117,0.01257521,,
1971-12-06,-0.00009419,-0.00525725,,
1971-12-07,0.00242412,0.00397835,,
1971-12-08,0.00316418,0.00065515,,
1971-12-09,-0.00062977,0.00039247,,
1971-12-10,0.00880936,0.00760853,,
1971-12-13,0.00583224,0.00321481,,
1971-12-14,-0.00311845,-0.00323625,,
1971-12-15,0.01007923,0.00904224,,
1971-12-16,0.01056230,0.01240083,,
1971-12-17,0.00547128,0.00527682,,
1971-12-20,0.01346897,0.01295376,,
1971-12-21,0.00283257,0.00258425,,
1971-12-22,-0.00320681,-0.00595797,,
1971-12-23,-0.00305597,-0.00453516,,
1971-12-27,0.00142764,0.00223699,,
1971-12-28,0.00760831,0.00999412,,
1971-12-29,0.00523738,0.00234312,,
1971-12-30,-0.00163594,-0.00404049,,
1971-12-31,0.00501852,0.00296548,,
1972-01-03,0.00145657,-0.00417997,,
1972-01-04,0.00463280,0.00417440,,
1972-01-05,0.01031382,0.00925341,,
1972-01-06,0.00531664,0.00426925,,
1972-01-07,0.00061303,-0.00019874,,
1972-01-10,0.00127833,-0.00129906,,
1972-01-11,0.00573445,0.00323804,,
1972-01-12,-0.00239114,-0.00045886,,
1972-01-13,-0.00659792,-0.00581082,,
1972-01-14,0.00364011,0.00392240,,
1972-01-17,0.00379294,0.00305920,,
1972-01-18,0.00522647,0.00339452,,
1972-01-19,-0.00289072,-0.00157548,,
1972-01-20,-0.00236554,-0.00011996,,
1972-01-21,-0.00211583,-0.00194580,,
1972-01-24,-0.00843443,-0.01030772,,
1972-01-25,0.00071450,0.00204128,,
1972-01-26,-0.00083650,-0.00268006,,
1972-01-27,0.01004159,0.00958616,,
1972-01-28,0.00800007,0.00631101,,
1972-01-31,0.00155249,-0.00162647,,
1972-02-01,0.00125795,0.00085872,,
1972-02-02,0.00479162,0.00646781,,
1972-02-03,-0.00364938,0.00020805,,
1972-02-04,0.00372557,0.00292646,,
1972-02-07,-0.00154260,-0.00287512,,
1972-02-08,-0.00098198,0.00204133,,
1972-02-09,0.00563509,0.00798756,,
1972-02-10,0.00211812,0.00041719,,
1972-02-11,-0.00436386,-0.00431501,,
1972-02-14,-0.00341485,-0.00444975,,
1972-02-15,0.00479994,0.00441541,,
1972-02-16,0.00524530,0.00561210,,
1972-02-17,0.00163953,-0.00051843,,
1972-02-18,-0.00307919,-0.00272541,,
1972-02-22,0.00179589,-0.00013244,,
1972-02-23,0.00137958,0.00086330,,
1972-02-24,0.00183133,0.00166673,,
1972-02-25,0.00534931,0.00696677,,
1972-02-28,0.00144084,0.00060387,,
1972-02-29,0.00365078,0.00391298,,
1972-03-01,0.00551811,0.00766134,,
1972-03-02,0.00023480,-0.00011123,,
1972-03-03,0.00534196,0.00581274,,
1972-03-06,0.00828876,0.00799632,,
1972-03-07,0.00075009,0.00094807,,
1972-03-08,0.00244724,0.00076631,,
1972-03-09,0.00169849,-0.00010785,,
1972-03-10,-0.00454698,-0.00513709,,
1972-03-13,-0.00808142,-0.00949824,,
1972-03-14,0.00326009,0.00274979,,
1972-03-15,0.00118127,0.00120032,,
1972-03-16,-0.00208125,-0.00218254,,
1972-03-17,0.00179269,0.00389753,,
1972-03-20,-0.00526156,-0.00306749,,
1972-03-21,-0.01148351,-0.00837651,,
1972-03-22,0.00121921,0.00142504,,
1972-03-23,0.00863592,0.00866478,,
1972-03-24,-0.00249049,-0.00205640,,
1972-03-27,-0.00357291,-0.00192930,,
1972-03-28,-0.00177265,-0.00111901,,
1972-03-29,-0.00443587,-0.00642193,,
1972-03-30,0.00508699,0.00667137,,
1972-04-03,0.00183943,0.00269491,,
1972-04-04,0.00650523,0.00588831,,
1972-04-05,0.00866157,0.00820246,,
1972-04-06,0.00491766,0.00400899,,
1972-04-07,0.00275214,0.00203357,,
1972-04-10,-0.00048139,-0.00172050,,
1972-04-11,0.00478143,0.00293481,,
1972-04-12,0.00370058,0.00376488,,
1972-04-13,-0.00339353,-0.00251046,,
1972-04-14,-0.00137513,-0.00066079,,
1972-04-17,-0.00128590,-0.00303672,,
1972-04-18,0.00170714,0.00241063,,
1972-04-19,-0.00432415,-0.00491688,,
1972-04-20,-0.00167945,-0.00165243,,
1972-04-21,-0.00033008,-0.00127875,,
1972-04-24,-0.00727487,-0.00637766,,
1972-04-25,-0.01030161,-0.00957520,,
1972-04-26,-0.00325137,-0.00205618,,
1972-04-27,-0.00033849,0.00162876,,
1972-04-28,0.00447170,0.00589114,,
1972-05-01,-0.00760425,-0.00881167,,
1972-05-02,-0.00553134,-0.00568637,,
1972-05-03,-0.00446874,-0.00099718,,
1972-05-04,-0.00051005,0.00369226,,
1972-05-05,0.00130960,0.00483879,,
1972-05-08,-0.00481442,-0.00430747,,
1972-05-09,-0.01576343,-0.01316453,,
1972-05-10,0.00752634,0.00654968,,
1972-05-11,0.00560992,0.00355144,,
1972-05-12,0.00638223,0.00586231,,
1972-05-15,0.00483674,0.00461037,,
1972-05-16,-0.00038063,-0.00211243,,
1972-05-17,0.00072724,0.00249559,,
1972-05-18,0.00683133,0.00973267,,
1972-05-19,0.00723588,0.00981590,,
1972-05-22,0.00328507,0.00675622,,
1972-05-23,-0.00017875,0.00104304,,
1972-05-24,0.00320711,0.00465527,,
1972-05-25,0.00110345,0.00246308,,
1972-05-26,0.00139642,0.00178442,,
1972-05-30,-0.00177481,-0.00275465,,
1972-05-31,-0.00764524,-0.00757684,,
1972-06-01,0.00106627,0.00165845,,
1972-06-02,0.00128940,0.00074111,,
1972-06-05,-0.00726562,-0.00807616,,
1972-06-06,-0.00593633,-0.00546007,,
1972-06-07,-0.00590470,-0.00506234,,
1972-06-08,-0.00300001,-0.00335693,,
1972-06-09,-0.00386373,-0.00391762,,
1972-06-12,0.00023882,0.00131707,,
1972-06-13,0.00149052,0.00520855,,
1972-06-14,0.00655999,0.00788852,,
1972-06-15,-0.00147284,0.00059914,,
1972-06-16,-0.00262924,-0.00059580,,
1972-06-19,-0.00151545,-0.00247016,,
1972-06-20,0.00165286,0.00423825,,
1972-06-21,0.00016397,0.00233855,,
1972-06-22,-0.00172405,-0.00092311,,
1972-06-23,-0.00298719,-0.00384902,,
1972-06-26,-0.00622750,-0.00727556,,
1972-06-27,-0.00098075,-0.00098548,,
1972-06-28,-0.00188989,-0.00312256,,
1972-06-29,-0.00267748,-0.00191036,,
1972-06-30,0.00434419,0.00296089,,
1972-07-03,0.00273963,0.00324471,,
1972-07-05,0.00472859,0.00577739,,
1972-07-06,0.00526994,0.00869494,,
1972-07-07,-0.00294948,-0.00323305,,
1972-07-10,-0.00559209,-0.00532257,,
1972-07-11,-0.00802433,-0.00735588,,
1972-07-12,-0.00548018,-0.00413299,,
1972-07-13,-0.00549275,-0.00572207,,
1972-07-14,0.00282816,0.00478731,,
1972-07-17,-0.00761630,-0.00861788,,
1972-07-18,-0.00330726,-0.00018875,,
1972-07-19,0.00257594,0.00290031,,
1972-07-20,-0.00380415,-0.00311389,,
1972-07-21,0.00482174,0.00814469,,
1972-07-24,0.01164391,0.01184223,,
1972-07-25,-0.00243184,-0.00271704,,
1972-07-26,-0.00186269,-0.00050127,,
1972-07-27,-0.00504338,-0.00243759,,
1972-07-28,-0.00190753,0.00092749,,
1972-07-31,-0.00119324,0.00041851,,
1972-08-01,0.00676049,0.00991843,,
1972-08-02,0.00590750,0.00821484,,
1972-08-03,0.00430208,0.00823011,,
1972-08-04,0.00270765,0.00353564,,
1972-08-07,0.00118371,0.00191307,,
1972-08-08,0.00003275,0.00092695,,
1972-08-09,0.00210142,0.00179235,,
1972-08-10,0.00260862,0.00201772,,
1972-08-11,0.00805832,0.00863179,,
1972-08-14,0.00483314,0.00531806,,
1972-08-15,-0.00075987,-0.00421747,,
1972-08-16,-0.00154891,-0.00341805,,
1972-08-17,-0.00108801,-0.00272257,,
1972-08-18,0.00507104,0.00379947,,
1972-08-21,0.00065171,-0.00032339,,
1972-08-22,0.00796135,0.00627505,,
1972-08-23,0.00290439,-0.00134659,,
1972-08-24,-0.00753943,-0.01107850,,
1972-08-25,-0.00329127,-0.00241314,,
1972-08-28,-0.00457264,-0.00377133,,
1972-08-29,0.00011907,0.00176924,,
1972-08-30,0.00211088,0.00146507,,
1972-08-31,0.00239648,0.00477886,,
1972-09-01,0.00339856,0.00411108,,
1972-09-05,-0.00177928,-0.00237049,,
1972-09-06,-0.00487158,-0.00621096,,
1972-09-07,-0.00271967,-0.00235330,,
1972-09-08,-0.00145701,-0.00114348,,
1972-09-11,-0.00656216,-0.00569326,,
1972-09-12,-0.00898783,-0.00948903,,
1972-09-13,0.00194883,0.00386629,,
1972-09-14,-0.00000736,0.00028770,,
1972-09-15,-0.00174493,-0.00114970,,
1972-09-18,-0.00329444,-0.00161926,,
1972-09-19,-0.00155312,-0.00040862,,
1972-09-20,-0.00145947,0.00038103,,
1972-09-21,-0.00279156,-0.00144173,,
1972-09-22,0.00084078,0.00098797,,
1972-09-25,-0.00488456,-0.00415841,,
1972-09-26,-0.00062035,0.00097759,,
1972-09-27,0.01119901,0.01386829,,
1972-09-28,0.00245689,0.00670346,,
1972-09-29,0.00127742,0.00194336,,
1972-10-02,-0.00350743,-0.00339449,,
1972-10-03,-0.00293254,0.00136355,,
1972-10-04,-0.00318685,-0.00201474,,
1972-10-05,-0.00808560,-0.01107905,,
1972-10-06,0.00458327,0.00694374,,
1972-10-09,0.00350724,0.00245082,,
1972-10-10,0.00258005,0.00092333,,
1972-10-11,-0.00502768,-0.00450431,,
1972-10-12,-0.00764058,-0.00831013,,
1972-10-13,-0.00454850,-0.00625738,,
1972-10-16,-0.00667172,-0.01061313,,
1972-10-17,0.00438056,0.00696042,,
1972-10-18,0.00525109,0.00651546,,
1972-10-19,-0.00207926,-0.00111662,,
1972-10-20,0.00573987,0.01110978,,
1972-10-23,0.00850709,0.01028651,,
1972-10-24,0.00266783,0.00425040,,
1972-10-25,0.00045903,-0.00074067,,
1972-10-26,0.00592163,0.00248548,,
1972-10-27,-0.00293628,-0.00333669,,
1972-10-30,-0.00052595,-0.00002415,,
1972-10-31,0.00751406,0.00937527,,
1972-11-01,0.00991389,0.00996097,,
1972-11-02,0.00394265,0.00554558,,
1972-11-03,0.00876048,0.00937809,,
1972-11-06,0.00141899,-0.00192101,,
1972-11-08,-0.00241226,-0.00527040,,
1972-11-09,0.00264958,0.00159541,,
1972-11-10,0.00435689,0.00360698,,
1972-11-13,0.00132811,0.00179565,,
1972-11-14,0.00625647,0.00944383,,
1972-11-15,-0.00000625,-0.00402984,,
1972-11-16,0.00359229,0.00559183,,
1972-11-17,0.00484337,0.00317071,,
1972-11-20,0.00246029,0.00030386,,
1972-11-21,0.00661373,0.00561969,,
1972-11-22,0.00596181,0.00640342,,
1972-11-24,0.00386053,0.00315786,,
1972-11-27,-0.00155338,-0.00397347,,
1972-11-28,0.00222973,-0.00210559,,
1972-11-29,0.00220365,0.00046226,,
1972-11-30,0.00434691,0.00148817,,
1972-12-01,0.00531037,0.00622249,,
1972-12-04,0.00380661,0.00345271,,
1972-12-05,-0.00161635,-0.00171605,,
1972-12-06,0.00277951,0.00355333,,
1972-12-07,0.00213184,0.00503559,,
1972-12-08,0.00065682,0.00233268,,
1972-12-11,0.00037058,0.00234068,,
1972-12-12,-0.00421140,-0.00369548,,
1972-12-13,-0.00341197,-0.00087115,,
1972-12-14,-0.00637644,-0.00246467,,
1972-12-15,-0.00081966,0.00017479,,
1972-12-18,-0.01220391,-0.01149425,,
1972-12-19,-0.00536436,-0.00471094,,
1972-12-20,-0.00486772,-0.00339956,,
1972-12-21,-0.00475854,-0.00728583,,
1972-12-22,0.00440871,0.00656837,,
1972-12-26,0.00126033,0.00407400,,
1972-12-27,0.00057029,0.00548604,,
1972-12-29,0.01082505,0.01020445,,
1973-01-02,0.01237169,0.00884634,0.00946061,0.00684994
1973-01-03,0.00356819,0.00399880,0.00680804,0.00607093
1973-01-04,-0.00119174,-0.00197248,0.00252466,0.00090940
1973-01-05,0.00114368,0.00387258,0.00547223,0.00393225
1973-01-08,-0.00068766,-0.00020297,0.00230045,0.00123062
1973-01-09,-0.00242379,-0.00077523,0.00073140,-0.00003269
1973-01-10,-0.00363955,-0.00234700,0.00147811,0.00076190
1973-01-11,0.00204532,0.00685412,0.00345352,0.00556382
1973-01-12,-0.01042166,-0.00807367,-0.00683744,-0.00694972
1973-01-15,-0.00916168,-0.00724903,-0.01008969,-0.01035240
1973-01-16,-0.00543470,-0.00252891,-0.00505670,-0.00396152
1973-01-17,0.00347519,0.00449160,0.00166705,0.00023483
1973-01-18,-0.00095132,0.00146711,0.00175923,0.00158168
1973-01-19,-0.00426161,-0.00067408,-0.00262207,-0.00348167
1973-01-22,-0.00577037,-0.00490385,-0.00382088,-0.00496065
1973-01-23,-0.00413055,0.00023521,-0.00470723,-0.00507667
1973-01-24,-0.01504967,-0.01271006,-0.01041977,-0.01470304
1973-01-26,-0.00476522,-0.00236143,-0.00484203,-0.00490546
1973-01-29,-0.00483923,-0.00350953,-0.00788310,-0.00988969
1973-01-30,-0.00180881,-0.00117029,-0.00243023,-0.00168820
1973-01-31,0.00167492,0.00199812,0.00032122,0.00150954
1973-02-01,-0.00922625,-0.01093001,-0.00887993,-0.01118091
1973-02-02,-0.00387371,-0.00359794,-0.00505899,-0.00369497
1973-02-05,-0.00234692,-0.00011863,-0.00376698,-0.00435662
1973-02-06,0.00028399,0.00218342,0.00011208,0.00303509
1973-02-07,-0.00523373,-0.00657837,-0.00735362,-0.01035082
1973-02-08,-0.00491204,-0.00377672,-0.00673393,-0.00762678
1973-02-09,0.01086030,0.01382177,0.01000384,0.01552558
1973-02-12,0.01130389,0.01187864,0.00563988,0.00877357
1973-02-13,0.00522515,0.00627612,0.00076538,0.00412196
1973-02-14,-0.01232573,-0.01440086,-0.01060349,-0.01373766
1973-02-15,-0.00547846,-0.00571791,-0.00814260,-0.00803899
1973-02-16,0.00187886,0.00482982,-0.00061584,0.00112185
1973-02-20,0.00125450,0.00380198,-0.00080313,0.00439132
1973-02-21,-0.00717448,-0.00627560,-0.00722858,-0.00810035
1973-02-22,-0.00458587,-0.00220098,-0.00445173,-0.00191124
1973-02-23,-0.00955201,-0.01078624,-0.00864119,-0.01068629
1973-02-26,-0.01025710,-0.00845630,-0.01263661,-0.00860991
1973-02-27,-0.00877867,-0.01122705,-0.01086210,-0.01164245
1973-02-28,0.00378090,0.00722953,0.00085654,0.00591990
1973-03-01,-0.00390490,-0.00586787,-0.00559008,-0.01019742
1973-03-02,0.00429434,0.01109155,-0.00053148,0.00421732
1973-03-05,0.00366376,0.00353529,0.00327188,0.00435773
1973-03-06,0.01209212,0.01259355,0.00939838,0.01138808
1973-03-07,0.00532336,0.00323852,0.00194033,0.00338005
1973-03-08,-0.00103437,-0.00182672,0.00043886,-0.00131496
1973-03-09,-0.00322204,-0.00388330,-0.00056612,-0.00100401
1973-03-12,-0.00200246,0.00082157,-0.00074739,-0.00110980
1973-03-13,0.00086565,0.00557610,0.00175756,0.00214384
1973-03-14,-0.00008725,0.00446369,-0.00029391,0.00026026
1973-03-15,-0.00884741,-0.00746151,-0.00384601,-0.00415463
1973-03-16,-0.00431023,-0.00504321,-0.00382555,-0.00282563
1973-03-19,-0.01123582,-0.01214207,-0.01120299,-0.01028986
1973-03-20,-0.00358144,-0.00213127,-0.00592051,-0.00581634
1973-03-21,-0.01009416,-0.01334102,-0.01062547,-0.01138382
1973-03-22,-0.01491160,-0.01509181,-0.01823869,-0.01840133
1973-03-23,0.00027078,0.00027765,-0.00572787,-0.00180590
1973-03-26,0.00653460,0.00901209,0.00166182,0.00098112
1973-03-27,0.01433617,0.01566504,0.01057316,0.01197839
1973-03-28,-0.00029928,0.00065949,0.00019725,0.00276540
1973-03-29,0.00816192,0.00997061,0.00796261,0.00890015
1973-03-30,-0.00564603,-0.01069776,-0.00122069,-0.00564871
1973-04-02,-0.00864511,-0.01196395,-0.00879004,-0.01401070
1973-04-03,-0.00842490,-0.00858968,-0.00933980,-0.01104924
1973-04-04,-0.00323604,-0.00435945,-0.00718532,-0.01393219
1973-04-05,-0.00591413,-0.00233446,-0.00791613,-0.00719842
1973-04-06,0.00538507,0.00702477,0.00463760,0.01162539
1973-04-09,0.01057623,0.01468251,0.00371880,0.00686818
1973-04-10,0.01009773,0.01243185,0.00398733,0.00780840
1973-04-11,0.00356749,0.00435832,0.00250687,0.00430393
1973-04-12,-0.00086002,-0.00112243,0.00124267,0.00270068
1973-04-13,-0.00345076,-0.00438547,-0.00027016,-0.00322047
1973-04-16,-0.00294405,-0.00576184,-0.00331969,-0.00566335
1973-04-17,-0.00489127,-0.00445863,-0.00527283,-0.00779497
1973-04-18,0.00080538,0.00543282,-0.00086905,0.00092267
1973-04-19,0.00626810,0.00568773,0.00336292,0.00365576
1973-04-23,-0.00662151,-0.00544709,-0.00571931,-0.01000105
1973-04-24,-0.01425230,-0.01418001,-0.01372490,-0.01572012
1973-04-25,-0.01561288,-0.01502604,-0.01443849,-0.01660841
1973-04-26,0.00177695,0.00495318,-0.00173915,0.00332246
1973-04-27,-0.01186205,-0.01540319,-0.00829120,-0.01266796
1973-04-30,-0.00192243,-0.00195646,-0.00589600,-0.00496844
1973-05-01,-0.00189869,0.00148059,-0.00360613,0.00156402
1973-05-02,0.01025784,0.01306019,0.00720669,0.01036575
1973-05-03,0.01243210,0.01706376,0.00431134,0.00754932
1973-05-04,0.00907436,0.00754414,0.00888996,0.00995369
1973-05-07,-0.00433208,-0.00392278,-0.00194259,-0.00305331
1973-05-08,0.00516663,0.00658297,0.00141447,0.00196492
1973-05-09,-0.00186964,-0.00735011,-0.00035687,-0.00107859
1973-05-10,-0.00742372,-0.00803269,-0.00406962,-0.00178897
1973-05-11,-0.01138503,-0.01154413,-0.00893996,-0.01048649
1973-05-14,-0.02022624,-0.02103615,-0.01922263,-0.02396767
1973-05-15,0.00126230,0.00671536,-0.00629946,-0.00223221
1973-05-16,-0.00321038,-0.00115744,-0.00321318,-0.00041416
1973-05-17,-0.01024694,-0.00824229,-0.00578050,-0.00847071
1973-05-18,-0.02169071,-0.01610620,-0.02150055,-0.02134892
1973-05-21,-0.02173740,-0.01069578,-0.02322261,-0.01768864
1973-05-22,0.00716786,0.00838305,0.00128850,0.00725859
1973-05-23,0.00424735,0.00505294,0.00064302,0.00510516
1973-05-24,0.02163305,0.03035692,0.00917497,0.02248841
1973-05-25,0.01318447,0.00780407,0.01219784,0.00968742
1973-05-29,-0.00202456,-0.00395648,0.00021459,-0.00283394
1973-05-30,-0.01503710,-0.01490241,-0.01219494,-0.01610056
1973-05-31,-0.01013273,-0.00915680,-0.00638219,-0.00483325
1973-06-01,-0.00977191,-0.00978838,-0.00594537,-0.00308814
1973-06-04,-0.01051148,-0.00926638,-0.01097371,-0.01447928
1973-06-05,0.00936022,0.01625499,0.00249931,0.01009049
1973-06-06,-0.00425840,-0.00286414,-0.00257292,0.00023217
1973-06-07,0.00723829,0.01492598,0.00417086,0.00896458
1973-06-08,0.01389897,0.01149317,0.00947832,0.01140190
1973-06-11,0.00031074,-0.00271718,-0.00227562,-0.00604940
1973-06-12,0.01399038,0.01504408,0.00787814,0.01752670
1973-06-13,0.00112091,-0.00648076,-0.00029950,-0.00452939
1973-06-14,-0.01293162,-0.01107011,-0.00622501,-0.00706912
1973-06-15,-0.01308267,-0.01228148,-0.00829838,-0.01281020
1973-06-18,-0.01530143,-0.01448803,-0.01098729,-0.01477464
1973-06-19,-0.00187205,0.00398011,-0.00356629,0.00174918
1973-06-20,0.00111189,0.00436905,0.00027150,0.00222946
1973-06-21,-0.01110835,-0.01197665,-0.00731387,-0.00759509
1973-06-22,0.00332969,0.00490364,0.00179334,0.00628509
1973-06-25,-0.01191894,-0.01393449,-0.01061081,-0.01527958
1973-06-26,0.00549158,0.01052128,-0.00082808,0.00551730
1973-06-27,0.00210065,0.00313654,0.00013012,0.00291480
1973-06-28,0.00867299,0.01034337,0.00583029,0.00952234
1973-06-29,-0.00196745,-0.00413494,0.00059595,-0.00175151
1973-07-02,-0.00972453,-0.01318359,-0.00575710,-0.00823975
1973-07-03,-0.00440905,-0.01015129,-0.00445750,-0.00742619
1973-07-05,-0.00170318,-0.00099687,-0.00159664,-0.00059085
1973-07-06,-0.00312321,-0.00500989,-0.00168361,0.00101314
1973-07-09,0.00780706,0.00869166,0.00180283,0.00602926
1973-07-10,0.01686212,0.01392694,0.00661403,0.01190131
1973-07-11,0.02696914,0.02236581,0.01393889,0.01512596
1973-07-12,0.00359463,-0.00296214,0.00635605,0.00462484
1973-07-13,-0.00772176,-0.01352917,0.00053215,-0.00151059
1973-07-16,0.01287382,0.01566664,0.00685506,0.00958813
1973-07-17,0.00492164,0.00034415,0.00829945,0.00599541
1973-07-18,0.01087243,0.00599133,0.01052512,0.01186164
1973-07-19,0.00178828,0.00191628,0.00862044,0.00728866
1973-07-20,0.00660407,0.00569536,0.01566330,0.01114742
1973-07-23,0.00529873,0.00345942,0.00525350,0.00013096
1973-07-24,0.00380873,0.00594793,0.00354087,0.00525330
1973-07-25,0.01349239,0.01413004,0.01393672,0.00817685
1973-07-26,0.00157599,0.00169181,0.00487741,0.00009404
1973-07-27,-0.00435274,-0.00255898,0.00142908,0.00160187
1973-07-30,-0.00370403,-0.00270137,-0.00308835,-0.00456021
1973-07-31,-0.00869742,-0.00933711,-0.00179815,-0.00198681
1973-08-01,-0.01288321,-0.01267950,-0.01083463,-0.01387330
1973-08-02,-0.00200798,-0.00080192,-0.00160476,-0.00092997
1973-08-03,-0.00041403,-0.00164843,0.00213602,-0.00158966
1973-08-06,0.00441303,0.00298035,0.00284000,0.00387251
1973-08-07,-0.00110904,-0.00162594,0.00021137,0.00107648
1973-08-08,-0.00901876,-0.00897767,-0.00621378,-0.01118227
1973-08-09,-0.00040339,0.00051930,0.00006803,0.00049159
1973-08-10,-0.00877668,-0.00761540,-0.00496571,-0.00805257
1973-08-13,-0.01414126,-0.00976559,-0.00961037,-0.00903661
1973-08-14,-0.00822253,-0.00956899,-0.00776737,-0.00753649
1973-08-15,0.00420494,0.00331168,-0.00239485,-0.00172774
1973-08-16,-0.00202151,-0.00620122,-0.00057834,-0.00000302
1973-08-17,0.00220812,-0.00016145,0.00134939,0.00432652
1973-08-20,-0.00728476,-0.00668711,-0.00551652,-0.00989463
1973-08-21,-0.00632832,-0.00714868,-0.00626581,-0.00504398
1973-08-22,-0.00473501,-0.00344579,-0.00609917,-0.00734413
1973-08-23,0.01056326,0.01393407,0.00631566,0.01239645
1973-08-24,0.00075396,-0.00211799,0.00053114,-0.00123207
1973-08-27,0.00497166,0.00860309,0.00158209,0.00592201
1973-08-28,0.00750527,0.00607495,0.00006865,0.00100512
1973-08-29,0.01340756,0.00957276,0.00617387,0.00777091
1973-08-30,0.00367465,-0.00139236,0.00283813,0.00185915
1973-08-31,0.00766832,0.00369955,0.00567673,0.00911084
1973-09-04,0.00969552,0.00301520,0.00649297,0.00682391
1973-09-05,0.00472695,0.00133139,0.00423701,0.00471578
1973-09-06,0.00868234,0.00500842,0.00411510,0.00358880
1973-09-07,0.00091076,-0.00369229,0.00485676,0.00678323
1973-09-10,-0.00297545,-0.00843319,-0.00188457,-0.00682256
1973-09-11,-0.00719581,-0.00598304,-0.00145299,-0.00444266
1973-09-12,-0.00269085,-0.00142281,-0.00114974,-0.00395781
1973-09-13,0.00136354,0.00321926,0.00175711,0.00292567
1973-09-14,0.00751233,0.01075028,0.00525647,0.00452681
1973-09-17,0.00539996,-0.00274427,0.00326647,0.00246586
1973-09-18,0.00234725,-0.00365154,0.00110266,0.00094800
1973-09-19,0.01945518,0.02061775,0.01166784,0.01573977
1973-09-20,0.01280165,0.00838292,0.00873436,0.00827264
1973-09-21,0.00960671,0.00412943,0.00762084,0.00675786
1973-09-24,0.00846747,0.00158695,0.00482412,0.00255716
1973-09-25,0.00668630,0.00641530,0.00229893,0.00141267
1973-09-26,0.01094686,0.00721012,0.00723801,0.00770040
1973-09-27,0.00164920,0.00257248,0.00691967,0.00665459
1973-09-28,-0.00421683,-0.00617168,0.00114004,-0.00081234
1973-10-01,0.00490450,-0.00195509,0.00081102,-0.00207862
1973-10-02,0.01078447,0.00559765,0.00699659,0.00756650
1973-10-03,0.00742164,-0.00019523,0.00699707,0.00327578
1973-10-04,-0.00234977,-0.00339307,0.00045940,-0.00604256
1973-10-05,0.00944665,0.01348150,0.00862387,0.00989734
1973-10-08,0.00627866,0.00359158,0.00405263,0.00566036
1973-10-09,-0.00079690,-0.00069733,-0.00055417,-0.00137393
1973-10-10,-0.01503063,-0.00833475,-0.00759258,-0.00798082
1973-10-11,0.01659514,0.01703637,0.01003095,0.01287131
1973-10-12,0.00453594,0.00324426,0.00560023,0.00502132
1973-10-15,-0.01204099,-0.01234299,-0.00634580,-0.00832318
1973-10-16,-0.00274051,0.00116232,-0.00191863,0.00057297
1973-10-17,-0.00294855,-0.00222668,-0.00283268,-0.00446837
1973-10-18,-0.00172825,0.00034307,-0.00030031,0.00179642
1973-10-19,0.00193468,0.00208544,0.00449025,0.00415482
1973-10-22,-0.01177845,-0.00983409,-0.00803761,-0.00875835
1973-10-23,0.00104008,0.00555468,-0.00268067,-0.00443455
1973-10-24,0.00137430,0.00464816,0.00210036,0.00342808
1973-10-25,0.00052532,0.00240687,0.00081872,0.00219602
1973-10-26,0.00957995,0.00815478,0.00460391,0.00500947
1973-10-29,-0.00119342,-0.00175010,-0.00313814,-0.00665675
1973-10-30,-0.01334688,-0.01587039,-0.01179635,-0.01169793
1973-10-31,-0.00988499,-0.00943997,-0.00489546,-0.00404534
1973-11-01,-0.01042272,-0.00524291,-0.00282863,-0.00488553
1973-11-02,-0.00705943,-0.00463831,-0.00351677,-0.00627578
1973-11-05,-0.01594223,-0.01401827,-0.01449297,-0.01676726
1973-11-06,-0.00840308,-0.00531546,-0.00957741,-0.00986653
1973-11-07,0.00675416,0.00823043,0.00017078,0.00426619
1973-11-08,0.01151994,0.01164968,0.00657254,0.00620466
1973-11-09,-0.01378377,-0.01521231,-0.00924587,-0.01455454
1973-11-12,-0.01885549,-0.00784296,-0.01150114,-0.00609022
1973-11-13,-0.01133149,-0.00033267,-0.01153169,-0.00273956
1973-11-14,-0.02087666,-0.01823262,-0.01869516,-0.02307688
1973-11-15,0.00049118,-0.00015253,-0.00711032,-0.00278420
1973-11-16,0.01146961,0.01474112,0.00420565,0.00220545
1973-11-19,-0.03078719,-0.03046898,-0.02158049,-0.02627750
1973-11-20,-0.02876947,-0.02009471,-0.02978591,-0.02463056
1973-11-21,0.01228027,0.01157935,0.00134995,0.00885576
1973-11-23,0.00214695,-0.00209043,-0.00053426,0.00002446
1973-11-26,-0.03246823,-0.02783372,-0.03058228,-0.03222612
1973-11-27,-0.00735042,-0.00807521,-0.01099634,-0.00810614
1973-11-28,0.02107168,0.02025061,0.01148816,0.02212476
1973-11-29,-0.00216610,-0.00316030,-0.00021605,-0.00321246
1973-11-30,-0.01351721,-0.01381328,-0.00524136,-0.01219020
1973-12-03,-0.02327096,-0.02098848,-0.01532790,-0.01340462
1973-12-04,-0.00421331,-0.00336284,-0.00691823,-0.00305603
1973-12-05,-0.02209630,-0.01531038,-0.01771729,-0.01695797
1973-12-06,0.01908100,0.02476632,0.01116499,0.02113389
1973-12-07,0.03080070,0.02234442,0.01264780,0.01195219
1973-12-10,0.01730290,0.01511818,0.01046243,0.01484662
1973-12-11,-0.01566846,-0.01939269,-0.00979696,-0.01450636
1973-12-12,-0.02701096,-0.02590347,-0.01588637,-0.01751280
1973-12-13,-0.01620790,-0.01274721,-0.01370862,-0.01676462
1973-12-14,0.01206447,0.01002588,0.00252798,0.00712777
1973-12-17,-0.00435099,-0.00578825,-0.00278268,-0.00578430
1973-12-18,0.01451718,0.02151519,0.00733551,0.01497528
1973-12-19,0.00062141,0.00078427,-0.00131203,-0.00333443
1973-12-20,-0.00031497,-0.00308866,0.00011259,0.00051007
1973-12-21,-0.00750228,-0.01096854,-0.00209005,-0.00557766
1973-12-24,0.00105721,-0.00674397,-0.00195715,-0.00704595
1973-12-26,0.02257082,0.03118454,0.01114060,0.01877194
1973-12-27,0.02098269,0.02105300,0.00981972,0.01266556
1973-12-28,-0.00321164,-0.00161481,0.00498292,0.00534859
1973-12-31,0.00579369,-0.00000475,0.00366229,0.00589303
1974-01-02,0.01102757,0.00158442,0.00584511,-0.00048295
1974-01-03,0.03567247,0.02133341,0.02240844,0.01712072
1974-01-04,0.00498134,-0.00896255,0.00837349,-0.00252315
1974-01-07,0.00201350,-0.00834157,0.00434300,0.00417462
1974-01-08,-0.01744419,-0.02000041,-0.00182334,-0.00800098
1974-01-09,-0.02603799,-0.02813658,-0.01129382,-0.02168376
1974-01-10,-0.01116005,-0.01109404,-0.00463803,-0.00877252
1974-01-11,0.01242483,0.01404353,0.00524932,0.01000360
1974-01-14,0.00266168,-0.00249006,0.00068475,0.00232693
1974-01-15,0.00576597,0.00899656,0.00449650,0.00776092
1974-01-16,0.01158695,0.01551829,0.00900008,0.01374487
1974-01-17,0.01682540,0.01703709,0.01251037,0.01451088
1974-01-18,-0.01283389,-0.01794041,-0.00256425,-0.00734577
1974-01-21,-0.00324096,-0.00121927,-0.00660057,-0.00632282
1974-01-22,0.00969282,0.01212174,0.00500252,0.00677147
1974-01-23,0.00823552,0.00517584,0.00583661,0.00518530
1974-01-24,0.00043789,-0.00256887,0.00135817,-0.00211448
1974-01-25,0.00178300,-0.00208757,0.00380996,0.00001507
1974-01-28,-0.00266443,-0.00541707,0.00067936,-0.00409330
1974-01-29,-0.00157088,-0.00018030,-0.00054977,-0.00502765
1974-01-30,0.01172789,0.01126473,0.00787731,0.00730962
1974-01-31,-0.00153862,-0.00512247,0.00246265,-0.00283611
1974-02-01,-0.01191994,-0.01295070,-0.00196043,-0.00915548
1974-02-04,-0.02037404,-0.02013782,-0.01124977,-0.01392033
1974-02-05,-0.00415877,-0.00312445,-0.00374188,-0.00454139
1974-02-06,0.00416380,0.00349022,0.00170411,0.00325679
1974-02-07,0.00405947,0.00093129,0.00223355,0.00129246
1974-02-08,-0.00727730,-0.01003144,-0.00176034,-0.00674222
1974-02-11,-0.01317098,-0.01804976,-0.00827631,-0.01502132
1974-02-12,0.00225081,0.00304323,-0.00496469,-0.00481796
1974-02-13,0.00043758,0.00058124,-0.00099997,-0.00270811
1974-02-14,0.00297450,-0.00036563,0.00343144,0.00164952
1974-02-15,0.01168169,0.01517986,0.00553177,0.00938141
1974-02-19,-0.00043260,-0.00143071,-0.00078437,-0.00192452
1974-02-20,0.00949194,0.01474288,0.00404712,0.00925500
1974-02-21,0.01204493,0.01455256,0.00572066,0.00728292
1974-02-22,0.00947233,0.00730098,0.00611324,0.00916525
1974-02-25,0.00167862,-0.00346143,0.00014025,-0.00180864
1974-02-26,0.01216739,0.01046010,0.00450744,0.00448142
1974-02-27,0.00497449,0.00445628,0.00918317,0.01048044
1974-02-28,-0.00084467,-0.00191562,0.00124392,0.00076849
1974-03-01,-0.00378043,-0.00717030,0.00127786,-0.00320749
1974-03-04,-0.00040653,0.00036918,0.00069973,-0.00242184
1974-03-05,0.01659107,0.01903806,0.01077685,0.01317852
1974-03-06,0.00747467,0.00678032,0.00604189,0.00442625
1974-03-07,-0.00663502,-0.01070160,-0.00001372,-0.00686544
1974-03-08,0.00824537,0.00900727,0.00488822,0.00733164
1974-03-11,0.00992016,0.01144947,0.00495748,0.00564693
1974-03-12,0.00253386,0.00289597,0.00291419,-0.00051922
1974-03-13,0.00413710,0.00588364,0.00541136,0.00603578
1974-03-14,0.00007605,-0.00071985,0.00456225,0.00210342
1974-03-15,-0.00319439,-0.00372065,0.00124837,0.00032597
1974-03-18,-0.01145765,-0.01293147,-0.00510027,-0.01264394
1974-03-19,-0.00749858,-0.00840858,-0.00481124,-0.00612182
1974-03-20,0.00261374,0.00368941,0.00095551,0.00242331
1974-03-21,-0.00261323,-0.00198773,0.00092460,0.00216423
1974-03-22,-0.00300814,-0.00073193,0.00206168,0.00075536
1974-03-25,-0.00081740,0.00411262,-0.00065431,-0.00065728
1974-03-26,0.00266486,0.00317088,-0.00028699,-0.00082956
1974-03-27,-0.01040226,-0.01412778,-0.00737523,-0.01206817
1974-03-28,-0.01941221,-0.01842392,-0.01029295,-0.01463749
1974-03-29,-0.00551607,-0.00869995,-0.00337217,-0.00631272
1974-04-01,-0.00408463,-0.00756539,-0.00141723,-0.00413923
1974-04-02,-0.00008091,0.00092175,-0.00049943,0.00176098
1974-04-03,0.00671873,0.01066721,0.00087063,0.00410831
1974-04-04,-0.00094415,0.00009832,-0.00035519,-0.00267019
1974-04-05,-0.01210785,-0.01395414,-0.00555205,-0.01358170
1974-04-08,-0.01143125,-0.01035813,-0.00587034,-0.00830522
1974-04-09,0.00466901,0.00647214,-0.00040439,0.00084747
1974-04-10,0.00087684,-0.00219846,-0.00161865,-0.00334494
1974-04-11,-0.00125461,-0.00301148,-0.00054306,-0.00082798
1974-04-15,-0.00049369,-0.00065496,-0.00144866,-0.00410256
1974-04-16,0.01503622,0.01767638,0.00567534,0.01119419
1974-04-17,0.00675080,0.00729412,0.00325348,0.00491776
1974-04-18,0.00450815,0.00457052,0.00249738,0.00220007
1974-04-19,-0.00926846,-0.01101087,-0.00330995,-0.00695497
1974-04-22,-0.00516675,-0.00394027,-0.00303792,-0.00020184
1974-04-23,-0.02073994,-0.01677785,-0.01426273,-0.02050653
1974-04-24,-0.01930625,-0.01642077,-0.01246309,-0.01782740
1974-04-25,-0.01287180,-0.00808282,-0.01112693,-0.00977531
1974-04-26,0.00543829,0.00690163,0.00063872,0.00278650
1974-04-29,-0.00071197,-0.00149867,-0.00044154,0.00335380
1974-04-30,0.00291891,0.00379227,0.00151613,0.00488561
1974-05-01,0.01855712,0.02168029,0.00604255,0.01274100
1974-05-02,-0.00003795,-0.00100990,0.00157036,0.00148725
1974-05-03,-0.00786354,-0.00870631,-0.00308148,-0.00607660
1974-05-06,-0.00278036,-0.00050465,-0.00182841,-0.00158567
1974-05-07,0.00002950,0.00389845,-0.00077128,-0.00764439
1974-05-08,-0.00093828,0.00235238,-0.00232941,-0.01097352
1974-05-09,0.00849775,0.01460913,0.00262392,0.00137869
1974-05-10,-0.01213784,-0.01573901,-0.00900712,-0.01806959
1974-05-13,-0.00889215,-0.00851377,-0.01142592,-0.01333643
1974-05-14,-0.00351568,0.00063658,-0.00228358,-0.00015675
1974-05-15,-0.00385822,-0.00232405,-0.00107957,0.00570746
1974-05-16,-0.00435723,-0.00814277,-0.00040452,0.00009592
1974-05-17,-0.01697590,-0.01676324,-0.01271151,-0.02001869
1974-05-20,-0.00491521,-0.00374612,-0.00659563,-0.00578296
1974-05-21,-0.00486041,0.00082347,-0.00398611,-0.00092994
1974-05-22,-0.01158861,-0.00908241,-0.00619365,-0.00731274
1974-05-23,-0.00318223,0.00244605,-0.00505989,-0.00134423
1974-05-24,0.01326482,0.01622744,0.00644346,0.01239106
1974-05-28,-0.00021200,-0.00215495,-0.00222565,-0.00486047
1974-05-29,-0.01574929,-0.01686077,-0.01036380,-0.01377892
1974-05-30,0.00443040,0.00647512,-0.00013821,0.00469221
1974-05-31,-0.00194999,-0.00168972,0.00089914,0.00126876
1974-06-03,0.01923468,0.02128386,0.00639991,0.01229254
1974-06-04,0.01597124,0.01196172,0.00732545,0.00924958
1974-06-05,0.00422982,0.00170274,0.00444787,0.00578213
1974-06-06,0.01272244,0.01851735,0.00839471,0.01293587
1974-06-07,0.00833368,0.00635608,0.00561690,0.00591110
1974-06-10,0.00482430,0.00635729,0.00291608,0.00317677
1974-06-11,-0.00886452,-0.00889934,-0.00387987,-0.00762847
1974-06-12,-0.00703034,-0.00226497,-0.00371107,-0.00267008
1974-06-13,0.00170888,0.00291392,0.00250391,0.00198260
1974-06-14,-0.01020491,-0.01113653,-0.00256404,-0.00572526
1974-06-17,-0.01271755,-0.01365950,-0.00657784,-0.01553164
1974-06-18,-0.00811402,-0.00658037,-0.00427103,-0.00336143
1974-06-19,-0.00734921,-0.00665961,-0.00454836,-0.00674822
1974-06-20,-0.00741496,-0.00683977,-0.00648595,-0.01093954
1974-06-21,-0.00902874,-0.00862369,-0.00763172,-0.00938717
1974-06-24,-0.00083200,0.00291507,-0.00262700,-0.00247625
1974-06-25,0.01158010,0.01473786,0.00292835,0.00654328
1974-06-26,-0.01082721,-0.01561187,-0.00784497,-0.01428449
1974-06-27,-0.01563815,-0.01454169,-0.01314862,-0.01952845
1974-06-28,-0.00606930,-0.00360452,-0.00754534,-0.01180992
1974-07-01,-0.00003383,0.00042478,-0.00411442,-0.00704791
1974-07-02,-0.01777272,-0.02020283,-0.01526684,-0.02180761
1974-07-03,-0.00193770,-0.00045050,-0.00347987,-0.00152767
1974-07-05,-0.00399383,-0.00672378,-0.00203058,-0.00085587
1974-07-08,-0.03055538,-0.03078506,-0.02424059,-0.03682507
1974-07-09,0.00105062,0.00482599,-0.00492522,-0.00421507
1974-07-10,-0.01486065,-0.01856881,-0.00874454,-0.01472922
1974-07-11,-0.00059770,-0.00143591,-0.00244284,-0.00147008
1974-07-12,0.03698201,0.04080257,0.01775723,0.03200254
1974-07-15,0.01162075,0.00787688,0.00548185,0.00459541
1974-07-16,-0.00860235,-0.01171438,-0.00186404,-0.00501735
1974-07-17,0.01015115,0.01108355,0.00872030,0.01706929
1974-07-18,0.00425930,0.00083427,0.00299339,0.00065565
1974-07-19,-0.00065768,-0.00297680,0.00308432,0.00913184
1974-07-22,0.00221969,0.00346958,0.00173666,0.00025492
1974-07-23,0.01478360,0.00997208,0.00813510,0.01407218
1974-07-24,0.00416962,0.00377834,0.00316459,0.00255218
1974-07-25,-0.00436606,-0.01201662,-0.00576323,-0.01594463
1974-07-26,-0.01315770,-0.01880073,-0.00415079,-0.00886092
1974-07-29,-0.01696027,-0.01752533,-0.01039845,-0.01854181
1974-07-30,-0.00704828,-0.00515659,-0.00529451,-0.00228751
1974-07-31,-0.00885547,-0.01456258,-0.00789639,-0.01952316
1974-08-01,-0.00621265,-0.00659421,-0.00432902,-0.00498183
1974-08-02,-0.00173030,-0.00187112,-0.00238798,-0.00287868
1974-08-05,0.00723758,0.00997003,0.00315720,0.00507168
1974-08-06,0.01317037,0.01640062,0.00716802,0.01311495
1974-08-07,0.02346482,0.02677891,0.00985405,0.01703732
1974-08-08,-0.00429608,-0.01266829,-0.00152475,-0.01505341
1974-08-09,-0.00368768,-0.00831101,0.00209995,0.00063761
1974-08-12,-0.00757262,-0.01337425,-0.00261786,-0.00460533
1974-08-13,-0.01613826,-0.01560475,-0.01126285,-0.02282108
1974-08-14,-0.02043606,-0.02214752,-0.01253420,-0.02371186
1974-08-15,-0.00613601,-0.00537985,-0.00471199,-0.00526493
1974-08-16,-0.00419624,-0.00782883,-0.00419160,-0.01614850
1974-08-19,-0.01542839,-0.01382930,-0.00783113,-0.01065622
1974-08-20,0.00489453,0.00493857,0.00013022,0.01082005
1974-08-21,-0.01240768,-0.01931123,-0.00812746,-0.01238496
1974-08-22,-0.01142250,-0.00927441,-0.01413265,-0.02074622
1974-08-23,-0.01473017,-0.01612506,-0.01040325,-0.01564222
1974-08-26,0.00270237,0.00917644,-0.00149846,0.00850067
1974-08-27,-0.01698767,-0.01661678,-0.00680858,-0.00900504
1974-08-28,-0.00733239,-0.00241961,-0.00225346,0.00315306
1974-08-29,-0.01764442,-0.01083962,-0.00969566,-0.01688415
1974-08-30,0.02633449,0.03144921,0.00779924,0.01826639
1974-09-03,-0.01478425,-0.02285284,-0.01113334,-0.02497721
1974-09-04,-0.02628193,-0.02562231,-0.02109844,-0.03216413
1974-09-05,0.02136077,0.03222364,0.00821256,0.02373572
1974-09-06,0.01248561,0.00759559,0.00552732,0.00764774
1974-09-09,-0.01825621,-0.02348905,-0.00856243,-0.02215451
1974-09-10,-0.00944759,-0.00644346,-0.00689450,-0.00551197
1974-09-11,-0.01081732,-0.00993240,-0.00189940,0.00126763
1974-09-12,-0.02714350,-0.02675527,-0.01609005,-0.02020622
1974-09-13,-0.02100660,-0.02280172,-0.01153317,-0.01854526
1974-09-16,0.01043911,0.01675948,-0.00021556,0.01323845
1974-09-17,0.02220753,0.01756301,0.00376185,0.00807251
1974-09-18,0.00091370,0.00473747,0.00175287,0.00767685
1974-09-19,0.03668889,0.03519905,0.01408226,0.02386692
1974-09-20,0.01121436,0.00075809,0.00609079,0.00654906
1974-09-23,-0.00117593,-0.01048481,0.00109553,-0.00471781
1974-09-24,-0.01513100,-0.02015561,-0.00583429,-0.01337802
1974-09-25,0.00294358,-0.00599766,0.00177337,-0.00170124
1974-09-26,-0.01411986,-0.01657929,-0.00749716,-0.01601072
1974-09-27,-0.01591275,-0.02321587,-0.00648295,-0.01324689
1974-09-30,-0.02287558,-0.02156433,-0.01607166,-0.02504425
1974-10-01,-0.00046033,-0.00249652,-0.00425933,-0.00246471
1974-10-02,0.00678136,-0.00008680,0.00204616,0.00340709
1974-10-03,-0.01270233,-0.01718340,-0.00803880,-0.01504627
1974-10-04,0.00396171,0.00121005,-0.00000433,0.00716910
1974-10-07,0.03740909,0.04191139,0.01237134,0.02665115
1974-10-08,0.00272220,-0.00170140,-0.00126800,-0.00860274
1974-10-09,0.03550209,0.04642970,0.01539278,0.02721771
1974-10-10,0.02888401,0.02912554,0.01955150,0.02819906
1974-10-11,0.01690880,0.01997152,0.01835018,0.02252214
1974-10-14,0.02038380,0.02247742,0.01695274,0.02249473
1974-10-15,-0.01816011,-0.01789117,-0.00183197,-0.00517438
1974-10-16,-0.01112962,-0.01563575,-0.00113945,-0.00343280
1974-10-17,0.00649142,0.01242225,0.00877944,0.01502324
1974-10-18,0.01207717,0.01566202,0.00807783,0.01168944
1974-10-21,0.01044893,0.01739867,0.00552562,0.01816725
1974-10-22,-0.00080383,-0.00524483,0.00390465,0.00556724
1974-10-23,-0.02207928,-0.02902558,-0.00749891,-0.01115706
1974-10-24,-0.01609415,-0.01143684,-0.00857693,-0.01215333
1974-10-25,0.00124587,-0.00145082,0.00281153,0.00431369
1974-10-28,-0.00134650,0.00022587,-0.00191014,-0.00535166
1974-10-29,0.02349586,0.03992466,0.01051967,0.01977228
1974-10-30,0.01607228,0.02093527,0.00966976,0.02027276
1974-10-31,0.00073806,-0.00560804,0.00411658,0.00622053
1974-11-01,0.00216032,0.00058840,0.00143144,-0.00252351
1974-11-04,-0.00878299,-0.00959591,-0.00563444,-0.00671168
1974-11-05,0.01932803,0.02775027,0.00894669,0.02344651
1974-11-06,0.00301334,-0.00398034,0.00318359,0.00279869
1974-11-07,0.00757087,0.00666319,0.00412933,0.00859296
1974-11-08,0.00170914,-0.00352608,0.00215714,-0.00182280
1974-11-11,0.00610067,0.00336634,0.00095071,0.00335202
1974-11-12,-0.01656410,-0.01952158,-0.00898500,-0.02127478
1974-11-13,-0.00491047,-0.00415427,-0.00398129,-0.00524444
1974-11-14,-0.00120072,-0.00404761,-0.00037824,0.00163118
1974-11-15,-0.01011202,-0.01609945,-0.00396178,-0.01006681
1974-11-18,-0.03335344,-0.03619876,-0.01987498,-0.03647890
1974-11-19,-0.01614758,-0.01523458,-0.01534514,-0.01774417
1974-11-20,-0.00457283,-0.00406823,-0.00556201,-0.00237242
1974-11-21,0.00315922,0.00435664,0.00284799,0.01312629
1974-11-22,0.01098243,0.01109708,0.00492325,0.01209076
1974-11-25,-0.00420043,0.00074044,-0.00301828,-0.00477760
1974-11-26,0.00828981,0.00908834,0.00291775,0.01792527
1974-11-27,0.00653946,0.00675683,0.00201685,0.00295939
1974-11-29,-0.00200121,0.00065647,0.00036590,0.00281507
1974-12-02,-0.02101042,-0.02660954,-0.01103643,-0.01991160
1974-12-03,-0.01539264,-0.01374756,-0.01247768,-0.01759775
1974-12-04,0.00114583,0.00338837,-0.00300870,-0.00044448
1974-12-05,-0.01641768,-0.01915733,-0.01309261,-0.02526827
1974-12-06,-0.01872587,-0.01735604,-0.00851358,-0.01160304
1974-12-09,0.00146430,0.00967602,-0.00727484,-0.00323425
1974-12-10,0.02035389,0.02626713,0.00567033,0.01684428
1974-12-11,0.00679135,0.00649828,0.00426296,0.00978119
1974-12-12,-0.00633402,-0.00326588,-0.00097061,0.00212929
1974-12-13,-0.00481706,-0.00539124,-0.00248028,-0.00217449
1974-12-16,-0.00624854,-0.00893639,-0.00434400,-0.00531863
1974-12-17,0.00693332,0.01687312,0.00130302,0.00697359
1974-12-18,0.00595920,0.00470755,0.00372629,0.00809202
1974-12-19,-0.00194297,-0.00366955,-0.00089492,-0.00241252
1974-12-20,-0.00871842,-0.01070589,-0.00405945,-0.01379763
1974-12-23,-0.01285603,-0.01425586,-0.00722589,-0.01330876
1974-12-24,0.01240066,0.01426488,0.00235138,0.00859811
1974-12-26,0.00936342,0.00874860,0.00622242,0.00975549
1974-12-27,0.00052333,-0.00439971,0.00095544,-0.00217826
1974-12-30,-0.00056708,0.00044946,-0.00074809,0.00118311
1974-12-31,0.02538627,0.02110269,0.01437181,0.01724838
1975-01-02,0.03506647,0.02449748,0.01270630,0.01395892
1975-01-03,0.01321661,0.00670864,0.00838907,0.00865937
1975-01-06,0.01922463,0.00506045,0.01063124,0.00769946
1975-01-07,0.00382964,-0.00082054,0.00705163,0.00114436
1975-01-08,-0.00642236,-0.01404705,0.00252215,-0.00767749
1975-01-09,0.01458328,0.01660583,0.01269785,0.01415434
1975-01-10,0.02683427,0.02026295,0.01779801,0.02027566
1975-01-13,0.00609670,-0.00430188,0.00226151,-0.00648600
1975-01-14,-0.00856268,-0.00852933,0.00005646,-0.00416534
1975-01-15,0.00646652,0.00672821,0.00820482,0.01179928
1975-01-16,0.00340863,-0.00147700,0.01051446,0.01465204
1975-01-17,-0.00906550,-0.01508253,0.00107912,-0.00659910
1975-01-20,-0.00136077,0.00167145,-0.00003798,0.00112899
1975-01-21,-0.00084250,-0.00549298,0.00086378,-0.00464996
1975-01-22,0.00948879,0.01479894,0.00215771,-0.00204553
1975-01-23,0.00799832,0.00462232,0.00774863,0.00530487
1975-01-24,0.01378308,0.01214694,0.01111081,0.01321270
1975-01-27,0.03421635,0.03518030,0.02092708,0.02548089
1975-01-28,0.00440869,0.00892613,0.01376531,0.01291406
1975-01-29,0.01244725,0.01598178,0.01239275,0.01746171
1975-01-30,-0.00878882,-0.01379687,0.00161874,-0.00134092
1975-01-31,0.01080142,0.01004623,0.00796416,0.01179245
1975-02-03,0.01339578,0.01241043,0.01231914,0.01349549
1975-02-04,-0.00703082,-0.00213625,-0.00183560,-0.00845080
1975-02-05,0.01101522,0.01828076,0.00877627,0.01393545
1975-02-06,0.00161062,-0.00376640,0.00764410,0.00500294
1975-02-07,-0.00260152,0.00134044,-0.00004226,-0.00418095
1975-02-10,-0.00303629,-0.00332916,-0.00076341,-0.00405557
1975-02-11,0.00039996,0.00287926,-0.00072229,0.00052353
1975-02-12,0.01617556,0.01726042,0.00778608,0.01127866
1975-02-13,0.01324048,0.01349275,0.01154492,0.01846074
1975-02-14,0.00342372,0.00669811,0.00530613,0.00518936
1975-02-18,-0.00130218,-0.00684966,-0.00265140,-0.01076460
1975-02-19,0.00139330,0.00645905,0.00074087,0.00637420
1975-02-20,0.00611262,0.00986006,0.00611289,0.01013951
1975-02-21,0.00480012,0.00596319,0.00558011,0.00356538
1975-02-24,-0.01243562,-0.01423099,-0.00483671,-0.00772890
1975-02-25,-0.02399882,-0.02308132,-0.01013097,-0.01388537
1975-02-26,0.01101295,0.01030742,0.00280949,0.00260326
1975-02-27,0.00623003,0.00500216,0.00437940,0.00363606
1975-02-28,0.00928236,0.00986132,0.00289653,0.00668041
1975-03-03,0.01958263,0.01776263,0.00726219,0.01216035
1975-03-04,0.00868687,0.00711683,0.00506247,0.00547508
1975-03-05,-0.00608238,-0.00791095,-0.00093147,-0.00414920
1975-03-06,0.01121825,0.00943014,0.00391454,0.00145340
1975-03-07,0.01229538,0.00688675,0.00740824,0.00496823
1975-03-10,0.01242888,0.00807861,0.00537788,0.00674262
1975-03-11,-0.00298174,-0.00659097,0.00232748,0.00197313
1975-03-12,-0.00732268,-0.00940114,-0.00527025,-0.01215542
1975-03-13,0.00067446,0.00187354,0.00626484,0.00792641
1975-03-14,0.01581731,0.01231360,0.01240423,0.01875041
1975-03-17,0.01611697,0.01544119,0.00620594,0.00225933
1975-03-18,-0.01146924,-0.01031349,-0.00056537,-0.00134665
1975-03-19,-0.00764761,-0.00923444,-0.00439041,-0.00628356
1975-03-20,-0.00419962,-0.00880014,0.00326699,0.00130700
1975-03-21,-0.00367211,-0.00256469,-0.00043246,0.00172160
1975-03-24,-0.02428468,-0.02312881,-0.01498811,-0.01923853
1975-03-25,0.00551242,0.00801935,-0.00224699,-0.00062830
1975-03-26,0.01997801,0.01853903,0.01131903,0.01698597
1975-03-27,0.00597800,0.00314942,0.00699858,0.00819032
1975-03-31,-0.00270150,-0.00580838,-0.00129455,-0.00700203
1975-04-01,-0.01025836,-0.00886103,-0.00149013,-0.00261633
1975-04-02,-0.00141374,-0.00270165,0.00301684,0.00294227
1975-04-03,-0.00584698,-0.01120065,-0.00133204,-0.00910233
1975-04-04,-0.00445417,-0.00720494,-0.00144730,-0.00293687
1975-04-07,-0.00893344,-0.00651605,-0.00373710,-0.00526979
1975-04-08,0.00396024,0.00790477,0.00222320,0.00315983
1975-04-09,0.01732118,0.02317082,0.00766154,0.01249113
1975-04-10,0.01126037,0.01132323,0.00473048,0.00468289
1975-04-11,0.00787535,0.00497692,0.00552318,0.00712190
1975-04-14,0.01581791,0.01723021,0.00766111,0.01412644
1975-04-15,0.00764071,0.00831057,0.00357763,0.00270517
1975-04-16,0.00500420,0.00350207,0.00303262,0.00656154
1975-04-17,0.00880716,0.00732938,0.00498871,0.00299992
1975-04-18,-0.00516928,-0.01088153,0.00083182,-0.00261645
1975-04-21,0.01325882,0.01090475,0.00684953,0.01358557
1975-04-22,-0.00207032,-0.00164038,-0.00382638,-0.00700019
1975-04-23,-0.01227079,-0.01117798,-0.00415680,-0.00387435
1975-04-24,0.00122962,-0.00071828,0.00160711,-0.00142072
1975-04-25,0.00646395,0.00687790,0.00612757,0.00800346
1975-04-28,-0.00229204,-0.00417520,-0.00011664,-0.00456271
1975-04-29,-0.00988063,-0.00652365,-0.00373381,-0.00581382
1975-04-30,0.01177967,0.01995602,0.00514679,0.00976123
1975-05-01,0.00670641,0.00944572,0.00691586,0.00946156
1975-05-02,0.01108385,0.01285711,0.00677577,0.01246086
1975-05-05,0.00856481,0.01041463,0.00638389,0.01138642
1975-05-06,-0.01133889,-0.01521812,-0.00193642,-0.00402400
1975-05-07,0.00309606,0.00503765,0.00367379,0.00626956
1975-05-08,0.01004130,0.00598606,0.00701309,0.01013115
1975-05-09,0.01293671,0.01149526,0.01053383,0.00839474
1975-05-12,0.00055381,0.00115220,0.00070780,-0.00634741
1975-05-13,0.00746114,0.01082006,0.00213052,0.00076598
1975-05-14,0.00702135,0.00786623,0.00558619,0.00673138
1975-05-15,-0.00486884,-0.00944168,0.00092697,-0.00126916
1975-05-16,-0.00634290,-0.01078512,-0.00077741,-0.00422261
1975-05-19,0.00128115,0.00138817,-0.00088268,-0.00498783
1975-05-20,-0.00221144,-0.00507942,0.00034820,-0.00192523
1975-05-21,-0.01256048,-0.01110799,-0.00497980,-0.01080087
1975-05-22,0.00391370,0.00421877,0.00427373,0.00783078
1975-05-23,0.01154071,0.01391248,0.01018338,0.01391925
1975-05-27,0.00264116,-0.00128829,0.00141510,-0.00143107
1975-05-28,-0.00554163,-0.00716041,-0.00121953,-0.00631018
1975-05-29,-0.00076809,-0.00013211,0.00159230,-0.00214913
1975-05-30,0.01569978,0.01653131,0.01217295,0.01608118
1975-06-02,0.01629569,0.01607095,0.00740480,0.00938718
1975-06-03,0.00651159,0.00334740,0.00219807,0.00305752
1975-06-04,0.00064088,-0.00285709,0.00259498,-0.00106923
1975-06-05,0.00007416,0.00091172,0.00272694,0.00184621
1975-06-06,-0.00211371,-0.00235437,0.00321163,0.00667655
1975-06-09,-0.01131088,-0.01348489,-0.00416312,-0.00833100
1975-06-10,-0.01046004,-0.00816215,-0.00503851,-0.00665456
1975-06-11,0.00100038,0.00115292,0.00241951,0.00331022
1975-06-12,-0.00326849,-0.00537205,-0.00273979,-0.00609812
1975-06-13,0.00436622,0.00471087,0.00279206,0.00556823
1975-06-16,0.00855655,0.01041240,0.00525820,0.00758094
1975-06-17,-0.00635529,-0.00945055,-0.00229988,-0.00670328
1975-06-18,-0.00195113,-0.00206127,0.00003721,0.00073345
1975-06-19,0.01677310,0.01848934,0.00817286,0.01321979
1975-06-20,0.00828389,0.00638095,0.00896117,0.00825936
1975-06-23,0.00900500,0.01119332,0.00612418,0.00664406
1975-06-24,0.00746152,0.00627160,0.00604684,0.00617206
1975-06-25,0.00527317,0.00449766,0.00391652,0.00071055
1975-06-26,0.00263808,0.00173816,0.00440264,0.00180386
1975-06-27,0.00405026,0.00005889,0.00306362,0.00020225
1975-06-30,0.00675979,0.00424301,0.00426319,0.00597342
1975-07-01,-0.00289464,-0.00364948,-0.00198999,-0.00832265
1975-07-02,-0.00833670,-0.00704329,-0.00367552,-0.00832937
1975-07-03,0.00390413,0.00213786,0.00561887,0.00621111
1975-07-07,-0.00562111,-0.00850103,-0.00236990,-0.00636727
1975-07-08,-0.00183915,-0.00153073,-0.00168945,-0.00266009
1975-07-09,0.01684750,0.01493749,0.01132736,0.01291434
1975-07-10,0.00402642,-0.00007345,0.00701653,0.00361380
1975-07-11,0.00154802,-0.00157242,0.00575927,0.00394618
1975-07-14,0.00645766,0.00591133,0.00658541,0.00458556
1975-07-15,0.00723821,0.00464600,0.00640223,0.00489209
1975-07-16,-0.00757209,-0.01037433,-0.00304002,-0.00717950
1975-07-17,-0.00695577,-0.01031556,-0.00157728,-0.00276546
1975-07-18,-0.00261349,-0.00465449,0.00092488,-0.00198382
1975-07-21,-0.00745531,-0.00800171,-0.00168709,-0.00269981
1975-07-22,-0.01317368,-0.01081397,-0.00919932,-0.01184410
1975-07-23,-0.01633526,-0.01387449,-0.00975561,-0.01282445
1975-07-24,-0.00708281,-0.00108097,-0.00674504,-0.00544922
1975-07-25,-0.00832929,-0.00868689,-0.00311917,-0.00641707
1975-07-28,-0.00958230,-0.00631273,-0.00515132,-0.00529563
1975-07-29,-0.00756690,-0.00535399,-0.00559596,-0.00477570
1975-07-30,0.00591705,0.00788205,0.00239024,0.00443131
1975-07-31,0.00266066,-0.00071597,0.00248600,0.00208863
1975-08-01,-0.00848785,-0.00852240,-0.00539291,-0.01586628
1975-08-04,-0.01050770,-0.00889389,-0.00703372,-0.00952920
1975-08-05,-0.01286988,-0.01045583,-0.00915357,-0.00967550
1975-08-06,-0.00110594,0.00093253,-0.00263534,0.00150542
1975-08-07,-0.00064751,0.00100114,-0.00492755,-0.00823667
1975-08-08,-0.00381752,-0.00297803,-0.00186851,0.00022227
1975-08-11,0.00051296,0.00699606,-0.00096534,-0.00058517
1975-08-12,0.01021444,0.00655507,0.00213179,0.00199950
1975-08-13,-0.01003339,-0.01338485,-0.00522413,-0.00580474
1975-08-14,-0.00655714,-0.00432485,-0.00365163,-0.00801637
1975-08-15,0.00727197,0.00895836,0.00186353,0.00189164
1975-08-18,-0.00004423,-0.00154463,-0.00232786,-0.00683168
1975-08-19,-0.01533615,-0.01471631,-0.00995641,-0.01798521
1975-08-20,-0.02029289,-0.02033335,-0.01220426,-0.01467303
1975-08-21,-0.00426505,-0.00157263,-0.00334878,0.00573597
1975-08-22,0.01475846,0.01571437,0.00511958,0.00704955
1975-08-25,0.01099903,0.00974221,0.00313547,0.00624107
1975-08-26,-0.01017141,-0.01271399,-0.00412870,-0.00786890
1975-08-27,0.00377832,0.00588488,0.00158339,0.00493285
1975-08-28,0.02399616,0.02347977,0.01250511,0.01959616
1975-08-29,0.00964040,0.00574418,0.00933784,0.01274030
1975-09-02,-0.01424998,-0.01606769,-0.00641778,-0.01425720
1975-09-03,0.00320232,0.00654725,0.00061403,0.00265657
1975-09-04,0.00426275,0.00221752,0.00181850,0.00095236
1975-09-05,-0.00506120,-0.00674019,-0.00145250,-0.00421516
1975-09-08,0.00140166,0.00354288,0.00052582,-0.00334658
1975-09-09,-0.01020869,-0.01500937,-0.00579379,-0.01062011
1975-09-10,-0.01436456,-0.00944809,-0.01101558,-0.01770195
1975-09-11,-0.00227378,-0.00405430,-0.00213792,-0.00503074
1975-09-12,-0.00173008,-0.00196440,0.00011310,-0.00131863
1975-09-15,-0.00753136,-0.00474664,-0.00222707,-0.00302375
1975-09-16,-0.01016788,-0.00939120,-0.00591304,-0.00880100
1975-09-17,0.00012116,0.00367853,0.00028032,0.00154106
1975-09-18,0.01629302,0.02060892,0.00546345,0.01282345
1975-09-19,0.02387902,0.02180889,0.00994494,0.02222017
1975-09-22,-0.00597015,-0.00943740,-0.00177719,-0.00690765
1975-09-23,-0.00433457,-0.00123849,0.00005516,0.00153753
1975-09-24,0.01165030,0.00970009,0.00423212,0.00692544
1975-09-25,-0.00215468,-0.00107189,-0.00120512,-0.00435126
1975-09-26,0.00526893,0.00657398,0.00138481,0.00043438
1975-09-29,-0.00747095,-0.01339168,-0.00377724,-0.01000839
1975-09-30,-0.01406375,-0.01362586,-0.00936407,-0.01351666
1975-10-01,-0.01072258,-0.01128071,-0.00758293,-0.00685106
1975-10-02,0.00521644,0.01096090,0.00135813,0.00531629
1975-10-03,0.01910540,0.02575110,0.00869765,0.01872383
1975-10-06,0.01043174,0.01110218,0.00487823,0.00796641
1975-10-07,-0.00241969,-0.00124152,-0.00112620,-0.00168032
1975-10-08,0.00912346,0.01367688,0.00622018,0.01047873
1975-10-09,0.00382250,0.00484628,0.00275925,0.00383731
1975-10-10,0.00011031,-0.00186037,0.00340740,0.00112739
1975-10-13,0.01184243,0.01443913,0.00658379,0.01010434
1975-10-14,0.00179517,-0.00200542,0.00330177,0.00684328
1975-10-15,-0.00096959,-0.00063548,0.00031506,0.00045139
1975-10-16,0.00414789,0.00147233,0.00152604,0.00026493
1975-10-17,-0.00595695,-0.00557096,-0.00448238,-0.00736492
1975-10-20,0.00629567,0.01110657,0.00369589,0.00686083
1975-10-21,0.01070785,0.00831535,0.00367850,0.00440867
1975-10-22,0.00146768,0.00170259,0.00299770,0.00643856
1975-10-23,0.00713492,0.00583716,0.00251211,0.00174418
1975-10-24,-0.00826789,-0.01562394,-0.00264587,-0.00560164
1975-10-27,-0.00112702,-0.00070805,-0.00049738,-0.00370673
1975-10-28,0.00771645,0.00914259,0.00248807,0.00603088
1975-10-29,-0.01324959,-0.01234496,-0.00856829,-0.01487884
1975-10-30,-0.00076963,-0.00084090,-0.00052660,-0.00155198
1975-10-31,-0.00140011,-0.00224745,-0.00118344,-0.00630297
1975-11-03,-0.00862661,-0.01021405,-0.00306653,-0.00446152
1975-11-04,0.00349432,0.00484097,0.00130845,0.00374182
1975-11-05,0.01020039,0.00839493,0.00459928,0.00638511
1975-11-06,0.00548738,0.00503107,0.00367798,0.00117522
1975-11-07,-0.00324641,-0.00201522,0.00207069,-0.00185814
1975-11-10,-0.00247603,0.00024560,0.00010150,0.00362155
1975-11-11,0.00440328,0.00599955,0.00242308,0.00794567
1975-11-12,0.01372963,0.01492603,0.00823307,0.01687982
1975-11-13,0.00132110,-0.00170757,0.00091421,-0.00068990
1975-11-14,0.00019561,-0.00078984,0.00057743,-0.00299348
1975-11-17,0.00525373,0.00648985,-0.00006723,0.00227902
1975-11-18,-0.00309103,-0.00496762,-0.00229746,-0.00574721
1975-11-19,-0.00962316,-0.01107605,-0.00476734,-0.00965390
1975-11-20,-0.00089853,-0.00390995,-0.00082606,-0.00243398
1975-11-21,-0.00119368,-0.00106744,0.00160824,0.00231849
1975-11-24,0.00247394,0.00352931,0.00194395,0.00305018
1975-11-25,0.00939076,0.01122587,0.00302671,0.00363879
1975-11-26,0.00383519,0.00254231,0.00241127,0.00520953
1975-11-28,0.00476386,0.00304626,0.00183072,0.00301024
1975-12-01,-0.00512476,-0.00614355,-0.00123915,-0.00126428
1975-12-02,-0.01772451,-0.01481831,-0.00941691,-0.01688897
1975-12-03,-0.02174748,-0.01948609,-0.01294429,-0.02135358
1975-12-04,0.00122040,0.00289894,-0.00421976,-0.00571958
1975-12-05,-0.00572570,-0.01178016,-0.00255941,-0.00664431
1975-12-08,-0.00267437,0.00292897,0.00022336,0.00341080
1975-12-09,-0.00013560,0.00304712,-0.00412330,-0.00463095
1975-12-10,0.00836839,0.00924058,0.00414830,0.01005684
1975-12-11,-0.00025563,-0.00294522,-0.00029300,-0.00216598
1975-12-12,-0.00113835,0.00017750,-0.00100082,-0.00213647
1975-12-15,0.00148213,0.00326126,-0.00122786,-0.00438370
1975-12-16,0.00904444,0.00975198,0.00342164,0.00953870
1975-12-17,0.00588729,0.00235526,0.00401739,0.00810544
1975-12-18,0.00468049,0.00292813,0.00412772,0.00321322
1975-12-19,-0.00337712,-0.00723651,0.00066311,-0.00160595
1975-12-22,-0.00727317,-0.00751493,-0.00251766,-0.00457365
1975-12-23,0.00621460,0.00684195,0.00043717,0.00427126
1975-12-24,0.01188803,0.00815053,0.00525068,0.00687917
1975-12-26,0.00962568,0.00903765,0.00571495,0.00970626
1975-12-29,-0.00082382,-0.00159913,0.00006243,-0.00213704
1975-12-30,-0.00357546,-0.00395046,0.00008349,-0.00338367
1975-12-31,0.00953428,0.00466961,0.01161984,0.01130435
1976-01-02,0.01025126,0.00770501,0.00589174,0.00535699
1976-01-05,0.02153032,0.01863957,0.00875450,0.00923918
1976-01-06,0.01495716,0.01041722,0.01201605,0.01945227
1976-01-07,0.00510012,0.00489447,0.00673133,0.00909296
1976-01-08,0.00648295,0.00705429,0.00663103,0.00819219
1976-01-09,0.00609420,0.00389590,0.00936059,0.00822548
1976-01-12,0.01567271,0.01446007,0.00588824,0.00475122
1976-01-13,-0.00771270,-0.00782296,0.00027085,-0.00386792
1976-01-14,0.02067305,0.01655198,0.01103769,0.01479468
1976-01-15,-0.00216017,-0.00530744,0.00408491,0.00098272
1976-01-16,0.00630641,0.00400796,0.00709454,0.00688602
1976-01-19,0.01375319,0.01404766,0.00702379,0.00500013
1976-01-20,0.00575542,0.00572090,0.00396193,0.00244110
1976-01-21,-0.00252410,-0.00629297,0.00437016,0.00033347
1976-01-22,0.00002445,-0.00201508,0.00224647,-0.00440675
1976-01-23,0.01237927,0.01204040,0.00964851,0.00741780
1976-01-26,0.00558635,0.00499571,0.00511907,-0.00244717
1976-01-27,-0.00247120,-0.00605111,0.00057814,-0.00417361
1976-01-28,-0.00733754,-0.00533567,-0.00210470,-0.00145232
1976-01-29,0.01516760,0.01635148,0.01303949,0.01837860
1976-01-30,0.00946981,0.00679564,0.00995401,0.00998612
1976-02-02,0.00326045,0.00085953,0.00553717,0.00223275
1976-02-03,0.00601564,0.00385316,0.00339925,0.00164803
1976-02-04,0.01246662,0.00736711,0.01158978,0.01230586
1976-02-05,-0.01225382,-0.01385684,-0.00140874,-0.00482743
1976-02-06,-0.00848141,-0.00874279,-0.00381444,-0.00832784
1976-02-09,0.00760720,0.00163312,0.00469518,0.00683131
1976-02-10,0.00927010,0.00830698,0.00445870,0.00128471
1976-02-11,0.00622114,0.00341009,0.00737286,0.00872505
1976-02-12,-0.00082405,-0.00535372,0.00510730,0.00190935
1976-02-13,-0.00279023,-0.00503679,0.00285974,0.00081510
1976-02-17,-0.00228455,-0.00613836,0.00171410,-0.00146592
1976-02-18,0.00983600,0.00783667,0.00717553,0.00465850
1976-02-19,0.01705508,0.01606228,0.01228452,0.00994530
1976-02-20,0.00656072,0.00706725,0.01002806,0.00944694
1976-02-23,-0.00315080,-0.00428907,0.00305526,0.00361702
1976-02-24,0.00574695,0.00464820,0.00647897,0.00494183
1976-02-25,-0.00113899,-0.00255472,0.00424240,0.00400365
1976-02-26,-0.01548001,-0.01555136,-0.00407730,-0.00708827
1976-02-27,-0.00661981,-0.00477484,-0.00758399,-0.01294642
1976-03-01,0.00283795,0.00405433,0.00147550,-0.00002606
1976-03-02,0.01035400,0.00524566,0.00700829,0.00348553
1976-03-03,-0.00417046,-0.00595532,0.00079921,-0.00412500
1976-03-04,-0.00996804,-0.00993567,-0.00269043,-0.00560180
1976-03-05,0.00192830,0.00174177,0.00117154,-0.00190869
1976-03-08,0.00909052,0.01092385,0.00538607,0.00582948
1976-03-09,0.00382603,0.00366942,0.00104892,0.00038659
1976-03-10,0.00197739,0.00405996,0.00281358,0.00264837
1976-03-11,0.00716576,0.00931760,0.00740010,0.01196813
1976-03-12,-0.00801370,-0.00989048,-0.00322554,-0.00241522
1976-03-15,-0.01154999,-0.01048353,-0.00719524,-0.01402391
1976-03-16,0.00921494,0.01170381,0.00021058,0.00194108
1976-03-17,0.00182684,-0.00131895,0.00255382,0.00234025
1976-03-18,-0.00457393,-0.00363980,-0.00466059,-0.00628988
1976-03-19,-0.00047885,0.00145367,0.00012018,0.00012167
1976-03-22,-0.00069380,0.00087533,0.00054685,0.00176486
1976-03-23,0.00999618,0.01535238,0.00237085,0.00788190
1976-03-24,0.00929991,0.01173323,0.00605402,0.00657768
1976-03-25,-0.00547907,-0.00596818,-0.00183068,-0.00266232
1976-03-26,0.00149545,0.00060103,0.00378348,0.00271390
1976-03-29,-0.00385588,-0.00424079,0.00039350,-0.00190367
1976-03-30,-0.00587177,-0.00427892,-0.00276317,-0.00181710
1976-03-31,0.00584593,0.00762963,0.00087644,0.00128399
1976-04-01,-0.00220182,-0.00461897,0.00225072,-0.00195365
1976-04-02,-0.00150183,0.00015686,0.00261772,0.00199495
1976-04-05,0.01168042,0.01247410,0.00522135,0.00954560
1976-04-06,0.00220064,-0.00098574,0.00246077,0.00104514
1976-04-07,-0.01281594,-0.01178827,-0.00737554,-0.00833928
1976-04-08,-0.01285304,-0.00920402,-0.00766851,-0.00799672
1976-04-09,-0.01130990,-0.00891322,-0.00573452,-0.01292531
1976-04-12,-0.00202614,-0.00177330,-0.00292777,-0.00317439
1976-04-13,0.00470760,0.00850927,-0.00070759,0.00115515
1976-04-14,-0.00508045,-0.00726202,-0.00010255,0.00125353
1976-04-15,0.00388365,0.00351860,0.00159544,0.00397017
1976-04-19,0.00805636,0.00723918,0.00395838,0.00595161
1976-04-20,0.01649899,0.01492041,0.00733793,0.01156343
1976-04-21,0.00473467,0.00399140,0.00345813,0.00205839
1976-04-22,-0.00005846,-0.00286284,0.00358387,0.00197924
1976-04-23,-0.00582706,-0.00666015,0.00041369,-0.00410865
1976-04-26,0.00063276,0.00122605,0.00096277,0.00018802
1976-04-27,-0.00478296,-0.00512896,-0.00331525,-0.00621686
1976-04-28,-0.00088808,0.00262041,0.00023477,0.00390693
1976-04-29,0.00263200,-0.00032960,0.00183132,0.00270420
1976-04-30,-0.00275831,-0.00434860,-0.00084593,-0.00500587
1976-05-03,-0.00847730,-0.00704444,-0.00545485,-0.01127199
1976-05-04,0.00468850,0.00654527,0.00094819,0.00244533
1976-05-05,-0.00375888,-0.00544393,0.00034879,0.00029121
1976-05-06,0.00223528,0.00327894,0.00123493,0.00242916
1976-05-07,0.00757032,0.00774787,0.00553372,0.00680337
1976-05-10,0.01313210,0.01309053,0.00612731,0.00685279
1976-05-11,0.00127993,-0.00130604,0.00162181,0.00104284
1976-05-12,-0.00219063,-0.00166715,0.00055660,0.00026283
1976-05-13,-0.00481232,-0.00571489,-0.00151794,-0.00454441
1976-05-14,-0.00565977,-0.00842341,-0.00231978,-0.00472084
1976-05-17,-0.00365817,-0.00215195,-0.00282100,-0.00305935
1976-05-18,0.00153864,0.00156490,-0.00106147,0.00072720
1976-05-19,0.00066989,-0.00011172,-0.00329407,-0.00316352
1976-05-20,0.00526798,0.00736136,0.00222971,0.00344732
1976-05-21,-0.00418362,-0.00652566,-0.00024111,-0.00162876
1976-05-24,-0.01781865,-0.01708365,-0.00931836,-0.01292139
1976-05-25,-0.00425143,0.00085545,-0.00386242,-0.00283036
1976-05-26,0.00000587,-0.00118780,0.00093034,0.00385030
1976-05-27,-0.00336979,0.00031153,-0.00288087,-0.00353070
1976-05-28,0.00788673,0.00788385,0.00348102,0.00337154
1976-06-01,-0.00168916,-0.00262133,-0.00268205,-0.00252194
1976-06-02,0.00160110,0.00348535,0.00120914,0.00393653
1976-06-03,-0.00067589,-0.00075672,0.00070338,0.00100729
1976-06-04,-0.00932983,-0.00951406,-0.00365236,-0.00569993
1976-06-07,-0.00633008,-0.00495541,-0.00475526,-0.00569095
1976-06-08,0.00188973,0.00202056,-0.00033163,-0.00097755
1976-06-09,0.00124854,-0.00043701,-0.00030166,-0.00182285
1976-06-10,0.00787894,0.00870505,0.00312463,0.00430508
1976-06-11,0.01210281,0.01322884,0.00425827,0.00494124
1976-06-14,0.01224066,0.01071674,0.00433489,0.00863705
1976-06-15,-0.00299030,-0.00497759,-0.00072385,0.00087802
1976-06-16,0.00663001,0.00542052,0.00302677,0.00570955
1976-06-17,0.01374411,0.01600973,0.00562249,0.00915068
1976-06-18,0.00422285,0.00127471,0.00364680,0.00353813
1976-06-21,0.00422053,0.00495601,0.00136828,0.00133408
1976-06-22,-0.00481419,-0.00727645,-0.00285468,-0.00695790
1976-06-23,-0.00334065,-0.00190321,-0.00214958,-0.00381774
1976-06-24,0.00647936,0.00558717,0.00487040,0.00765283
1976-06-25,0.00125988,-0.00088315,0.00232210,0.00326940
1976-06-28,-0.00144821,-0.00259974,-0.00083143,-0.00168502
1976-06-29,0.00475113,0.00390632,0.00076558,0.00285108
1976-06-30,0.00687784,0.00460900,0.00367822,0.00230022
1976-07-01,-0.00547290,-0.00663690,0.00020684,-0.00077023
1976-07-02,0.00526402,0.00492441,0.00316262,0.00734215
1976-07-06,-0.00410889,-0.00569314,-0.00118611,-0.00301335
1976-07-07,0.00247621,0.00266116,-0.00012072,0.00061917
1976-07-08,0.00235662,0.00179266,0.00320418,0.00157271
1976-07-09,0.00852265,0.00964064,0.00570765,0.00785046
1976-07-12,0.00725837,0.00854619,0.00292078,0.00527204
1976-07-13,-0.00066505,-0.00211077,-0.00013914,0.00058059
1976-07-14,0.00347282,0.00215720,0.00477244,0.00598070
1976-07-15,-0.00415439,-0.00679100,0.00104307,0.00005384
1976-07-16,-0.00455372,-0.00479156,-0.00033667,-0.00116367
1976-07-19,-0.00293641,-0.00289287,-0.00165556,-0.00344122
1976-07-20,-0.00725107,-0.00585860,-0.00367853,-0.00437005
1976-07-21,0.00114192,0.00054514,0.00077021,-0.00151695
1976-07-22,0.00022976,0.00146100,0.00099642,0.00166930
1976-07-23,0.00094395,0.00128858,0.00099300,-0.00076813
1976-07-26,-0.00112491,0.00004140,-0.00055309,-0.00119325
1976-07-27,-0.00529793,-0.00522916,-0.00173562,-0.00178030
1976-07-28,-0.00428459,-0.00354610,-0.00225939,-0.00295801
1976-07-29,-0.00074814,-0.00137173,-0.00156579,-0.00142456
1976-07-30,0.00400828,0.00491268,0.00172197,0.00464402
1976-08-02,-0.00159003,-0.00149983,-0.00037943,0.00001768
1976-08-03,0.00845477,0.01002661,0.00407298,0.00832802
1976-08-04,0.00217322,0.00223916,0.00221706,-0.00101028
1976-08-05,-0.00331170,-0.00476138,-0.00105830,-0.00452915
1976-08-06,-0.00051886,0.00011911,-0.00028587,0.00175359
1976-08-09,-0.00235792,-0.00175284,-0.00273300,-0.00286426
1976-08-10,0.00630561,0.00891444,0.00463872,0.00597273
1976-08-11,-0.00148295,-0.00281945,-0.00139506,-0.00095670
1976-08-12,-0.00098084,0.00118692,-0.00049255,0.00079575
1976-08-13,0.00083237,0.00068578,0.00067481,-0.00078413
1976-08-16,0.00108696,0.00195206,0.00116618,0.00003998
1976-08-17,0.00191601,0.00372837,0.00193710,0.00320159
1976-08-18,-0.00178737,-0.00189637,0.00047776,-0.00179694
1976-08-19,-0.01305027,-0.01123694,-0.00708330,-0.01232846
1976-08-20,-0.00986389,-0.00974083,-0.00315002,-0.00596041
1976-08-23,-0.00641541,-0.00338457,-0.00489785,-0.00628197
1976-08-24,-0.00470919,-0.00706337,-0.00312783,-0.00506671
1976-08-25,0.00551545,0.00905831,0.00072361,0.00554875
1976-08-26,-0.00405959,-0.00715571,-0.00104270,-0.00350707
1976-08-27,0.00046120,0.00159548,0.00016593,-0.00049811
1976-08-30,0.00414859,0.00602576,0.00125012,0.00232375
1976-08-31,0.01000853,0.00783374,0.00352983,0.00482528
1976-09-01,0.00799345,0.01097098,0.00689573,0.01017454
1976-09-02,-0.00010987,-0.00082161,0.00199831,0.00130525
1976-09-03,0.00390499,0.00402868,0.00354672,0.00433227
1976-09-07,0.00624383,0.00687204,0.00191420,0.00214655
1976-09-08,0.00142760,-0.00125803,0.00127584,0.00095445
1976-09-09,-0.00547315,-0.00447216,-0.00129642,-0.00381545
1976-09-10,0.00248106,0.00231496,0.00295376,0.00370355
1976-09-13,-0.00246005,-0.00310945,-0.00091127,-0.00226203
1976-09-14,-0.00349877,-0.00286870,-0.00266824,-0.00442054
1976-09-15,0.00181098,0.00254311,0.00046925,0.00085438
1976-09-16,0.00700962,0.00987377,0.00296495,0.00485396
1976-09-17,0.01027680,0.00972259,0.00412671,0.00644199
1976-09-20,0.00152660,0.00050047,0.00214235,0.00380401
1976-09-21,0.01137757,0.01390673,0.00426656,0.00499623
1976-09-22,-0.00151338,-0.00339902,0.00131696,0.00021158
1976-09-23,-0.00518817,-0.00484727,-0.00021502,-0.00216967
1976-09-24,0.00003096,-0.00107209,0.00127970,0.00059658
1976-09-27,0.00287397,0.00417536,0.00260984,0.00205724
1976-09-28,-0.01007156,-0.01172735,-0.00532834,-0.00869422
1976-09-29,-0.00567786,-0.00550654,-0.00211509,-0.00386794
1976-09-30,-0.00167070,-0.00120627,-0.00036147,-0.00006786
1976-10-01,-0.00933001,-0.00981179,-0.00458536,-0.00918943
1976-10-04,-0.00111746,-0.00158802,-0.00133953,0.00095517
1976-10-05,-0.00758083,-0.00731961,-0.00512497,-0.00801239
1976-10-06,-0.00610702,-0.00331995,-0.00563086,-0.00794654
1976-10-07,0.00498980,0.00637401,0.00263303,0.00715808
1976-10-08,-0.00743626,-0.00946677,-0.00033326,-0.00215867
1976-10-11,-0.01253775,-0.00872613,-0.00395975,-0.00400741
1976-10-12,-0.00710426,-0.00813556,-0.00304326,-0.00277507
1976-10-13,0.01354218,0.01274642,0.00201937,0.00664994
1976-10-14,-0.01056609,-0.01288989,-0.00474650,-0.00652650
1976-10-15,0.00320390,0.00076481,0.00119307,0.00370858
1976-10-18,0.00686863,0.00582434,0.00272210,0.00493430
1976-10-19,-0.00101025,-0.00029217,-0.00052229,0.00015730
1976-10-20,0.00267178,0.00251423,0.00221793,0.00230995
1976-10-21,-0.00590764,-0.00947868,-0.00099842,-0.00148965
1976-10-22,-0.00779001,-0.00765122,-0.00182222,-0.00247448
1976-10-25,-0.00030311,0.00144652,0.00060843,0.00200698
1976-10-26,0.00911275,0.01029913,0.00280264,0.00096087
1976-10-27,0.00436545,0.00668237,0.00287770,0.00262066
1976-10-28,-0.00196954,-0.00104463,0.00312636,0.00265756
1976-10-29,0.01118374,0.01356856,0.00581611,0.00643250
1976-11-01,0.00304214,0.00254738,0.00259390,0.00051807
1976-11-03,-0.01136455,-0.01176783,-0.00595884,-0.01123096
1976-11-04,0.01336317,0.00675760,0.00686744,0.00805690
1976-11-05,-0.00767475,-0.01417509,-0.00146791,-0.00672204
1976-11-08,-0.01068761,-0.01189613,-0.00446523,-0.00745593
1976-11-09,-0.00106595,-0.00265169,-0.00355847,-0.00731550
1976-11-10,-0.00529830,-0.00531539,-0.00027414,-0.00238558
1976-11-11,0.00404236,0.00849760,0.00107103,0.00343099
1976-11-12,-0.00211800,-0.00366172,0.00054306,-0.00084916
1976-11-15,0.00428927,0.00647701,0.00073034,0.00145169
1976-11-16,0.00457090,0.00199345,0.00322620,0.00494027
1976-11-17,0.00557998,0.00625707,0.00451447,0.00595057
1976-11-18,0.01235869,0.01267064,0.00737977,0.00899268
1976-11-19,0.00290776,0.00062911,0.00418092,0.00208618
1976-11-22,0.00710562,0.00649943,0.00384237,0.00617934
1976-11-23,-0.00311806,-0.00552420,-0.00017191,-0.00261660
1976-11-24,0.00598903,0.00467095,0.00591605,0.00620473
1976-11-26,0.00524898,0.00704502,0.00512499,0.00715146
1976-11-29,-0.00315928,-0.00662003,0.00007211,-0.00224175
1976-11-30,-0.00113740,-0.00332714,0.00240228,0.00062411
1976-12-01,0.00475218,0.00419655,0.00544381,0.00808220
1976-12-02,-0.00040259,-0.00370427,0.00246031,-0.00001552
1976-12-03,0.00534888,0.00618426,0.00434921,0.00538466
1976-12-06,0.01092639,0.00819529,0.00499459,0.00400558
1976-12-07,0.00285408,-0.00051918,0.00191624,0.00396916
1976-12-08,0.00796589,0.00543928,0.00433913,0.00374933
1976-12-09,0.00321845,0.00438479,0.00907165,0.00869387
1976-12-10,0.00227365,0.00153986,0.00662511,0.00587630
1976-12-13,0.00075886,-0.00023981,0.00217088,0.00070006
1976-12-14,0.00316671,0.00455520,0.00228423,0.00048546
1976-12-15,0.00475892,0.00033339,0.00214048,0.00282080
1976-12-16,-0.00321222,-0.00343681,0.00149675,0.00024212
1976-12-17,-0.00341337,-0.00541655,0.00076873,-0.00337306
1976-12-20,-0.00632845,-0.00572797,-0.00150356,-0.00163207
1976-12-21,0.00250921,0.00581414,0.00196212,0.00240982
1976-12-22,0.00493723,0.00449750,0.00511423,0.00576364
1976-12-23,-0.00019980,0.00080369,0.00342311,0.00032060
1976-12-27,0.00955175,0.01221558,0.00607420,0.00531638
1976-12-28,0.00789684,0.00687201,0.00565451,0.00617821
1976-12-29,-0.00031075,-0.00413570,0.00307839,0.00061454
1976-12-30,0.00721616,0.00542634,0.00800848,0.00763950
1976-12-31,0.00750520,0.00550926,0.00955164,0.00812763
1977-01-03,-0.00018112,-0.00440624,0.00085932,-0.00203864
1977-01-04,-0.00934630,-0.01193887,-0.00076866,-0.00518759
1977-01-05,-0.00957673,-0.00807906,-0.00056384,-0.00359627
1977-01-06,0.00326255,0.00102939,0.00516366,0.00381233
1977-01-07,0.00153480,0.00000153,0.00582735,0.00227339
1977-01-10,0.00124603,0.00185468,0.00230919,-0.00213911
1977-01-11,-0.00838043,-0.00986636,-0.00407135,-0.00964552
1977-01-12,-0.00690281,-0.00702032,-0.00270320,-0.00385637
1977-01-13,0.00878511,0.00793933,0.00720084,0.00856641
1977-01-14,0.00049390,-0.00160298,0.00458666,0.00375051
1977-01-17,-0.00227569,-0.00263454,0.00131574,-0.00054501
1977-01-18,-0.00270167,-0.00383982,0.00123247,-0.00044849
1977-01-19,0.00658483,0.00475666,0.00490099,0.00430218
1977-01-20,-0.00673469,-0.00857297,-0.00102810,-0.00519555
1977-01-21,0.00410964,0.00348196,0.00439965,0.00269510
1977-01-24,0.00106381,-0.00037296,0.00258314,0.00048934
1977-01-25,0.00229479,-0.00139153,0.00280936,-0.00346315
1977-01-26,-0.00734430,-0.00747893,-0.00146857,-0.00537251
1977-01-27,-0.00611465,-0.00554191,-0.00190355,-0.00486982
1977-01-28,-0.00192418,0.00116594,-0.00081151,-0.00324598
1977-01-31,-0.00128730,0.00189436,-0.00116572,-0.00199952
1977-02-01,0.00461298,0.00519329,0.00468905,0.00812713
1977-02-02,0.00024280,-0.00161648,0.00204521,0.00154398
1977-02-03,-0.00422620,-0.00448718,0.00049951,-0.00106125
1977-02-04,0.00372034,0.00155681,0.00453933,0.00434011
1977-02-07,0.00025198,0.00048299,0.00157362,-0.00126241
1977-02-08,-0.00151289,-0.00293317,0.00083243,0.00023609
1977-02-09,-0.00788253,-0.00883390,-0.00291828,-0.00614977
1977-02-10,0.00233230,0.00127612,0.00279283,0.00326445
1977-02-11,-0.00523517,-0.00543871,-0.00142891,-0.00203477
1977-02-14,0.00123670,0.00576944,0.00036547,0.00084695
1977-02-15,0.00264324,0.00328916,0.00162625,0.00294602
1977-02-16,0.00382771,0.00452322,0.00243438,0.00221121
1977-02-17,-0.00462103,-0.00575924,0.00015441,-0.00030919
1977-02-18,-0.00309204,-0.00324447,0.00024002,-0.00124914
1977-02-22,-0.00198422,0.00053601,-0.00040897,-0.00216184
1977-02-23,-0.00348410,-0.00296823,-0.00119380,-0.00323983
1977-02-24,-0.00524419,-0.00541387,-0.00422230,-0.00972482
1977-02-25,-0.00360112,-0.00141601,0.00096440,0.00094875
1977-02-28,0.00233173,0.00365487,-0.00130240,-0.00316323
1977-03-01,0.00906464,0.00898559,0.00398870,0.00639293
1977-03-02,-0.00054642,-0.00276513,0.00067630,0.00043745
1977-03-03,0.00407119,0.00511834,0.00215565,0.00326807
1977-03-04,0.00404967,0.00328151,0.00409386,0.00560495
1977-03-07,0.00063090,0.00107874,0.00089393,0.00120260
1977-03-08,-0.00216530,-0.00399908,0.00141071,0.00069534
1977-03-09,-0.00780192,-0.00765473,-0.00145745,-0.00473165
1977-03-10,0.00488834,0.00561667,0.00237858,0.00241512
1977-03-11,0.00298368,0.00031364,0.00287119,0.00133158
1977-03-14,0.00753327,0.00782181,0.00184016,0.00174758
1977-03-15,0.00610012,0.00527497,0.00244909,0.00224744
1977-03-16,0.00148060,0.00196176,0.00236996,0.00186978
1977-03-17,0.00055267,-0.00071778,-0.00038995,-0.00153881
1977-03-18,-0.00139509,-0.00243248,0.00068418,0.00028450
1977-03-21,-0.00327256,-0.00524576,-0.00014876,-0.00122814
1977-03-22,-0.00192773,-0.00223024,-0.00111117,-0.00192295
1977-03-23,-0.00520974,-0.00864749,-0.00279112,-0.00293890
1977-03-24,-0.00440726,-0.00484110,-0.00175565,-0.00247997
1977-03-25,-0.00664119,-0.00682359,-0.00014409,-0.00227514
1977-03-28,-0.00348811,-0.00020583,-0.00248446,-0.00433378
1977-03-29,0.00577689,0.00683140,0.00006945,0.00085583
1977-03-30,-0.00939863,-0.01197758,-0.00433041,-0.00725715
1977-03-31,0.00009686,-0.00090132,-0.00114273,-0.00078897
1977-04-01,0.00745286,0.00850065,0.00345951,0.00503057
1977-04-04,-0.00796791,-0.01008251,-0.00394218,-0.00698544
1977-04-05,-0.00452155,-0.00209437,-0.00244684,-0.00216084
1977-04-06,-0.00043933,-0.00103371,0.00138570,0.00247387
1977-04-07,0.00353617,0.00419862,0.00204814,0.00147339
1977-04-11,0.00555575,0.00576536,0.00230560,0.00405318
1977-04-12,0.01440407,0.01299595,0.00499393,0.00763688
1977-04-13,0.00027461,-0.00015846,0.00159410,0.00063850
1977-04-14,0.01060065,0.00849385,0.00594566,0.00916914
1977-04-15,0.00021808,0.00016362,0.00299966,0.00318455
1977-04-18,-0.00429147,-0.00489095,0.00041597,-0.00096974
1977-04-19,-0.00281569,-0.00425566,0.00070137,-0.00046857
1977-04-20,0.00468164,0.00334881,0.00399200,0.00305497
1977-04-21,-0.00642718,-0.00719380,-0.00023821,-0.00571196
1977-04-22,-0.01206873,-0.01340358,-0.00334862,-0.00768111
1977-04-25,-0.01331866,-0.01361032,-0.00546164,-0.00897293
1977-04-26,-0.00085100,0.00040695,-0.00254949,-0.00115786
1977-04-27,0.00947300,0.00900097,0.00397649,0.00751768
1977-04-28,0.00187215,0.00232871,0.00247233,0.00303716
1977-04-29,0.00404482,0.00245819,0.00289879,0.00458356
1977-05-02,0.00470418,0.00602867,0.00268124,0.00389847
1977-05-03,0.00580169,0.00499381,0.00356389,0.00380087
1977-05-04,0.00593248,0.00620811,0.00382200,0.00459996
1977-05-05,0.00256213,0.00271449,0.00236461,0.00281783
1977-05-06,-0.00351585,-0.00524809,0.00180647,0.00016796
1977-05-09,-0.00228919,-0.00223751,-0.00100029,-0.00104460
1977-05-10,0.00304222,0.00324051,0.00205330,0.00477858
1977-05-11,-0.00414815,-0.00688735,-0.00099452,-0.00239352
1977-05-12,-0.00026644,-0.00038776,0.00117000,0.00079882
1977-05-13,0.00309246,0.00320295,0.00421663,0.00456841
1977-05-16,0.00544663,0.00465487,0.00299922,0.00415998
1977-05-17,0.00226166,0.00382748,0.00070088,0.00112267
1977-05-18,0.00530350,0.00522572,0.00451714,0.00603555
1977-05-19,-0.00323457,-0.00426479,0.00125282,-0.00163512
1977-05-20,-0.00348827,-0.00426976,-0.00074642,-0.00374342
1977-05-23,-0.01183929,-0.01232757,-0.00439853,-0.00830319
1977-05-24,-0.00462358,-0.00382529,-0.00552032,-0.00440966
1977-05-25,-0.00899396,-0.00895623,-0.00385844,-0.00408914
1977-05-26,0.00043787,0.00239280,-0.00006291,0.00026658
1977-05-27,-0.00513718,-0.00736452,-0.00063740,-0.00255624
1977-05-31,-0.00456957,-0.00160355,-0.00310262,-0.00246060
1977-06-01,0.00754493,0.00880001,0.00134382,0.00324290
1977-06-02,-0.00062057,-0.00172726,-0.00072670,-0.00035415
1977-06-03,0.00964459,0.01003457,0.00286518,0.00432522
1977-06-06,-0.00275595,-0.00461583,-0.00010666,-0.00010380
1977-06-07,0.00349227,0.00540502,0.00067823,0.00102826
1977-06-08,0.00622274,0.00519044,0.00348228,0.00539794
1977-06-09,0.00028482,-0.00053970,0.00164873,-0.00000644
1977-06-10,0.00307180,0.00281453,0.00435695,0.00455278
1977-06-13,0.00212005,0.00379991,0.00247652,0.00292581
1977-06-14,0.00876364,0.01133912,0.00377929,0.00441391
1977-06-15,-0.00192526,-0.00264385,0.00016245,-0.00053982
1977-06-16,0.00360655,0.00285552,0.00316738,0.00523113
1977-06-17,0.00327612,0.00098217,0.00315376,0.00400465
1977-06-20,0.00384942,0.00470611,0.00178724,0.00113344
1977-06-21,0.00309697,0.00329639,0.00157406,0.00102514
1977-06-22,-0.00266936,-0.00282717,0.00024524,-0.00062539
1977-06-23,0.00275023,0.00158029,0.00312996,0.00389555
1977-06-24,0.00565994,0.00568214,0.00535955,0.00518143
1977-06-27,-0.00128861,-0.00158267,0.00172138,-0.00013493
1977-06-28,-0.00725393,-0.00856660,-0.00231859,-0.00372138
1977-06-29,0.00019241,-0.00035637,0.00119776,0.00037952
1977-06-30,0.00374299,0.00355521,0.00519214,0.00361132
1977-07-01,-0.00082987,-0.00347021,0.00307376,0.00170637
1977-07-05,0.00107816,0.00007217,0.00252036,0.00234306
1977-07-06,-0.00499962,-0.00526423,0.00071607,-0.00113355
1977-07-07,0.00324093,0.00365299,0.00285240,0.00349410
1977-07-08,0.00078270,-0.00142219,0.00516998,0.00568783
1977-07-11,0.00011325,-0.00258643,0.00133476,0.00065762
1977-07-12,-0.00054666,-0.00085836,0.00189376,-0.00150206
1977-07-13,-0.00266118,0.00128524,0.00264681,0.00178307
1977-07-15,0.00375853,0.00706479,0.00581310,0.00469210
1977-07-18,0.00537753,0.00712211,0.00420534,0.00602394
1977-07-19,0.00650026,0.00789375,0.00279261,0.00322241
1977-07-20,-0.00015919,-0.00012483,0.00131057,0.00056565
1977-07-21,-0.00138488,-0.00136345,0.00305727,0.00290568
1977-07-22,0.00082374,-0.00027325,0.00384366,0.00380093
1977-07-25,-0.00637030,-0.00753107,0.00013096,-0.00051022
1977-07-26,-0.00550211,-0.00519224,-0.00299676,-0.00583943
1977-07-27,-0.01630699,-0.01649857,-0.00879442,-0.01063778
1977-07-28,-0.00127772,0.00125442,-0.00340810,-0.00545203
1977-07-29,0.00113019,0.00085223,-0.00056700,-0.00029078
1977-08-01,0.00207247,0.00427443,0.00190901,0.00137009
1977-08-02,-0.00784789,-0.00624529,-0.00224774,-0.00335454
1977-08-03,-0.00226345,-0.00084137,-0.00378288,-0.00357859
1977-08-04,0.00579946,0.00538330,0.00334843,0.00404439
1977-08-05,0.00168342,-0.00058382,0.00346774,0.00485524
1977-08-08,-0.00626584,-0.00662484,-0.00157056,-0.00279665
1977-08-09,0.00019051,0.00129853,0.00122310,-0.00010333
1977-08-10,0.00854269,0.00895071,0.00248041,0.00331241
1977-08-11,-0.00528186,-0.00760014,0.00178014,0.00146038
1977-08-12,-0.00371742,-0.00274072,-0.00090911,-0.00172456
1977-08-15,0.00054444,0.00361829,0.00212228,0.00141159
1977-08-16,-0.00300110,-0.00411525,0.00175556,-0.00153397
1977-08-17,-0.00005770,0.00021115,0.00072121,0.00103497
1977-08-18,0.00090386,-0.00030505,0.00094380,0.00149490
1977-08-19,-0.00260327,-0.00238741,0.00138815,0.00041534
1977-08-22,0.00253758,0.00394716,0.00171417,0.00212393
1977-08-23,0.00105500,-0.00178258,0.00049630,-0.00085942
1977-08-24,-0.00257836,-0.00401814,-0.00003540,-0.00178757
1977-08-25,-0.00924698,-0.00991422,-0.00251418,-0.00551765
1977-08-26,-0.00153656,-0.00023622,-0.00132533,-0.00164705
1977-08-29,0.00820254,0.00911374,0.00464539,0.00494740
1977-08-30,-0.00421455,-0.00548520,-0.00151520,-0.00238486
1977-08-31,0.00265759,0.00406374,0.00029703,0.00009026
1977-09-01,0.00116676,0.00036126,0.00373438,0.00262251
1977-09-02,0.00629423,0.00688111,0.00470665,0.00463379
1977-09-06,0.00246794,0.00247784,0.00041543,-0.00028136
1977-09-07,0.00110951,0.00290782,0.00318520,0.00378847
1977-09-08,-0.00443274,-0.00771461,0.00068455,0.00124840
1977-09-09,-0.00830346,-0.00918854,-0.00250786,-0.00335632
1977-09-12,-0.00452437,-0.00266424,-0.00083796,-0.00261759
1977-09-13,-0.00095847,0.00063321,-0.00024372,-0.00086280
1977-09-14,0.00572656,0.00440508,0.00207959,0.00164715
1977-09-15,0.00168425,0.00332512,0.00295487,0.00351262
1977-09-16,-0.00224789,-0.00371738,-0.00109028,-0.00218577
1977-09-19,-0.00830114,-0.00665446,-0.00142375,-0.00342456
1977-09-20,-0.00114282,0.00089223,0.00067460,-0.00085901
1977-09-21,-0.00781179,-0.00812926,-0.00244691,-0.00433833
1977-09-22,-0.00045979,-0.00041407,-0.00193218,-0.00262088
1977-09-23,0.00006806,-0.00038696,0.00246523,0.00070729
1977-09-26,0.00153377,0.00391139,0.00116725,0.00233640
1977-09-27,-0.00068921,-0.00137550,-0.00103384,0.00016527
1977-09-28,0.00013771,0.00086506,0.00203973,0.00247109
1977-09-29,0.00674003,0.00555110,0.00254100,0.00275606
1977-09-30,0.00969168,0.00712908,0.00509414,0.00609840
1977-10-03,0.00261114,0.00252598,0.00326521,0.00315082
1977-10-04,-0.00415904,-0.00716623,-0.00227311,-0.00347564
1977-10-05,-0.00244088,-0.00396725,-0.00012922,0.00037333
1977-10-06,0.00300892,0.00411735,0.00325958,0.00471509
1977-10-07,0.00097277,-0.00080510,0.00319930,0.00316302
1977-10-10,-0.00212535,-0.00227668,0.00091166,0.00062491
1977-10-11,-0.00739009,-0.00851226,-0.00183882,-0.00468099
1977-10-12,-0.01176437,-0.01025744,-0.00975756,-0.01357899
1977-10-13,-0.00889394,-0.00603394,-0.00587933,-0.00822400
1977-10-14,0.00223839,0.00147450,-0.00052300,0.00017266
1977-10-17,-0.00111412,-0.00061353,-0.00080242,0.00018263
1977-10-18,0.00134505,-0.00046516,0.00123452,0.00159704
1977-10-19,-0.00961667,-0.01149902,-0.00535418,-0.00797433
1977-10-20,0.00129406,0.00280143,0.00079469,0.00178821
1977-10-21,-0.00300385,-0.00299422,0.00046358,-0.00085209
1977-10-24,-0.00785920,-0.00805540,-0.00369453,-0.00644285
1977-10-25,-0.00945075,-0.00675749,-0.00787766,-0.01005649
1977-10-26,0.01314087,0.01195449,0.00124542,0.00083777
1977-10-27,0.00270988,0.00327797,0.00253724,0.00210392
1977-10-28,0.00406622,0.00317151,0.00353533,0.00420327
1977-10-31,-0.00061896,-0.00258015,0.00217682,0.00062247
1977-11-01,-0.01022011,-0.01016043,-0.00482770,-0.00790224
1977-11-02,-0.00459719,-0.00603582,-0.00133551,-0.00238649
1977-11-03,0.00174604,0.00196750,0.00065439,0.00031065
1977-11-04,0.01112680,0.00957379,0.00610150,0.00727013
1977-11-07,0.00898583,0.00828677,0.00634679,0.00733016
1977-11-08,0.00208028,0.00155901,0.00321656,0.00370128
1977-11-09,0.00786466,0.00568046,0.00471361,0.00518806
1977-11-10,0.02048495,0.02019092,0.01036618,0.01284875
1977-11-11,0.01390964,0.01383905,0.00886517,0.00957052
1977-11-14,-0.00376346,-0.00625571,0.00149512,0.00110816
1977-11-15,0.00853895,0.00665047,0.00400315,0.00577112
1977-11-16,-0.00327539,-0.00482490,0.00297606,0.00042710
1977-11-17,0.00008213,-0.00340517,0.00340190,0.00323110
1977-11-18,0.00243352,0.00228704,0.00505709,0.00405190
1977-11-21,-0.00081657,-0.00123721,0.00205275,0.00144983
1977-11-22,0.00925902,0.00989346,0.00529391,0.00554290
1977-11-23,0.00816792,0.00574570,0.00632176,0.00830170
1977-11-25,0.00395894,0.00281154,0.00540699,0.00634620
1977-11-28,-0.00560485,-0.00626986,-0.00049038,-0.00246092
1977-11-29,-0.01436184,-0.01551477,-0.00508144,-0.00817017
1977-11-30,0.00338662,0.00233244,0.00037857,-0.00020740
1977-12-01,0.00116844,-0.00058905,0.00632084,0.00486417
1977-12-02,0.00107082,-0.00063131,0.00539780,0.00390112
1977-12-05,-0.00305594,-0.00378106,0.00137825,0.00083868
1977-12-06,-0.01689333,-0.01583933,-0.00682410,-0.01110501
1977-12-07,-0.00164281,-0.00077080,-0.00157189,-0.00090749
1977-12-08,0.00273870,0.00234887,0.00210334,0.00200176
1977-12-09,0.00667072,0.00761616,0.00452777,0.00513715
1977-12-12,-0.00036846,0.00021214,0.00319508,0.00409382
1977-12-13,-0.00101226,-0.00041560,0.00176022,0.00226840
1977-12-14,0.00472522,0.00458991,0.00141801,-0.00091081
1977-12-15,-0.00305196,-0.00504355,0.00078500,-0.00069941
1977-12-16,-0.00038580,-0.00145055,0.00230565,0.00169263
1977-12-19,-0.00904094,-0.00713091,-0.00366855,-0.00662491
1977-12-20,-0.00360163,-0.00265033,-0.00589418,-0.00749400
1977-12-21,0.00471049,0.00641639,0.00375711,0.00519564
1977-12-22,0.00714613,0.00779162,0.00364483,0.00336154
1977-12-23,0.00967796,0.01020742,0.00486524,0.00524019
1977-12-27,-0.00129990,0.00017036,0.00061529,0.00074840
1977-12-28,0.00006990,0.00000087,0.00096599,0.00068918
1977-12-29,0.00283834,0.00332648,0.00358694,0.00414266
1977-12-30,0.00251985,0.00170787,0.00491841,0.00575615
1978-01-03,-0.01025551,-0.01388662,-0.00552923,-0.01004569
1978-01-04,-0.00457124,-0.00358110,-0.00317579,-0.00277057
1978-01-05,-0.00625980,-0.00829762,-0.00182428,-0.00415574
1978-01-06,-0.01458904,-0.01164553,-0.01032637,-0.01489235
1978-01-09,-0.01343782,-0.01030744,-0.00981038,-0.01384513
1978-01-10,-0.00515740,-0.00595229,-0.00590223,-0.00640732
1978-01-11,-0.00434781,-0.00519242,-0.00324122,-0.00496949
1978-01-12,0.00028684,0.00106965,0.00318388,0.00408735
1978-01-13,0.00087660,-0.00134676,0.00386653,0.00248308
1978-01-16,-0.00390480,-0.00277776,-0.00221450,-0.00422058
1978-01-17,0.00595106,0.00522301,0.00433843,0.00651893
1978-01-18,0.00923178,0.00752417,0.00464788,0.00445325
1978-01-19,-0.00183898,-0.00496728,0.00215908,0.00169356
1978-01-20,-0.00066737,-0.00254352,0.00016181,0.00031583
1978-01-23,-0.00620239,-0.00707791,-0.00018997,-0.00257811
1978-01-24,0.00103737,0.00031216,0.00260366,0.00217427
1978-01-25,0.00200005,0.00137647,0.00281528,0.00315509
1978-01-26,-0.00689732,-0.00888752,-0.00180026,-0.00340430
1978-01-27,-0.00047780,0.00011591,0.00110483,0.00123193
1978-01-30,0.00595194,0.00929748,0.00515524,0.00335552
1978-01-31,-0.00153389,-0.00090004,0.00047355,-0.00156754
1978-02-01,0.00765653,0.00825513,0.00641787,0.00674089
1978-02-02,0.00479364,0.00310871,0.00458239,0.00405241
1978-02-03,-0.00201755,-0.00458362,0.00294906,0.00262793
1978-02-06,-0.00092026,0.00025653,0.00095683,0.00064711
1978-02-07,0.00679575,0.00871305,0.00479819,0.00494064
1978-02-08,0.00680528,0.00599351,0.00467430,0.00437093
1978-02-09,-0.00285198,-0.00491210,0.00226399,0.00030460
1978-02-10,-0.00130463,-0.00251063,0.00503763,0.00387769
1978-02-13,-0.00277831,-0.00280686,0.00019012,-0.00233275
1978-02-14,-0.00668972,-0.00844250,-0.00244730,-0.00540171
1978-02-15,-0.00325061,-0.00242264,-0.00032221,-0.00158892
1978-02-16,-0.00810244,-0.00820162,-0.00264794,-0.00351538
1978-02-17,-0.00099903,-0.00164481,0.00130554,0.00110866
1978-02-21,-0.00528783,-0.00393857,-0.00139446,-0.00220368
1978-02-22,0.00148400,0.00051303,0.00132166,0.00129963
1978-02-23,0.00152114,0.00233342,0.00163275,0.00127274
1978-02-24,0.00991956,0.00930892,0.00544775,0.00543040
1978-02-27,-0.00728931,-0.00787467,-0.00143627,-0.00407916
1978-02-28,-0.00652745,-0.00785956,-0.00316657,-0.00721711
1978-03-01,0.00144438,0.00172772,0.00009169,0.00018727
1978-03-02,0.00225499,0.00170584,0.00281650,0.00241827
1978-03-03,0.00230599,0.00137329,0.00277144,0.00256965
1978-03-06,-0.00485434,-0.00589502,-0.00032884,-0.00174291
1978-03-07,0.00476902,0.00531269,0.00292870,0.00300094
1978-03-08,0.00608860,0.00539181,0.00326067,0.00370005
1978-03-09,0.00244033,0.00087666,0.00392806,0.00448023
1978-03-10,0.01149233,0.01154239,0.00576658,0.00596329
1978-03-13,0.00224288,0.00091273,0.00162675,0.00148418
1978-03-14,0.00425666,0.00485551,0.00032385,0.00163485
1978-03-15,-0.00057516,-0.00255436,0.00179606,0.00130680
1978-03-16,0.00400043,0.00435424,0.00393565,0.00527780
1978-03-17,0.00854248,0.00799368,0.00482322,0.00541139
1978-03-20,0.00889128,0.00679550,0.00334700,0.00427665
1978-03-21,-0.00741463,-0.01174219,-0.00153476,-0.00337020
1978-03-22,-0.00174841,-0.00299755,0.00169583,0.00119054
1978-03-23,0.00118556,-0.00114784,0.00241007,0.00239938
1978-03-27,-0.00442072,-0.00551740,0.00171031,-0.00030570
1978-03-28,0.00806465,0.00746969,0.00373540,0.00407040
1978-03-29,0.00491562,0.00161284,0.00521412,0.00362926
1978-03-30,-0.00285436,-0.00270649,0.00327693,0.00085019
1978-03-31,-0.00010086,-0.00250326,0.00293960,0.00010482
1978-04-03,-0.00865063,-0.00754091,-0.00049408,-0.00266236
1978-04-04,0.00362620,0.00424662,0.00301464,0.00312859
1978-04-05,0.00871007,0.00864789,0.00652490,0.00719197
1978-04-06,0.00296275,0.00216685,0.00495473,0.00490239
1978-04-07,0.00625256,0.00431558,0.00807458,0.00724520
1978-04-10,0.00303983,0.00364439,0.00317432,0.00304581
1978-04-11,-0.00275263,-0.00264028,0.00065788,-0.00088280
1978-04-12,0.00162593,-0.00148829,0.00324037,0.00409606
1978-04-13,0.00989949,0.01025629,0.00842388,0.01031917
1978-04-14,0.01981763,0.02180665,0.00934060,0.01219525
1978-04-17,0.01345482,0.01764188,0.00412891,0.00576314
1978-04-18,-0.01073982,-0.01157160,-0.00219671,-0.00434033
1978-04-19,0.00423330,0.00444282,0.00198118,0.00179240
1978-04-20,0.00734515,0.00723582,0.00705790,0.01145610
1978-04-21,0.00108268,-0.00182586,0.00495271,0.00395191
1978-04-24,0.01106769,0.01563394,0.00395949,0.00262241
1978-04-25,0.00924768,0.00927444,0.00318934,0.00654580
1978-04-26,0.00228028,0.00229565,0.00282861,0.00390433
1978-04-27,-0.00816715,-0.01023788,0.00029147,-0.00090327
1978-04-28,0.00839979,0.01046187,0.00666298,0.00515674
1978-05-01,0.00885301,0.00927951,0.00602304,0.00689869
1978-05-02,-0.00070674,-0.00368277,0.00142870,0.00128515
1978-05-03,-0.00557496,-0.01002092,0.00230465,0.00092026
1978-05-04,0.00011447,-0.00176862,0.00326239,0.00271523
1978-05-05,0.00755248,0.00642136,0.00821726,0.00716933
1978-05-08,-0.00250741,-0.00329219,0.00108838,-0.00109959
1978-05-09,-0.00169469,-0.00185985,0.00086381,-0.00053940
1978-05-10,0.00380562,0.00042175,0.00394576,0.00417293
1978-05-11,0.01098687,0.01341484,0.00491588,0.00590805
1978-05-12,0.01137830,0.00923037,0.00791640,0.00980468
1978-05-15,0.00537910,0.00739068,0.00304179,0.00374849
1978-05-16,0.00724570,0.00637171,0.00637259,0.00802360
1978-05-17,0.00477309,0.00254523,0.00809808,0.00805354
1978-05-18,-0.00692634,-0.00938460,0.00154408,-0.00090497
1978-05-19,-0.00507263,-0.00556127,0.00119539,-0.00045252
1978-05-22,0.00794078,0.01049509,0.00344975,0.00350072
1978-05-23,-0.00619616,-0.00878998,-0.00368904,-0.00749109
1978-05-24,-0.01137726,-0.00961277,-0.00561498,-0.00933173
1978-05-25,-0.00135299,-0.00259154,0.00117930,0.00060342
1978-05-26,-0.00149018,-0.00231750,0.00152847,0.00059207
1978-05-30,0.00192226,0.00262183,0.00121893,0.00135164
1978-05-31,0.00570067,0.00427648,0.00361435,0.00232896
1978-06-01,0.00071721,0.00148925,0.00168717,0.00090858
1978-06-02,0.00725011,0.00828332,0.00527123,0.00532961
1978-06-05,0.01576016,0.01859552,0.00631196,0.00924045
1978-06-06,0.00634959,0.00434813,0.00455463,0.00660585
1978-06-07,0.00137893,-0.00221172,0.00163900,0.00214363
1978-06-08,0.00331313,0.00075373,0.00605491,0.00738594
1978-06-09,-0.00095628,-0.00275632,0.00505240,0.00351491
1978-06-12,-0.00281078,-0.00333037,0.00148600,-0.00002960
1978-06-13,-0.00156526,0.00090140,0.00142707,-0.00028251
1978-06-14,0.00232880,-0.00164247,0.00309758,0.00214655
1978-06-15,-0.01145718,-0.01140739,-0.00147114,-0.00241919
1978-06-16,-0.00986765,-0.00945332,-0.00208920,-0.00404457
1978-06-19,-0.00342977,0.00033447,-0.00379214,-0.00584075
1978-06-20,-0.00763898,-0.01015319,-0.00543997,-0.00692692
1978-06-21,-0.00898268,-0.00504920,-0.00908546,-0.01116389
1978-06-22,0.00341479,0.00226667,0.00095236,0.00036226
1978-06-23,-0.00069299,-0.00412428,0.00060826,0.00073226
1978-06-26,-0.01435642,-0.01276140,-0.00620600,-0.00933466
1978-06-27,0.00120982,0.00402998,-0.00349818,-0.00262194
1978-06-28,0.00368075,0.00443385,0.00115908,0.00287329
1978-06-29,0.00390737,0.00196534,0.00211122,0.00395073
1978-06-30,0.00112803,-0.00101913,0.00227963,0.00236691
1978-07-03,-0.00171386,-0.00401646,0.00080474,-0.00104713
1978-07-05,-0.01080474,-0.00876147,-0.00593501,-0.00765667
1978-07-06,-0.00189916,0.00089498,-0.00273904,-0.00317820
1978-07-07,0.00563275,0.00580400,0.00340709,0.00289312
1978-07-10,0.00234306,0.00397947,0.00162929,0.00220284
1978-07-11,0.00602740,0.00671363,0.00274858,0.00369934
1978-07-12,0.00399379,0.00368668,0.00377319,0.00362317
1978-07-13,0.00033315,-0.00001146,0.00218688,0.00142032
1978-07-14,0.01074040,0.01402253,0.00670801,0.00929528
1978-07-17,0.00437763,0.00250274,0.00392023,0.00617155
1978-07-18,-0.00661423,-0.00941346,-0.00092918,-0.00186198
1978-07-19,0.01073744,0.01330797,0.00399903,0.00603235
1978-07-20,0.00266624,-0.00109901,0.00568965,0.00808610
1978-07-21,-0.00351340,-0.00311602,0.00117993,-0.00143701
1978-07-24,-0.00103415,-0.00038148,0.00088813,0.00020622
1978-07-25,0.00778544,0.00808354,0.00253782,0.00169194
1978-07-26,0.00774961,0.00639860,0.00472417,0.00588031
1978-07-27,0.00710562,0.00501188,0.00587313,0.00511086
1978-07-28,0.00677763,0.00466157,0.00360560,0.00392305
1978-07-31,0.00964272,0.00766012,0.00558191,0.00585170
1978-08-01,0.00161819,0.00076840,0.00241831,0.00418676
1978-08-02,0.01845084,0.02442592,0.00827817,0.01100937
1978-08-03,0.00573081,0.00509395,0.00378271,0.00682568
1978-08-04,0.00337640,0.00502062,0.00461421,0.00613660
1978-08-07,0.00137103,-0.00345715,0.00278165,0.00424849
1978-08-08,0.00543554,0.00515353,0.00346382,0.00238762
1978-08-09,0.00669877,0.00484213,0.00784303,0.00897584
1978-08-10,-0.00422730,-0.00777756,0.00208505,-0.00028058
1978-08-11,0.00371357,0.00300771,0.00580503,0.00330742
1978-08-14,0.00169575,0.00055616,0.00267136,0.00083449
1978-08-15,-0.00091806,-0.00080541,0.00157102,-0.00128630
1978-08-16,0.00759998,0.00768566,0.00697275,0.00646729
1978-08-17,0.00698673,0.00464385,0.00913825,0.01037500
1978-08-18,-0.00028522,-0.00365965,0.00387320,0.00418467
1978-08-21,-0.00900845,-0.00778459,-0.00246249,-0.00693735
1978-08-22,0.00218144,0.00371468,0.00281881,0.00111498
1978-08-23,0.00716687,0.00594853,0.00707189,0.00655367
1978-08-24,0.00411938,0.00189340,0.00535714,0.00395042
1978-08-25,0.00042301,-0.00015675,0.00520392,0.00386349
1978-08-28,-0.00673722,-0.00818226,-0.00164100,-0.00374021
1978-08-29,-0.00565216,-0.00600687,-0.00202957,-0.00415999
1978-08-30,0.00332467,0.00089612,0.00254001,0.00118832
1978-08-31,-0.00246802,-0.00226316,0.00228771,0.00159389
1978-09-01,0.00400478,0.00449743,0.00384626,0.00304066
1978-09-05,0.00410217,0.00784775,0.00033003,0.00056962
1978-09-06,0.00902952,0.00873463,0.00706197,0.00744989
1978-09-07,0.00198528,0.00047059,0.00489195,0.00478465
1978-09-08,0.01134254,0.01423092,0.00912849,0.00940202
1978-09-11,0.00324105,0.00109618,0.00511805,0.00458365
1978-09-12,0.00033175,0.00093533,0.00229824,0.00207274
1978-09-13,-0.00338412,-0.00678036,0.00346386,-0.00003524
1978-09-14,-0.00884900,-0.01122511,-0.00430533,-0.00642586
1978-09-15,-0.00894134,-0.00943071,-0.00387623,-0.00697456
1978-09-18,-0.01208552,-0.00935407,-0.00897760,-0.01242246
1978-09-19,-0.00915234,-0.00623123,-0.01071334,-0.01115076
1978-09-20,-0.01011562,-0.00775371,-0.00965179,-0.01012483
1978-09-21,-0.00003118,0.00115103,-0.00445172,-0.00436027
1978-09-22,0.00128164,-0.00018286,0.00210192,0.00146956
1978-09-25,0.00092462,0.00052259,0.00023058,-0.00092825
1978-09-26,0.00911226,0.00746808,0.00560254,0.00630959
1978-09-27,-0.00845227,-0.00958149,-0.00232412,-0.00699439
1978-09-28,0.00058380,0.00314977,0.00066573,0.00113993
1978-09-29,0.00698405,0.00546869,0.00487731,0.00590855
1978-10-02,0.00262562,0.00388936,0.00255111,0.00349188
1978-10-03,-0.00332027,-0.00345862,-0.00088682,-0.00092419
1978-10-04,0.00257611,0.00533475,0.00012839,0.00012646
1978-10-05,0.00461736,0.00192109,0.00444425,0.00349605
1978-10-06,0.00280496,0.00234907,0.00420208,0.00408121
1978-10-09,0.00789775,0.01096780,0.00401821,0.00484338
1978-10-10,0.00001492,-0.00192712,0.00228650,0.00231425
1978-10-11,0.00645120,0.01160486,0.00277759,0.00229062
1978-10-12,-0.00357555,-0.00665533,0.00229754,0.00209751
1978-10-13,-0.00301638,-0.00291436,0.00193801,-0.00002812
1978-10-16,-0.01782590,-0.01926203,-0.01032842,-0.01203968
1978-10-17,-0.02111212,-0.01365765,-0.02232815,-0.02137766
1978-10-18,-0.01078990,-0.00739714,-0.01417518,-0.01525062
1978-10-19,-0.01287284,-0.01262927,-0.01178716,-0.01260596
1978-10-20,-0.02131152,-0.01282074,-0.02834975,-0.02625057
1978-10-23,-0.00347459,0.00189131,-0.01700654,-0.01433345
1978-10-24,-0.00456762,-0.00673638,-0.00402198,-0.00608622
1978-10-25,-0.00208301,-0.00212711,-0.00023436,0.00069635
1978-10-26,-0.02225892,-0.01304342,-0.02227849,-0.02549848
1978-10-27,-0.02292724,-0.01557423,-0.02228560,-0.02252375
1978-10-30,-0.00368746,0.00667618,-0.03156837,-0.02219453
1978-10-31,-0.01521381,-0.01971966,-0.01134342,-0.00972590
1978-11-01,0.04222098,0.04225704,0.03119226,0.03161557
1978-11-02,-0.00926486,-0.01176076,0.00118186,-0.00080629
1978-11-03,0.00530361,0.00580948,0.00969218,0.00756550
1978-11-06,-0.00473325,-0.00965080,0.00007487,-0.00340606
1978-11-07,-0.01670673,-0.01352722,-0.01882136,-0.01836293
1978-11-08,0.00265265,0.00592548,0.00078543,0.00155176
1978-11-09,0.00187755,0.00015528,0.00637144,0.00790334
1978-11-10,0.00708197,0.00468890,0.00910789,0.00835573
1978-11-13,-0.01771823,-0.01675789,-0.01199514,-0.01535154
1978-11-14,-0.01315294,-0.00664399,-0.01953421,-0.01774800
1978-11-15,0.00425836,0.00229261,0.00350628,0.00518089
1978-11-16,0.00888993,0.01132166,0.00513738,0.00726312
1978-11-17,0.01185593,0.00797762,0.01093225,0.01362184
1978-11-20,0.00982638,0.00894298,0.00673548,0.00767598
1978-11-21,-0.00055382,-0.00250135,0.00125355,0.00103320
1978-11-22,0.00585237,0.00568503,0.00824468,0.00700499
1978-11-24,0.00506914,0.00427085,0.00799568,0.00728056
1978-11-27,0.00163763,0.00311211,0.00124716,0.00023744
1978-11-28,-0.00734930,-0.00868877,-0.00306380,-0.00404999
1978-11-29,-0.01434477,-0.01458156,-0.00929821,-0.01275872
1978-11-30,0.00866919,0.01004602,0.00451237,0.00531649
1978-12-01,0.01726174,0.01687849,0.01019489,0.01309137
1978-12-04,0.00137802,-0.00013903,0.00280625,0.00355397
1978-12-05,0.01269772,0.01334474,0.00816999,0.00992897
1978-12-06,0.00307231,0.00087876,0.00580303,0.00674841
1978-12-07,-0.00306415,-0.00424309,0.00157278,0.00061570
1978-12-08,-0.00367926,-0.00499713,0.00143674,0.00190120
1978-12-11,0.00329938,0.00532506,0.00324162,0.00341663
1978-12-12,-0.00577306,-0.00511714,-0.00212972,-0.00551420
1978-12-13,-0.00538276,-0.00573157,-0.00260896,-0.00333803
1978-12-14,-0.00383429,0.00017383,0.00105048,0.00047790
1978-12-15,-0.00724207,-0.00714125,-0.00341969,-0.00611275
1978-12-18,-0.02495755,-0.02054775,-0.02487767,-0.02507757
1978-12-19,0.00425504,0.00899335,0.00186297,0.00379985
1978-12-20,0.00444243,0.00429012,0.00445647,0.00542001
1978-12-21,0.00132398,-0.00034702,0.00468253,0.00406226
1978-12-22,0.01631043,0.01838942,0.01184103,0.00950827
1978-12-26,0.00827084,0.01269838,0.00509653,0.00689144
1978-12-27,-0.00653006,-0.00936135,-0.00191748,-0.00280585
1978-12-28,-0.00414627,-0.00355253,-0.00110865,0.00006838
1978-12-29,0.00226684,-0.00250237,0.00494335,0.00573876
1979-01-02,0.01072151,0.00769599,-0.00001499,-0.00108461
1979-01-03,0.01505823,0.01055010,0.00946325,0.01113997
1979-01-04,0.01245110,0.00887283,0.01209844,0.01298789
1979-01-05,0.00814022,0.00517396,0.01131459,0.01135967
1979-01-08,-0.00270897,-0.00301196,0.00097916,-0.00069278
1979-01-09,0.00814278,0.00515795,0.00803835,0.00625619
1979-01-10,-0.00339595,-0.00601551,0.00027614,-0.00326001
1979-01-11,0.00246192,0.00535370,0.00456892,0.00398137
1979-01-12,0.00900200,0.00729477,0.00886688,0.00775087
1979-01-15,0.00735199,0.00725425,0.00438042,0.00589671
1979-01-16,-0.01073315,-0.01213762,-0.00341215,-0.00573579
1979-01-17,-0.00157655,-0.00033066,-0.00181116,-0.00102260
1979-01-18,0.00563154,0.00349343,0.00609181,0.00579833
1979-01-19,0.00174104,-0.00077343,0.00374516,0.00249541
1979-01-22,-0.00072125,0.00148404,0.00161092,0.00034236
1979-01-23,0.01070196,0.00737582,0.00515773,0.00625645
1979-01-24,-0.00445797,-0.00408189,-0.00024600,-0.00075012
1979-01-25,0.00903773,0.01068056,0.00698307,0.00846315
1979-01-26,0.00494847,0.00695493,0.00535013,0.00469288
1979-01-29,-0.00277030,-0.00267018,0.00017734,-0.00249107
1979-01-30,-0.00388423,-0.00366821,-0.00096096,-0.00214328
1979-01-31,-0.00991548,-0.01242606,-0.00437840,-0.00550170
1979-02-01,-0.00083792,0.00159671,0.00063492,-0.00025955
1979-02-02,-0.00230939,-0.00447018,0.00159122,0.00045927
1979-02-05,-0.01433648,-0.01327809,-0.00822488,-0.01092797
1979-02-06,0.00050111,-0.00012881,-0.00065319,0.00003767
1979-02-07,-0.01108684,-0.00811795,-0.00964501,-0.01175685
1979-02-08,0.00592554,0.00575020,0.00534604,0.00527758
1979-02-09,0.00408986,0.00256939,0.00311997,0.00289192
1979-02-12,0.00126746,0.00339499,0.00123784,0.00288738
1979-02-13,0.00790991,0.00807004,0.00645861,0.00703541
1979-02-14,0.00059682,-0.00125929,-0.00101314,-0.00229476
1979-02-15,-0.00184723,-0.00099990,0.00355001,0.00274039
1979-02-16,0.00119031,-0.00012959,0.00545211,0.00543856
1979-02-20,0.00658140,0.00788310,0.00257788,0.00228305
1979-02-21,-0.00152134,-0.00328128,-0.00001301,-0.00066396
1979-02-22,-0.00477106,-0.00620182,-0.00103622,-0.00226313
1979-02-23,-0.00565097,-0.00571671,-0.00122716,-0.00260996
1979-02-26,-0.00063153,-0.00080208,-0.00016350,-0.00088543
1979-02-27,-0.01703366,-0.01589526,-0.01583899,-0.01780196
1979-02-28,0.00136907,0.00184177,-0.00226249,-0.00058780
1979-03-01,0.00768536,0.00692434,0.00520470,0.00631581
1979-03-02,0.00230117,0.00041338,0.00356668,0.00284151
1979-03-05,0.01149926,0.01205881,0.00675172,0.00910571
1979-03-06,-0.00225950,-0.00244557,-0.00142388,-0.00187343
1979-03-07,0.00754341,0.00654361,0.00744111,0.00983584
1979-03-08,0.01217975,0.01134206,0.00828747,0.01152759
1979-03-09,0.00024388,-0.00006421,0.00395153,0.00183161
1979-03-12,0.00091880,0.00179691,0.00029010,-0.00007803
1979-03-13,0.00378477,0.00192336,0.00392292,0.00399052
1979-03-14,-0.00055099,-0.00112518,0.00072244,-0.00029390
1979-03-15,0.00164837,0.00130727,0.00184099,0.00234058
1979-03-16,0.00623129,0.00832381,0.00476649,0.00526984
1979-03-19,0.00444123,0.00384838,0.00412438,0.00451217
1979-03-20,-0.00556661,-0.00556862,-0.00188625,-0.00239845
1979-03-21,0.00756330,0.00785459,0.00419971,0.00495977
1979-03-22,0.00560443,0.00423372,0.00566731,0.00422574
1979-03-23,0.00284138,-0.00109509,0.00505805,0.00360100
1979-03-26,-0.00401463,-0.00514257,-0.00180025,-0.00317850
1979-03-27,0.01254386,0.01497558,0.00481453,0.00539032
1979-03-28,-0.00279358,-0.00426184,0.00073161,0.00012774
1979-03-29,0.00130576,-0.00106345,0.00244247,0.00321442
1979-03-30,-0.00150512,-0.00445462,0.00280634,0.00317080
1979-04-02,-0.00653561,-0.00640609,-0.00141202,-0.00243480
1979-04-03,0.01384444,0.01516774,0.00759087,0.00793994
1979-04-04,0.00421479,0.00291827,0.00434685,0.00403372
1979-04-05,0.00463773,0.00613844,0.00350911,0.00272686
1979-04-06,0.00018618,-0.00068980,0.00336577,0.00300257
1979-04-09,-0.00260452,-0.00315132,-0.00030251,0.00013843
1979-04-10,0.00522563,0.00451829,0.00395411,0.00380810
1979-04-11,-0.00706474,-0.00972378,-0.00360717,-0.00450528
1979-04-12,-0.00075070,-0.00296701,0.00181459,-0.00015383
1979-04-16,-0.00964085,-0.00828813,-0.00594408,-0.00772988
1979-04-17,0.00161615,0.00087890,-0.00167630,-0.00149735
1979-04-18,0.00604070,0.00471207,0.00463578,0.00465679
1979-04-19,-0.00323213,-0.00438451,0.00134395,0.00182508
1979-04-20,-0.00094246,-0.00022704,0.00258789,0.00355064
1979-04-23,0.00127858,0.00359132,0.00313548,0.00170025
1979-04-24,0.00508360,0.00577519,0.00461495,0.00401633
1979-04-25,0.00349345,0.00339830,0.00514070,0.00389045
1979-04-26,-0.00206097,-0.00480925,-0.00007427,-0.00134231
1979-04-27,-0.00160019,-0.00234936,-0.00131693,-0.00215594
1979-04-30,-0.00043574,0.00040543,-0.00216713,-0.00440650
1979-05-01,-0.00200942,-0.00015350,0.00028303,-0.00022296
1979-05-02,-0.00114182,0.00110897,0.00169761,0.00170083
1979-05-03,-0.00020278,0.00069977,0.00270984,0.00186431
1979-05-04,-0.00866949,-0.00995221,-0.00292696,-0.00335862
1979-05-07,-0.01911460,-0.01608303,-0.02009835,-0.02266150
1979-05-08,-0.00208918,0.00223541,-0.00715342,-0.00652162
1979-05-09,0.00584776,0.00283896,0.00532733,0.00571148
1979-05-10,-0.00847242,-0.00929978,-0.00239180,-0.00472544
1979-05-11,0.00114898,0.00110832,0.00101595,0.00025891
1979-05-14,-0.00447946,-0.00496641,-0.00339410,-0.00503214
1979-05-15,0.00188040,0.00103991,0.00100297,0.00190644
1979-05-16,0.00418279,0.00336767,0.00150791,0.00274743
1979-05-17,0.01424878,0.01600711,0.00770458,0.00896654
1979-05-18,0.00095389,0.00010507,0.00411303,0.00419800
1979-05-21,0.00493685,0.00257280,0.00209987,0.00192076
1979-05-22,0.00398481,0.00493103,0.00461072,0.00612305
1979-05-23,-0.00166463,-0.00484636,0.00203537,0.00185889
1979-05-24,0.00282179,0.00126647,0.00151982,0.00048023
1979-05-25,0.00368750,0.00258334,0.00327877,0.00350359
1979-05-29,-0.00147223,-0.00191409,-0.00073555,-0.00172287
1979-05-30,-0.00983660,-0.00950734,-0.00642701,-0.00834982
1979-05-31,0.00203147,0.00004536,-0.00045662,0.00027712
1979-06-01,0.00111343,0.00071899,0.00302301,0.00256964
1979-06-04,0.00150334,0.00238858,0.00155935,0.00164343
1979-06-05,0.01117109,0.01302302,0.00725989,0.00942243
1979-06-06,0.00623600,0.00670217,0.00434871,0.00471893
1979-06-07,0.00616632,0.00545560,0.00559945,0.00713898
1979-06-08,0.00012336,-0.00258639,0.00402361,0.00281311
1979-06-11,0.00206714,0.00377369,0.00082418,0.00084219
1979-06-12,0.01153149,0.00952431,0.00526797,0.00644056
1979-06-13,-0.00071119,-0.00509481,0.00130494,0.00031293
1979-06-14,-0.00171514,-0.00176533,-0.00095322,0.00001730
1979-06-15,0.00242686,0.00015812,0.00097975,0.00143709
1979-06-18,-0.00402744,-0.00617851,-0.00258665,-0.00273102
1979-06-19,0.00125350,0.00087100,0.00049317,0.00142493
1979-06-20,0.00127457,0.00059595,0.00321997,0.00334105
1979-06-21,0.00354720,0.00452648,0.00329993,0.00131253
1979-06-22,0.00642089,0.00500742,0.00419760,0.00373795
1979-06-25,-0.00632770,-0.00536282,-0.00206464,-0.00130252
1979-06-26,-0.00301586,-0.00429844,-0.00182580,-0.00208433
1979-06-27,0.00459469,0.00574181,0.00478209,0.00695583
1979-06-28,0.00520982,0.00554881,0.00436570,0.00529708
1979-06-29,0.00122114,0.00087376,0.00165873,0.00092921
1979-07-02,-0.00921162,-0.00886667,-0.00512523,-0.00844172
1979-07-03,0.00283805,0.00109185,0.00019899,0.00082256
1979-07-05,0.00397905,0.00334697,0.00428674,0.00615175
1979-07-06,0.01077215,0.01145915,0.00615054,0.00638811
1979-07-09,0.00796855,0.00850546,0.00305668,0.00392064
1979-07-10,-0.00307261,-0.00273144,-0.00011705,-0.00128186
1979-07-11,-0.00115805,-0.00590132,-0.00002059,-0.00039047
1979-07-12,-0.00499978,-0.00842612,0.00007391,-0.00128064
1979-07-13,-0.00249064,-0.00367306,-0.00067854,-0.00095270
1979-07-16,0.00399376,0.00456495,0.00206496,0.00293393
1979-07-17,-0.00824765,-0.00853791,-0.00491900,-0.00746047
1979-07-18,-0.00471598,-0.00173012,-0.00476158,-0.00386895
1979-07-19,0.00115653,-0.00116053,0.00296391,0.00235588
1979-07-20,0.00336763,0.00265171,0.00281484,0.00308212
1979-07-23,-0.00302537,-0.00276408,-0.00075488,-0.00309770
1979-07-24,0.00407720,0.00373502,0.00373462,0.00388950
1979-07-25,0.01106171,0.01144412,0.00559218,0.00632585
1979-07-26,0.00321137,0.00041698,0.00385654,0.00501801
1979-07-27,0.00194939,0.00055026,0.00345666,0.00249800
1979-07-30,0.00266933,0.00145757,0.00242616,0.00381983
1979-07-31,0.00697808,0.00677440,0.00452689,0.00534304
1979-08-01,0.00570681,0.00390847,0.00445865,0.00467215
1979-08-02,0.00169931,-0.00033810,0.00340079,0.00419065
1979-08-03,-0.00019071,-0.00070775,0.00264384,-0.00048519
1979-08-06,0.00168425,0.00317428,0.00046051,-0.00013359
1979-08-07,0.01169861,0.01413963,0.00448131,0.00642909
1979-08-08,0.00685736,0.00384490,0.00311095,0.00490144
1979-08-09,-0.00182837,-0.00422135,0.00133892,0.00144415
1979-08-10,0.00813407,0.00912513,0.00459692,0.00567627
1979-08-13,0.01068001,0.00974624,0.00493458,0.00689431
1979-08-14,0.00305791,0.00144995,0.00148311,0.00088676
1979-08-15,0.00654914,0.00729819,0.00561579,0.00547893
1979-08-16,0.00092195,-0.00170850,0.00213646,0.00240568
1979-08-17,-0.00068515,0.00251680,0.00295475,0.00322675
1979-08-20,0.00337552,0.00564077,0.00234581,0.00155216
1979-08-21,0.00108515,0.00021409,0.00117520,0.00056969
1979-08-22,0.00247032,0.00139722,0.00431598,0.00534493
1979-08-23,-0.00201156,-0.00364568,0.00387515,0.00268419
1979-08-24,0.00000956,0.00004375,0.00196891,0.00141274
1979-08-27,0.00484114,0.00642076,0.00365077,0.00349018
1979-08-28,-0.00048245,-0.00068495,0.00085421,0.00107767
1979-08-29,0.00077952,-0.00031986,0.00308000,0.00334231
1979-08-30,0.00085371,-0.00008495,0.00106928,-0.00073021
1979-08-31,0.00453914,0.00325655,0.00384881,0.00195970
1979-09-04,-0.01540432,-0.01698653,-0.00950781,-0.01258893
1979-09-05,-0.01417143,-0.00958788,-0.01515864,-0.01616176
1979-09-06,0.00571387,0.00410611,0.00415806,0.00551309
1979-09-07,0.00690219,0.00757672,0.00540996,0.00825753
1979-09-10,0.00595919,0.00558358,0.00456309,0.00609600
1979-09-11,-0.00483346,-0.00631290,-0.00265667,-0.00377808
1979-09-12,0.00519046,0.00333593,0.00240871,0.00217327
1979-09-13,0.00221991,0.00009091,0.00426021,0.00453165
1979-09-14,0.00797463,0.00927599,0.00660061,0.00838594
1979-09-17,-0.00117231,-0.00007372,0.00095978,-0.00047518
1979-09-18,-0.00772457,-0.00688648,-0.00579185,-0.00832242
1979-09-19,0.00168336,0.00290829,0.00141428,0.00192368
1979-09-20,0.01227943,0.02127706,0.00422668,0.00522622
1979-09-21,0.00254261,-0.00122770,0.00306260,0.00267534
1979-09-24,-0.00645566,-0.00815254,-0.00232993,-0.00341280
1979-09-25,-0.00024583,0.00114749,-0.00295781,-0.00170694
1979-09-26,0.00324304,0.00199006,0.00324285,0.00385177
1979-09-27,0.00213435,0.00182678,0.00284086,0.00320546
1979-09-28,-0.00602741,-0.00824544,-0.00121515,-0.00285446
1979-10-01,-0.00665913,-0.00656513,-0.00204378,-0.00289890
1979-10-02,0.00701699,0.00933152,0.00281451,0.00292276
1979-10-03,0.00312826,0.00043810,0.00362730,0.00346812
1979-10-04,0.00552509,0.00565021,0.00482596,0.00639544
1979-10-05,0.00785025,0.00960650,0.00567794,0.00627709
1979-10-08,-0.01449946,-0.01192731,-0.00641948,-0.00879183
1979-10-09,-0.03899980,-0.03070385,-0.03463643,-0.03788987
1979-10-10,-0.02352984,-0.01170086,-0.04333610,-0.03934099
1979-10-11,0.00205704,-0.00266219,0.00371933,0.00591404
1979-10-12,-0.00205556,-0.00516991,0.00496077,0.00411076
1979-10-15,-0.01461059,-0.01037567,-0.01268661,-0.01628949
1979-10-16,-0.00115438,-0.00206056,-0.00044515,-0.00002170
1979-10-17,0.00386623,0.00245519,0.00432341,0.00518476
1979-10-18,0.00015772,0.00165985,0.00230055,0.00309930
1979-10-19,-0.02209291,-0.02038371,-0.01506139,-0.01970649
1979-10-22,-0.01510573,-0.00854290,-0.02363619,-0.02424163
1979-10-23,-0.00311982,-0.00343388,-0.00538148,-0.00434812
1979-10-24,0.00324647,0.00157033,0.00212620,0.00369109
1979-10-25,-0.00209195,-0.00369901,-0.00189790,-0.00193305
1979-10-26,0.00567116,0.00565455,0.00757677,0.00821824
1979-10-29,0.00184706,0.00205485,0.00135023,0.00170470
1979-10-30,0.01475213,0.02001907,0.00867407,0.01308738
1979-10-31,-0.00461946,-0.00778858,0.00040909,-0.00000435
1979-11-01,0.00608327,0.00816388,0.00564727,0.00657747
1979-11-02,0.00213403,0.00135016,0.00520599,0.00332481
1979-11-05,-0.00755837,-0.00660024,-0.00369521,-0.00528448
1979-11-06,-0.00602632,-0.00600869,-0.00202753,-0.00310390
1979-11-07,-0.01184826,-0.01203585,-0.00907000,-0.01120235
1979-11-08,0.00616486,0.00556874,0.00266081,0.00506708
1979-11-09,0.01257443,0.01257546,0.00935933,0.00863024
1979-11-12,0.01526386,0.01991327,0.00703887,0.00912676
1979-11-13,-0.00220350,-0.00535762,0.00108319,0.00052615
1979-11-14,0.00537070,0.00371585,0.00436573,0.00475513
1979-11-15,0.00845165,0.00722936,0.00685377,0.00891245
1979-11-16,-0.00255123,-0.00228872,0.00163220,0.00174491
1979-11-19,0.00360236,0.00412584,0.00436354,0.00696592
1979-11-20,-0.00266195,-0.00554647,-0.00060265,-0.00287392
1979-11-21,0.00335555,0.00229644,-0.00373783,-0.00405048
1979-11-23,0.00717667,0.00767772,0.00606250,0.00725801
1979-11-26,0.02306364,0.02260871,0.01317663,0.01615999
1979-11-27,0.00156305,-0.00362185,0.00544578,0.00375276
1979-11-28,0.00464723,0.00373637,0.00602391,0.00661653
1979-11-29,0.00297617,0.00066102,0.00672269,0.00450228
1979-11-30,-0.00458899,-0.00582985,0.00247069,0.00029977
1979-12-03,-0.00186978,-0.00279334,0.00001216,-0.00265844
1979-12-04,0.00773972,0.00910422,0.00576867,0.00735185
1979-12-05,0.00539646,0.00488487,0.00694875,0.00775025
1979-12-06,0.00743461,0.00685162,0.00719565,0.00777740
1979-12-07,0.00003179,-0.00491670,0.00396542,0.00275750
1979-12-10,0.00396929,0.00237138,0.00512120,0.00417590
1979-12-11,-0.00187542,-0.00213229,0.00101917,-0.00121607
1979-12-12,0.00201667,0.00027918,0.00412191,0.00438035
1979-12-13,0.00254231,0.00180852,0.00320460,0.00277564
1979-12-14,0.01064963,0.01199805,0.00695439,0.00733943
1979-12-17,0.00496171,0.00436213,0.00486309,0.00442658
1979-12-18,-0.00816358,-0.01008842,-0.00330116,-0.00559631
1979-12-19,-0.00047522,-0.00074387,0.00069472,-0.00048705
1979-12-20,0.00373328,0.00069909,0.00504244,0.00403704
1979-12-21,-0.00398451,-0.00687458,0.00112377,-0.00068741
1979-12-24,0.00168614,0.00153350,-0.00015055,-0.00077716
1979-12-26,0.00105264,0.00118530,0.00190437,0.00035093
1979-12-27,0.00163654,0.00140576,0.00176137,0.00124294
1979-12-28,0.00031385,-0.00074709,0.00385387,0.00349323
1979-12-31,0.00196789,0.00007584,0.00202288,0.00168097
1980-01-02,-0.01615252,-0.02011034,-0.01501627,-0.01981063
1980-01-03,-0.00802613,-0.00448360,-0.01356078,-0.01432719
1980-01-04,0.01529318,0.01231800,0.01212309,0.01365522
1980-01-07,0.00386541,0.00315331,0.00430196,0.00391181
1980-01-08,0.01681375,0.02133600,0.01244426,0.01383986
1980-01-09,0.00553144,-0.00026923,0.00685149,0.00611561
1980-01-10,0.00926297,0.00860905,0.01048312,0.00971930
1980-01-11,0.00371839,0.00096101,0.00572586,0.00469546
1980-01-14,0.00555154,0.00349062,0.00585871,0.00311864
1980-01-15,0.00285955,0.00720236,0.00546884,0.00352642
1980-01-16,0.00057125,-0.00090304,0.00632788,0.00573929
1980-01-17,-0.00322407,-0.00340243,0.00187751,-0.00192349
1980-01-18,0.00245503,0.00361327,0.00406469,0.00175815
1980-01-21,0.00738583,0.00980624,0.00709270,0.00757007
1980-01-22,-0.00698356,-0.00569736,-0.00183632,-0.00250935
1980-01-23,0.01002138,0.01776230,0.00630907,0.00990769
1980-01-24,0.00266287,0.00151380,0.00638544,0.00444316
1980-01-25,0.00138035,-0.00081265,0.00332760,0.00220977
1980-01-28,0.00677951,0.01104605,0.00610668,0.00581312
1980-01-29,-0.00518997,-0.00606259,-0.00312024,-0.00314089
1980-01-30,0.00915801,0.01050483,0.00616590,0.00646672
1980-01-31,-0.00675606,-0.00914097,0.00241386,0.00262274
1980-02-01,0.00545421,0.00909878,0.00370173,0.00331995
1980-02-04,-0.00342856,-0.00509923,-0.00026381,-0.00199510
1980-02-05,0.00093918,0.00245457,0.00219637,0.00129640
1980-02-06,0.00481232,0.01124275,0.00465010,0.00419474
1980-02-07,0.00306999,0.00437551,0.00508679,0.00409507
1980-02-08,0.00918396,0.01443460,0.00666340,0.00830820
1980-02-11,-0.00527058,-0.00736643,-0.00276165,-0.00517037
1980-02-12,0.00381660,0.00811701,0.00150566,0.00074710
1980-02-13,0.00311840,0.00341834,0.00207045,0.00244062
1980-02-14,-0.01100786,-0.01506873,-0.00682923,-0.00775186
1980-02-15,-0.00972419,-0.00927193,-0.00532436,-0.00529010
1980-02-19,-0.00994861,-0.00719873,-0.00633713,-0.00800511
1980-02-20,0.00914678,0.01668685,0.00482530,0.00693432
1980-02-21,-0.01148824,-0.01092220,-0.00323830,-0.00451398
1980-02-22,-0.00830483,-0.00188037,-0.00511065,-0.00731835
1980-02-25,-0.01317428,-0.01347813,-0.00884897,-0.01160201
1980-02-26,-0.00018542,0.00673607,0.00209862,0.00405979
1980-02-27,-0.00904135,-0.01440502,-0.00168233,-0.00484000
1980-02-28,0.00033890,0.00020841,-0.00019243,-0.00145735
1980-02-29,0.00962886,0.01141129,0.00206656,0.00327763
1980-03-03,-0.00583045,-0.00991040,-0.00551827,-0.00708102
1980-03-04,-0.00373647,0.00332491,-0.00892354,-0.00855901
1980-03-05,-0.01554063,-0.01484773,-0.01256034,-0.01463845
1980-03-06,-0.02164618,-0.02206317,-0.02312248,-0.02630769
1980-03-07,-0.01196399,-0.01690371,-0.01509214,-0.01623374
1980-03-10,-0.00858824,-0.00243744,-0.01368701,-0.01464893
1980-03-11,0.01175903,0.01249944,0.00326479,0.00738221
1980-03-12,-0.00719786,-0.00844614,-0.00173649,-0.00121427
1980-03-13,-0.00683625,-0.01166263,0.00060734,0.00269769
1980-03-14,-0.00097106,-0.00169643,-0.00240321,-0.00335957
1980-03-17,-0.02746399,-0.02964879,-0.02502690,-0.03153583
1980-03-18,0.00781373,0.01862056,-0.00861068,-0.00370770
1980-03-19,0.00507526,0.00218195,0.00573397,0.00726339
1980-03-20,-0.00824702,-0.01229238,-0.00161556,-0.00236925
1980-03-21,-0.00693456,-0.00685598,-0.00361061,-0.00573273
1980-03-24,-0.02815185,-0.02982774,-0.02375609,-0.02875818
1980-03-25,-0.00470227,-0.00081496,-0.01494576,-0.01173791
1980-03-26,-0.00023838,-0.00521758,-0.00290020,-0.00127181
1980-03-27,-0.02591901,-0.00366467,-0.05350392,-0.05683306
1980-03-28,0.03292245,0.02506387,0.02954378,0.04022660
1980-03-31,0.01845096,0.01447824,0.01031714,0.01368103
1980-04-01,0.00662421,0.00003698,0.01172574,0.01707353
1980-04-02,0.00645098,0.00578494,0.01455671,0.02039968
1980-04-03,-0.00112059,-0.00502058,0.00057148,0.00188629
1980-04-07,-0.01653425,-0.01952591,-0.01481220,-0.01766465
1980-04-08,0.00873592,0.01094460,0.00329731,0.00835289
1980-04-09,0.01270649,0.02022566,0.00970068,0.01211498
1980-04-10,0.01168485,0.00736641,0.01049902,0.00918263
1980-04-11,-0.00068542,-0.00305281,0.00626481,0.00342791
1980-04-14,-0.01045402,-0.00942717,-0.00640352,-0.00761213
1980-04-15,-0.00353755,-0.00117315,-0.00210805,-0.00175571
1980-04-16,-0.00717400,-0.01189450,-0.00294511,-0.00413618
1980-04-17,-0.00526967,-0.00424473,-0.00705130,-0.00876258
1980-04-18,-0.00237491,-0.00515326,0.00184881,0.00172469
1980-04-21,-0.01039998,-0.00723432,-0.00785935,-0.01101958
1980-04-22,0.03021615,0.03680561,0.01647891,0.01968022
1980-04-23,0.00559125,0.00254781,0.00904089,0.00857882
1980-04-24,0.00946403,0.00709362,0.01026204,0.01323169
1980-04-25,0.00201803,0.00798467,-0.00328484,-0.00497331
1980-04-28,0.00503161,0.00431030,0.00596166,0.00499278
1980-04-29,0.00309702,0.00274486,0.00562214,0.00596087
1980-04-30,0.00421540,0.00389577,0.00507720,0.00469967
1980-05-01,-0.00491993,-0.00726265,-0.00076397,-0.00238388
1980-05-02,0.00379032,0.00145479,0.00388942,0.00402341
1980-05-05,0.00935446,0.00865932,0.00510249,0.00664654
1980-05-06,0.00458748,-0.00012213,0.00805718,0.00878183
1980-05-07,0.01271853,0.00908186,0.00923045,0.00978676
1980-05-08,-0.00371899,-0.00897624,-0.00117497,-0.00249222
1980-05-09,-0.00802185,-0.01297044,-0.00058958,-0.00163726
1980-05-12,0.00242271,0.00096351,0.00006343,-0.00057249
1980-05-13,0.01067098,0.01349069,0.00574700,0.00792655
1980-05-14,0.01066264,0.00558908,0.00719640,0.01114719
1980-05-15,0.00523219,0.00091889,0.00521098,0.00656137
1980-05-16,0.00318600,0.00448434,0.00482113,0.00460506
1980-05-19,0.00097766,0.00319878,0.00251164,0.00047086
1980-05-20,-0.00032080,-0.00064738,0.00118299,-0.00167957
1980-05-21,0.00045543,0.00125096,0.00133139,-0.00072165
1980-05-22,0.01209574,0.01297618,0.00717128,0.00831659
1980-05-23,0.01390332,0.01700549,0.00926359,0.01084189
1980-05-27,0.00615395,0.00665084,0.00330868,0.00431872
1980-05-28,0.00358197,0.00693859,0.00319132,0.00366764
1980-05-29,-0.01177698,-0.01688365,-0.00290059,-0.00319981
1980-05-30,0.00796443,0.00906297,0.00257677,0.00244147
1980-06-02,-0.00303833,-0.00338174,0.00019052,-0.00080860
1980-06-03,-0.00255660,-0.00260494,0.00002223,-0.00163411
1980-06-04,0.01370583,0.01952844,0.00623730,0.00850008
1980-06-05,0.00380945,0.00116320,0.00484478,0.00638789
1980-06-06,0.00422917,0.00387295,0.00386632,0.00305202
1980-06-09,0.00266988,0.00442997,0.00276210,0.00243123
1980-06-10,0.00568099,0.00914817,0.00544061,0.00845359
1980-06-11,0.00641105,0.01206309,0.00544525,0.00721742
1980-06-12,-0.00280983,-0.00340904,-0.00024967,0.00054721
1980-06-13,0.00596246,0.00160514,0.00611130,0.00849441
1980-06-16,0.00151257,0.00257213,0.00184704,0.00200786
1980-06-17,0.00185624,-0.00059777,0.00219987,0.00105474
1980-06-18,-0.00068800,0.00206849,0.00140264,0.00156746
1980-06-19,-0.01052147,-0.01494433,-0.00116958,-0.00282024
1980-06-20,-0.00275257,-0.00458604,-0.00077501,-0.00122371
1980-06-23,0.00431044,0.00452679,0.00289926,0.00323713
1980-06-24,0.00584340,0.00590874,0.00404892,0.00413505
1980-06-25,0.01146746,0.01376430,0.00659622,0.00662765
1980-06-26,-0.00222651,-0.00397423,0.00150201,0.00145071
1980-06-27,0.00042450,-0.00189242,0.00133973,0.00143515
1980-06-30,-0.01044965,-0.01558922,-0.00605875,-0.00876889
1980-07-01,0.00549367,0.00616976,0.00202761,0.00316396
1980-07-02,0.00734814,0.00653704,0.00491009,0.00612520
1980-07-03,0.01470820,0.01519321,0.00844441,0.01158494
1980-07-07,0.00875377,0.00730364,0.00490055,0.00689874
1980-07-08,0.00047143,-0.00342892,-0.00021671,0.00009209
1980-07-09,0.00373335,0.00107178,0.00483754,0.00288999
1980-07-10,-0.00523072,-0.00883940,-0.00018048,-0.00166146
1980-07-11,0.00531735,0.00772190,0.00507702,0.00625471
1980-07-14,0.01688691,0.01926222,0.00911324,0.01116334
1980-07-15,-0.00270595,-0.00622981,0.00211442,0.00214946
1980-07-16,0.00288139,0.00229020,0.00384817,0.00131190
1980-07-17,0.01192676,0.01607125,0.00879935,0.00910026
1980-07-18,0.00674365,0.00411593,0.00767928,0.00777689
1980-07-21,0.00237768,0.00381438,0.00354407,0.00294195
1980-07-22,-0.00047132,-0.00249444,-0.00175690,-0.00389617
1980-07-23,-0.00174499,-0.00198553,0.00055006,0.00014295
1980-07-24,-0.00058645,-0.00151064,0.00248360,0.00035438
1980-07-25,-0.00609006,-0.00819699,-0.00010571,-0.00179892
1980-07-28,0.00299897,0.00640556,0.00327778,0.00294156
1980-07-29,0.00885196,0.00831699,0.00625188,0.00684131
1980-07-30,0.00753001,-0.00068163,0.00879509,0.00842407
1980-07-31,-0.00116253,-0.00396275,-0.00051553,-0.00199812
1980-08-01,0.00042672,-0.00319520,0.00509089,0.00436946
1980-08-04,-0.00020107,-0.00153300,-0.00147767,-0.00310187
1980-08-05,0.00238021,-0.00141774,0.00375397,0.00307304
1980-08-06,0.00693191,0.00690435,0.00656171,0.00491542
1980-08-07,0.01454689,0.01657543,0.00909249,0.01046531
1980-08-08,0.00346713,0.00214513,0.00459014,0.00517730
1980-08-11,0.00636970,0.01028710,0.00556074,0.00899904
1980-08-12,-0.00698170,-0.00820076,-0.00262860,-0.00156046
1980-08-13,-0.00232034,-0.00401729,0.00145650,0.00213956
1980-08-14,0.01215438,0.01626798,0.00934446,0.00944866
1980-08-15,0.00338231,0.00369511,0.00859976,0.00611915
1980-08-18,-0.01636400,-0.01823017,-0.01035200,-0.01531192
1980-08-19,-0.00676097,-0.00620368,-0.00394322,-0.00581153
1980-08-20,0.00851583,0.00972665,0.00658851,0.00831413
1980-08-21,0.01380369,0.01410735,0.01246208,0.01258578
1980-08-22,0.00680336,0.00451534,0.00962174,0.01026097
1980-08-25,-0.00495019,-0.00560421,0.00139005,0.00013954
1980-08-26,-0.00062940,-0.00230539,0.00524916,0.00466300
1980-08-27,-0.00854596,-0.01089455,0.00039903,-0.00246426
1980-08-28,-0.01069254,-0.01150917,-0.00376305,-0.00633885
1980-08-29,0.00300281,0.00309934,0.00406102,0.00260717
1980-09-02,0.01086292,0.01133923,0.00537697,0.00423677
1980-09-03,0.01951268,0.01953998,0.01121102,0.01493230
1980-09-04,-0.00177641,-0.00586257,0.00366777,0.00346785
1980-09-05,-0.00104639,-0.00412804,0.00371032,0.00345104
1980-09-08,-0.00817786,-0.01300510,-0.00351829,-0.00634299
1980-09-09,0.00624018,0.00712645,0.00184962,0.00183805
1980-09-10,0.00783708,0.00633633,0.00832354,0.00787667
1980-09-11,0.00697583,0.00662202,0.00872362,0.01002381
1980-09-12,0.00182404,-0.00097665,0.00734346,0.00741352
1980-09-15,0.00230378,0.00107227,0.00362715,0.00036775
1980-09-16,0.01084395,0.00948644,0.00899224,0.00987609
1980-09-17,0.01327049,0.01705105,0.01189244,0.01666010
1980-09-18,-0.00199255,-0.00391841,0.00085739,-0.00176542
1980-09-19,0.00710460,0.00664728,0.00870129,0.00827015
1980-09-22,0.00406508,0.00916721,0.00202369,0.00244435
1980-09-23,-0.01043725,-0.00727016,-0.00603792,-0.00583743
1980-09-24,0.00002524,0.00744221,0.00022752,0.00058441
1980-09-25,-0.01055189,-0.01306184,-0.00205501,-0.00596730
1980-09-26,-0.02072404,-0.01876153,-0.01434160,-0.01761472
1980-09-29,-0.02328803,-0.02204252,-0.02484338,-0.02608145
1980-09-30,0.01458259,0.01566274,0.00926061,0.01210249
1980-10-01,0.00462904,0.01399936,0.00840424,0.00967359
1980-10-02,0.00757655,0.00716107,0.00666602,0.00707405
1980-10-03,0.01105617,0.01013260,0.01171055,0.01594513
1980-10-06,0.01471839,0.01811070,0.01184208,0.01673323
1980-10-07,-0.00317900,-0.00536739,0.00193421,0.00056547
1980-10-08,0.00367925,0.00498157,0.00780158,0.00370133
1980-10-09,-0.00122436,-0.00474979,0.00374252,0.00163482
1980-10-10,-0.00459299,-0.00559326,0.00278373,0.00158055
1980-10-13,0.00630227,0.01318058,0.00575896,0.00499396
1980-10-14,0.00245531,-0.00025759,0.00311017,0.00079454
1980-10-15,0.00735681,0.01357828,0.00371623,0.00071082
1980-10-16,-0.00912071,-0.01236573,-0.00522431,-0.00766121
1980-10-17,-0.00424104,-0.00483596,-0.00344184,-0.00431700
1980-10-20,0.00295680,0.00836829,0.00066769,-0.00026598
1980-10-21,-0.00485763,-0.00639125,-0.00168285,-0.00382572
1980-10-22,0.00196124,0.00051217,0.00688271,0.00750991
1980-10-23,-0.01216974,-0.01815564,-0.00754264,-0.01118645
1980-10-24,0.00184253,0.00287311,0.00328497,0.00107118
1980-10-27,-0.01064166,-0.01513339,-0.00574668,-0.00974105
1980-10-28,-0.00173383,0.00137081,-0.00304001,-0.00278592
1980-10-29,0.00036637,-0.00095300,0.00374646,0.00388760
1980-10-30,-0.01181973,-0.01345090,-0.00479426,-0.01083563
1980-10-31,0.00854685,0.01126757,0.00155610,0.00273103
1980-11-03,0.00670921,0.01367139,0.00292755,0.00194493
1980-11-05,0.01358612,0.01941781,0.01118488,0.01473905
1980-11-06,-0.01689900,-0.01834357,-0.00801590,-0.01168977
1980-11-07,0.00046874,0.00333643,-0.00134626,-0.00085398
1980-11-10,0.00133498,0.00273276,-0.00103754,-0.00178049
1980-11-11,0.01150678,0.01319484,0.00823077,0.01071975
1980-11-12,0.01951553,0.02570299,0.01163163,0.01528590
1980-11-13,0.01336006,0.01411541,0.01058651,0.01429732
1980-11-14,0.00519830,0.00493526,0.00739368,0.00787548
1980-11-17,0.00054157,0.00505717,0.00024322,-0.00097217
1980-11-18,0.01059570,0.01448392,0.00696642,0.01070536
1980-11-19,-0.00361913,-0.00536461,0.00507738,0.00628334
1980-11-20,0.00767978,0.01050417,0.00559018,0.00766965
1980-11-21,-0.00795411,-0.00837090,-0.00070963,-0.00111740
1980-11-24,-0.00632013,-0.00429282,-0.00440162,-0.00752106
1980-11-25,0.00695323,0.00742182,0.00600414,0.00576201
1980-11-26,0.00224059,0.00551794,0.00631259,0.00775671
1980-11-28,-0.00009623,0.00238226,0.00475217,0.00473033
1980-12-01,-0.01572040,-0.02356881,-0.00994292,-0.01613195
1980-12-02,-0.00157825,-0.00058560,-0.00609910,-0.00626821
1980-12-03,0.00183125,-0.00216315,0.00490122,0.00527729
1980-12-04,0.00517507,-0.00143478,0.00488580,0.00559580
1980-12-05,-0.01318816,-0.01940349,-0.00968392,-0.01489118
1980-12-08,-0.02528771,-0.02341501,-0.02617494,-0.03246702
1980-12-09,-0.00462146,-0.00106799,-0.00761307,-0.00394307
1980-12-10,-0.01424462,-0.01657911,-0.00804088,-0.00741884
1980-12-11,-0.01266225,-0.00688834,-0.02342463,-0.02259788
1980-12-12,0.01120270,0.01498322,0.00895480,0.01291791
1980-12-15,0.00226272,0.00114402,0.00265564,0.00423808
1980-12-16,0.00208745,0.00979275,-0.00119921,0.00076844
1980-12-17,0.01053953,0.01714969,0.00722319,0.01239262
1980-12-18,0.00739822,0.00059026,0.00698524,0.01054453
1980-12-19,0.00731894,0.00572695,0.00829584,0.00950300
1980-12-22,0.01589846,0.01526072,0.00801585,0.01030060
1980-12-23,0.00329930,-0.00349872,0.00113055,0.00092255
1980-12-24,0.00518202,0.00456461,0.00143997,0.00168611
1980-12-26,0.00583837,0.00538631,0.00319891,0.00603679
1980-12-29,-0.00852569,-0.01097821,-0.00366027,-0.00674721
1980-12-30,0.00176672,0.00258420,0.00175380,0.00241008
1980-12-31,0.00812425,0.00317358,0.00837658,0.00838092
1981-01-02,0.00630750,0.00464152,0.00644509,0.00614937
1981-01-05,0.01634195,0.01161317,0.00533685,0.00265207
1981-01-06,0.00540416,0.00174278,0.00468577,-0.00047580
1981-01-07,-0.02392839,-0.02232977,-0.03088190,-0.03172957
1981-01-08,-0.00905952,-0.01468105,-0.00447400,-0.00763180
1981-01-09,0.00632532,0.00358713,0.00770455,0.00877859
1981-01-12,0.00196759,-0.00001855,0.00352458,0.00425024
1981-01-13,-0.00511153,-0.00150276,0.00010504,-0.00263839
1981-01-14,0.00271629,0.00130931,0.00601912,0.00453976
1981-01-15,0.00316810,0.00524197,0.00500475,0.00378553
1981-01-16,0.00409981,0.00467207,0.00523444,0.00580483
1981-01-19,-0.00081553,-0.00297999,0.00207178,0.00238232
1981-01-20,-0.01502138,-0.02058755,-0.00941353,-0.01313764
1981-01-21,-0.00410530,-0.00231432,-0.00266282,-0.00303704
1981-01-22,-0.00692083,-0.00809190,-0.00335025,-0.00411931
1981-01-23,0.00094430,0.00015179,0.00107808,0.00170838
1981-01-26,-0.00381640,-0.00338468,-0.00387494,-0.00675675
1981-01-27,0.00703635,0.01125347,0.00339646,0.00523108
1981-01-28,-0.00055668,-0.00593541,0.00024201,0.00069137
1981-01-29,0.00402339,-0.00084382,0.00253901,0.00220901
1981-01-30,0.00022276,-0.00485857,0.00123714,-0.00055501
1981-02-02,-0.01794628,-0.01941963,-0.01807140,-0.02224860
1981-02-03,0.01019291,0.01363084,-0.00150344,0.00234195
1981-02-04,0.00519097,0.00106041,0.00383197,0.00555500
1981-02-05,0.00976357,0.00902316,0.00703706,0.00947126
1981-02-06,0.00681428,0.00859847,0.00789831,0.00803838
1981-02-09,-0.00428960,-0.00986525,-0.00200215,-0.00361249
1981-02-10,0.00026874,-0.00038663,-0.00021408,-0.00105589
1981-02-11,-0.00419374,-0.00733739,-0.00132311,-0.00438599
1981-02-12,-0.00602659,-0.00611809,-0.00289568,-0.00517470
1981-02-13,-0.00331835,-0.00242494,-0.00205177,-0.00377195
1981-02-17,0.00291841,0.00644846,-0.00026735,0.00130382
1981-02-18,0.00502919,0.00536515,0.00105256,0.00347862
1981-02-19,-0.01134350,-0.01466165,-0.00708156,-0.00933605
1981-02-20,-0.00212184,-0.00036804,-0.00167199,-0.00210202
1981-02-23,0.00629064,0.00695871,0.00250279,0.00516931
1981-02-24,0.00395534,0.00145364,0.00321575,0.00489054
1981-02-25,0.00395686,0.00932923,-0.00126692,0.00097490
1981-02-26,0.01385507,0.01192902,0.00725951,0.01072716
1981-02-27,0.01000335,0.00907159,0.00672397,0.00995134
1981-03-02,0.00743105,0.00653434,0.00444913,0.00572000
1981-03-03,-0.00571082,-0.01059328,-0.00125628,-0.00325893
1981-03-04,0.00476467,0.00243808,0.00142070,0.00189687
1981-03-05,-0.00040082,-0.00665713,0.00194397,0.00197006
1981-03-06,0.00335465,-0.00076984,0.00357241,0.00437264
1981-03-09,0.00850840,0.00999278,0.00326865,0.00256761
1981-03-10,-0.00252871,-0.00436976,-0.00254166,-0.00477602
1981-03-11,-0.00115744,-0.00357097,-0.00135085,-0.00372580
1981-03-12,0.01883177,0.02531397,0.00825206,0.01276665
1981-03-13,0.00688746,-0.00083349,0.00632625,0.00736381
1981-03-16,0.01176935,0.01197701,0.00514067,0.00720778
1981-03-17,-0.00233889,-0.00535681,0.00077691,-0.00023118
1981-03-18,0.00537979,0.00198355,0.00336625,0.00429577
1981-03-19,0.00193879,-0.00627808,0.00281883,0.00220678
1981-03-20,0.00760729,0.00538684,0.00817012,0.00905544
1981-03-23,0.00645453,0.01232079,0.00479851,0.00660940
1981-03-24,-0.00568251,-0.00747640,0.00170218,0.00047435
1981-03-25,0.01425054,0.01832406,0.00724840,0.00822729
1981-03-26,-0.00357046,-0.00596495,0.00237021,0.00127973
1981-03-27,-0.00797958,-0.01144062,-0.00157250,-0.00370995
1981-03-30,-0.00040559,-0.00220761,0.00075812,0.00060443
1981-03-31,0.01442331,0.01191444,0.00597226,0.00601096
1981-04-01,0.00590674,0.00472906,0.00513335,0.00564339
1981-04-02,-0.00053432,-0.00148529,0.00312044,0.00454604
1981-04-03,-0.00293772,-0.00556480,0.00372815,0.00209357
1981-04-06,-0.01100939,-0.01174443,-0.00428611,-0.00628295
1981-04-07,0.00120804,-0.00048207,0.00331950,0.00278139
1981-04-08,0.00388996,0.00308825,0.00392763,0.00495850
1981-04-09,0.00673472,0.00346490,0.00541695,0.00563835
1981-04-10,0.00372639,-0.00118435,0.00609734,0.00631686
1981-04-13,-0.00741709,-0.00988536,-0.00271614,-0.00275039
1981-04-14,-0.00464476,-0.00354154,-0.00215892,-0.00367221
1981-04-15,0.01118150,0.01086323,0.00645167,0.00726026
1981-04-16,0.00474458,0.00359907,0.00920206,0.00858088
1981-04-20,0.00480688,0.00628057,0.00470870,0.00525739
1981-04-21,-0.00450544,-0.00928644,-0.00128275,-0.00331068
1981-04-22,0.00064614,-0.00059607,0.00203105,0.00243078
1981-04-23,0.00257332,-0.00127057,0.00389556,0.00434223
1981-04-24,0.00668161,0.00879993,0.00586849,0.00714259
1981-04-27,0.00190667,0.00358961,0.00292884,0.00196197
1981-04-28,-0.01037266,-0.00851805,-0.00722035,-0.01024762
1981-04-29,-0.00886197,-0.00963278,-0.00414734,-0.00601963
1981-04-30,-0.00236600,-0.00112185,0.00200648,0.00223467
1981-05-01,-0.00368102,-0.00160782,0.00148950,0.00009016
1981-05-04,-0.01640900,-0.01370155,-0.01271591,-0.01567435
1981-05-05,-0.00505794,-0.00256450,-0.00617759,-0.00792430
1981-05-06,0.00185119,0.00400134,0.00216638,0.00231282
1981-05-07,0.00627831,0.00786244,0.00507113,0.00767998
1981-05-08,0.00163866,-0.00001454,0.00556661,0.00533087
1981-05-11,-0.01196812,-0.01469645,-0.00676568,-0.00918525
1981-05-12,0.00577312,0.00897366,0.00075641,0.00204816
1981-05-13,0.00291746,-0.00182822,0.00312248,0.00297739
1981-05-14,0.00610509,0.00569363,0.00564067,0.00774760
1981-05-15,0.00783754,0.00733467,0.00539868,0.00603076
1981-05-18,0.00270053,0.00275332,0.00206286,0.00207511
1981-05-19,-0.00211664,-0.00267822,-0.00237078,-0.00340746
1981-05-20,0.00195762,-0.00025263,0.00470434,0.00748079
1981-05-21,-0.00049565,-0.00172128,0.00241355,0.00415433
1981-05-22,0.00157388,-0.00145227,0.00449040,0.00475806
1981-05-26,0.00689561,0.01168697,0.00507766,0.00568995
1981-05-27,0.00954510,0.00702579,0.00601466,0.00945975
1981-05-28,0.00275093,-0.00223377,0.00614884,0.00580234
1981-05-29,-0.00058269,-0.00547660,0.00425435,0.00077271
1981-06-01,0.00076632,-0.00092639,0.00158746,-0.00097901
1981-06-02,-0.01085154,-0.01335235,-0.00981727,-0.01519507
1981-06-03,0.00019461,0.00071299,-0.00191536,-0.00213693
1981-06-04,0.00060505,0.00229235,0.00433808,0.00444973
1981-06-05,0.00671086,0.01072192,0.00679055,0.00742521
1981-06-08,0.00079407,0.00000296,0.00012654,-0.00141310
1981-06-09,-0.00262692,-0.00207938,-0.00370829,-0.00272252
1981-06-10,0.00398654,0.00283945,0.00114809,0.00204432
1981-06-11,0.01335256,0.01107425,0.00640872,0.00878629
1981-06-12,0.00186542,-0.00113716,0.00328191,0.00173173
1981-06-15,0.00282830,0.00045789,0.00250211,0.00102160
1981-06-16,-0.00890006,-0.01111492,-0.00624774,-0.01042906
1981-06-17,0.00233748,0.00927475,0.00029182,0.00047107
1981-06-18,-0.00925653,-0.01291889,-0.00391752,-0.00861878
1981-06-19,0.00084986,0.00460082,0.00253237,0.00339136
1981-06-22,-0.00081562,-0.00266097,-0.00155739,-0.00427280
1981-06-23,0.00953138,0.01073313,0.00191445,0.00267818
1981-06-24,-0.00442290,-0.00504526,-0.00076712,-0.00175134
1981-06-25,-0.00067102,0.00160655,0.00232578,0.00325411
1981-06-26,-0.00250618,-0.00227530,0.00199672,0.00249248
1981-06-29,-0.00532932,-0.00478159,-0.00483701,-0.00674310
1981-06-30,-0.00586103,-0.00523774,-0.00771687,-0.01124097
1981-07-01,-0.00930967,-0.01031367,-0.00636814,-0.00559160
1981-07-02,-0.00856271,-0.00891847,-0.00687903,-0.00910102
1981-07-06,-0.01253843,-0.00923677,-0.01361249,-0.01699942
1981-07-07,0.00201093,0.00687323,-0.00471153,-0.00452666
1981-07-08,-0.00022494,0.00080490,0.00068558,0.00258057
1981-07-09,0.00539346,0.00719588,0.00639213,0.00760818
1981-07-10,0.00205044,0.00014809,0.00373918,0.00211330
1981-07-13,0.00129983,0.00225647,0.00211304,0.00155378
1981-07-14,-0.00426279,0.00063714,-0.00409586,-0.00483010
1981-07-15,0.00646008,0.00351865,0.00377820,0.00459793
1981-07-16,0.00176779,0.00141546,0.00400807,0.00598145
1981-07-17,0.00325809,0.00351047,0.00364253,0.00305826
1981-07-20,-0.01521868,-0.01529832,-0.01185223,-0.01574182
1981-07-21,-0.00538072,-0.00341367,-0.00921352,-0.00939841
1981-07-22,-0.00778773,-0.00929308,-0.00319352,-0.00485777
1981-07-23,-0.00050486,0.00235313,-0.00075256,0.00153672
1981-07-24,0.00798157,0.00925434,0.00576995,0.00770207
1981-07-27,0.00667947,0.01052495,0.00471362,0.00779907
1981-07-28,-0.00461237,-0.00545116,-0.00160939,-0.00278745
1981-07-29,0.00022003,0.00064685,0.00097939,-0.00031215
1981-07-30,0.00611546,0.00629969,0.00372697,0.00546798
1981-07-31,0.00833778,0.00774849,0.00649061,0.00780806
1981-08-03,-0.00258658,-0.00238480,-0.00284310,-0.00535837
1981-08-04,0.00191407,0.00604026,-0.00217513,-0.00105511
1981-08-05,0.00782535,0.01127905,0.00403889,0.00480265
1981-08-06,0.00190806,0.00018645,0.00285348,0.00359022
1981-08-07,-0.00533344,-0.00522366,-0.00016221,-0.00141094
1981-08-10,0.00156634,0.00618671,-0.00179139,-0.00149752
1981-08-11,0.00611710,0.01040997,0.00265176,0.00301500
1981-08-12,-0.00013313,-0.00399185,0.00142572,0.00153639
1981-08-13,0.00143548,0.00064267,0.00186874,0.00191261
1981-08-14,-0.00503746,-0.00739054,-0.00033661,-0.00123098
1981-08-17,-0.00935256,-0.00958383,-0.00801012,-0.01064820
1981-08-18,-0.00957349,-0.00904051,-0.01187339,-0.01185880
1981-08-19,0.00264177,0.00369182,-0.00019758,0.00106863
1981-08-20,0.00206784,0.00170259,0.00220096,0.00374923
1981-08-21,-0.00818187,-0.01071114,-0.00403858,-0.00572903
1981-08-24,-0.02487220,-0.02875164,-0.02319291,-0.02803290
1981-08-25,-0.00776498,-0.00155926,-0.01490890,-0.01440481
1981-08-26,-0.00039962,-0.00101421,-0.00093205,0.00090841
1981-08-27,-0.00934793,-0.01131288,-0.00455856,-0.00392934
1981-08-28,0.00343866,0.00461928,0.00198334,0.00389511
1981-08-31,-0.01003635,-0.01047671,-0.00758915,-0.00935473
1981-09-01,-0.00160452,0.00302811,-0.00448597,-0.00212650
1981-09-02,0.00374819,0.00336447,0.00130593,0.00133346
1981-09-03,-0.01594549,-0.01826146,-0.01409615,-0.01723256
1981-09-04,-0.00879871,-0.00957966,-0.01213203,-0.01153416
1981-09-08,-0.01813690,-0.01663135,-0.02143886,-0.02371844
1981-09-09,0.00508106,0.00313776,-0.00097690,0.00046680
1981-09-10,0.01497368,0.01556911,0.01123596,0.01529766
1981-09-11,0.01187426,0.01250164,0.01083321,0.01161016
1981-09-14,-0.00573385,-0.00866097,0.00076513,-0.00085488
1981-09-15,-0.00462853,-0.00678215,0.00111892,-0.00022087
1981-09-16,-0.00885901,-0.00709436,-0.00691052,-0.00872062
1981-09-17,-0.01454872,-0.01499210,-0.00827637,-0.01019424
1981-09-18,-0.00807915,-0.00715455,-0.00707897,-0.00743622
1981-09-21,0.00709710,0.00863518,-0.00067028,0.00169569
1981-09-22,-0.00283899,-0.00456884,-0.00339837,-0.00631278
1981-09-23,-0.01182806,-0.00904456,-0.01667305,-0.01661025
1981-09-24,-0.00255761,-0.00458527,0.00156313,0.00277665
1981-09-25,-0.02317006,-0.01908927,-0.02522456,-0.02798977
1981-09-28,0.01680235,0.02432962,-0.00613210,0.00107738
1981-09-29,0.01233725,0.00357602,0.01751845,0.01999809
1981-09-30,0.00349830,0.00231401,0.00813240,0.00741826
1981-10-01,0.00485036,0.00742151,0.00718030,0.00545387
1981-10-02,0.01674740,0.02009006,0.01487641,0.01762856
1981-10-05,0.00542060,0.00147082,0.00818107,0.00903613
1981-10-06,-0.00079456,-0.00189837,0.00055778,-0.00087800
1981-10-07,0.01712245,0.01649669,0.01352437,0.01598040
1981-10-08,0.01116948,0.00849587,0.01119796,0.01244486
1981-10-09,-0.00173947,-0.00651557,0.00279216,0.00099340
1981-10-12,-0.00046305,-0.00235001,0.00138321,0.00004923
1981-10-13,-0.00201542,-0.00340625,0.00312390,0.00319737
1981-10-14,-0.01515432,-0.01650063,-0.00974614,-0.01278754
1981-10-15,0.00548858,0.00722170,0.00118504,0.00237921
1981-10-16,-0.00212076,-0.00414225,0.00242187,0.00195376
1981-10-19,-0.00218896,-0.00135113,-0.00173898,-0.00224259
1981-10-20,0.01040759,0.01095130,0.00565535,0.00850259
1981-10-21,-0.00041720,-0.00128218,0.00466278,0.00606487
1981-10-22,-0.00634237,-0.00438821,-0.00097206,0.00076362
1981-10-23,-0.00596108,-0.00854247,-0.00222388,-0.00224898
1981-10-26,-0.00431957,-0.00383869,-0.00427823,-0.00416829
1981-10-27,0.00957520,0.00997751,0.00645083,0.00874195
1981-10-28,0.00296680,0.00147080,0.00458206,0.00616539
1981-10-29,-0.00372766,-0.00348096,-0.00100844,-0.00336892
1981-10-30,0.01982378,0.02512222,0.00921268,0.01104850
1981-11-02,0.01757397,0.01913669,0.00960750,0.01122124
1981-11-03,0.00383207,0.00483528,0.00658346,0.00841382
1981-11-04,0.00131828,0.00114559,0.00498805,0.00445239
1981-11-05,-0.00438484,-0.00866614,0.00253966,0.00123400
1981-11-06,-0.00405799,-0.00590169,0.00159721,0.00028489
1981-11-09,0.00222900,0.00472257,-0.00058416,0.00045520
1981-11-10,-0.00076989,-0.00443035,0.00131907,0.00041262
1981-11-11,0.00133337,0.00237173,0.00080394,0.00049937
1981-11-12,0.00464530,0.00176436,0.00429792,0.00469959
1981-11-13,-0.01002055,-0.01248480,-0.00093040,-0.00442045
1981-11-16,-0.01473260,-0.01125578,-0.01100538,-0.01417991
1981-11-17,0.00577591,0.00810185,0.00041192,0.00307426
1981-11-18,-0.00273389,-0.00696043,0.00028892,0.00004603
1981-11-19,0.00171768,0.00365726,-0.00125201,-0.00069598
1981-11-20,0.00793100,0.00865762,0.00600034,0.00730634
1981-11-23,-0.00176591,-0.00016432,0.00007745,-0.00171579
1981-11-24,0.01232818,0.01694724,0.00428004,0.00644351
1981-11-25,0.00740172,0.00413963,0.00409992,0.00486249
1981-11-27,0.00722283,0.00826479,0.00392821,0.00519473
1981-11-30,0.00790898,0.01019586,0.00114265,0.00283798
1981-12-01,0.00126022,-0.00086304,-0.00002441,-0.00029449
1981-12-02,-0.00794027,-0.01156376,-0.00234550,-0.00340903
1981-12-03,0.00297632,0.00466207,-0.00031055,-0.00213165
1981-12-04,0.00740378,0.00798294,0.00518114,0.00500066
1981-12-07,-0.00640337,-0.00810631,-0.00266859,-0.00451195
1981-12-08,-0.00314791,-0.00298370,-0.00712051,-0.00683344
1981-12-09,0.00229654,0.00573726,0.00024875,0.00125394
1981-12-10,0.00205615,0.00166565,0.00260939,0.00336033
1981-12-11,-0.00456281,-0.00642091,-0.00128200,-0.00194870
1981-12-14,-0.01538826,-0.01621085,-0.01154419,-0.01399711
1981-12-15,0.00266088,0.00122245,-0.00295283,-0.00249511
1981-12-16,-0.00291849,-0.00409980,0.00008514,-0.00051173
1981-12-17,0.00410535,0.00592378,0.00246762,0.00313486
1981-12-18,0.00818312,0.00691139,0.00514410,0.00658628
1981-12-21,-0.00518331,-0.00437558,-0.00097655,-0.00227648
1981-12-22,-0.00221878,-0.00378187,-0.00167816,-0.00299783
1981-12-23,-0.00411730,-0.00454025,0.00044648,-0.00111566
1981-12-24,0.00213271,0.00200548,0.00205880,0.00201345
1981-12-28,-0.00343182,-0.00195168,-0.00157821,-0.00272833
1981-12-29,-0.00426301,-0.00491919,-0.00484644,-0.00605692
1981-12-30,0.00361706,0.00503305,0.00227975,0.00314940
1981-12-31,0.00479350,0.00216093,0.00570806,0.00526146
1982-01-04,0.00394753,0.00213532,0.00041567,-0.00082390
1982-01-05,-0.01758900,-0.02172540,-0.01087028,-0.01577414
1982-01-06,-0.00763632,-0.00726137,-0.00552249,-0.00596720
1982-01-07,-0.00116075,-0.00263528,0.00160459,-0.00117838
1982-01-08,0.00558685,0.00539207,0.00594085,0.00553012
1982-01-11,-0.02482461,-0.02253668,-0.01019007,-0.01857870
1982-01-12,-0.00683090,-0.00347252,-0.00785235,-0.00804927
1982-01-13,-0.01218108,-0.01286661,-0.00509932,-0.00784643
1982-01-14,0.00310271,0.00647141,-0.00009295,0.00118326
1982-01-15,0.00600061,0.00594218,0.00471448,0.00797289
1982-01-18,0.00468893,0.00845518,-0.00023703,-0.00005327
1982-01-19,-0.00720213,-0.01024375,-0.00109445,-0.00546232
1982-01-20,-0.00492085,-0.00634765,-0.00097168,-0.00243365
1982-01-21,0.00195462,0.00428755,0.00353311,0.00370444
1982-01-22,-0.00379061,-0.00361578,-0.00099793,-0.00380796
1982-01-25,-0.00439029,0.00059255,-0.00976868,-0.01217158
1982-01-26,0.00018793,-0.00118972,-0.00076381,-0.00021210
1982-01-27,0.00396557,0.00503350,-0.00015892,0.00151747
1982-01-28,0.02636479,0.02703521,0.01119893,0.01452422
1982-01-29,0.01519841,0.01254984,0.00910265,0.01217005
1982-02-01,-0.01594569,-0.02051126,-0.00620138,-0.00692730
1982-02-02,0.00429878,0.00307929,0.00185364,0.00366236
1982-02-03,-0.00627249,-0.01149552,0.00139280,-0.00025938
1982-02-04,-0.00072725,0.00014841,-0.00102566,-0.00125513
1982-02-05,0.01047233,0.00860004,0.00557082,0.00592974
1982-02-08,-0.02026993,-0.02218126,-0.01397132,-0.01862990
1982-02-09,-0.00942577,-0.00784660,-0.00991841,-0.01061584
1982-02-10,0.00630806,0.00813764,0.00164985,0.00228633
1982-02-11,-0.00044031,-0.00122842,-0.00137551,-0.00357553
1982-02-12,-0.00046944,-0.00044944,0.00150590,0.00183781
1982-02-16,-0.00514181,-0.00248734,-0.00643355,-0.00823146
1982-02-17,-0.00054232,-0.00276672,0.00121853,0.00344577
1982-02-18,0.00095202,0.00154940,0.00023195,0.00124449
1982-02-19,-0.00415600,-0.00400827,-0.00356417,-0.00425547
1982-02-22,-0.00836915,-0.01374542,-0.00568156,-0.00742506
1982-02-23,0.00010687,0.00045759,-0.00735966,-0.00772994
1982-02-24,0.01253896,0.01759930,0.00356201,0.00631535
1982-02-25,0.00150426,-0.00243920,0.00452239,0.00468146
1982-02-26,-0.00154052,-0.00103884,0.00003091,0.00042737
1982-03-01,0.00232132,0.00249744,0.00196299,0.00448587
1982-03-02,-0.00059409,-0.00515950,0.00127062,0.00107357
1982-03-03,-0.01297875,-0.01492053,-0.00929143,-0.01111668
1982-03-04,-0.01177182,-0.01006467,-0.00809222,-0.00845478
1982-03-05,-0.00628431,-0.00439218,-0.01022430,-0.01258318
1982-03-08,-0.01576686,-0.01647642,-0.01203508,-0.01590461
1982-03-09,0.00743646,0.01201959,-0.00792304,-0.00563896
1982-03-10,0.00452033,0.00597092,0.00348022,0.00407512
1982-03-11,-0.00263404,-0.00083007,-0.00010095,-0.00256955
1982-03-12,-0.00842279,-0.00711793,-0.00638996,-0.01091368
1982-03-15,0.00322136,0.00817640,-0.00162270,-0.00106226
1982-03-16,0.00125394,-0.00177285,0.00236810,0.00207542
1982-03-17,0.00026508,-0.00173931,0.00048400,-0.00019006
1982-03-18,0.01041019,0.01142937,0.00846854,0.01171399
1982-03-19,0.00535318,0.00226398,0.00675175,0.00960542
1982-03-22,0.02004857,0.02026405,0.01000185,0.01329249
1982-03-23,0.00589450,0.00648116,0.00557486,0.00633849
1982-03-24,-0.00324646,-0.00496019,0.00144832,-0.00128617
1982-03-25,0.00433739,0.00268843,0.00540110,0.00607238
1982-03-26,-0.00823174,-0.01093645,-0.00136091,-0.00362384
1982-03-29,0.00111942,0.00242035,0.00133207,0.00205771
1982-03-30,0.00028220,0.00052393,0.00041350,-0.00020621
1982-03-31,-0.00021112,-0.00273725,0.00167380,0.00182362
1982-04-01,0.01526040,0.01617802,0.00679159,0.00978671
1982-04-02,0.01011812,0.01193399,0.00586033,0.00779909
1982-04-05,-0.00101981,-0.00375740,0.00020744,-0.00120759
1982-04-06,0.00205368,0.00569036,0.00268734,0.00323122
1982-04-07,0.00311837,0.00090718,0.00557492,0.00770638
1982-04-08,0.00683907,0.00679964,0.00614852,0.00754076
1982-04-12,-0.00107470,-0.00193081,0.00103731,-0.00004148
1982-04-13,0.00282610,-0.00002202,0.00097151,-0.00069950
1982-04-14,-0.00298563,-0.00088191,0.00005540,-0.00222601
1982-04-15,0.00416098,0.00440834,0.00453029,0.00418201
1982-04-16,0.00490686,0.00456945,0.00453180,0.00703613
1982-04-19,0.00168386,-0.00098718,0.00131794,0.00124695
1982-04-20,-0.00793499,-0.01096521,-0.00098290,-0.00179610
1982-04-21,0.00299367,0.00252376,0.00301788,0.00154785
1982-04-22,0.00940740,0.01225861,0.00668362,0.00863491
1982-04-23,0.00880728,0.01297299,0.00586281,0.00692946
1982-04-26,0.00679104,0.00522220,0.00476015,0.00466605
1982-04-27,-0.00758986,-0.01032414,-0.00321887,-0.00637971
1982-04-28,-0.00505005,-0.00682665,0.00116547,0.00120154
1982-04-29,-0.00705091,-0.00949280,-0.00191236,-0.00390527
1982-04-30,0.00092657,0.00233185,0.00265577,0.00240446
1982-05-03,0.00232071,0.00452455,0.00046197,0.00050431
1982-05-04,0.00583525,0.00671250,0.00566364,0.00632618
1982-05-05,0.00017659,0.00193167,0.00039245,-0.00037633
1982-05-06,0.00787822,0.00942077,0.00727990,0.00696244
1982-05-07,0.00543526,0.00810597,0.00493060,0.00345308
1982-05-10,-0.00687274,-0.00879920,-0.00140258,-0.00232063
1982-05-11,0.00748974,0.00893704,0.00312497,0.00334985
1982-05-12,-0.00147049,-0.00377881,0.00050598,-0.00102773
1982-05-13,-0.00491034,-0.00661085,0.00039038,-0.00180041
1982-05-14,-0.00112090,-0.00153485,0.00192388,0.00288073
1982-05-17,-0.00994535,-0.01038265,-0.00430457,-0.00677396
1982-05-18,-0.00831208,-0.00767016,-0.00565477,-0.00745162
1982-05-19,-0.00803158,-0.00778707,-0.00477788,-0.00688434
1982-05-20,-0.00515426,-0.00209839,-0.00473125,-0.00613399
1982-05-21,0.00066209,0.00270516,-0.00130993,-0.00219594
1982-05-24,-0.00193650,0.00105175,-0.00260162,-0.00329280
1982-05-25,-0.00223314,-0.00296031,-0.00086462,-0.00251411
1982-05-26,-0.01342005,-0.01160440,-0.00979247,-0.01342163
1982-05-27,-0.00591260,-0.00370599,-0.00249109,-0.00194699
1982-05-28,-0.00545892,-0.00647848,0.00165267,0.00123209
1982-06-01,-0.00464091,-0.00147860,-0.00399191,-0.00622943
1982-06-02,0.00431373,0.00355785,0.00095361,0.00312448
1982-06-03,-0.00059735,-0.00148437,-0.00115667,-0.00210170
1982-06-04,-0.01363661,-0.01565474,-0.00921628,-0.01276168
1982-06-07,-0.00237435,0.00057530,-0.00539192,-0.00461087
1982-06-08,-0.00422180,-0.00434688,-0.00257966,-0.00367233
1982-06-09,-0.00678226,-0.00536383,-0.00974828,-0.01323666
1982-06-10,0.00536879,0.00565191,0.00138041,0.00308082
1982-06-11,0.01718753,0.01563318,0.00888563,0.01358235
1982-06-14,-0.01246768,-0.01190198,-0.00517028,-0.00741439
1982-06-15,-0.00260595,-0.00219532,-0.00478009,-0.00566614
1982-06-16,-0.00341710,-0.00713414,0.00058471,0.00191892
1982-06-17,-0.00830922,-0.01033693,-0.00662733,-0.00913725
1982-06-18,-0.00537063,-0.00386048,-0.00537199,-0.00834688
1982-06-21,-0.00105904,-0.00029352,-0.00148230,-0.00262140
1982-06-22,0.00961423,0.01017169,0.00419648,0.00659836
1982-06-23,0.01717490,0.01756021,0.00817975,0.01096336
1982-06-24,0.00015001,-0.00276718,0.00265459,0.00262926
1982-06-25,-0.00611957,-0.00591973,-0.00155641,-0.00306001
1982-06-28,0.00888955,0.00987381,0.00206299,0.00419329
1982-06-29,0.00346491,0.00063808,-0.00276144,-0.00264908
1982-06-30,-0.00052329,-0.00605591,0.00358338,0.00428666
1982-07-01,-0.00714273,-0.00809333,-0.00229422,-0.00339498
1982-07-02,-0.00819411,-0.00939280,-0.00176586,-0.00313627
1982-07-06,-0.00219968,-0.00275047,-0.00254394,-0.00441122
1982-07-07,-0.00097414,-0.00058000,-0.00185449,-0.00618412
1982-07-08,0.00212020,0.00290432,-0.00460640,-0.00706973
1982-07-09,0.01337897,0.01205597,0.00576688,0.00771874
1982-07-12,0.00904479,0.00703355,0.00345188,0.00588615
1982-07-13,-0.00229719,-0.00115858,0.00173752,0.00367195
1982-07-14,0.00236284,0.00904505,-0.00029788,-0.00031831
1982-07-15,0.00065927,0.00015166,0.00246083,0.00305825
1982-07-16,0.00379410,0.00565024,0.00271808,0.00406159
1982-07-19,-0.00016347,-0.00298938,0.00024316,-0.00028926
1982-07-20,0.00803869,0.00690915,0.00197520,0.00498665
1982-07-21,0.00131772,-0.00049874,0.00314687,0.00446052
1982-07-22,0.00112975,0.00051279,0.00272056,0.00375786
1982-07-23,-0.00162815,-0.00329020,0.00158986,0.00018663
1982-07-26,-0.00717136,-0.00671052,-0.00174699,-0.00386448
1982-07-27,-0.00599287,-0.00854445,-0.00251546,-0.00437827
1982-07-28,-0.01547402,-0.01514266,-0.00966522,-0.01488520
1982-07-29,-0.00172047,-0.00003386,-0.00415682,-0.00461169
1982-07-30,-0.00442518,-0.00549832,-0.00074121,-0.00191319
1982-08-02,0.01721105,0.01827804,0.00340236,0.00740683
1982-08-03,-0.00608455,-0.00964145,-0.00131667,-0.00369774
1982-08-04,-0.01443434,-0.01528796,-0.00658318,-0.00902081
1982-08-05,-0.00859164,-0.00802345,-0.00669439,-0.00855225
1982-08-06,-0.01213089,-0.01298233,-0.00620904,-0.01032688
1982-08-09,-0.00827119,-0.00488878,-0.01305887,-0.01330640
1982-08-10,-0.00126583,-0.00193098,-0.00120802,-0.00012404
1982-08-11,-0.00352395,-0.00245024,-0.00361095,-0.00339578
1982-08-12,-0.00178786,-0.00201714,-0.00377037,-0.00576567
1982-08-13,0.01132372,0.01455505,-0.00352786,-0.00528894
1982-08-16,0.00733934,0.00259910,0.00386140,0.00469507
1982-08-17,0.04119782,0.04811373,0.01092909,0.01822028
1982-08-18,0.00435798,-0.00281297,0.01344712,0.01841017
1982-08-19,0.00267744,0.00433241,-0.00036660,-0.00038969
1982-08-20,0.03302361,0.03550390,0.01001128,0.01346153
1982-08-23,0.02555299,0.02785489,0.01126443,0.02025878
1982-08-24,0.00078571,-0.00640437,0.00915200,0.01033398
1982-08-25,0.01952439,0.02043883,0.01455218,0.01740060
1982-08-26,0.01222674,0.00908669,0.01434527,0.01606429
1982-08-27,-0.01042938,-0.01175888,0.00039317,-0.00391861
1982-08-30,0.00423543,0.00504686,0.00064536,-0.00051917
1982-08-31,0.01387747,0.01567147,0.00845949,0.01084938
1982-09-01,-0.00559210,-0.00989068,-0.00094862,-0.00184454
1982-09-02,0.01610977,0.01694992,0.00907740,0.01483576
1982-09-03,0.01555989,0.02048615,0.01037453,0.01424378
1982-09-07,-0.00897531,-0.01069056,-0.00251158,-0.00692164
1982-09-08,0.00707601,0.00679533,0.00470802,0.00548035
1982-09-09,0.00128894,-0.00187376,0.00529724,0.00570185
1982-09-10,-0.00752044,-0.00802407,-0.00004322,-0.00213532
1982-09-13,0.00606248,0.01102961,0.00220513,0.00311899
1982-09-14,0.00969891,0.00795572,0.00651747,0.01024806
1982-09-15,0.00975933,0.00894178,0.00548139,0.00976292
1982-09-16,-0.00019235,-0.00346038,0.00257042,0.00253724
1982-09-17,-0.01083809,-0.01065145,-0.00111813,-0.00142669
1982-09-20,-0.00369044,0.00062900,-0.00188467,-0.00265291
1982-09-21,0.01741406,0.01973226,0.00755077,0.01005273
1982-09-22,-0.00446591,-0.00758621,0.00475887,0.00422038
1982-09-23,-0.00273600,-0.00126809,-0.00035124,-0.00239978
1982-09-24,-0.00196738,-0.00414967,0.00425811,0.00312400
1982-09-27,0.00063208,0.00247803,0.00068210,0.00094701
1982-09-28,-0.00144874,-0.00272367,0.00284936,0.00277892
1982-09-29,-0.01170390,-0.01284936,-0.00426272,-0.00335369
1982-09-30,-0.00623656,-0.01020450,-0.00262059,-0.00297924
1982-10-01,0.01024703,0.01268755,0.00508280,0.00492414
1982-10-04,-0.00282631,-0.00268245,-0.00146494,-0.00202557
1982-10-05,0.00527189,0.00384866,0.00377905,0.00476243
1982-10-06,0.02622048,0.03319081,0.01313415,0.01838181
1982-10-07,0.02395089,0.02257528,0.01569132,0.02008853
1982-10-08,0.01853902,0.01889398,0.01293420,0.01759635
1982-10-11,0.02455192,0.02443245,0.01367094,0.01769153
1982-10-12,0.00059934,-0.00071815,0.00102171,-0.00048431
1982-10-13,0.02208637,0.01798008,0.01337340,0.01487071
1982-10-14,-0.01205284,-0.01681790,0.00330340,-0.00219887
1982-10-15,-0.00607285,-0.00703876,0.00249303,-0.00269190
1982-10-18,0.01843964,0.02365155,0.00924589,0.01113873
1982-10-19,0.00255601,-0.00103870,0.00368274,0.00463709
1982-10-20,0.01984512,0.02021811,0.01187161,0.01626362
1982-10-21,0.00447116,-0.00152006,0.00887811,0.01151678
1982-10-22,0.00497062,-0.00217232,0.01041161,0.01159321
1982-10-25,-0.03612312,-0.03953906,-0.01349826,-0.02023108
1982-10-26,0.00370168,0.00934952,-0.00627443,-0.00406348
1982-10-27,0.01168886,0.00641300,0.01091861,0.01205206
1982-10-28,-0.00861393,-0.01296183,0.00214572,-0.00173116
1982-10-29,0.00365682,0.00201421,0.00429732,0.00357055
1982-11-01,0.01134130,0.01388492,0.00714366,0.00970547
1982-11-02,0.01843619,0.01516746,0.01309254,0.01467082
1982-11-03,0.03736881,0.03971893,0.02071728,0.02487093
1982-11-04,-0.00240756,-0.00616380,0.01162227,0.01060405
1982-11-05,0.00622254,0.00383513,0.00907951,0.00885432
1982-11-08,-0.00770623,-0.01137951,0.00374335,-0.00157322
1982-11-09,0.01766699,0.01817146,0.01442858,0.01521061
1982-11-10,-0.01059941,-0.01379908,0.00297185,0.00004596
1982-11-11,0.00440556,0.00496712,0.00406863,0.00445226
1982-11-12,-0.00865435,-0.01408332,0.00735135,0.00423751
1982-11-15,-0.01801177,-0.01879081,-0.01123914,-0.01318577
1982-11-16,-0.01352971,-0.01119549,-0.01648584,-0.01833964
1982-11-17,0.01552461,0.01834922,0.01178582,0.01239228
1982-11-18,0.00496162,0.00367021,0.00876236,0.00749753
1982-11-19,-0.00488563,-0.00858862,0.00382755,0.00072069
1982-11-22,-0.01973590,-0.02170080,-0.01016045,-0.01526379
1982-11-23,-0.00826449,-0.00824576,-0.00212082,-0.00254800
1982-11-24,0.00563010,0.00840528,0.00730073,0.00847190
1982-11-26,0.00757658,0.00756411,0.00655366,0.00858432
1982-11-29,-0.00332541,-0.00518579,0.00017447,-0.00120471
1982-11-30,0.02751919,0.03293890,0.01166410,0.01792670
1982-12-01,0.00664869,0.00155875,0.01274069,0.01442009
1982-12-02,0.00056175,0.00062478,0.00563070,0.00280496
1982-12-03,-0.00112335,-0.00096054,0.00472854,0.00429679
1982-12-06,0.01541687,0.02288676,0.00841146,0.01046423
1982-12-07,0.00556802,0.00684377,0.00746229,0.00590045
1982-12-08,-0.00489761,-0.00683429,0.00524669,0.00053890
1982-12-09,-0.01353708,-0.01216463,-0.00769274,-0.01540706
1982-12-10,-0.00824829,-0.00424492,-0.00978715,-0.01428491
1982-12-13,0.00057374,0.00325584,-0.00068286,-0.00276320
1982-12-14,-0.01428625,-0.01801957,-0.00492841,-0.00771654
1982-12-15,-0.01808844,-0.01529871,-0.01933028,-0.02442123
1982-12-16,-0.00050474,0.00036634,-0.00334883,0.00013344
1982-12-17,0.01578257,0.01594143,0.01011449,0.01527555
1982-12-20,-0.00523866,-0.00867464,-0.00267932,-0.00412285
1982-12-21,0.01274666,0.01761993,0.00205142,0.00271508
1982-12-22,0.00753971,0.00153028,0.00576015,0.01073418
1982-12-23,0.00648396,0.00612269,0.00592945,0.00523588
1982-12-27,0.01341144,0.01791228,0.00426436,0.00455318
1982-12-28,-0.00630019,-0.01024384,-0.00204451,-0.00385340
1982-12-29,0.00177570,0.00359209,0.00123511,-0.00017855
1982-12-30,-0.00402303,-0.00653811,-0.00032044,-0.00426133
1982-12-31,0.00498874,0.00255738,0.00540972,0.00413375
1983-01-03,-0.01432714,-0.01666456,-0.00375259,-0.00720451
1983-01-04,0.01490189,0.02130560,0.00478314,0.00449733
1983-01-05,0.00376070,0.00415343,0.00789896,0.00375890
1983-01-06,0.02801525,0.02347554,0.01578272,0.01562934
1983-01-07,0.00150371,-0.00049266,0.00915339,0.00807402
1983-01-10,0.01193016,0.01087734,0.00893778,0.00964168
1983-01-11,-0.00440291,-0.00653611,0.00144821,-0.00020707
1983-01-12,0.00713599,0.00601526,0.00694943,0.00728763
1983-01-13,-0.00626783,-0.00619047,0.00255816,0.00272181
1983-01-14,0.00540872,0.00635541,0.00932405,0.00852676
1983-01-17,0.00069572,0.00083574,0.00745357,0.00578571
1983-01-18,-0.00376225,-0.00190425,0.00245154,-0.00142454
1983-01-19,-0.00828529,-0.00779085,-0.00259145,-0.00613163
1983-01-20,0.00274561,0.00623845,0.00379105,0.00266312
1983-01-21,-0.01541080,-0.01625596,-0.00498061,-0.00859570
1983-01-24,-0.02692688,-0.02613368,-0.02533921,-0.02957134
1983-01-25,0.01215846,0.01271638,0.00675604,0.01047363
1983-01-26,0.00086406,-0.00129945,0.00927550,0.00984017
1983-01-27,0.01659965,0.01946724,0.01339429,0.01734711
1983-01-28,0.00221040,0.00158106,0.00597397,0.00620190
1983-01-31,0.00580878,0.00667969,0.00640129,0.00544182
1983-02-01,-0.00935973,-0.01514896,0.00160811,-0.00094037
1983-02-02,0.00322503,0.00127149,0.00147440,0.00115491
1983-02-03,0.00607520,0.00788415,0.00527948,0.00477025
1983-02-04,0.01449374,0.01428374,0.00904504,0.00923654
1983-02-07,0.00643812,0.00596043,0.00368862,0.00170934
1983-02-08,-0.00610707,-0.00843318,-0.00105629,-0.00333527
1983-02-09,-0.00441836,-0.00493948,0.00214132,0.00051382
1983-02-10,0.01491021,0.01736987,0.01095202,0.01357348
1983-02-11,0.00267951,0.00053205,0.00487068,0.00775791
1983-02-14,0.00806386,0.00969374,0.00690508,0.00771216
1983-02-15,-0.00184233,-0.00434551,0.00165883,0.00188292
1983-02-16,-0.00366804,-0.00581961,0.00139793,-0.00024805
1983-02-17,-0.00043080,-0.00004348,0.00043904,0.00013586
1983-02-18,0.00482908,0.00409405,0.00826507,0.00939521
1983-02-22,-0.01175540,-0.01449830,-0.00657813,-0.00670046
1983-02-23,0.00623732,0.00960466,0.00256268,0.00370457
1983-02-24,0.01543321,0.01953987,0.00824762,0.00903893
1983-02-25,0.00215075,0.00123892,0.00306413,0.00102941
1983-02-28,-0.00597263,-0.01156198,-0.00369333,-0.00647213
1983-03-01,0.01595712,0.01988004,0.00355758,0.00436703
1983-03-02,0.01146794,0.00911163,0.00505034,0.00587184
1983-03-03,0.01109665,0.00781793,0.00650635,0.00627045
1983-03-04,0.00454590,0.00150147,0.00399277,0.00255497
1983-03-07,0.00260611,0.00003005,0.00186305,-0.00115064
1983-03-08,-0.01073347,-0.01487754,-0.00567939,-0.00871916
1983-03-09,0.00835856,0.01045112,0.00504033,0.00719755
1983-03-10,-0.00403821,-0.00708658,0.00432727,0.00466869
1983-03-11,-0.00465000,-0.00345149,0.00112647,0.00057042
1983-03-14,-0.00386843,-0.00314829,-0.00527267,-0.00716134
1983-03-15,0.00280408,0.00371075,-0.00105396,0.00048024
1983-03-16,-0.00510764,-0.01028127,0.00143936,0.00204829
1983-03-17,-0.00158665,-0.00115405,-0.00126961,-0.00195365
1983-03-18,0.00254909,0.00178480,0.00491669,0.00384450
1983-03-21,0.00764477,0.00921698,0.00411028,0.00577110
1983-03-22,-0.00066666,-0.00373733,0.00431618,0.00515803
1983-03-23,0.01278152,0.01426568,0.00693358,0.00669958
1983-03-24,0.00586649,0.00368323,0.00512618,0.00474460
1983-03-25,-0.00187217,-0.00406928,0.00250889,0.00265940
1983-03-28,-0.00615347,-0.00549004,-0.00372262,-0.00617461
1983-03-29,-0.00185069,-0.00120881,-0.00081442,-0.00193782
1983-03-30,0.00859231,0.01149027,0.00519035,0.00778577
1983-03-31,-0.00315463,-0.00328669,0.00122152,0.00004233
1983-04-04,-0.00250808,0.00066736,-0.00418143,-0.00736580
1983-04-05,-0.00440819,-0.00753002,0.00078476,0.00026454
1983-04-06,-0.00604297,-0.00566539,-0.00673310,-0.00855321
1983-04-07,0.00327295,0.00469904,0.00272963,0.00168554
1983-04-08,0.00408294,0.00720393,0.00525891,0.00471581
1983-04-11,0.01152997,0.01491123,0.00810832,0.01018833
1983-04-12,0.00347196,0.00411581,0.00709721,0.00717644
1983-04-13,0.00712666,0.00662663,0.00987224,0.01190100
1983-04-14,0.00748222,0.00803669,0.00989850,0.00996660
1983-04-15,0.00453279,0.00448295,0.00917562,0.00999528
1983-04-18,0.00696796,0.00700633,0.00430310,0.00457128
1983-04-19,-0.00531395,-0.00664307,-0.00099050,-0.00329315
1983-04-20,0.01345338,0.01253849,0.00766672,0.01055726
1983-04-21,-0.00016933,-0.00394246,0.00560301,0.00769898
1983-04-22,0.00296919,0.00223326,0.00649131,0.00544785
1983-04-25,-0.00826505,-0.00989043,-0.00423904,-0.00699324
1983-04-26,0.01303265,0.01858433,0.00434886,0.00552204
1983-04-27,-0.00109453,-0.00194366,0.00312312,0.00272612
1983-04-28,0.00721513,0.00965413,0.00637975,0.00728485
1983-04-29,0.00824679,0.00856069,0.00879564,0.00760734
1983-05-02,-0.01116189,-0.01352075,-0.00495911,-0.00803673
1983-05-03,0.00065812,0.00124620,-0.00069335,-0.00308790
1983-05-04,0.00979965,0.00721950,0.01050348,0.01257705
1983-05-05,0.01050608,0.00690432,0.01094956,0.01440094
1983-05-06,0.01233939,0.01117913,0.01285095,0.01501307
1983-05-09,0.00298179,-0.00034020,0.00478338,0.00347898
1983-05-10,0.00540179,0.00102226,0.00752600,0.00536448
1983-05-11,-0.00635454,-0.00616642,-0.00027946,-0.00474095
1983-05-12,-0.00355233,-0.00429291,0.00139356,-0.00325090
1983-05-13,0.00462691,0.00361174,0.00869224,0.00547208
1983-05-16,-0.01178988,-0.00837506,-0.00989924,-0.01422765
1983-05-17,0.00585315,0.00235566,0.00606531,0.00476259
1983-05-18,0.00307592,-0.00238456,0.00774535,0.00870223
1983-05-19,-0.00650129,-0.00743952,-0.00050082,-0.00238200
1983-05-20,-0.00057220,-0.00018495,0.00140948,0.00209720
1983-05-23,0.00532076,0.00905657,0.00082724,0.00112221
1983-05-24,0.01555099,0.01301272,0.01228667,0.01114884
1983-05-25,0.00715851,0.00474339,0.00726319,0.00579737
1983-05-26,-0.00154139,-0.00442902,0.00738510,0.00737045
1983-05-27,-0.00392020,-0.00608519,0.00505111,0.00180507
1983-05-31,-0.01149162,-0.01229348,-0.00631798,-0.01078568
1983-06-01,0.00090897,0.00124898,-0.00194963,-0.00244321
1983-06-02,0.00865491,0.00875482,0.00757464,0.00836104
1983-06-03,0.00429968,0.00259537,0.01026260,0.01042465
1983-06-06,0.00308170,0.00307458,0.00520120,0.00533566
1983-06-07,-0.00789157,-0.01226705,-0.00131038,-0.00416832
1983-06-08,-0.00784799,-0.00867093,-0.00552234,-0.00543080
1983-06-09,0.00239076,0.00332661,0.00179037,0.00112767
1983-06-10,0.00753329,0.00561928,0.00931869,0.00825246
1983-06-13,0.01074517,0.01298817,0.00843914,0.00849597
1983-06-14,0.00518217,0.00435531,0.00638287,0.00684305
1983-06-15,0.00717552,0.00989757,0.00621070,0.00655191
1983-06-16,0.00929292,0.01129755,0.00958776,0.01277912
1983-06-17,-0.00235666,-0.00037460,0.00145359,-0.00106450
1983-06-20,-0.00238933,-0.00075534,-0.00133170,-0.00497805
1983-06-21,0.00521777,0.00912012,0.00332029,0.00335622
1983-06-22,0.00476925,0.00231509,0.00451190,0.00620787
1983-06-23,-0.00195392,-0.00222564,-0.00039122,-0.00273048
1983-06-24,0.00268626,0.00066484,0.00534639,0.00530659
1983-06-27,-0.01102187,-0.01142670,-0.01005130,-0.01382762
1983-06-28,-0.01690519,-0.01663764,-0.01958713,-0.02547860
1983-06-29,0.00291900,0.00586279,-0.00190747,0.00127951
1983-06-30,0.00832485,0.00863881,0.00754662,0.00804615
1983-07-01,0.00578034,0.00496709,0.00700209,0.00877749
1983-07-05,-0.01285795,-0.01327589,-0.00884485,-0.01354192
1983-07-06,0.00934967,0.01109063,0.00506709,0.00612230
1983-07-07,-0.00287950,-0.00580645,0.00267583,0.00290011
1983-07-08,-0.00462262,-0.00167852,0.00084465,-0.00199318
1983-07-11,0.00494760,0.00517452,0.00269524,0.00292978
1983-07-12,-0.01284914,-0.01479392,-0.00890849,-0.01006769
1983-07-13,-0.00208763,-0.00052888,-0.00508696,-0.00735146
1983-07-14,0.00359065,0.00328936,0.00355192,0.00307281
1983-07-15,-0.00936334,-0.01013976,-0.00487171,-0.00841006
1983-07-18,-0.00398533,-0.00192766,-0.00569359,-0.00745043
1983-07-19,0.00512102,0.00527763,0.00227473,0.00241634
1983-07-20,0.02435433,0.02669686,0.01090424,0.01768709
1983-07-21,0.00078379,-0.00137336,0.00498495,0.00817684
1983-07-22,0.00105399,-0.00104223,0.00412617,0.00445443
1983-07-25,0.00361345,0.00441235,0.00094850,0.00092548
1983-07-26,0.00639557,0.00430855,0.00171856,-0.00200454
1983-07-27,-0.01448450,-0.01559348,-0.01026907,-0.01633997
1983-07-28,-0.01467356,-0.01560844,-0.01204829,-0.02042449
1983-07-29,-0.01388320,-0.01424225,-0.01366747,-0.01441996
1983-08-01,-0.00734955,-0.00314389,-0.00748082,-0.00614364
1983-08-02,-0.00025937,0.00044069,-0.00078196,0.00185105
1983-08-03,0.00618429,0.00829893,-0.00093074,0.00223400
1983-08-04,-0.01334514,-0.01189067,-0.01051213,-0.01317993
1983-08-05,0.00241475,0.00300816,0.00180478,0.00132559
1983-08-08,-0.01497206,-0.01504652,-0.01285864,-0.01722271
1983-08-09,0.00240507,0.00669713,-0.00598808,-0.00234941
1983-08-10,0.00749402,0.00834685,0.00447634,0.00770825
1983-08-11,0.00293533,-0.00002494,0.00254379,0.00304966
1983-08-12,0.00476270,0.00502057,0.00569174,0.00656911
1983-08-15,0.00777824,0.00879298,0.00522044,0.00792506
1983-08-16,-0.00220725,-0.00190265,-0.00422172,-0.00585203
1983-08-17,0.00888025,0.01135111,0.00372063,0.00344377
1983-08-18,-0.00694635,-0.00993504,-0.00117334,-0.00358445
1983-08-19,0.00077335,0.00266378,-0.00022075,-0.00228002
1983-08-22,0.00160683,0.00163396,-0.00039860,-0.00086488
1983-08-23,-0.00863827,-0.00960086,-0.00716331,-0.01730506
1983-08-24,-0.00629812,-0.00884364,-0.00637739,-0.00939551
1983-08-25,-0.00163589,-0.00212022,-0.00500841,-0.00417936
1983-08-26,0.00682762,0.00818897,0.00157074,0.00319370
1983-08-29,-0.00055137,0.00125625,-0.00423394,-0.00394000
1983-08-30,0.00390679,0.00186195,0.00133031,0.00202617
1983-08-31,0.01151838,0.01143385,0.00425288,0.00955284
1983-09-01,0.00169257,-0.00057118,0.00395682,0.00763062
1983-09-02,0.00620093,0.00601473,0.00728093,0.01156696
1983-09-06,0.01674257,0.01656808,0.00814445,0.01208152
1983-09-07,0.00186530,0.00054153,0.00285887,-0.00164672
1983-09-08,0.00114151,-0.00100083,0.00330789,0.00354835
1983-09-09,-0.00124376,-0.00220674,0.00257441,0.00182926
1983-09-12,-0.00556342,-0.01064228,-0.00226100,-0.00437475
1983-09-13,-0.00483284,-0.00436114,-0.00696910,-0.00909126
1983-09-14,0.00283923,0.00332577,0.00046231,0.00154118
1983-09-15,-0.00323024,-0.00540877,-0.00228421,-0.00361255
1983-09-16,0.00750765,0.01063977,0.00178889,0.00387850
1983-09-19,0.00638071,0.00882959,0.00493666,0.01294088
1983-09-20,0.01193966,0.01003036,0.00294234,0.00516839
1983-09-21,-0.00230868,-0.00486925,0.00003013,-0.00057258
1983-09-22,0.00678739,0.00901068,0.00369403,0.00495386
1983-09-23,-0.00101833,-0.00065818,0.00011539,-0.00328083
1983-09-26,0.00214437,0.00181236,0.00134779,0.00125784
1983-09-27,-0.00893780,-0.00864796,-0.00722246,-0.00924868
1983-09-28,-0.00202600,-0.00230693,-0.00266262,-0.00318552
1983-09-29,-0.00401166,-0.00465028,-0.00128255,-0.00162713
1983-09-30,-0.00565718,-0.00687120,-0.00489901,-0.00890037
1983-10-03,-0.00389819,-0.00118144,-0.00518851,-0.00627123
1983-10-04,0.00512606,0.00326084,0.00131298,0.00079613
1983-10-05,0.00890334,0.00894199,0.00121695,-0.00095401
1983-10-06,0.01339209,0.01533497,0.00336102,0.00596543
1983-10-07,0.00404639,0.00292314,0.00341587,0.00536034
1983-10-10,0.00514806,0.01063506,-0.00049342,0.00058921
1983-10-11,-0.01078774,-0.01330784,-0.00438273,-0.00655437
1983-10-12,-0.00540146,-0.00440969,-0.00810898,-0.01289636
1983-10-13,-0.00002737,0.00136361,-0.00335854,-0.00345289
1983-10-14,0.00154839,0.00088320,-0.00036110,-0.00081620
1983-10-17,0.00148785,0.00247844,-0.00056982,-0.00104219
1983-10-18,-0.01359879,-0.01524255,-0.01332084,-0.02082185
1983-10-19,-0.00857298,-0.00634563,-0.01339667,-0.01333632
1983-10-20,0.00204294,0.00153434,0.00278521,0.00511287
1983-10-21,-0.00705415,-0.00690191,-0.00279196,-0.00636186
1983-10-24,-0.00142281,0.00117008,-0.00814783,-0.00971008
1983-10-25,0.00376596,0.00271703,0.00247030,0.00673665
1983-10-26,-0.00454803,-0.00619634,-0.00184953,-0.00231943
1983-10-27,-0.00361943,-0.00282507,-0.00103210,-0.00074445
1983-10-28,-0.00625429,-0.00835628,-0.00348914,-0.00513071
1983-10-31,0.00154110,0.00116728,-0.00418162,-0.00552341
1983-11-01,-0.00101368,0.00115684,-0.00519256,-0.00429153
1983-11-02,0.00875356,0.00846899,0.00391032,0.00802335
1983-11-03,-0.00505787,-0.00803990,-0.00050567,-0.00061863
1983-11-04,-0.00509881,-0.00552830,-0.00333121,-0.00593034
1983-11-07,-0.00288707,-0.00314267,-0.00483654,-0.00728348
1983-11-08,-0.00185635,-0.00097479,-0.00437391,-0.00553605
1983-11-09,0.00998392,0.01354561,0.00179557,0.00552071
1983-11-10,0.00363800,0.00284706,0.00548605,0.00813271
1983-11-11,0.01255847,0.01190563,0.00949459,0.01526892
1983-11-14,0.00644301,0.00284370,0.00793152,0.00917772
1983-11-15,-0.00399122,-0.00716888,-0.00003127,-0.00151638
1983-11-16,0.00626480,0.00478477,0.00284729,0.00402150
1983-11-17,0.00370115,0.00017632,0.00419215,0.00493018
1983-11-18,-0.00224923,-0.00568212,0.00205416,0.00006726
1983-11-21,0.00344180,0.00553694,0.00423968,0.00678344
1983-11-22,0.00686516,0.00443711,0.00306328,0.00580800
1983-11-23,0.00031788,0.00086694,0.00065534,0.00044596
1983-11-25,0.00332460,0.00233842,0.00283308,0.00331797
1983-11-28,-0.00099490,-0.00336218,-0.00175111,-0.00308654
1983-11-29,0.00823893,0.00833923,0.00415724,0.00401328
1983-11-30,-0.00395190,-0.00905254,0.00156005,0.00015943
1983-12-01,0.00028347,0.00097599,0.00048668,0.00133481
1983-12-02,-0.00643270,-0.00651494,-0.00308425,-0.00777127
1983-12-05,0.00105405,0.00249915,-0.00408869,-0.00440072
1983-12-06,0.00065884,-0.00141379,-0.00181574,-0.00121900
1983-12-07,0.00273702,0.00279201,0.00017666,0.00059870
1983-12-08,-0.00320893,-0.00441252,-0.00340093,-0.00531123
1983-12-09,-0.00273025,0.00021684,0.00020110,-0.00021136
1983-12-12,0.00037609,0.00287033,-0.00111944,-0.00148493
1983-12-13,-0.00190323,-0.00375730,-0.00165082,-0.00320836
1983-12-14,-0.00866737,-0.01011376,-0.00460418,-0.00864241
1983-12-15,-0.00887569,-0.00961946,-0.00358179,-0.00374960
1983-12-16,0.00271824,0.00427711,0.00110689,0.00262639
1983-12-19,-0.00020239,0.00009820,-0.00147256,-0.00109955
1983-12-20,-0.00024070,-0.00169831,-0.00299565,-0.00359761
1983-12-21,0.00613996,0.00935194,0.00250996,0.00417564
1983-12-22,-0.00232010,-0.00181008,0.00251893,0.00202230
1983-12-23,-0.00047754,-0.00030348,0.00238393,0.00118878
1983-12-27,0.01097779,0.00956594,-0.00001626,0.00088739
1983-12-28,-0.00065188,0.00347662,0.00014247,0.00018513
1983-12-29,-0.00017064,-0.00265236,0.00213061,0.00157108
1983-12-30,0.00247035,0.00013519,0.00644533,0.00500035
1984-01-03,-0.00321493,-0.00529973,-0.00023653,-0.00271674
1984-01-04,0.01514827,0.01684485,0.00917778,0.01227566
1984-01-05,0.01470362,0.01255790,0.01095727,0.01483097
1984-01-06,0.00282084,0.00263381,0.01003370,0.00971496
1984-01-09,-0.00183079,-0.00173361,0.00178926,-0.00234372
1984-01-10,-0.00329630,-0.00539330,0.00132688,0.00156936
1984-01-11,-0.00050994,-0.00088064,0.00169283,0.00004071
1984-01-12,0.00079828,-0.00078824,0.00187924,-0.00037049
1984-01-13,-0.00281494,-0.00394591,-0.00113752,-0.00285635
1984-01-16,-0.00030702,0.00132654,-0.00067372,-0.00173550
1984-01-17,0.00329433,0.00395797,0.00107111,0.00172891
1984-01-18,-0.00160930,-0.00195468,0.00185768,0.00145397
1984-01-19,-0.00289717,-0.00341480,-0.00070354,-0.00257765
1984-01-20,-0.00730109,-0.00576054,-0.00357802,-0.00743247
1984-01-23,-0.00990798,-0.00718879,-0.00982618,-0.01471082
1984-01-24,0.00187961,0.00566093,-0.00399856,-0.00496931
1984-01-25,-0.00624827,-0.00658015,-0.00202840,-0.00526927
1984-01-26,-0.00211608,-0.00375134,-0.00202070,-0.00643193
1984-01-27,-0.00306174,-0.00047650,-0.00450004,-0.00928450
1984-01-30,-0.01081738,-0.00673432,-0.01039068,-0.01429586
1984-01-31,0.00125239,0.00348279,-0.00392577,-0.00272062
1984-02-01,-0.00508473,-0.00365966,-0.00548651,-0.00735893
1984-02-02,0.00431588,0.00417531,-0.00069915,-0.00081120
1984-02-03,-0.01218760,-0.01522909,-0.00594570,-0.00775104
1984-02-06,-0.01599921,-0.01565517,-0.01531602,-0.01985223
1984-02-07,0.00085864,0.00447443,-0.00715170,-0.00308955
1984-02-08,-0.01928564,-0.01829203,-0.00962194,-0.01442350
1984-02-09,-0.00454740,-0.00218783,-0.01120751,-0.00894122
1984-02-10,0.00534628,0.00561021,0.00492755,0.00956877
1984-02-13,-0.00953608,-0.00813707,-0.01007975,-0.01337752
1984-02-14,0.00938688,0.01088788,0.00284812,0.00773637
1984-02-15,-0.00128530,-0.00219908,0.00059978,0.00143207
1984-02-16,-0.00187608,0.00043355,-0.00313054,-0.00311585
1984-02-17,-0.00375247,-0.00246538,0.00001031,-0.00179654
1984-02-21,-0.00895857,-0.00741482,-0.00464684,-0.00540108
1984-02-22,-0.00417304,-0.00192630,-0.00283899,-0.00351920
1984-02-23,-0.00235482,0.00065839,-0.00586067,-0.00826192
1984-02-24,0.02080101,0.02069077,0.01219973,0.01809350
1984-02-27,0.01134116,0.01178455,0.00718484,0.01212077
1984-02-28,-0.01329956,-0.01537259,-0.00548265,-0.01097764
1984-02-29,0.00325570,0.00170055,0.00285508,0.00396502
1984-03-01,0.00759092,0.00741719,0.00466021,0.00377807
1984-03-02,0.00816525,0.00677090,0.00770150,0.00819843
1984-03-05,-0.00614138,-0.00841555,-0.00227846,-0.00673990
1984-03-06,-0.00681351,-0.01066023,-0.00336381,-0.00641264
1984-03-07,-0.01093073,-0.01058365,-0.00792067,-0.01195407
1984-03-08,0.00440534,0.00439493,0.00158863,0.00186194
1984-03-09,-0.00426533,-0.00506494,-0.00106474,-0.00231852
1984-03-12,0.01034920,0.01339138,0.00139685,0.00354143
1984-03-13,0.00567113,0.00287385,0.00382034,0.00415178
1984-03-14,0.00123471,0.00019817,-0.00090656,-0.00170446
1984-03-15,0.00326478,0.00490268,0.00221640,0.00365346
1984-03-16,0.01118443,0.01112071,0.00689979,0.00999719
1984-03-19,-0.01011789,-0.00869702,-0.00533052,-0.00632336
1984-03-20,0.00689694,0.00645265,0.00050673,0.00472473
1984-03-21,0.00059737,-0.00118576,0.00013957,-0.00081626
1984-03-22,-0.01059709,-0.01190787,-0.00412134,-0.00663240
1984-03-23,-0.00056840,0.00047507,-0.00229878,-0.00290418
1984-03-26,0.00053164,-0.00007177,-0.00187373,-0.00226997
1984-03-27,0.00099690,0.00449153,-0.00089165,-0.00068096
1984-03-28,0.01543917,0.01623394,0.00301294,0.00811994
1984-03-29,-0.00006332,-0.00251176,0.00182709,0.00258994
1984-03-30,-0.00366224,-0.00169966,-0.00032986,-0.00384623
1984-04-02,-0.00546343,-0.00754270,-0.00270699,-0.00339412
1984-04-03,-0.00213131,-0.00208334,-0.00321214,-0.00336059
1984-04-04,-0.00071761,-0.00037521,-0.00094750,-0.00140925
1984-04-05,-0.01424019,-0.01617278,-0.00579352,-0.01078440
1984-04-06,-0.00131879,0.00261806,-0.00617604,-0.00734994
1984-04-09,-0.00022707,0.00019164,-0.00446230,-0.00401771
1984-04-10,0.00150278,0.00261989,0.00039324,0.00290320
1984-04-11,-0.00600371,-0.00575531,-0.00284429,-0.00647633
1984-04-12,0.01286285,0.01747023,0.00076389,0.00369987
1984-04-13,-0.00145137,-0.00259330,0.00443119,0.00602972
1984-04-16,0.00343060,0.00688846,-0.00088532,-0.00028716
1984-04-17,0.00512318,0.00411098,0.00312983,0.00724514
1984-04-18,-0.00605186,-0.00698054,-0.00021352,-0.00007702
1984-04-19,-0.00101108,0.00061607,0.00023629,0.00034597
1984-04-23,-0.00630577,-0.00720208,-0.00247175,-0.00586518
1984-04-24,0.00384879,0.00803972,0.00150055,0.00091568
1984-04-25,0.00222568,0.00371135,0.00027803,-0.00022813
1984-04-26,0.00939220,0.01088330,0.00524217,0.00849283
1984-04-27,-0.00039345,-0.00221828,0.00276149,0.00439669
1984-04-30,-0.00064094,0.00138446,0.00101202,0.00254497
1984-05-01,0.01306827,0.01085935,0.00643888,0.01200579
1984-05-02,0.00639844,0.00194039,0.00803860,0.01113854
1984-05-03,-0.00060616,-0.00437028,0.00133832,-0.00166226
1984-05-04,-0.00992208,-0.01179972,-0.00311960,-0.00676434
1984-05-07,0.00206978,0.00256243,0.00098151,0.00230437
1984-05-08,0.00510148,0.00757642,0.00259104,0.00444677
1984-05-09,-0.00112792,-0.00238676,-0.00002092,0.00157392
1984-05-10,0.00054303,-0.00074729,0.00090772,0.00173108
1984-05-11,-0.01060821,-0.00870235,-0.00504039,-0.00927046
1984-05-14,-0.00823980,-0.00630572,-0.00483338,-0.00661973
1984-05-15,0.00003514,0.00357943,-0.00019933,0.00097761
1984-05-16,-0.00091434,-0.00054783,0.00010492,-0.00131412
1984-05-17,-0.01140733,-0.00924752,-0.00629300,-0.01016163
1984-05-18,-0.00516796,-0.00536665,-0.00458126,-0.00609785
1984-05-21,-0.00792875,-0.00583266,-0.00409396,-0.00529647
1984-05-22,-0.00844179,-0.00570258,-0.00765696,-0.00898572
1984-05-23,-0.00396662,-0.00455040,-0.00310566,-0.00506579
1984-05-24,-0.01467089,-0.01244988,-0.01324079,-0.01726439
1984-05-25,0.00229579,0.00302659,-0.00192395,-0.00039943
1984-05-29,-0.00876492,-0.00831470,-0.00788928,-0.01103622
1984-05-30,-0.00009103,0.00062754,-0.00410672,-0.00267710
1984-05-31,0.00184006,0.00153125,0.00170247,0.00373619
1984-06-01,0.02168066,0.01843956,0.00715076,0.01350677
1984-06-04,0.01138080,0.00751570,0.00759821,0.01396122
1984-06-05,-0.00294228,-0.00416386,0.00005950,-0.00062311
1984-06-06,0.00946004,0.00839352,0.00364790,0.00487766
1984-06-07,0.00012694,-0.00007051,0.00293358,0.00180035
1984-06-08,0.00042623,0.00151003,0.00177518,0.00227363
1984-06-11,-0.01160544,-0.01304148,-0.00557821,-0.00838420
1984-06-12,-0.00750407,-0.00509766,-0.00370957,-0.00423608
1984-06-13,-0.00004913,-0.00066915,0.00143161,0.00347168
1984-06-14,-0.00902588,-0.01137576,-0.00440550,-0.00877535
1984-06-15,-0.00714895,-0.00753308,-0.00059572,0.00040470
1984-06-18,0.01662487,0.01819312,0.00262157,0.00591660
1984-06-19,0.00609057,0.00593185,0.00398631,0.00471426
1984-06-20,0.00941930,0.01477013,0.00049059,0.00305145
1984-06-21,0.00215391,-0.00215230,0.00387881,0.00610893
1984-06-22,-0.00002687,-0.00014592,0.00490248,0.00609783
1984-06-25,-0.00172211,-0.00202178,0.00118478,-0.00015627
1984-06-26,-0.00610672,-0.00805687,-0.00470957,-0.00802656
1984-06-27,-0.00749017,-0.00732727,-0.00422265,-0.00669763
1984-06-28,0.00678732,0.00811859,0.00291208,0.00501193
1984-06-29,0.00179885,0.00250841,0.00469616,0.00557511
1984-07-02,0.00011032,-0.00001938,-0.00334352,-0.00681423
1984-07-03,0.00352920,0.00399987,0.00121788,0.00247768
1984-07-05,-0.00662525,-0.00643317,0.00004678,-0.00154890
1984-07-06,-0.00396622,-0.00354094,-0.00197038,-0.00437746
1984-07-09,0.00376612,0.00830745,-0.00068841,0.00170147
1984-07-10,-0.00179099,-0.00312280,-0.00010179,-0.00106931
1984-07-11,-0.01207333,-0.01519896,-0.00404047,-0.00609740
1984-07-12,-0.00387435,-0.00348604,-0.00316691,-0.00402662
1984-07-13,0.00426019,0.00535984,0.00202101,0.00168476
1984-07-16,0.00121291,0.00504159,-0.00234173,-0.00330755
1984-07-17,0.00511562,0.00491345,0.00108070,-0.00063864
1984-07-18,-0.00489434,-0.00608958,-0.00275628,-0.00511125
1984-07-19,-0.01008132,-0.00706737,-0.00284133,-0.00568982
1984-07-20,-0.00782875,-0.00499360,-0.00422583,-0.00652246
1984-07-23,-0.00601558,-0.00391922,-0.00858323,-0.00900506
1984-07-24,-0.00867821,-0.00734292,-0.00524781,-0.00483009
1984-07-25,0.00172646,0.00678536,-0.00237557,-0.00091960
1984-07-26,0.00832326,0.00858039,0.00391282,0.00805084
1984-07-27,0.00927591,0.00755533,0.00549278,0.01031343
1984-07-30,-0.00432629,-0.00569422,-0.00105473,-0.00092759
1984-07-31,0.00485393,0.00371289,0.00199617,0.00416949
1984-08-01,0.02394851,0.02263181,0.01003882,0.01674019
1984-08-02,0.03232591,0.02527124,0.01618863,0.02451864
1984-08-03,0.02981704,0.02844909,0.02275963,0.03147378
1984-08-06,0.00449658,0.00236360,0.01146442,0.01331374
1984-08-07,-0.00180523,0.00127113,-0.00030317,-0.00015401
1984-08-08,-0.00750859,-0.00557144,-0.00012196,-0.00389625
1984-08-09,0.02192119,0.02362734,0.00698503,0.00997483
1984-08-10,0.00457577,0.00000286,0.00692465,0.00892722
1984-08-13,-0.00159890,0.00018808,-0.00217691,-0.00373059
1984-08-14,-0.00538484,-0.00656202,0.00012747,-0.00279603
1984-08-15,-0.00842103,-0.00922813,-0.00325836,-0.00367178
1984-08-16,0.00676903,0.00635781,0.00211576,0.00325761
1984-08-17,0.00191771,0.00169670,0.00096988,-0.00010824
1984-08-20,0.00166609,0.00534493,0.00056836,-0.00002428
1984-08-21,0.01516896,0.01752536,0.00781069,0.01275824
1984-08-22,-0.00069714,-0.00465983,0.00240458,0.00236605
1984-08-23,0.00108396,0.00079134,0.00108228,0.00151933
1984-08-24,0.00364243,0.00187858,0.00333246,0.00272475
1984-08-27,-0.00589448,-0.00542754,-0.00247040,-0.00541933
1984-08-28,0.00576427,0.00577693,0.00294260,0.00459867
1984-08-29,-0.00020126,-0.00145766,0.00267032,0.00152996
1984-08-30,-0.00230532,-0.00358157,0.00130590,-0.00123901
1984-08-31,0.00258732,0.00104335,0.00214601,0.00004826
1984-09-04,-0.00970068,-0.01006814,-0.00307203,-0.00625820
1984-09-05,-0.00338813,-0.00352697,-0.00200767,-0.00275570
1984-09-06,0.00746991,0.00833658,0.00443758,0.00682498
1984-09-07,-0.00613944,-0.00762339,-0.00031250,-0.00221513
1984-09-10,-0.00168836,0.00011563,-0.00232233,-0.00403075
1984-09-11,0.00285234,0.00113190,0.00307108,0.00535238
1984-09-12,0.00039951,0.00130412,-0.00030046,-0.00122021
1984-09-13,0.01641289,0.01997529,0.00571298,0.00783322
1984-09-14,0.00813137,0.00491364,0.00597573,0.00929668
1984-09-17,-0.00047690,0.00081747,0.00065317,-0.00036564
1984-09-18,-0.00372081,-0.00665054,-0.00231467,-0.00533838
1984-09-19,-0.00371894,-0.00475523,-0.00076764,-0.00379444
1984-09-20,0.00153280,0.00314402,-0.00008188,0.00060095
1984-09-21,-0.00466108,-0.01036748,0.00022455,-0.00211737
1984-09-24,-0.00312559,-0.00161822,-0.00258519,-0.00668737
1984-09-25,-0.00089247,0.00251897,-0.00318647,-0.00255394
1984-09-26,0.00171988,0.00359742,0.00125313,0.00069171
1984-09-27,0.00397356,0.00401004,0.00048442,0.00016218
1984-09-28,-0.00280334,-0.00491289,-0.00019289,-0.00149161
1984-10-01,-0.00909385,-0.00852148,-0.00573594,-0.00799927
1984-10-02,-0.00687582,-0.00648718,-0.00473478,-0.00721165
1984-10-03,-0.00723605,-0.00662564,-0.00405494,-0.00497938
1984-10-04,0.00180159,0.00266630,0.00138760,0.00207709
1984-10-05,0.00036213,-0.00163716,0.00130332,0.00090679
1984-10-08,-0.00538985,-0.00354198,-0.00175674,-0.00351231
1984-10-09,-0.00252772,-0.00223606,-0.00173293,-0.00127029
1984-10-10,0.00123396,0.00297656,-0.00319889,-0.00284415
1984-10-11,0.00659116,0.00382386,0.00361911,0.00607868
1984-10-12,0.00829703,0.00888500,0.00464592,0.00561183
1984-10-15,0.00843301,0.00999185,0.00242823,0.00687474
1984-10-16,-0.00249570,-0.00520122,-0.00006915,-0.00138832
1984-10-17,-0.00119992,-0.00375434,0.00012191,-0.00027976
1984-10-18,0.02110708,0.02364146,0.00491320,0.01226876
1984-10-19,0.00390453,-0.00038044,0.00524147,0.00579845
1984-10-22,-0.00368292,-0.00372201,-0.00158373,-0.00192439
1984-10-23,-0.00142110,-0.00170114,0.00053794,0.00071354
1984-10-24,-0.00150771,0.00045015,0.00044162,0.00095649
1984-10-25,-0.00778251,-0.00538317,-0.00229063,-0.00752229
1984-10-26,-0.00725811,-0.00609462,-0.00347933,-0.00674933
1984-10-29,-0.00222845,-0.00259206,-0.00252236,-0.00326253
1984-10-30,0.01109163,0.01336669,0.00220433,0.00422907
1984-10-31,-0.00280049,-0.00357554,-0.00035049,-0.00132320
1984-11-01,0.00850215,0.00826654,0.00249232,0.00444872
1984-11-02,0.00228844,0.00080133,0.00162361,-0.00011837
1984-11-05,0.00907916,0.00746991,0.00085106,0.00225506
1984-11-06,0.01046393,0.01090055,0.00387433,0.00945810
1984-11-07,-0.00536217,-0.00744002,-0.00173188,-0.00316131
1984-11-08,0.00029418,-0.00254771,0.00043649,-0.00078323
1984-11-09,-0.00361464,-0.00619511,0.00159627,0.00031783
1984-11-12,-0.00287696,-0.00138157,0.00009563,-0.00036529
1984-11-13,-0.00765963,-0.00802293,-0.00342306,-0.00512752
1984-11-14,-0.00134548,0.00020515,-0.00138408,-0.00306620
1984-11-15,-0.00409467,-0.00075378,-0.00182965,-0.00376253
1984-11-16,-0.00766079,-0.00968493,-0.00235633,-0.00288103
1984-11-19,-0.00756731,-0.00626013,-0.00661187,-0.00850389
1984-11-20,0.00458404,0.00672128,0.00039068,0.00154053
1984-11-21,0.00256502,0.00289592,-0.00044447,-0.00007525
1984-11-23,0.01416828,0.01430325,0.00666481,0.01064036
1984-11-26,-0.00552884,-0.00770445,-0.00044652,-0.00078930
1984-11-27,0.00324798,0.00553728,0.00156401,0.00286663
1984-11-28,-0.00515666,-0.00806883,-0.00127555,-0.00128202
1984-11-29,-0.00701951,-0.00674245,-0.00481131,-0.00672010
1984-11-30,-0.00013840,-0.00171585,-0.00206840,-0.00336656
1984-12-03,-0.00603140,-0.00446472,-0.00412360,-0.00529030
1984-12-04,0.00168805,0.00306197,-0.00090240,0.00062472
1984-12-05,-0.00817894,-0.00720718,-0.00652761,-0.00871832
1984-12-06,0.00482047,0.00383344,-0.00007899,0.00186558
1984-12-07,-0.00206639,-0.00247455,0.00078522,-0.00039501
1984-12-10,0.00086595,0.00385213,-0.00081137,-0.00122717
1984-12-11,0.00164028,0.00166347,0.00121619,0.00197402
1984-12-12,-0.00219365,-0.00265178,0.00099516,-0.00089580
1984-12-13,-0.00133099,-0.00464676,-0.00035869,-0.00222322
1984-12-14,0.00463649,0.00528650,0.00274161,0.00399609
1984-12-17,0.00480499,0.00625568,-0.00184597,-0.00164512
1984-12-18,0.02703255,0.02722493,0.01225667,0.02193224
1984-12-19,-0.00076311,-0.00533303,0.00514110,0.00647152
1984-12-20,-0.00512675,-0.00437972,0.00035391,-0.00082071
1984-12-21,-0.00670253,-0.00396930,-0.00020541,-0.00073398
1984-12-24,0.00764941,0.00781323,0.00504485,0.00737982
1984-12-26,-0.00111597,-0.00175956,0.00075799,0.00121203
1984-12-27,-0.00555318,-0.00455287,-0.00004932,-0.00122790
1984-12-28,0.00191757,0.00287912,0.00152583,0.00203843
1984-12-31,0.00924537,0.00564062,0.00509134,0.00462084
1985-01-02,-0.00876728,-0.01077294,-0.00069004,-0.00589935
1985-01-03,-0.00394298,-0.00478973,0.00141613,0.00183476
1985-01-04,-0.00440279,-0.00521752,0.00047160,-0.00099647
1985-01-07,0.00442504,0.00324285,0.00042701,-0.00053157
1985-01-08,0.00015748,-0.00096913,0.00167213,-0.00057338
1985-01-09,0.00647077,0.00733999,0.00430412,0.00538830
1985-01-10,0.01730135,0.01911971,0.00961015,0.01378049
1985-01-11,0.00113566,-0.00240328,0.00588799,0.00592385
1985-01-14,0.01570479,0.01540785,0.01051837,0.01417787
1985-01-15,0.00424165,0.00170625,0.00899321,0.00922400
1985-01-16,0.00652962,0.00247367,0.00825142,0.00962404
1985-01-17,-0.00141394,-0.00281782,0.00600846,0.00311275
1985-01-18,0.00385506,0.00308580,0.00620614,0.00696780
1985-01-21,0.01921100,0.02307581,0.01179936,0.01296120
1985-01-22,0.00238281,0.00127514,0.00611772,0.00748560
1985-01-23,0.01044776,0.01102611,0.00779852,0.00897900
1985-01-24,-0.00254206,-0.00343153,0.00617255,0.00634538
1985-01-25,0.00505827,0.00362187,0.00552171,0.00654960
1985-01-28,0.00294892,0.00124739,0.00499417,0.00436201
1985-01-29,0.00814505,0.01039387,0.00410105,0.00419461
1985-01-30,0.00166135,0.00106073,0.00904243,0.00845283
1985-01-31,0.00244502,0.00123388,0.00329409,0.00010984
1985-02-01,-0.00379438,-0.00549764,0.00147466,-0.00065348
1985-02-04,0.00928228,0.01090754,0.00678936,0.00849798
1985-02-05,0.00290729,0.00190644,0.00664876,0.00679372
1985-02-06,0.00171640,-0.00037836,0.00647609,0.00632229
1985-02-07,0.00646266,0.00801999,0.00841834,0.00945984
1985-02-08,0.00132526,0.00247470,0.00571472,0.00408872
1985-02-11,-0.00746335,-0.00881034,-0.00084608,-0.00330485
1985-02-12,0.00045967,0.00007925,-0.00065710,-0.00297893
1985-02-13,0.01463230,0.01601744,0.00677610,0.00618337
1985-02-14,-0.00264580,-0.00497418,0.00282422,0.00014125
1985-02-15,-0.00300176,-0.00506950,-0.00059161,-0.00200137
1985-02-19,-0.00196220,-0.00088026,-0.00157922,-0.00272839
1985-02-20,-0.00047805,-0.00062871,0.00169445,0.00151557
1985-02-21,-0.00640116,-0.00558504,-0.00063380,-0.00098493
1985-02-22,-0.00527972,-0.00403776,-0.00140316,-0.00269346
1985-02-25,-0.00580280,0.00000241,-0.00554221,-0.00749639
1985-02-26,0.00967334,0.01043825,0.00320266,0.00414132
1985-02-27,-0.00188718,-0.00210382,-0.00116571,-0.00301377
1985-02-28,0.00274141,0.00265664,0.00020096,-0.00022939
1985-03-01,0.01005595,0.01159363,0.00992114,0.01112817
1985-03-04,-0.00815453,-0.00629614,0.00075824,0.00026049
1985-03-05,0.00038685,0.00141912,0.00231872,0.00019791
1985-03-06,-0.00789644,-0.00890321,-0.00177301,-0.00570197
1985-03-07,-0.00615106,-0.00628295,-0.00456948,-0.00794316
1985-03-08,-0.00151672,-0.00237783,-0.00043927,-0.00281298
1985-03-11,-0.00392938,-0.00125269,-0.00312621,-0.00365529
1985-03-12,0.00302608,0.00483296,0.00011594,0.00101953
1985-03-13,-0.00806501,-0.00839904,-0.00660895,-0.01154128
1985-03-14,-0.00221632,-0.00172020,-0.00147197,-0.00224448
1985-03-15,-0.00421984,-0.00612758,0.00143528,0.00181604
1985-03-18,-0.00085013,0.00063995,-0.00377004,-0.00241174
1985-03-19,0.01342514,0.01498033,0.00240042,0.00582285
1985-03-20,-0.00249801,-0.00220666,-0.00054271,0.00027733
1985-03-21,0.00304467,0.00169386,0.00110801,0.00112035
1985-03-22,-0.00052582,-0.00178786,0.00041604,-0.00084020
1985-03-25,-0.00651748,-0.00515439,-0.00421794,-0.00895479
1985-03-26,0.00286047,0.00268998,-0.00117829,0.00020620
1985-03-27,0.00727207,0.00600341,0.00203110,0.00500483
1985-03-28,0.00284663,0.00011034,0.00261059,0.00265365
1985-03-29,0.00701468,0.00618575,0.00281915,0.00386415
1985-04-01,0.00347062,0.00342165,0.00145538,0.00482558
1985-04-02,-0.00378343,-0.00415616,-0.00104075,-0.00221000
1985-04-03,-0.00759894,-0.00766662,-0.00421362,-0.00643558
1985-04-04,-0.00118947,-0.00036271,-0.00035255,-0.00115180
1985-04-08,-0.00405211,-0.00574352,-0.00278079,-0.00337916
1985-04-09,0.00117354,0.00139585,0.00019135,0.00104318
1985-04-10,0.00717896,0.00657903,0.00461130,0.00845235
1985-04-11,0.00300152,0.00426905,0.00396872,0.00484936
1985-04-12,0.00122698,0.00177944,0.00267162,0.00221351
1985-04-15,0.00097103,0.00231798,0.00102525,0.00171887
1985-04-16,0.00113954,0.00187155,0.00347061,0.00413803
1985-04-17,0.00140474,0.00246060,0.00317224,0.00425878
1985-04-18,-0.00457405,-0.00514555,0.00123159,-0.00051138
1985-04-19,0.00039421,0.00201076,0.00017381,-0.00127539
1985-04-22,-0.00332712,-0.00215910,-0.00101177,-0.00296963
1985-04-23,0.00555609,0.00682136,0.00202194,0.00354141
1985-04-24,0.00068217,0.00212726,0.00124241,0.00220689
1985-04-25,0.00615171,0.00627016,0.00160105,0.00362252
1985-04-26,-0.00442847,-0.00669608,0.00084172,0.00028798
1985-04-29,-0.00915829,-0.00834811,-0.00431109,-0.00717979
1985-04-30,-0.00628404,-0.00460058,-0.00489123,-0.00545834
1985-05-01,-0.00692903,-0.00763386,-0.00098557,-0.00295771
1985-05-02,0.00266018,0.00318891,-0.00163773,-0.00220258
1985-05-03,0.00713370,0.00714477,0.00273374,0.00497081
1985-05-06,0.00041217,0.00031977,-0.00017518,-0.00111354
1985-05-07,0.00528353,0.00493623,0.00242805,0.00366934
1985-05-08,0.00054493,-0.00023557,0.00046580,0.00131039
1985-05-09,0.00871454,0.00776260,0.00583466,0.00788217
1985-05-10,0.01546548,0.01351375,0.00933217,0.01520065
1985-05-13,0.00206100,0.00168429,0.00231198,0.00286304
1985-05-14,-0.00281488,-0.00327704,-0.00067112,-0.00085585
1985-05-15,0.00292773,0.00354829,0.00182649,0.00276184
1985-05-16,0.00667873,0.00632153,0.00402009,0.00496385
1985-05-17,0.01057462,0.01013773,0.00509224,0.00728418
1985-05-20,0.01247678,0.01288044,0.00677926,0.01000516
1985-05-21,0.00059925,0.00067656,0.00019542,-0.00174992
1985-05-22,-0.00594598,-0.00551284,-0.00207921,-0.00288679
1985-05-23,-0.00397380,-0.00516402,-0.00047630,-0.00309444
1985-05-24,0.00446485,0.00422483,0.00228942,0.00063198
1985-05-28,-0.00304388,-0.00142884,-0.00110568,-0.00430259
1985-05-29,0.00022123,-0.00087603,-0.00107090,-0.00058850
1985-05-30,0.00027035,0.00012542,-0.00032937,-0.00256283
1985-05-31,0.00853769,0.00944943,0.00291524,0.00283315
1985-06-03,-0.00023048,0.00006455,0.00046712,-0.00008961
1985-06-04,0.00286326,0.00428055,0.00132419,0.00162491
1985-06-05,0.00184245,0.00059451,0.00312592,0.00309038
1985-06-06,0.00511108,0.00481522,0.00007054,0.00081753
1985-06-07,-0.00520494,-0.00690101,-0.00090435,-0.00258461
1985-06-10,-0.00264154,-0.00049762,-0.00049496,-0.00055465
1985-06-11,-0.00114332,-0.00248025,-0.00002249,-0.00019246
1985-06-12,-0.00643614,-0.00731715,-0.00170001,-0.00301192
1985-06-13,-0.01260043,-0.01211130,-0.00583916,-0.00938699
1985-06-14,0.00808915,0.00934035,0.00207547,0.00355313
1985-06-17,-0.00368093,-0.00302131,-0.00118138,-0.00159068
1985-06-18,0.00388221,0.00414881,0.00071359,0.00189888
1985-06-19,-0.00168934,-0.00330644,0.00092504,0.00155519
1985-06-20,0.00013706,0.00048186,-0.00116634,-0.00209495
1985-06-21,0.01488643,0.01443977,0.00296336,0.00512201
1985-06-24,-0.00278596,-0.00043986,0.00351972,0.00575371
1985-06-25,0.00465190,0.00290153,0.00568152,0.00894314
1985-06-26,0.00097331,0.00169661,0.00215381,0.00450308
1985-06-27,0.00702393,0.00644760,0.00515076,0.00738484
1985-06-28,0.00376624,0.00307944,0.00402706,0.00295732
1985-07-01,0.00243324,0.00316093,0.00147885,0.00187861
1985-07-02,-0.00086930,-0.00202366,0.00189778,0.00134667
1985-07-03,-0.00091572,-0.00273611,0.00226875,0.00127666
1985-07-05,0.00614426,0.00557124,0.00353780,0.00442102
1985-07-08,-0.00081917,-0.00271768,-0.00099483,-0.00213809
1985-07-09,-0.00476968,-0.00435407,-0.00047643,-0.00154980
1985-07-10,0.00606508,0.00668977,0.00360649,0.00462503
1985-07-11,0.00456441,0.00278339,0.00542667,0.00735703
1985-07-12,0.00356480,0.00188895,0.00497699,0.00617415
1985-07-15,-0.00164591,-0.00283681,0.00108823,0.00278873
1985-07-16,0.01060652,0.01073309,0.00531137,0.00716919
1985-07-17,0.00532556,0.00413330,0.00635888,0.00859059
1985-07-18,-0.00319789,-0.00569920,0.00094557,-0.00294806
1985-07-19,0.00494697,0.00328605,0.00358249,0.00284010
1985-07-22,-0.00277812,-0.00371805,-0.00119515,-0.00304554
1985-07-23,-0.00665007,-0.00901992,-0.00074478,-0.00188924
1985-07-24,-0.00905913,-0.00553728,-0.00461670,-0.00895317
1985-07-25,0.00087267,0.00194403,0.00401544,0.00234015
1985-07-26,0.00131132,0.00244301,0.00223689,-0.00001127
1985-07-29,-0.01366583,-0.01439777,-0.00680025,-0.01260756
1985-07-30,-0.00007196,0.00193222,-0.00116304,-0.00059965
1985-07-31,0.00736970,0.00527233,0.00154469,0.00194038
1985-08-01,0.00795416,0.00687018,0.00645893,0.00942486
1985-08-02,-0.00200121,-0.00313514,0.00238071,0.00141951
1985-08-05,-0.00581200,-0.00409461,-0.00526525,-0.00777995
1985-08-06,-0.01341675,-0.01339849,-0.00469135,-0.00651586
1985-08-07,-0.00203999,-0.00101682,-0.00518332,-0.00657413
1985-08-08,0.00747861,0.00757413,0.00203599,0.00166087
1985-08-09,-0.00152002,-0.00284881,0.00177315,0.00144270
1985-08-12,-0.00416547,-0.00320175,-0.00175965,-0.00219286
1985-08-13,-0.00213512,-0.00199703,-0.00270223,-0.00477555
1985-08-14,0.00272923,0.00098561,0.00215759,0.00220002
1985-08-15,-0.00056142,-0.00119464,0.00203263,0.00021202
1985-08-16,-0.00552358,-0.00529500,-0.00201354,-0.00382221
1985-08-19,-0.00034759,0.00188544,-0.00160527,-0.00266381
1985-08-20,0.00851293,0.00883553,0.00181560,0.00396404
1985-08-21,0.00445244,0.00536794,0.00324925,0.00468631
1985-08-22,-0.00725193,-0.00935823,-0.00178758,-0.00253573
1985-08-23,-0.00126418,-0.00145769,0.00113183,-0.00059055
1985-08-26,0.00007954,0.00177481,-0.00109682,-0.00051374
1985-08-27,0.00379081,0.00437169,0.00254398,0.00159003
1985-08-28,0.00305986,0.00365281,0.00408140,0.00399405
1985-08-29,0.00105466,0.00076600,0.00193991,0.00122809
1985-08-30,0.00025283,-0.00128117,0.00240969,0.00114432
1985-09-03,-0.00444310,-0.00343911,-0.00226624,-0.00317981
1985-09-04,-0.00346245,-0.00318471,-0.00293283,-0.00289772
1985-09-05,-0.00101646,0.00006530,0.00009969,-0.00071614
1985-09-06,0.00455086,0.00530519,0.00241162,0.00327836
1985-09-09,0.00059914,0.00063535,-0.00098699,0.00020109
1985-09-10,-0.00717702,-0.00722142,-0.00317950,-0.00481700
1985-09-11,-0.01059529,-0.00996349,-0.00732251,-0.01014366
1985-09-12,-0.00820580,-0.00748989,-0.00527630,-0.00505043
1985-09-13,-0.00492114,-0.00464119,-0.00831177,-0.00879807
1985-09-16,-0.00028099,0.00020141,-0.00529592,-0.00628783
1985-09-17,-0.00812938,-0.00792893,-0.01187006,-0.01478323
1985-09-18,0.00000032,0.00228280,-0.00293835,-0.00011195
1985-09-19,0.00765824,0.00897145,0.00714932,0.01017658
1985-09-20,-0.00554420,-0.00713990,0.00195956,0.00214834
1985-09-23,0.01188304,0.01172510,0.00478668,0.00612485
1985-09-24,-0.00727487,-0.00794926,-0.00323208,-0.00693521
1985-09-25,-0.01008865,-0.01103881,-0.00473720,-0.00785566
1985-09-26,0.00015382,0.00349111,-0.00499348,-0.00530896
1985-09-30,0.00226493,0.00391108,0.00121723,0.00118610
1985-10-01,0.01318674,0.01671561,0.00382177,0.00690362
1985-10-02,-0.00374496,-0.00535991,-0.00020335,-0.00230645
1985-10-03,0.00191898,0.00142382,0.00063974,0.00134712
1985-10-04,-0.00458339,-0.00603539,-0.00132021,-0.00337388
1985-10-07,-0.00674008,-0.00698518,-0.00431112,-0.00778992
1985-10-08,-0.00119913,0.00007877,-0.00294503,-0.00454773
1985-10-09,0.00409605,0.00378626,0.00310392,0.00549062
1985-10-10,0.00190687,0.00151829,0.00223013,0.00458678
1985-10-11,0.00754942,0.00848700,0.00565998,0.00935649
1985-10-14,0.00976533,0.01139096,0.00595371,0.00964007
1985-10-15,0.00025952,-0.00162599,0.00208666,0.00280683
1985-10-16,0.00835120,0.01004054,0.00581538,0.00681854
1985-10-17,0.00134879,-0.00137927,0.00535747,0.00599129
1985-10-18,-0.00148331,-0.00329863,0.00270113,0.00056802
1985-10-21,-0.00031127,-0.00021075,-0.00178918,-0.00169572
1985-10-22,0.00477736,0.00573430,0.00191970,0.00326189
1985-10-23,0.00417197,0.00528364,0.00296195,0.00483935
1985-10-24,-0.00254723,-0.00304535,0.00230620,0.00315719
1985-10-25,-0.00519323,-0.00538393,-0.00196489,-0.00406381
1985-10-28,-0.00000836,0.00207094,-0.00081085,-0.00033633
1985-10-29,0.00653300,0.00807954,0.00379069,0.00668774
1985-10-30,0.00447471,0.00461375,0.00372608,0.00443822
1985-10-31,-0.00003469,-0.00110044,0.00199429,0.00088791
1985-11-01,0.00782299,0.00887646,0.00574501,0.00575718
1985-11-04,-0.00101512,-0.00058179,0.00057762,0.00047318
1985-11-05,0.00763543,0.00682092,0.00237365,0.00380589
1985-11-06,0.00426438,0.00272941,0.00390497,0.00522795
1985-11-07,0.00070716,-0.00012521,0.00254871,0.00256210
1985-11-08,0.00793061,0.00693895,0.00645684,0.00878661
1985-11-11,0.01522922,0.01817716,0.00561649,0.00875291
1985-11-12,0.00476634,0.00432393,0.00586700,0.00772001
1985-11-13,-0.00468796,-0.00487495,0.00023131,-0.00175754
1985-11-14,0.00890770,0.00987083,0.00442805,0.00493155
1985-11-15,-0.00294518,-0.00481332,0.00312409,0.00312676
1985-11-18,0.00120285,0.00352510,0.00009486,0.00001929
1985-11-19,0.00091056,-0.00031485,0.00264025,0.00319146
1985-11-20,0.00152924,0.00166523,0.00183667,0.00042782
1985-11-21,0.01165321,0.01210769,0.00640698,0.00812071
1985-11-22,0.00304910,0.00086908,0.00550336,0.00565054
1985-11-25,-0.00515211,-0.00528698,-0.00133073,-0.00345333
1985-11-26,0.00106496,0.00156459,0.00148922,0.00285685
1985-11-27,0.00905746,0.00973795,0.00634304,0.00847943
1985-11-29,0.00113204,-0.00085142,0.00391831,0.00290113
1985-12-02,-0.00745653,-0.00894300,-0.00056881,-0.00200650
1985-12-03,0.00293995,0.00252545,0.00137593,0.00080729
1985-12-04,0.01708948,0.01696404,0.00892132,0.01186941
1985-12-05,-0.00150262,-0.00184285,0.00534529,0.00486786
1985-12-06,-0.00646536,-0.00418561,-0.00160071,-0.00528666
1985-12-09,0.00533488,0.00732922,0.00222654,0.00207857
1985-12-10,0.00087646,0.00110156,0.00109745,0.00180088
1985-12-11,0.00906506,0.00976599,0.00332644,0.00567892
1985-12-12,0.00165884,0.00202393,0.00590579,0.00588822
1985-12-13,0.01466158,0.01551524,0.00801214,0.01084137
1985-12-16,0.00844899,0.00981038,0.00337318,0.00386205
1985-12-17,-0.00589246,-0.00624478,-0.00465460,-0.00549608
1985-12-18,-0.00537058,-0.00424856,-0.00226571,-0.00242034
1985-12-19,0.00147096,0.00090343,0.00073367,0.00040109
1985-12-20,0.00767281,0.00426323,0.00206951,0.00268691
1985-12-23,-0.01132864,-0.01109426,-0.00156611,-0.00446373
1985-12-24,-0.00573885,-0.00593520,-0.00067046,-0.00319608
1985-12-26,0.00177702,0.00238944,0.00117317,0.00143206
1985-12-27,0.00866159,0.00976992,0.00441180,0.00572134
1985-12-30,0.00320981,0.00525067,0.00106522,0.00162668
1985-12-31,0.00535268,0.00281635,0.00639691,0.00462879
1986-01-02,-0.00641251,-0.00817082,0.00267301,-0.00172750
1986-01-03,0.00539241,0.00617411,0.00304291,0.00144535
1986-01-06,-0.00105977,-0.00041897,0.00210095,0.00112177
1986-01-07,0.01604638,0.01451213,0.00946122,0.01185431
1986-01-08,-0.02225314,-0.02733129,-0.00290156,-0.00490099
1986-01-09,-0.01198490,-0.00872838,-0.01348519,-0.01577214
1986-01-10,-0.00014104,-0.00086330,0.00469289,0.00326650
1986-01-13,0.00558126,0.00386358,0.00147146,0.00019901
1986-01-14,-0.00040813,-0.00066868,0.00370518,0.00203349
1986-01-15,0.00902690,0.00786315,0.00609395,0.00928889
1986-01-16,0.00534615,0.00486278,0.00396175,0.00530836
1986-01-17,-0.00040442,-0.00343285,0.00271029,0.00183781
1986-01-20,-0.00252005,-0.00376373,-0.00162661,-0.00373476
1986-01-21,-0.00710732,-0.00815421,-0.00155245,-0.00251944
1986-01-22,-0.00926329,-0.01107635,-0.00226425,-0.00553163
1986-01-23,0.00160304,0.00385083,0.00216903,-0.00016238
1986-01-24,0.01147754,0.01051483,0.00483749,0.00610729
1986-01-27,0.00455016,0.00503921,0.00423829,0.00477819
1986-01-28,0.01112160,0.01173393,0.00610025,0.00835799
1986-01-29,0.00095729,0.00286386,0.00476245,0.00664616
1986-01-30,-0.00322611,-0.00466838,-0.00012624,-0.00105037
1986-01-31,0.01226126,0.01194906,0.00489256,0.00422008
1986-02-03,0.00966101,0.01079181,0.00329170,0.00622902
1986-02-04,-0.00253801,-0.00342471,0.00076774,0.00245390
1986-02-05,0.00080907,0.00049186,0.00114688,0.00410617
1986-02-06,0.00216090,0.00202181,0.00503464,0.00572591
1986-02-07,0.00479023,0.00562409,0.00429453,0.00399908
1986-02-10,0.00797377,0.00809613,0.00539160,0.00458993
1986-02-11,-0.00085191,-0.00090302,0.00308649,0.00292996
1986-02-12,0.00262166,0.00063284,0.00475748,0.00416696
1986-02-13,0.00499654,0.00646382,0.00512519,0.00501936
1986-02-14,0.01085943,0.01043947,0.00653262,0.00729244
1986-02-18,0.01332482,0.01289528,0.00550930,0.00659806
1986-02-19,-0.00959811,-0.01160132,0.00009705,-0.00067136
1986-02-20,0.01019597,0.01086281,0.00293968,0.00389810
1986-02-21,0.01147746,0.01087454,0.00676531,0.00773777
1986-02-24,-0.00196092,-0.00086687,0.00206908,0.00055570
1986-02-25,-0.00048217,-0.00242839,0.00028293,-0.00189884
1986-02-26,-0.00044122,0.00116614,0.00268934,0.00099547
1986-02-27,0.01467405,0.01226510,0.00650926,0.00862890
1986-02-28,0.00336179,0.00118325,0.00414394,0.00390137
1986-03-03,-0.00413036,-0.00576039,0.00217831,0.00100870
1986-03-04,-0.00224166,-0.00445593,0.00374480,0.00348231
1986-03-05,0.00040912,-0.00063300,-0.00242278,-0.00246091
1986-03-06,0.00675030,0.00429312,0.00530825,0.00404354
1986-03-07,0.00287918,0.00190346,0.00352955,0.00195143
1986-03-10,0.00525153,0.00520667,0.00265216,0.00522435
1986-03-11,0.01920957,0.02214806,0.00677837,0.01007237
1986-03-12,0.00521853,0.00368421,0.00575018,0.00637947
1986-03-13,0.00326854,0.00248487,0.00091349,0.00187599
1986-03-14,0.01194249,0.01364281,0.00364816,0.00397753
1986-03-17,-0.01088320,-0.00713176,-0.00448788,-0.00517587
1986-03-18,0.00469620,0.00494276,0.00281168,0.00427251
1986-03-19,-0.00185793,-0.00126880,0.00091036,-0.00034215
1986-03-20,0.00270015,0.00477402,0.00322160,0.00227462
1986-03-21,-0.00525940,-0.01352364,0.00061862,-0.00067869
1986-03-24,0.00482017,0.00856626,-0.00310459,-0.00432843
1986-03-25,-0.00029876,-0.00203074,-0.00361162,-0.00341804
1986-03-26,0.00886360,0.01115591,0.00391146,0.00429997
1986-03-27,0.00651676,0.00714298,0.00682612,0.00752552
1986-03-31,-0.00035444,-0.00014640,0.00409557,0.00486611
1986-04-01,-0.01613133,-0.01553926,-0.00294153,-0.00162987
1986-04-02,-0.00028556,0.00211577,-0.00108695,-0.00027696
1986-04-03,-0.01352329,-0.01306827,0.00223639,0.00088714
1986-04-04,-0.01585045,-0.01645521,-0.00284057,-0.00643928
1986-04-07,-0.00103665,-0.00051945,-0.00536983,-0.00797524
1986-04-08,0.02116567,0.02174550,0.00623030,0.01102227
1986-04-09,0.00174910,0.00105453,0.00322533,0.00324560
1986-04-10,0.00958360,0.01097054,0.00552129,0.00850633
1986-04-11,-0.00060732,-0.00202689,0.00402980,0.00404795
1986-04-14,0.00470024,0.00576324,0.00497412,0.00542013
1986-04-15,0.00110498,0.00197420,0.00297432,0.00300690
1986-04-16,0.01702049,0.01927393,0.01096308,0.01645059
1986-04-17,0.00395862,0.00293975,0.00627497,0.00604710
1986-04-18,0.00090461,-0.00236025,0.00276773,0.00006829
1986-04-21,0.00600549,0.00991914,0.00368229,0.00367059
1986-04-22,-0.00841993,-0.01001372,0.00020794,-0.00120985
1986-04-23,-0.00461173,-0.00288265,-0.00240800,-0.00395272
1986-04-24,0.00156236,0.00159133,0.00526395,0.00723540
1986-04-25,0.00155774,0.00044618,0.00265412,0.00237355
1986-04-28,0.00297583,0.00390984,-0.00030076,-0.00216224
1986-04-29,-0.01042226,-0.01019161,-0.00389273,-0.00611980
1986-04-30,-0.01903384,-0.02084929,-0.01014434,-0.01585595
1986-05-01,-0.00241795,-0.00109643,-0.00228287,-0.00366163
1986-05-02,-0.00248572,-0.00196191,0.00314685,0.00364164
1986-05-05,0.01245938,0.01358303,0.00448437,0.00764018
1986-05-06,-0.00112742,-0.00222870,0.00085284,0.00070983
1986-05-07,-0.00284669,-0.00454391,-0.00179698,-0.00226136
1986-05-08,0.00565154,0.00497220,0.00385101,0.00528478
1986-05-09,0.00372425,0.00323814,0.00580377,0.00419217
1986-05-12,-0.00237757,-0.00113972,-0.00317717,-0.00259821
1986-05-13,-0.00347200,-0.00436049,-0.00178331,-0.00397666
1986-05-14,0.00266981,0.00498596,0.00219430,0.00200020
1986-05-15,-0.00970131,-0.01334123,-0.00242263,-0.00414561
1986-05-16,-0.00655989,-0.00677091,-0.00172400,-0.00273757
1986-05-19,0.00179733,0.00212593,-0.00105473,-0.00157130
1986-05-20,0.01126222,0.01321327,0.00204122,0.00482471
1986-05-21,-0.00030687,-0.00269030,0.00176758,0.00254650
1986-05-22,0.02027936,0.01961616,0.00678930,0.00992196
1986-05-23,0.00500264,0.00561790,0.00591358,0.00623154
1986-05-27,0.01314438,0.01474979,0.00489030,0.00814725
1986-05-28,0.00613883,0.00770357,0.00522374,0.00627426
1986-05-29,0.00518118,0.00536768,0.00222605,0.00205284
1986-05-30,-0.00113879,-0.00235685,0.00520805,0.00601709
1986-06-02,-0.01106924,-0.00936991,0.00008705,-0.00178468
1986-06-03,0.00077100,0.00195533,0.00109095,0.00004885
1986-06-04,-0.00610038,-0.00613331,-0.00026675,-0.00109028
1986-06-05,0.00677116,0.00645667,0.00195303,0.00216330
1986-06-06,-0.00131718,0.00035105,0.00214010,0.00033781
1986-06-09,-0.02082115,-0.02260500,-0.00920095,-0.01415096
1986-06-10,-0.00339776,-0.00127061,-0.00241563,-0.00429484
1986-06-11,0.00692510,0.00653149,0.00394033,0.00744633
1986-06-12,0.00350512,0.00162354,0.00307107,0.00257020
1986-06-13,0.01584515,0.01724625,0.00516605,0.00819336
1986-06-16,-0.00008637,0.00119582,-0.00161764,-0.00258380
1986-06-17,-0.00872499,-0.00683704,-0.00188294,-0.00570346
1986-06-18,0.00016088,0.00213840,-0.00367121,-0.00302781
1986-06-19,-0.00286563,-0.00299796,0.00245549,0.00352768
1986-06-20,0.01038324,0.01287416,-0.00004835,0.00147294
1986-06-23,-0.00943697,-0.00854584,-0.00159248,0.00037087
1986-06-24,0.00857189,0.00813832,0.00337540,0.00590150
1986-06-25,0.00563964,0.00786010,0.00497839,0.00710503
1986-06-26,-0.00075766,-0.00097534,0.00226067,0.00182419
1986-06-27,0.00518872,0.00364422,0.00309706,0.00184370
1986-06-30,0.00635732,0.00528676,0.00357418,0.00484650
1986-07-01,0.00388000,0.00483383,0.00510736,0.00569279
1986-07-02,0.00099502,0.00279596,0.00402273,0.00481142
1986-07-03,-0.00224201,-0.00347175,0.00335663,0.00374870
1986-07-07,-0.02928075,-0.03092576,-0.01733247,-0.02506993
1986-07-08,-0.01077391,-0.01058975,-0.02099690,-0.02590716
1986-07-09,0.00379449,0.00560233,0.00449606,0.00723020
1986-07-10,0.00100710,0.00072324,-0.00134640,-0.00380245
1986-07-11,-0.00231910,-0.00254030,0.00120299,-0.00134416
1986-07-14,-0.01679723,-0.01694497,-0.01298978,-0.01729334
1986-07-15,-0.02259063,-0.01833562,-0.01354980,-0.01629136
1986-07-16,0.00476142,0.00463472,0.00203104,0.00296660
1986-07-17,0.00495729,0.00494392,0.00237373,0.00498793
1986-07-18,-0.00265925,0.00122584,-0.00067764,-0.00110188
1986-07-21,-0.00291977,-0.00065158,-0.00410168,-0.00391183
1986-07-22,0.00799652,0.00888590,-0.00014319,0.00143969
1986-07-23,0.00150590,0.00119874,-0.00006320,0.00052377
1986-07-24,-0.00247260,-0.00242824,-0.00344121,-0.00257018
1986-07-25,0.00892015,0.00996622,0.00148747,0.00321077
1986-07-28,-0.01776055,-0.01780884,-0.00909127,-0.01331261
1986-07-29,-0.00542641,-0.00546088,-0.00681533,-0.00721438
1986-07-30,0.00437486,0.00858632,-0.00459403,-0.00298654
1986-07-31,-0.00152786,-0.00179019,0.00157909,0.00157426
1986-08-01,-0.00404331,-0.00534967,-0.00171224,-0.00188526
1986-08-04,0.00101676,0.00572507,-0.00911510,-0.01082139
1986-08-05,0.00467593,0.00317211,0.00065542,-0.00017242
1986-08-06,0.00012657,-0.00045741,-0.00324691,-0.00557523
1986-08-07,0.00263940,0.00222203,0.00077174,0.00090230
1986-08-08,0.00083220,-0.00067317,-0.00038932,0.00233866
1986-08-11,0.01751380,0.01688180,0.00594359,0.01170113
1986-08-12,0.01128034,0.01093374,0.00556067,0.00993171
1986-08-13,0.00911168,0.00962746,0.00721110,0.01009603
1986-08-14,0.00449876,0.00227497,0.00529737,0.00740819
1986-08-15,0.00396027,0.00319306,0.00168585,0.00211163
1986-08-18,-0.00120843,0.00121299,-0.00059285,-0.00178760
1986-08-19,-0.00402457,-0.00307263,-0.00176480,-0.00116277
1986-08-20,0.01079198,0.01315433,0.00283232,0.00525186
1986-08-21,0.00220509,-0.00044186,0.00101225,0.00103624
1986-08-22,0.00417306,0.00214278,0.00162798,0.00138786
1986-08-25,-0.01014829,-0.00899628,-0.00369251,-0.00561154
1986-08-26,0.01868439,0.02032976,0.00112840,0.00311881
1986-08-27,0.00128108,0.00160207,0.00146044,0.00363331
1986-08-28,0.00096154,-0.00150876,0.00154799,0.00200305
1986-08-29,0.00025291,0.00028542,0.00231605,0.00087472
1986-09-02,-0.01613827,-0.01753394,-0.00369344,-0.00735756
1986-09-03,0.00687917,0.00616755,-0.00439222,-0.00321085
1986-09-04,0.01747161,0.01501824,0.00404757,0.00602288
1986-09-05,-0.01218402,-0.01309898,-0.00253916,-0.00736166
1986-09-08,-0.00880989,-0.00904403,-0.00979471,-0.01663344
1986-09-09,-0.00258751,-0.00131840,-0.00512178,-0.00668022
1986-09-10,-0.00255682,-0.00289770,-0.00574866,-0.00772026
1986-09-11,-0.04998149,-0.04801555,-0.03073310,-0.03802328
1986-09-12,-0.01770972,-0.01917926,-0.01498169,-0.01965158
1986-09-15,0.00162651,0.00482159,-0.00290019,-0.00203826
1986-09-16,-0.00017873,-0.00036181,-0.00674880,-0.00626710
1986-09-17,0.00387905,0.00006192,0.00565189,0.01022575
1986-09-18,0.00216046,0.00257157,0.00361600,0.00574716
1986-09-19,0.00538136,-0.00046683,0.00129518,0.00215494
1986-09-22,0.01105369,0.01088152,0.00597284,0.00938693
1986-09-23,0.00453750,0.00450600,0.00303864,0.00268922
1986-09-24,0.00330612,0.00311920,0.00413504,0.00392287
1986-09-25,-0.01398495,-0.01816246,-0.00525395,-0.00846269
1986-09-26,0.00098776,0.00098809,0.00071004,0.00006329
1986-09-29,-0.01167709,-0.00952068,-0.00726369,-0.01034965
1986-09-30,0.00591654,0.00629627,0.00590808,0.00890465
1986-10-01,0.00970582,0.00953140,0.00472605,0.00452741
1986-10-02,0.00128377,0.00174119,0.00160211,0.00056824
1986-10-03,0.00028513,-0.00089808,-0.00060088,0.00016248
1986-10-06,0.00300056,0.00467703,0.00077386,0.00144252
1986-10-07,-0.00013505,-0.00189483,-0.00209539,-0.00246885
1986-10-08,0.01031586,0.01006487,0.00145541,0.00164748
1986-10-09,-0.00055182,-0.00384347,0.00095655,0.00072081
1986-10-10,-0.00075300,-0.00118039,0.00099096,0.00173362
1986-10-13,0.00314029,0.00181562,0.00065035,0.00164857
1986-10-14,-0.00122545,-0.00222434,0.00032133,-0.00010887
1986-10-15,0.01453760,0.01499106,0.00507927,0.00587369
1986-10-16,0.00194861,0.00296237,0.00232323,0.00251987
1986-10-17,-0.00269955,-0.00323461,0.00088975,-0.00181171
1986-10-20,-0.01194201,-0.01150650,-0.00359401,-0.00609290
1986-10-21,0.00011422,-0.00042639,0.00052780,-0.00071464
1986-10-22,0.00238744,0.00158618,0.00209967,0.00247431
1986-10-23,0.01243464,0.01326522,0.00357988,0.00644097
1986-10-24,-0.00315491,-0.00391945,0.00254239,0.00186291
1986-10-27,0.00223612,0.00269019,0.00077761,0.00033313
1986-10-28,0.00394626,0.00218458,0.00122155,0.00184908
1986-10-29,0.00994091,0.00689281,0.00401036,0.00374438
1986-10-30,0.00736089,0.01189937,0.00583227,0.00784314
1986-10-31,0.00100926,0.00064348,0.00189072,-0.00062492
1986-11-03,0.00671956,0.00807488,0.00103100,0.00133849
1986-11-04,0.00373357,0.00226961,0.00062373,0.00235845
1986-11-05,0.00300514,0.00244947,0.00056954,0.00034654
1986-11-06,-0.00199123,-0.00255210,-0.00056249,-0.00209423
1986-11-07,-0.00018323,-0.00009843,0.00258071,-0.00062540
1986-11-10,0.00146885,0.00145844,-0.00142445,-0.00304774
1986-11-11,0.00288592,0.00393362,0.00363648,0.00386525
1986-11-12,-0.00096849,-0.00212655,-0.00020431,-0.00033132
1986-11-13,-0.01264403,-0.01479037,-0.00377020,-0.00908177
1986-11-14,0.00484951,0.00630131,0.00167295,0.00163317
1986-11-17,-0.00573795,-0.00518854,-0.00374711,-0.00389397
1986-11-18,-0.02774516,-0.02599579,-0.00860584,-0.01184088
1986-11-19,-0.00059014,0.00342292,-0.00575032,-0.00768340
1986-11-20,0.01766372,0.01846680,0.00356446,0.00697172
1986-11-21,0.01575440,0.01592310,0.00374172,0.00807915
1986-11-24,0.00616831,0.00712295,0.00132045,0.00501485
1986-11-25,0.00352886,0.00314259,0.00123061,0.00301624
1986-11-26,0.00229211,0.00175410,0.00243599,0.00360469
1986-11-28,0.00449718,0.00190542,0.00391318,0.00368424
1986-12-01,-0.00014622,0.00006470,-0.00421075,-0.00428427
1986-12-02,0.01547180,0.01960766,0.00467063,0.00879806
1986-12-03,0.00000635,0.00004017,0.00402955,0.00768495
1986-12-04,0.00005960,-0.00281947,0.00144105,0.00304383
1986-12-05,-0.00602457,-0.00781652,-0.00014317,-0.00286740
1986-12-08,-0.00208721,0.00070534,-0.00463049,-0.00487748
1986-12-09,-0.00784392,-0.00722599,-0.00298122,-0.00487412
1986-12-10,0.00505687,0.00664693,-0.00108321,0.00022358
1986-12-11,-0.01188500,-0.01130047,-0.00284819,-0.00371348
1986-12-12,-0.00476861,-0.00364510,-0.00289798,-0.00504312
1986-12-15,0.00052107,0.00340805,-0.00589504,-0.00710552
1986-12-16,0.00711640,0.00747856,-0.00118939,0.00154026
1986-12-17,-0.00936293,-0.00932802,-0.00162401,-0.00390814
1986-12-18,-0.00176919,-0.00359418,-0.00231433,-0.00203722
1986-12-19,0.01269522,0.01082023,-0.00014195,0.00251669
1986-12-22,-0.00308366,-0.00332297,-0.00354695,-0.00216432
1986-12-23,-0.01068418,-0.01016523,-0.00524299,-0.00731178
1986-12-24,0.00220590,0.00337083,0.00269390,0.00217622
1986-12-26,0.00090273,0.00104232,0.00194740,0.00127055
1986-12-29,-0.00945080,-0.00951401,-0.00444327,-0.00619101
1986-12-30,-0.00658932,-0.00542072,-0.00154639,-0.00211314
1986-12-31,-0.00304730,-0.00626612,0.00569181,0.00377430
1987-01-02,0.01949816,0.01900067,0.01393679,0.01332235
1987-01-05,0.02635255,0.02463381,0.01541136,0.02281694
1987-01-06,0.00184783,0.00216035,0.01312805,0.01406662
1987-01-07,0.01218574,0.01012935,0.01507867,0.01816643
1987-01-08,0.01124379,0.00762927,0.01134368,0.01339164
1987-01-09,0.00752448,0.00571782,0.00883116,0.00793877
1987-01-12,0.00730182,0.00624622,0.01155364,0.01326967
1987-01-13,0.00045958,-0.00129120,0.00316405,0.00227720
1987-01-14,0.01080329,0.01019325,0.00737468,0.00933879
1987-01-15,0.01131442,0.01022407,0.00693990,0.00694463
1987-01-16,-0.00153568,0.00330035,-0.00282641,-0.00749398
1987-01-19,0.00807411,0.01180900,0.00237989,0.00710858
1987-01-20,-0.00148292,-0.00137509,0.00028243,-0.00109151
1987-01-21,-0.00633693,-0.00410033,-0.00318288,-0.00676579
1987-01-22,0.02024203,0.02266460,0.00549695,0.00960770
1987-01-23,-0.01268068,-0.01400173,-0.00226235,-0.00294355
1987-01-26,-0.00370563,-0.00158614,-0.00760288,-0.01125572
1987-01-27,0.01564677,0.01516622,0.00498225,0.00780716
1987-01-28,0.00756860,0.00671100,0.00321726,0.00322395
1987-01-29,-0.00392595,-0.00440497,0.00094134,-0.00275743
1987-01-30,0.00120191,-0.00037506,0.00329727,0.00330504
1987-02-02,0.01014524,0.00949508,0.00825866,0.01336318
1987-02-03,0.00335489,-0.00146558,0.00487593,0.00551083
1987-02-04,0.01485230,0.01334166,0.00842749,0.00854141
1987-02-05,0.00655576,0.00641779,0.00706770,0.00648813
1987-02-06,-0.00017409,-0.00362157,0.00363753,0.00262592
1987-02-09,-0.00625873,-0.00658270,0.00020205,-0.00300763
1987-02-10,-0.00959743,-0.01108397,-0.00307157,-0.00515488
1987-02-11,0.01135367,0.00919377,0.00910988,0.01232163
1987-02-12,-0.00420388,-0.00675432,0.00428731,0.00273705
1987-02-13,0.01672536,0.01579442,0.00581144,0.00821249
1987-02-17,0.01809669,0.02025589,0.00951760,0.01353579
1987-02-18,-0.00070424,0.00009822,0.00027774,-0.00236997
1987-02-19,0.00102718,0.00085295,0.00108441,0.00054928
1987-02-20,-0.00082641,-0.00080716,0.00205175,0.00018732
1987-02-23,-0.01060042,-0.00953591,-0.00335199,-0.00442793
1987-02-24,0.00231953,0.00152899,0.00401403,0.00581229
1987-02-25,0.00553080,0.00401618,0.00618592,0.00914841
1987-02-26,-0.00315414,-0.00355730,0.00426608,0.00424267
1987-02-27,0.00368909,0.00423807,0.00522965,0.00493589
1987-03-02,-0.00500383,-0.00331184,0.00048797,-0.00239407
1987-03-03,0.00157838,0.00324434,0.00082261,-0.00052700
1987-03-04,0.01367472,0.01547836,0.00509992,0.00757078
1987-03-05,0.00520091,0.00688302,0.00409936,0.00556331
1987-03-06,0.00068410,0.00029878,0.00306619,0.00128496
1987-03-09,-0.00702623,-0.00771952,-0.00333017,-0.00595034
1987-03-10,0.00804126,0.00925805,0.00476496,0.00618336
1987-03-11,-0.00208304,-0.00191639,0.00549523,0.00472093
1987-03-12,0.00332255,0.00269779,0.00374814,0.00178779
1987-03-13,-0.00394637,-0.00459122,0.00195011,-0.00246056
1987-03-16,-0.00671574,-0.00618183,-0.00189124,-0.00224948
1987-03-17,0.01308275,0.01481648,0.00609480,0.00934353
1987-03-18,0.00169557,0.00087870,0.00109050,0.00082946
1987-03-19,0.00564073,0.00514882,0.00208764,0.00457495
1987-03-20,0.01320664,0.01295753,0.00359058,0.00555488
1987-03-23,0.00538909,0.00992908,-0.00415853,-0.00418863
1987-03-24,0.00088682,0.00203445,-0.00020525,-0.00004258
1987-03-25,-0.00290987,-0.00337578,-0.00002323,-0.00112690
1987-03-26,0.00067735,0.00199064,0.00204346,0.00305164
1987-03-27,-0.01295045,-0.01634749,-0.00263196,-0.00549512
1987-03-30,-0.02332084,-0.02358941,-0.01703752,-0.02268435
1987-03-31,0.00766349,0.00746238,0.00558830,0.00775608
1987-04-01,0.00264754,0.00427277,-0.00351106,-0.00373939
1987-04-02,0.00494711,0.00333695,0.00593595,0.00801260
1987-04-03,0.02284576,0.02358847,0.00957823,0.01227088
1987-04-06,0.00415985,0.00534440,0.00057623,0.00059865
1987-04-07,-0.01418351,-0.01687346,-0.00430809,-0.00905691
1987-04-08,0.00217254,0.00125764,0.00133891,0.00298123
1987-04-09,-0.01269227,-0.01497605,-0.00498328,-0.00681075
1987-04-10,-0.00241613,-0.00136225,-0.00116710,-0.00288141
1987-04-13,-0.02473103,-0.02271509,-0.01128520,-0.01775343
1987-04-14,-0.02823838,-0.02393173,-0.02103907,-0.02482853
1987-04-15,0.02032757,0.01954274,0.00468002,0.00836464
1987-04-16,0.01178658,0.00943650,0.00532368,0.00794149
1987-04-20,-0.00370006,-0.00330470,-0.00047179,-0.00405084
1987-04-21,0.01974632,0.02410633,-0.00249328,0.00244398
1987-04-22,-0.01654617,-0.01931974,0.00145741,-0.00121446
1987-04-23,-0.00289557,-0.00151466,-0.00137659,-0.00204350
1987-04-24,-0.01835001,-0.01829227,-0.00656540,-0.01163130
1987-04-27,-0.00084555,0.00078020,-0.00760428,-0.00671568
1987-04-28,0.00556589,0.00350146,0.00420596,0.00599049
1987-04-29,0.00713876,0.00723427,0.00443103,0.00597985
1987-04-30,0.01226819,0.01293565,0.00579025,0.00953900
1987-05-01,-0.00070400,-0.00127967,0.00177935,0.00135969
1987-05-04,0.00578884,0.00530845,-0.00167825,-0.00004205
1987-05-05,0.01990534,0.02101155,0.00428939,0.01034434
1987-05-06,-0.00089406,0.00052402,0.00114611,0.00004201
1987-05-07,-0.00051718,-0.00228687,0.00069966,0.00088244
1987-05-08,-0.00459237,-0.00437156,0.00259763,0.00112408
1987-05-11,-0.00313309,-0.00559054,-0.00082586,-0.00217736
1987-05-12,0.00323014,0.00539968,-0.00358478,-0.00352616
1987-05-13,0.00106445,0.00247691,0.00199102,0.00378488
1987-05-14,0.00175847,0.00010985,0.00101335,0.00166817
1987-05-15,-0.02051819,-0.02290285,-0.00533780,-0.01025233
1987-05-18,-0.00285778,-0.00322204,-0.00965381,-0.01300830
1987-05-19,-0.02488223,-0.02399057,-0.00711294,-0.01321125
1987-05-20,-0.00872648,-0.00483728,-0.00482200,-0.00356948
1987-05-21,0.00840209,0.00737665,0.00441962,0.00539081
1987-05-22,0.00759248,0.00656539,-0.00109185,-0.00243985
1987-05-26,0.02232589,0.02559555,0.00457982,0.01175695
1987-05-27,0.00126506,-0.00029196,0.00172410,0.00319945
1987-05-28,0.00708348,0.00695796,0.00233128,0.00418663
1987-05-29,0.00035453,-0.00255018,0.00551048,0.00540907
1987-06-01,-0.00072925,-0.00059091,-0.00070537,-0.00369994
1987-06-02,-0.00442173,-0.00480737,-0.00167054,-0.00399618
1987-06-03,0.01463639,0.01718596,0.00358144,0.00584799
1987-06-04,0.00606807,0.00593571,0.00301133,0.00371668
1987-06-05,-0.00474130,-0.00513599,0.00308716,0.00111342
1987-06-08,0.00974933,0.01115273,0.00119658,0.00444815
1987-06-09,0.00312031,0.00185244,0.00337067,0.00574395
1987-06-10,0.00198422,0.00116093,0.00143516,0.00288400
1987-06-11,0.00558228,0.00406798,0.00154415,0.00145249
1987-06-12,0.00968009,0.00950212,0.00380756,0.00489896
1987-06-15,0.00428411,0.00535475,-0.00031111,0.00010052
1987-06-16,0.00515408,0.00584723,0.00233078,0.00569133
1987-06-17,0.00076731,0.00013540,0.00269389,0.00272618
1987-06-18,0.00402309,0.00302747,0.00178078,0.00163667
1987-06-19,0.00424601,0.00363568,0.00088978,-0.00001337
1987-06-22,0.00657481,0.00918509,-0.00010406,0.00116503
1987-06-23,-0.00386882,-0.00350030,-0.00165655,-0.00288878
1987-06-24,-0.00467706,-0.00491050,-0.00069616,-0.00161935
1987-06-25,0.00493354,0.00705099,0.00178109,0.00019950
1987-06-26,-0.00750862,-0.00550124,-0.00107287,-0.00196036
1987-06-29,0.00024072,0.00147167,0.00061381,-0.00028158
1987-06-30,-0.01106652,-0.01294096,-0.00299136,-0.00453332
1987-07-01,-0.00294748,-0.00267727,0.00097851,-0.00008514
1987-07-02,0.00670231,0.00788499,0.00271817,0.00366115
1987-07-06,-0.00238248,-0.00188359,-0.00071205,-0.00207760
1987-07-07,0.00960178,0.00822013,0.00137610,-0.00170891
1987-07-08,0.00421696,0.00280588,0.00105628,0.00056543
1987-07-09,-0.00018070,-0.00248816,0.00152651,0.00153574
1987-07-10,0.00434014,0.00265259,0.00123944,0.00095876
1987-07-13,-0.00179230,-0.00221226,-0.00036924,0.00189013
1987-07-14,0.01070125,0.01032615,0.00473630,0.01146616
1987-07-15,0.00026810,-0.00084486,0.00174580,0.00006812
1987-07-16,0.00738347,0.00695332,0.00306007,0.00493119
1987-07-17,0.00539820,0.00584166,0.00331376,0.00195233
1987-07-20,-0.00892344,-0.00942081,-0.00428501,-0.00573907
1987-07-21,-0.00905420,-0.00890316,-0.00284438,-0.00537300
1987-07-22,0.00049882,-0.00080188,-0.00087058,0.00034816
1987-07-23,-0.00302382,-0.00220474,-0.00152247,-0.00378379
1987-07-24,0.00571365,0.00485217,0.00240037,0.00387281
1987-07-27,0.00532142,0.00499715,0.00016918,-0.00024498
1987-07-28,0.00600044,0.00556747,0.00244297,0.00254682
1987-07-29,0.01241053,0.01048924,0.00122346,0.00345557
1987-07-30,0.00779854,0.00780298,0.00348974,0.00607465
1987-07-31,0.00405801,0.00206083,0.00298017,0.00325427
1987-08-03,-0.00515509,-0.00332579,-0.00220359,-0.00439531
1987-08-04,-0.00316848,-0.00381144,-0.00081816,-0.00011153
1987-08-05,0.00681984,0.00728782,0.00465607,0.00875132
1987-08-06,0.01092309,0.01198244,0.00520871,0.01126501
1987-08-07,0.00408444,0.00374579,0.00423130,0.00656406
1987-08-10,0.01492813,0.01604545,0.00384830,0.00681376
1987-08-11,0.01325148,0.01650507,0.00283007,0.00734923
1987-08-12,-0.00481474,-0.00272620,0.00004996,-0.00046260
1987-08-13,0.00606606,0.00667424,0.00275985,0.00385122
1987-08-14,-0.00036422,-0.00175913,0.00173823,0.00252210
1987-08-17,-0.00152172,0.00100776,0.00040508,0.00051643
1987-08-18,-0.01356242,-0.01461516,-0.00747032,-0.01087823
1987-08-19,0.00359979,0.00142352,0.00144118,0.00302305
1987-08-20,0.01246409,0.01558009,0.00659541,0.01135372
1987-08-21,0.00422595,0.00307612,0.00285445,0.00579604
1987-08-24,-0.00753717,-0.00708633,-0.00125857,-0.00331443
1987-08-25,0.01044079,0.01031827,0.00216787,0.00309434
1987-08-26,-0.00554413,-0.00658676,0.00124135,0.00074437
1987-08-27,-0.00804871,-0.00935572,0.00040131,-0.00124015
1987-08-28,-0.01198748,-0.01293649,-0.00057668,-0.00324527
1987-08-31,0.00591329,0.00830404,0.00375589,0.00409967
1987-09-01,-0.01680686,-0.01877593,-0.00116340,-0.00629006
1987-09-02,-0.00572609,-0.00556910,-0.00574201,-0.00753246
1987-09-03,-0.00424009,-0.00465141,0.00019311,-0.00197949
1987-09-04,-0.00826641,-0.01067545,-0.00134864,-0.00437905
1987-09-08,-0.01295695,-0.00957858,-0.01598472,-0.02023839
1987-09-09,0.00169455,0.00178505,0.00242056,0.00444839
1987-09-10,0.00983457,0.00961362,0.00599782,0.01033133
1987-09-11,0.01659763,0.01539780,0.00527651,0.00645063
1987-09-14,0.00314269,0.00329480,-0.00057078,-0.00146351
1987-09-15,-0.01358191,-0.01585556,-0.00473804,-0.00864549
1987-09-16,-0.00675908,-0.00920825,-0.00009762,-0.00163224
1987-09-17,0.00150189,0.00043171,0.00030674,0.00001097
1987-09-18,0.00189153,-0.00037960,0.00177410,0.00025173
1987-09-21,-0.01486086,-0.01409414,-0.00524796,-0.01147159
1987-09-22,0.02309267,0.02938747,0.00003412,0.00552534
1987-09-23,0.00546613,0.00516990,0.00262247,0.00721017
1987-09-24,-0.00305212,-0.00378678,0.00166567,0.00154460
1987-09-25,0.00058907,0.00099387,0.00062060,0.00187837
1987-09-28,0.00899225,0.00923053,0.00098294,0.00087187
1987-09-29,-0.00348517,-0.00399441,-0.00107877,-0.00008287
1987-09-30,0.00231601,0.00043961,0.00547207,0.00661227
1987-10-01,0.01720727,0.01738154,0.00281272,0.00959254
1987-10-02,0.00320091,0.00222308,0.00457448,0.00794182
1987-10-05,0.00045664,0.00019647,0.00346678,0.00450746
1987-10-06,-0.02322951,-0.02641992,-0.00741866,-0.01404006
1987-10-07,-0.00375824,-0.00254851,-0.00582033,-0.00643987
1987-10-08,-0.01591052,-0.01450034,-0.00729275,-0.01116907
1987-10-09,-0.00748703,-0.00945216,-0.00188796,-0.00301304
1987-10-12,-0.00683544,-0.00549110,-0.00967041,-0.01233143
1987-10-13,0.01548217,0.01657772,0.00139442,0.00567567
1987-10-14,-0.02593943,-0.02790281,-0.01094006,-0.01548278
1987-10-15,-0.02376044,-0.02529668,-0.00945355,-0.01390150
1987-10-16,-0.05389023,-0.05167214,-0.02961971,-0.03907848
1987-10-19,-0.18389995,-0.19452275,-0.08522239,-0.11298445
1987-10-20,-0.01024409,0.04311955,-0.07980676,-0.08545791
1987-10-21,0.09302743,0.08804227,0.05210434,0.07558564
1987-10-22,-0.04218730,-0.03915699,-0.03268151,-0.04457672
1987-10-23,-0.00446313,-0.00111292,-0.01880139,-0.02351099
1987-10-26,-0.08693363,-0.08289042,-0.06419437,-0.08794617
1987-10-27,0.01013621,0.02390724,-0.01308867,-0.00721059
1987-10-28,-0.00252857,0.00243488,-0.01952777,-0.01087657
1987-10-29,0.05340662,0.04867405,0.02849803,0.06210820
1987-10-30,0.03862435,0.03050743,0.05088456,0.04901083
1987-11-02,0.02118801,0.01468357,0.01307089,0.01462769
1987-11-03,-0.01620702,-0.01881846,-0.01537110,-0.02345952
1987-11-04,-0.00177182,-0.00687937,-0.00133105,0.00000682
1987-11-05,0.02602990,0.02345852,0.01373751,0.02089517
1987-11-06,-0.01473067,-0.01614380,0.00636030,-0.00010016
1987-11-09,-0.02570949,-0.02789211,-0.00980845,-0.01759095
1987-11-10,-0.01973456,-0.01775080,-0.01366400,-0.01700331
1987-11-11,0.01147912,0.01219298,0.00576994,0.00879408
1987-11-12,0.02323114,0.02724444,0.01293474,0.01923350
1987-11-13,-0.01157983,-0.01073879,0.00200334,-0.00340939
1987-11-16,0.00495461,0.00431724,0.00007483,-0.00090036
1987-11-17,-0.01338648,-0.01521752,-0.01137315,-0.01705166
1987-11-18,0.00820349,0.01046601,0.00211063,0.00498219
1987-11-19,-0.02089160,-0.02269216,-0.00858354,-0.01329848
1987-11-20,0.00375417,0.00894035,-0.00254470,-0.00344698
1987-11-23,0.00735380,0.00376474,-0.00073756,0.00354659
1987-11-24,0.01603148,0.01449622,0.00704145,0.01178686
1987-11-25,-0.00211741,-0.00907826,0.00464527,0.00321443
1987-11-27,-0.01439870,-0.01508541,-0.00226808,-0.00600801
1987-11-30,-0.04331051,-0.04187682,-0.02573533,-0.03515557
1987-12-01,0.00633093,0.00766657,0.00038212,0.00097647
1987-12-02,0.00600348,0.00585366,0.00012742,0.00042560
1987-12-03,-0.03356701,-0.03514098,-0.01215269,-0.02069691
1987-12-04,-0.01004660,-0.00568601,-0.01514917,-0.01922986
1987-12-07,0.01862919,0.02201083,0.00171344,0.00854047
1987-12-08,0.02594586,0.02707563,0.00362304,0.01287056
1987-12-09,0.01854447,0.01725556,0.00854007,0.01497201
1987-12-10,-0.01657233,-0.02190502,-0.00293230,-0.00442375
1987-12-11,0.00844031,0.00680357,0.00524566,0.00570935
1987-12-14,0.03063177,0.03046439,0.01351052,0.02447954
1987-12-15,0.00565293,0.00282264,0.01339982,0.01194493
1987-12-16,0.02286004,0.02125842,0.01602655,0.02263232
1987-12-17,-0.01669156,-0.01968050,0.00546882,0.00055801
1987-12-18,0.02664722,0.02409969,0.01631020,0.02444447
1987-12-21,0.00095944,0.00257476,0.00538767,0.00617858
1987-12-22,0.00443856,0.00112870,-0.00135026,-0.00287884
1987-12-23,0.01304573,0.01212143,0.00984401,0.01303569
1987-12-24,-0.00320389,-0.00342539,0.00645002,0.00524025
1987-12-28,-0.02081436,-0.02563262,-0.01560798,-0.02206066
1987-12-29,-0.00488459,-0.00345373,-0.00204885,0.00052016
1987-12-30,0.01299084,0.01296221,0.00852532,0.01362561
1987-12-31,-0.00100481,-0.00417682,0.00710230,0.00108613
1988-01-04,0.03688594,0.03729632,0.02040503,0.02436924
1988-01-05,0.01390327,0.01084016,0.01982852,0.01664153
1988-01-06,0.00270043,0.00126586,0.00688947,0.00755932
1988-01-07,0.00928751,0.00842635,0.00950141,0.00853684
1988-01-08,-0.06574065,-0.06722404,-0.01721270,-0.03361005
1988-01-11,0.01115357,0.01588549,-0.01003113,-0.00554945
1988-01-12,-0.00733974,-0.00795358,-0.00750618,-0.01304445
1988-01-13,0.00282121,0.00176299,0.00121551,0.00279494
1988-01-14,-0.00006630,0.00016700,0.00420944,0.00455422
1988-01-15,0.02266910,0.02590939,0.01351741,0.01849061
1988-01-18,0.00034926,-0.00092045,0.00243243,0.00118563
1988-01-19,-0.00466064,-0.00983270,0.00300081,0.00005981
1988-01-20,-0.02677965,-0.02703321,-0.01278508,-0.01964298
1988-01-21,-0.00122991,0.00191834,0.00045196,0.00197361
1988-01-22,0.01485554,0.01362290,0.00998693,0.00952109
1988-01-25,0.02276890,0.02357317,0.00328777,0.01063105
1988-01-26,-0.00897952,-0.00969035,0.00034686,-0.00417752
1988-01-27,0.00236050,-0.00094916,0.00231506,0.00166431
1988-01-28,0.01428942,0.01523144,0.00635863,0.00844263
1988-01-29,0.01446588,0.01455014,0.00592650,0.00738364
1988-02-01,-0.00478666,-0.00685758,0.00790544,0.00611656
1988-02-02,0.00533093,0.00244897,-0.00057683,0.00325300
1988-02-03,-0.01003807,-0.01330116,-0.00281789,-0.00723188
1988-02-04,0.00178659,0.00100025,0.00035929,0.00075045
1988-02-05,-0.00166982,-0.00392438,0.00467469,0.00444801
1988-02-08,-0.00577293,-0.00743583,0.00095067,-0.00287715
1988-02-09,0.00892695,0.01141385,-0.00170162,0.00102129
1988-02-10,0.01799276,0.01959654,0.00950145,0.01324917
1988-02-11,-0.00057945,-0.00286604,0.00394104,0.00409051
1988-02-12,0.00809806,0.00646764,0.00841401,0.00635028
1988-02-16,0.00871776,0.00956330,0.00162868,0.00411103
1988-02-17,-0.00262249,-0.00294910,0.00283109,0.00119405
1988-02-18,-0.00377407,-0.00499935,0.00455576,0.00102896
1988-02-19,0.01580663,0.01450513,0.00134495,0.00347063
1988-02-22,0.01626662,0.01541006,0.00684675,0.00995532
1988-02-23,0.00117242,-0.00191095,0.00268686,0.00360505
1988-02-24,-0.00040363,-0.00157628,0.00517384,0.00622080
1988-02-25,-0.00721096,-0.01103228,0.00683007,0.00100285
1988-02-26,0.00511458,0.00350937,-0.00130364,-0.00086066
1988-02-29,0.02103624,0.02089208,0.01067219,0.00996595
1988-03-01,-0.00134934,-0.00210216,0.00190700,0.00102038
1988-03-02,0.00414216,0.00335719,0.00528777,0.00911514
1988-03-03,0.00278724,-0.00027903,0.00330555,0.00445893
1988-03-04,0.00048191,-0.00220292,0.00474901,0.00402065
1988-03-07,0.00309357,0.00094093,0.00298473,0.00360437
1988-03-08,0.00933498,0.00733848,0.00670662,0.00689299
1988-03-09,0.00208922,-0.00085108,0.01142409,0.00779328
1988-03-10,-0.01840637,-0.01950453,-0.00801757,-0.01081510
1988-03-11,0.00213864,0.00336294,-0.00144604,-0.00291233
1988-03-14,0.00386184,0.00545136,0.00173608,0.00358156
1988-03-15,0.00071724,-0.00085638,0.00191010,-0.00004166
1988-03-16,0.00885332,0.00939349,0.00480362,0.00593061
1988-03-17,0.01105509,0.00979342,0.00368839,0.00518186
1988-03-18,0.00302705,-0.00018816,0.00371199,0.00241875
1988-03-21,-0.00926827,-0.00867420,-0.00414281,-0.00745515
1988-03-22,0.00401717,0.00027256,0.00334384,0.00359250
1988-03-23,0.00370431,0.00028318,0.00283038,0.00071813
1988-03-24,-0.02234404,-0.02064830,-0.00428406,-0.01142429
1988-03-25,-0.01474323,-0.01768543,-0.00564876,-0.00772801
1988-03-28,-0.00500653,-0.00172590,-0.00626531,-0.00566879
1988-03-29,0.00864012,0.00759693,0.00812702,0.00748063
1988-03-30,-0.00672740,-0.00737177,-0.00167140,-0.00443394
1988-03-31,0.00323047,0.00330788,0.01030636,0.00763060
1988-04-04,-0.01084694,-0.01034554,-0.00658265,-0.00752106
1988-04-05,0.00963213,0.00892709,0.00341316,0.00503062
1988-04-06,0.02398387,0.02747263,0.00795372,0.01237697
1988-04-07,0.00452899,0.00219653,0.00156431,0.00334538
1988-04-08,0.01172891,0.01232340,0.00830533,0.00796397
1988-04-11,0.00359632,0.00284760,-0.00083139,0.00276970
1988-04-12,0.00317181,0.00486655,0.00376026,0.00282635
1988-04-13,-0.00123972,0.00045605,0.00097242,0.00026682
1988-04-14,-0.04230652,-0.04293523,-0.01493164,-0.02480656
1988-04-15,-0.00506071,-0.00063270,-0.00232637,-0.00161460
1988-04-18,0.00031362,-0.00251584,0.00353042,0.00402782
1988-04-19,-0.00071936,-0.00438430,0.00515580,0.00471922
1988-04-20,-0.00807060,-0.00654011,-0.00589626,-0.00674577
1988-04-21,-0.00028284,0.00061048,-0.00059425,-0.00309588
1988-04-22,0.01419934,0.01457850,0.00154750,0.00301607
1988-04-25,0.00592165,0.00927720,0.00291457,0.00347416
1988-04-26,0.00648459,0.00636997,0.00477484,0.00713794
1988-04-27,-0.00035142,-0.00039803,0.00133266,0.00216384
1988-04-28,-0.00431406,-0.00512066,0.00181992,0.00070552
1988-04-29,-0.00528866,-0.00472371,0.00291173,0.00077014
1988-05-02,0.00088986,0.00137955,0.00171328,0.00152432
1988-05-03,0.00638356,0.00604361,0.00421608,0.00678448
1988-05-04,-0.00766965,-0.00984123,0.00029594,-0.00109853
1988-05-05,-0.00418482,-0.00590070,-0.00233906,-0.00406616
1988-05-06,-0.00426674,-0.00462933,0.00201609,0.00010839
1988-05-09,-0.00408251,-0.00302563,-0.00560791,-0.00785273
1988-05-10,0.00437613,0.00422291,0.00227664,-0.00108952
1988-05-11,-0.01786911,-0.01628793,-0.01425361,-0.01623237
1988-05-12,0.00174660,0.00242396,0.00299268,0.00361337
1988-05-13,0.01040428,0.01103257,0.00416903,0.00685859
1988-05-16,0.00764625,0.00812069,0.00033870,0.00313726
1988-05-17,-0.01247135,-0.01184387,0.00011977,-0.00210186
1988-05-18,-0.01605750,-0.01599112,-0.01006949,-0.01446266
1988-05-19,0.00258808,0.00501792,-0.00156605,-0.00199976
1988-05-20,0.00422892,0.00168843,0.00063667,-0.00114155
1988-05-23,-0.00881266,-0.00816881,-0.00335046,-0.00709892
1988-05-24,0.01077231,0.01060005,0.00160748,0.00678967
1988-05-25,0.00107470,0.00155187,0.00163898,0.00246264
1988-05-26,0.00434583,0.00351264,0.00430518,0.00428751
1988-05-27,-0.00384475,-0.00433563,-0.00236179,-0.00156545
1988-05-31,0.03122905,0.03403624,0.00500860,0.01115271
1988-06-01,0.01814460,0.01795910,0.00712667,0.01292708
1988-06-02,-0.00258710,-0.00496538,0.00025813,-0.00011701
1988-06-03,0.00382369,0.00428085,0.00454635,0.00640628
1988-06-06,0.00339977,0.00271931,0.00666827,0.00668743
1988-06-07,-0.00552356,-0.00674180,-0.00258966,0.00024924
1988-06-08,0.02377645,0.02371677,0.00746534,0.01128398
1988-06-09,-0.00207611,-0.00376459,0.00619036,0.00333089
1988-06-10,0.00454750,0.00340244,0.00139196,0.00426777
1988-06-13,0.00107655,0.00090076,0.00155473,0.00218015
1988-06-14,0.01004945,0.01059253,0.00275879,0.00393336
1988-06-15,0.00179399,0.00072522,0.00203243,0.00203382
1988-06-16,-0.01605819,-0.01646135,-0.00206610,-0.00518338
1988-06-17,-0.00040261,0.00299490,0.00044100,-0.00097082
1988-06-20,-0.00489151,-0.00620473,0.00192313,-0.00200800
1988-06-21,0.01089542,0.01032873,0.00241781,0.00476582
1988-06-22,0.01492918,0.01457560,0.00327205,0.00792995
1988-06-23,-0.00276282,-0.00259647,0.00247065,0.00159115
1988-06-24,-0.00086065,-0.00308322,0.00224632,0.00194245
1988-06-27,-0.01641820,-0.01670417,-0.00271652,-0.00582789
1988-06-28,0.01218847,0.01201791,0.00383540,0.00718522
1988-06-29,-0.00435760,-0.00453059,0.00096856,0.00056489
1988-06-30,0.01146223,0.00901944,0.00946799,0.00803996
1988-07-01,-0.00525956,-0.00562317,-0.00005095,0.00081980
1988-07-05,0.01472643,0.01503832,-0.00065086,0.00448990
1988-07-06,-0.01355692,-0.01466416,0.00084723,-0.00195418
1988-07-07,-0.00207226,-0.00017107,0.00256313,-0.00033248
1988-07-08,-0.00593068,-0.00627501,-0.00196419,-0.00354396
1988-07-11,0.00232699,0.00198001,0.00135786,0.00022355
1988-07-12,-0.00909310,-0.00920428,0.00168863,-0.00134647
1988-07-13,0.00609196,0.00474637,-0.00180040,-0.00007703
1988-07-14,0.00309514,0.00348062,0.00381466,0.00278013
1988-07-15,0.00347790,0.00627338,-0.00010568,-0.00047825
1988-07-18,-0.00570762,-0.00527913,0.00285370,0.00112016
1988-07-19,-0.00722795,-0.00788341,-0.00536605,-0.00926411
1988-07-20,0.00633214,0.00567273,0.00232069,0.00054073
1988-07-21,-0.01277325,-0.01231103,-0.00270451,-0.00740168
1988-07-22,-0.01224481,-0.01202724,-0.00331670,-0.00355050
1988-07-25,0.00158447,0.00474161,0.00034721,-0.00012088
1988-07-26,0.00175414,0.00219221,0.00029919,-0.00169085
1988-07-27,-0.00922995,-0.01000500,-0.00273920,-0.00612966
1988-07-28,0.01188560,0.01352216,0.00105610,0.00204589
1988-07-29,0.02200729,0.02213345,0.00490618,0.00896971
1988-08-01,0.00072759,0.00160432,0.00416254,0.00257851
1988-08-02,0.00028014,-0.00024461,0.00009687,-0.00029046
1988-08-03,0.00323293,0.00372037,0.00099485,0.00226844
1988-08-04,-0.00172865,-0.00318502,0.00206653,0.00145235
1988-08-05,-0.00267733,-0.00298312,-0.00025465,-0.00288963
1988-08-08,-0.00347806,-0.00401175,0.00049326,0.00030847
1988-08-09,-0.01304617,-0.01198528,-0.00563847,-0.00816034
1988-08-10,-0.01851701,-0.01745115,-0.01018679,-0.01531228
1988-08-11,0.00219902,0.00355046,-0.00025021,0.00224922
1988-08-12,-0.00134145,-0.00090045,0.00139579,-0.00024495
1988-08-15,-0.01484084,-0.01378923,-0.00861252,-0.01243388
1988-08-16,0.00739808,0.00719112,0.00142791,0.00519845
1988-08-17,-0.00029630,0.00125022,0.00100338,0.00221322
1988-08-18,0.00147797,0.00118250,0.00199747,0.00264759
1988-08-19,0.00132823,-0.00265241,0.00146565,0.00000600
1988-08-22,-0.01267870,-0.01269627,-0.00721190,-0.00939903
1988-08-23,-0.00102996,0.00033200,-0.00058222,-0.00004047
1988-08-24,0.01585659,0.01563244,0.00491992,0.00705965
1988-08-25,-0.00724666,-0.00704667,-0.00265849,-0.00506356
1988-08-26,0.00208395,0.00182090,0.00082699,0.00140588
1988-08-29,0.01024059,0.01098224,0.00339607,0.00563421
1988-08-30,0.00249886,0.00102058,0.00202949,0.00091499
1988-08-31,-0.00274755,-0.00364751,0.00329346,-0.00005624
1988-09-01,-0.01186829,-0.01202494,-0.00602364,-0.00986070
1988-09-02,0.02183534,0.02349925,0.00521068,0.00999587
1988-09-06,0.00369270,0.00482063,0.00144945,0.00323822
1988-09-07,0.00256348,0.00083965,0.00358340,0.00206055
1988-09-08,0.00090662,0.00019577,0.00233375,0.00497075
1988-09-09,0.00401072,0.00427916,0.00382949,0.00594664
1988-09-12,-0.00297122,-0.00105815,0.00049616,0.00208953
1988-09-13,0.00461626,0.00314721,0.00002072,0.00071185
1988-09-14,0.00755150,0.00682851,0.00356982,0.00445623
1988-09-15,-0.00429058,-0.00433628,-0.00099577,-0.00309134
1988-09-16,0.00918090,0.00899738,0.00195795,0.00367130
1988-09-19,-0.00599973,-0.00595833,0.00125752,-0.00112497
1988-09-20,0.00520645,0.00348753,-0.00024755,0.00304311
1988-09-21,0.00103791,0.00215716,0.00000343,0.00227785
1988-09-22,-0.00240929,-0.00383883,-0.00007515,0.00040500
1988-09-23,0.00046684,0.00285362,0.00271334,-0.00015237
1988-09-26,-0.00297597,-0.00304298,-0.00380040,-0.00526264
1988-09-27,-0.00251344,-0.00259016,-0.00096054,-0.00070854
1988-09-28,0.00399893,0.00367793,0.00227870,0.00343109
1988-09-29,0.01226083,0.01290507,0.00403657,0.00766856
1988-09-30,-0.00197530,-0.00215662,0.00457449,0.00373283
1988-10-03,-0.00252025,-0.00166333,-0.00565059,-0.00828864
1988-10-04,-0.00112791,-0.00251021,0.00093733,-0.00016749
1988-10-05,0.00544306,0.00443983,0.00273441,0.00055663
1988-10-06,0.00394133,0.00192133,0.00057124,0.00148214
1988-10-07,0.01873002,0.02061634,0.00001812,0.00144787
1988-10-10,-0.00187369,0.00093029,0.00144017,-0.00039822
1988-10-11,-0.00102234,-0.00106443,-0.00058309,0.00047369
1988-10-12,-0.01477319,-0.01446077,-0.00119849,-0.00697443
1988-10-13,0.00375508,0.00418598,-0.00148309,0.00237425
1988-10-14,-0.00042169,0.00148948,0.00228953,0.00295105
1988-10-17,0.00285145,0.00283377,0.00070451,0.00095092
1988-10-18,0.01015169,0.01079009,0.00314851,0.00280564
1988-10-19,-0.00782913,-0.00856496,-0.00006628,-0.00086132
1988-10-20,0.01709442,0.02110063,0.00320306,0.00799690
1988-10-21,0.00304523,0.00268344,0.00136838,-0.00027618
1988-10-24,-0.00616895,-0.00387929,-0.00132995,-0.00334267
1988-10-25,-0.00053855,0.00028050,-0.00061190,-0.00223812
1988-10-26,-0.00279837,-0.00345760,-0.00041088,-0.00255094
1988-10-27,-0.01586306,-0.01416606,-0.00636727,-0.00894437
1988-10-28,0.00340643,0.00390319,0.00276259,0.00285651
1988-10-31,0.00158825,0.00178695,0.00058746,-0.00007825
1988-11-01,0.00131081,0.00123561,0.00095282,-0.00014992
1988-11-02,-0.00163757,0.00005916,-0.00060964,-0.00168597
1988-11-03,0.00150254,0.00058226,0.00274035,0.00276281
1988-11-04,-0.00866498,-0.00912055,-0.00380456,-0.00428765
1988-11-07,-0.00929805,-0.00832672,-0.00912240,-0.01103661
1988-11-08,0.00446429,0.00412770,0.00515534,0.00697015
1988-11-09,-0.00791668,-0.00591571,-0.00261462,-0.00259670
1988-11-10,0.00165038,0.00116044,0.00302648,0.00184659
1988-11-11,-0.02137156,-0.02091928,-0.00794596,-0.01255490
1988-11-14,-0.00206935,-0.00071128,-0.00397850,-0.00337201
1988-11-15,0.00200803,0.00254658,0.00076115,-0.00036066
1988-11-16,-0.01493000,-0.01714576,-0.00877896,-0.01127446
1988-11-17,0.00020812,0.00276944,-0.00196802,-0.00085542
1988-11-18,0.00817684,0.00756381,-0.00036793,0.00094465
1988-11-21,-0.00258369,-0.00081782,-0.00324933,-0.00732050
1988-11-22,0.00299695,0.00391495,-0.00002754,0.00073488
1988-11-23,0.00533809,0.00709380,0.00363960,0.00767445
1988-11-25,-0.00511809,-0.00683659,-0.00043390,-0.00365701
1988-11-28,0.00372666,0.00555369,-0.00079268,-0.00005794
1988-11-29,0.00893527,0.00929283,0.00347143,0.00598317
1988-11-30,0.01184252,0.00995268,0.00903461,0.00951626
1988-12-01,-0.00270676,-0.00367830,0.00474897,0.00719234
1988-12-02,0.00053602,-0.00248244,-0.00065666,0.00018403
1988-12-05,0.00950859,0.01115543,0.00351427,0.00493074
1988-12-06,0.00645452,0.01059130,0.00340655,0.00498573
1988-12-07,0.00227637,0.00154776,-0.00007361,-0.00180075
1988-12-08,-0.00568600,-0.00522054,-0.00156959,-0.00308077
1988-12-09,0.00163161,0.00174418,0.00134635,0.00006710
1988-12-12,-0.00206713,-0.00154290,-0.00185981,-0.00212713
1988-12-13,-0.00353534,-0.00094838,-0.00186637,-0.00309025
1988-12-14,-0.00173553,-0.00369656,0.00064750,-0.00003412
1988-12-15,-0.00359154,-0.00352060,0.00071898,0.00095659
1988-12-16,0.00991423,0.00682336,0.00515168,0.00837329
1988-12-19,0.00746723,0.00948496,0.00094988,0.00273529
1988-12-20,-0.00490529,-0.00435127,0.00089194,-0.00024047
1988-12-21,-0.00100793,-0.00031934,-0.00065910,-0.00139801
1988-12-22,0.00036070,-0.00151339,0.00299315,0.00214801
1988-12-23,0.00600591,0.00424329,0.00120286,0.00266709
1988-12-27,-0.00298670,-0.00341681,-0.00108670,-0.00143668
1988-12-28,0.00294725,0.00109440,0.00077522,0.00065516
1988-12-29,0.01115804,0.00804151,0.00473986,0.00610455
1988-12-30,-0.00268092,-0.00529109,0.00759688,0.00600561
1989-01-03,-0.00717052,-0.00910677,-0.00105935,-0.00300073
1989-01-04,0.01692714,0.01504609,0.00790369,0.01146943
1989-01-05,0.00185110,0.00223977,0.00248058,0.00175887
1989-01-06,0.00362666,0.00250470,0.00451476,0.00217528
1989-01-09,0.00288488,0.00108468,0.00032285,0.00118158
1989-01-10,-0.00162872,-0.00215047,-0.00144639,-0.00190933
1989-01-11,0.00492181,0.00593714,0.00195406,0.00216903
1989-01-12,0.00194266,0.00408941,0.00282832,0.00412367
1989-01-13,0.00299452,0.00204785,0.00101043,0.00054301
1989-01-16,0.00153113,0.00130342,0.00159750,0.00024726
1989-01-17,-0.00200757,-0.00179262,-0.00143979,-0.00416140
1989-01-18,0.01157155,0.01039202,0.00750718,0.00747732
1989-01-19,0.00116457,0.00099989,0.00139333,0.00575025
1989-01-20,-0.00133100,-0.00104420,0.00208522,0.00077921
1989-01-23,-0.00749364,-0.00666531,-0.00147310,-0.00432184
1989-01-24,0.01126761,0.01322019,0.00271959,0.00523692
1989-01-25,0.00340929,0.00285673,0.00390415,0.00548251
1989-01-26,0.00712762,0.00926044,0.00399593,0.00829382
1989-01-27,0.00464562,0.00726856,0.00125862,0.00215945
1989-01-30,0.00482066,0.00400379,0.00218005,0.00398478
1989-01-31,0.00803311,0.00907838,0.00403549,0.00649487
1989-02-01,-0.00019301,-0.00075527,0.00356668,0.00563346
1989-02-02,0.00308119,-0.00078467,0.00307461,0.00539237
1989-02-03,0.00298135,0.00092042,0.00353687,0.00236080
1989-02-06,-0.00201035,-0.00246676,-0.00042499,-0.00043053
1989-02-07,0.01146567,0.01201844,0.00576056,0.00824173
1989-02-08,-0.00218094,-0.00289539,0.00089782,-0.00343389
1989-02-09,-0.00790079,-0.00837913,-0.00065188,-0.00312429
1989-02-10,-0.01318666,-0.01345026,-0.00565659,-0.01028318
1989-02-13,0.00217645,0.00207091,-0.00295588,-0.00207643
1989-02-14,-0.00040545,-0.00239391,0.00205071,0.00197673
1989-02-15,0.00773268,0.00850733,0.00320684,0.00573700
1989-02-16,0.00395435,0.00208691,0.00431595,0.00397177
1989-02-17,0.00676100,0.00667078,0.00302402,0.00408924
1989-02-21,-0.00337378,-0.00223316,-0.00111855,-0.00156089
1989-02-22,-0.01592693,-0.01702464,-0.00633737,-0.00906911
1989-02-23,0.00416329,0.00344385,0.00070194,0.00154185
1989-02-24,-0.01448359,-0.01631560,-0.00588207,-0.00817624
1989-02-27,0.00114571,0.00244104,-0.00130015,-0.00199192
1989-02-28,0.00544678,0.00377746,0.00467635,0.00223348
1989-03-01,-0.00592211,-0.00536541,-0.00029550,0.00027182
1989-03-02,0.00918559,0.00980037,0.00425977,0.00703823
1989-03-03,0.00480714,0.00392829,0.00426209,0.00369472
1989-03-06,0.01118154,0.01231718,0.00467036,0.00627773
1989-03-07,-0.00248495,-0.00266329,0.00125707,-0.00010497
1989-03-08,0.00113527,0.00080117,0.00120807,0.00084511
1989-03-09,0.00035470,-0.00048146,0.00193686,-0.00138550
1989-03-10,-0.00270383,-0.00321928,0.00260055,0.00065508
1989-03-13,0.00606755,0.00823171,-0.00112911,0.00223144
1989-03-14,-0.00145027,-0.00046036,0.00093697,-0.00086251
1989-03-15,0.00387451,0.00493228,0.00255210,0.00240716
1989-03-16,0.00718026,0.00922633,0.00532102,0.00688914
1989-03-17,-0.02199236,-0.02231535,-0.01265001,-0.01845704
1989-03-20,-0.00716753,-0.00981071,-0.00758597,-0.00926407
1989-03-21,0.00517841,0.00498445,0.00736991,0.00904879
1989-03-22,-0.00269298,-0.00275546,-0.00002243,-0.00317613
1989-03-23,-0.00474314,-0.00498343,-0.00003312,0.00122158
1989-03-27,0.00523400,0.00557275,-0.00087749,-0.00023924
1989-03-28,0.00361699,0.00348703,0.00595711,0.00584241
1989-03-29,0.00327641,0.00305447,0.00251784,0.00337196
1989-03-30,0.00062386,0.00047282,-0.00096938,0.00263972
1989-03-31,0.00938771,0.00847865,0.00331055,0.00571978
1989-04-03,0.00607675,0.00486398,0.00332949,0.00333854
1989-04-04,-0.00284019,-0.00286144,-0.00121339,-0.00099539
1989-04-05,0.00277696,0.00296761,0.00335020,0.00357317
1989-04-06,-0.00219400,-0.00310770,0.00088597,-0.00015180
1989-04-07,0.00677847,0.00644777,0.00226110,0.00658153
1989-04-10,0.00045896,0.00002900,0.00090625,0.00192738
1989-04-11,0.00596277,0.00457200,0.00463193,0.00595264
1989-04-12,0.00244346,0.00179390,0.00514666,0.00538998
1989-04-13,-0.00742945,-0.00822227,-0.00345227,-0.00425950
1989-04-14,0.01436057,0.01617225,0.00667587,0.01007577
1989-04-17,0.00039727,0.00130728,0.00054432,0.00022786
1989-04-18,0.00960886,0.01405731,0.00511789,0.00794856
1989-04-19,0.00413532,0.00392994,0.00187908,0.00392707
1989-04-20,-0.00256234,-0.00253474,0.00039118,-0.00058596
1989-04-21,0.00851724,0.00946781,0.00456730,0.00524384
1989-04-24,-0.00154762,-0.00184856,-0.00068405,-0.00091094
1989-04-25,-0.00540669,-0.00571955,0.00243346,-0.00027569
1989-04-26,0.00086367,0.00080471,0.00144693,0.00173957
1989-04-27,0.00886363,0.00847774,0.00445445,0.00716341
1989-04-28,-0.00006318,0.00041640,0.00163789,0.00329889
1989-05-01,0.00148485,-0.00126899,-0.00024701,0.00030075
1989-05-02,-0.00147947,-0.00277649,0.00138805,0.00133517
1989-05-03,0.00216574,0.00016818,0.00187354,0.00213090
1989-05-04,-0.00071554,-0.00078267,0.00188755,0.00073076
1989-05-05,0.00071027,-0.00035579,0.00246269,0.00355991
1989-05-08,-0.00548658,-0.00464292,-0.00220229,-0.00278347
1989-05-09,-0.00243747,-0.00183337,-0.00009226,-0.00022778
1989-05-10,0.00184753,0.00213893,0.00250996,0.00206458
1989-05-11,0.00353321,0.00357221,0.00116311,0.00230857
1989-05-12,0.01856630,0.02240074,0.00514699,0.01043341
1989-05-15,0.00639050,0.00832485,0.00106030,0.00417386
1989-05-16,-0.00102438,-0.00191724,-0.00007849,-0.00155945
1989-05-17,0.00760475,0.00701306,0.00381189,0.00687733
1989-05-18,0.00120422,0.00176766,0.00314044,0.00326920
1989-05-19,0.00912758,0.00947711,0.00328659,0.00543651
1989-05-22,0.00249808,0.00373452,0.00043802,0.00021524
1989-05-23,-0.00912477,-0.01123322,-0.00150556,-0.00362813
1989-05-24,0.00400173,0.00235880,0.00214816,0.00404161
1989-05-25,0.00092860,0.00018018,0.00213416,0.00311026
1989-05-26,0.00840047,0.00771759,0.00391684,0.00550527
1989-05-30,-0.00646653,-0.00761429,-0.00154184,-0.00199293
1989-05-31,0.00524637,0.00466560,0.00452898,0.00461289
1989-06-01,0.00549114,0.00508064,0.00384606,0.00506742
1989-06-02,0.00960771,0.01086756,0.00453772,0.00788308
1989-06-05,-0.00916007,-0.01008648,-0.00279185,-0.00862872
1989-06-06,0.00625505,0.00645415,0.00001985,0.00072418
1989-06-07,0.00704344,0.00878491,0.00498697,0.01275813
1989-06-08,0.00254631,-0.00049393,0.00331556,0.00209725
1989-06-09,0.00022158,0.00022922,0.00083787,-0.00033203
1989-06-12,-0.00132185,-0.00114263,0.00046938,0.00003336
1989-06-13,-0.00679539,-0.00697162,-0.00276526,-0.00597554
1989-06-14,0.00050491,-0.00041094,0.00008320,-0.00005864
1989-06-15,-0.01107971,-0.01194089,-0.00380032,-0.00858259
1989-06-16,0.00298925,0.00348898,0.00046977,0.00014628
1989-06-19,0.00192801,0.00222158,-0.00085153,-0.00232360
1989-06-20,-0.00090440,-0.00183109,-0.00183916,-0.00368233
1989-06-21,-0.00337570,-0.00201028,-0.00148338,-0.00200496
1989-06-22,0.00557795,0.00528011,0.00273484,0.00263762
1989-06-23,0.01627722,0.01723598,0.00373564,0.00699528
1989-06-26,-0.00368530,-0.00328958,-0.00108346,-0.00193711
1989-06-27,0.00383218,0.00559235,0.00357834,0.00324139
1989-06-28,-0.00740592,-0.00715712,-0.00547450,-0.00820622
1989-06-29,-0.01999029,-0.01968295,-0.01159663,-0.01574814
1989-06-30,-0.00441389,-0.00522465,-0.00370987,-0.00637344
1989-07-03,0.00229820,0.00404062,0.00218930,0.00183069
1989-07-05,0.00502452,0.00442190,0.00117000,0.00237648
1989-07-06,0.00436400,0.00305512,0.00620524,0.00637172
1989-07-07,0.00872040,0.01034941,0.00430919,0.00652069
1989-07-10,0.00641648,0.00656804,0.00199655,0.00104032
1989-07-11,0.00494171,0.00553000,0.00319101,0.00459557
1989-07-12,0.00315890,0.00348461,0.00455666,0.00564048
1989-07-13,0.00097062,0.00022735,0.00225135,0.00247958
1989-07-14,0.00662766,0.00571012,0.00215981,0.00257575
1989-07-17,0.00227360,0.00229997,0.00195511,0.00262483
1989-07-18,-0.00263850,-0.00343580,-0.00080950,-0.00479276
1989-07-19,0.01195374,0.01282676,0.00523336,0.00768601
1989-07-20,-0.00760608,-0.00637078,-0.00104406,-0.00505195
1989-07-21,0.00455736,0.00672098,0.00156413,0.00019740
1989-07-24,-0.00477279,-0.00580668,-0.00366916,-0.00777847
1989-07-25,0.00159321,0.00037608,0.00060794,0.00170655
1989-07-26,0.01052272,0.01269744,0.00440534,0.00593813
1989-07-27,0.00936478,0.01164091,0.00393082,0.00759914
1989-07-28,0.00208976,0.00106659,-0.00055970,0.00090130
1989-07-31,0.01083365,0.01143336,0.00222286,0.00260032
1989-08-01,-0.00519125,-0.00639953,0.00086312,-0.00105996
1989-08-02,0.00293320,0.00209461,0.00140051,0.00177820
1989-08-03,0.00158545,0.00169784,0.00534470,0.00630278
1989-08-04,-0.00031635,-0.00233593,-0.00002810,0.00128953
1989-08-07,0.01711515,0.01589301,0.00555814,0.01047046
1989-08-08,0.00134762,0.00031241,0.00184137,0.00340490
1989-08-09,-0.00488321,-0.00630768,0.00249788,-0.00147373
1989-08-10,0.00399177,0.00383793,0.00360037,0.00304513
1989-08-11,-0.00897427,-0.00987855,-0.00062491,-0.00198198
1989-08-14,-0.00547883,-0.00457501,-0.00303869,-0.00515691
1989-08-15,0.00420522,0.00500902,0.00284049,0.00237570
1989-08-16,0.00249539,0.00308761,0.00057682,-0.00060921
1989-08-17,-0.00420684,-0.00339784,0.00033029,0.00067927
1989-08-18,0.00503943,0.00442902,0.00210337,0.00259884
1989-08-21,-0.01592270,-0.01464501,-0.00439953,-0.00792870
1989-08-22,0.00239453,0.00101850,-0.00035760,0.00072348
1989-08-23,0.01117523,0.01047846,0.00556769,0.00749932
1989-08-24,0.01765084,0.01984448,0.00669054,0.00970204
1989-08-25,-0.00253800,-0.00236707,0.00097810,0.00191126
1989-08-28,0.00545801,0.00455267,0.00012453,0.00161797
1989-08-29,-0.00413599,-0.00615528,-0.00018883,-0.00127807
1989-08-30,0.00294814,0.00273593,0.00357376,0.00383021
1989-08-31,0.00259637,0.00171193,0.00210244,0.00247866
1989-09-01,0.00539563,0.00699702,0.00296069,0.00485335
1989-09-05,-0.00386412,-0.00289307,0.00096842,0.00050041
1989-09-06,-0.00955370,-0.00937174,-0.00221328,-0.00472064
1989-09-07,-0.00129394,-0.00265156,0.00171929,0.00068010
1989-09-08,0.00130478,0.00064936,0.00365323,0.00383821
1989-09-11,-0.00465785,-0.00267936,-0.00376420,-0.00114611
1989-09-12,0.00285669,0.00350004,0.00185770,0.00376112
1989-09-13,-0.00714862,-0.00965759,0.00115954,0.00004780
1989-09-14,-0.00926078,-0.00691069,-0.00349350,-0.00680788
1989-09-15,0.00226075,0.00493257,-0.00131592,-0.00284592
1989-09-18,0.00375455,0.00489608,-0.00141176,-0.00106218
1989-09-19,-0.00117920,0.00057228,-0.00049588,0.00016691
1989-09-20,0.00016321,-0.00052038,-0.00154842,-0.00079081
1989-09-21,-0.00263607,-0.00169236,0.00099606,0.00019373
1989-09-22,0.00323419,0.00378428,0.00065215,0.00247217
1989-09-25,-0.00738517,-0.00789535,-0.00323636,-0.00278221
1989-09-26,-0.00005011,0.00084653,0.00362471,0.00304426
1989-09-27,0.00207327,0.00191677,-0.00181847,-0.00018412
1989-09-28,0.01001963,0.01030615,0.00449969,0.00791457
1989-09-29,0.00185192,0.00196964,0.00326331,0.00377836
1989-10-02,0.00512981,0.00499547,0.00362673,0.00584612
1989-10-03,0.00909053,0.01146828,0.00156918,0.00447325
1989-10-04,0.00517675,0.00610668,0.00211818,0.00543074
1989-10-05,-0.00023964,0.00005669,0.00284995,0.00329713
1989-10-06,0.00161423,0.00534165,0.00292365,0.00667995
1989-10-09,0.00290170,0.00276797,0.00190567,0.00487410
1989-10-10,-0.00068332,-0.00178994,-0.00130286,-0.00267401
1989-10-11,-0.00636263,-0.00591473,-0.00270851,-0.00344790
1989-10-12,-0.00396407,-0.00433129,0.00063688,-0.00069019
1989-10-13,-0.06018746,-0.06103391,-0.02229359,-0.03164420
1989-10-16,0.01644344,0.02665204,-0.02311037,-0.01266262
1989-10-17,-0.00516941,-0.00438530,0.00052413,-0.00252110
1989-10-18,0.00188635,0.00162410,0.00559084,0.00701642
1989-10-19,0.01465908,0.01578393,0.01153619,0.01687251
1989-10-20,-0.00165497,0.00005461,0.00007045,-0.00032639
1989-10-23,-0.00697366,-0.00660418,-0.00467841,-0.00695556
1989-10-24,-0.00697672,-0.00262000,-0.01037570,-0.01185802
1989-10-25,-0.00249700,-0.00388588,0.00376164,0.00235968
1989-10-26,-0.01333368,-0.01267968,-0.00520836,-0.01016396
1989-10-27,-0.01018394,-0.00892334,-0.00695505,-0.01232016
1989-10-30,0.00078926,0.00048059,-0.00320134,-0.00291783
1989-10-31,0.01622808,0.01594658,0.00493778,0.01008010
1989-11-01,0.00248177,0.00268677,0.00179445,0.00232652
1989-11-02,-0.00832949,-0.00740520,-0.00232176,-0.00786049
1989-11-03,-0.00193523,-0.00219741,0.00092094,-0.00027377
1989-11-06,-0.01394985,-0.01463122,-0.00723928,-0.01090945
1989-11-07,0.00639629,0.00702216,-0.00055890,0.00345117
1989-11-08,0.00920254,0.01016419,0.00686958,0.01059804
1989-11-09,-0.00494565,-0.00407756,-0.00012344,0.00051104
1989-11-10,0.00774336,0.00773183,0.00313453,0.00522223
1989-11-13,0.00322695,0.00194198,-0.00093815,0.00024969
1989-11-14,-0.00426764,-0.00526384,-0.00227551,-0.00418011
1989-11-15,0.00776275,0.00729874,0.00111764,0.00332081
1989-11-16,0.00036673,0.00073374,0.00230475,-0.00079589
1989-11-17,-0.00021319,0.00334577,0.00305035,0.00375896
1989-11-20,-0.00802576,-0.00646962,-0.00301142,-0.00140458
1989-11-21,-0.00055215,0.00054876,-0.00238095,-0.00276845
1989-11-22,0.00521250,0.00660689,0.00328090,0.00268542
1989-11-24,0.00640683,0.00643111,0.00245748,0.00353877
1989-11-27,0.00486922,0.00504042,0.00086582,0.00008554
1989-11-28,0.00142887,0.00075218,0.00202282,0.00117606
1989-11-29,-0.00534450,-0.00620713,-0.00155406,-0.00144656
1989-11-30,0.00510936,0.00664076,0.00027418,0.00026489
1989-12-01,0.01099183,0.01313898,0.00154118,0.00229384
1989-12-04,0.00024288,0.00290367,0.00075481,0.00279981
1989-12-05,-0.00446960,-0.00495307,-0.00110049,0.00113961
1989-12-06,-0.00367732,-0.00351204,0.00176040,-0.00477143
1989-12-07,-0.00278086,-0.00240962,-0.00266274,-0.00090748
1989-12-08,0.00355263,0.00260863,0.00119292,-0.00047790
1989-12-11,-0.00140840,0.00016231,-0.00373159,-0.00897098
1989-12-12,0.00506516,0.00852644,-0.00276241,-0.00496605
1989-12-13,0.00077109,0.00308354,0.00289958,0.00109911
1989-12-14,-0.00389339,-0.00474271,-0.00689285,-0.00764316
1989-12-15,-0.00361200,-0.00271248,-0.00230994,-0.00836569
1989-12-18,-0.01836330,-0.01794464,-0.01319072,-0.01814794
1989-12-19,-0.00441246,-0.00349354,-0.00629530,-0.00335043
1989-12-20,0.00304771,0.00098594,0.00410032,0.00719490
1989-12-21,0.00786079,0.00561195,0.00575911,0.01010078
1989-12-22,0.00617980,0.00811386,0.00581515,0.00833031
1989-12-26,0.00014572,-0.00156536,0.00168043,0.00225718
1989-12-27,0.00744642,0.00547061,0.00243696,0.00917621
1989-12-28,0.00475399,0.00556968,0.00274400,0.00308286
1989-12-29,0.00911893,0.00765412,0.00951404,0.01038627
1990-01-02,0.01880594,0.01758654,0.00829140,0.00988969
1990-01-03,-0.00239845,-0.00203699,0.00724078,0.00317360
1990-01-04,-0.00579553,-0.00789988,-0.00228865,-0.00319905
1990-01-05,-0.00664670,-0.01008740,0.00006969,-0.00294288
1990-01-08,0.00249309,0.00478882,0.00105150,0.00081993
1990-01-09,-0.01168752,-0.01184001,-0.00089905,-0.00449687
1990-01-10,-0.00629397,-0.00637167,-0.00549305,-0.01437406
1990-01-11,0.00257940,0.00357495,-0.00045610,-0.00498994
1990-01-12,-0.02418759,-0.02450846,-0.01708205,-0.02045578
1990-01-15,-0.00984494,-0.00913073,-0.00526558,-0.00712007
1990-01-16,0.00904809,0.01142585,0.00145162,0.00993864
1990-01-17,-0.00803307,-0.00969642,0.00139504,-0.00271838
1990-01-18,0.00058165,0.00250897,-0.00326971,-0.00256740
1990-01-19,-0.00097510,0.00287079,0.00437368,0.00791481
1990-01-22,-0.02332261,-0.02546358,-0.01202074,-0.01961462
1990-01-23,0.00026075,0.00129044,-0.00343389,-0.00333234
1990-01-24,-0.00462283,-0.00176946,-0.01377309,-0.01055103
1990-01-25,-0.01050978,-0.01323252,0.00088430,-0.00130120
1990-01-26,0.00011466,-0.00103232,-0.00582035,-0.00956007
1990-01-29,-0.00468792,-0.00160048,-0.00762100,-0.00753283
1990-01-30,-0.00952943,-0.00686939,-0.01060664,-0.01774905
1990-01-31,0.02059203,0.01843150,0.00447244,0.01273330
1990-02-01,0.00089649,-0.00054922,0.00380484,0.00530474
1990-02-02,0.00835283,0.00672226,0.00679792,0.01137317
1990-02-05,0.00127206,0.00359446,0.00396409,0.00585961
1990-02-06,-0.00764716,-0.00648160,0.00125640,-0.00206957
1990-02-07,0.01118378,0.01277600,0.00450284,0.00697536
1990-02-08,-0.00354132,-0.00212536,0.00138633,0.00144555
1990-02-09,0.00243014,0.00237465,0.00360815,0.00438384
1990-02-12,-0.01062800,-0.01011297,-0.00320678,-0.00585164
1990-02-13,0.00245299,0.00310461,-0.00119691,-0.00109678
1990-02-14,0.00377812,0.00295718,0.00048289,0.00251764
1990-02-15,0.00598034,0.00880853,0.00545683,0.00785095
1990-02-16,-0.00322664,-0.00627124,0.00107810,-0.00128885
1990-02-20,-0.01365939,-0.01417996,-0.00727027,-0.01204125
1990-02-21,0.00172936,-0.00067894,-0.00616509,-0.00488480
1990-02-22,-0.00566106,-0.00581876,0.00570301,0.00301973
1990-02-23,-0.00449772,-0.00463403,-0.00403322,-0.00779108
1990-02-26,0.01231385,0.01412288,-0.00088267,0.00446969
1990-02-27,0.00446021,0.00543603,0.00294508,0.00407206
1990-02-28,0.00774863,0.00507326,0.00438276,0.00858359
1990-03-01,0.00448346,0.00311959,0.00106873,0.00401752
1990-03-02,0.00810325,0.00835903,0.00589799,0.00940839
1990-03-05,-0.00328081,-0.00471909,0.00064242,-0.00141038
1990-03-06,0.01464095,0.01268395,0.00524627,0.00948691
1990-03-07,-0.00357489,-0.00306979,0.00205378,0.00068536
1990-03-08,0.01128700,0.00956950,0.00762047,0.01044984
1990-03-09,-0.00574910,-0.00638421,0.00027685,0.00146078
1990-03-12,0.00250272,0.00246189,0.00005031,-0.00009309
1990-03-13,-0.00612557,-0.00794104,-0.00142756,-0.00484241
1990-03-14,0.00270166,0.00267211,0.00429567,0.00381380
1990-03-15,0.00337238,0.00330078,0.00412733,0.00445672
1990-03-16,0.00934673,0.01119832,0.00408368,0.01018555
1990-03-19,0.00410924,0.00529823,-0.00045845,0.00270569
1990-03-20,-0.00526003,-0.00569132,-0.00252694,-0.00739555
1990-03-21,-0.00368393,-0.00504444,0.00010959,-0.00213003
1990-03-22,-0.01290676,-0.01254212,-0.00682092,-0.01148254
1990-03-23,0.00486065,0.00487743,0.00375525,0.00645679
1990-03-26,0.00130965,0.00190690,0.00289625,0.00431839
1990-03-27,0.00986767,0.01066187,0.00159838,0.00243440
1990-03-28,0.00114163,0.00228318,-0.00275828,-0.00691353
1990-03-29,-0.00431412,-0.00343867,-0.00057829,-0.00309757
1990-03-30,-0.00230822,-0.00285894,-0.00024278,0.00050491
1990-04-02,-0.00495876,-0.00292674,-0.00570988,-0.00494534
1990-04-03,0.01366242,0.01457200,0.00512312,0.01109394
1990-04-04,-0.00709227,-0.00695563,-0.00280610,-0.00422900
1990-04-05,-0.00237067,-0.00068864,-0.00076731,-0.00468414
1990-04-06,-0.00244657,-0.00186910,-0.00211763,-0.00627968
1990-04-09,0.00148146,0.00353748,-0.00110809,-0.00142313
1990-04-10,0.00184648,0.00205944,0.00156876,0.00456650
1990-04-11,0.00046388,-0.00035015,0.00124841,0.00414940
1990-04-12,0.00577318,0.00759187,0.00345756,0.00663151
1990-04-16,-0.00110581,0.00124079,0.00062311,0.00164964
1990-04-17,-0.00033601,-0.00005574,-0.00101715,-0.00217679
1990-04-18,-0.01115533,-0.01164517,-0.00405947,-0.00929541
1990-04-19,-0.00718858,-0.00796744,-0.00239697,-0.00646606
1990-04-20,-0.01281682,-0.00906610,-0.00374380,-0.00778662
1990-04-23,-0.01219566,-0.01122433,-0.00901070,-0.01318185
1990-04-24,-0.00156284,-0.00222936,0.00018191,-0.00209881
1990-04-25,0.00509817,0.00539246,0.00346119,0.00429229
1990-04-26,0.00088559,0.00286172,0.00267554,0.00135415
1990-04-27,-0.01177847,-0.01182254,-0.00349824,-0.00841812
1990-04-30,0.00533072,0.00557862,0.00253638,0.00633892
1990-05-01,0.00385473,0.00478690,0.00369687,0.00520884
1990-05-02,0.00447526,0.00678476,0.00098728,0.00414256
1990-05-03,0.00441098,0.00335613,0.00194392,0.00472245
1990-05-04,0.00871078,0.00876718,0.00317363,0.00751815
1990-05-07,0.00596708,0.00647285,0.00262356,0.00674462
1990-05-08,0.00565069,0.00514621,0.00177229,0.00119358
1990-05-09,0.00295833,0.00212601,-0.00018321,-0.00072666
1990-05-10,0.00237926,0.00382621,0.00386872,0.00467441
1990-05-11,0.02283707,0.02325132,0.00622541,0.01160180
1990-05-14,0.00954465,0.00845034,0.00460554,0.00916392
1990-05-15,0.00021883,-0.00079746,0.00040233,0.00281764
1990-05-16,-0.00112645,-0.00093623,0.00162608,0.00162716
1990-05-17,-0.00021259,0.00147670,0.00548076,0.00640462
1990-05-18,0.00203245,0.00045323,0.00406232,0.00662330
1990-05-21,0.00894309,0.00988320,0.00676852,0.01122956
1990-05-22,0.00050419,0.00146676,0.00314262,0.00194400
1990-05-23,0.00213300,0.00231626,0.00451012,0.00794784
1990-05-24,-0.00075600,-0.00165738,0.00165022,0.00272095
1990-05-25,-0.00827858,-0.01058629,-0.00303147,-0.01051937
1990-05-29,0.01499238,0.01695997,0.00386348,0.00844190
1990-05-30,0.00102184,0.00103714,0.00324503,0.00251154
1990-05-31,0.00288705,0.00136589,0.00144299,0.00044904
1990-06-01,0.00346208,0.00516449,0.00677623,0.00725843
1990-06-04,0.01137761,0.01240709,0.00491181,0.00869476
1990-06-05,0.00005025,-0.00208872,0.00095701,-0.00203163
1990-06-06,-0.00327380,-0.00430011,0.00069882,0.00108108
1990-06-07,-0.00397587,-0.00492685,-0.00100330,-0.00278601
1990-06-08,-0.01086070,-0.01224688,-0.00342598,-0.00716596
1990-06-11,0.00773548,0.00845655,0.00117300,0.00543404
1990-06-12,0.00985373,0.01301595,0.00526969,0.00830913
1990-06-13,-0.00568429,-0.00364804,0.00192037,0.00483553
1990-06-14,-0.00440536,-0.00551051,-0.00074947,-0.00402469
1990-06-15,-0.00232685,-0.00033561,0.00213126,0.00078817
1990-06-18,-0.01601383,-0.01593550,-0.01037105,-0.01477402
1990-06-19,0.00359831,0.00439510,0.00076254,-0.00042708
1990-06-20,0.00052933,0.00180662,0.00058378,0.00107051
1990-06-21,0.00280894,0.00370799,0.00069325,0.00110093
1990-06-22,-0.01273560,-0.01361354,-0.00161226,-0.00506457
1990-06-25,-0.01015242,-0.00862083,-0.00395245,-0.00806256
1990-06-26,-0.00128572,-0.00105857,-0.00048039,-0.00041763
1990-06-27,0.00713635,0.00877266,0.00106396,0.00416240
1990-06-28,0.00549131,0.00732799,0.00327823,0.00754285
1990-06-29,0.00466257,0.00114981,0.00568541,0.00405930
1990-07-02,0.00186411,0.00444848,-0.00097148,-0.00097905
1990-07-03,0.00008258,0.00190632,-0.00018912,-0.00110016
1990-07-05,-0.01329313,-0.01193644,-0.00437302,-0.00496695
1990-07-06,0.00821836,0.00776674,0.00241832,0.00298785
1990-07-09,0.00273553,0.00293392,0.00081478,0.00290863
1990-07-10,-0.00822865,-0.00774556,-0.00049942,-0.00103809
1990-07-11,0.01285577,0.01251413,0.00409523,0.00710127
1990-07-12,0.01107714,0.01144973,0.00439797,0.00806525
1990-07-13,0.00251419,0.00439747,0.00312690,0.00396950
1990-07-16,0.00354772,0.00489618,-0.00037624,0.00288158
1990-07-17,-0.00380301,-0.00362728,-0.00499158,-0.01108711
1990-07-18,-0.00922557,-0.00910098,-0.00321802,-0.00830584
1990-07-19,-0.00295825,0.00299354,-0.00418761,-0.00561055
1990-07-20,-0.00977624,-0.00986239,-0.00037742,-0.00730173
1990-07-23,-0.01775463,-0.01779848,-0.02127450,-0.02325205
1990-07-24,0.00030506,0.00095494,0.00106999,-0.00201244
1990-07-25,0.00565701,0.00360512,0.00426549,0.00711560
1990-07-26,-0.00229274,-0.00299424,0.00209028,-0.00035576
1990-07-27,-0.00656313,-0.00694994,-0.00490647,-0.00716686
1990-07-30,0.00295968,0.00611537,-0.00579421,-0.00757239
1990-07-31,-0.00095696,0.00167327,-0.00195775,-0.00262190
1990-08-01,-0.00322016,-0.00144843,-0.00508790,-0.00568054
1990-08-02,-0.01221730,-0.01179742,-0.01324274,-0.01662804
1990-08-03,-0.02208094,-0.01681421,-0.02198539,-0.02659109
1990-08-06,-0.03302900,-0.03242748,-0.03112133,-0.04252145
1990-08-07,-0.00058230,0.00220548,0.00331147,0.00496254
1990-08-08,0.01148433,0.01103578,0.01077339,0.01471057
1990-08-09,0.00465778,0.00543247,0.00812060,0.01439382
1990-08-10,-0.01310417,-0.01295831,-0.00861534,-0.01241707
1990-08-13,0.00635392,0.01000454,-0.00182733,0.00251832
1990-08-14,0.00161046,0.00141509,0.00512869,0.00489044
1990-08-15,0.00265050,0.00260282,0.00240518,0.00331561
1990-08-16,-0.02198712,-0.02301466,-0.01359359,-0.02250735
1990-08-17,-0.01464754,-0.01384480,-0.01522733,-0.02218566
1990-08-20,-0.00026896,0.00177275,-0.00701601,-0.01232466
1990-08-21,-0.01909133,-0.01972292,-0.01710597,-0.02178226
1990-08-22,-0.01455407,-0.01670235,-0.00688998,-0.01298413
1990-08-23,-0.03110121,-0.03007925,-0.03498448,-0.03971291
1990-08-24,0.01215758,0.01551405,0.00947447,0.02226728
1990-08-27,0.03085899,0.03229382,0.02553572,0.04096854
1990-08-28,0.00036003,-0.00015071,0.00530472,0.00553364
1990-08-29,0.00902213,0.00885730,0.00051106,-0.00368530
1990-08-30,-0.01598707,-0.01660784,-0.00363323,-0.00751213
1990-08-31,0.01123841,0.01193618,0.00345769,0.00738601
1990-09-04,0.00191847,0.00175520,-0.00101821,0.00220438
1990-09-05,0.00527213,0.00383644,0.00479747,0.00197248
1990-09-06,-0.01166667,-0.01210955,-0.00456436,-0.01001137
1990-09-07,0.00798656,0.00952376,0.00133089,0.00389149
1990-09-10,-0.00442399,-0.00512854,0.00309499,0.00478703
1990-09-11,-0.00371023,-0.00101460,-0.00262375,-0.00608656
1990-09-12,0.00414360,0.00388823,-0.00000333,0.00264844
1990-09-13,-0.01081594,-0.01185713,-0.00569340,-0.01104440
1990-09-14,-0.00837071,-0.00604438,-0.00439832,-0.00441925
1990-09-17,0.00039289,0.00277164,-0.00119561,0.00015485
1990-09-18,0.00195262,0.00340632,-0.00483302,-0.00448394
1990-09-19,-0.00525599,-0.00637919,0.00069059,-0.00111846
1990-09-20,-0.01720048,-0.01582749,-0.01196052,-0.01960356
1990-09-21,-0.00353730,-0.00066784,-0.00735454,-0.00708697
1990-09-24,-0.02571673,-0.02119253,-0.02050062,-0.02683408
1990-09-25,0.00976455,0.01257796,0.00301380,0.00941869
1990-09-26,-0.01167872,-0.01025103,-0.01037377,-0.01231159
1990-09-27,-0.01687709,-0.01337908,-0.01706966,-0.02610593
1990-09-28,0.01652379,0.01680560,0.00229550,0.01027756
1990-10-01,0.02570492,0.03007070,0.01753435,0.03167793
1990-10-02,0.00454344,0.00142198,0.00588133,0.00594065
1990-10-03,-0.01380395,-0.01174233,-0.00742746,-0.01534148
1990-10-04,0.00228155,0.00368468,-0.00158208,-0.00393945
1990-10-05,-0.00425778,-0.00384123,-0.00493255,-0.00693025
1990-10-08,0.00350576,0.00654499,0.00035327,0.00339238
1990-10-09,-0.02761688,-0.02682866,-0.01634406,-0.02673248
1990-10-10,-0.01689783,-0.01593202,-0.01057343,-0.01711670
1990-10-11,-0.02165229,-0.01638072,-0.01697732,-0.02358277
1990-10-12,0.01500333,0.01543934,0.00334410,0.00699770
1990-10-15,0.00829755,0.01163524,0.00197977,0.00908506
1990-10-16,-0.01657690,-0.01470613,-0.00510571,-0.01169783
1990-10-17,-0.00149918,-0.00021957,0.00084447,0.00505827
1990-10-18,0.02303007,0.02386529,0.01513793,0.02429961
1990-10-19,0.01924077,0.02103972,0.00859088,0.01016136
1990-10-22,0.01141256,0.00871489,0.00130331,0.01262871
1990-10-23,-0.00622404,-0.00726797,0.00335080,0.00104793
1990-10-24,0.00031079,0.00058702,0.00009972,0.00000683
1990-10-25,-0.00700550,-0.00769924,0.00046164,-0.00336659
1990-10-26,-0.01977644,-0.01747327,-0.00728713,-0.01613130
1990-10-29,-0.01245139,-0.00919802,-0.00609260,-0.01062625
1990-10-30,0.00552048,0.00771573,-0.00360738,-0.00116199
1990-10-31,0.00005766,-0.00029261,0.00228917,0.00175828
1990-11-01,0.01059938,0.00993156,0.00107134,0.00269895
1990-11-02,0.01975495,0.01622383,0.01013651,0.01935088
1990-11-05,0.01275317,0.00974578,0.00596618,0.01445490
1990-11-06,-0.00785293,-0.00922892,0.00087337,0.00012033
1990-11-07,-0.01501916,-0.01783004,-0.00581144,-0.01145387
1990-11-08,0.00547767,0.00612607,-0.00303278,-0.00065838
1990-11-09,0.01942063,0.02031308,0.01058051,0.01858067
1990-11-12,0.02360621,0.01876012,0.01666790,0.03065265
1990-11-13,0.00061950,-0.00511541,0.00346919,0.00539249
1990-11-14,0.01314366,0.00832199,0.00973414,0.01276425
1990-11-15,-0.01013033,-0.01000828,-0.00085678,-0.00785920
1990-11-16,-0.00002263,0.00028131,-0.00059717,-0.01134780
1990-11-19,0.00703957,0.00713342,0.00314537,0.00642133
1990-11-20,-0.01442963,-0.01189947,-0.00440268,-0.01235341
1990-11-21,0.00037987,0.00190845,0.00207058,0.00183432
1990-11-23,-0.00464250,-0.00317194,0.00187199,0.00127497
1990-11-26,0.00629323,0.00425528,-0.00255622,0.00112043
1990-11-27,0.00686569,0.00560800,0.01202756,0.01753633
1990-11-28,0.00290762,-0.00047574,0.00367034,0.00352109
1990-11-29,-0.00505087,-0.00502651,0.00157766,0.00282583
1990-11-30,0.01980221,0.01840387,0.01027281,0.01000282
1990-12-03,0.01125172,0.00711753,0.00300061,0.00762062
1990-12-04,0.00899705,0.00795222,0.00676542,0.00917329
1990-12-05,0.01840327,0.01070675,0.01432806,0.01946295
1990-12-06,0.00057794,-0.00242679,0.00548155,0.00389088
1990-12-07,-0.00523613,-0.00411665,-0.00111040,-0.00174051
1990-12-10,0.00377513,0.00345379,0.00019313,0.00043315
1990-12-11,-0.00668246,-0.00627408,-0.00271384,-0.00864685
1990-12-12,0.01316992,0.01120398,0.00504526,0.00782886
1990-12-13,-0.00039628,-0.00229206,0.00316794,0.00396720
1990-12-14,-0.00947402,-0.00776968,-0.00284403,-0.00770805
1990-12-17,-0.00559831,-0.00287833,-0.00734445,-0.00757931
1990-12-18,0.01340796,0.01276807,0.00526563,0.01397587
1990-12-19,0.00358564,-0.00014625,0.00205456,0.00366730
1990-12-20,0.00007098,0.00058139,0.00302161,0.00365093
1990-12-21,0.00585056,0.00475708,0.00400990,0.00433076
1990-12-24,-0.00594607,-0.00434673,0.00034710,-0.00233831
1990-12-26,0.00140030,0.00265490,0.00168877,0.00028441
1990-12-27,-0.01014902,-0.00748269,-0.00223361,-0.00419883
1990-12-28,0.00179540,0.00057615,-0.00115402,0.00035377
1990-12-31,0.00474696,0.00432186,0.00987011,0.00747025
1991-01-02,-0.00753854,-0.01097496,0.00021588,-0.00515355
1991-01-03,-0.01242837,-0.01342993,-0.00624126,-0.01345165
1991-01-04,-0.00050879,-0.00257484,-0.00077928,-0.00094485
1991-01-07,-0.01710590,-0.01729693,-0.01309730,-0.01884531
1991-01-08,-0.00173305,-0.00166256,-0.00313962,-0.00281879
1991-01-09,-0.01081711,-0.01100337,-0.00397973,-0.00395135
1991-01-10,0.00923262,0.01063325,0.00575229,0.01325421
1991-01-11,0.00089836,0.00117143,-0.00099700,0.00045015
1991-01-14,-0.00978082,-0.00814465,-0.01648579,-0.01563912
1991-01-15,0.00278878,0.00383172,0.00165773,0.00623827
1991-01-16,0.00871116,0.00870680,0.01094231,0.02438404
1991-01-17,0.03450968,0.03718641,0.02460560,0.02922930
1991-01-18,0.01495250,0.01235830,0.00013050,0.00392317
1991-01-21,0.00254364,-0.00199151,0.00368858,0.00859424
1991-01-22,-0.00436945,-0.00849226,0.00387536,-0.00220611
1991-01-23,0.00727108,0.00560990,0.00995060,0.01387456
1991-01-24,0.01720978,0.01446148,0.01546079,0.01928466
1991-01-25,0.00466891,0.00339523,0.00788812,0.00702061
1991-01-28,0.00262911,0.00018173,0.00588725,0.00697508
1991-01-29,0.00069834,-0.00017425,0.00909742,0.01016227
1991-01-30,0.01965311,0.01529111,0.01700964,0.01985013
1991-01-31,0.00950080,0.00919912,0.01435825,0.01399734
1991-02-01,0.00072602,-0.00265825,0.00925784,0.00797360
1991-02-04,0.02240908,0.01551512,0.01851618,0.01726393
1991-02-05,0.00937841,0.00941987,0.01367525,0.01766817
1991-02-06,0.01914510,0.01937392,0.01195314,0.01701039
1991-02-07,-0.00412379,-0.00408245,-0.00385295,-0.01045834
1991-02-08,0.00590007,0.00759626,0.00477106,0.00420944
1991-02-11,0.02686252,0.02605378,0.01317021,0.01767317
1991-02-12,-0.00259415,-0.00748977,0.00184203,0.00001430
1991-02-13,0.00930272,0.01008405,0.00696932,0.00951134
1991-02-14,-0.01648363,-0.01350859,0.00159573,-0.00923985
1991-02-15,0.01205724,0.01340940,0.00611328,0.00984703
1991-02-19,-0.00170441,0.00179901,0.00197039,0.00437738
1991-02-20,-0.01017214,-0.01113547,-0.00660927,-0.00980863
1991-02-21,-0.00060978,-0.00069600,0.00518216,0.00075248
1991-02-22,0.00019691,0.00190281,0.00527016,0.00597795
1991-02-25,0.00392996,0.00476083,0.00454746,0.00527009
1991-02-26,-0.01096709,-0.01150350,-0.00478281,-0.00811578
1991-02-27,0.01227917,0.01307061,0.00583799,0.00769584
1991-02-28,0.00359863,-0.00179787,0.00708600,0.00488934
1991-03-01,0.01192911,0.00950046,0.00708307,0.00867752
1991-03-04,0.00149666,-0.00226097,0.01094060,0.00936640
1991-03-05,0.02217354,0.01987340,0.01550978,0.02667119
1991-03-06,-0.00085848,-0.00187646,0.00464847,0.00133070
1991-03-07,-0.00126063,-0.00009737,0.00395983,0.00351143
1991-03-08,-0.00223595,-0.00251712,0.00191625,-0.00249739
1991-03-11,-0.00588776,-0.00520709,-0.00602467,-0.01719082
1991-03-12,-0.00942574,-0.00787559,-0.00655786,-0.01379293
1991-03-13,0.01128567,0.01251438,0.00671228,0.01581524
1991-03-14,-0.00481835,-0.00242470,0.00243664,-0.00156614
1991-03-15,-0.00324264,-0.00058528,-0.00133455,-0.00328649
1991-03-18,-0.00322782,-0.00311009,-0.00092395,0.00031430
1991-03-19,-0.01197241,-0.01473472,-0.00524514,-0.00677950
1991-03-20,0.00258241,0.00387791,0.00619761,0.00821025
1991-03-21,-0.00458700,-0.00369291,0.00061688,-0.00440947
1991-03-22,0.00394242,0.00258206,0.00139616,-0.00065893
1991-03-25,0.00839220,0.00673674,0.00614508,0.01015241
1991-03-26,0.01480643,0.01777922,0.01020689,0.02348779
1991-03-27,0.00068284,-0.00228717,0.00644578,0.00813998
1991-03-28,0.00130721,-0.00106523,0.00592974,-0.00045126
1991-04-01,-0.01044947,-0.00982235,-0.00269336,-0.00343721
1991-04-02,0.01708286,0.02195885,0.01307047,0.02395392
1991-04-03,0.00199306,-0.00142559,0.00890590,0.00822494
1991-04-04,0.00536937,0.00332830,0.00486072,0.00570057
1991-04-05,-0.01044222,-0.01137201,0.00077019,-0.00417334
1991-04-08,0.00760484,0.00829902,-0.00005179,-0.00019194
1991-04-09,-0.01340681,-0.01294612,-0.00029114,-0.00665176
1991-04-10,-0.00227362,-0.00115083,-0.00040387,-0.00393940
1991-04-11,0.01449693,0.01191351,0.00844847,0.01900092
1991-04-12,0.00540367,0.00689092,0.00448021,0.00470915
1991-04-15,-0.00057625,0.00194995,0.00135111,-0.00181133
1991-04-16,0.01591962,0.01680713,0.00717688,0.01197509
1991-04-17,0.01108056,0.00775661,0.00823000,0.00942496
1991-04-18,-0.00178961,-0.00479236,-0.00248533,-0.00999015
1991-04-19,-0.00980645,-0.01102903,-0.00460050,-0.01140387
1991-04-22,-0.00944494,-0.00881941,-0.00950093,-0.01327868
1991-04-23,0.00308222,0.00223775,0.00335620,0.00358805
1991-04-24,0.00441648,0.00300186,0.00429152,0.00543382
1991-04-25,-0.00864030,-0.00930740,-0.00176474,-0.00479917
1991-04-26,0.00014171,-0.00047820,-0.00190293,-0.00290220
1991-04-29,-0.01381717,-0.01410784,-0.00582554,-0.01411002
1991-04-30,0.00213403,0.00420918,-0.00595168,-0.00665483
1991-05-01,0.01054687,0.01353420,0.00819581,0.00619408
1991-05-02,0.00334213,0.00062141,0.00539086,0.00733672
1991-05-03,0.00092876,0.00080134,0.00229166,0.00257171
1991-05-06,-0.00162761,-0.00166703,-0.00063205,-0.00064824
1991-05-07,-0.00536755,-0.00639104,0.00422343,-0.00049192
1991-05-08,0.00478974,0.00310184,0.00148618,0.00221644
1991-05-09,0.01070286,0.01321495,0.00614115,0.01145571
1991-05-10,-0.01625508,-0.01939367,-0.00499659,-0.00881971
1991-05-13,0.00079006,0.00268991,0.00076321,0.00068745
1991-05-14,-0.01440506,-0.01344137,-0.00710451,-0.01060510
1991-05-15,-0.00893480,-0.00843506,-0.01540030,-0.02385133
1991-05-16,0.00844923,0.01055307,0.00766158,0.00863253
1991-05-17,0.00230810,0.00025015,-0.00062857,-0.00102712
1991-05-20,-0.00159386,0.00034783,0.00038083,-0.00214225
1991-05-21,0.00808394,0.00844564,0.00457829,0.00821935
1991-05-22,0.00141716,0.00227672,0.00249381,0.00882289
1991-05-23,-0.00337462,-0.00316313,0.00379231,0.00519779
1991-05-24,0.00998158,0.00716940,0.00537650,0.00722749
1991-05-28,0.01245285,0.01195611,0.00471264,0.01007850
1991-05-29,0.00435644,0.00215905,0.00328601,0.00415436
1991-05-30,0.01507657,0.01100828,0.00744237,0.00881292
1991-05-31,0.01253735,0.00765117,0.00608076,0.00600311
1991-06-03,0.00142323,-0.00407834,0.00118133,0.00298590
1991-06-04,0.00230897,-0.00065614,-0.00013665,0.00077357
1991-06-05,-0.00448790,-0.00695369,0.00255597,-0.00450278
1991-06-06,-0.00427146,-0.00376437,-0.00062758,-0.00599686
1991-06-07,-0.01205709,-0.01051515,-0.00461161,-0.00910791
1991-06-10,-0.00298423,-0.00186126,-0.00144955,-0.00555253
1991-06-11,0.00576926,0.00630773,0.00064068,0.00195940
1991-06-12,-0.01384116,-0.01126977,-0.00863002,-0.01144639
1991-06-13,0.00356280,0.00285289,0.00108109,-0.00001891
1991-06-14,0.00974442,0.01230817,0.00537064,0.00855216
1991-06-17,-0.00327779,-0.00515557,-0.00186414,-0.00141503
1991-06-18,-0.00390723,-0.00401285,-0.00124423,-0.00543680
1991-06-19,-0.01025008,-0.00922322,-0.00661266,-0.01300524
1991-06-20,-0.00094108,0.00064105,-0.00115179,0.00137108
1991-06-21,0.00626593,0.00614745,0.00209354,-0.00032058
1991-06-24,-0.02077017,-0.01744053,-0.01351642,-0.02305255
1991-06-25,-0.00288851,-0.00069163,-0.00383478,-0.00402384
1991-06-26,0.00071344,0.00267191,-0.00236248,-0.00010678
1991-06-27,0.00817364,0.00752797,0.00531451,0.00781714
1991-06-28,-0.00788673,-0.00862005,0.00038553,-0.00071660
1991-07-01,0.01662943,0.01844855,0.00576529,0.01221941
1991-07-02,-0.00115925,-0.00090144,-0.00012996,-0.00554467
1991-07-03,-0.01145705,-0.01045230,-0.00391048,-0.00932032
1991-07-05,0.00389191,0.00228854,0.00008777,-0.00068849
1991-07-08,0.00782481,0.00923388,0.00334837,0.01320671
1991-07-09,-0.00162429,-0.00361874,0.00688469,0.00931942
1991-07-10,-0.00028340,-0.00109199,0.00628160,0.00791184
1991-07-11,0.00281246,0.00337160,0.00195317,0.00265849
1991-07-12,0.00777207,0.00828300,0.00603508,0.00992507
1991-07-15,0.00696916,0.00556018,0.00792708,0.00801406
1991-07-16,0.00013085,-0.00219105,0.00042410,-0.00577886
1991-07-17,0.00078146,-0.00068161,0.00142864,-0.00044361
1991-07-18,0.01041595,0.01061090,0.00569742,0.00770228
1991-07-19,-0.00364807,-0.00291020,0.00275261,0.00148107
1991-07-22,-0.00504599,-0.00350793,-0.00198195,-0.00579816
1991-07-23,-0.00872483,-0.00922617,-0.00540139,-0.01158999
1991-07-24,-0.00290182,-0.00202802,-0.00211743,-0.00442999
1991-07-25,0.00422527,0.00621816,0.00322210,0.00718097
1991-07-26,-0.00033082,0.00013632,0.00263080,0.00576499
1991-07-29,0.00234887,0.00606755,0.00083840,0.00166277
1991-07-30,0.00903558,0.00932144,0.00543042,0.01088938
1991-07-31,0.00313177,0.00307609,0.00679927,0.00815515
1991-08-01,-0.00189506,-0.00161960,0.00104926,0.00410716
1991-08-02,0.00008241,0.00031965,0.00123265,0.00314579
1991-08-05,-0.00531844,-0.00526215,-0.00149732,-0.00677215
1991-08-06,0.01183336,0.01497444,0.00253756,0.00599397
1991-08-07,0.00063325,0.00025242,0.00322389,0.00534288
1991-08-08,-0.00233529,-0.00287895,0.00131955,0.00418056
1991-08-09,-0.00527754,-0.00509134,0.00004391,-0.00200183
1991-08-12,0.00431360,0.00236996,0.00150839,0.00421594
1991-08-13,0.00453739,0.00423590,0.00583877,0.00942165
1991-08-14,-0.00011327,0.00124272,0.00444807,0.00674112
1991-08-15,-0.00228938,-0.00128460,0.00048390,-0.00457553
1991-08-16,-0.00896277,-0.00955425,-0.00208530,-0.00638856
1991-08-19,-0.02517993,-0.02322857,-0.02919340,-0.02850214
1991-08-20,0.00778052,0.00775298,0.01121728,0.00980229
1991-08-21,0.02749925,0.02908933,0.02170203,0.03336019
1991-08-22,0.00417176,0.00223691,0.00286308,0.00045195
1991-08-23,0.00964320,0.00716978,0.00546187,0.00584800
1991-08-26,0.00070046,-0.00039906,0.00302680,0.00052527
1991-08-27,-0.00296487,-0.00142382,0.00079339,0.00101249
1991-08-28,0.00978541,0.00904735,0.00818495,0.00927562
1991-08-29,-0.00046518,-0.00045736,0.00309516,0.00005915
1991-08-30,-0.00352765,-0.00257322,0.00211252,-0.00110410
1991-09-03,-0.00624741,-0.00819193,-0.00512566,-0.00970691
1991-09-04,-0.00669635,-0.00539307,-0.00232704,-0.00647252
1991-09-05,-0.00249554,-0.00235604,-0.00058329,-0.00251942
1991-09-06,-0.00038694,-0.00001025,0.00087127,-0.00022828
1991-09-09,-0.00249028,-0.00122816,0.00163909,0.00243946
1991-09-10,-0.01161441,-0.01031546,-0.00740207,-0.01364114
1991-09-11,0.00140143,0.00149290,0.00246230,0.00754707
1991-09-12,0.00417768,0.00612456,0.00660257,0.01363704
1991-09-13,-0.00951337,-0.00999095,-0.00033729,-0.00926435
1991-09-16,0.00539366,0.00619452,-0.00107963,-0.00222343
1991-09-17,-0.00203503,-0.00057547,0.00151113,-0.00045882
1991-09-18,0.00446706,0.00346139,0.00250030,0.00699580
1991-09-19,0.00220534,0.00188833,0.00732792,0.00872395
1991-09-20,0.00406733,0.00119652,0.00743823,0.00909023
1991-09-23,-0.00621798,-0.00511726,-0.00340894,-0.00470643
1991-09-24,0.00511806,0.00530423,0.00175192,0.00488161
1991-09-25,-0.00050638,-0.00254006,0.00275300,0.00258593
1991-09-26,0.00056647,-0.00073958,0.00075808,-0.00201573
1991-09-27,-0.00227278,-0.00160992,-0.00108451,-0.00514941
1991-09-30,0.00489147,0.00550280,0.00435328,0.00538296
1991-10-01,0.00116579,0.00325329,0.00169397,0.00282194
1991-10-02,-0.00234646,-0.00255650,-0.00099867,-0.00490871
1991-10-03,-0.01095232,-0.00957930,-0.00649531,-0.01192164
1991-10-04,-0.00622741,-0.00785001,-0.00031569,-0.00030084
1991-10-07,-0.00797732,-0.00475254,-0.00586373,-0.00783649
1991-10-08,0.00167287,0.00309259,0.00124973,0.00226311
1991-10-09,-0.01019380,-0.00997586,-0.00251634,-0.00743540
1991-10-10,0.00832947,0.00994223,0.00186215,0.00466807
1991-10-11,0.00453596,0.00244853,0.00406470,0.00637478
1991-10-14,0.01321664,0.01321280,0.00636030,0.01398635
1991-10-15,0.01367714,0.01178469,0.00868900,0.01681754
1991-10-16,0.00780631,0.00467674,0.00977367,0.01367837
1991-10-17,-0.00126067,-0.00239117,-0.00096500,-0.00964505
1991-10-18,0.00075466,0.00157945,0.00554993,0.00448500
1991-10-21,-0.00477748,-0.00632364,-0.00067760,-0.00423831
1991-10-22,-0.00387542,-0.00545037,0.00328226,0.00060072
1991-10-23,0.00036528,0.00031330,0.00051441,-0.00204732
1991-10-24,-0.00893432,-0.00735807,-0.00815586,-0.01164549
1991-10-25,-0.00347165,-0.00197155,-0.00257977,-0.00617498
1991-10-28,0.01198484,0.01393244,0.00354725,0.00857526
1991-10-29,0.00385157,0.00524993,0.00739331,0.01135606
1991-10-30,0.00444967,0.00371457,0.00714335,0.01349346
1991-10-31,-0.00085761,-0.00083846,0.00969951,0.00264330
1991-11-01,-0.00333937,-0.00310617,-0.00060011,-0.00420306
1991-11-04,-0.00351487,-0.00219006,-0.00273986,-0.00623040
1991-11-05,-0.00241458,-0.00356281,0.00000855,0.00313731
1991-11-06,0.00355958,0.00335828,0.00233528,0.00128734
1991-11-07,0.01091490,0.00964125,0.00778920,0.01129747
1991-11-08,-0.00025940,-0.00116228,0.00305462,0.00557538
1991-11-11,0.00016817,0.00056984,0.00299313,0.00547735
1991-11-12,0.00926700,0.00933448,0.00603988,0.01039440
1991-11-13,0.00173139,0.00183364,0.00090170,0.00065885
1991-11-14,-0.00158281,-0.00068386,0.00003209,-0.00338866
1991-11-15,-0.03252686,-0.03657019,-0.02817608,-0.04486978
1991-11-18,0.00062993,0.00710366,-0.00023938,0.00777926
1991-11-19,-0.01767788,-0.01503613,-0.02215504,-0.02099035
1991-11-20,-0.00317462,-0.00254736,0.00780465,0.00537927
1991-11-21,0.00167207,0.00406779,0.00584084,0.00868886
1991-11-22,-0.00990221,-0.01020063,-0.00525274,-0.00635154
1991-11-25,-0.00351789,-0.00170068,-0.00412498,-0.00680040
1991-11-26,0.00630800,0.00721714,-0.00312582,-0.00033205
1991-11-27,-0.00310522,-0.00359150,0.00138390,0.00191570
1991-11-29,-0.00492670,-0.00303841,0.00391388,0.00170010
1991-12-02,0.01504234,0.01642870,0.00055665,0.01569474
1991-12-03,0.00085587,-0.00049328,0.00410216,0.00548810
1991-12-04,-0.00336037,-0.00242532,0.00361962,0.00461621
1991-12-05,-0.00844564,-0.00673858,-0.00188201,-0.00196560
1991-12-06,0.00107303,0.00399257,0.00338222,0.00496822
1991-12-09,-0.00278765,-0.00162797,-0.00364798,-0.00159847
1991-12-10,-0.00363961,-0.00041335,-0.00273181,-0.00106011
1991-12-11,-0.00292617,-0.00061101,-0.00432390,-0.00473044
1991-12-12,0.00992651,0.01038006,0.00725543,0.00901852
1991-12-13,0.00986529,0.00726572,0.00739240,0.00922579
1991-12-16,-0.00117606,0.00019037,0.00398727,0.00565864
1991-12-17,-0.00966144,-0.00480918,-0.00173456,-0.00777794
1991-12-18,0.00089330,0.00238098,-0.00120756,0.00016366
1991-12-19,-0.00386830,-0.00289750,-0.00436141,-0.00985855
1991-12-20,0.00999986,0.01215120,0.00204553,0.00269021
1991-12-23,0.02689484,0.02533842,0.00600127,0.01658128
1991-12-24,0.01461110,0.00724125,0.00793621,0.01116375
1991-12-26,0.01504580,0.01379386,0.01238603,0.01924169
1991-12-27,0.00690203,0.00430068,0.01013632,0.01119312
1991-12-30,0.02546484,0.02126626,0.01669473,0.02617983
1991-12-31,0.00939681,0.00471412,0.01394029,0.01113706
1992-01-02,0.00031079,0.00037234,-0.00041630,0.00012382
1992-01-03,0.00659576,0.00464061,0.01372842,0.01059139
1992-01-06,-0.00080259,-0.00269020,0.01141274,0.00788979
1992-01-07,0.00023063,-0.00128673,0.00871889,0.00786870
1992-01-08,0.00736638,0.00193974,0.00961105,0.01317459
1992-01-09,0.00040531,-0.00057274,0.01518268,0.01640510
1992-01-10,-0.00465808,-0.00611223,-0.00002671,-0.00697664
1992-01-13,-0.00184430,-0.00162612,0.00425990,0.00304315
1992-01-14,0.01682407,0.01413988,0.01139714,0.01346034
1992-01-15,0.01229924,0.00112758,0.00792274,0.00851802
1992-01-16,0.00402135,-0.00656169,0.00001291,-0.00633683
1992-01-17,-0.00209713,0.00168569,0.00384739,-0.00201339
1992-01-20,-0.00554285,-0.00599040,0.00030653,-0.01307459
1992-01-21,-0.01277174,-0.00929295,-0.01630531,-0.02425037
1992-01-22,0.01378107,0.01366890,0.01401023,0.02777901
1992-01-23,-0.00731961,-0.00728192,0.00501329,0.00332070
1992-01-24,0.00061424,0.00133685,0.00550541,0.00271998
1992-01-27,0.00129133,-0.00110083,0.00048471,-0.00648740
1992-01-28,0.00193704,-0.00000166,0.00118382,0.00052139
1992-01-29,-0.01037592,-0.01144883,-0.00426235,-0.00795070
1992-01-30,0.00283761,0.00430672,0.00681983,0.00831115
1992-01-31,-0.00764106,-0.00705096,0.00203982,-0.00267785
1992-02-03,0.00240094,0.00213218,0.00308086,0.00536097
1992-02-04,0.01016756,0.01049271,0.00876423,0.01287646
1992-02-05,0.00270757,0.00048174,0.00670607,0.01006993
1992-02-06,0.00247039,0.00000226,0.00604211,0.00104144
1992-02-07,-0.00587874,-0.00645102,0.00163265,-0.00461713
1992-02-10,0.01042584,0.00676228,-0.00024119,-0.00123859
1992-02-11,0.00283603,0.00035722,0.00145282,-0.00127598
1992-02-12,0.00942785,0.00846806,0.00791538,0.01920366
1992-02-13,-0.00694773,-0.00840943,-0.00131894,-0.00915153
1992-02-14,0.00113800,-0.00205994,0.00075573,-0.00456789
1992-02-18,-0.00784697,-0.01231370,-0.00685360,-0.01585711
1992-02-19,0.00175878,0.00281279,-0.00747505,-0.00623337
1992-02-20,0.01442369,0.01369601,0.01061066,0.01652593
1992-02-21,-0.00751867,-0.00611601,-0.00145872,-0.00450203
1992-02-24,0.00073676,0.00183853,-0.00329949,-0.00783647
1992-02-25,-0.00649762,-0.00390957,-0.00639385,-0.00551741
1992-02-26,0.01022093,0.01167431,0.00922983,0.01818517
1992-02-27,-0.00220285,-0.00319390,0.00379562,0.00221759
1992-02-28,-0.00336510,-0.00290733,0.00414290,-0.00117415
1992-03-02,0.00073301,0.00002585,0.00533991,0.00283647
1992-03-03,0.00458662,0.00112738,0.00023355,-0.00236771
1992-03-04,-0.00651090,-0.00834943,-0.00168007,-0.00619587
1992-03-05,-0.00654926,-0.00675427,-0.00930887,-0.01363761
1992-03-06,-0.00663446,-0.00493568,-0.00492073,-0.00986936
1992-03-09,-0.00027748,0.00210276,-0.00131348,0.00000632
1992-03-10,0.00481974,0.00445138,0.00605293,0.01336982
1992-03-11,-0.00843564,-0.00723869,-0.00435592,-0.01051804
1992-03-12,-0.00259735,-0.00014861,-0.00216490,-0.00162347
1992-03-13,0.00513647,0.00460819,0.00344555,0.00508958
1992-03-16,0.00150630,0.00128478,-0.00249781,-0.00069775
1992-03-17,0.00896629,0.00790805,0.00491357,0.00910209
1992-03-18,0.00175822,-0.00079348,0.00469247,0.00275258
1992-03-19,0.00461714,0.00185711,0.00127558,0.00175340
1992-03-20,0.00369325,0.00286964,0.00001037,-0.00316429
1992-03-23,-0.00435871,-0.00285084,-0.00306202,-0.00360565
1992-03-24,-0.00404576,-0.00240387,-0.00306011,-0.00500892
1992-03-25,-0.00362213,-0.00254282,0.00144124,0.00112380
1992-03-26,0.00014420,0.00020010,-0.00223852,-0.00681425
1992-03-27,-0.01336166,-0.01036909,-0.01022155,-0.01812468
1992-03-30,-0.00165303,-0.00109389,-0.00184961,-0.00496314
1992-03-31,0.00222939,0.00157697,0.00255525,0.00320079
1992-04-01,-0.00333220,0.00155780,-0.00551262,-0.00255795
1992-04-02,-0.00958313,-0.00985838,-0.00703831,-0.01390672
1992-04-03,-0.00213376,0.00261427,-0.00596130,-0.00642321
1992-04-06,0.00987135,0.01013379,0.00315542,0.01173898
1992-04-07,-0.01832247,-0.01858245,-0.01555898,-0.02549600
1992-04-08,-0.01362275,-0.00861924,-0.01626009,-0.01305607
1992-04-09,0.01784510,0.01574292,0.01543318,0.02392791
1992-04-10,0.00960991,0.00893766,0.00351684,-0.00533221
1992-04-13,0.00425306,0.00477310,0.00110291,0.00775362
1992-04-14,0.01534281,0.01566183,0.00870406,0.01188983
1992-04-15,0.01129484,0.00927209,0.00462531,0.00968490
1992-04-16,0.00144954,-0.00079183,-0.00793292,-0.01461322
1992-04-20,-0.01264903,-0.01342942,-0.01439641,-0.02549774
1992-04-21,-0.00194113,0.00011306,-0.00276051,-0.00433922
1992-04-22,0.00024555,-0.00101516,0.00335169,0.00661771
1992-04-23,0.00337900,0.00416615,-0.00005925,-0.00377432
1992-04-24,-0.00336872,-0.00584422,0.00220618,-0.00603968
1992-04-27,-0.00448285,-0.00147234,-0.00979330,-0.01099713
1992-04-28,-0.00099432,0.00173322,-0.00598095,-0.01152526
1992-04-29,0.00540342,0.00661584,0.00910312,0.01897242
1992-04-30,0.01068354,0.00720561,0.01024854,0.01603594
1992-05-01,-0.00480027,-0.00560307,0.00215714,-0.00097015
1992-05-04,0.00781080,0.01113951,0.00583140,0.00979222
1992-05-05,0.00090520,0.00049995,0.00573878,0.00834243
1992-05-06,0.00158815,-0.00029434,0.00367829,0.00274919
1992-05-07,-0.00011610,-0.00120656,-0.00061621,-0.00426033
1992-05-08,-0.00006425,0.00052552,-0.00090895,-0.00270508
1992-05-11,0.00484912,0.00598765,0.00149914,0.00291444
1992-05-12,-0.00509760,-0.00513210,-0.00179312,-0.00551187
1992-05-13,-0.00014875,0.00043812,-0.00172453,-0.00230078
1992-05-14,-0.00980747,-0.00815186,-0.00561492,-0.01022339
1992-05-15,-0.00761498,-0.00697215,-0.00315435,-0.00391515
1992-05-18,0.00647553,0.00645094,0.00094876,0.00413390
1992-05-19,0.00693723,0.00885421,0.00090656,0.00304235
1992-05-20,-0.00171547,-0.00183454,0.00120096,0.00488374
1992-05-21,-0.00665950,-0.00699071,0.00051041,-0.00196675
1992-05-22,0.00458153,0.00357157,0.00285876,0.00241041
1992-05-26,-0.00590538,-0.00696642,-0.00674224,-0.00824008
1992-05-27,0.00215068,0.00217747,0.00168804,0.00389896
1992-05-28,0.01008258,0.01132155,0.00143562,0.00552042
1992-05-29,-0.00070758,-0.00291906,0.00567439,0.00921945
1992-06-01,0.00380311,0.00470623,0.00266073,0.00611955
1992-06-02,-0.00363373,-0.00856607,0.00273451,0.00066473
1992-06-03,0.00181925,0.00224303,0.00245294,0.00137715
1992-06-04,-0.00187355,-0.00333365,-0.00112650,-0.00266060
1992-06-05,-0.00022003,0.00040260,-0.00189243,-0.00502012
1992-06-08,0.00036204,-0.00032858,-0.00241153,-0.00587793
1992-06-09,-0.00834814,-0.00733636,-0.01035877,-0.01445574
1992-06-10,-0.00682674,-0.00709000,-0.00360120,-0.00703898
1992-06-11,0.00097444,0.00443216,-0.00562232,-0.00437917
1992-06-12,0.00264668,0.00190539,0.00305275,0.00439345
1992-06-15,0.00147898,0.00108689,-0.00448476,-0.00194104
1992-06-16,-0.00474635,-0.00474124,-0.00405191,-0.00894242
1992-06-17,-0.01785143,-0.01504489,-0.01652671,-0.01984864
1992-06-18,-0.00646186,-0.00274019,-0.00882183,-0.00742696
1992-06-19,0.00404084,0.00652394,0.00557387,0.00962250
1992-06-22,-0.00412997,-0.00033165,-0.00838588,-0.00771174
1992-06-23,0.00323853,0.00196446,0.00390172,0.00654283
1992-06-24,0.00081201,-0.00076006,-0.00061725,-0.00302242
1992-06-25,-0.00251911,-0.00137002,-0.00148762,-0.00575873
1992-06-26,0.00078138,0.00113895,0.00141744,-0.00106790
1992-06-29,0.01542289,0.01325263,0.00770646,0.02215026
1992-06-30,0.00108650,-0.00098205,0.01392023,0.00909193
1992-07-01,0.01217393,0.01093226,0.00544441,0.01030904
1992-07-02,-0.00751292,-0.00268749,-0.00242719,-0.01079478
1992-07-06,0.00290398,0.00556453,-0.00226723,0.00031814
1992-07-07,-0.01363248,-0.01148328,-0.00289742,-0.01041861
1992-07-08,0.00087408,0.00294997,-0.00237772,0.00065232
1992-07-09,0.01264390,0.00963681,0.00983546,0.01413852
1992-07-10,0.00210776,0.00093069,0.00852922,0.00574153
1992-07-13,0.00169562,0.00091796,0.00362848,0.00479359
1992-07-14,0.00817305,0.00637264,0.00696753,0.00928562
1992-07-15,0.00022380,-0.00130368,0.00228012,-0.00025137
1992-07-16,0.00015830,0.00110655,0.00079496,0.00139856
1992-07-17,-0.00403920,-0.00465178,-0.00455349,-0.01040034
1992-07-20,-0.00425525,-0.00418568,-0.00630720,-0.00758832
1992-07-21,0.00244765,0.00046179,0.00621909,0.00941535
1992-07-22,-0.00591083,-0.00710306,-0.00418295,-0.00862243
1992-07-23,0.00262370,0.00286142,0.00228538,0.00327683
1992-07-24,0.00008836,-0.00069949,0.00182990,0.00127945
1992-07-27,-0.00014785,0.00042155,0.00267748,-0.00116219
1992-07-28,0.01324569,0.01431584,0.00766594,0.01296218
1992-07-29,0.01332240,0.01138013,0.00711097,0.01060655
1992-07-30,0.00591445,0.00398599,0.00404332,0.00232358
1992-07-31,-0.00068435,0.00083074,0.00717572,0.00335048
1992-08-03,0.00113811,0.00246521,0.00218533,0.00270604
1992-08-04,-0.00258406,-0.00134035,0.00029081,-0.00178169
1992-08-05,-0.00544028,-0.00508588,-0.00134394,-0.00763780
1992-08-06,-0.00129707,-0.00346607,-0.00291364,-0.00478358
1992-08-07,-0.00371088,-0.00323456,0.00211364,-0.00029883
1992-08-10,-0.00040507,0.00148240,-0.00190960,-0.00007965
1992-08-11,-0.00356914,-0.00121879,-0.00054292,-0.00241390
1992-08-12,-0.00392925,-0.00377507,0.00065158,-0.00101204
1992-08-13,-0.00195993,0.00078191,0.00042704,0.00027492
1992-08-14,0.00598912,0.00553988,0.00409331,0.00369971
1992-08-17,0.00104366,0.00228005,-0.00005156,-0.00146600
1992-08-18,0.00203834,0.00164678,-0.00230594,-0.00264110
1992-08-19,-0.00837915,-0.00734051,-0.00296572,-0.00617322
1992-08-20,-0.00043935,-0.00010082,-0.00194032,0.00057461
1992-08-21,-0.00562299,-0.00799060,-0.00224709,-0.00733582
1992-08-24,-0.01379779,-0.01045058,-0.01240589,-0.01490952
1992-08-25,0.00177386,0.00234604,-0.00286021,-0.00158955
1992-08-26,0.00561067,0.00473760,0.00240635,0.00889546
1992-08-27,0.00382257,0.00030952,0.00645775,0.00875392
1992-08-28,0.00369111,0.00293560,0.00176311,0.00008114
1992-08-31,-0.00044226,-0.00144040,-0.00036071,-0.00069099
1992-09-01,0.00593873,0.00500545,0.00324492,0.00529503
1992-09-02,0.00785910,0.00500663,0.00522641,0.01037529
1992-09-03,-0.00015744,0.00024990,0.00814623,0.00618518
1992-09-04,-0.00361775,-0.00219190,-0.00111935,-0.00258815
1992-09-08,-0.00728620,-0.00621098,-0.00373057,-0.00363170
1992-09-09,0.00496049,0.00489387,0.00355019,0.00738540
1992-09-10,0.01253927,0.00885987,0.00708976,0.01181257
1992-09-11,0.00019582,-0.00108156,0.00325787,0.00339178
1992-09-14,0.01667389,0.01430988,0.00961621,0.02039873
1992-09-15,-0.01410639,-0.01253629,-0.00533037,-0.01048801
1992-09-16,-0.00035857,-0.00016956,0.00035162,-0.00355285
1992-09-17,-0.00100736,0.00016957,0.00121756,0.00321483
1992-09-18,0.00776283,0.00683088,0.00333426,0.00200640
1992-09-21,-0.00233319,-0.00145884,-0.00022187,-0.00043222
1992-09-22,-0.01053441,-0.01170469,-0.00416613,-0.01002190
1992-09-23,-0.00075384,0.00039288,-0.00191483,0.00053499
1992-09-24,0.00407042,0.00303077,0.00478539,0.00513965
1992-09-25,-0.00743326,-0.00998168,-0.00905201,-0.01540391
1992-09-28,0.00578009,0.00522393,-0.00169846,-0.00361527
1992-09-29,-0.00063277,0.00036327,0.00238747,0.00463610
1992-09-30,0.00268703,0.00261915,0.00902998,0.00998518
1992-10-01,-0.00568532,-0.00397760,-0.00576457,-0.00870259
1992-10-02,-0.01389987,-0.01382460,-0.00770640,-0.01153678
1992-10-05,-0.00869167,-0.00655853,-0.01524414,-0.00989122
1992-10-06,0.00320569,-0.00037559,0.00771777,0.01045731
1992-10-07,-0.00685092,-0.00720320,-0.00000483,-0.00277553
1992-10-08,0.00609769,0.00890271,0.00703128,0.00871501
1992-10-09,-0.01136690,-0.01208141,-0.00329178,-0.00618893
1992-10-12,0.01140392,0.01132617,0.00466120,0.00638370
1992-10-13,0.00419031,0.00476466,0.00395058,0.00547163
1992-10-14,-0.00086568,0.00019074,0.00214353,0.00014543
1992-10-15,0.00150976,0.00065720,0.00330818,0.00503813
1992-10-16,0.00882203,0.00506749,0.00349808,0.00778135
1992-10-19,0.01127773,0.00879873,0.01023557,0.01521268
1992-10-20,0.00447447,0.00106110,0.00485711,0.00321929
1992-10-21,0.00166137,0.00064966,0.00713930,0.00752290
1992-10-22,-0.00095163,-0.00161628,0.00183196,-0.00040063
1992-10-23,0.00262513,-0.00215433,0.00322668,0.00061741
1992-10-26,0.00813998,0.01033667,0.00208612,0.00297527
1992-10-27,0.00003351,0.00090960,0.00147941,-0.00364703
1992-10-28,0.00670089,0.00426576,0.00661643,0.00803473
1992-10-29,0.00258519,0.00162328,0.00508899,0.00805007
1992-10-30,-0.00370375,-0.00479156,0.00382514,-0.00118105
1992-11-02,0.00938891,0.00971979,0.00460716,0.00400962
1992-11-03,-0.00424629,-0.00627905,-0.00008400,-0.00498322
1992-11-04,-0.00301621,-0.00627706,0.00122683,0.00199417
1992-11-05,0.00440797,0.00367440,0.00784176,0.01505625
1992-11-06,0.00025281,-0.00142049,0.00485728,0.00448316
1992-11-09,0.00200368,0.00239841,0.00822012,0.00886968
1992-11-10,0.00147812,0.00026154,0.00847547,0.00976344
1992-11-11,0.00785336,0.00829628,0.01158152,0.01184609
1992-11-12,0.00091432,0.00153746,0.00379736,-0.00088482
1992-11-13,-0.00159545,-0.00118133,0.00349885,0.00448919
1992-11-16,-0.00544869,-0.00349423,0.00140327,-0.00456632
1992-11-17,-0.00344302,-0.00310554,-0.00478353,-0.01118236
1992-11-18,0.00747144,0.00834962,0.00757548,0.01302310
1992-11-19,0.00199684,0.00189787,0.00403816,0.00571216
1992-11-20,0.00789251,0.00750951,0.00646120,0.00666135
1992-11-23,-0.00301820,-0.00299918,0.00230031,-0.00596614
1992-11-24,0.00757064,0.00551448,0.00628466,0.01210229
1992-11-25,0.00563314,0.00414956,0.00665838,0.00340155
1992-11-27,0.00406405,0.00231770,0.00340812,0.00183923
1992-11-30,0.00436571,0.00295330,0.00486767,0.00523549
1992-12-01,-0.00011650,-0.00085118,0.00258635,0.00196313
1992-12-02,-0.00084381,-0.00209513,0.00233656,-0.00156185
1992-12-03,0.00072810,0.00022078,0.00401618,0.00539421
1992-12-04,0.00411801,0.00521455,0.00657810,0.00828031
1992-12-07,0.00615026,0.00682247,0.00549369,0.00789760
1992-12-08,0.00371288,0.00403546,0.00213519,0.00085895
1992-12-09,-0.00432846,-0.00233812,0.00002341,-0.00455422
1992-12-10,-0.00470240,-0.00265411,-0.00542896,-0.00710243
1992-12-11,-0.00069674,-0.00190510,0.00127660,-0.00472174
1992-12-14,-0.00176705,-0.00163539,-0.00139608,-0.00242400
1992-12-15,0.00005617,-0.00095061,-0.00307180,-0.00557542
1992-12-16,-0.00246328,-0.00288088,-0.00490606,-0.00138153
1992-12-17,0.00812958,0.00944406,0.00582979,0.01416379
1992-12-18,0.01221096,0.01344682,0.00368561,0.00405057
1992-12-21,-0.00190229,-0.00071745,0.00153600,0.00210356
1992-12-22,0.00035477,-0.00078550,-0.00051915,-0.00298763
1992-12-23,-0.00124031,-0.00251519,0.00402154,0.00357672
1992-12-24,0.00267581,0.00190778,0.00463608,0.00458690
1992-12-28,0.00039311,-0.00121819,-0.00094499,0.00110294
1992-12-29,-0.00069370,-0.00226823,0.00431048,0.00448861
1992-12-30,0.00334483,0.00157962,0.00467159,0.00401244
1992-12-31,-0.00110175,-0.00614417,0.01275842,0.00729551
1993-01-04,-0.00100823,-0.00124035,-0.00162957,-0.00871353
1993-01-05,-0.00002940,-0.00224504,0.00178983,0.00391615
1993-01-06,0.00452910,0.00041967,0.00721425,0.01157008
1993-01-07,-0.00767914,-0.00878547,0.00010292,-0.00588782
1993-01-08,-0.00433633,-0.00361826,-0.00411521,-0.00120465
1993-01-11,0.00535251,0.00404192,0.00579334,0.00788731
1993-01-12,-0.00031205,0.00063373,-0.00140540,-0.00445236
1993-01-13,0.00328654,0.00465004,0.00459099,0.01184895
1993-01-14,0.00668850,0.00668478,0.00876806,0.01339007
1993-01-15,0.00480920,0.00286315,0.00584305,0.00202007
1993-01-18,0.00109903,-0.00035776,0.00429019,0.00083225
1993-01-19,0.00021119,-0.00386251,0.00232234,-0.00190959
1993-01-20,-0.00274562,-0.00399774,0.00379907,0.00088140
1993-01-21,0.00466563,0.00480847,0.00411120,0.00519460
1993-01-22,0.00112401,0.00197888,0.00586596,0.00106998
1993-01-25,0.00939310,0.00777450,0.00690584,0.00734270
1993-01-26,0.00176977,0.00047759,0.00235678,0.00039854
1993-01-27,-0.00450856,-0.00396575,-0.00768497,-0.01313710
1993-01-28,-0.00031416,0.00083897,-0.00121058,-0.00488836
1993-01-29,0.00028710,0.00027122,0.00420917,0.00212080
1993-02-01,0.00777451,0.00911168,0.00368076,0.00829522
1993-02-02,0.00350238,0.00049439,0.00246193,0.00511593
1993-02-03,0.01078383,0.01025103,0.00763409,0.00549692
1993-02-04,0.00922464,0.00586713,0.00123818,-0.00004405
1993-02-05,-0.00054368,-0.00161883,-0.00613291,-0.01140367
1993-02-08,-0.00248100,-0.00175569,0.00042508,-0.00429209
1993-02-09,-0.00747509,-0.00565994,-0.00677219,-0.00767832
1993-02-10,0.00074624,0.00232972,0.00061049,0.00385165
1993-02-11,0.00365321,0.00333056,0.00527204,0.00171095
1993-02-12,-0.00678572,-0.00637860,-0.00351528,-0.00813046
1993-02-16,-0.02535931,-0.02448332,-0.02947104,-0.03756469
1993-02-17,-0.00353839,-0.00145921,-0.00892984,-0.00846863
1993-02-18,-0.00331408,-0.00299758,0.00217611,0.00481412
1993-02-19,0.00511756,0.00518323,0.00285122,0.00136574
1993-02-22,0.00483736,0.00267386,-0.01099295,-0.01697539
1993-02-23,-0.00065771,-0.00065751,-0.00287248,-0.00097077
1993-02-24,0.01140504,0.01389010,0.00889022,0.01805643
1993-02-25,0.00327137,0.00336985,0.00438142,0.00712621
1993-02-26,0.00132658,0.00253790,0.00868480,0.00513780
1993-03-01,-0.00493902,-0.00286057,0.00029320,-0.00170301
1993-03-02,0.01233055,0.01337465,0.00711165,0.01325815
1993-03-03,0.00613700,0.00367600,0.00674223,0.00955772
1993-03-04,-0.00325557,-0.00424647,0.00090806,-0.00492787
1993-03-05,-0.00022047,-0.00236121,0.00195910,0.00037880
1993-03-08,0.01728633,0.01905826,0.00517081,0.00896504
1993-03-09,0.00271689,-0.00054417,0.00292554,0.00290450
1993-03-10,0.00277610,0.00450054,0.00428326,0.00604937
1993-03-11,-0.00242272,-0.00564105,0.00210344,0.00172861
1993-03-12,-0.00937028,-0.00839524,-0.00182258,-0.00185974
1993-03-15,0.00437729,0.00334053,0.00350799,0.00373221
1993-03-16,-0.00035586,-0.00003285,0.00065199,0.00016291
1993-03-17,-0.00674565,-0.00716679,-0.00402986,-0.01235393
1993-03-18,0.00746202,0.00845654,0.00097206,0.00028664
1993-03-19,-0.00356463,-0.00442522,-0.00407175,-0.00731030
1993-03-22,-0.00275125,-0.00256389,-0.00837206,-0.00835166
1993-03-23,-0.00085809,-0.00027907,0.00011654,-0.00283636
1993-03-24,-0.00037995,-0.00139048,-0.00194382,-0.00106255
1993-03-25,0.00765712,0.00675498,0.00483518,0.01042963
1993-03-26,-0.00572420,-0.00635303,0.00347340,0.00057087
1993-03-29,0.00470281,0.00629681,0.00053084,-0.00107799
1993-03-30,0.00158385,0.00326105,0.00318509,0.00932622
1993-03-31,0.00226990,-0.00113981,0.00747818,0.00598765
1993-04-01,-0.00241866,-0.00351919,0.00032905,-0.00560372
1993-04-02,-0.01870038,-0.01943559,-0.01318271,-0.02581646
1993-04-05,0.00130645,0.00237151,-0.00245200,0.00209841
1993-04-06,-0.00152911,-0.00247653,-0.00725017,-0.00985337
1993-04-07,0.00466617,0.00328939,0.00170949,0.00767788
1993-04-08,-0.00317374,-0.00194534,-0.00016403,-0.00457164
1993-04-12,0.01317029,0.01497292,0.00211540,0.01093028
1993-04-13,0.00251231,0.00165558,0.00405675,0.00006157
1993-04-14,-0.00075697,-0.00103260,0.00142342,0.00012277
1993-04-15,0.00010615,-0.00029169,-0.00172242,-0.00508063
1993-04-16,0.00257643,0.00122412,0.00035114,-0.00494157
1993-04-19,-0.00253259,-0.00349833,-0.00122997,-0.00555635
1993-04-20,-0.00677784,-0.00503063,-0.00271504,-0.00153064
1993-04-21,-0.00189806,-0.00309750,0.00446914,0.00333888
1993-04-22,-0.00670564,-0.00947052,0.00213655,-0.00106074
1993-04-23,-0.00560378,-0.00561755,-0.00248102,-0.00810463
1993-04-26,-0.01006911,-0.00813016,-0.01392910,-0.02000885
1993-04-27,0.00718359,0.01052734,0.00280355,0.01133765
1993-04-28,0.00128384,0.00019300,0.00438565,0.00948721
1993-04-29,0.00158750,0.00224044,0.00277325,0.00057186
1993-04-30,0.00446777,0.00259623,0.00692877,0.00477834
1993-05-03,0.00420969,0.00580258,0.00403377,0.00911748
1993-05-04,0.00565854,0.00404825,0.01016437,0.01790938
1993-05-05,0.00296665,0.00153564,0.00715345,0.00729543
1993-05-06,-0.00269049,-0.00322826,0.00002596,-0.00565404
1993-05-07,-0.00218949,-0.00163929,0.00293604,0.00182307
1993-05-10,0.00252210,0.00150862,0.00244340,0.00267195
1993-05-11,0.00388723,0.00373176,0.00228455,0.00058436
1993-05-12,0.00334100,0.00062971,-0.00016070,-0.00204989
1993-05-13,-0.01010844,-0.01265634,-0.00504278,-0.00920455
1993-05-14,0.00035670,0.00099185,0.00125706,0.00080629
1993-05-17,-0.00037169,0.00202789,-0.00156488,0.00282826
1993-05-18,0.00151978,0.00030789,-0.00055610,0.00411381
1993-05-19,0.01274133,0.01655496,0.00468599,0.01533539
1993-05-20,0.00566559,0.00657737,0.00586750,0.01090517
1993-05-21,-0.00596094,-0.01007340,0.00034116,-0.00462327
1993-05-24,0.00456136,0.00458580,-0.00029020,0.00104839
1993-05-25,0.00243538,0.00240022,0.00303547,0.00068693
1993-05-26,0.01090427,0.01009013,0.00446720,0.01368034
1993-05-27,-0.00027121,-0.00229750,0.00236795,-0.00047301
1993-05-28,-0.00732307,-0.00484029,0.00029316,-0.00558783
1993-06-01,0.00933055,0.00853926,0.00212869,0.00577381
1993-06-02,0.00200333,0.00030917,0.00312364,0.00258297
1993-06-03,-0.00155998,-0.00298362,0.00189084,0.00042946
1993-06-04,-0.00505385,-0.00515512,-0.00007177,-0.00652420
1993-06-07,-0.00681171,-0.00550947,-0.00494033,-0.01148435
1993-06-08,-0.00926231,-0.00687278,-0.00692738,-0.00976392
1993-06-09,0.00169850,0.00283187,0.00306336,0.00294330
1993-06-10,-0.00329914,-0.00058285,-0.00081400,-0.00195296
1993-06-11,0.00345737,0.00408447,0.00490586,0.00804175
1993-06-14,-0.00025452,0.00106518,0.00014822,0.00532056
1993-06-15,-0.00084957,-0.00292099,0.00331975,0.00144125
1993-06-16,0.00219647,0.00220445,-0.00107792,-0.00184869
1993-06-17,0.00187952,0.00269479,0.00104398,-0.00070323
1993-06-18,-0.00730312,-0.01036364,-0.00202175,-0.00965816
1993-06-21,0.00486274,0.00548132,-0.00254039,-0.00102088
1993-06-22,-0.00118707,-0.00063916,-0.00236234,-0.00250562
1993-06-23,-0.00560054,-0.00571011,-0.00100003,-0.00261195
1993-06-24,0.00577508,0.00804695,0.00206256,0.00643539
1993-06-25,0.00316584,0.00224966,0.00522336,0.00928937
1993-06-28,0.01115108,0.00954855,0.00480172,0.01237258
1993-06-29,-0.00304460,-0.00286785,0.00122118,-0.00299294
1993-06-30,0.00375323,0.00041179,0.00630205,0.00417306
1993-07-01,-0.00150634,-0.00374581,0.00301262,-0.00097353
1993-07-02,-0.00607397,-0.00631812,0.00094051,0.00122382
1993-07-06,-0.00905033,-0.00998955,-0.00050821,-0.00324052
1993-07-07,0.00170745,0.00325423,-0.00106257,-0.00485729
1993-07-08,0.00924984,0.01270053,0.00522787,0.00662981
1993-07-09,0.00092628,-0.00045927,0.00315469,0.00420672
1993-07-12,0.00175422,0.00168400,0.00239358,0.00292133
1993-07-13,-0.00149107,-0.00174134,0.00233345,0.00132169
1993-07-14,0.00493504,0.00424071,0.00680905,0.00565272
1993-07-15,-0.00095401,-0.00180920,-0.00026205,-0.00519142
1993-07-16,-0.00609605,-0.00788501,-0.00396573,-0.01309390
1993-07-19,-0.00111074,0.00075966,-0.00369749,-0.00497581
1993-07-20,0.00100886,0.00288492,0.00192961,0.00919401
1993-07-21,-0.00004639,-0.00034018,-0.00039853,-0.00304931
1993-07-22,-0.00528503,-0.00606321,-0.00211458,-0.00639766
1993-07-23,0.00614023,0.00555038,0.00203376,0.00689987
1993-07-26,0.00422709,0.00474161,0.00260592,0.00659692
1993-07-27,-0.00281492,-0.00194238,0.00007658,-0.00519434
1993-07-28,-0.00077238,-0.00214984,0.00313828,0.00749529
1993-07-29,0.00762273,0.00677987,0.00248703,0.00254277
1993-07-30,-0.00376597,-0.00494075,0.00106764,-0.00401662
1993-08-02,0.00421883,0.00447632,0.00267435,0.00418015
1993-08-03,-0.00093147,-0.00135876,0.00313003,0.00278066
1993-08-04,0.00035621,-0.00147541,0.00237844,0.00624912
1993-08-05,-0.00022283,-0.00062267,0.00065242,0.00268248
1993-08-06,0.00198484,0.00119531,0.00306557,0.00357575
1993-08-09,0.00432113,0.00514458,0.00132355,0.00082181
1993-08-10,-0.00036085,-0.00233532,0.00318690,-0.00227889
1993-08-11,0.00187154,0.00221309,0.00272807,0.00251865
1993-08-12,-0.00408758,-0.00343815,-0.00049728,-0.00207948
1993-08-13,0.00257999,0.00226273,0.00274177,0.00229558
1993-08-16,0.00529259,0.00512054,0.00241069,0.01259309
1993-08-17,0.00191790,0.00212180,0.00351777,0.00598933
1993-08-18,0.00610313,0.00620163,0.00440453,0.00471973
1993-08-19,0.00046957,0.00111869,0.00033292,-0.00673111
1993-08-20,-0.00237161,-0.00080420,0.00286621,0.00082806
1993-08-23,0.00069040,-0.00204799,0.00028245,-0.00008435
1993-08-24,0.00903250,0.01038357,0.00530516,0.00585305
1993-08-25,0.00276471,0.00079094,0.00250907,-0.00207048
1993-08-26,-0.00108238,0.00181314,-0.00157776,-0.00511346
1993-08-27,-0.00065111,-0.00109068,0.00353023,0.00373210
1993-08-30,0.00309789,0.00303061,0.00155353,0.00513858
1993-08-31,0.00462686,0.00411921,0.00884811,0.00818045
1993-09-01,-0.00078124,-0.00097505,0.00319824,0.00349814
1993-09-02,-0.00427287,-0.00392062,0.00331529,0.00358447
1993-09-03,-0.00031067,0.00024372,0.00328788,0.00169246
1993-09-07,-0.00668092,-0.00627187,-0.00684378,-0.01408881
1993-09-08,-0.00631146,-0.00386552,-0.00991350,-0.01083568
1993-09-09,0.00456578,0.00226986,0.00723396,0.00961711
1993-09-10,0.00817234,0.00874021,0.00721397,0.00911542
1993-09-13,0.00182849,0.00107263,-0.00028590,-0.00305672
1993-09-14,-0.00619997,-0.00438255,-0.00652364,-0.01058897
1993-09-15,0.00210436,0.00400079,0.00615172,0.00671797
1993-09-16,-0.00214571,-0.00444316,0.00048856,-0.00016720
1993-09-17,-0.00015202,-0.00138689,0.00312208,0.00031280
1993-09-20,-0.00507517,-0.00749107,-0.00129790,0.00032828
1993-09-21,-0.00711853,-0.00492108,-0.01029276,-0.00866216
1993-09-22,0.00816090,0.00706872,0.01060436,0.01697780
1993-09-23,0.00277778,0.00367247,0.00595805,0.00921837
1993-09-24,0.00086323,-0.00000860,0.00455869,0.00341084
1993-09-27,0.00760549,0.00879025,0.00444532,0.00768415
1993-09-28,-0.00023209,-0.00046891,0.00456081,0.00571707
1993-09-29,-0.00240258,-0.00308655,0.00360998,0.00193690
1993-09-30,-0.00055945,-0.00228120,0.00925161,-0.00055980
1993-10-01,0.00481601,0.00485746,-0.00005379,-0.00032504
1993-10-04,0.00200259,0.00007321,0.00244244,0.00305584
1993-10-05,-0.00095333,0.00023892,0.00020819,-0.00371802
1993-10-06,-0.00125194,-0.00139306,0.00574059,0.00339475
1993-10-07,-0.00328828,-0.00321348,0.00139038,-0.00262133
1993-10-08,0.00192413,0.00236698,0.00109188,0.00260378
1993-10-11,0.00067921,0.00115198,0.00524289,0.00350259
1993-10-12,-0.00044755,0.00060573,0.00536961,0.00703998
1993-10-13,0.00202104,0.00082266,0.00775989,0.00919930
1993-10-14,0.00457709,0.01131502,0.00574491,0.00894011
1993-10-15,0.00622430,0.00563182,0.00801146,0.00267847
1993-10-18,0.00029217,-0.00194151,-0.00331508,-0.00553436
1993-10-19,-0.00370513,-0.00492726,-0.01072400,-0.01914100
1993-10-20,-0.00203864,0.00000779,-0.00238791,-0.00064623
1993-10-21,-0.00031314,-0.00137676,0.00068374,0.00458868
1993-10-22,-0.00044806,-0.00442544,0.00243651,0.00242443
1993-10-25,0.00232822,0.00219783,-0.00085910,-0.00373374
1993-10-26,-0.00018033,-0.00009063,-0.00159882,-0.00616579
1993-10-27,0.00154053,0.00116969,0.00522159,0.00886846
1993-10-28,0.00643943,0.00630125,0.00385845,0.00254602
1993-10-29,0.00032673,0.00028311,0.00881388,0.00709890
1993-11-01,0.00465889,0.00269538,0.00100789,0.00539519
1993-11-02,-0.00047242,-0.00088439,0.00325688,0.00242389
1993-11-03,-0.01249389,-0.01166459,-0.00912826,-0.01663428
1993-11-04,-0.01166381,-0.01173156,-0.01266335,-0.02110258
1993-11-05,0.00234074,0.00488790,0.00013735,0.00839763
1993-11-08,0.00281749,0.00147144,0.00404565,0.00431203
1993-11-09,0.00013573,0.00075427,0.00414285,0.00524312
1993-11-10,0.00805309,0.00755253,0.00633584,0.00890181
1993-11-11,-0.00061575,-0.00153078,0.00285465,0.00311094
1993-11-12,0.00791693,0.00558657,0.00131828,0.00073044
1993-11-15,-0.00406793,-0.00310849,-0.00390523,-0.00863522
1993-11-16,0.00454059,0.00701094,-0.00423830,-0.00107034
1993-11-17,-0.00529402,-0.00420013,-0.00629722,-0.01258653
1993-11-18,-0.00375255,-0.00264599,-0.00494932,-0.01032049
1993-11-19,-0.00172624,-0.00198511,-0.00378517,-0.00363724
1993-11-22,-0.00701782,-0.00762114,-0.01559019,-0.01846236
1993-11-23,0.00323208,0.00414140,0.00573601,0.01262056
1993-11-24,0.00312043,0.00330490,0.00676115,0.00943221
1993-11-26,0.00276407,0.00214071,0.00220550,0.00292431
1993-11-29,-0.00191417,-0.00212619,-0.00072725,-0.00303541
1993-11-30,0.00061764,-0.00044020,0.00327830,0.00405369
1993-12-01,-0.00008910,-0.00001136,0.00623645,0.01274057
1993-12-02,0.00477412,0.00264581,0.00059398,0.00346465
1993-12-03,0.00375977,0.00378632,0.00332233,0.00763071
1993-12-06,0.00240120,0.00349291,0.00056124,-0.00128290
1993-12-07,0.00085665,0.00047799,-0.00092571,-0.00244573
1993-12-08,0.00134542,-0.00069944,0.00085350,-0.00175413
1993-12-09,-0.00386844,-0.00409372,-0.00275793,-0.00918490
1993-12-10,-0.00120021,-0.00057351,0.00039148,-0.00066343
1993-12-13,0.00512635,0.00399628,-0.00348959,-0.00125486
1993-12-14,-0.00584601,-0.00538598,-0.00805688,-0.01068348
1993-12-15,-0.00173928,-0.00230133,0.00075191,0.00230611
1993-12-16,0.00170320,0.00288414,0.00239687,0.00319419
1993-12-17,0.00861877,0.00654459,0.00165776,0.00502074
1993-12-20,-0.00141584,-0.00113822,-0.00012937,0.00174568
1993-12-21,-0.00254225,-0.00094373,-0.00344662,-0.00548613
1993-12-22,0.00298229,0.00416127,-0.00118666,-0.00099777
1993-12-23,0.00112677,0.00012706,0.00235028,0.00367254
1993-12-27,0.00603276,0.00712543,0.00345367,0.00384009
1993-12-28,0.00231778,0.00104485,0.00224360,0.00531856
1993-12-29,0.00306823,-0.00063405,0.00657171,0.00549071
1993-12-30,-0.00213316,-0.00382041,0.00296265,0.00370430
1993-12-31,-0.00200950,-0.00455397,0.01252795,0.00733472
1994-01-03,-0.00216624,-0.00233481,-0.00306130,-0.00799289
1994-01-04,0.00579355,0.00351486,0.00473133,0.00422036
1994-01-05,0.00213505,0.00162494,0.00434961,0.00452957
1994-01-06,-0.00026974,-0.00122848,0.00296253,0.00336491
1994-01-07,0.00650003,0.00570494,0.00377254,0.00220413
1994-01-10,0.01015690,0.01159602,0.00157756,0.00510077
1994-01-11,-0.00233828,-0.00183046,0.00042803,-0.00164844
1994-01-12,0.00132426,-0.00017136,0.00187203,0.00178812
1994-01-13,-0.00302628,-0.00311930,0.00304859,0.00143162
1994-01-14,0.00395723,0.00509134,0.00382205,0.00501703
1994-01-17,-0.00173136,-0.00332000,-0.00054069,-0.00043355
1994-01-18,0.00129549,0.00176140,0.00129702,0.00076850
1994-01-19,0.00077113,-0.00006725,0.00042926,-0.00516418
1994-01-20,0.00221630,0.00160566,0.00232488,0.00598815
1994-01-21,-0.00189495,-0.00138865,0.00342989,0.00177887
1994-01-24,-0.00335607,-0.00482145,-0.00244338,-0.00482498
1994-01-25,-0.00226628,-0.00203268,-0.00177421,-0.00402582
1994-01-26,0.00317240,0.00473834,0.00477544,0.00332770
1994-01-27,0.00545853,0.00846603,0.00235094,0.00466403
1994-01-28,0.00451690,0.00338080,0.00254386,0.00573250
1994-01-31,0.00706159,0.00606261,0.00749934,0.00544936
1994-02-01,-0.00253471,-0.00335334,-0.00142243,-0.00453313
1994-02-02,0.00563405,0.00481613,0.00087948,0.00270467
1994-02-03,-0.00197092,-0.00260922,0.00035254,-0.00190226
1994-02-04,-0.02207622,-0.02254004,-0.01913060,-0.02614217
1994-02-07,0.00362330,0.00494835,-0.00163288,0.00128439
1994-02-08,0.00072985,-0.00119227,0.00508888,0.00497447
1994-02-09,0.00520756,0.00358692,0.00566706,0.00691307
1994-02-10,-0.00668931,-0.00830470,-0.00040272,-0.00398084
1994-02-11,0.00006050,0.00241020,-0.00323080,-0.00259142
1994-02-14,0.00058601,0.00042926,0.00314331,0.00553488
1994-02-15,0.00597167,0.00543666,0.00332623,0.00597058
1994-02-16,0.00051640,0.00032982,0.00464431,0.00345255
1994-02-17,-0.00354474,-0.00501755,-0.00157478,-0.00303590
1994-02-18,-0.00525039,-0.00527297,-0.00118524,-0.00137971
1994-02-22,0.00790621,0.00824871,-0.00028963,0.00323807
1994-02-23,-0.00147276,-0.00155780,-0.00028856,-0.00190929
1994-02-24,-0.01212872,-0.01298229,-0.00752973,-0.01200210
1994-02-25,0.00428520,0.00377855,0.00323006,0.00598246
1994-02-28,0.00406310,0.00215833,0.01121371,0.01154957
1994-03-01,-0.00618901,-0.00582446,-0.00506136,-0.00506386
1994-03-02,-0.00126284,0.00103032,-0.00946385,-0.00672303
1994-03-03,-0.00095300,-0.00337911,0.00229344,0.00172410
1994-03-04,0.00563842,0.00386782,0.00565088,0.00731528
1994-03-07,0.00501385,0.00474895,0.00417843,0.00695131
1994-03-08,-0.00240183,-0.00238593,0.00118665,-0.00316151
1994-03-09,0.00281768,0.00326783,0.00134955,0.00151061
1994-03-10,-0.00521343,-0.00688059,-0.00201147,-0.00539607
1994-03-11,0.00554797,0.00509761,0.00166589,0.00026384
1994-03-14,0.00327998,0.00267460,0.00239307,0.00492148
1994-03-15,0.00004660,-0.00043816,0.00211365,0.00094662
1994-03-16,0.00583908,0.00516525,0.00560070,0.00720983
1994-03-17,0.00426588,0.00282154,0.00462311,0.00663165
1994-03-18,0.00096252,-0.00019410,0.00176009,0.00046756
1994-03-21,-0.00501865,-0.00446363,-0.00419227,-0.00809537
1994-03-22,0.00261406,0.00081048,0.00082849,-0.00141101
1994-03-23,-0.00033798,-0.00048915,0.00292573,0.00175824
1994-03-24,-0.00930291,-0.00890645,-0.00972063,-0.01376205
1994-03-25,-0.00770462,-0.00782421,0.00187887,-0.00420242
1994-03-28,-0.00397772,-0.00101522,-0.01260696,-0.01457423
1994-03-29,-0.01945575,-0.01711185,-0.01623301,-0.02244527
1994-03-30,-0.01490767,-0.01486264,-0.01623664,-0.01361914
1994-03-31,-0.00247940,0.00058767,-0.00628886,-0.00121584
1994-04-04,-0.01704540,-0.01504207,-0.02036899,-0.02039806
1994-04-05,0.02380128,0.02183227,0.02323094,0.03277285
1994-04-06,-0.00012734,-0.00092573,0.00264715,-0.00031161
1994-04-07,0.00672016,0.00622799,0.00431804,0.00579072
1994-04-08,-0.00903646,-0.00853413,-0.00226860,-0.00890696
1994-04-11,0.00496194,0.00491029,-0.00132122,-0.00047739
1994-04-12,-0.00622755,-0.00409493,-0.00513650,-0.01218899
1994-04-13,-0.00410433,-0.00313794,-0.01114988,-0.01679442
1994-04-14,-0.00062643,0.00021405,0.00104966,0.00034929
1994-04-15,-0.00209674,-0.00085236,0.00036256,0.00160477
1994-04-18,-0.01050280,-0.00837869,-0.00566188,-0.00985052
1994-04-19,-0.00257785,0.00041662,-0.00895865,-0.00983431
1994-04-20,-0.00365829,-0.00112512,-0.00904732,-0.01005930
1994-04-21,0.01101689,0.01522789,0.00822647,0.01943269
1994-04-22,0.00024927,-0.00212212,0.00401899,0.00524053
1994-04-25,0.01125157,0.01106789,0.00716461,0.01184523
1994-04-26,0.00044250,-0.00122078,0.00471246,0.00480570
1994-04-28,-0.00492787,-0.00651751,0.00140032,-0.00356030
1994-04-29,0.00751673,0.00427140,0.00423053,0.00285614
1994-05-02,0.00467548,0.00516134,0.00559868,0.00999156
1994-05-03,-0.00006989,0.00003286,0.00213360,-0.00178717
1994-05-04,-0.00217643,-0.00228723,0.00269962,0.00152306
1994-05-05,-0.00036303,-0.00092038,0.00180933,0.00088186
1994-05-06,-0.00879716,-0.00817394,-0.00803366,-0.01069347
1994-05-09,-0.01100612,-0.01167853,-0.00689527,-0.01333286
1994-05-10,0.00569471,0.00853917,0.00103562,0.00320493
1994-05-11,-0.00889263,-0.01035918,-0.00724592,-0.01151337
1994-05-12,0.00233307,0.00508591,0.00290446,0.00350569
1994-05-13,0.00083785,0.00117939,-0.00190284,-0.00365561
1994-05-16,0.00023547,0.00084507,-0.00462024,-0.00714109
1994-05-17,0.00711105,0.01149585,-0.00172842,-0.00050014
1994-05-18,0.01064779,0.00995623,0.00709388,0.01519839
1994-05-19,0.00700406,0.00603535,0.00571735,0.00805428
1994-05-20,-0.00352341,-0.00294787,0.00001890,-0.00102796
1994-05-23,-0.00111823,-0.00346923,-0.00038354,-0.00246178
1994-05-24,0.00368185,0.00388701,0.00240591,0.00990472
1994-05-25,0.00485989,0.00375129,0.00147891,0.00174018
1994-05-26,0.00241739,0.00174421,0.00190945,-0.00084301
1994-05-27,0.00011582,0.00056652,0.00332279,0.00198960
1994-05-31,-0.00175858,-0.00167522,0.00275411,0.00313816
1994-06-01,0.00176509,0.00262892,-0.00109316,0.00112452
1994-06-02,0.00061509,0.00017311,0.00551545,0.00638380
1994-06-03,0.00544209,0.00559318,0.00212758,0.00399912
1994-06-06,-0.00034072,-0.00235424,0.00347561,0.00245917
1994-06-07,-0.00195843,-0.00124198,-0.00250293,-0.00549446
1994-06-08,-0.00241573,-0.00283111,-0.00449857,-0.01332947
1994-06-09,0.00247715,0.00195728,0.00009636,-0.00132502
1994-06-10,0.00176606,0.00145531,0.00427398,0.00766566
1994-06-13,0.00188716,0.00110841,-0.00079307,-0.00353455
1994-06-14,0.00834528,0.00717340,0.00131599,0.00701176
1994-06-15,-0.00227108,-0.00366782,0.00283757,0.00062246
1994-06-16,0.00219525,0.00249185,-0.00179633,-0.00086803
1994-06-17,-0.00593663,-0.00710944,-0.00074717,-0.00789775
1994-06-20,-0.00726195,-0.00707671,-0.01286476,-0.01431828
1994-06-21,-0.01018811,-0.00813856,-0.00887118,-0.01347868
1994-06-22,0.00474819,0.00349540,0.00463428,0.00580898
1994-06-23,-0.00822795,-0.00810676,-0.00845860,-0.01685044
1994-06-24,-0.01528321,-0.01443099,-0.01016201,-0.01019038
1994-06-27,0.00618027,0.01040952,0.00328054,0.01404892
1994-06-28,-0.00211923,-0.00255922,-0.00317400,-0.00057503
1994-06-29,0.00397800,0.00384904,0.00299738,0.00345000
1994-06-30,-0.00525548,-0.00765623,0.01359634,0.00277311
1994-07-01,0.00532279,0.00465326,-0.00052989,0.00118927
1994-07-05,0.00107591,0.00039682,-0.00303120,-0.00468484
1994-07-06,0.00000257,-0.00037111,-0.00074288,-0.00375065
1994-07-07,0.00422073,0.00507473,0.00406748,0.00866994
1994-07-08,0.00202787,0.00219447,0.00066475,0.00130413
1994-07-11,-0.00176076,-0.00366917,-0.00034746,-0.00121348
1994-07-12,0.00046806,0.00029184,0.00144662,0.00339184
1994-07-13,0.00237293,0.00222888,0.00657957,0.01396378
1994-07-14,0.01198874,0.01041170,0.00680667,0.00352620
1994-07-15,0.00155543,0.00136080,0.00241055,-0.00270349
1994-07-18,0.00255503,0.00246679,0.00026563,0.00376068
1994-07-19,-0.00230473,-0.00296139,0.00028392,-0.00508246
1994-07-20,-0.00569714,-0.00504243,-0.00394708,-0.00919570
1994-07-21,0.00121772,0.00214138,0.00150011,0.00368829
1994-07-22,0.00277024,0.00088241,0.00092916,0.00254189
1994-07-25,0.00125711,0.00271103,-0.00080092,0.00076105
1994-07-26,-0.00255886,-0.00143521,0.00045763,-0.00180773
1994-07-27,-0.00158459,-0.00201508,-0.00263212,-0.00473370
1994-07-28,0.00211708,0.00348501,-0.00006465,-0.00001535
1994-07-29,0.00855646,0.00910282,0.00884498,0.01472476
1994-08-01,0.00875435,0.00614013,0.00045002,0.00540831
1994-08-02,0.00058006,0.00086840,0.00074642,-0.00041304
1994-08-03,0.00263175,0.00071845,0.00065334,-0.00118094
1994-08-04,-0.00401023,-0.00614563,-0.00177857,-0.00508499
1994-08-05,-0.00449200,-0.00296266,-0.00142318,-0.00192287
1994-08-08,0.00152251,0.00212812,0.00145863,0.00259380
1994-08-09,0.00099737,0.00077375,0.00380308,0.00359435
1994-08-10,0.00437183,0.00529564,0.00466851,0.00856710
1994-08-11,-0.00364255,-0.00291976,0.00041249,0.00120283
1994-08-12,0.00639247,0.00682350,0.00465354,0.00503806
1994-08-15,-0.00157658,-0.00080735,0.00242907,0.00252130
1994-08-16,0.00758044,0.00816836,0.00157119,0.00385596
1994-08-17,-0.00024736,0.00024124,0.00563908,0.01015559
1994-08-18,-0.00331012,-0.00435229,0.00126126,-0.00060414
1994-08-19,0.00165648,0.00120521,0.00289120,0.00045751
1994-08-22,-0.00300630,-0.00274192,0.00123984,-0.00036761
1994-08-23,0.00628375,0.00533021,0.00633319,0.00866831
1994-08-24,0.00910421,0.00896007,0.00394972,0.00510954
1994-08-25,-0.00075631,-0.00182891,0.00192822,0.00415946
1994-08-26,0.01221960,0.01272479,0.00608235,0.01147198
1994-08-29,0.00419888,0.00173089,0.00157096,0.00009333
1994-08-30,0.00520852,0.00339823,0.00251991,0.00497217
1994-08-31,0.00110814,-0.00152736,0.00435196,-0.00098266
1994-09-01,-0.00579772,-0.00471092,-0.00355029,-0.00960584
1994-09-02,-0.00395775,-0.00407916,0.00293672,0.00047658
1994-09-06,0.00056601,0.00119693,0.00032823,0.00096996
1994-09-07,-0.00075010,-0.00168786,0.00413274,0.00679798
1994-09-08,0.00595826,0.00487003,0.00445301,0.00677667
1994-09-09,-0.00885215,-0.01023204,-0.00185482,-0.00765648
1994-09-12,-0.00394315,-0.00408653,-0.00171100,-0.00485030
1994-09-13,0.00073009,0.00299709,0.00524886,0.00796287
1994-09-14,0.00350249,0.00283331,0.00419734,0.00339704
1994-09-15,0.01074113,0.01264915,0.00511875,0.01360230
1994-09-16,-0.00553158,-0.00668807,0.00195352,-0.00099002
1994-09-19,-0.00084248,-0.00067439,0.00123731,-0.00167730
1994-09-20,-0.01511921,-0.01579958,-0.00651765,-0.01327404
1994-09-21,-0.00616035,-0.00408357,-0.00547797,-0.00781480
1994-09-22,0.00021403,-0.00067618,0.00209719,0.00011220
1994-09-23,-0.00288312,-0.00322479,-0.00065413,-0.00391501
1994-09-26,0.00027831,0.00297179,0.00010964,-0.00155272
1994-09-27,0.00018992,0.00288766,-0.00123277,-0.00029815
1994-09-28,0.00623765,0.00583821,0.00436304,0.00602883
1994-09-29,-0.00231002,-0.00497796,-0.00038258,-0.00061334
1994-09-30,0.00210541,0.00078499,0.00717115,0.00640396
1994-10-03,-0.00214957,-0.00196239,-0.00397116,-0.00435544
1994-10-04,-0.01541111,-0.01542688,-0.01016097,-0.01812419
1994-10-05,-0.00396581,-0.00214024,-0.00568373,-0.00053320
1994-10-06,-0.00137873,-0.00256944,0.00228641,-0.00301203
1994-10-07,0.00489279,0.00610207,0.00502297,0.00842103
1994-10-10,0.00838389,0.00831007,0.00448954,0.00972461
1994-10-11,0.01229175,0.01474104,0.00596914,0.01246393
1994-10-12,-0.00072900,-0.00061210,0.00260520,0.00172978
1994-10-13,0.00436405,0.00479790,0.00236666,0.00110362
1994-10-14,0.00253492,0.00281261,0.00059419,-0.00095454
1994-10-17,-0.00210106,-0.00053996,0.00076324,-0.00124651
1994-10-18,-0.00283152,-0.00235921,-0.00078223,-0.00087945
1994-10-19,0.00581283,0.00556312,0.00429140,0.00821674
1994-10-20,-0.00722357,-0.00697747,-0.00294532,-0.00304949
1994-10-21,-0.00347459,-0.00419095,-0.00033292,-0.00357992
1994-10-24,-0.00847477,-0.00849471,-0.00339876,-0.00535778
1994-10-25,0.00003455,0.00134914,-0.00327983,-0.00346685
1994-10-26,-0.00006090,0.00267356,0.00209291,0.00735073
1994-10-27,0.00729683,0.00674906,0.00550631,0.00587362
1994-10-28,0.01597008,0.01700364,0.00593456,0.01188248
1994-10-31,-0.00101774,-0.00242897,0.00380427,0.00224330
1994-11-01,-0.00890875,-0.00830869,-0.00663719,-0.00702265
1994-11-02,-0.00353329,-0.00383988,0.00130421,-0.00000157
1994-11-03,0.00441515,0.00323452,0.00157092,0.00063108
1994-11-04,-0.01077869,-0.01147000,-0.00113336,-0.00809907
1994-11-07,0.00124369,0.00180643,-0.00477132,-0.00460431
1994-11-08,0.00401928,0.00614312,0.00231506,0.00790162
1994-11-09,-0.00125572,-0.00045118,-0.00122309,0.00001010
1994-11-10,-0.00317341,-0.00196884,-0.00199862,-0.00406181
1994-11-11,-0.00609637,-0.00405927,-0.00031327,-0.00297803
1994-11-14,0.00750596,0.00803508,0.00100839,0.00911522
1994-11-15,-0.00112229,-0.00201461,0.00110622,0.00151490
1994-11-16,-0.00013023,0.00109995,0.00004696,0.00080126
1994-11-17,-0.00581389,-0.00409636,-0.00210383,-0.00428663
1994-11-18,-0.00516550,-0.00451978,-0.00272268,-0.00140436
1994-11-21,-0.00652901,-0.00696055,-0.00718247,-0.00882708
1994-11-22,-0.01858503,-0.01813279,-0.01522766,-0.02216275
1994-11-23,-0.00180771,0.00022799,-0.00806007,-0.00600261
1994-11-25,0.00501772,0.00566555,0.00613514,0.00877628
1994-11-28,0.00361160,0.00435113,0.00162535,0.00474443
1994-11-29,0.00352706,0.00209646,0.00467123,0.00863517
1994-11-30,0.00013338,-0.00309884,0.00704593,-0.00222652
1994-12-01,-0.00977769,-0.01029039,-0.00969327,-0.01236314
1994-12-02,0.00876851,0.00949878,0.00387927,0.00558724
1994-12-05,0.00082534,0.00045928,-0.00013172,0.00196989
1994-12-06,-0.00106438,-0.00010046,-0.00412212,-0.00520252
1994-12-07,-0.00378217,-0.00440298,-0.00704010,-0.00959718
1994-12-08,-0.01356681,-0.01283886,-0.01347699,-0.02107316
1994-12-09,0.00091197,0.00384880,-0.00280854,0.00062233
1994-12-12,0.00569514,0.00550168,-0.00073876,0.00107021
1994-12-13,0.00131296,0.00217694,0.00107525,0.00069324
1994-12-14,0.01054538,0.01063578,0.00616833,0.00919618
1994-12-15,0.00372259,0.00133569,0.00641888,0.00753987
1994-12-16,0.00618763,0.00703850,-0.00045539,-0.00269567
1994-12-19,-0.00085455,-0.00190983,-0.00042691,-0.00126590
1994-12-20,0.00011242,-0.00145134,0.00319694,0.00112693
1994-12-21,0.00460159,0.00585827,0.00476906,0.01189345
1994-12-22,0.00077973,-0.00044437,0.00110498,0.00311035
1994-12-23,0.00093751,0.00175460,0.00302185,0.00417674
1994-12-27,0.00549800,0.00512739,0.00450623,0.00661668
1994-12-28,-0.00502673,-0.00386004,-0.00255770,-0.00481620
1994-12-29,0.00233912,0.00148060,0.00622707,0.01051018
1994-12-30,-0.00054348,-0.00417276,0.00957527,0.00239214
1995-01-03,0.00104629,-0.00050065,-0.00388291,-0.01173013
1995-01-04,0.00379901,0.00363485,0.00296317,0.00324655
1995-01-05,0.00029674,-0.00067156,0.00273974,-0.00029291
1995-01-06,0.00266446,0.00117734,0.00392317,0.00568255
1995-01-09,0.00230615,0.00029956,0.00332043,0.00358400
1995-01-10,0.00138697,0.00212872,0.00283999,0.00634543
1995-01-11,-0.00037739,-0.00016547,-0.00028524,-0.00122343
1995-01-12,0.00198341,-0.00011643,0.00226392,0.00094042
1995-01-13,0.00754551,0.00957471,0.00712533,0.00811989
1995-01-16,0.00658716,0.00760450,0.00469118,0.00818279
1995-01-17,0.00367418,0.00136549,0.00408482,0.00630040
1995-01-18,-0.00028321,-0.00100253,0.00076160,0.00057959
1995-01-19,-0.00469892,-0.00552958,-0.00298296,-0.00516364
1995-01-20,-0.00616783,-0.00485458,-0.00223480,-0.00890117
1995-01-23,0.00002558,0.00212571,-0.00478242,-0.00243169
1995-01-24,-0.00043986,0.00038751,0.00417542,0.00468342
1995-01-25,0.00236269,0.00335877,-0.00012693,-0.00300972
1995-01-26,0.00078710,0.00153042,-0.00023340,-0.00500604
1995-01-27,0.00108410,0.00475167,0.00268584,0.00221954
1995-01-30,-0.00519931,-0.00376647,-0.00441091,-0.00928842
1995-01-31,0.00241331,0.00442292,0.00285600,0.00471296
1995-02-01,0.00093587,0.00025050,0.00184959,0.00413445
1995-02-02,0.00544375,0.00502884,0.00480566,0.00724468
1995-02-03,0.01157303,0.01285660,0.00697134,0.01120562
1995-02-06,0.00637999,0.00586456,0.00586187,0.00954828
1995-02-07,0.00117212,-0.00085118,0.00095207,0.00072525
1995-02-08,0.00055536,0.00107374,0.00317810,0.00680825
1995-02-09,-0.00059703,-0.00183225,0.00247706,0.00214346
1995-02-10,0.00415497,0.00226855,0.00504825,0.00661063
1995-02-13,0.00260056,0.00120287,0.00123114,-0.00107122
1995-02-14,0.00144858,0.00198588,0.00228720,0.00166828
1995-02-15,0.00484325,0.00404393,0.00454250,0.00663743
1995-02-16,0.00010838,0.00114331,-0.00063369,-0.00321791
1995-02-17,-0.00385806,-0.00593738,-0.00256703,-0.00809006
1995-02-21,0.00149090,0.00098632,-0.00178444,-0.00220360
1995-02-22,0.00259412,0.00509819,0.00209392,0.00480574
1995-02-23,0.00414228,0.00439187,0.00196721,0.00492533
1995-02-24,0.00180072,0.00239765,0.00597867,-0.00061232
1995-02-27,-0.00879347,-0.00836047,-0.01025318,-0.00813207
1995-02-28,0.00698903,0.00746766,0.00706342,0.01233920
1995-03-01,-0.00391124,-0.00317673,-0.00063701,-0.00228331
1995-03-02,-0.00232060,-0.00124855,0.00055464,0.00252155
1995-03-03,0.00118321,0.00085846,0.00432195,0.00693087
1995-03-06,-0.00096574,0.00000090,-0.00203358,-0.00082708
1995-03-07,-0.00864203,-0.00715437,-0.00534429,-0.00800094
1995-03-08,0.00208919,0.00217507,0.00281025,0.00607968
1995-03-09,-0.00071095,0.00086035,0.00028610,0.00027293
1995-03-10,0.01255435,0.01353146,0.00509593,0.00787758
1995-03-13,0.00096339,0.00070445,0.00144802,0.00035846
1995-03-14,0.00366971,0.00627417,0.00466896,0.00808113
1995-03-15,-0.00161619,-0.00182932,0.00218632,-0.00171839
1995-03-16,0.00731099,0.00708779,0.00332740,0.00236251
1995-03-17,-0.00093270,0.00024231,0.00030823,-0.00128777
1995-03-20,-0.00056830,0.00147040,0.00136855,0.00298786
1995-03-21,-0.00107231,-0.00260292,-0.00130664,-0.00059044
1995-03-22,0.00045263,0.00138547,-0.00070177,-0.00085692
1995-03-23,0.00128650,0.00054752,0.00358628,0.00365204
1995-03-24,0.01005909,0.01008856,0.00487022,0.00942823
1995-03-27,0.00564377,0.00506950,0.00403375,0.00556102
1995-03-28,0.00104665,0.00146064,0.00255846,0.00432506
1995-03-29,0.00132942,-0.00133626,-0.00124934,-0.00890064
1995-03-30,0.00422662,-0.00187077,0.00042402,-0.00335624
1995-03-31,-0.00143569,-0.00333653,0.00323657,0.00040088
1995-04-03,0.00177264,0.00240270,0.00033766,0.00132318
1995-04-04,0.00754569,0.00680925,-0.00017947,-0.00572235
1995-04-05,0.00173782,0.00102611,0.00234080,0.00349195
1995-04-06,0.00122877,0.00132216,0.00049683,-0.00408508
1995-04-07,0.00120926,0.00025701,-0.00138322,0.00112493
1995-04-10,0.00016015,0.00165749,0.00503626,0.00896479
1995-04-11,-0.00314113,-0.00295270,0.00233747,0.00501883
1995-04-12,0.00387770,0.00359988,0.00227412,0.00484452
1995-04-13,0.00338417,0.00380874,0.00473693,0.00510789
1995-04-17,-0.00690183,-0.00573583,-0.00103952,-0.00248418
1995-04-18,-0.00307942,-0.00194566,-0.00207627,-0.00664058
1995-04-19,-0.00046043,-0.00084111,-0.00548936,-0.01187148
1995-04-20,0.00137840,0.00131917,0.00330590,0.00318078
1995-04-21,0.00520185,0.00576276,0.00485221,0.00517302
1995-04-24,0.00813462,0.00899082,0.00238943,0.00675714
1995-04-25,-0.00239307,-0.00131269,0.00088695,0.00344687
1995-04-26,0.00016876,0.00116672,0.00346143,0.00667502
1995-04-27,0.00137310,0.00187065,0.00444789,0.00541218
1995-04-28,0.00244294,0.00188877,0.00224441,0.00379731
1995-05-01,-0.00062796,-0.00071631,0.00079905,-0.00336781
1995-05-02,0.00067620,0.00120707,0.00082639,-0.00031356
1995-05-03,0.00867447,0.01107291,0.00330325,0.01101686
1995-05-04,0.00035458,0.00053725,-0.00436221,-0.00389865
1995-05-05,-0.00261319,-0.00070247,-0.00032364,-0.00343861
1995-05-08,0.00766300,0.00752971,0.00524516,0.00799085
1995-05-09,0.00042565,-0.00019127,0.00002177,-0.00079753
1995-05-10,0.00173052,0.00140079,0.00184049,-0.00094841
1995-05-11,0.00178596,0.00115268,0.00476452,0.00864092
1995-05-12,0.00486477,0.00191276,0.00388648,0.00658203
1995-05-15,0.00488372,0.00447189,0.00311946,0.00500974
1995-05-16,0.00357212,0.00086647,0.00319032,0.00638747
1995-05-17,-0.00255939,-0.00219198,0.00267473,0.00457351
1995-05-18,-0.01211446,-0.01426604,-0.00453957,-0.00948051
1995-05-19,-0.00204436,-0.00013053,-0.00030107,0.00044836
1995-05-22,0.00708055,0.00857401,0.00450956,0.00865571
1995-05-23,0.00918483,0.00976118,0.00459361,0.01050108
1995-05-24,-0.00000714,0.00000160,0.00097310,-0.00260587
1995-05-25,-0.00255324,0.00002231,-0.00037135,-0.00057154
1995-05-26,-0.00878359,-0.00932483,-0.00145611,-0.00639792
1995-05-30,-0.00059169,-0.00023280,-0.00477782,-0.01580720
1995-05-31,0.01635883,0.01861244,0.00437290,0.00733490
1995-06-01,-0.00030147,0.00039160,0.00267042,0.00488953
1995-06-02,-0.00219640,-0.00142236,0.00313271,0.00451215
1995-06-05,0.01018550,0.00607012,0.00754403,0.01200193
1995-06-06,0.00125609,-0.00010454,0.00217541,-0.00410061
1995-06-07,-0.00396171,-0.00437574,0.00214957,0.00255532
1995-06-08,-0.00094712,-0.00144016,0.00411410,0.00539216
1995-06-09,-0.00807493,-0.00811711,-0.00119377,-0.00202736
1995-06-12,0.00508434,0.00568015,0.00394501,0.00419772
1995-06-13,0.00957203,0.00999192,0.00518433,0.00760317
1995-06-14,-0.00021100,0.00095855,0.00182703,0.00186121
1995-06-15,0.00157712,0.00167641,0.00515432,0.00805325
1995-06-16,0.00295883,0.00483446,0.00396782,0.00684107
1995-06-19,0.00803099,0.01021661,0.00481531,0.01584389
1995-06-20,-0.00045717,-0.00029461,0.00291799,0.00915751
1995-06-21,-0.00290754,-0.00108154,0.00319646,-0.00110613
1995-06-22,0.01269671,0.01259336,0.00676861,0.01266644
1995-06-23,-0.00268901,-0.00264339,0.00055086,-0.00137117
1995-06-26,-0.00950853,-0.00983165,-0.00656440,-0.01260237
1995-06-27,-0.00097991,-0.00327253,-0.00148774,-0.00889460
1995-06-28,0.00238744,0.00469795,0.00006273,0.00127662
1995-06-29,-0.00112140,-0.00142437,0.00356500,0.00722029
1995-06-30,0.00521317,0.00158259,0.01039894,0.00738693
1995-07-03,0.00230625,0.00437705,0.00103447,0.00105269
1995-07-05,0.00305667,0.00072034,0.00410998,0.00755637
1995-07-06,0.01267689,0.01268781,0.00599460,0.01246243
1995-07-07,0.00915899,0.00435571,0.01032193,0.01782745
1995-07-10,0.00334101,0.00124840,0.00633125,0.00788413
1995-07-11,-0.00521224,-0.00373585,0.00133355,-0.00726811
1995-07-12,0.00841219,0.01086680,0.01080235,0.01995711
1995-07-13,-0.00151055,0.00004753,0.00503442,0.00646688
1995-07-14,-0.00177880,-0.00199736,0.00321876,0.00610912
1995-07-17,0.00352862,0.00527235,0.00338665,0.00705502
1995-07-18,-0.00779972,-0.00802020,-0.00568833,-0.01773870
1995-07-19,-0.01347964,-0.01324893,-0.02081372,-0.03741334
1995-07-20,0.00607777,0.00513557,0.00824910,0.00836531
1995-07-21,-0.00170448,-0.00037834,0.00511326,0.00154699
1995-07-24,0.00546558,0.00583988,0.00891159,0.01801619
1995-07-25,0.00671581,0.00783252,0.00708085,0.01322045
1995-07-26,0.00071903,0.00117085,0.00579289,0.00734094
1995-07-27,0.00816040,0.00622303,0.00736529,0.01149766
1995-07-28,-0.00329085,-0.00383875,0.00252643,-0.00528624
1995-07-31,-0.00117410,-0.00166902,0.00138125,-0.00410802
1995-08-01,-0.00193028,-0.00445171,-0.00358414,-0.01076391
1995-08-02,-0.00033937,-0.00130449,-0.00119347,-0.00834076
1995-08-03,-0.00113029,0.00005911,-0.00092569,-0.00102891
1995-08-04,0.00089266,0.00105209,0.00411124,0.00806001
1995-08-07,0.00223451,0.00204049,0.00378052,0.00426346
1995-08-08,-0.00001873,0.00065015,0.00141118,0.00225638
1995-08-09,-0.00215921,-0.00093824,0.00429021,0.00927517
1995-08-10,-0.00270320,-0.00326531,0.00082072,-0.00460078
1995-08-11,-0.00390192,-0.00409672,0.00051913,0.00450063
1995-08-14,0.00638478,0.00854366,0.00405013,0.00925195
1995-08-15,-0.00029557,-0.00162048,0.00168610,0.00089337
1995-08-16,0.00416404,0.00276932,0.00610511,0.01387283
1995-08-17,0.00053136,-0.00167890,0.00418978,0.00310186
1995-08-18,0.00164765,0.00047219,0.00486346,0.00137756
1995-08-21,-0.00027266,-0.00205513,0.00200827,-0.01190732
1995-08-22,0.00128904,0.00271514,-0.00087880,0.00634535
1995-08-23,-0.00348597,-0.00424722,0.00194353,0.00319376
1995-08-24,-0.00050259,0.00056792,-0.00098783,-0.00790340
1995-08-25,0.00500289,0.00475304,0.00330665,-0.00104503
1995-08-28,-0.00040359,-0.00225602,-0.00283734,-0.01227370
1995-08-29,-0.00043529,0.00224446,-0.00529322,-0.00404069
1995-08-30,0.00107959,0.00197755,0.00684225,0.00931127
1995-08-31,0.00183194,0.00206069,0.00648160,0.00781700
1995-09-01,0.00435406,0.00323533,0.00388965,-0.00106444
1995-09-05,0.00911408,0.00963190,0.00376375,0.02047220
1995-09-06,0.00362667,0.00219429,0.00627708,0.00474361
1995-09-07,0.00058482,0.00022887,0.00515429,0.00655636
1995-09-08,0.00448813,0.00419421,0.00819658,0.00930392
1995-09-11,0.00189771,0.00251751,0.00278200,0.00640863
1995-09-12,0.00381959,0.00386255,0.00277332,-0.00176770
1995-09-13,0.00225806,0.00497790,0.00230357,0.00263869
1995-09-14,0.00661040,0.00781764,0.00332960,-0.00081432
1995-09-15,-0.00211016,0.00006431,-0.00603733,-0.01523893
1995-09-18,-0.00204923,-0.00092588,-0.00235447,-0.00057915
1995-09-19,-0.00020897,0.00236254,0.00292529,0.01032437
1995-09-20,0.00209217,0.00435196,0.00405885,0.00437368
1995-09-21,-0.00718465,-0.00669091,-0.00199087,-0.00668959
1995-09-22,-0.00508321,-0.00213854,-0.00325671,-0.00454909
1995-09-25,-0.00195418,0.00020254,-0.00273643,-0.00659607
1995-09-26,-0.00219501,-0.00030530,-0.00434006,-0.00852614
1995-09-27,-0.00230359,-0.00036754,-0.01168012,-0.01052781
1995-09-28,0.00997426,0.00833331,0.00910400,0.02099271
1995-09-29,-0.00085123,-0.00228068,0.00577484,-0.00417416
1995-10-02,-0.00367470,-0.00490937,-0.00889951,-0.01558265
1995-10-03,-0.00278318,0.00121240,-0.00848546,-0.00665661
1995-10-04,-0.00571847,-0.00130263,-0.01013201,-0.01854846
1995-10-05,0.00291064,0.00238314,0.00165057,0.01297989
1995-10-06,0.00066036,-0.00040500,0.00292330,-0.00235277
1995-10-09,-0.00898762,-0.00721983,-0.01637170,-0.02771990
1995-10-10,-0.00025367,-0.00121912,-0.00761589,-0.00010135
1995-10-11,0.00423060,0.00355302,0.01011362,0.01893383
1995-10-12,0.00605430,0.00670227,0.00916673,0.01461348
1995-10-13,0.00371278,0.00239269,0.00579882,0.00214622
1995-10-16,-0.00297742,-0.00219058,0.00140157,-0.00018811
1995-10-17,0.00306636,0.00600158,0.00301363,0.01811638
1995-10-18,0.00019649,0.00170191,0.00419146,0.00977705
1995-10-19,0.00141281,0.00535501,0.00019100,0.00271156
1995-10-20,-0.00477819,-0.00570585,0.00131764,-0.00751890
1995-10-23,-0.00500870,-0.00358417,-0.00489354,-0.00145804
1995-10-24,0.00076965,0.00228173,0.00171408,0.00251527
1995-10-25,-0.00973327,-0.00728186,-0.00804565,-0.01265471
1995-10-26,-0.01137695,-0.00927878,-0.00757363,-0.00826982
1995-10-27,0.00558508,0.00522016,-0.00117563,0.00825062
1995-10-30,0.00643555,0.00612153,0.00526629,0.01551086
1995-10-31,-0.00369052,-0.00310610,0.00149180,-0.00416121
1995-11-01,0.00488681,0.00492187,0.00304370,0.00508599
1995-11-02,0.01182818,0.00984560,0.00735429,0.01709137
1995-11-03,0.00343809,0.00185053,0.00618708,0.00831706
1995-11-06,-0.00039670,-0.00346589,0.00160323,-0.00363926
1995-11-07,-0.00215900,-0.00347845,-0.00414939,-0.01799490
1995-11-08,0.00645331,0.00898656,0.00340518,0.00434715
1995-11-09,0.00171712,0.00344610,0.00551707,0.01765363
1995-11-10,-0.00129489,-0.00132458,0.00282083,-0.00150077
1995-11-13,-0.00022582,-0.00053936,-0.00140919,-0.00508759
1995-11-14,-0.00618733,-0.00526504,-0.00667905,-0.01694631
1995-11-15,0.00468203,0.00831763,0.00053211,0.00112616
1995-11-16,0.00550651,0.00553946,0.00413808,0.00268490
1995-11-17,0.00521143,0.00411302,0.00172604,-0.00029806
1995-11-20,-0.00488126,-0.00487353,-0.00358404,-0.01574613
1995-11-21,0.00453912,0.00551992,-0.00644068,-0.00371878
1995-11-22,0.00213637,-0.00274846,0.00017061,-0.00383499
1995-11-24,0.00293480,0.00281175,0.00419553,0.00957600
1995-11-27,0.00454599,0.00200750,0.00128592,-0.00102905
1995-11-28,0.00639974,0.00856131,0.00550420,0.02203440
1995-11-29,0.00306478,0.00262693,0.00609044,0.00735094
1995-11-30,-0.00158334,-0.00325959,0.00761142,0.00139709
1995-12-01,0.00288383,0.00247104,0.00437132,-0.00394112
1995-12-04,0.00816728,0.01105128,0.00616935,0.01476520
1995-12-05,0.00674590,0.00629114,0.00004785,-0.00376064
1995-12-06,0.00319143,0.00445938,-0.00300766,-0.00399335
1995-12-07,-0.00733114,-0.00646163,-0.00297548,-0.00826594
1995-12-08,0.00159039,0.00196492,0.00403811,0.00970670
1995-12-11,0.00090346,0.00329800,0.00066300,-0.00115914
1995-12-12,-0.00289873,-0.00118442,-0.00303440,-0.00884793
1995-12-13,0.00258524,0.00475424,0.00362970,0.00469851
1995-12-14,-0.00569978,-0.00755936,-0.00278840,-0.01776298
1995-12-15,-0.00086039,-0.00146368,-0.00521397,-0.00775529
1995-12-18,-0.01606990,-0.01521321,-0.02053307,-0.02708865
1995-12-19,0.00721568,0.00884127,0.00657398,0.02559054
1995-12-20,-0.00430361,-0.00975954,0.00670920,-0.00178681
1995-12-21,0.00827103,0.00694017,0.00641900,0.01573975
1995-12-22,0.00224390,0.00292134,0.00535134,0.00634648
1995-12-26,0.00202566,0.00333236,0.00191195,0.00275895
1995-12-27,0.00030333,0.00101016,0.00425048,-0.00073352
1995-12-28,0.00022205,-0.00063319,-0.00150712,-0.00607356
1995-12-29,0.00517422,0.00243055,0.01070896,0.00950539
1996-01-02,0.00957539,0.00844266,0.00295122,0.00564123
1996-01-03,0.00218046,0.00096759,-0.00137877,-0.01380945
1996-01-04,-0.00802244,-0.00574253,-0.01064366,-0.01683715
1996-01-05,-0.00217018,-0.00178090,0.00503426,0.00337306
1996-01-08,0.00304908,0.00310356,-0.00036982,-0.00203675
1996-01-09,-0.01475211,-0.01576495,-0.01373338,-0.03408760
1996-01-10,-0.01575233,-0.01659452,-0.01062524,-0.00804678
1996-01-11,0.00607848,0.00737957,0.00988055,0.02255935
1996-01-12,-0.00198565,-0.00123661,-0.00108873,-0.00246034
1996-01-15,-0.00301103,-0.00345766,-0.00797820,-0.02076305
1996-01-16,0.00786227,0.01421349,-0.00056344,0.00816683
1996-01-17,-0.00124713,-0.00314582,0.00281694,0.00289668
1996-01-18,0.00226184,0.00360840,0.00392307,0.00927893
1996-01-19,0.00408066,0.00543969,0.00501035,0.01255588
1996-01-22,0.00660042,0.00283609,0.00703093,0.01173690
1996-01-23,0.00114717,-0.00050296,0.00193048,-0.00166522
1996-01-24,0.00972464,0.01139886,0.00703429,0.01553226
1996-01-25,-0.00322510,-0.00447992,0.00114142,-0.00757678
1996-01-26,0.00421191,0.00732976,0.00312899,0.00478073
1996-01-29,0.00459736,0.00428062,0.00226283,0.00105877
1996-01-30,0.00915378,0.00980126,0.00471529,0.00855453
1996-01-31,0.01082801,0.00928882,0.00505000,0.00841276
1996-02-01,0.00530048,0.00415617,0.00521770,0.00897102
1996-02-02,-0.00317536,-0.00424303,0.00337511,0.00186248
1996-02-05,0.00701923,0.00881547,0.00369156,0.01154762
1996-02-06,0.00751684,0.00769758,0.00451543,0.00541154
1996-02-07,0.00359317,0.00604956,-0.00109301,-0.00383294
1996-02-08,0.00982531,0.00938117,0.00420329,0.00813722
1996-02-09,0.00030611,0.00051951,0.00282719,0.00135088
1996-02-12,0.00663418,0.00754855,-0.00020921,0.00118740
1996-02-13,-0.00113302,-0.00099831,-0.00447925,-0.00738079
1996-02-14,-0.00518287,-0.00736678,0.00298131,0.00088883
1996-02-15,-0.00320779,-0.00540726,0.00222613,0.00228870
1996-02-16,-0.00344769,-0.00506469,0.00140869,-0.00001874
1996-02-20,-0.01070593,-0.01115785,-0.00686602,-0.00670765
1996-02-21,0.01026176,0.01147305,0.00778655,0.01270735
1996-02-22,0.01449390,0.01644380,0.00992272,0.01904588
1996-02-23,-0.00112244,0.00054057,0.00211557,0.00087823
1996-02-26,-0.01043428,-0.01296618,-0.00088416,-0.00416617
1996-02-27,-0.00457255,-0.00479518,-0.00140970,-0.00664982
1996-02-28,-0.00321454,-0.00395516,0.00380040,0.00133919
1996-02-29,-0.00646635,-0.00630719,-0.00146860,-0.00706434
1996-03-01,0.00540601,0.00541989,-0.00069703,-0.01381965
1996-03-04,0.01127607,0.01054969,0.00134216,-0.00084775
1996-03-05,0.00444399,0.00799708,0.00249804,0.01219453
1996-03-06,-0.00263611,-0.00566094,0.00118371,-0.00437033
1996-03-07,0.00239072,0.00256274,0.00070389,0.00163257
1996-03-08,-0.02845213,-0.03031776,-0.02119357,-0.02695543
1996-03-11,0.01131823,0.01005085,0.00876524,0.01608046
1996-03-12,-0.00306827,-0.00481003,-0.00212376,-0.00712193
1996-03-13,0.00713870,0.00329077,0.00634615,0.01541451
1996-03-14,0.00596678,0.00355940,0.00663698,0.00195188
1996-03-15,0.00016703,0.00119721,0.00273794,0.00855506
1996-03-18,0.01657591,0.01717416,0.00717231,0.01410237
1996-03-19,-0.00043519,-0.00140370,0.00098130,-0.00171364
1996-03-20,-0.00453944,-0.00268039,-0.00095259,-0.01018042
1996-03-21,-0.00095494,-0.00114599,0.00259988,-0.00179963
1996-03-22,0.00332672,0.00228472,0.00232518,0.00209627
1996-03-25,-0.00164033,-0.00102573,-0.00518871,-0.01441201
1996-03-26,0.00194538,0.00439434,-0.00105059,0.00161915
1996-03-27,-0.00301585,-0.00598841,0.00196190,0.00568848
1996-03-28,-0.00120897,0.00007860,0.00070188,0.00116285
1996-03-29,-0.00422197,-0.00537799,0.01020466,0.00660809
1996-04-01,0.00922112,0.01287379,0.00225984,0.00526035
1996-04-02,0.00019664,0.00229387,0.00324523,0.00452300
1996-04-03,0.00255532,0.00104433,0.00537520,0.00440168
1996-04-04,0.00150478,-0.00023264,0.00196521,0.00199470
1996-04-08,-0.01621637,-0.01728659,-0.01089788,-0.01113993
1996-04-09,0.00170949,-0.00363321,0.00420691,0.00335743
1996-04-10,-0.01033415,-0.01366778,-0.00043395,-0.00406844
1996-04-11,-0.00417738,-0.00379858,-0.00311321,-0.00775196
1996-04-12,0.00655015,0.00907510,0.00551330,0.00379525
1996-04-15,0.00993696,0.00898319,0.00689016,0.00907162
1996-04-16,0.00504488,0.00416977,0.00565841,0.01395002
1996-04-17,-0.00380625,-0.00505887,0.00041773,-0.00373503
1996-04-18,0.00381022,0.00378228,0.00882456,0.01417188
1996-04-19,0.00275937,0.00186770,0.00396558,0.00193833
1996-04-22,0.00410258,0.00482760,0.00886816,0.01400205
1996-04-23,0.00835964,0.00545141,0.00743948,0.01198141
1996-04-24,0.00008320,-0.00205052,0.00567448,0.00936374
1996-04-25,0.00554930,0.00449302,0.00825796,0.00598233
1996-04-26,0.00046568,0.00093634,0.00600081,0.00204056
1996-04-29,0.00048854,0.00092368,0.00374377,0.00130466
1996-04-30,0.00025445,0.00031322,0.00514903,0.00207534
1996-05-01,0.00107393,0.00106561,0.00776364,0.00788880
1996-05-02,-0.01438110,-0.01704340,-0.00704465,-0.01825110
1996-05-03,-0.00245373,-0.00271794,0.00493702,0.00546179
1996-05-06,-0.00031063,-0.00149090,-0.00008370,0.00163200
1996-05-07,-0.00414889,-0.00390708,-0.00293820,-0.00309574
1996-05-08,0.00662314,0.01035677,-0.00308161,0.00084397
1996-05-09,0.00168521,0.00091108,0.00627761,0.00387231
1996-05-10,0.00910103,0.01073455,0.00851270,0.01291541
1996-05-13,0.01342611,0.01434117,0.00894903,0.01648097
1996-05-14,0.00499108,0.00634229,0.00797530,0.01017092
1996-05-15,0.00082887,-0.00041674,0.00464218,-0.00106314
1996-05-16,-0.00172759,-0.00038473,0.00427477,0.00529434
1996-05-17,0.00396328,0.00611002,0.00700940,0.00172209
1996-05-20,0.00317622,0.00650550,0.00659330,0.00530628
1996-05-21,0.00023973,-0.00044250,0.00120084,-0.00282339
1996-05-22,0.00743025,0.00827135,0.00504634,0.00259884
1996-05-23,-0.00486760,-0.00315538,0.00344065,0.00155359
1996-05-24,0.00300198,0.00354894,0.00477441,-0.00090058
1996-05-28,-0.00989245,-0.00884100,-0.00671072,-0.00939591
1996-05-29,-0.00686425,-0.00651526,-0.00642762,-0.00929601
1996-05-30,0.00628141,0.00592396,0.00450810,0.00683207
1996-05-31,-0.00343496,-0.00384106,0.00669274,0.00826001
1996-06-03,-0.00422687,-0.00223979,-0.00133061,-0.00374117
1996-06-04,0.00696372,0.00742959,0.00305965,0.00403256
1996-06-05,0.00719752,0.00903307,0.00264454,0.00488927
1996-06-06,-0.00853824,-0.00753566,-0.00647769,-0.01366223
1996-06-07,-0.00121088,0.00004748,-0.00554039,-0.00182090
1996-06-10,-0.00174621,-0.00188439,-0.00007330,0.00033467
1996-06-11,-0.00165372,-0.00157714,0.00127805,0.00103287
1996-06-12,-0.00328074,-0.00215153,0.00057330,0.00415653
1996-06-13,-0.00247066,-0.00129125,-0.00342639,-0.00796252
1996-06-14,-0.00455839,-0.00353994,-0.00357620,-0.01021233
1996-06-17,-0.00200450,-0.00105923,-0.00435576,-0.00493931
1996-06-18,-0.00164504,-0.00510352,-0.01559119,-0.02090975
1996-06-19,-0.00062232,0.00030760,-0.00475018,-0.00300793
1996-06-20,-0.00095729,0.00022989,-0.01050865,-0.00991445
1996-06-21,0.00400222,0.00707623,0.00311243,0.00755251
1996-06-24,0.00277664,0.00349689,0.00321682,0.00688604
1996-06-25,-0.00297084,-0.00097041,-0.00625589,-0.00938256
1996-06-26,-0.00700123,-0.00584832,-0.01306659,-0.01581568
1996-06-27,0.00586116,0.00633460,0.00203882,0.01201126
1996-06-28,0.00710765,0.00346185,0.01686200,0.01694605
1996-07-01,0.00536708,0.00777909,0.00582637,0.01076803
1996-07-02,-0.00353135,-0.00320232,-0.00087991,-0.00551428
1996-07-03,-0.00148487,-0.00194544,-0.00449545,-0.00832981
1996-07-05,-0.01999203,-0.02217405,-0.01321233,-0.02051549
1996-07-08,-0.00782691,-0.00737294,-0.00973827,-0.00812996
1996-07-09,0.00306974,0.00355291,0.00127794,0.00410303
1996-07-10,-0.00059386,0.00181246,-0.01161892,-0.01045527
1996-07-11,-0.01565748,-0.01591637,-0.02525381,-0.03164292
1996-07-12,-0.00032243,0.00059371,-0.00262500,-0.00216511
1996-07-15,-0.02672860,-0.02512511,-0.02718519,-0.04010288
1996-07-16,-0.00693960,-0.00155894,-0.01417692,-0.00518251
1996-07-17,0.01078584,0.00854052,0.02708030,0.03231191
1996-07-18,0.01492948,0.01520707,0.01629987,0.02196357
1996-07-19,-0.00905125,-0.00739822,-0.00160241,-0.01132084
1996-07-22,-0.00911171,-0.00758126,-0.01099814,-0.01495258
1996-07-23,-0.00913184,-0.01244754,-0.01778807,-0.03128792
1996-07-24,-0.00208776,0.00131327,-0.01697602,-0.00453422
1996-07-25,0.00645009,0.00743454,0.01408070,0.02075315
1996-07-26,0.00862431,0.00751207,0.01046064,0.01662767
1996-07-29,-0.00610429,-0.00793423,-0.00555394,-0.01295666
1996-07-30,0.00492014,0.00658968,0.00035456,0.00625672
1996-07-31,0.00683797,0.00770141,0.00746792,0.00811212
1996-08-01,0.01310322,0.01668508,0.00837795,0.01813869
1996-08-02,0.01769833,0.01873075,0.01499363,0.02455020
1996-08-05,-0.00078055,-0.00297050,0.00025497,-0.00368645
1996-08-06,0.00256079,0.00311623,0.00346680,0.00847016
1996-08-07,0.00475790,0.00295724,0.00729834,0.01137560
1996-08-08,-0.00038642,-0.00177588,0.00026566,-0.00359100
1996-08-09,0.00087310,-0.00283227,0.00011915,-0.00050256
1996-08-12,0.00467604,0.00772382,0.00031633,0.00086573
1996-08-13,-0.00768236,-0.00792708,-0.00468091,-0.01111655
1996-08-14,0.00367112,0.00274226,0.00401621,0.00718815
1996-08-15,-0.00029103,-0.00032565,0.00211250,0.00086255
1996-08-16,0.00596063,0.00522539,0.00246315,-0.00158933
1996-08-19,0.00291277,0.00199428,-0.00132786,-0.00274598
1996-08-20,-0.00030068,-0.00132330,0.00000353,-0.00583137
1996-08-21,0.00005476,-0.00074878,0.00079130,0.00222089
1996-08-22,0.00710139,0.00838636,0.00791195,0.01558797
1996-08-23,-0.00422512,-0.00528095,0.00159812,-0.00101639
1996-08-26,-0.00463656,-0.00459187,-0.00024736,-0.00303609
1996-08-27,0.00405627,0.00365152,0.00700308,0.00860489
1996-08-28,-0.00029345,-0.00195703,0.00465729,0.00443271
1996-08-29,-0.00890177,-0.01124673,-0.00211935,-0.00784314
1996-08-30,-0.00693818,-0.00799821,0.00222587,-0.00310598
1996-09-03,0.00145693,0.00402918,-0.00404586,0.00117382
1996-09-04,0.00237803,0.00133338,0.00228977,0.00138227
1996-09-05,-0.00941287,-0.00960932,-0.00586444,-0.01649555
1996-09-06,0.00972555,0.01062360,0.00678233,0.01237155
1996-09-09,0.01079624,0.01188665,0.00494920,0.00850321
1996-09-10,-0.00054678,0.00037577,0.00039406,0.00101267
1996-09-11,0.00535551,0.00489068,0.00222145,0.00439569
1996-09-12,0.00532989,0.00633383,0.00527459,0.01076542
1996-09-13,0.01131457,0.01432533,0.00867914,0.02061211
1996-09-16,0.00474374,0.00524786,0.00205539,0.00426512
1996-09-17,-0.00139856,-0.00184745,0.00197983,0.00868084
1996-09-18,-0.00238255,-0.00154973,0.00088464,0.00233410
1996-09-19,0.00261329,0.00221463,0.00227019,0.00575370
1996-09-20,0.00550848,0.00550642,0.00375061,0.00672449
1996-09-23,-0.00155980,-0.00070079,-0.00142033,-0.00709498
1996-09-24,0.00158247,-0.00097284,0.00254896,0.00348035
1996-09-25,0.00114683,0.00057044,0.00453391,0.00816622
1996-09-26,-0.00062774,0.00048817,0.00554621,0.00292219
1996-09-27,0.00099957,0.00000477,0.00270228,0.00214971
1996-09-30,0.00186412,0.00181221,0.00131047,-0.00298671
1996-10-01,0.00107003,0.00222189,-0.00277035,-0.00465385
1996-10-02,0.00563852,0.00729855,0.00585453,0.01262184
1996-10-03,-0.00243779,-0.00187699,-0.00050204,-0.00266943
1996-10-04,0.01042090,0.01264259,0.00439066,0.01258098
1996-10-07,0.00169246,0.00276590,-0.00041415,0.00287562
1996-10-08,-0.00374887,-0.00393668,-0.00227984,-0.00909065
1996-10-09,-0.00484798,-0.00535303,-0.00117969,-0.00189636
1996-10-10,-0.00175230,-0.00289369,0.00177982,-0.00034207
1996-10-11,0.00599503,0.00848494,0.00344520,0.00930697
1996-10-14,0.00264581,0.00476771,0.00342636,0.00693180
1996-10-15,-0.00199174,-0.00169791,-0.00105875,0.00187636
1996-10-16,0.00164073,0.00237631,-0.00244118,-0.00556764
1996-10-17,0.00358179,0.00402744,-0.00030962,-0.00787107
1996-10-18,0.00442871,0.00488929,0.00027000,-0.00012955
1996-10-21,0.00020996,-0.00120556,-0.00465356,-0.01005550
1996-10-22,-0.00565900,-0.00496965,-0.00955878,-0.01369871
1996-10-23,0.00026018,0.00096109,-0.00007601,0.00731110
1996-10-24,-0.00565882,-0.00667949,0.00152425,-0.00066514
1996-10-25,-0.00052287,-0.00214756,-0.00094015,-0.00390645
1996-10-28,-0.00611540,-0.00481057,-0.00560871,-0.00571595
1996-10-29,0.00417440,0.00604264,-0.00640101,-0.01046420
1996-10-30,-0.00040447,-0.00042126,0.00016183,0.00349089
1996-10-31,0.00549245,0.00651038,0.00651705,0.01325965
1996-11-01,-0.00079576,-0.00183056,-0.00264567,-0.00002576
1996-11-04,0.00427451,0.00468207,-0.00245856,-0.00080083
1996-11-05,0.00718903,0.01062031,-0.00005546,0.00785443
1996-11-06,0.01160470,0.01524671,0.00648685,0.01451186
1996-11-07,0.00306745,0.00419692,0.00467545,0.00801342
1996-11-08,0.00520953,0.00450835,0.00177040,0.00265792
1996-11-11,0.00255186,0.00130983,0.00278211,0.00493019
1996-11-12,0.00144020,-0.00285224,-0.00020693,-0.00545935
1996-11-13,0.00100943,0.00224765,0.00099897,0.00348453
1996-11-14,0.00512346,0.00670316,0.00356849,0.00838703
1996-11-15,0.00329139,0.00204985,-0.00026237,-0.00677095
1996-11-18,-0.00068060,-0.00103681,-0.00414642,-0.00626643
1996-11-19,0.00524724,0.00752192,0.00006377,0.00713228
1996-11-20,0.00255614,0.00237849,0.00061728,0.00188873
1996-11-21,-0.00026298,-0.00134225,-0.00019230,-0.00534518
1996-11-22,0.00856540,0.00776662,0.00844880,0.01415953
1996-11-25,0.00801254,0.01154996,0.00557033,0.00575518
1996-11-26,-0.00141850,-0.00148351,-0.00203331,0.00155831
1996-11-27,-0.00103153,-0.00055475,0.00376585,0.00503160
1996-11-29,0.00271659,0.00275344,0.00544041,0.00388863
1996-12-02,0.00044160,-0.00052377,0.00120869,0.00702059
1996-12-03,-0.00586567,-0.01141277,0.00791782,0.00088094
1996-12-04,-0.00285267,-0.00332269,0.00108622,-0.00198910
1996-12-05,0.00224932,-0.00122359,0.00519842,0.00259824
1996-12-06,-0.00730215,-0.00656603,-0.00848648,-0.00935538
1996-12-09,0.01107497,0.01430891,0.01229932,0.02372227
1996-12-10,-0.00194656,-0.00331301,0.00232642,-0.00361268
1996-12-11,-0.01092899,-0.00868227,-0.00802686,-0.00161815
1996-12-12,-0.01196707,-0.01572058,0.00086432,-0.00859943
1996-12-13,-0.00020243,-0.00076968,-0.00454934,-0.01167312
1996-12-16,-0.00944316,-0.01098021,-0.00707037,-0.01965185
1996-12-17,0.00320855,0.00709044,-0.00316190,0.00484640
1996-12-18,0.00600459,0.00804181,0.00656974,0.01593072
1996-12-19,0.01390777,0.01911795,0.00560703,0.00886239
1996-12-20,0.00539450,0.00451363,-0.00193523,-0.00633193
1996-12-23,-0.00423318,-0.00273362,-0.00331342,-0.00719230
1996-12-24,0.00349750,0.00549428,0.00142907,0.00702250
1996-12-26,0.00648805,0.00660685,0.00324606,0.00617146
1996-12-27,0.00156723,0.00148909,0.00283732,-0.00263316
1996-12-30,-0.00199946,-0.00395169,-0.00008371,-0.00342517
1996-12-31,-0.01356674,-0.01681976,0.01006938,0.00212949
1997-01-02,-0.00697641,-0.00537342,-0.00394050,-0.00877336
1997-01-03,0.01177255,0.01495233,0.01173033,0.02423390
1997-01-06,-0.00267974,-0.00091719,0.00385464,0.00444671
1997-01-07,0.00715487,0.00782745,0.00644045,0.00942041
1997-01-08,-0.00427208,-0.00576394,0.00316036,-0.00625933
1997-01-09,0.00834674,0.00854452,0.00474033,0.00409193
1997-01-10,0.00495959,0.00605095,0.00210842,0.00486498
1997-01-13,0.00058235,0.00005620,0.00034918,-0.00148886
1997-01-14,0.00965812,0.01259063,0.00497156,0.01221153
1997-01-15,-0.00237189,-0.00171400,-0.00094264,-0.01010713
1997-01-16,0.00448004,0.00298325,0.00230459,0.00544546
1997-01-17,0.00628323,0.00809396,0.00416371,0.00734069
1997-01-20,-0.00117275,0.00142849,0.00491584,0.01178555
1997-01-21,0.00518986,0.00702255,0.00287420,0.00978885
1997-01-22,0.00070214,0.00522067,0.00306484,0.00774077
1997-01-23,-0.00666155,-0.01123902,0.00110310,-0.00590202
1997-01-24,-0.00705127,-0.00920186,-0.00599405,-0.01192353
1997-01-27,-0.00577504,-0.00659607,-0.00463427,-0.00849626
1997-01-28,-0.00119749,-0.00015974,0.00231629,0.00128412
1997-01-29,0.00556621,0.00993935,0.00077990,0.00060397
1997-01-30,0.01047861,0.01484178,0.00404271,0.01260626
1997-01-31,0.00148706,0.00333920,0.00408019,0.00771519
1997-02-03,0.00015772,0.00028799,0.00115469,-0.00235073
1997-02-04,0.00206681,0.00345265,-0.00181219,-0.00246317
1997-02-05,-0.01075381,-0.01410021,-0.00516857,-0.01917806
1997-02-06,0.00181815,0.00271070,0.00040975,-0.00087440
1997-02-07,0.00999563,0.01207582,0.00259776,0.00893465
1997-02-10,-0.00293637,-0.00550072,-0.00647442,-0.01875949
1997-02-11,0.00379818,0.00612690,-0.00297689,-0.00239905
1997-02-12,0.01458573,0.01661152,0.00728735,0.02109746
1997-02-13,0.00941806,0.01091714,0.00475387,0.00832900
1997-02-14,-0.00061743,-0.00334417,0.00124118,-0.00308327
1997-02-18,0.00784824,0.00999182,0.00144727,-0.00067871
1997-02-19,-0.00470176,-0.00455393,0.00043666,0.00030864
1997-02-20,-0.00808725,-0.01198635,-0.00706523,-0.01413651
1997-02-21,0.00042917,-0.00153640,-0.00067960,-0.01102038
1997-02-24,0.00752031,0.01091873,0.00097343,0.00925796
1997-02-25,0.00088324,0.00220896,0.00162073,0.00196157
1997-02-26,-0.00548830,-0.00780131,-0.00570285,-0.00512122
1997-02-27,-0.00863783,-0.01320886,-0.00457994,-0.02269252
1997-02-28,-0.00310728,-0.00474192,-0.00434184,-0.00207093
1997-03-03,0.00320160,0.00568793,-0.00062805,0.00202711
1997-03-04,-0.00152823,-0.00570938,0.00236131,0.00555485
1997-03-05,0.01208518,0.01415418,0.00605944,0.00969144
1997-03-06,-0.00297550,-0.00399488,-0.00065789,-0.01119115
1997-03-07,0.00783917,0.00815572,0.00097427,-0.00315752
1997-03-10,0.00787498,0.01066189,0.00386843,0.00836318
1997-03-11,-0.00124880,-0.00262025,-0.00046534,-0.00466923
1997-03-12,-0.00544262,-0.00830417,-0.00546402,-0.00935549
1997-03-13,-0.01419068,-0.01784592,-0.00998634,-0.00759278
1997-03-14,0.00666835,0.00430042,0.00052873,-0.00063357
1997-03-17,-0.00052808,0.00277955,-0.00874830,-0.01027958
1997-03-18,-0.00791873,-0.00763932,-0.00647223,-0.00727509
1997-03-19,-0.00522691,-0.00501215,-0.01323110,-0.01578885
1997-03-20,-0.00176764,-0.00373566,0.00461530,0.00908760
1997-03-21,0.00096198,0.00168277,-0.00001564,-0.00497314
1997-03-24,0.00573174,0.00903713,-0.00688620,-0.00912633
1997-03-25,-0.00340242,-0.00201964,0.00146066,0.00468210
1997-03-26,0.00183682,0.00178135,0.00483603,0.01788628
1997-03-27,-0.01982032,-0.02153976,-0.00702249,-0.01452098
1997-03-31,-0.01790288,-0.02183925,-0.01246234,-0.02278696
1997-04-01,-0.00048462,0.00371594,-0.00854481,-0.00441675
1997-04-02,-0.01058325,-0.01251902,-0.00825893,-0.01320591
1997-04-03,-0.00153906,0.00042274,-0.00232991,0.01126963
1997-04-04,0.00964665,0.01082133,0.01046953,0.01946640
1997-04-07,0.00568466,0.00598240,0.01052023,0.01254307
1997-04-08,0.00386595,0.00527645,0.00153511,0.00554326
1997-04-09,-0.00632920,-0.00750610,0.00133548,-0.00650943
1997-04-10,-0.00201196,-0.00326426,-0.00193594,-0.01156202
1997-04-11,-0.02498614,-0.02720119,-0.01432788,-0.02385193
1997-04-14,0.00298557,0.00814919,-0.00208950,0.00919250
1997-04-15,0.01273244,0.01476240,0.00191649,-0.00329157
1997-04-16,0.00949331,0.01189627,-0.00197249,-0.00237710
1997-04-17,-0.00211704,-0.00213945,0.00151147,0.00669140
1997-04-18,0.00286308,0.00579496,0.00057096,0.00480771
1997-04-21,-0.00968452,-0.00782674,-0.01038432,-0.01543986
1997-04-22,0.01119927,0.01880420,-0.00137432,0.00795071
1997-04-23,0.00192430,-0.00100331,-0.00039246,0.01281342
1997-04-24,-0.00230845,-0.00317578,0.00297068,0.00076690
1997-04-25,-0.00668723,-0.00766199,-0.00488263,-0.01582364
1997-04-28,0.00735645,0.01023941,-0.00087757,0.00697293
1997-04-29,0.02176382,0.02720960,0.00776678,0.02200985
1997-04-30,0.01026322,0.00953151,0.00464503,0.01499360
1997-05-01,0.00030696,-0.00325218,0.00835877,0.00804137
1997-05-02,0.01746888,0.01816164,0.01831269,0.02850175
1997-05-05,0.02063845,0.02128648,0.02074043,0.02757116
1997-05-06,-0.00171587,-0.00289901,0.00195907,-0.00878171
1997-05-07,-0.01016993,-0.01402763,0.00073825,-0.00428183
1997-05-08,0.00615040,0.00509047,0.00028305,0.00532550
1997-05-09,0.00392055,0.00617716,0.00774788,0.00308111
1997-05-12,0.01222557,0.01529323,0.00556146,0.00681418
1997-05-13,-0.00513530,-0.00525280,0.00075275,-0.00802511
1997-05-14,0.00374412,0.00385435,0.00432490,0.00193015
1997-05-15,0.00617161,0.00671514,0.00428400,0.01428582
1997-05-16,-0.00860615,-0.01359244,-0.00013747,-0.00998822
1997-05-19,0.00335202,0.00383312,0.00172926,0.00046987
1997-05-20,0.00639447,0.01038436,0.00456640,0.01802276
1997-05-21,-0.00279595,-0.00330714,0.00550710,0.00725500
1997-05-22,-0.00128280,-0.00364690,0.00296143,-0.00106224
1997-05-23,0.01173349,0.01320181,0.00975125,0.01325053
1997-05-27,0.00234100,0.00259012,0.00468264,0.01487328
1997-05-28,0.00036474,-0.00225680,0.00416767,0.00101114
1997-05-29,-0.00047937,-0.00352702,0.00239336,-0.00506063
1997-05-30,0.00710329,0.00534878,0.00424222,-0.00167321
1997-06-02,-0.00103668,-0.00249050,0.00587616,0.00329860
1997-06-03,-0.00044935,-0.00125088,-0.00070435,-0.01512318
1997-06-04,-0.00490033,-0.00583474,0.00234182,-0.00379771
1997-06-05,0.00447487,0.00400426,0.00471597,0.00768558
1997-06-06,0.01231634,0.01735437,0.00633673,0.01128204
1997-06-09,0.00427583,0.00563377,0.00201764,0.00569361
1997-06-10,0.00239895,0.00264413,-0.00211263,-0.00808734
1997-06-11,0.00358893,0.00513242,0.00075361,0.00467347
1997-06-12,0.01440833,0.01544668,0.00243395,0.00244840
1997-06-13,0.00771452,0.01142365,0.00170517,0.00889049
1997-06-16,0.00017224,0.00083764,0.00324076,0.00645464
1997-06-17,0.00016089,0.00066229,0.00178020,0.00857231
1997-06-18,-0.00272477,-0.00564838,-0.00073380,-0.00726102
1997-06-19,0.00897542,0.00989276,0.00697430,0.01067471
1997-06-20,-0.00032784,0.00059942,0.00236900,-0.00042020
1997-06-23,-0.01794555,-0.02230379,-0.00184976,-0.00884232
1997-06-24,0.01545522,0.02024642,0.00614182,0.01339474
1997-06-25,-0.00628152,-0.00835580,-0.00028162,-0.00470870
1997-06-26,-0.00446218,-0.00563029,0.00018181,-0.00684645
1997-06-27,0.00557473,0.00392703,0.00497570,0.00139709
1997-06-30,-0.00325911,-0.00281858,0.00960314,0.00367510
1997-07-01,0.00672349,0.00688422,-0.00090405,-0.00268811
1997-07-02,0.01280482,0.01425264,0.00208050,0.01202055
1997-07-03,0.01072643,0.01460898,0.00435171,0.00850458
1997-07-07,-0.00451822,-0.00498881,0.00041982,0.00213193
1997-07-08,0.00786054,0.00761031,0.00609528,0.01051811
1997-07-09,-0.00893026,-0.01140670,-0.00057557,0.00094837
1997-07-10,0.00804002,0.00641109,0.00487346,0.00279004
1997-07-11,0.00491772,0.00326120,0.00785935,0.00786010
1997-07-14,-0.00052396,0.00192784,0.00445764,0.01448271
1997-07-15,0.00587505,0.00835082,0.00891229,0.01227324
1997-07-16,0.00874104,0.01176972,0.00605594,0.02564784
1997-07-17,-0.00394488,-0.00542715,-0.00289588,-0.00711532
1997-07-18,-0.01272142,-0.01674854,-0.00279865,-0.01348685
1997-07-21,-0.00384760,-0.00338270,-0.00216027,-0.00778401
1997-07-22,0.01887008,0.02372986,0.00625336,0.01853621
1997-07-23,0.00345002,0.00261419,0.00391781,0.00253222
1997-07-24,0.00457895,0.00422604,0.00270460,0.00012692
1997-07-25,-0.00192048,-0.00179277,0.00239703,0.00033015
1997-07-28,0.00062010,-0.00261053,0.00187685,-0.00375134
1997-07-29,0.00674433,0.00635151,0.00186690,0.00618398
1997-07-30,0.01027738,0.01106094,0.00572754,0.01048604
1997-07-31,0.00251452,0.00184410,0.00377393,0.00413636
1997-08-01,-0.00612482,-0.00711974,0.00185543,0.00085771
1997-08-04,0.00311544,0.00327436,0.00260169,0.00732781
1997-08-05,0.00363515,0.00220092,0.00687704,0.01032323
1997-08-06,0.00926442,0.00795656,0.00682329,0.00546993
1997-08-07,-0.00552052,-0.00847999,0.00150588,-0.00312279
1997-08-08,-0.01693632,-0.01878450,-0.00896585,-0.01731937
1997-08-11,0.00648569,0.00379333,-0.00218459,-0.00717608
1997-08-12,-0.00854088,-0.01153577,-0.00140058,-0.00666147
1997-08-13,-0.00264061,-0.00390475,0.00195717,0.00469206
1997-08-14,0.00170840,0.00328053,0.00117219,0.00224315
1997-08-15,-0.01856394,-0.02523860,-0.00372711,-0.01604736
1997-08-18,0.00617059,0.01216947,-0.00033105,0.00565128
1997-08-19,0.01308864,0.01446661,0.00845213,0.02084113
1997-08-20,0.01263445,0.01470509,0.01038161,0.01748087
1997-08-21,-0.01307065,-0.01459757,-0.00113094,-0.01361794
1997-08-22,-0.00073328,-0.00195241,-0.00311634,-0.00504928
1997-08-25,0.00135909,-0.00351025,0.00630751,0.00190892
1997-08-26,-0.00456436,-0.00803746,0.00214261,-0.00623665
1997-08-27,0.00072255,0.00111377,0.00630635,0.00324891
1997-08-28,-0.00590511,-0.01068211,0.00130209,-0.00904220
1997-08-29,-0.00330574,-0.00421236,0.00288358,0.00407512
1997-09-02,0.02223858,0.02997172,0.01273759,0.02007730
1997-09-03,0.00213739,0.00101369,0.00349482,0.00027135
1997-09-04,0.00239246,0.00304898,0.00487096,0.00431688
1997-09-05,-0.00121697,-0.00168927,0.00737735,0.00704881
1997-09-08,0.00270747,0.00241218,0.00618089,0.00588883
1997-09-09,0.00239676,0.00266966,0.00576694,0.00648840
1997-09-10,-0.01073935,-0.01532156,0.00170128,-0.01070727
1997-09-11,-0.00666548,-0.00746267,0.00054921,0.00028473
1997-09-12,0.01152224,0.01275518,0.00808506,0.00583181
1997-09-15,-0.00040362,-0.00423243,0.00186268,-0.00979048
1997-09-16,0.02150203,0.02751935,0.00686116,0.02199168
1997-09-17,-0.00157884,-0.00205061,0.00298063,-0.00129293
1997-09-18,0.00651166,0.00429272,0.00477310,0.00196240
1997-09-19,0.00090753,0.00341985,0.00544003,0.00652181
1997-09-22,0.00303802,0.00539301,0.00634017,0.00530033
1997-09-23,-0.00508078,-0.00331893,0.00258907,0.00470464
1997-09-24,-0.00513607,-0.00764712,0.00144187,-0.00837079
1997-09-25,-0.00473454,-0.00721143,0.00067762,-0.00482901
1997-09-26,0.00522295,0.00780273,0.00339954,0.00122141
1997-09-29,0.00822945,0.00842701,0.00391241,0.00806202
1997-09-30,-0.00186501,-0.00635407,0.00475849,-0.00597275
1997-10-01,0.00565457,0.00785582,0.00229644,0.00302980
1997-10-02,0.00451699,0.00557700,0.00489590,0.00762685
1997-10-03,0.00333574,0.00484491,0.00624298,0.00817018
1997-10-06,0.00541209,0.00743170,0.00573558,0.00384227
1997-10-07,0.00644097,0.01073166,0.00555816,0.00942866
1997-10-08,-0.00938527,-0.00814681,0.00219734,0.00340156
1997-10-09,-0.00042662,-0.00345671,0.00428653,0.00275733
1997-10-10,-0.00131242,-0.00355388,0.00301352,-0.00405241
1997-10-13,0.00120995,0.00113207,0.00340007,0.00155599
1997-10-14,0.00106421,0.00174045,-0.00185888,-0.00503827
1997-10-15,-0.00287142,-0.00420301,-0.00049683,-0.00564217
1997-10-16,-0.00917810,-0.01086454,-0.00831387,-0.01410502
1997-10-17,-0.01133444,-0.01127498,-0.01536946,-0.01956750
1997-10-20,0.01123849,0.01175466,0.00776445,0.01144738
1997-10-21,0.01374573,0.01794289,0.00966870,0.01641094
1997-10-22,-0.00367231,-0.00382668,0.00170276,-0.00326375
1997-10-23,-0.01697099,-0.01802338,-0.01817746,-0.02161255
1997-10-24,-0.00667244,-0.00928090,-0.00262706,-0.01193789
1997-10-27,-0.06566509,-0.06727860,-0.05914339,-0.07116353
1997-10-28,0.03736569,0.04904647,0.01840709,0.04706537
1997-10-29,0.00011495,-0.00275901,0.01214805,-0.00030139
1997-10-30,-0.01411503,-0.01647269,-0.01088854,-0.02075984
1997-10-31,0.01080138,0.01239722,0.01187421,0.01528294
1997-11-03,0.02261238,0.02560717,0.01372961,0.02315533
1997-11-04,0.00284584,0.00230754,0.00051196,0.00013219
1997-11-05,0.00359954,0.00263846,0.00567741,0.00358561
1997-11-06,-0.00271874,-0.00492071,-0.00189752,-0.00851449
1997-11-07,-0.01436783,-0.01117991,-0.01429274,-0.01242207
1997-11-10,-0.00293244,-0.00666005,-0.00005572,-0.00781757
1997-11-11,0.00079570,0.00265222,-0.00268550,-0.00335095
1997-11-12,-0.01742929,-0.01918326,-0.01921114,-0.02754255
1997-11-13,0.00592971,0.01188899,-0.00131735,0.01115322
1997-11-14,0.01078164,0.01306046,0.00818010,0.01756540
1997-11-17,0.01735348,0.01909802,0.01220030,0.01972363
1997-11-18,-0.00858039,-0.00809886,-0.00409771,-0.00891698
1997-11-19,0.00392313,0.00714797,0.00003269,0.00087858
1997-11-20,0.01429315,0.01462385,0.00658315,0.01635952
1997-11-21,0.00162477,0.00445041,-0.00053455,-0.00385409
1997-11-24,-0.01400550,-0.01697071,-0.01272057,-0.02083032
1997-11-25,0.00355921,0.00482177,-0.00264577,0.00226940
1997-11-26,0.00099494,0.00115717,0.00219621,0.00447672
1997-11-28,0.00410936,0.00432761,0.00252188,0.00400428
1997-12-01,0.01512897,0.02014673,0.00587305,0.01994973
1997-12-02,-0.00170538,-0.00301071,-0.00597430,-0.01558014
1997-12-03,0.00138763,0.00573445,0.00063643,0.00614312
1997-12-04,-0.00356090,-0.00344438,0.00255847,-0.00120810
1997-12-05,0.00924542,0.01030774,0.00531692,0.01341395
1997-12-08,0.00032877,-0.00137440,0.00651887,0.01104522
1997-12-09,-0.00673897,-0.00665391,-0.00669693,-0.01820979
1997-12-10,-0.00793236,-0.00637324,-0.01111577,-0.01437426
1997-12-11,-0.01430431,-0.01503701,-0.01712036,-0.02446628
1997-12-12,-0.00237198,-0.00141978,-0.00521779,-0.01416623
1997-12-15,0.00787162,0.01008411,-0.00503313,0.00060811
1997-12-16,0.00292676,0.00469063,0.00693823,0.01218182
1997-12-17,0.00172255,-0.00276335,0.00257390,-0.00444069
1997-12-18,-0.01151638,-0.01028443,-0.01020326,-0.01565194
1997-12-19,-0.00806056,-0.00861697,-0.00143342,0.00223584
1997-12-22,0.00776801,0.00725894,0.00209606,0.00560329
1997-12-23,-0.01116351,-0.01492112,-0.00133345,-0.01509433
1997-12-24,-0.00483579,-0.00688557,-0.00069902,-0.00738102
1997-12-26,0.00237338,0.00386928,0.00211514,0.00862286
1997-12-29,0.01434435,0.01799507,0.00520638,0.01823409
1997-12-30,0.01901291,0.01851753,0.01360632,0.01876081
1997-12-31,0.00539007,-0.00010836,0.01506776,0.00222864
1998-01-02,0.00313933,0.00437496,0.00242156,0.00651548
1998-01-05,-0.00006610,0.00236429,0.00635874,0.00784759
1998-01-06,-0.00876794,-0.01034536,-0.00413266,-0.00898075
1998-01-07,-0.00392210,-0.00228829,-0.00567478,-0.01214335
1998-01-08,-0.00905073,-0.00816149,-0.00338590,-0.00353903
1998-01-09,-0.03210657,-0.02988618,-0.02415959,-0.03410218
1998-01-12,0.00754316,0.01275742,-0.00931010,0.00385511
1998-01-13,0.01504944,0.01405824,0.01710826,0.02367470
1998-01-14,0.00504615,0.00567723,0.00610568,0.00396027
1998-01-15,-0.00563417,-0.00734984,-0.00020747,-0.00063926
1998-01-16,0.01227480,0.01160291,0.00740834,0.00997773
1998-01-20,0.01406903,0.01767608,0.01054037,0.01768170
1998-01-21,-0.00664696,-0.00784731,-0.00142982,-0.00139411
1998-01-22,-0.00787250,-0.00783006,-0.00508789,-0.00741496
1998-01-23,-0.00477904,-0.00581616,-0.00086366,-0.00022125
1998-01-26,-0.00006833,-0.00023516,-0.00676280,-0.00913495
1998-01-27,0.00749913,0.01218943,0.00175833,0.01104845
1998-01-28,0.01099066,0.00905096,0.00898483,0.02123718
1998-01-29,0.00711987,0.00853672,0.00510553,0.00634307
1998-01-30,-0.00382590,-0.00482938,0.00178127,-0.00016573
1998-02-02,0.02076090,0.02079830,0.00774675,0.02077995
1998-02-03,0.00548734,0.00487445,0.00496987,0.00885419
1998-02-04,0.00231128,0.00087474,0.00641784,0.00889042
1998-02-05,-0.00077135,-0.00291274,0.00434054,-0.00281022
1998-02-06,0.00845730,0.00923506,0.00467340,0.01100025
1998-02-09,0.00048393,-0.00156567,0.00324686,-0.00229390
1998-02-10,0.00879189,0.00803857,0.00797800,0.01168553
1998-02-11,0.00101454,0.00134781,0.00171840,-0.00010537
1998-02-12,0.00460364,0.00436687,0.00106333,0.00319971
1998-02-13,-0.00195827,-0.00383260,0.00426901,-0.00242053
1998-02-17,0.00341059,0.00274863,0.00041822,-0.00455693
1998-02-18,0.00700373,0.00919503,0.00203095,0.00729750
1998-02-19,-0.00343362,-0.00327992,0.00259895,0.00699859
1998-02-20,0.00432208,0.00535971,0.00105659,0.00073021
1998-02-23,0.00132209,0.00448482,0.00522359,0.01445041
1998-02-24,-0.00722950,-0.00762882,-0.00175615,-0.00774862
1998-02-25,0.01142397,0.01206161,0.00746333,0.01657041
1998-02-26,0.00933256,0.00531642,0.00571840,0.00604411
1998-02-27,0.00091064,0.00054526,0.00291487,-0.00395680
1998-03-02,0.00081517,-0.00190736,-0.00065790,-0.00751941
1998-03-03,0.00465718,0.00425408,0.00112695,-0.00022379
1998-03-04,-0.00182680,-0.00543851,0.00197326,0.00182497
1998-03-05,-0.00842257,-0.01033817,-0.00884863,-0.02788055
1998-03-06,0.01629686,0.01973463,0.01363796,0.02454421
1998-03-09,-0.00147852,-0.00233469,-0.00355542,-0.01697118
1998-03-10,0.01139343,0.01121718,0.00577101,0.01363400
1998-03-11,0.00379902,0.00439032,0.00565801,0.00490669
1998-03-12,0.00172483,0.00138825,0.00376495,0.00439143
1998-03-13,-0.00055929,-0.00127196,0.00354145,0.00413443
1998-03-16,0.00853125,0.00973433,0.00589704,0.00892128
1998-03-17,0.00093044,0.00147775,-0.00135932,-0.00525770
1998-03-18,0.00381299,0.00495613,0.00311957,0.00529981
1998-03-19,0.00341392,0.00363230,0.00488664,0.00740092
1998-03-20,0.00419755,0.00817944,0.00147939,-0.00647175
1998-03-23,-0.00120328,-0.00375630,-0.00104785,0.00229201
1998-03-24,0.00735389,0.00954302,0.00556424,0.01171794
1998-03-25,-0.00329512,-0.00312703,0.00038587,0.00751876
1998-03-26,-0.00058066,-0.00099582,0.00285874,0.00203937
1998-03-27,-0.00412676,-0.00468122,0.00202263,-0.00268838
1998-03-30,-0.00333615,-0.00183771,-0.00013734,-0.00312601
1998-03-31,0.00722093,0.00782741,0.00887622,0.01049477
1998-04-01,0.00492986,0.00574644,0.00610512,0.00683213
1998-04-02,0.00842886,0.01043869,0.00304268,0.00280208
1998-04-03,0.00075677,0.00258043,0.00124115,0.00091444
1998-04-06,-0.00348917,-0.00152145,-0.00505417,-0.01519512
1998-04-07,-0.00968461,-0.00970486,-0.01242577,-0.01701359
1998-04-08,-0.00421278,-0.00689483,0.00473529,0.00509450
1998-04-09,0.00684725,0.00804726,0.00860581,0.00735506
1998-04-13,-0.00029929,-0.00055956,0.00041941,0.00277985
1998-04-14,0.00928613,0.00560686,0.00796563,0.01008617
1998-04-15,0.00552522,0.00301830,0.00655752,0.01138574
1998-04-16,-0.00927249,-0.00954228,0.00036486,-0.00261420
1998-04-17,0.00859696,0.01315669,0.00446386,0.00405120
1998-04-20,-0.00165432,0.00118809,0.00684100,0.01112754
1998-04-21,0.00300823,0.00236851,0.00626891,0.00897349
1998-04-22,0.00191718,0.00446217,0.00028891,0.00798915
1998-04-23,-0.01026149,-0.01028413,-0.00987014,-0.01926809
1998-04-24,-0.01127657,-0.01024638,-0.00498053,-0.00717631
1998-04-27,-0.02053652,-0.01945609,-0.02199069,-0.02670777
1998-04-28,0.00112144,-0.00138466,0.00911643,0.00686335
1998-04-29,0.01000983,0.00891534,0.00738351,0.01172138
1998-04-30,0.01502004,0.01608355,0.00998437,0.00918799
1998-05-01,0.00527372,0.00728179,0.00169841,0.00275519
1998-05-04,0.00130965,0.00142750,0.00272140,0.00260803
1998-05-05,-0.00418782,-0.00565177,-0.00436702,-0.00804142
1998-05-06,-0.00757609,-0.00918590,-0.00281592,-0.00501514
1998-05-07,-0.00746380,-0.00883831,-0.00494210,-0.01153249
1998-05-08,0.00912189,0.01189116,0.00615080,0.01679685
1998-05-11,-0.00024405,-0.00092904,-0.00447455,-0.00953081
1998-05-12,0.00476880,0.00802458,-0.00192747,0.00684917
1998-05-13,0.00235532,0.00318256,0.00133099,0.00391839
1998-05-14,-0.00108104,-0.00159358,-0.00209636,-0.00032952
1998-05-15,-0.00760185,-0.00780683,-0.00528378,-0.01078237
1998-05-18,-0.00535466,-0.00242479,-0.00935249,-0.00809276
1998-05-19,0.00255014,0.00366607,0.00324677,0.00854836
1998-05-20,0.00522962,0.00839387,-0.00255710,-0.00843794
1998-05-21,-0.00216941,-0.00375302,-0.00290237,-0.00631564
1998-05-22,-0.00437293,-0.00402460,-0.00474518,-0.00958523
1998-05-26,-0.01454262,-0.01495096,-0.01543270,-0.01544929
1998-05-27,-0.00614936,-0.00094044,-0.01356056,-0.00218379
1998-05-28,0.00762059,0.00445807,0.00923588,0.00815413
1998-05-29,-0.00251654,-0.00578179,0.00135011,-0.00949756
1998-06-01,-0.00085193,-0.00024330,-0.01298644,-0.01816464
1998-06-02,0.00065655,0.00238921,-0.00157051,0.00873582
1998-06-03,-0.00701517,-0.00968484,-0.00191828,-0.01132999
1998-06-04,0.00791459,0.01120539,0.00362051,0.01655722
1998-06-05,0.01313282,0.01742101,0.00410270,0.00745552
1998-06-08,0.00332606,0.00211322,0.00230989,0.00241810
1998-06-09,0.00028034,0.00271547,0.00061786,0.00763491
1998-06-10,-0.00847590,-0.00556704,-0.01047895,-0.01496755
1998-06-11,-0.01562175,-0.01530298,-0.01223171,-0.01243894
1998-06-12,-0.00196908,0.00340819,-0.00655427,-0.00161725
1998-06-15,-0.01831794,-0.01981498,-0.01734966,-0.01568761
1998-06-16,0.00792533,0.00987386,0.00877148,0.02257980
1998-06-17,0.01590978,0.01788970,0.01046823,0.01341738
1998-06-18,-0.00386602,-0.00008600,-0.00203044,-0.00106251
1998-06-19,-0.00615906,-0.00509093,-0.00198474,0.00525314
1998-06-22,0.00225236,0.00255880,0.00340140,0.01425152
1998-06-23,0.00934340,0.01456257,0.00720125,0.02224944
1998-06-24,0.00911223,0.01211878,0.00725884,0.01851238
1998-06-25,-0.00209269,-0.00326083,0.00043749,-0.00822651
1998-06-26,0.00332160,0.00395077,0.00063874,0.00392620
1998-06-29,0.00324786,0.00449391,0.00401304,0.01184841
1998-06-30,-0.00047080,-0.00382913,0.00624414,0.00248977
1998-07-01,0.01218339,0.01260711,0.00344665,0.01062791
1998-07-02,-0.00382969,-0.00165449,-0.00310441,-0.01109822
1998-07-06,0.00673572,0.00975313,0.00275651,0.00801030
1998-07-07,-0.00325092,-0.00156632,-0.00317878,-0.00109737
1998-07-08,0.00724751,0.01025360,0.00346074,0.01468380
1998-07-09,-0.00956367,-0.00651216,0.00132673,0.00277580
1998-07-10,0.00101206,0.00517736,-0.00066135,0.00185363
1998-07-13,-0.00327821,0.00105266,0.00003351,0.01204584
1998-07-14,0.00923783,0.01056529,0.00259979,0.00143347
1998-07-15,-0.00210605,-0.00251496,0.00617296,0.01393236
1998-07-16,0.00659361,0.00765366,0.00252668,0.00343447
1998-07-17,-0.00071209,0.00237183,0.00138624,0.00454261
1998-07-20,-0.00329777,-0.00193642,0.00097125,0.00288989
1998-07-21,-0.01296384,-0.01673976,-0.00758891,-0.01760227
1998-07-22,-0.00272885,-0.00025781,-0.00826940,-0.00424122
1998-07-23,-0.01941985,-0.02078907,-0.01443468,-0.01788147
1998-07-24,-0.00718273,0.00062286,-0.00395302,-0.00298645
1998-07-27,0.00113592,0.00558121,-0.01065549,0.00292422
1998-07-28,-0.01139772,-0.01465974,-0.01023909,-0.01970451
1998-07-29,-0.00370407,-0.00454337,-0.00379178,-0.00802844
1998-07-30,0.01222668,0.01577056,0.00523169,0.02126707
1998-07-31,-0.01760593,-0.01904167,-0.01465498,-0.02521984
1998-08-03,-0.00579500,-0.00728651,-0.01479655,-0.01116058
1998-08-04,-0.03195256,-0.03654128,-0.02768128,-0.03588468
1998-08-05,0.00409378,0.00915233,-0.00767999,0.00169807
1998-08-06,0.00805075,0.00882889,0.01491334,0.02411767
1998-08-07,0.00545663,-0.00130870,0.01566555,0.01007119
1998-08-10,-0.00789859,-0.00496153,-0.00390848,-0.00360388
1998-08-11,-0.01698065,-0.01336694,-0.02301658,-0.02473689
1998-08-12,0.01786849,0.01476425,0.01267622,0.01886571
1998-08-13,-0.00935536,-0.00832424,-0.00867013,-0.01198493
1998-08-14,-0.01061542,-0.01098143,-0.00332868,-0.00707007
1998-08-17,0.01286906,0.01966678,-0.00043017,0.01610781
1998-08-18,0.01516662,0.01608376,0.01016703,0.02099925
1998-08-19,-0.00374090,-0.00304649,-0.00668387,-0.00661828
1998-08-20,-0.00353598,-0.00537120,-0.00872840,-0.00541515
1998-08-21,-0.01249680,-0.00936350,-0.01393313,-0.01900214
1998-08-24,0.00364510,0.00640394,-0.00577712,-0.00335482
1998-08-25,0.00050369,0.00420304,-0.00598111,0.00484362
1998-08-26,-0.01586605,-0.00732108,-0.02223074,-0.01625275
1998-08-27,-0.03919120,-0.03829545,-0.03684282,-0.04482571
1998-08-28,-0.01290397,-0.01506166,-0.01851812,-0.02949496
1998-08-31,-0.05441156,-0.06793964,-0.05839327,-0.08694618
1998-09-01,0.03126936,0.03867635,0.02350344,0.05313083
1998-09-02,0.00053054,-0.00456459,0.01467609,0.01099240
1998-09-03,-0.00821184,-0.00863048,-0.01441325,-0.01267343
1998-09-04,-0.00219298,-0.00893589,-0.00073266,-0.00399640
1998-09-08,0.04427660,0.05061635,0.03488234,0.06098914
1998-09-09,-0.01606250,-0.01682865,-0.01556188,-0.02164955
1998-09-10,-0.02288851,-0.02547376,-0.02073319,-0.02392124
1998-09-11,0.02447198,0.02840001,0.01962693,0.03721088
1998-09-14,0.02148983,0.02110556,0.01133250,0.01576725
1998-09-15,0.00802225,0.00841370,0.00125482,0.00857329
1998-09-16,0.01009301,0.00777684,0.00818716,0.00817529
1998-09-17,-0.02106780,-0.02541156,-0.01345752,-0.02581029
1998-09-18,0.00241615,0.00171921,0.01212541,0.01142423
1998-09-21,-0.00083153,0.00352210,-0.00177209,0.01105867
1998-09-22,0.00508053,0.00620334,0.01209566,0.01084267
1998-09-23,0.02983995,0.03437353,0.01976085,0.03704042
1998-09-24,-0.01824918,-0.02129428,-0.00925750,-0.02249053
1998-09-25,-0.00013302,0.00156900,-0.00079008,0.01471985
1998-09-28,0.00379314,0.00447922,-0.00055445,-0.00264611
1998-09-29,-0.00266451,0.00005582,-0.00663419,-0.00231891
1998-09-30,-0.02860384,-0.02955603,-0.00308573,-0.02268272
1998-10-01,-0.03047995,-0.03163057,-0.03332732,-0.04884391
1998-10-02,0.01927817,0.01650399,-0.00091671,0.00200349
1998-10-05,-0.01455829,-0.01458660,-0.03155652,-0.04908550
1998-10-06,-0.00308970,-0.00436841,-0.01010976,-0.01699712
1998-10-07,-0.01246058,-0.01402900,-0.03172243,-0.03275735
1998-10-08,-0.01593655,-0.01116393,-0.03904693,-0.02874872
1998-10-09,0.02259738,0.02544063,0.02679796,0.05479778
1998-10-12,0.01460631,0.01419933,0.02433255,0.03588502
1998-10-13,-0.00391337,-0.00421380,-0.01047716,-0.02433548
1998-10-14,0.00968176,0.01226862,0.01070666,0.02189926
1998-10-15,0.04026867,0.04213904,0.03014281,0.04665723
1998-10-16,0.01643459,0.00866916,0.01651909,0.00662131
1998-10-19,0.01082422,0.00508175,0.02285321,0.01831396
1998-10-20,0.00792051,0.00066375,0.01436988,-0.00663404
1998-10-21,0.00026689,0.00676819,0.00801653,0.02216629
1998-10-22,0.00509565,0.00768851,0.01733814,0.01721416
1998-10-23,-0.01030568,-0.00745349,0.00742996,-0.00634200
1998-10-26,0.00164474,0.00191960,0.01264024,0.01924106
1998-10-27,-0.00326038,-0.00610377,0.00337185,-0.00584828
1998-10-28,-0.00079472,0.00273506,0.00432220,0.01258366
1998-10-29,0.01761083,0.01687707,0.00892325,0.01111419
1998-10-30,0.01665499,0.01174264,0.00980969,0.00736243
1998-11-02,0.01622296,0.01184230,0.01937861,0.01640705
1998-11-03,0.00158456,-0.00103576,0.00499058,-0.00751363
1998-11-04,0.01274737,0.00712589,0.01201670,0.02028626
1998-11-05,0.01492874,0.01427590,0.00887244,0.00818969
1998-11-06,0.00510484,0.00646993,0.01152929,0.01130265
1998-11-09,-0.00884132,-0.00944537,0.00086173,0.00336546
1998-11-10,-0.00729155,-0.00098303,0.00027848,0.00241960
1998-11-11,-0.00832466,-0.00652862,-0.00128609,-0.00113627
1998-11-12,0.00044684,-0.00335985,-0.00272415,-0.00584682
1998-11-13,0.00713511,0.00741391,-0.00131075,-0.00192991
1998-11-16,0.00576443,0.00906363,0.00431699,0.00732165
1998-11-17,0.00044026,0.00343687,-0.00295800,0.00964539
1998-11-18,0.00094421,0.00464057,0.00618244,0.01012841
1998-11-19,0.00491789,0.00743667,0.00436304,0.01131136
1998-11-20,0.00744779,0.00944197,0.00418082,0.00457741
1998-11-23,0.01786562,0.02167590,0.00953810,0.02629542
1998-11-24,-0.00281812,-0.00438020,-0.00227589,-0.00557912
1998-11-25,0.00128892,0.00367752,0.00835966,0.00995127
1998-11-27,0.00246369,0.00461251,0.01359785,0.01656314
1998-11-30,-0.02115851,-0.02375702,-0.01520498,-0.03466943
1998-12-01,0.00477304,0.00983627,0.00169387,0.03020602
1998-12-02,-0.00206562,-0.00229790,-0.00013819,-0.00443247
1998-12-03,-0.01423762,-0.01794285,-0.00683534,-0.02121089
1998-12-04,0.01699745,0.02312938,0.00673868,0.02567777
1998-12-07,0.00777414,0.00936757,0.00420767,0.01943069
1998-12-08,-0.00761780,-0.00530358,-0.00138951,-0.00259284
1998-12-09,0.00111327,0.00129650,0.00293383,0.00833265
1998-12-10,-0.01554367,-0.01538023,-0.00764161,-0.01579221
1998-12-11,-0.00355665,0.00073799,-0.00230857,0.00799561
1998-12-14,-0.01702138,-0.02134069,-0.01684161,-0.03134944
1998-12-15,0.00833123,0.01891599,0.00566316,0.02372349
1998-12-16,-0.00070038,-0.00146056,0.00025305,-0.00123213
1998-12-17,0.01352012,0.01647228,0.00804317,0.01770588
1998-12-18,0.00125050,0.00684082,0.00914108,0.02218911
1998-12-21,0.00804447,0.01287093,0.00571517,0.02628393
1998-12-22,-0.00197350,0.00043412,-0.00156535,-0.00820736
1998-12-23,0.01524077,0.02065727,0.00967070,0.02512900
1998-12-24,0.00030940,-0.00173900,0.00526271,-0.00476551
1998-12-28,-0.00208536,-0.00077964,0.00693034,0.00872095
1998-12-29,0.01228110,0.01364254,0.00575968,0.00080384
1998-12-30,-0.00267419,-0.00759287,0.00015953,-0.00760606
1998-12-31,0.00572790,-0.00164368,0.02245146,0.01166119
1999-01-04,0.00164584,-0.00144286,-0.00019994,0.00600058
1999-01-05,0.01273633,0.01362232,0.00639867,0.01920959
1999-01-06,0.02192326,0.02251937,0.01481792,0.03123376
1999-01-07,-0.00410461,-0.00120449,0.00451854,0.00304724
1999-01-08,0.00889590,0.00418336,0.01002223,0.00814487
1999-01-11,-0.00627250,-0.00848568,0.01125822,0.01810334
1999-01-12,-0.01684382,-0.01949423,-0.00799518,-0.02672069
1999-01-13,-0.00837806,-0.00415984,-0.00851555,-0.00145937
1999-01-14,-0.01796253,-0.01781349,-0.00131292,-0.01775119
1999-01-15,0.02346822,0.02524183,0.01321310,0.03166442
1999-01-19,-0.00111998,0.00734308,0.00919105,0.02635471
1999-01-20,-0.00213538,0.00397090,0.00146762,0.00306069
1999-01-21,-0.01025228,-0.01779321,-0.01039616,-0.02983081
1999-01-22,-0.00836058,-0.00790502,-0.00143305,-0.00215933
1999-01-25,0.00604609,0.00805716,0.00166232,0.01342973
1999-01-26,0.00406971,0.01567947,0.00640250,0.02760889
1999-01-27,-0.00982418,-0.00732584,-0.00639715,-0.01100178
1999-01-28,0.01002747,0.01789498,0.00806094,0.03012743
1999-01-29,0.00927693,0.01156988,0.00803167,0.01157541
1999-02-01,-0.00282869,-0.00542246,-0.00317904,0.00121176
1999-02-02,-0.00723553,-0.00868817,-0.00831448,-0.01874129
1999-02-03,0.00866780,0.00818832,0.00945740,0.01214220
1999-02-04,-0.00764950,-0.01873850,-0.00617087,-0.03510094
1999-02-05,-0.00087052,-0.00782958,-0.01010589,-0.01581686
1999-02-08,0.00227563,0.00341343,-0.00228876,0.01354349
1999-02-09,-0.01753083,-0.02231142,-0.01779906,-0.03973618
1999-02-10,0.00165514,0.00646983,-0.00599613,0.00019760
1999-02-11,0.01384804,0.02513775,0.01315215,0.04308807
1999-02-12,-0.01400414,-0.01872640,-0.01071390,-0.03590409
1999-02-16,0.00555031,0.00915825,-0.00514339,-0.00341707
1999-02-17,-0.01241774,-0.01352872,-0.01399303,-0.02872160
1999-02-18,0.01030362,0.01053934,0.00142227,0.00550229
1999-02-19,0.00201295,0.00177171,0.00438482,0.01011589
1999-02-22,0.02214591,0.02629522,0.00745012,0.02602624
1999-02-23,-0.00344589,-0.00024917,0.00413410,0.01591655
1999-02-24,-0.01002215,-0.01432231,-0.00636529,-0.01653380
1999-02-25,-0.00727351,-0.00676936,-0.00406910,-0.00538013
1999-02-26,-0.00186206,-0.00543439,-0.00070188,-0.01701893
1999-03-01,-0.00064150,-0.00132843,0.00222974,0.00388368
1999-03-02,-0.00443510,-0.00853737,-0.00244657,-0.01640273
1999-03-03,-0.00006136,0.00178993,-0.00572327,0.00312792
1999-03-04,0.01267958,0.01510815,0.00200425,0.01227013
1999-03-05,0.01711162,0.02294309,0.00575036,0.01954168
1999-03-08,0.00198850,0.00593377,0.00325985,0.02698230
1999-03-09,-0.00577897,-0.00202633,-0.00322257,-0.00217854
1999-03-10,0.00849871,0.00514228,0.00475878,0.00546453
1999-03-11,0.00661053,0.00845727,0.00134583,0.00175117
1999-03-12,-0.00033283,-0.00274090,-0.00320324,-0.01402592
1999-03-15,0.00578848,0.01032237,0.00372875,0.02125752
1999-03-16,-0.00181911,-0.00068460,-0.00286030,0.00445095
1999-03-17,-0.00150122,-0.00689212,-0.00059817,-0.00327422
1999-03-18,0.01171667,0.01437755,0.00451398,0.01464514
1999-03-19,-0.00884431,-0.01322053,-0.00755098,-0.01770404
1999-03-22,-0.00293421,-0.00223817,-0.00475273,-0.01075253
1999-03-23,-0.02429196,-0.02644123,-0.01736749,-0.03070343
1999-03-24,0.00523410,0.00503767,0.00183399,0.01943537
1999-03-25,0.01282133,0.01691950,0.01498060,0.02979375
1999-03-26,-0.00484012,-0.00572670,0.00173086,-0.00658660
1999-03-29,0.01425347,0.02072138,0.00881070,0.03173442
1999-03-30,-0.01210856,-0.00618839,-0.00274910,-0.00504201
1999-03-31,-0.00626686,-0.01133702,0.00121672,-0.00899330
1999-04-01,0.00408562,0.00570178,0.00298104,0.01340465
1999-04-05,0.01398971,0.02085301,0.00156732,0.02860440
1999-04-06,-0.00681933,-0.00225365,-0.00391080,0.00189680
1999-04-07,0.00201423,0.00693122,-0.00168417,-0.00792118
1999-04-08,0.01132449,0.01358769,0.00627429,0.01110129
1999-04-09,0.00380403,0.00282908,0.01086096,0.00767827
1999-04-12,0.01005653,0.00770782,0.01023101,0.00201703
1999-04-13,-0.00199789,-0.00658457,0.01437997,-0.00639629
1999-04-14,0.00722116,-0.01549531,-0.00369065,-0.03112820
1999-04-15,0.01274376,-0.00435699,0.00072440,0.00596903
1999-04-16,0.00709825,-0.00450769,0.00630132,-0.01585328
1999-04-19,0.00379730,-0.02219827,-0.02229680,-0.05806159
1999-04-20,-0.00135721,0.01367116,0.00626377,0.02937179
1999-04-21,0.01288414,0.02444899,0.02040916,0.03424182
1999-04-22,0.00647195,0.01466555,0.00893602,0.03006995
1999-04-23,0.00125803,-0.00026418,0.00633133,0.01183783
1999-04-26,-0.00149353,0.00260931,0.00903560,0.02387542
1999-04-27,0.00776189,0.00160050,0.00169982,-0.02036383
1999-04-28,0.00500252,-0.00910797,-0.00217568,-0.02027590
1999-04-29,0.00202847,-0.00561251,0.00057714,-0.00855134
1999-04-30,-0.00629626,-0.00632443,0.00358623,0.00627749
1999-05-03,0.02236173,0.01495306,0.00352794,-0.00369860
1999-05-04,-0.00943694,-0.01669980,-0.00584746,-0.02045559
1999-05-05,0.00702250,0.01165524,0.00166629,0.02166408
1999-05-06,-0.00304487,-0.01170320,-0.00050557,-0.02643589
1999-05-07,0.00719322,0.00946219,0.00550426,0.01370275
1999-05-10,-0.00099659,-0.00271934,0.00641679,0.00934762
1999-05-11,0.00686631,0.01162846,0.00862291,0.01616810
1999-05-12,0.00157923,0.00598191,0.00905229,0.01614522
1999-05-13,0.00456527,0.00326810,0.00441854,-0.01035553
1999-05-14,-0.01565351,-0.02177641,-0.00803276,-0.02168992
1999-05-17,-0.00381931,0.00196017,-0.00012383,0.01455053
1999-05-18,-0.00545211,-0.00462891,0.00317643,-0.00135563
1999-05-19,0.01169223,0.00818549,0.00742863,0.00818238
1999-05-20,0.00189283,-0.00397511,0.00768600,-0.01417688
1999-05-21,-0.00187565,-0.00692767,0.00307950,-0.00886105
1999-05-24,-0.01314593,-0.01797029,-0.01191264,-0.02711006
1999-05-25,-0.01403428,-0.01683464,-0.01229094,-0.03054815
1999-05-26,0.00841978,0.01571371,-0.00022320,0.02037602
1999-05-27,-0.01725026,-0.01713529,-0.00255011,-0.00358105
1999-05-28,0.01316272,0.01543516,0.00915745,0.02230841
1999-06-01,0.00034153,-0.00649738,-0.00347326,-0.02479739
1999-06-02,0.00238140,0.00155220,-0.00342067,0.00930297
1999-06-03,0.00301936,0.00321578,0.00128010,-0.01262923
1999-06-04,0.01449379,0.02187810,0.00958567,0.03241502
1999-06-07,0.00661811,0.00506179,0.00883238,0.01851699
1999-06-08,-0.00738873,-0.01265519,-0.00386986,-0.02059386
1999-06-09,-0.00230435,0.00088261,0.00442970,0.01895954
1999-06-10,-0.00729189,-0.01224220,-0.00297631,-0.01417276
1999-06-11,-0.00444712,-0.00713184,-0.00338119,-0.01558571
1999-06-14,0.00447786,0.00027454,-0.01281823,-0.02105766
1999-06-15,0.00385892,0.00555371,-0.00352362,0.00784262
1999-06-16,0.01278595,0.02264493,0.01236159,0.04448768
1999-06-17,0.00483704,0.00748066,0.00625452,0.01095564
1999-06-18,0.00356665,0.00225509,0.00633924,0.00758441
1999-06-21,-0.00049730,0.00450699,0.00882495,0.02714376
1999-06-22,-0.00659077,-0.00930459,-0.00463149,-0.01950397
1999-06-23,-0.00269092,-0.00250508,0.00147622,0.00769472
1999-06-24,-0.01319345,-0.01300551,-0.00365097,-0.01757843
1999-06-25,0.00075183,-0.00007821,0.00315920,-0.00038884
1999-06-28,0.00981599,0.01223125,0.00842946,0.02092293
1999-06-29,0.01040752,0.01501630,0.00977065,0.01640229
1999-06-30,0.00745108,0.01517784,0.02094297,0.01737116
1999-07-01,0.00630301,0.00712586,0.00264893,0.00804696
1999-07-02,0.00462703,0.00752283,0.01008593,0.01290703
1999-07-06,-0.00249597,-0.00228142,0.00721878,-0.00254048
1999-07-07,0.00135085,0.00510549,-0.00015068,0.00307390
1999-07-08,-0.00206966,-0.00053656,0.00500015,0.01124946
1999-07-09,0.00547451,0.00599159,0.00658380,0.00771691
1999-07-12,-0.00309423,-0.00259923,0.00533164,-0.00123794
1999-07-13,-0.00557975,-0.00412970,-0.00122571,-0.00442288
1999-07-14,0.00172765,0.00343444,0.00838603,0.01492150
1999-07-15,0.00441574,0.00799305,0.00912193,0.00746690
1999-07-16,0.00448476,0.00664300,0.00141240,0.00864933
1999-07-19,-0.00734494,-0.00757777,-0.00447534,-0.01249397
1999-07-20,-0.01491479,-0.02205266,-0.01640352,-0.03530192
1999-07-21,0.00102016,0.00178187,0.00426782,0.01153172
1999-07-22,-0.00782025,-0.01310606,-0.00812016,-0.02900557
1999-07-23,-0.00395010,-0.00300133,-0.00338147,0.00310594
1999-07-26,-0.00414884,-0.00681466,-0.01466134,-0.02766362
1999-07-27,0.00900660,0.01178501,0.00734405,0.02357638
1999-07-28,-0.00111591,0.00166485,0.00137722,0.01014404
1999-07-29,-0.01527843,-0.01773835,-0.00961388,-0.02471085
1999-07-30,-0.00537479,-0.00944894,0.00389061,-0.00080239
1999-08-02,0.00157349,-0.00038209,-0.00586714,-0.00542387
1999-08-03,-0.00534917,-0.00461758,-0.01528821,-0.01352377
1999-08-04,-0.01028062,-0.01277606,-0.01660594,-0.01820969
1999-08-05,0.00311602,0.00633230,-0.00079486,0.01135336
1999-08-06,-0.00855442,-0.01043646,-0.00241908,-0.00693934
1999-08-09,0.00074517,-0.00255375,-0.00506493,-0.01149954
1999-08-10,-0.01363351,-0.01215235,-0.00822198,-0.01086643
1999-08-11,0.01521070,0.01595728,0.01058002,0.03086878
1999-08-12,-0.00173788,-0.00319027,0.00398774,-0.00714201
1999-08-13,0.01631818,0.02311007,0.01320187,0.03592202
1999-08-16,0.00099373,0.00302695,0.00278759,0.00297125
1999-08-17,0.00857218,0.01019499,0.00595280,0.00971590
1999-08-18,-0.01007328,-0.00827835,-0.00083274,-0.00464791
1999-08-19,-0.00188971,-0.00715737,-0.00283295,-0.01445028
1999-08-20,0.00870415,0.00955530,0.00532548,0.01049328
1999-08-23,0.01195487,0.01845847,0.00780230,0.02783919
1999-08-24,-0.00279334,0.00252603,0.00067203,0.01312445
1999-08-25,0.00550743,0.01370519,0.00610617,0.02050253
1999-08-26,-0.01169398,-0.01405097,-0.00168171,-0.01133711
1999-08-27,-0.00818376,-0.00986494,-0.00126259,-0.00586521
1999-08-30,-0.01800908,-0.01813297,-0.00847942,-0.01711864
1999-08-31,-0.00268431,-0.00300856,0.00137184,0.01030619
1999-09-01,0.00707627,0.00805301,0.00541715,0.00475501
1999-09-02,-0.00973864,-0.00888424,-0.00485110,-0.00562285
1999-09-03,0.02251384,0.02926938,0.01507912,0.04105637
1999-09-07,-0.00480459,-0.00491604,0.00444592,-0.00260513
1999-09-08,-0.00384782,-0.00494129,-0.00177998,-0.01141034
1999-09-09,0.00264008,0.00200288,0.00516169,0.01587387
1999-09-10,0.00226245,0.00329138,0.01028086,0.01273866
1999-09-13,-0.00379791,-0.00546787,-0.00269115,-0.01530630
1999-09-14,-0.00682718,-0.00570215,-0.00213470,0.00874547
1999-09-15,-0.00836105,-0.01348274,-0.00281482,-0.01925000
1999-09-16,-0.00687583,0.00038038,-0.00908504,-0.00237033
1999-09-17,0.00881854,0.01268435,0.00923834,0.02326460
1999-09-20,-0.00439355,0.00042345,-0.00107348,0.00588440
1999-09-21,-0.01985164,-0.02018588,-0.01253316,-0.02296842
1999-09-22,0.00024372,0.00168290,0.00381069,0.01396643
1999-09-23,-0.01876269,-0.02314469,-0.01400868,-0.03931204
1999-09-24,-0.00489786,-0.00185494,-0.00674024,-0.00336956
1999-09-27,0.00777167,0.00417798,0.00537727,0.00728906
1999-09-28,-0.00619054,-0.00048697,-0.00729178,-0.00176444
1999-09-29,0.00019829,-0.01092030,0.00068732,-0.00964469
1999-09-30,0.00836804,0.01103085,0.00839146,0.00622925
1999-10-01,-0.00345725,-0.00022657,-0.00174291,-0.00356530
1999-10-04,0.01458559,0.01750204,0.00695437,0.02298674
1999-10-05,-0.00679443,-0.00214875,-0.00063660,0.00172784
1999-10-06,0.01434034,0.01836301,0.00853960,0.02031751
1999-10-07,-0.00461621,-0.00559975,0.00072932,0.00012461
1999-10-08,0.00832040,0.01403464,0.00436137,0.00817582
1999-10-11,-0.00049253,-0.00043179,0.00596192,0.01083442
1999-10-12,-0.01470723,-0.01698876,-0.00726439,-0.01571083
1999-10-13,-0.01720589,-0.02145016,-0.01119709,-0.02493676
1999-10-14,-0.00043631,-0.00152306,0.00040716,0.00174628
1999-10-15,-0.02518525,-0.02790968,-0.01506282,-0.02641921
1999-10-18,0.00298117,0.00545314,-0.01218165,-0.01479855
1999-10-19,0.00091678,0.00681997,0.00663460,-0.00066463
1999-10-20,0.01129146,0.01993577,0.01211502,0.03852684
1999-10-21,-0.00367765,-0.00238159,0.00409053,0.00553715
1999-10-22,0.01637232,0.01368209,0.00856007,0.00366264
1999-10-25,-0.00389419,-0.00573207,0.00034736,0.00004665
1999-10-26,-0.01340756,-0.00992535,0.00295070,-0.00165504
1999-10-27,0.01197107,0.01131977,0.00048861,-0.00343677
1999-10-28,0.02875252,0.03575083,0.01134860,0.02673101
1999-10-29,0.01591103,0.01600701,0.01163847,0.03371509
1999-11-01,-0.00548713,-0.00649707,0.00511137,-0.00034862
1999-11-02,0.00093878,-0.00481052,0.00742842,0.00502142
1999-11-03,-0.00002856,0.00554673,0.01456611,0.01612256
1999-11-04,0.00223316,0.00631257,0.00547411,0.00896279
1999-11-05,0.00563085,0.00659054,0.00548217,0.01525983
1999-11-08,0.00338343,0.00422482,0.01146831,0.01384594
1999-11-09,-0.00813482,-0.00847171,0.00292342,-0.00639397
1999-11-10,0.00273023,0.00542911,0.01002069,0.00955182
1999-11-11,0.00155885,0.00604051,0.00356472,0.01269458
1999-11-12,0.00889070,0.01024701,0.00623927,0.00690218
1999-11-15,0.00580970,-0.00104683,0.00937922,-0.00254332
1999-11-16,0.01433465,0.01844908,0.01039130,0.02390043
1999-11-17,-0.00489018,-0.00685604,0.00092016,-0.00803191
1999-11-18,0.00577342,0.01010738,0.01470272,0.02416746
1999-11-19,-0.00500315,-0.00104848,0.00299834,0.00659176
1999-11-22,-0.00999528,-0.00085511,0.00341019,0.00749718
1999-11-23,-0.01252530,-0.01146135,-0.01133043,-0.01417016
1999-11-24,0.00413418,0.00863577,0.00706014,0.02344252
1999-11-26,-0.00149301,0.00018859,0.00901464,0.00740730
1999-11-29,-0.00904160,-0.00620036,-0.00206473,-0.00845184
1999-11-30,-0.00061620,-0.01299324,-0.00745700,-0.02517686
1999-12-01,0.00006217,0.00592166,0.00368733,0.00533344
1999-12-02,0.00666048,0.00896850,0.01046869,0.03001295
1999-12-03,0.01397721,0.01651946,0.00594413,0.01969023
1999-12-06,-0.00765795,-0.00647462,0.00406358,0.00603911
1999-12-07,-0.01099968,-0.00992290,0.00648522,0.01096052
1999-12-08,-0.00517734,-0.00315702,0.01097387,-0.00087384
1999-12-09,-0.00322996,0.00214737,-0.00143788,0.00298246
1999-12-10,0.00381319,0.00653360,0.00720854,0.00776164
1999-12-13,-0.00357508,-0.00047868,0.00745896,0.00951496
1999-12-14,-0.00413989,-0.00932996,-0.01413153,-0.02431364
1999-12-15,0.00355373,0.00807184,-0.00527938,0.01630125
1999-12-16,-0.00035446,0.00342907,0.00807549,0.02594286
1999-12-17,0.00237025,0.00214213,0.00249447,0.01050852
1999-12-20,-0.00644949,-0.00286960,0.00070233,0.00892096
1999-12-21,0.00811934,0.01098586,0.01412776,0.03447973
1999-12-22,0.00242738,0.00239644,0.00342844,0.00646768
1999-12-23,0.01676570,0.01556478,0.00780628,0.00847937
1999-12-27,-0.00177411,-0.00044436,-0.00129316,0.00284943
1999-12-28,0.00600129,0.00009178,0.00576512,-0.00092580
1999-12-29,0.00878316,0.00373129,0.01369029,0.01768405
1999-12-30,0.00563591,0.00120928,0.00206989,-0.00117136
1999-12-31,0.00691250,0.00332914,0.01636768,0.00670893
2000-01-03,-0.02091445,-0.00932925,0.00209346,0.01496435
2000-01-04,-0.02660835,-0.03847665,-0.02634976,-0.05562660
2000-01-05,0.00475615,0.00070032,0.00724483,-0.00619455
2000-01-06,0.01124100,-0.00294916,-0.00233187,-0.03922531
2000-01-07,0.02273172,0.03218540,0.01864428,0.04224373
2000-01-10,0.00365377,0.01151452,0.01940909,0.04220084
2000-01-11,-0.00926640,-0.01382790,-0.01306217,-0.03241534
2000-01-12,-0.00276475,-0.00426194,-0.00445434,-0.01994662
2000-01-13,0.01305999,0.01295322,0.01659669,0.02745840
2000-01-14,0.00334875,0.01084582,0.01119552,0.02659462
2000-01-18,-0.00800445,-0.00645582,0.01773638,0.01593685
2000-01-19,0.00035680,0.00145065,0.01045198,0.00498155
2000-01-20,-0.01272245,-0.00860155,0.00615250,0.00861087
2000-01-21,-0.00460233,-0.00303245,0.01295988,0.01172623
2000-01-24,-0.02245133,-0.02727656,-0.00607744,-0.03387515
2000-01-25,-0.00442586,0.00665629,0.00078053,0.01806063
2000-01-26,0.00343767,-0.00505137,0.00169699,-0.02380643
2000-01-27,-0.00166323,-0.00364132,-0.00354572,-0.00709708
2000-01-28,-0.02334542,-0.02663695,-0.02239769,-0.03738279
2000-01-31,0.01620514,0.02468171,-0.01175754,0.01322179
2000-02-01,0.00654354,0.01114426,0.01250239,0.02895132
2000-02-02,-0.00011287,-0.00058756,0.01120511,0.00408021
2000-02-03,0.00977362,0.01219259,0.01739020,0.03294278
2000-02-04,-0.00294838,-0.00029402,0.00791347,0.00870618
2000-02-07,-0.00611893,0.00048810,0.01409984,0.01913751
2000-02-08,0.00390209,0.01142681,0.01358925,0.02298684
2000-02-09,-0.01738176,-0.02028001,-0.00134083,-0.01503151
2000-02-10,-0.00504502,0.00356015,0.01181488,0.02726532
2000-02-11,-0.01485075,-0.02063534,-0.00165622,-0.02028718
2000-02-14,0.00161686,0.00175599,0.00733312,0.00555851
2000-02-15,0.01206306,0.00928226,-0.00181697,0.00009351
2000-02-16,-0.00611829,-0.01048125,0.00892971,0.00277272
2000-02-17,0.00086428,-0.00048012,0.01654741,0.02726636
2000-02-18,-0.02498565,-0.02989725,-0.01003905,-0.03056787
2000-02-22,0.00616892,0.00428376,-0.00508037,-0.00669204
2000-02-23,-0.00507254,0.00796353,0.01281801,0.03865782
2000-02-24,-0.01260039,-0.00564161,0.00223863,0.01509733
2000-02-25,-0.01227553,-0.01478240,0.00570562,-0.00591687
2000-02-28,0.01015836,0.01052251,0.00965713,-0.00237604
2000-02-29,0.01156712,0.01447410,0.02886797,0.02706895
2000-03-01,0.00694201,0.00936938,0.01953049,0.01752410
2000-03-02,-0.00751858,0.00120904,0.00433140,-0.00689315
2000-03-03,0.01866596,0.02080209,0.01757896,0.03645983
2000-03-06,-0.01350474,-0.01262457,0.00565812,-0.00150474
2000-03-07,-0.02324595,-0.02701504,-0.00946360,-0.01123775
2000-03-08,0.00537589,0.00869238,-0.00137466,0.01066713
2000-03-09,0.01853093,0.02502159,0.01581666,0.03144803
2000-03-10,-0.00366573,-0.00428539,0.00028639,-0.00097747
2000-03-13,-0.00212308,-0.00780476,-0.01403254,-0.02701659
2000-03-14,-0.01222016,-0.01809882,-0.02052233,-0.04131064
2000-03-15,0.04045058,0.02429541,-0.01785502,-0.02530050
2000-03-16,0.06246238,0.04725639,0.00830641,0.02969760
2000-03-17,-0.01062827,0.00529551,0.00686261,0.01748115
2000-03-20,-0.00718045,-0.00535825,-0.02562687,-0.03958141
2000-03-21,0.01794984,0.02475408,-0.00558171,0.02360917
2000-03-22,-0.00262952,0.00523717,0.01957436,0.03428763
2000-03-23,0.01295447,0.01816758,0.00763693,0.01613531
2000-03-24,-0.00083010,0.00030716,0.00047410,0.00358303
2000-03-27,-0.00680367,-0.00227143,-0.00036261,-0.00052575
2000-03-28,-0.00470280,-0.01090327,-0.01504866,-0.02526942
2000-03-29,0.00456168,0.00097541,-0.02121575,-0.03837512
2000-03-30,0.00561921,-0.01376709,-0.02660712,-0.03989827
2000-03-31,0.01052288,0.00805800,0.01704435,0.02637485
2000-04-03,0.00658309,0.00275439,-0.04154516,-0.07681658
2000-04-04,-0.00559982,-0.00608658,-0.03256461,-0.01733306
2000-04-05,0.00226600,-0.00477233,0.01044576,0.00461676
2000-04-06,0.00781498,0.00856687,0.02375066,0.02086305
2000-04-07,-0.00168990,0.01024311,0.01803667,0.04276248
2000-04-10,0.00062194,-0.00784477,-0.02996149,-0.05910388
2000-04-11,0.00737076,-0.00283678,-0.02249051,-0.03169753
2000-04-12,0.00133489,-0.02185298,-0.03845090,-0.07115797
2000-04-13,-0.00900906,-0.01707705,-0.01924711,-0.02578331
2000-04-14,-0.05359362,-0.05959877,-0.06875900,-0.09743261
2000-04-17,0.01281788,0.03271627,-0.00017067,0.06869138
2000-04-18,0.01630070,0.02875377,0.05548109,0.07292944
2000-04-19,-0.00103896,-0.00924707,0.01081423,-0.02366768
2000-04-20,0.00843970,0.00420501,0.00021620,-0.01726250
2000-04-24,0.00649138,-0.00258861,-0.02040848,-0.04468910
2000-04-25,0.03045187,0.03430277,0.02966339,0.06680833
2000-04-26,-0.01020168,-0.01213787,-0.00436298,-0.02239911
2000-04-27,-0.00552217,0.00296940,0.01054094,0.04085274
2000-04-28,-0.00374231,-0.00860289,0.01819092,0.02366841
2000-05-01,0.01291472,0.01081714,0.02768711,0.02471693
2000-05-02,-0.00859462,-0.01544247,-0.01615439,-0.04532068
2000-05-03,-0.02046003,-0.02078860,-0.01629616,-0.02014242
2000-05-04,0.00186173,-0.00441718,0.00814886,0.00357340
2000-05-05,0.00960146,0.01562405,0.01060279,0.02689835
2000-05-08,0.00153474,-0.00575453,-0.01291910,-0.03959283
2000-05-09,-0.00433344,-0.00859057,-0.01617799,-0.02284129
2000-05-10,-0.01012482,-0.02137021,-0.03078689,-0.05645983
2000-05-11,0.02185516,0.01951835,0.01697957,0.03442193
2000-05-12,0.00546442,0.00854617,0.00408752,0.00831504
2000-05-15,0.01800543,0.02196580,0.00961198,0.02357280
2000-05-16,0.00700419,0.01030817,0.01215529,0.03099552
2000-05-17,-0.01020836,-0.01241200,-0.00633408,-0.01954625
2000-05-18,0.00078145,-0.00756790,-0.01106959,-0.03012479
2000-05-19,-0.01766251,-0.02178100,-0.01660498,-0.04150919
2000-05-22,0.00058233,-0.00440537,-0.01744147,-0.00622396
2000-05-23,-0.00577852,-0.02014296,-0.01960480,-0.06133662
2000-05-24,0.01201578,0.01973518,-0.00554031,0.03573050
2000-05-25,-0.01418626,-0.01321943,-0.00903637,-0.02125305
2000-05-26,-0.00295333,-0.00194705,-0.00333201,-0.00007379
2000-05-30,0.02068773,0.03247683,0.02956506,0.08150859
2000-05-31,0.00047855,-0.00129215,-0.00031680,-0.01838347
2000-06-01,0.01681629,0.02050975,0.03061021,0.05436180
2000-06-02,0.01631555,0.01970607,0.04253699,0.06510463
2000-06-05,-0.00999339,-0.00670078,0.01390568,0.00312363
2000-06-06,-0.00720656,-0.00720360,0.00018175,-0.01738469
2000-06-07,0.00177881,0.01046697,0.01423541,0.02385823
2000-06-08,-0.00725681,-0.00711497,0.00137918,-0.00355278
2000-06-09,0.00119655,-0.00329494,0.01739997,0.01273853
2000-06-12,-0.00718576,-0.00784977,-0.01424070,-0.02834939
2000-06-13,0.00791148,0.01645921,0.00262466,0.02336044
2000-06-14,0.00157534,0.00095432,-0.00368096,-0.01468948
2000-06-15,-0.00254834,0.00593305,-0.00221877,0.01384853
2000-06-16,-0.00941119,-0.00967323,-0.00063522,0.00427212
2000-06-19,0.00371266,0.01522000,0.00945852,0.03484604
2000-06-20,-0.01058360,-0.00667599,0.00688162,0.00622904
2000-06-21,-0.00060235,0.00206314,0.01027637,0.01323353
2000-06-22,-0.01186516,-0.01819155,-0.01140384,-0.03122053
2000-06-23,-0.00395554,-0.00748770,-0.00456752,-0.02420477
2000-06-26,0.00509404,0.00975376,0.01130435,0.01854118
2000-06-27,0.00307185,-0.00334219,-0.00512252,-0.01358675
2000-06-28,0.00289105,0.00347978,0.01771016,0.02214365
2000-06-29,-0.00496154,-0.00874084,0.00224037,-0.01476709
2000-06-30,-0.00699120,0.00872541,0.00504622,0.02316062
2000-07-03,0.01942703,0.00979060,0.00503577,0.00631241
2000-07-05,-0.01076334,-0.01613182,-0.00895310,-0.03272070
2000-07-06,0.00543426,0.00745160,0.00895912,0.02596083
2000-07-07,0.01249659,0.01532315,0.00612833,0.01569903
2000-07-10,0.00304902,-0.00225969,0.00292814,-0.01078193
2000-07-11,0.00888728,0.00339747,0.00013449,-0.00582732
2000-07-12,0.00548332,0.00858707,0.01854393,0.03583648
2000-07-13,0.00026033,0.00193412,0.00921713,0.01935504
2000-07-14,0.00646154,0.00950240,0.00686953,0.01686343
2000-07-17,-0.00240941,0.00062628,0.00949251,0.00574504
2000-07-18,-0.00642151,-0.01108066,-0.00954156,-0.02293574
2000-07-19,-0.00771397,-0.00789651,-0.01226748,-0.02968272
2000-07-20,0.00306464,0.00942385,0.00964599,0.03169317
2000-07-21,-0.01095523,-0.01001633,-0.01577990,-0.02242917
2000-07-24,-0.00689559,-0.01064572,-0.01368719,-0.02807259
2000-07-25,0.00342967,0.00707378,-0.00235984,0.01270836
2000-07-26,-0.01421859,-0.01504214,-0.00445128,-0.01070620
2000-07-27,0.00375356,-0.00172858,-0.02374234,-0.03652501
2000-07-28,-0.01416284,-0.02051336,-0.02168327,-0.04665516
2000-07-31,0.00617599,0.00781205,0.01042120,0.02978515
2000-08-01,0.01086884,0.00511025,-0.00671828,-0.02251447
2000-08-02,0.00342946,0.00042407,0.00106154,-0.00743761
2000-08-03,0.00555888,0.01015926,0.00079865,0.02981969
2000-08-04,0.01145201,0.00727806,0.00842886,0.00761988
2000-08-07,0.01345350,0.01124533,0.01099311,0.01983191
2000-08-08,0.00669506,0.00267858,-0.00287119,-0.00359894
2000-08-09,-0.00561927,-0.00672228,-0.00155540,0.00173371
2000-08-10,-0.00497675,-0.00878792,-0.00977258,-0.02525525
2000-08-11,0.01311185,0.00826350,0.00721767,0.00820258
2000-08-14,0.01067303,0.01340492,0.00613457,0.01578534
2000-08-15,-0.00749705,-0.00495916,0.00005085,0.00071259
2000-08-16,-0.00063171,-0.00287382,0.00412456,0.00225610
2000-08-17,0.00692672,0.01069119,0.00727309,0.02088340
2000-08-18,-0.00192066,-0.00294117,0.00118181,-0.00261344
2000-08-21,0.00065261,0.00528785,0.00304156,0.00591863
2000-08-22,0.00261222,-0.00079590,0.00263100,0.00109947
2000-08-23,-0.00106919,0.00522954,0.00409462,0.01436948
2000-08-24,-0.00130910,0.00183344,0.00947251,0.01080718
2000-08-25,-0.00016208,-0.00131148,0.00679362,-0.00275277
2000-08-28,0.00242108,0.00529112,0.00575171,0.00717481
2000-08-29,-0.00190248,-0.00262318,0.00556577,0.00281674
2000-08-30,0.00008808,-0.00440211,0.00686431,0.00577923
2000-08-31,0.00968637,0.01006805,0.01344863,0.02535195
2000-09-01,0.00193839,0.00204040,0.00815837,0.00469022
2000-09-05,0.00229546,-0.00899968,-0.00309899,-0.02279492
2000-09-06,0.00379673,-0.01014590,-0.00796658,-0.03229314
2000-09-07,0.00164423,0.00708791,0.00855473,0.02185172
2000-09-08,0.00042846,-0.00524497,-0.01054633,-0.02954050
2000-09-11,0.00252252,-0.00366214,-0.00661803,-0.02049671
2000-09-12,-0.00150098,-0.00489354,-0.00325240,-0.01243114
2000-09-13,0.00137258,0.00258181,0.00293807,0.01200476
2000-09-14,-0.00352389,-0.00264859,0.00888496,0.00513051
2000-09-15,-0.00715917,-0.01038588,-0.00991762,-0.02027877
2000-09-18,-0.01767047,-0.01423098,-0.02215136,-0.02875418
2000-09-19,-0.00066397,0.01059867,0.00962310,0.03851609
2000-09-20,-0.00799351,-0.00547347,-0.00272360,0.00966468
2000-09-21,-0.00222070,-0.00248366,-0.00688593,-0.01708752
2000-09-22,0.00516443,0.00090757,0.00212581,-0.00631464
2000-09-25,-0.00368859,-0.00675511,-0.00289307,-0.01782620
2000-09-26,-0.00468309,-0.00828739,-0.01045197,-0.01362514
2000-09-27,0.00376285,-0.00062926,-0.00837155,-0.00889218
2000-09-28,0.02005542,0.02186518,0.02216908,0.03409399
2000-09-29,-0.00617634,-0.01441848,0.00432194,-0.02874698
2000-10-02,-0.00166266,-0.00006074,-0.01951585,-0.02977394
2000-10-03,-0.00130742,-0.00723121,-0.01644352,-0.03303267
2000-10-04,0.00285672,0.00530596,0.00303833,0.02132728
2000-10-05,-0.00553414,0.00214674,-0.00902940,-0.01580325
2000-10-06,-0.01655615,-0.01891809,-0.02235400,-0.03246091
2000-10-09,0.00129321,-0.00566547,-0.00430297,0.00032804
2000-10-10,-0.00962337,-0.01165122,-0.01608586,-0.03446894
2000-10-11,-0.01094916,-0.01544272,-0.01638936,-0.02106758
2000-10-12,-0.02242483,-0.02678221,-0.02176582,-0.02911004
2000-10-13,0.01952569,0.03487542,0.03356310,0.08056137
2000-10-16,0.00576535,0.00050304,0.00391112,-0.00727464
2000-10-17,-0.02100603,-0.01797285,-0.01747033,-0.02234627
2000-10-18,-0.00179649,-0.00556083,-0.01133318,-0.01396248
2000-10-19,0.02485513,0.03508235,0.03252305,0.07968515
2000-10-20,0.00255236,0.00570106,0.01675444,0.02147062
2000-10-23,0.00064752,-0.00089131,0.00831798,-0.00400539
2000-10-24,0.00856899,0.00182838,-0.00317760,-0.01590335
2000-10-25,-0.01352502,-0.02376163,-0.02099669,-0.05713057
2000-10-26,0.00253120,-0.00002002,0.00463608,0.01423355
2000-10-27,0.01228373,0.01115456,0.00035616,0.00102138
2000-10-30,0.02943080,0.01408516,-0.00528066,-0.02729433
2000-10-31,0.01973066,0.02224186,0.03031061,0.05708124
2000-11-01,-0.00329777,-0.00602105,0.00154421,-0.01065708
2000-11-02,0.00730640,0.00582295,0.02141811,0.02921851
2000-11-03,-0.00286338,-0.00094212,0.00791132,0.00742766
2000-11-06,0.00411768,0.00389365,-0.00450189,-0.01064320
2000-11-07,-0.00037160,-0.00005410,0.00185426,0.00010618
2000-11-08,-0.00511205,-0.01603393,-0.01614077,-0.05583347
2000-11-09,-0.00817772,-0.00634516,-0.01289399,-0.00857022
2000-11-10,-0.01764422,-0.02491160,-0.02306725,-0.05401964
2000-11-13,-0.00245497,-0.01071620,-0.01442538,-0.02014105
2000-11-14,0.01495015,0.02386567,0.02338843,0.05999876
2000-11-15,0.00717749,0.00486064,0.00297102,0.00957533
2000-11-16,-0.01053332,-0.01274067,-0.01846681,-0.04294287
2000-11-17,-0.00110974,-0.00329944,-0.00345359,-0.00169564
2000-11-20,-0.01292191,-0.01818507,-0.02522087,-0.05044371
2000-11-21,0.00000594,0.00342115,-0.01062805,-0.00076516
2000-11-22,-0.01401496,-0.01872192,-0.02177533,-0.04000384
2000-11-24,0.01343112,0.01534472,0.02464994,0.05482238
2000-11-27,0.00204050,0.00499236,-0.00282077,-0.00918374
2000-11-28,-0.00696288,-0.00979180,-0.02450385,-0.05044739
2000-11-29,0.00560753,0.00489037,-0.01180076,-0.00895327
2000-11-30,-0.01328766,-0.02013445,-0.01770950,-0.04116783
2000-12-01,0.01095036,0.00023419,0.02515175,0.01751895
2000-12-04,0.00911355,0.00733872,-0.01249464,-0.01076072
2000-12-05,0.02825019,0.03994055,0.04835157,0.10761390
2000-12-06,-0.01593451,-0.01816309,-0.00925294,-0.03345266
2000-12-07,-0.00807392,-0.00583699,-0.00899903,-0.01545347
2000-12-08,0.02203775,0.01999941,0.03899805,0.06065623
2000-12-11,0.00819093,0.00785908,0.02258695,0.03409467
2000-12-12,-0.00356145,-0.00699872,-0.01483856,-0.02808608
2000-12-13,-0.01242207,-0.00838336,-0.01535106,-0.03788433
2000-12-14,-0.01501579,-0.01376719,-0.01998948,-0.03345800
2000-12-15,-0.01304880,-0.02186961,-0.01141596,-0.02889454
2000-12-18,0.01673377,0.00827415,-0.00710188,-0.01062950
2000-12-19,-0.00373990,-0.01339435,-0.01849373,-0.04369137
2000-12-20,-0.02055451,-0.03130813,-0.04238706,-0.07202084
2000-12-21,0.00737074,0.00806326,-0.00308532,0.00447343
2000-12-22,0.02744433,0.02451455,0.03541066,0.07736956
2000-12-26,0.01138661,0.00700466,0.00138742,-0.00853896
2000-12-27,0.01775958,0.01067108,0.01861306,0.02027896
2000-12-28,0.01198737,0.00405543,0.02869993,0.00656264
2000-12-29,-0.01036781,-0.01035096,-0.00332254,-0.03649942
2001-01-02,-0.02826424,-0.02863341,-0.03049501,-0.07416044
2001-01-03,0.04375717,0.05088890,0.04807932,0.14564979
2001-01-04,-0.00604031,-0.01068496,0.00028996,-0.02003669
2001-01-05,-0.02223918,-0.02679924,-0.02492764,-0.06354215
2001-01-08,0.00173990,-0.00170063,-0.00983895,-0.00361595
2001-01-09,0.00373240,0.00427458,0.01053470,0.01945988
2001-01-10,0.01129790,0.00966962,0.02258500,0.03493220
2001-01-11,0.00579847,0.01021400,0.03085497,0.04523135
2001-01-12,-0.00321678,-0.00650473,0.01203849,-0.00670217
2001-01-16,0.00711586,0.00638553,0.01458122,-0.00342652
2001-01-17,0.00494793,0.00223102,0.01195276,0.02474948
2001-01-18,0.00600390,0.01408975,0.00905673,0.03212310
2001-01-19,-0.01054299,-0.00407719,-0.00119151,-0.00010492
2001-01-22,0.00693095,0.00024457,0.00189118,-0.00479832
2001-01-23,0.01556274,0.01328699,0.01830672,0.03109114
2001-01-24,0.00158669,0.00299991,0.00757831,0.00672537
2001-01-25,-0.00167830,-0.00515615,-0.01342589,-0.03866560
2001-01-26,-0.00250466,-0.00167262,0.00095420,0.01047353
2001-01-29,0.01332941,0.00685716,0.01579521,0.02039601
2001-01-30,0.00800539,0.00707960,0.00928528,-0.00043413
2001-01-31,-0.00299398,-0.00569349,-0.00327650,-0.02411142
2001-02-01,0.00386874,0.00567060,-0.00031954,0.00395093
2001-02-02,-0.01181108,-0.01763345,-0.01605440,-0.04493198
2001-02-05,0.00343374,0.00341026,-0.00698734,-0.00622111
2001-02-06,0.00051299,-0.00135210,0.00671018,0.00879060
2001-02-07,-0.00104167,-0.00823496,-0.00454731,-0.02118773
2001-02-08,-0.00316349,-0.00624009,-0.00494113,-0.01865149
2001-02-09,-0.00780487,-0.01395799,-0.01176166,-0.03666970
2001-02-12,0.00891440,0.01223311,0.00611335,0.00731088
2001-02-13,-0.00177581,-0.00846599,-0.00372851,-0.02562963
2001-02-14,-0.00106101,-0.00194081,0.00183553,0.02757326
2001-02-15,0.00865601,0.00849092,0.01238170,0.02575296
2001-02-16,-0.01266327,-0.01911308,-0.01888305,-0.05177859
2001-02-20,-0.01205092,-0.01737161,-0.01553334,-0.04539805
2001-02-21,-0.01455803,-0.01858440,-0.01381421,-0.02058742
2001-02-22,-0.00361251,-0.00200761,-0.01109972,-0.00898094
2001-02-23,-0.00471212,-0.00550681,-0.00132102,0.00818174
2001-02-26,0.01936190,0.01762957,0.01679644,0.02039921
2001-02-27,-0.00548771,-0.00769734,-0.01641683,-0.04423991
2001-02-28,-0.00991805,-0.01393690,-0.00921565,-0.02530313
2001-03-01,0.00159018,0.00098143,-0.00100148,0.01630938
2001-03-02,0.00380219,-0.00597977,-0.00001415,-0.03157985
2001-03-05,0.00740972,0.00614393,0.00184053,0.01294346
2001-03-06,0.00990617,0.01019089,0.01327849,0.02881312
2001-03-07,0.00913007,0.00664073,0.00452000,0.00916067
2001-03-08,0.00380107,0.00221830,-0.00962505,-0.02521650
2001-03-09,-0.02048050,-0.02508925,-0.01981261,-0.05507078
2001-03-12,-0.03407586,-0.04340643,-0.03269566,-0.06350386
2001-03-13,0.00479385,0.01558732,0.01169105,0.04938252
2001-03-14,-0.02311317,-0.02597162,-0.01510879,-0.01985432
2001-03-15,0.00133533,0.00566260,-0.00322987,-0.01549524
2001-03-16,-0.02043030,-0.01958329,-0.01928118,-0.02462948
2001-03-19,0.01953872,0.01780050,0.01402341,0.03390262
2001-03-20,-0.01685912,-0.02440906,-0.01252743,-0.04893425
2001-03-21,-0.01748875,-0.01786203,-0.01445456,-0.01317384
2001-03-22,-0.00700624,-0.00365214,0.00035360,0.04034901
2001-03-23,0.01768951,0.01998180,0.02040850,0.01542425
2001-03-26,0.01197739,0.01108738,0.00699174,-0.00590103
2001-03-27,0.01362414,0.02544882,0.01446549,0.02869329
2001-03-28,-0.02061274,-0.02422634,-0.02259723,-0.06046223
2001-03-29,-0.00220127,-0.00473881,-0.00484895,-0.01709137
2001-03-30,0.00910905,0.01086231,0.02480392,0.01052414
2001-04-02,-0.01290267,-0.01260429,-0.02648086,-0.03046409
2001-04-03,-0.03253529,-0.03437530,-0.03431539,-0.06040465
2001-04-04,0.00139967,-0.00291473,-0.00777258,-0.02055156
2001-04-05,0.03986721,0.04408548,0.04411412,0.09072258
2001-04-06,-0.02470795,-0.02024092,-0.01488731,-0.03661970
2001-04-09,0.01251626,0.00794045,0.00722309,0.01502925
2001-04-10,0.03018761,0.02750885,0.02998404,0.06212981
2001-04-11,-0.00453860,-0.00198174,0.00862080,0.02593225
2001-04-12,0.01374875,0.01519804,0.01762706,0.03351849
2001-04-16,-0.00436915,-0.00347479,-0.00824876,-0.02710745
2001-04-17,0.01063937,0.01052718,0.00787073,0.00797335
2001-04-18,0.03949199,0.03954151,0.03882850,0.08246483
2001-04-19,0.01078248,0.01303379,0.02156456,0.05008703
2001-04-20,-0.00963440,-0.00874636,-0.00362186,-0.00794957
2001-04-23,-0.01535713,-0.01528254,-0.01936030,-0.04942771
2001-04-24,-0.00670142,-0.01240501,-0.00179105,-0.02118739
2001-04-25,0.01337518,0.01600137,0.01593966,0.02161332
2001-04-26,0.00476638,0.00486573,0.00489143,-0.01309788
2001-04-27,0.01667508,0.01513344,0.01383675,0.02035931
2001-04-30,0.00255741,-0.00281871,0.01457590,0.02008713
2001-05-01,0.00867918,0.01367967,0.01354728,0.02490253
2001-05-02,0.00178896,0.00110066,0.01494309,0.02446693
2001-05-03,-0.01567074,-0.01468787,-0.01086020,-0.03445045
2001-05-04,0.01223239,0.01449485,0.01131631,0.02230299
2001-05-07,-0.00340039,-0.00249352,-0.00083479,-0.00855729
2001-05-08,0.00044468,-0.00160600,0.00625017,0.01213099
2001-05-09,-0.00208366,-0.00471346,-0.00143177,-0.01978918
2001-05-10,0.00269642,-0.00005680,0.00090390,-0.01320689
2001-05-11,-0.00490393,-0.00749688,-0.00097866,-0.00968916
2001-05-14,0.00151114,0.00275964,-0.00237985,-0.01165600
2001-05-15,0.00272677,0.00026836,0.00547374,0.00162600
2001-05-16,0.02919618,0.02884739,0.01555478,0.04065277
2001-05-17,0.00743830,0.00281876,0.01726468,0.01233965
2001-05-18,0.00200208,0.00245776,0.00584624,0.00241871
2001-05-21,0.01814825,0.01642218,0.02230880,0.04927938
2001-05-22,-0.00114493,-0.00251100,0.00695503,0.00349455
2001-05-23,-0.01708480,-0.01547607,-0.01304638,-0.03093690
2001-05-24,0.00081315,0.00322516,0.00905311,0.01780720
2001-05-25,-0.00794400,-0.01194796,-0.00013664,-0.01426160
2001-05-29,-0.00886788,-0.00790553,-0.01417758,-0.03428052
2001-05-30,-0.01682741,-0.01554128,-0.02187529,-0.04175248
2001-05-31,0.00892321,0.00636889,0.00989273,0.01304350
2001-06-01,0.00447894,0.00394861,0.00910942,0.01895761
2001-06-04,0.00265091,0.00495417,0.00534126,0.00391295
2001-06-05,0.01526006,0.01312698,0.01744433,0.03754775
2001-06-06,-0.00933328,-0.01015290,-0.00184174,-0.00710100
2001-06-07,0.00603926,0.00540606,0.00855030,0.02142733
2001-06-08,-0.00792016,-0.00946552,-0.00501157,-0.02191573
2001-06-11,-0.01149543,-0.00847872,-0.00723442,-0.01982381
2001-06-12,0.00005781,0.00104225,-0.00145405,0.00022638
2001-06-13,-0.00874091,-0.01118706,-0.00293574,-0.02266170
2001-06-14,-0.02087284,-0.01762792,-0.01906576,-0.03705557
2001-06-15,-0.00115557,-0.00472020,-0.00439869,-0.00778114
2001-06-18,-0.00481528,-0.00462400,-0.01346973,-0.01796257
2001-06-19,0.00231032,0.00350220,-0.00418593,0.00297254
2001-06-20,0.00578796,0.00885372,0.00864282,0.02093675
2001-06-21,0.00638544,0.01162523,0.00692606,0.01375318
2001-06-22,-0.00975267,-0.00971152,-0.00568415,-0.01249788
2001-06-25,-0.00421248,-0.00561978,0.00396791,0.00813164
2001-06-26,0.00287175,-0.00148157,0.00822113,0.00720986
2001-06-27,-0.00053464,-0.00434917,0.00608905,0.00480789
2001-06-28,0.01198114,0.01306868,0.01167313,0.02522624
2001-06-29,0.00552138,-0.00206004,0.03761831,0.01736334
2001-07-02,0.00537122,0.01031525,-0.01720500,-0.00605803
2001-07-03,-0.00124296,-0.00132561,-0.00329449,-0.00307480
2001-07-05,-0.00772300,-0.01244717,-0.00758364,-0.02846961
2001-07-06,-0.02175627,-0.02337241,-0.01466045,-0.03721016
2001-07-09,0.00463711,0.00698719,0.00621914,0.01156056
2001-07-10,-0.01282236,-0.01412204,-0.01106565,-0.03221405
2001-07-11,0.00095955,-0.00106495,-0.00391797,0.00639251
2001-07-12,0.02255896,0.02390064,0.02266545,0.05379253
2001-07-13,0.00496792,0.00629551,0.00494734,0.00469469
2001-07-16,-0.01212003,-0.01090848,-0.00856725,-0.02724196
2001-07-17,0.00799690,0.01015917,0.01091691,0.01941397
2001-07-18,-0.00387954,-0.00513915,-0.00948239,-0.02477586
2001-07-19,0.00638280,0.00585781,0.00842618,0.01528227
2001-07-20,-0.00514608,-0.00367646,0.00004227,-0.00800852
2001-07-23,-0.01286415,-0.01640958,-0.00555594,-0.02053434
2001-07-24,-0.01808172,-0.01626033,-0.01156077,-0.01481871
2001-07-25,0.01481910,0.01580104,0.00320713,0.01336722
2001-07-26,0.01288486,0.01039538,0.01237514,0.02044662
2001-07-27,0.00237918,0.00247157,0.00434225,0.00250811
2001-07-30,-0.00010250,-0.00104540,-0.00045775,-0.00577258
2001-07-31,0.00565067,0.00552910,0.00204808,0.00458027
2001-08-01,0.00499335,0.00393737,0.01095144,0.02074232
2001-08-02,0.00441722,0.00429272,0.00061495,0.00939667
2001-08-03,-0.00408171,-0.00490225,-0.00321204,-0.01016311
2001-08-06,-0.01089448,-0.01148085,-0.00850806,-0.01583449
2001-08-07,0.00014985,0.00339421,-0.00225188,-0.00329890
2001-08-08,-0.01696408,-0.01716328,-0.01349461,-0.03075420
2001-08-09,0.00018177,0.00011365,-0.00054724,-0.00126736
2001-08-10,0.00495116,0.00566871,-0.00060715,-0.00284646
2001-08-13,0.00388646,0.00094366,0.00621041,0.01377250
2001-08-14,-0.00053146,-0.00389747,0.00052563,-0.00918207
2001-08-15,-0.00593699,-0.00716564,-0.00478179,-0.02297096
2001-08-16,0.00324073,0.00296883,0.00177415,0.00677888
2001-08-17,-0.01265549,-0.01651253,-0.00896873,-0.03309346
2001-08-20,0.00444695,0.00824710,0.00327033,0.00833082
2001-08-21,-0.00888804,-0.01223298,-0.00923257,-0.02729743
2001-08-22,0.00772333,0.00704109,0.00781672,0.01640256
2001-08-23,-0.00213985,-0.00291333,-0.00257278,-0.00847849
2001-08-24,0.01675595,0.01956192,0.01294265,0.04091971
2001-08-27,-0.00196308,-0.00469850,-0.00153221,-0.00205576
2001-08-28,-0.01133335,-0.01499523,-0.00944216,-0.02495497
2001-08-29,-0.00838522,-0.01126270,-0.00216038,-0.01184898
2001-08-30,-0.01329246,-0.01696402,-0.00962564,-0.02858349
2001-08-31,0.00529794,0.00421324,0.00443036,0.00811016
2001-09-04,-0.00172731,-0.00048057,-0.00643529,-0.01841986
2001-09-05,-0.00567939,-0.00080143,-0.00901830,-0.00556264
2001-09-06,-0.01844528,-0.02228927,-0.01422397,-0.03030011
2001-09-07,-0.01921748,-0.01857652,-0.01269967,-0.01032645
2001-09-10,-0.00155180,0.00633813,-0.00587598,0.00509645
2001-09-17,-0.05985089,-0.04868663,-0.04261117,-0.06744672
2001-09-18,-0.01093933,-0.00557065,-0.01297206,-0.01463888
2001-09-19,-0.01863184,-0.01570386,-0.01711777,-0.01630519
2001-09-20,-0.02980096,-0.03038474,-0.02691198,-0.03648721
2001-09-21,-0.01872754,-0.01924940,-0.02038278,-0.03275938
2001-09-24,0.03574665,0.03906191,0.03136534,0.05408405
2001-09-25,0.00356184,0.00861230,0.00341335,0.00206574
2001-09-26,-0.01437653,-0.00478206,-0.01010921,-0.02391153
2001-09-27,0.00781756,0.01106614,0.00308654,-0.00136947
2001-09-28,0.02647692,0.02176814,0.02577755,0.02620155
2001-10-01,-0.00985672,-0.00191754,-0.01152136,-0.01160890
2001-10-02,0.01408627,0.01200504,0.00975317,0.00764727
2001-10-03,0.03201299,0.02039965,0.02724230,0.06131935
2001-10-04,0.00278925,-0.00269618,0.01226333,0.00978402
2001-10-05,0.00170443,0.00196945,-0.00148823,0.00599641
2001-10-08,-0.00965898,-0.00820172,-0.00244725,0.00048367
2001-10-09,-0.00685802,-0.00532553,-0.00750797,-0.02254548
2001-10-10,0.02798844,0.02267398,0.02053384,0.03550713
2001-10-11,0.02710315,0.01505069,0.02443015,0.04637253
2001-10-12,-0.00589457,-0.00516215,-0.00118172,0.00131348
2001-10-15,-0.00566609,-0.00120410,0.00073731,-0.00465977
2001-10-16,0.01112266,0.00700464,0.01008744,0.01476384
2001-10-17,-0.02636104,-0.01885811,-0.01778606,-0.04583157
2001-10-18,-0.00943026,-0.00721311,-0.00539913,0.00510054
2001-10-19,0.00554595,0.00475140,0.00731020,0.01207439
2001-10-22,0.01471731,0.01547773,0.01224753,0.02333181
2001-10-23,-0.00198457,-0.00499219,-0.00296960,-0.00262169
2001-10-24,0.00286833,0.00045632,0.00669739,0.01610644
2001-10-25,0.02016605,0.01396291,0.01628518,0.02592019
2001-10-26,0.00292263,0.00393919,0.00589651,-0.00363436
2001-10-29,-0.02602213,-0.02376509,-0.01596887,-0.04003025
2001-10-30,-0.02122307,-0.01705031,-0.01179516,-0.01849232
2001-10-31,0.00373908,-0.00000331,0.01348573,0.01331659
2001-11-01,0.02083105,0.02311806,0.01152201,0.03481644
2001-11-02,0.00485270,0.00317485,-0.00205596,0.00009395
2001-11-05,0.02027828,0.01451264,0.01055029,0.02782340
2001-11-06,0.01329319,0.01479045,0.00964378,0.02340888
2001-11-07,0.00093458,-0.00240610,0.00025884,0.00200748
2001-11-08,-0.00324345,0.00230017,-0.00237018,-0.00577971
2001-11-09,0.00147466,0.00138348,-0.00089935,-0.00000378
2001-11-12,-0.00054647,-0.00154588,0.00396877,0.00655360
2001-11-13,0.02083405,0.01860695,0.01583590,0.02794129
2001-11-14,0.00587355,0.00268178,0.00772309,0.00534341
2001-11-15,0.00020584,0.00123046,-0.00155338,-0.00180044
2001-11-16,0.00040353,-0.00343471,0.00349355,-0.00209257
2001-11-19,0.01157691,0.01089734,0.01108478,0.01848724
2001-11-20,-0.00959075,-0.00729902,-0.01011223,-0.02726929
2001-11-21,-0.00508835,-0.00482509,0.00015128,-0.00310989
2001-11-23,0.01413559,0.01167502,0.01018794,0.01488648
2001-11-26,0.00833909,0.00646987,0.00977924,0.02023783
2001-11-27,-0.00378298,-0.00682930,0.00348786,-0.00277886
2001-11-28,-0.01739142,-0.01780902,-0.01233925,-0.02481674
2001-11-29,0.01068169,0.01052399,0.01592282,0.02482064
2001-11-30,0.00113175,-0.00066250,-0.00099717,-0.00133385
2001-12-03,-0.00810425,-0.00850784,-0.00641942,-0.01309359
2001-12-04,0.01891237,0.01316222,0.01686040,0.03025786
2001-12-05,0.02816894,0.02272709,0.02081469,0.04286949
2001-12-06,-0.00041630,-0.00252546,0.00708498,0.00386923
2001-12-07,-0.00816652,-0.00761391,-0.00198246,-0.01692120
2001-12-10,-0.01556477,-0.01574559,-0.00794489,-0.01493676
2001-12-11,-0.00085908,-0.00290808,0.00211328,0.00480534
2001-12-12,-0.00041548,0.00056303,0.00250587,0.00466659
2001-12-13,-0.01532806,-0.01549649,-0.01042922,-0.03218518
2001-12-14,0.00164017,0.00322660,0.00074029,0.00375659
2001-12-17,0.00662228,0.01017278,0.00970281,0.01816746
2001-12-18,0.01174479,0.00774597,0.00994998,0.00889353
2001-12-19,0.00116587,0.00608652,-0.00090359,-0.01062264
2001-12-20,-0.00930043,-0.00818770,-0.01435992,-0.03277792
2001-12-21,0.00456900,0.00417443,0.01408681,0.01393224
2001-12-24,0.00344297,-0.00038216,0.00224060,-0.00082931
2001-12-26,0.00573727,0.00406184,0.00719478,0.00820923
2001-12-27,0.00818399,0.00696001,0.00679313,0.00787332
2001-12-28,0.00638062,0.00325749,0.00492948,0.00525951
2001-12-31,-0.00813250,-0.01114366,-0.00277148,-0.01994058
2002-01-02,0.00253695,0.00594304,0.00071876,0.01487166
2002-01-03,0.00974123,0.00937725,0.01440097,0.03282554
2002-01-04,0.01013434,0.00627088,0.00802718,0.00713625
2002-01-07,-0.00397399,-0.00648008,-0.00583451,-0.01140283
2002-01-08,-0.00436495,-0.00333232,0.00619332,0.00973828
2002-01-09,-0.00304898,-0.00472404,-0.00196927,-0.00547303
2002-01-10,-0.00297869,0.00122274,0.00159239,0.00131361
2002-01-11,-0.00948132,-0.00935078,-0.00578048,-0.01226231
2002-01-14,-0.00964067,-0.00615407,-0.01207102,-0.01495934
2002-01-15,0.00470452,0.00673816,0.00163903,0.00588564
2002-01-16,-0.01783457,-0.01627226,-0.01243863,-0.02771022
2002-01-17,0.00902367,0.01040852,0.00911504,0.02209389
2002-01-18,-0.00811420,-0.00990047,-0.01056774,-0.02878244
2002-01-22,-0.00711941,-0.00720857,-0.01098523,-0.02493514
2002-01-23,0.01193626,0.00751302,0.01363652,0.02198156
2002-01-24,0.00834560,0.00342879,0.00592672,0.01045091
2002-01-25,0.00387579,0.00103740,-0.00141829,-0.00188278
2002-01-28,0.00162373,-0.00023829,0.00217690,0.00318063
2002-01-29,-0.02228502,-0.02870038,-0.01192209,-0.02653212
2002-01-30,0.01050596,0.01191306,0.00567099,0.01207126
2002-01-31,0.01496925,0.01509272,0.00824937,0.01053962
2002-02-01,-0.00541340,-0.00741936,-0.00218050,-0.01218716
2002-02-04,-0.02299908,-0.02461145,-0.01905579,-0.02847579
2002-02-05,-0.00676846,-0.00376804,-0.00644728,-0.00783125
2002-02-06,-0.00773856,-0.00601998,-0.01143310,-0.01347102
2002-02-07,-0.00382107,-0.00285027,-0.00749494,-0.01708273
2002-02-08,0.01491206,0.01502870,0.01513846,0.02099579
2002-02-11,0.01798114,0.01432789,0.00599166,0.01538182
2002-02-12,-0.00261238,-0.00393172,0.00214531,-0.00636673
2002-02-13,0.01031352,0.01034200,0.00705329,0.01447450
2002-02-14,-0.00246394,-0.00173061,-0.00725069,-0.00833658
2002-02-15,-0.00716778,-0.01121433,-0.00633129,-0.02112227
2002-02-19,-0.01898753,-0.01858431,-0.01548674,-0.02952992
2002-02-20,0.01066527,0.01379177,0.00768585,0.01462705
2002-02-21,-0.01045010,-0.01562184,-0.01202020,-0.03420387
2002-02-22,0.00586480,0.00787440,0.00661782,0.00551250
2002-02-25,0.01733634,0.01811482,0.00506447,0.02740713
2002-02-26,0.00611809,0.00002821,0.00468053,-0.00181863
2002-02-27,0.00105918,0.00088942,0.00075610,-0.00920669
2002-02-28,-0.00385403,-0.00288124,-0.00329246,-0.01106017
2002-03-01,0.01984311,0.02282967,0.01636913,0.04270018
2002-03-04,0.02709667,0.01959467,0.01930176,0.03108465
2002-03-05,-0.00400359,-0.00676585,0.00243206,0.00321912
2002-03-06,0.01656768,0.01463936,0.01077025,0.01264702
2002-03-07,-0.00161760,-0.00456433,0.00109176,-0.00533167
2002-03-08,0.00736372,0.00597824,0.01257398,0.02588518
2002-03-11,0.00402519,0.00323970,0.00494216,-0.00021886
2002-03-12,-0.00468535,-0.00227539,-0.00367556,-0.01666032
2002-03-13,-0.01040592,-0.00948557,-0.00567953,-0.01838045
2002-03-14,0.00067511,-0.00085521,0.00283880,-0.00459497
2002-03-15,0.00955993,0.01145090,0.00271083,0.00839897
2002-03-18,0.00272705,-0.00051329,0.00708635,0.00473433
2002-03-19,0.00541447,0.00430865,0.00246839,0.00226366
2002-03-20,-0.01325840,-0.01594725,-0.00740596,-0.02592106
2002-03-21,0.00197011,0.00145263,0.01196656,0.01994905
2002-03-22,-0.00537349,-0.00403325,-0.00374565,-0.00994778
2002-03-25,-0.01432994,-0.01464357,-0.00856061,-0.02126501
2002-03-26,0.00657940,0.00612778,0.00513197,0.00692933
2002-03-27,0.00954002,0.00526742,0.00561125,0.00109718
2002-03-28,0.00516967,0.00236574,0.00777937,0.01067321
2002-04-01,-0.00151583,-0.00116704,-0.00005310,0.01025709
2002-04-02,-0.01042891,-0.00870294,-0.00861183,-0.03229998
2002-04-03,-0.01135775,-0.00970165,-0.00619397,-0.01071396
2002-04-04,0.00154137,0.00112210,0.00140639,0.00374304
2002-04-05,0.00029464,-0.00300972,-0.00235289,-0.01118751
2002-04-08,0.00566200,0.00258811,0.00647269,0.01008991
2002-04-09,-0.00255515,-0.00664600,-0.00149640,-0.02452099
2002-04-10,0.01288422,0.01179846,0.01078328,0.01605144
2002-04-11,-0.01794840,-0.02378396,-0.00995818,-0.02393319
2002-04-12,0.00723319,0.00693765,0.01579360,0.01808315
2002-04-15,-0.00457306,-0.00798753,0.00067776,-0.00151155
2002-04-16,0.02163921,0.02321559,0.01940648,0.03634517
2002-04-17,-0.00077876,-0.00222537,-0.00204966,-0.00379209
2002-04-18,-0.00354842,-0.00129860,0.00230527,-0.00441933
2002-04-19,0.00090881,0.00066403,-0.00103744,-0.00295536
2002-04-22,-0.01284566,-0.01485299,-0.00843472,-0.01839830
2002-04-23,-0.00177963,-0.00593242,-0.00145882,-0.01535992
2002-04-24,-0.00696189,-0.00715250,-0.00235437,-0.00997903
2002-04-25,-0.00126491,-0.00163784,-0.00259632,0.00067067
2002-04-26,-0.01077903,-0.01360615,-0.01267953,-0.02912341
2002-04-29,-0.00934225,-0.00967886,-0.00346685,-0.00170986
2002-04-30,0.01260277,0.01082509,0.01527587,0.01949192
2002-05-01,0.00475451,0.00914442,0.00103994,-0.00515369
2002-05-02,-0.00134242,-0.00169379,0.00050919,-0.01974962
2002-05-03,-0.00771506,-0.01041058,-0.00159886,-0.01927380
2002-05-06,-0.01723998,-0.01932065,-0.01110919,-0.02110728
2002-05-07,-0.00248922,-0.00311074,-0.00660163,-0.00290010
2002-05-08,0.03277674,0.03784743,0.02442362,0.08017248
2002-05-09,-0.01119220,-0.01433273,-0.01253388,-0.02736923
2002-05-10,-0.01716834,-0.01667820,-0.01044831,-0.02996257
2002-05-13,0.01476158,0.01880439,0.00994512,0.03380741
2002-05-14,0.02142679,0.02127938,0.02101578,0.04149192
2002-05-15,-0.00072567,-0.00531508,0.00246756,0.00365715
2002-05-16,-0.00010247,0.00645239,-0.00296390,0.00264613
2002-05-17,0.00355485,0.00770206,0.00464104,0.00637476
2002-05-20,-0.00986367,-0.01307489,-0.00971759,-0.02352354
2002-05-21,-0.01027315,-0.01105894,-0.00993323,-0.02227664
2002-05-22,0.00388191,0.00574088,-0.00300139,0.00604610
2002-05-23,0.01152289,0.01023133,0.00881542,0.01525408
2002-05-24,-0.00825433,-0.01222504,-0.00966323,-0.02194818
2002-05-28,-0.00742691,-0.00861361,-0.00109988,-0.00572393
2002-05-29,-0.00664021,-0.00633937,-0.00569691,-0.01661688
2002-05-30,-0.00368412,-0.00257348,0.00131026,0.00563551
2002-05-31,0.00466928,0.00241574,0.00212495,-0.01022476
2002-06-03,-0.02500995,-0.02490634,-0.02234187,-0.03281830
2002-06-04,-0.00227402,0.00036025,-0.00161183,0.01142555
2002-06-05,0.00853972,0.00957350,0.00112697,0.01220486
2002-06-06,-0.01722653,-0.01971943,-0.01704143,-0.02445568
2002-06-07,0.00142501,-0.00152832,0.00333474,-0.01364584
2002-06-10,0.00245280,0.00348277,-0.00026150,-0.00232122
2002-06-11,-0.01617617,-0.01693795,-0.00952668,-0.02193028
2002-06-12,-0.00067059,0.00716210,-0.00057423,0.01730489
2002-06-13,-0.01087901,-0.01045031,-0.00810250,-0.01467944
2002-06-14,-0.00343019,-0.00188664,0.00195430,0.00526867
2002-06-17,0.02790038,0.02869167,0.01858038,0.03352989
2002-06-18,0.00001388,0.00104235,-0.00116031,-0.00628239
2002-06-19,-0.01325880,-0.01634148,-0.01322271,-0.02904217
2002-06-20,-0.01150658,-0.01345277,-0.00518033,-0.02146034
2002-06-21,-0.01311323,-0.01735908,-0.00054367,-0.01703912
2002-06-24,-0.00078571,0.00380415,0.00142945,0.01526421
2002-06-25,-0.01662959,-0.01683036,-0.00820884,-0.02466808
2002-06-26,-0.00593986,-0.00114320,-0.00156539,0.00682473
2002-06-27,0.01329966,0.01734708,0.01595465,0.02076361
2002-06-28,0.00597147,-0.00135943,0.01214639,0.00367587
2002-07-01,-0.02252763,-0.02139389,-0.02354702,-0.04039619
2002-07-02,-0.02670609,-0.02060513,-0.02335511,-0.03217742
2002-07-03,0.00187555,0.00593219,-0.00363429,0.01677562
2002-07-05,0.03701064,0.03635415,0.02018290,0.05038037
2002-07-08,-0.01494876,-0.01195105,-0.01112895,-0.03043944
2002-07-09,-0.02410073,-0.02509288,-0.00626802,-0.01771581
2002-07-10,-0.03002128,-0.03301844,-0.01540795,-0.02590718
2002-07-11,0.00530355,0.00744311,-0.00353382,0.02205799
2002-07-12,-0.00434911,-0.00630270,-0.00187700,-0.00112949
2002-07-15,-0.00332909,-0.00327490,-0.00797668,0.00715414
2002-07-16,-0.01881567,-0.01842207,0.00000532,-0.00594033
2002-07-17,-0.00080226,0.00554664,0.00518358,0.01707212
2002-07-18,-0.02462680,-0.02729141,-0.02152527,-0.02948595
2002-07-19,-0.03518745,-0.03695426,-0.01804747,-0.02446378
2002-07-22,-0.02799064,-0.03276840,-0.01479882,-0.02852818
2002-07-23,-0.02566304,-0.02584858,-0.03001891,-0.04070289
2002-07-24,0.05482825,0.05813047,0.02323207,0.05316010
2002-07-25,-0.00307701,-0.00513776,-0.00285343,-0.03790315
2002-07-26,0.00653722,0.01763240,0.00826349,0.02010142
2002-07-29,0.05443529,0.05411689,0.03253637,0.05905115
2002-07-30,0.00496654,0.00424885,0.00455874,0.00667736
2002-07-31,0.00086326,0.01033140,-0.00974803,-0.01100365
2002-08-01,-0.02384999,-0.02980045,-0.00994595,-0.03830835
2002-08-02,-0.02783811,-0.02261508,-0.01995274,-0.02515653
2002-08-05,-0.03319996,-0.03414338,-0.01969599,-0.03339928
2002-08-06,0.03289224,0.02991660,0.02566133,0.04579376
2002-08-07,0.01381738,0.02049498,0.00390144,0.01834769
2002-08-08,0.02816443,0.03282758,0.01265268,0.02900169
2002-08-09,0.00458372,0.00381777,-0.00137641,-0.00753048
2002-08-12,-0.00410092,-0.00510991,0.00033019,0.00097536
2002-08-13,-0.02120532,-0.02154782,-0.01674964,-0.02819622
2002-08-14,0.03493487,0.04024832,0.02288360,0.05317374
2002-08-15,0.01582086,0.01194675,0.00571002,0.00972042
2002-08-16,-0.00088539,-0.00196848,0.00995812,0.01129891
2002-08-19,0.02247439,0.02371297,0.01340397,0.02538542
2002-08-20,-0.01299155,-0.01416529,-0.00412141,-0.01302628
2002-08-21,0.01436194,0.01297071,0.01692268,0.02338852
2002-08-22,0.01678284,0.01415578,0.00712605,0.00924839
2002-08-23,-0.02304433,-0.02294150,-0.01662163,-0.03109954
2002-08-26,0.01024215,0.00749385,0.01058253,0.00703505
2002-08-27,-0.01488151,-0.01400631,-0.01879988,-0.03228512
2002-08-28,-0.02013508,-0.01780931,-0.01458907,-0.02414735
2002-08-29,0.00046202,-0.00010302,0.01165384,0.01759260
2002-08-30,-0.00059335,-0.00164479,-0.00474253,-0.01620769
2002-09-03,-0.03783423,-0.04169608,-0.02275556,-0.03875465
2002-09-04,0.01690105,0.01764427,0.01560638,0.02261808
2002-09-05,-0.01429620,-0.01585921,-0.01568870,-0.03271230
2002-09-06,0.01835072,0.01701874,0.01967196,0.03657718
2002-09-09,0.00933741,0.01042757,0.00187669,0.00835701
2002-09-10,0.00556320,0.00747340,0.00416939,0.01245513
2002-09-11,0.00211089,0.00002278,0.00050875,-0.00392177
2002-09-12,-0.02456492,-0.02464912,-0.01226999,-0.02759058
2002-09-13,0.00221364,0.00359763,0.00534909,0.01038508
2002-09-16,-0.00308833,0.00200981,-0.00753430,-0.01089177
2002-09-17,-0.02113850,-0.01991089,-0.00992424,-0.01224038
2002-09-18,-0.00489380,-0.00420851,-0.00512117,-0.00514364
2002-09-19,-0.02968604,-0.02992096,-0.01742345,-0.02723963
2002-09-20,0.00285520,0.00223015,0.00194058,0.00338430
2002-09-23,-0.01754738,-0.01367130,-0.01726325,-0.02931237
2002-09-24,-0.02084175,-0.01719301,-0.00384188,-0.00086718
2002-09-25,0.02768176,0.02519262,0.01846991,0.03489758
2002-09-26,0.02094038,0.01859645,0.00877165,0.00109701
2002-09-27,-0.02634931,-0.03231419,-0.01307429,-0.01804220
2002-09-30,-0.01301329,-0.01458828,-0.00090691,-0.02351998
2002-10-01,0.03144269,0.04011126,0.01121964,0.03743860
2002-10-02,-0.02770310,-0.02325561,-0.00994392,-0.02048043
2002-10-03,-0.01363901,-0.01094732,-0.00742655,-0.01886464
2002-10-04,-0.02579943,-0.02190135,-0.01619446,-0.02105393
2002-10-07,-0.02468978,-0.01898854,-0.01911892,-0.01684248
2002-10-08,0.01322248,0.01804581,0.00316181,0.01069522
2002-10-09,-0.03399870,-0.02737438,-0.02047743,-0.01293925
2002-10-10,0.03900823,0.03495169,0.01864513,0.04609204
2002-10-11,0.04107654,0.03912518,0.01982389,0.04173138
2002-10-14,0.00620170,0.00743121,0.00570588,0.00869633
2002-10-15,0.04905194,0.04702241,0.03018550,0.05055875
2002-10-16,-0.02938375,-0.02365327,-0.01017673,-0.03911496
2002-10-17,0.02826825,0.02242227,0.02309466,0.03066547
2002-10-18,0.00386868,0.00620495,0.00398882,0.01436090
2002-10-21,0.02850415,0.01722902,0.01108832,0.01719843
2002-10-22,-0.01491511,-0.01071033,-0.00822808,-0.01346229
2002-10-23,0.01250855,0.00658078,0.01287982,0.02148062
2002-10-24,-0.01461721,-0.01564471,-0.00423926,-0.01787502
2002-10-25,0.01540412,0.01718444,0.01284989,0.02540056
2002-10-28,-0.00903355,-0.00817709,-0.00391694,-0.01266305
2002-10-29,-0.00970778,-0.00863243,-0.00281319,-0.01071013
2002-10-30,0.01196198,0.00965018,0.01312911,0.01920396
2002-10-31,-0.00470563,-0.00567748,0.00057228,0.00167696
2002-11-01,0.02275006,0.01693166,0.01923589,0.02165930
2002-11-04,0.01083186,0.00778284,0.01310403,0.02559349
2002-11-05,0.00034579,0.00791912,-0.00012541,0.00274470
2002-11-06,0.01707260,0.00880113,0.01116085,0.01179858
2002-11-07,-0.02850756,-0.02251448,-0.01624457,-0.02906462
2002-11-08,-0.01538344,-0.00859447,-0.00608878,-0.01266154
2002-11-11,-0.02146355,-0.02057398,-0.01768550,-0.02867034
2002-11-12,0.01093932,0.00754028,0.01175797,0.02274878
2002-11-13,0.00244382,-0.00034737,0.00314648,0.00951035
2002-11-14,0.02873305,0.02469663,0.01888827,0.03637910
2002-11-15,0.00864872,0.00623665,-0.00012519,-0.00084439
2002-11-18,-0.00686071,-0.01050383,-0.00420570,-0.01364025
2002-11-19,-0.00533620,-0.00371594,-0.00556340,-0.01306423
2002-11-20,0.02180023,0.01963712,0.01796798,0.03500665
2002-11-21,0.03048358,0.02136736,0.01899221,0.03334790
2002-11-22,0.00114308,-0.00382098,0.00418201,0.00014863
2002-11-25,0.00409235,0.00230365,0.00940431,0.00740301
2002-11-26,-0.02115061,-0.02065238,-0.01076244,-0.02596425
2002-11-27,0.02951683,0.02810724,0.02167993,0.02999539
2002-11-29,0.00188131,-0.00297942,-0.00250221,-0.00732452
2002-12-02,-0.00217661,-0.00204311,0.00228845,0.00419775
2002-12-03,-0.01725657,-0.01438455,-0.01132167,-0.02341763
2002-12-04,-0.00599201,-0.00296381,-0.00509737,-0.01157972
2002-12-05,-0.00929482,-0.01196104,-0.00448161,-0.01350357
2002-12-06,0.00615941,0.00632692,0.00347504,0.00887660
2002-12-09,-0.02332741,-0.02178706,-0.01742457,-0.03838562
2002-12-10,0.01464977,0.01386975,0.00979187,0.01663806
2002-12-11,0.00136050,0.00078542,0.00260995,0.00456408
2002-12-12,0.00103904,-0.00383741,0.00135308,0.00225108
2002-12-13,-0.01374204,-0.01323198,-0.01187973,-0.02618975
2002-12-16,0.02297392,0.02366904,0.01312609,0.02934680
2002-12-17,-0.00597647,-0.00814771,-0.00289874,-0.00592003
2002-12-18,-0.01435285,-0.01296091,-0.01108820,-0.02118678
2002-12-19,-0.00767689,-0.00733253,-0.00166594,-0.00496651
2002-12-20,0.01373465,0.01322176,0.00672299,0.00699238
2002-12-23,0.00230251,0.00167606,0.00643893,0.01446091
2002-12-24,-0.00487497,-0.00556087,-0.00197259,-0.00720844
2002-12-26,0.00144604,-0.00321920,0.00285409,-0.00398014
2002-12-27,-0.01509182,-0.01568165,-0.00785042,-0.01464864
2002-12-30,0.00431333,0.00472853,-0.00449347,-0.00558732
2002-12-31,0.00283490,0.00051874,0.00431554,-0.00478613
2003-01-02,0.03375682,0.03301050,0.01721568,0.03704606
2003-01-03,-0.00218169,-0.00049078,-0.00131957,0.00131941
2003-01-06,0.02267077,0.02236596,0.01314387,0.02493927
2003-01-07,-0.00732687,-0.00671326,-0.00042125,0.00742237
2003-01-08,-0.01292048,-0.01363776,-0.00849505,-0.02139865
2003-01-09,0.01942818,0.01921083,0.01529752,0.02694107
2003-01-10,0.00196314,-0.00021970,0.00381596,0.00620898
2003-01-13,-0.00345201,-0.00126868,0.00037108,-0.00083728
2003-01-14,0.00375052,0.00560496,0.00497007,0.01044330
2003-01-15,-0.01257989,-0.01439888,-0.00513387,-0.01564558
2003-01-16,-0.00263587,-0.00375150,-0.00231444,-0.00997794
2003-01-17,-0.01447953,-0.01391924,-0.01109838,-0.03401652
2003-01-21,-0.01760651,-0.01552179,-0.00837094,-0.00803878
2003-01-22,-0.01098181,-0.01035851,-0.00389894,-0.00296834
2003-01-23,0.01194729,0.00981967,0.00633684,0.02138708
2003-01-24,-0.02699848,-0.02907103,-0.01685412,-0.03373850
2003-01-27,-0.01791415,-0.01591753,-0.00936524,-0.01082880
2003-01-28,0.01443067,0.01294520,0.00988339,0.01234867
2003-01-29,0.00552294,0.00689958,0.00427387,0.01276053
2003-01-30,-0.02114344,-0.02253378,-0.01285941,-0.02676336
2003-01-31,0.01267581,0.01334658,0.00494353,-0.00125616
2003-02-03,0.00375175,0.00556956,-0.00173147,0.00243434
2003-02-04,-0.01267847,-0.01386347,-0.00512167,-0.01306833
2003-02-05,-0.00411710,-0.00537518,-0.00103130,-0.00338676
2003-02-06,-0.00948754,-0.00641254,-0.00338714,0.00041734
2003-02-07,-0.01002553,-0.00993850,-0.00942745,-0.01484720
2003-02-10,0.00785981,0.00747318,0.00344978,0.01142143
2003-02-11,-0.00738337,-0.00804079,-0.00196001,-0.00100667
2003-02-12,-0.01315488,-0.01195712,-0.00811101,-0.01243822
2003-02-13,-0.00511460,-0.00146075,-0.00365914,-0.00037969
2003-02-14,0.01996691,0.02115059,0.00976307,0.02640738
2003-02-18,0.01940416,0.01941219,0.01263680,0.02786047
2003-02-19,-0.00817312,-0.00662631,-0.00586010,-0.00822830
2003-02-20,-0.00580553,-0.00927808,0.00162414,-0.00248085
2003-02-21,0.01378010,0.01323676,0.00925378,0.01347178
2003-02-24,-0.01794540,-0.01825394,-0.00996438,-0.02020318
2003-02-25,0.00524645,0.00712923,0.00379061,0.00551889
2003-02-26,-0.01145760,-0.01276595,-0.00583252,-0.01943674
2003-02-27,0.01163842,0.01164894,0.00789095,0.01638293
2003-02-28,0.00501499,0.00443204,0.00125920,0.01055785
2003-03-03,-0.00755694,-0.00754754,-0.00235118,-0.01342419
2003-03-04,-0.01728008,-0.01528280,-0.00568444,-0.00946708
2003-03-05,0.00587935,0.00987735,-0.00103766,0.00596027
2003-03-06,-0.00737474,-0.00903469,-0.00277745,-0.00858408
2003-03-07,0.00735619,0.00832834,0.00081669,0.00281106
2003-03-10,-0.02600202,-0.02576063,-0.01236598,-0.02069627
2003-03-11,-0.01180117,-0.00824864,-0.00164320,-0.00539475
2003-03-12,0.00314072,0.00492838,0.00002020,0.00724846
2003-03-13,0.03490134,0.03419764,0.02083821,0.04898904
2003-03-14,-0.00023987,0.00162110,-0.00072329,-0.00015126
2003-03-17,0.03783110,0.03535572,0.01938412,0.03955461
2003-03-18,0.00601393,0.00430929,0.00628663,0.00542918
2003-03-19,0.00411882,0.00887318,0.00043471,-0.00236574
2003-03-20,0.00421766,0.00198411,0.00418803,0.00386315
2003-03-21,0.02370000,0.02304961,0.01015523,0.01334551
2003-03-24,-0.03567725,-0.03486744,-0.01745418,-0.03671631
2003-03-25,0.01258565,0.01197520,0.01073709,0.01521322
2003-03-26,-0.00501301,-0.00533044,-0.00274303,-0.00268176
2003-03-27,-0.00133892,-0.00152906,0.00347608,-0.00250602
2003-03-28,-0.00520160,-0.00561532,-0.00121974,-0.01059330
2003-03-31,-0.01486320,-0.01770695,-0.00679999,-0.02115017
2003-04-01,0.01017661,0.01216608,0.00740393,0.00529065
2003-04-02,0.02620211,0.02629596,0.01712717,0.03621582
2003-04-03,-0.00486111,-0.00505475,-0.00025423,-0.00038661
2003-04-04,-0.00020822,0.00268561,-0.00357103,-0.00966244
2003-04-07,0.00447967,0.00114558,0.00589521,0.00397620
2003-04-08,-0.00468018,-0.00141841,-0.00366459,-0.00461174
2003-04-09,-0.01195417,-0.01396124,-0.00389343,-0.01997097
2003-04-10,0.00764793,0.00643157,0.00142971,0.00670587
2003-04-11,-0.00132285,-0.00359611,-0.00108823,-0.00525196
2003-04-14,0.01990141,0.01951460,0.00982437,0.01967489
2003-04-15,0.00801264,0.00650379,0.00476177,0.00414083
2003-04-16,-0.01197287,-0.01222602,-0.00338730,0.00270528
2003-04-17,0.01801800,0.01555570,0.01257940,0.02205323
2003-04-21,0.00054390,-0.00191119,0.00408071,-0.00101747
2003-04-22,0.02303910,0.02170297,0.01212912,0.01915477
2003-04-23,0.00631568,0.00859599,0.00926719,0.01014369
2003-04-24,-0.00692267,-0.00833909,-0.00201338,-0.00622202
2003-04-25,-0.01608287,-0.01379548,-0.00642468,-0.01506326
2003-04-28,0.01937772,0.01804177,0.01364148,0.01956467
2003-04-29,0.00542845,0.00320418,0.00390753,0.00591747
2003-04-30,-0.00003711,-0.00086677,0.00490556,-0.00575999
2003-05-01,-0.00168932,-0.00042774,0.00426947,0.00595106
2003-05-02,0.01716231,0.01495766,0.01530462,0.01886268
2003-05-05,0.00022242,-0.00381807,0.00437248,-0.00053188
2003-05-06,0.00947972,0.00826726,0.00532384,0.01311672
2003-05-07,-0.00520970,-0.00496406,-0.00197778,-0.01131119
2003-05-08,-0.00947621,-0.00997144,-0.00403918,-0.01123261
2003-05-09,0.01533557,0.01438797,0.01209698,0.02043208
2003-05-12,0.01470558,0.01246485,0.00985176,0.01311042
2003-05-13,0.00001424,-0.00278197,0.00242950,-0.00141815
2003-05-14,-0.00138435,-0.00287826,0.00175625,-0.00405341
2003-05-15,0.01006460,0.00784304,0.00541663,0.01078379
2003-05-16,0.00176303,-0.00261600,-0.00658687,-0.00935238
2003-05-19,-0.02639205,-0.02483732,-0.01425207,-0.02956240
2003-05-20,-0.00074037,-0.00112741,-0.00205647,-0.00090971
2003-05-21,0.00500238,0.00387800,0.00396078,-0.00136542
2003-05-22,0.01225539,0.00922889,0.00886927,0.01191985
2003-05-23,0.00555634,0.00163630,0.00543099,0.00075308
2003-05-27,0.02203704,0.01980095,0.01986008,0.03153965
2003-05-28,0.00186539,0.00207884,0.00565104,0.00355116
2003-05-29,-0.00196507,-0.00386373,0.00642313,0.00679531
2003-05-30,0.01922162,0.01495082,0.01382116,0.01294164
2003-06-02,0.00484763,0.00327614,0.00310554,-0.00383230
2003-06-03,0.00140756,0.00504018,0.00292782,0.00888091
2003-06-04,0.01844883,0.01505351,0.01317507,0.01820269
2003-06-05,0.00647768,0.00386486,0.01149544,0.00570037
2003-06-06,-0.00364618,-0.00244617,-0.00276620,-0.01252091
2003-06-09,-0.01587148,-0.01170311,-0.01214226,-0.01282477
2003-06-10,0.00843735,0.00918837,0.01036545,0.01507088
2003-06-11,0.01576061,0.01317973,0.00832026,0.01177292
2003-06-12,0.00217414,0.00099514,0.00455466,0.00409949
2003-06-13,-0.01332238,-0.00993659,-0.00824087,-0.01657527
2003-06-16,0.02107553,0.02254842,0.01223278,0.02579137
2003-06-17,-0.00052722,0.00110153,0.00355638,0.00095066
2003-06-18,-0.00167820,-0.00141929,0.00141598,0.00499807
2003-06-19,-0.01455065,-0.01513631,-0.01149293,-0.01688355
2003-06-20,-0.00028744,0.00107260,0.00064511,-0.00231134
2003-06-23,-0.01710967,-0.01393737,-0.01618302,-0.01978687
2003-06-24,0.00130375,0.00206551,0.00369477,-0.00266487
2003-06-25,-0.00590862,-0.00828873,0.00445803,-0.00204430
2003-06-26,0.01065144,0.01087137,0.01235372,0.01983284
2003-06-27,-0.00705417,-0.00978516,-0.00072949,-0.00600425
2003-06-30,-0.00112083,-0.00165722,-0.00053222,-0.00129450
2003-07-01,0.00522073,0.00816528,0.00480088,0.01158448
2003-07-02,0.01225822,0.01151875,0.01904623,0.02278364
2003-07-03,-0.00693379,-0.00785122,-0.00206712,-0.00841234
2003-07-07,0.01896919,0.01874071,0.01839213,0.03520325
2003-07-08,0.00836661,0.00357014,0.01594282,0.01439384
2003-07-09,-0.00284550,-0.00536741,0.00645765,-0.00006688
2003-07-10,-0.01586195,-0.01334747,-0.01004309,-0.01796011
2003-07-11,0.00803935,0.00965392,0.00789019,0.01012634
2003-07-14,0.00592763,0.00607747,0.01017162,0.01287892
2003-07-15,-0.00502343,-0.00374039,-0.00112969,-0.00158352
2003-07-16,-0.00637716,-0.00585222,-0.00382245,-0.00195584
2003-07-17,-0.01337246,-0.01218130,-0.02261277,-0.02765612
2003-07-18,0.01218877,0.01174911,0.00579441,0.00532733
2003-07-21,-0.01298844,-0.01469907,-0.00902357,-0.01565443
2003-07-22,0.01232832,0.00946896,0.01257417,0.01541226
2003-07-23,0.00103598,0.00122078,0.00553663,0.00886613
2003-07-24,-0.00423718,-0.00736047,-0.00122779,-0.01141994
2003-07-25,0.01645777,0.01759179,0.00583352,0.01818929
2003-07-28,0.00051737,-0.00220472,0.00950967,0.00212662
2003-07-29,-0.00696661,-0.00737143,0.00075761,-0.00287081
2003-07-30,-0.00329883,-0.00148938,-0.00242802,-0.00523072
2003-07-31,0.00599137,0.00314599,0.00683098,0.00829460
2003-08-01,-0.00761604,-0.01030311,-0.01067823,-0.01090352
2003-08-04,-0.00074307,0.00265646,-0.00518253,-0.00146798
2003-08-05,-0.01749677,-0.01763907,-0.01003327,-0.02404367
2003-08-06,0.00061566,0.00197434,-0.00645114,-0.01167690
2003-08-07,0.00629080,0.00742627,-0.00190796,0.00022995
2003-08-08,0.00347170,0.00366046,0.00013729,-0.00491238
2003-08-11,0.00414741,0.00319410,0.00915778,0.01044948
2003-08-12,0.01176180,0.01012812,0.01343736,0.01592282
2003-08-13,-0.00185819,-0.00611559,0.00194476,-0.00081228
2003-08-14,0.00821265,0.00642005,0.00658123,0.00824451
2003-08-15,0.00012418,0.00046004,0.00183205,0.00096036
2003-08-18,0.01174715,0.00923676,0.01555220,0.02230195
2003-08-19,0.00669874,0.00264715,0.01220050,0.01276502
2003-08-20,0.00099222,-0.00211042,0.00285376,-0.00039762
2003-08-21,0.00776769,0.00290635,0.00984214,0.00929994
2003-08-22,-0.01125584,-0.01016310,-0.01113773,-0.00723045
2003-08-25,-0.00182347,0.00075570,-0.00366572,-0.00008420
2003-08-26,0.00262475,0.00294031,0.00327452,0.00334609
2003-08-27,0.00326993,0.00029980,0.00969526,0.00645064
2003-08-28,0.00908464,0.00617549,0.00823566,0.00973562
2003-08-29,0.00750274,0.00522455,0.00476400,0.00569670
2003-09-02,0.01375868,0.01394723,0.01591888,0.01715764
2003-09-03,0.00271246,0.00431161,0.00586795,0.00546765
2003-09-04,0.00037623,0.00165243,0.00596062,0.00833541
2003-09-05,-0.00616879,-0.00638789,-0.00287515,-0.00612935
2003-09-08,0.01020632,0.01010673,0.01286654,0.01611346
2003-09-09,-0.00947512,-0.00845283,-0.00282338,-0.00900897
2003-09-10,-0.01585763,-0.01146902,-0.01724026,-0.02555780
2003-09-11,0.00607812,0.00560420,0.00994182,0.01179877
2003-09-12,0.00325159,0.00221068,0.00381570,0.00521323
2003-09-15,-0.00328150,-0.00362217,-0.00070016,-0.00491419
2003-09-16,0.01438691,0.01406952,0.01296514,0.02228531
2003-09-17,-0.00276277,-0.00322766,0.00191787,-0.00249576
2003-09-18,0.01213398,0.01327785,0.00782749,0.01420665
2003-09-19,-0.00097420,-0.00294039,0.00160806,-0.00151166
2003-09-22,-0.01306337,-0.01323945,-0.00744058,-0.01705015
2003-09-23,0.00658922,0.00589109,0.00939117,0.01398904
2003-09-24,-0.01805816,-0.01882420,-0.01647453,-0.03017335
2003-09-25,-0.00923177,-0.00571595,-0.01740303,-0.01276693
2003-09-26,-0.00847958,-0.00625524,-0.01680945,-0.01380060
2003-09-29,0.00977362,0.00958753,0.00951809,0.01779737
2003-09-30,-0.00755248,-0.01016712,-0.00583433,-0.01965587
2003-10-01,0.02013551,0.02214094,0.01939262,0.02462507
2003-10-02,0.00409347,0.00244448,0.00478625,0.00273984
2003-10-03,0.01299260,0.00924257,0.01474323,0.02432249
2003-10-06,0.00515288,0.00433359,0.01011809,0.00728765
2003-10-07,0.00490264,0.00473977,0.00823060,0.00745233
2003-10-08,-0.00324206,-0.00483678,-0.00539117,-0.00727855
2003-10-09,0.00660540,0.00484608,0.00666910,0.00877870
2003-10-10,-0.00038609,-0.00083001,-0.00183239,0.00232410
2003-10-13,0.00901611,0.00686645,0.01332675,0.00904059
2003-10-14,0.00392088,0.00389165,0.00866743,0.00442048
2003-10-15,-0.00368322,-0.00262033,-0.00473355,-0.00230974
2003-10-16,0.00304375,0.00313093,0.00485563,0.00608714
2003-10-17,-0.01192261,-0.01006433,-0.01273376,-0.01940263
2003-10-20,0.00396038,0.00518209,0.00097284,0.00701308
2003-10-21,0.00148373,0.00142287,0.00650007,0.00823371
2003-10-22,-0.01450134,-0.01495517,-0.01690441,-0.02140473
2003-10-23,0.00090172,0.00333197,-0.00454388,-0.00636256
2003-10-24,-0.00240612,-0.00463764,-0.00417983,-0.01111467
2003-10-27,0.00634136,0.00192371,0.01115872,0.00865687
2003-10-28,0.01547513,0.01527366,0.01928830,0.02698608
2003-10-29,0.00458118,0.00144844,0.00961489,0.00236409
2003-10-30,0.00059154,-0.00113694,-0.00065649,-0.00186191
2003-10-31,0.00300716,0.00341268,-0.00155867,-0.00080539
2003-11-03,0.00892340,0.00799895,0.01464043,0.01852925
2003-11-04,-0.00404016,-0.00534346,0.00226983,-0.00512768
2003-11-05,0.00012360,-0.00096558,0.00230937,0.00169843
2003-11-06,0.00632214,0.00577908,0.00580207,0.00822612
2003-11-07,-0.00119471,-0.00449986,0.00195726,-0.00271093
2003-11-10,-0.00917732,-0.00575959,-0.01120947,-0.01549827
2003-11-11,-0.00103051,-0.00039399,-0.00789678,-0.00546297
2003-11-12,0.01351785,0.01178332,0.01888190,0.02162832
2003-11-13,0.00200651,0.00000423,0.00209116,-0.00250836
2003-11-14,-0.00943265,-0.00742188,-0.01188810,-0.01908980
2003-11-17,-0.00964606,-0.00658758,-0.01062773,-0.01115174
2003-11-18,-0.00977706,-0.00866598,-0.00600595,-0.01450718
2003-11-19,0.00571722,0.00821826,0.00721575,0.01037969
2003-11-20,-0.00666750,-0.00835197,-0.00418264,-0.00889709
2003-11-21,0.00448835,0.00133114,0.00425624,0.00613812
2003-11-24,0.01845055,0.01599856,0.02048960,0.02810727
2003-11-25,0.00601076,0.00211381,0.00633756,-0.00155563
2003-11-26,0.00605556,0.00422391,0.00489859,0.00446448
2003-11-28,0.00121648,0.00022754,0.00451554,0.00426387
2003-12-01,0.01196778,0.01093986,0.01194951,0.01419956
2003-12-02,-0.00354845,-0.00313086,0.00105428,-0.00476186
2003-12-03,-0.00159561,-0.00126707,-0.01110135,-0.00918740
2003-12-04,0.00225128,0.00454316,-0.00245886,0.00393304
2003-12-05,-0.00803725,-0.00757240,-0.00767105,-0.01548995
2003-12-08,0.00687446,0.00703056,0.00352291,0.00472476
2003-12-09,-0.00890226,-0.00829936,-0.01211188,-0.01978979
2003-12-10,-0.00464706,-0.00080981,-0.00956968,-0.00108263
2003-12-11,0.01479429,0.01163340,0.01961721,0.01974441
2003-12-12,0.00359000,0.00268481,0.00725547,0.00289888
2003-12-15,-0.00744936,-0.00548339,-0.01464605,-0.01444256
2003-12-16,0.00405303,0.00636871,0.00061589,0.00184768
2003-12-17,0.00281433,0.00161650,0.00030552,-0.00094927
2003-12-18,0.01506875,0.01197445,0.01275346,0.01891226
2003-12-19,-0.00022649,-0.00057076,0.00007450,-0.00278598
2003-12-22,0.00609218,0.00380255,0.00310943,0.00243323
2003-12-23,0.00416444,0.00283764,0.00922932,0.00904143
2003-12-24,-0.00147781,-0.00174763,-0.00099259,-0.00293911
2003-12-26,0.00215071,0.00168226,0.00396449,0.00226956
2003-12-29,0.01259850,0.01268209,0.01369721,0.01690438
2003-12-30,0.00044171,0.00001286,0.00414928,0.00016639
2003-12-31,0.00041805,0.00194793,-0.00670486,-0.00368960
2004-01-02,-0.00455945,-0.00296658,0.00505871,0.00121834
2004-01-05,0.01180119,0.01228708,0.01238155,0.01974423
2004-01-06,0.00213470,0.00153276,0.00609612,0.00506038
2004-01-07,0.00127219,0.00252025,0.00732952,0.01011803
2004-01-08,0.00620321,0.00446803,0.00926523,0.00924144
2004-01-09,-0.00523188,-0.00843987,-0.00407851,-0.00551289
2004-01-12,0.00474472,0.00474210,0.01197776,0.01176373
2004-01-13,-0.00486608,-0.00540079,-0.00233398,-0.00752405
2004-01-14,0.00912506,0.00814941,0.00778797,0.00658994
2004-01-15,0.00242308,0.00134773,0.00304718,-0.00067250
2004-01-16,0.00880604,0.00666920,0.01041948,0.01422630
2004-01-20,0.00169107,-0.00061583,0.01239648,0.00381258
2004-01-21,0.00579356,0.00785178,-0.00094110,-0.00304411
2004-01-22,-0.00411168,-0.00281418,-0.00808229,-0.01024297
2004-01-23,-0.00272738,-0.00239944,0.00505593,0.00154825
2004-01-26,0.00839950,0.01209164,0.01082978,0.01442064
2004-01-27,-0.00774325,-0.00968126,-0.00621403,-0.01766584
2004-01-28,-0.01310593,-0.01324528,-0.01421091,-0.01736982
2004-01-29,0.00116402,0.00499753,-0.00881171,-0.00449190
2004-01-30,0.00024928,-0.00258761,0.00292373,-0.00175990
2004-02-02,0.00184075,0.00358504,-0.00104097,-0.00124861
2004-02-03,-0.00017384,0.00067736,-0.00089043,0.00120692
2004-02-04,-0.01040197,-0.00789885,-0.01828408,-0.02430968
2004-02-05,0.00351145,0.00200054,0.00432993,0.00318588
2004-02-06,0.01525588,0.01235561,0.01799535,0.02066772
2004-02-09,-0.00029961,-0.00232278,0.00409704,-0.00211640
2004-02-10,0.00553254,0.00489641,0.00878405,0.00660879
2004-02-11,0.01207637,0.01143489,0.00670981,0.00709495
2004-02-12,-0.00338459,-0.00464355,-0.00436532,-0.00740883
2004-02-13,-0.00684492,-0.00529781,-0.00705432,-0.00921174
2004-02-17,0.01107270,0.00968222,0.01091929,0.01288972
2004-02-18,-0.00352410,-0.00433760,-0.00186317,-0.00144120
2004-02-19,-0.00444113,-0.00381861,-0.01038669,-0.01442041
2004-02-20,-0.00496434,-0.00250661,-0.00354647,-0.00349611
2004-02-23,-0.00654840,-0.00290953,-0.01261441,-0.01528440
2004-02-24,-0.00183467,-0.00147602,-0.00192235,0.00053557
2004-02-25,0.00605300,0.00423898,0.00917196,0.00860032
2004-02-26,0.00406777,0.00115561,0.00718877,0.00383795
2004-02-27,0.00447687,-0.00001237,0.00381063,-0.00204083
2004-03-01,0.01186672,0.00972506,0.01323981,0.01364491
2004-03-02,-0.00494800,-0.00581649,-0.00391865,-0.00817108
2004-03-03,0.00124057,0.00191770,0.00061938,-0.00330636
2004-03-04,0.00396244,0.00316621,0.01033822,0.01026067
2004-03-05,0.00287847,0.00205327,0.00147486,-0.00318337
2004-03-08,-0.00963020,-0.00827160,-0.00948103,-0.01907773
2004-03-09,-0.00803442,-0.00556871,-0.00894756,-0.00538627
2004-03-10,-0.01657260,-0.01468721,-0.01472083,-0.01493411
2004-03-11,-0.01428535,-0.01479199,-0.00957051,-0.00956343
2004-03-12,0.01508956,0.01229141,0.01797830,0.02072262
2004-03-15,-0.01608369,-0.01407736,-0.02086518,-0.02200644
2004-03-16,0.00494292,0.00582864,-0.00243216,0.00253624
2004-03-17,0.01531727,0.01161627,0.01562846,0.01653286
2004-03-18,-0.00165679,-0.00121128,-0.00423953,-0.00708226
2004-03-19,-0.00866656,-0.01124180,-0.00359301,-0.01146402
2004-03-22,-0.01405506,-0.01305796,-0.01675789,-0.01512488
2004-03-23,-0.00046645,-0.00117375,0.00093749,-0.00403171
2004-03-24,-0.00268252,-0.00245379,-0.00079369,0.00465987
2004-03-25,0.01735383,0.01611481,0.01665517,0.02933097
2004-03-26,0.00003533,-0.00081936,0.00339380,-0.00308073
2004-03-29,0.01318207,0.01311540,0.01281559,0.01616231
2004-03-30,0.00557135,0.00402557,0.00714443,0.00349170
2004-03-31,0.00173947,-0.00063718,0.00439084,-0.00361298
2004-04-01,0.00537330,0.00533740,0.00817719,0.01048444
2004-04-02,0.00962464,0.00849956,0.01344906,0.02131155
2004-04-05,0.00708124,0.00776319,0.01082030,0.01106552
2004-04-06,-0.00131441,-0.00167819,-0.00860977,-0.00933924
2004-04-07,-0.00539313,-0.00654046,0.00160461,-0.00448162
2004-04-08,-0.00135081,-0.00101512,-0.00070382,0.00140843
2004-04-12,0.00409500,0.00524859,0.00464699,0.00624188
2004-04-13,-0.01567687,-0.01365656,-0.01657836,-0.01662468
2004-04-14,-0.00313193,-0.00133399,-0.00544462,-0.00248845
2004-04-15,-0.00042336,0.00085456,-0.00598462,-0.01083238
2004-04-16,0.00610387,0.00515175,0.00040503,-0.00314786
2004-04-19,0.00034890,0.00090285,0.00564045,0.01202851
2004-04-20,-0.01447442,-0.01525740,-0.01256633,-0.02015980
2004-04-21,0.00689868,0.00540872,0.00808451,0.00889225
2004-04-22,0.01843656,0.01420007,0.01047631,0.01889421
2004-04-23,-0.00201724,0.00044929,0.00010795,0.00867538
2004-04-26,-0.00562969,-0.00429162,-0.00245297,-0.00574884
2004-04-27,0.00191071,0.00244201,-0.00007070,-0.00107386
2004-04-28,-0.01503415,-0.01383507,-0.01846456,-0.02033462
2004-04-29,-0.01144899,-0.00702163,-0.01369382,-0.01334237
2004-04-30,-0.00541924,-0.00555026,-0.01350297,-0.01862306
2004-05-03,0.00869562,0.00919368,0.00469949,0.00922280
2004-05-04,0.00243728,0.00185503,0.00593504,0.00584563
2004-05-05,0.00326971,0.00198048,0.00355374,0.00382244
2004-05-06,-0.00890047,-0.00653598,-0.00967629,-0.00904818
2004-05-07,-0.01804714,-0.01369958,-0.01392705,-0.00985476
2004-05-10,-0.01311897,-0.01033894,-0.01655989,-0.00966283
2004-05-11,0.01005406,0.00763875,0.01378361,0.01776569
2004-05-12,0.00077571,0.00218203,-0.00164500,-0.00222646
2004-05-13,0.00167515,-0.00078503,-0.00180950,-0.00062709
2004-05-14,-0.00039942,-0.00060217,-0.00720898,-0.01137730
2004-05-17,-0.01239443,-0.01031658,-0.01363436,-0.01370181
2004-05-18,0.00920654,0.00688668,0.00891941,0.01111906
2004-05-19,-0.00096887,-0.00245026,0.00182633,-0.00086018
2004-05-20,-0.00152249,0.00036604,-0.00212709,-0.00036721
2004-05-21,0.00593290,0.00403358,0.00768032,0.00790336
2004-05-24,0.00546301,0.00155118,0.00701256,0.00539177
2004-05-25,0.01789673,0.01598062,0.01617247,0.02158886
2004-05-26,0.00272465,0.00169064,0.00598709,0.00585285
2004-05-27,0.00540479,0.00579981,0.00205937,0.00386975
2004-05-28,0.00177290,-0.00051160,0.00221101,0.00109181
2004-06-01,0.00013209,0.00047150,0.00417466,0.00159800
2004-06-02,0.00316928,0.00382741,0.00133999,-0.00089321
2004-06-03,-0.00950178,-0.00727663,-0.01185627,-0.01382225
2004-06-04,0.00618453,0.00525268,0.00765151,0.00920357
2004-06-07,0.01773934,0.01600224,0.01249681,0.02113390
2004-06-08,0.00139232,0.00146403,-0.00092453,0.00178188
2004-06-09,-0.01158282,-0.00942556,-0.01288227,-0.01572000
2004-06-10,0.00433699,0.00454932,0.00067091,0.00457621
2004-06-14,-0.01163172,-0.00951868,-0.01290943,-0.01410313
2004-06-15,0.00852967,0.00605190,0.01057709,0.01376538
2004-06-16,0.00140491,0.00128304,0.00437672,0.00086868
2004-06-17,-0.00081446,-0.00129120,-0.00342962,-0.00705195
2004-06-18,0.00285658,0.00259693,-0.00124959,0.00154689
2004-06-21,-0.00309827,-0.00413224,-0.00294824,-0.00598267
2004-06-22,0.00635572,0.00351667,0.00569187,0.00973358
2004-06-23,0.01053032,0.00834348,0.01006899,0.01301147
2004-06-24,-0.00259162,-0.00263586,0.00012611,-0.00278509
2004-06-25,0.00137701,-0.00454101,0.00733552,0.00833931
2004-06-28,-0.00410696,-0.00200631,-0.00368026,-0.00643484
2004-06-29,0.00280232,0.00263984,0.00636697,0.00786047
2004-06-30,0.00632297,0.00411793,0.00642015,0.00582545
2004-07-01,-0.01246231,-0.01030417,-0.01184680,-0.01539012
2004-07-02,-0.00389296,-0.00319889,-0.00052128,-0.00479423
2004-07-06,-0.01021007,-0.00788396,-0.01448136,-0.02035713
2004-07-07,0.00197882,0.00200741,-0.00203437,0.00100905
2004-07-08,-0.01122910,-0.00808667,-0.01522204,-0.01541648
2004-07-09,0.00388477,0.00338101,0.00369150,0.00608305
2004-07-12,0.00003459,0.00142512,-0.00384779,-0.00400474
2004-07-13,0.00060634,0.00089817,0.00076597,-0.00234182
2004-07-14,-0.00294989,-0.00325668,-0.00509053,-0.00868300
2004-07-15,-0.00047316,-0.00452216,0.00132684,-0.00069931
2004-07-16,-0.00566643,-0.00456860,-0.01105468,-0.01528727
2004-07-19,-0.00025660,-0.00062987,-0.00399278,0.00041841
2004-07-20,0.00807980,0.00688696,0.01428429,0.01790651
2004-07-21,-0.01475649,-0.01288246,-0.01884647,-0.02116886
2004-07-22,-0.00061220,0.00261495,-0.00240474,0.00789041
2004-07-23,-0.00887094,-0.00953268,-0.01080310,-0.02060498
2004-07-26,-0.00515337,-0.00179218,-0.00817403,-0.00378554
2004-07-27,0.00940480,0.00984139,0.01514263,0.01632050
2004-07-28,-0.00004235,0.00081361,-0.00540672,-0.00554133
2004-07-29,0.00860736,0.00479838,0.01182325,0.01173582
2004-07-30,0.00194419,0.00118612,0.00592844,0.00297560
2004-08-02,0.00289817,0.00420359,-0.00354886,0.00276764
2004-08-03,-0.00891932,-0.00601851,-0.01078181,-0.01689009
2004-08-04,-0.00169488,-0.00076047,-0.00199992,-0.00183172
2004-08-05,-0.01634809,-0.01622268,-0.01302441,-0.01781424
2004-08-06,-0.01760462,-0.01530567,-0.02013998,-0.02410097
2004-08-09,0.00217506,0.00127256,-0.00435299,-0.00045710
2004-08-10,0.01536630,0.01291171,0.01617965,0.01912805
2004-08-11,-0.00449401,-0.00223088,-0.00510057,-0.01348054
2004-08-12,-0.01200177,-0.01142703,-0.01164648,-0.01569823
2004-08-13,-0.00000405,0.00163190,-0.00050602,0.00258194
2004-08-16,0.01652272,0.01351809,0.01319609,0.01411576
2004-08-17,0.00313858,0.00208121,0.00523140,0.00649493
2004-08-18,0.01394546,0.01250147,0.01602116,0.01992837
2004-08-19,-0.00410684,-0.00347974,-0.00375798,-0.00657360
2004-08-20,0.00807988,0.00647835,0.01311816,0.00930306
2004-08-23,-0.00305960,-0.00243235,-0.00378344,0.00051051
2004-08-24,-0.00028194,0.00044204,0.00121961,-0.00059847
2004-08-25,0.00859899,0.00801978,0.00874745,0.01302907
2004-08-26,0.00019540,0.00009824,-0.00283019,-0.00415120
2004-08-27,0.00228072,0.00261776,0.00588178,0.00489481
2004-08-30,-0.00838314,-0.00769894,-0.00940737,-0.01362762
2004-08-31,0.00432725,0.00459628,0.00512333,0.00082049
2004-09-01,0.00353959,0.00192759,0.00643633,0.00696834
2004-09-02,0.01241631,0.01123320,0.00996124,0.01238311
2004-09-03,-0.00420091,-0.00412555,-0.00503620,-0.01545445
2004-09-07,0.00736612,0.00685548,0.00731043,0.00712362
2004-09-08,-0.00670763,-0.00425412,-0.00487785,-0.00392014
2004-09-09,0.00410792,0.00192194,0.01084124,0.00936709
2004-09-10,0.00595829,0.00483838,0.00892758,0.01314797
2004-09-13,0.00454982,0.00177197,0.00784621,0.00782802
2004-09-14,0.00107583,0.00240928,0.00035080,0.00304259
2004-09-15,-0.00759566,-0.00697300,-0.00383843,-0.00950819
2004-09-16,0.00555027,0.00277096,0.00711635,0.00374672
2004-09-17,0.00455153,0.00456974,0.00066862,0.00328446
2004-09-20,-0.00366648,-0.00564997,-0.00209969,-0.00103586
2004-09-21,0.00743898,0.00626072,0.00790973,0.00618893
2004-09-22,-0.01268824,-0.01389336,-0.01237931,-0.01844902
2004-09-23,-0.00357583,-0.00447692,-0.00084156,0.00049345
2004-09-24,0.00219585,0.00165957,0.00049872,-0.00352074
2004-09-27,-0.00727907,-0.00596855,-0.01044575,-0.01038760
2004-09-28,0.00595504,0.00620739,0.00785147,0.00559674
2004-09-29,0.00437678,0.00432772,0.00971770,0.01322967
2004-09-30,0.00558793,-0.00033466,0.00305941,0.00086648
2004-10-01,0.01543863,0.01499237,0.01661747,0.02441532
2004-10-04,0.00429369,0.00335752,0.00681367,0.00482883
2004-10-05,-0.00220629,-0.00064394,-0.00156441,0.00180706
2004-10-06,0.00690573,0.00693204,0.00726198,0.00782037
2004-10-07,-0.00971741,-0.00990354,-0.01004412,-0.01168697
2004-10-08,-0.00871983,-0.00746929,-0.01082668,-0.01468484
2004-10-11,0.00079961,0.00197220,0.00560194,0.00504229
2004-10-12,-0.00328624,-0.00225797,-0.00166108,-0.00180181
2004-10-13,-0.00835210,-0.00730871,-0.00583582,-0.00275116
2004-10-14,-0.00808152,-0.00945406,-0.00742306,-0.00906400
2004-10-15,0.00535712,0.00435557,0.00413069,0.00467361
2004-10-18,0.00372804,0.00512776,0.00524689,0.01301074
2004-10-19,-0.01016772,-0.00962399,-0.00542151,-0.00725379
2004-10-20,0.00213553,0.00048956,0.00411062,0.00495447
2004-10-21,0.00695840,0.00249239,0.00823903,0.01026469
2004-10-22,-0.00775131,-0.00971826,-0.01052774,-0.01964147
2004-10-25,0.00078202,-0.00090232,0.00403458,-0.00034515
2004-10-26,0.01500233,0.01477983,0.00591401,0.00743087
2004-10-27,0.01412178,0.01318953,0.01411826,0.02193624
2004-10-28,0.00118684,0.00199180,0.00117209,0.00328593
2004-10-29,0.00427455,0.00252058,-0.00016431,-0.00040753
2004-11-01,0.00178440,0.00037595,0.00204577,0.00265730
2004-11-02,-0.00059133,0.00010227,0.00068363,0.00316413
2004-11-03,0.01157111,0.01132018,0.01157375,0.00994738
2004-11-04,0.01723057,0.01627303,0.00644730,0.01016253
2004-11-05,0.00577400,0.00401836,0.00639420,0.00807371
2004-11-08,-0.00138068,-0.00111672,0.00022784,-0.00027702
2004-11-09,0.00069690,-0.00027696,0.00484933,0.00236089
2004-11-10,0.00085209,-0.00087117,0.00421567,-0.00478983
2004-11-11,0.00968195,0.00897917,0.00882027,0.01269771
2004-11-12,0.00850851,0.00887298,0.00654949,0.01085107
2004-11-15,0.00066599,0.00041900,0.00565315,0.00621618
2004-11-16,-0.00650984,-0.00685314,-0.00519225,-0.00771373
2004-11-17,0.00704488,0.00573397,0.00769001,0.00958518
2004-11-18,0.00176518,0.00122864,-0.00051137,0.00231226
2004-11-19,-0.01124109,-0.01096354,-0.00905876,-0.01643687
2004-11-22,0.00777451,0.00583006,0.00742086,0.00694027
2004-11-23,0.00048328,-0.00031450,0.00285869,-0.00073911
2004-11-24,0.00684867,0.00412187,0.00715171,0.00889247
2004-11-26,0.00209347,0.00084180,0.00336866,-0.00071832
2004-11-29,-0.00345843,-0.00331624,0.00529487,0.00258062
2004-11-30,-0.00372741,-0.00397288,-0.00050131,-0.00456286
2004-12-01,0.01440680,0.01512015,0.01265695,0.02001713
2004-12-02,-0.00287382,-0.00092427,0.00328754,0.00224867
2004-12-03,0.00151523,0.00067716,-0.00063953,0.00161765
2004-12-06,-0.00089783,-0.00074825,-0.00219524,0.00172393
2004-12-07,-0.01210169,-0.01079621,-0.01481716,-0.01641190
2004-12-08,0.00321276,0.00482359,0.00617014,0.00540754
2004-12-09,0.00486965,0.00536764,-0.00162425,0.00150753
2004-12-10,0.00075975,-0.00110739,0.00365607,-0.00039140
2004-12-13,0.00872976,0.00915989,0.00759793,0.00953139
2004-12-14,0.00612981,0.00403748,0.00700099,0.00551361
2004-12-15,0.00398719,0.00208390,0.00479089,0.00121881
2004-12-16,-0.00431958,-0.00210909,-0.00357997,-0.00751882
2004-12-17,-0.00434443,-0.00730916,0.00101779,-0.00455973
2004-12-20,-0.00085675,-0.00003796,-0.00503701,-0.00436560
2004-12-21,0.00877246,0.00902173,0.00883053,0.01134204
2004-12-22,0.00295848,0.00370686,0.00341030,0.00277562
2004-12-23,0.00019370,0.00056856,0.00279539,0.00147709
2004-12-27,-0.00511354,-0.00437893,-0.00158256,-0.00322888
2004-12-28,0.00878903,0.00708031,0.01281882,0.01067664
2004-12-29,0.00158452,0.00019474,0.00134425,0.00007453
2004-12-30,0.00130854,0.00009367,0.00321069,0.00039873
2004-12-31,-0.00082033,-0.00132305,0.00137057,-0.00150932
2005-01-03,-0.01232926,-0.00816101,-0.01104496,-0.01044209
2005-01-04,-0.01453128,-0.01129599,-0.01662338,-0.01941707
2005-01-05,-0.00698249,-0.00343864,-0.01085267,-0.00755154
2005-01-06,0.00274005,0.00375810,0.00126694,-0.00059659
2005-01-07,-0.00163035,-0.00143763,-0.00552067,-0.00049605
2005-01-10,0.00332260,0.00352511,0.00447510,0.00413412
2005-01-11,-0.00620989,-0.00589191,-0.00940368,-0.00762978
2005-01-12,0.00448906,0.00444869,0.00187858,0.00601783
2005-01-13,-0.00552916,-0.00867596,-0.00461425,-0.01082090
2005-01-14,0.00785534,0.00609950,0.00839255,0.00882816
2005-01-18,0.00977598,0.00959781,0.00994568,0.00862398
2005-01-19,-0.00861134,-0.00934265,-0.00846163,-0.01524815
2005-01-20,-0.00727238,-0.00766922,-0.00805817,-0.01309283
2005-01-21,-0.00638684,-0.00652643,-0.00178423,-0.00583817
2005-01-24,-0.00509227,-0.00330495,-0.00910790,-0.01186738
2005-01-25,0.00207994,0.00407914,0.00343098,0.00515223
2005-01-26,0.00681403,0.00482032,0.01211156,0.01283908
2005-01-27,0.00333016,0.00062418,0.00077233,0.00078339
2005-01-28,-0.00359516,-0.00270142,-0.00389775,-0.00580773
2005-01-31,0.01142988,0.00858825,0.01293722,0.01285174
2005-02-01,0.00714837,0.00706991,0.00475026,0.00246290
2005-02-02,0.00388674,0.00336716,0.00529558,0.00304199
2005-02-03,-0.00224144,-0.00238055,-0.00152489,-0.00795927
2005-02-04,0.01160405,0.01098894,0.01054188,0.01403837
2005-02-07,-0.00142611,-0.00107181,0.00080032,-0.00256367
2005-02-08,0.00098895,0.00084371,0.00207596,0.00251954
2005-02-09,-0.01085458,-0.00840859,-0.01581670,-0.01676363
2005-02-10,0.00351931,0.00441447,-0.00086285,0.00076039
2005-02-11,0.01036736,0.00714744,0.00979456,0.01145619
2005-02-14,-0.00023493,0.00088685,0.00160854,0.00278361
2005-02-15,0.00392417,0.00317992,0.00003635,0.00373663
2005-02-16,0.00020586,0.00018486,0.00258406,-0.00061927
2005-02-17,-0.00826609,-0.00774089,-0.00850066,-0.01205698
2005-02-18,-0.00018540,0.00077994,-0.00232344,-0.00169365
2005-02-22,-0.01531288,-0.01434946,-0.01344764,-0.01378574
2005-02-23,0.00545686,0.00574704,0.00115341,0.00082075
2005-02-24,0.00958715,0.00823051,0.00714758,0.01019946
2005-02-25,0.01053741,0.00955253,0.00938270,0.00718099
2005-02-28,-0.00610446,-0.00650830,-0.00279804,-0.00742796
2005-03-01,0.00769348,0.00553164,0.00667119,0.00952584
2005-03-02,-0.00104322,0.00023324,-0.00162602,-0.00156990
2005-03-03,0.00100112,0.00042508,-0.00028474,-0.00421644
2005-03-04,0.00982596,0.00968510,0.00371703,0.00605854
2005-03-07,0.00404553,0.00241972,0.00026225,0.00973834
2005-03-08,-0.00593926,-0.00474023,-0.00715484,-0.00832570
2005-03-09,-0.00971127,-0.00984922,-0.00680035,-0.00552998
2005-03-10,0.00098235,0.00168205,-0.00354336,-0.00117494
2005-03-11,-0.00566143,-0.00709564,-0.00157178,-0.00850223
2005-03-14,0.00763614,0.00551125,0.00388409,0.00464985
2005-03-15,-0.00746771,-0.00747912,-0.00435640,-0.00738313
2005-03-16,-0.00964364,-0.00792748,-0.00534414,-0.00999749
2005-03-17,0.00260794,0.00173599,0.00105750,0.00036682
2005-03-18,-0.00202030,-0.00052178,-0.00394467,-0.00455136
2005-03-21,-0.00231739,-0.00467012,-0.00027913,0.00031346
2005-03-22,-0.00879628,-0.01007539,-0.00300273,-0.00866549
2005-03-23,-0.00051697,0.00074981,-0.00657391,0.00086036
2005-03-24,0.00109472,-0.00079039,0.00355190,0.00112186
2005-03-28,0.00092683,0.00255953,-0.00029458,0.00103185
2005-03-29,-0.00953160,-0.00756758,-0.01197322,-0.00901848
2005-03-30,0.01416210,0.01387353,0.01137694,0.01633705
2005-03-31,0.00215767,-0.00058480,0.00125811,-0.00357961
2005-04-01,-0.00497212,-0.00653474,-0.00548783,-0.00732129
2005-04-04,0.00186937,0.00318458,0.00000801,0.00421936
2005-04-05,0.00384400,0.00446436,0.00178727,0.00455364
2005-04-06,0.00243750,0.00243799,0.00194961,-0.00008700
2005-04-07,0.00573531,0.00587774,0.00541904,0.00998109
2005-04-08,-0.00864316,-0.00829068,-0.00881746,-0.00982629
2005-04-11,-0.00027280,0.00007640,-0.00517827,-0.00319421
2005-04-12,0.00570627,0.00562698,0.00339962,0.00713784
2005-04-13,-0.01438736,-0.01163223,-0.01072535,-0.01563148
2005-04-14,-0.01291603,-0.00995487,-0.01288455,-0.01388515
2005-04-15,-0.02004997,-0.01649078,-0.01413395,-0.01880329
2005-04-18,0.00443365,0.00295092,0.00081940,0.00256662
2005-04-19,0.00877384,0.00591703,0.01216660,0.00978725
2005-04-20,-0.01398222,-0.01309363,-0.01016139,-0.00908987
2005-04-21,0.01962291,0.01934511,0.01602101,0.02537699
2005-04-22,-0.00789924,-0.00647534,-0.00962446,-0.01471531
2005-04-25,0.00978805,0.00859250,0.00665729,0.00940127
2005-04-26,-0.00965497,-0.00866934,-0.00866214,-0.01108403
2005-04-27,0.00319172,0.00418699,-0.00014018,0.00240641
2005-04-28,-0.01140734,-0.01114857,-0.01298469,-0.01316503
2005-04-29,0.01085386,0.01184090,0.00588032,0.00918339
2005-05-02,0.00485837,0.00463662,0.00451100,0.00360812
2005-05-03,-0.00037921,-0.00072186,0.00022162,0.00322268
2005-05-04,0.01475003,0.01235850,0.01207091,0.01462764
2005-05-05,-0.00326642,-0.00237428,0.00124854,0.00002127
2005-05-06,0.00099233,-0.00109356,0.00300303,0.00283698
2005-05-09,0.00675640,0.00627826,0.00783834,0.00591167
2005-05-10,-0.01026331,-0.01068419,-0.00668642,-0.00828861
2005-05-11,0.00427639,0.00461226,-0.00067069,0.00456419
2005-05-12,-0.01131728,-0.01001729,-0.00670938,-0.00382286
2005-05-13,-0.00509312,-0.00444617,-0.00027412,0.00688188
2005-05-16,0.01153465,0.01019311,0.00664380,0.00978651
2005-05-17,0.00828445,0.00696055,0.00340776,0.00476550
2005-05-18,0.01313365,0.01023326,0.01464257,0.01318902
2005-05-19,0.00361683,0.00468188,0.00450989,0.00621412
2005-05-20,-0.00010068,-0.00167808,0.00055244,0.00144982
2005-05-23,0.00412539,0.00401575,0.00408035,0.00563170
2005-05-24,-0.00073771,0.00024235,-0.00003951,0.00225794
2005-05-25,-0.00498307,-0.00333370,-0.00570928,-0.00564571
2005-05-26,0.00733975,0.00650394,0.01037520,0.01053641
2005-05-27,0.00177973,0.00114097,0.00284727,0.00195886
2005-05-31,-0.00316117,-0.00611377,0.00061842,-0.00387069
2005-06-01,0.00862797,0.00924669,0.00739413,0.00958128
2005-06-02,0.00289118,0.00193786,0.00299587,0.00470444
2005-06-03,-0.00558059,-0.00683760,-0.00526107,-0.01232172
2005-06-06,0.00166784,0.00137863,0.00295080,0.00240853
2005-06-07,0.00001837,-0.00024076,0.00085847,-0.00394128
2005-06-08,-0.00158387,-0.00205733,-0.00240682,-0.00354757
2005-06-09,0.00548881,0.00540788,0.00718204,0.00885665
2005-06-10,-0.00180504,-0.00234845,0.00060483,-0.00722360
2005-06-13,0.00411910,0.00250447,0.00273001,0.00311813
2005-06-14,0.00389740,0.00270488,0.00506650,0.00001906
2005-06-15,0.00213561,0.00232450,0.00362505,0.00291622
2005-06-16,0.00471973,0.00344617,0.00903107,0.00637723
2005-06-17,0.00485238,0.00476318,0.00017058,0.00040440
2005-06-20,-0.00180924,-0.00077751,-0.00187685,-0.00060906
2005-06-21,-0.00156292,-0.00203972,0.00089658,0.00131564
2005-06-22,0.00092335,0.00032127,0.00207001,0.00033220
2005-06-23,-0.00931925,-0.01059776,-0.01109195,-0.01019528
2005-06-24,-0.00808508,-0.00761399,-0.00355774,-0.00815492
2005-06-27,-0.00126560,-0.00065003,-0.00291173,-0.00352933
2005-06-28,0.01189103,0.00932567,0.01546073,0.01225745
2005-06-29,-0.00114588,-0.00123776,0.00212381,-0.00041320
2005-06-30,-0.00423768,-0.00717829,-0.00212038,-0.00598112
2005-07-01,0.00350781,0.00283329,0.00306169,0.00064891
2005-07-05,0.00926162,0.00899126,0.01155448,0.01083086
2005-07-06,-0.00665468,-0.00808987,-0.00201769,-0.00537166
2005-07-07,0.00285656,0.00251900,0.00198429,0.00368693
2005-07-08,0.01217764,0.01165693,0.01412444,0.01852936
2005-07-11,0.00748648,0.00623358,0.01174079,0.01071063
2005-07-12,0.00160531,0.00228319,0.00117575,0.00355239
2005-07-13,0.00077758,0.00102326,-0.00197165,0.00058621
2005-07-14,0.00196589,0.00272533,-0.00233799,0.00421236
2005-07-15,0.00103416,0.00116042,0.00187849,0.00210117
2005-07-18,-0.00261510,-0.00557421,-0.00366885,-0.00563171
2005-07-19,0.00840039,0.00686508,0.01019572,0.01359531
2005-07-20,0.00737952,0.00475938,0.01002082,0.00689697
2005-07-21,-0.00818236,-0.00653875,-0.00638637,-0.00465731
2005-07-22,0.00690050,0.00537775,0.00940934,0.00031388
2005-07-25,-0.00442746,-0.00372767,-0.00577948,-0.00582707
2005-07-26,0.00384313,0.00159834,0.00488941,0.00431909
2005-07-27,0.00460859,0.00478935,0.00180730,0.00518481
2005-07-28,0.00699116,0.00584648,0.00887780,0.00592609
2005-07-29,-0.00612887,-0.00768860,-0.00051272,-0.00646654
2005-08-01,0.00025196,0.00096985,0.00290681,0.00435700
2005-08-02,0.00615180,0.00721455,0.00535372,0.01103085
2005-08-03,0.00120408,0.00105129,-0.00365995,-0.00005628
2005-08-04,-0.00827703,-0.00740321,-0.01090445,-0.01159417
2005-08-05,-0.00948049,-0.00745964,-0.00847908,-0.00628924
2005-08-08,-0.00257242,-0.00259709,-0.00363912,-0.00654452
2005-08-09,0.00536343,0.00673350,0.00098006,0.00491930
2005-08-10,-0.00019603,-0.00142183,-0.00269029,-0.00788606
2005-08-11,0.00684953,0.00710275,0.00711844,0.00755905
2005-08-12,-0.00471725,-0.00592335,-0.00558243,-0.00821566
2005-08-15,0.00436684,0.00301596,0.00530980,0.00528173
2005-08-16,-0.01299878,-0.01188020,-0.01129377,-0.01395127
2005-08-17,0.00121447,0.00097728,0.00054239,0.00396435
2005-08-18,-0.00207463,-0.00088042,-0.00268155,-0.00430625
2005-08-19,0.00208427,0.00060977,0.00147806,-0.00068120
2005-08-22,0.00133374,0.00160417,0.00447965,0.00230592
2005-08-23,-0.00295350,-0.00349663,0.00082030,-0.00193865
2005-08-24,-0.00449976,-0.00658327,-0.00032508,-0.00385803
2005-08-25,0.00317845,0.00229797,0.00215731,0.00239884
2005-08-26,-0.00622805,-0.00586112,-0.00733530,-0.00631507
2005-08-29,0.00579304,0.00618062,0.00642954,0.00833913
2005-08-30,-0.00363160,-0.00302526,-0.00206840,-0.00370622
2005-08-31,0.01132248,0.01005673,0.01245909,0.01033795
2005-09-01,0.00105143,0.00123785,0.00128896,-0.00232005
2005-09-02,-0.00292508,-0.00284024,-0.00367993,-0.00330844
2005-09-06,0.01198054,0.01264760,0.01044699,0.01365001
2005-09-07,0.00327317,0.00254381,0.00410781,0.00204138
2005-09-08,-0.00518798,-0.00380642,-0.00300069,-0.00314579
2005-09-09,0.00925242,0.00804509,0.00483951,0.00398069
2005-09-12,0.00140583,-0.00074023,0.00475978,0.00336094
2005-09-13,-0.00701488,-0.00734215,-0.00633926,-0.00519106
2005-09-14,-0.00405559,-0.00337034,-0.00711622,-0.01054697
2005-09-15,-0.00054372,0.00051214,-0.00212556,-0.00098330
2005-09-16,0.00644663,0.00817444,0.00720070,0.00653960
2005-09-19,-0.00770779,-0.00545338,-0.00493733,-0.00703258
2005-09-20,-0.00868363,-0.00770482,-0.00460225,-0.00621341
2005-09-21,-0.01123027,-0.00935701,-0.01325058,-0.01223905
2005-09-22,0.00415888,0.00397869,0.00016804,0.00293754
2005-09-23,0.00308066,0.00045433,0.00600239,0.00253902
2005-09-26,0.00027296,0.00025356,0.00495820,0.00191165
2005-09-27,0.00093242,0.00016471,-0.00031478,-0.00223572
2005-09-28,0.00170132,0.00116045,-0.00296745,-0.00072486
2005-09-29,0.00864452,0.00900142,0.00794562,0.01332350
2005-09-30,0.00404616,0.00082085,0.00414592,0.00459050
2005-10-03,0.00010694,-0.00180093,0.00382257,0.00156153
2005-10-04,-0.01062785,-0.00997085,-0.00430817,-0.00785048
2005-10-05,-0.01765116,-0.01439522,-0.01828902,-0.01718859
2005-10-06,-0.00641508,-0.00411074,-0.00816309,-0.00891643
2005-10-07,0.00478171,0.00394600,0.00439818,0.00357121
2005-10-10,-0.01070400,-0.00699921,-0.00572923,-0.00553825
2005-10-11,-0.00491116,-0.00186234,-0.01026158,-0.00834748
2005-10-12,-0.00762235,-0.00578471,-0.01246240,-0.01104678
2005-10-13,-0.00092138,-0.00064086,0.00222858,0.00507013
2005-10-14,0.00960363,0.00817967,0.01191325,0.00895887
2005-10-17,0.00441458,0.00305668,0.00078415,0.00276270
2005-10-18,-0.01046334,-0.00996280,-0.00690476,-0.00670471
2005-10-19,0.01282919,0.01500484,0.01282522,0.01774843
2005-10-20,-0.01178257,-0.01504095,-0.00858811,-0.01114232
2005-10-21,0.00329876,0.00160593,0.00618223,0.00711999
2005-10-24,0.01742481,0.01673127,0.01410273,0.01625538
2005-10-25,-0.00376913,-0.00252918,-0.00332140,-0.00311082
2005-10-26,-0.00368840,-0.00399455,-0.00410275,-0.00366103
2005-10-27,-0.01288278,-0.01026165,-0.01579118,-0.01715138
2005-10-28,0.01636122,0.01652431,0.01045607,0.01270533
2005-10-31,0.01104019,0.00738997,0.01415945,0.01470727
2005-11-01,-0.00162303,-0.00321351,-0.00280306,-0.00250949
2005-11-02,0.01223343,0.01013990,0.01427133,0.01473389
2005-11-03,0.00336231,0.00456910,0.00450565,0.00754837
2005-11-04,0.00002192,0.00024329,0.00164012,0.00440959
2005-11-07,0.00259587,0.00235013,0.00438054,0.00416061
2005-11-08,-0.00544979,-0.00288149,-0.00297076,-0.00219067
2005-11-09,0.00189318,0.00154255,0.00300711,0.00147795
2005-11-10,0.00947171,0.00878805,0.00631725,0.01034112
2005-11-11,0.00237599,0.00299467,0.00310745,0.00238635
2005-11-14,-0.00070460,-0.00066817,-0.00225614,-0.00075652
2005-11-15,-0.00433224,-0.00376910,-0.00868027,-0.00596171
2005-11-16,0.00227279,0.00217806,-0.00331322,0.00110945
2005-11-17,0.01241216,0.00934255,0.01353395,0.01446694
2005-11-18,0.00349090,0.00438885,0.00535200,0.00243871
2005-11-21,0.00516478,0.00525566,0.00749738,0.00679818
2005-11-22,0.00527110,0.00500376,0.00411885,0.00546626
2005-11-23,0.00346482,0.00349584,0.00144886,0.00307073
2005-11-25,0.00175769,0.00207635,0.00132045,0.00141659
2005-11-28,-0.00903019,-0.00847289,-0.01087578,-0.01067860
2005-11-29,0.00180720,0.00013108,0.00064077,-0.00288909
2005-11-30,-0.00320599,-0.00597267,0.00551051,0.00019935
2005-12-01,0.01457285,0.01193387,0.01170836,0.01504205
2005-12-02,0.00121766,0.00037766,0.00184241,0.00248398
2005-12-05,-0.00346280,-0.00237883,-0.00260530,-0.00693264
2005-12-06,0.00186686,0.00126137,0.00257908,0.00101958
2005-12-07,-0.00449709,-0.00476041,-0.00358344,-0.00378064
2005-12-08,0.00010136,-0.00109218,0.00206688,-0.00273384
2005-12-09,0.00451421,0.00280000,0.00463595,0.00408223
2005-12-12,0.00134204,0.00099514,0.00110319,0.00182084
2005-12-13,0.00517935,0.00560032,-0.00056429,0.00175228
2005-12-14,0.00474665,0.00438691,0.00039158,-0.00084097
2005-12-15,-0.00260133,-0.00137054,-0.00365035,-0.00074150
2005-12-16,-0.00166966,-0.00273727,-0.00135985,-0.00350494
2005-12-19,-0.00889080,-0.00589500,-0.00942491,-0.01299608
2005-12-20,0.00083536,-0.00026825,-0.00139649,0.00012714
2005-12-21,0.00404346,0.00243036,0.00651917,0.00412211
2005-12-22,0.00482878,0.00433541,0.00577452,0.00597247
2005-12-23,0.00080036,0.00049901,0.00213168,0.00120430
2005-12-27,-0.00896563,-0.00957349,-0.00863707,-0.00990123
2005-12-28,0.00243465,0.00146661,0.00282366,0.00103205
2005-12-29,-0.00229466,-0.00290367,-0.00104916,-0.00498402
2005-12-30,-0.00533966,-0.00497625,-0.00239021,-0.00608330
2006-01-03,0.01463134,0.01632646,0.00708490,0.01742295
2006-01-04,0.00635522,0.00390853,0.00752596,0.00887756
2006-01-05,0.00019220,-0.00009876,0.00442483,0.00564787
2006-01-06,0.00991253,0.00954489,0.00784599,0.01223417
2006-01-09,0.00571377,0.00371421,0.00700687,0.00599441
2006-01-10,0.00014764,-0.00032639,0.00513826,0.00036186
2006-01-11,0.00219193,0.00367722,0.00185353,0.00456198
2006-01-12,-0.00620896,-0.00635390,-0.00274028,-0.00567820
2006-01-13,0.00100432,0.00107578,0.00370518,-0.00030747
2006-01-17,-0.00402073,-0.00358712,-0.00418583,-0.00584516
2006-01-18,-0.00088958,-0.00380204,0.00038253,-0.01061816
2006-01-19,0.00736577,0.00548182,0.01141947,0.00886428
2006-01-20,-0.01564766,-0.01822224,-0.01005168,-0.02370888
2006-01-23,0.00289840,0.00197568,0.00280829,0.00047742
2006-01-24,0.00638084,0.00234420,0.00971054,0.00721932
2006-01-25,-0.00212630,-0.00170094,-0.00032965,-0.00208821
2006-01-26,0.00817990,0.00735065,0.01260992,0.00977111
2006-01-27,0.00693319,0.00783537,0.00429917,0.00933417
2006-01-30,0.00032090,0.00141624,0.00037299,0.00062557
2006-01-31,-0.00404475,-0.00409510,0.00302796,-0.00080200
2006-02-01,0.00204676,0.00189479,0.00300605,0.00165364
2006-02-02,-0.00851171,-0.00864499,-0.00706963,-0.01306263
2006-02-03,-0.00525477,-0.00541743,-0.00175841,-0.00782259
2006-02-06,0.00322267,0.00068052,0.00240089,-0.00201628
2006-02-07,-0.00814521,-0.00804515,-0.00861748,-0.00545530
2006-02-08,0.00711294,0.00910259,0.00554263,0.01037979
2006-02-09,-0.00189485,-0.00148468,-0.00121398,-0.00575766
2006-02-10,0.00177615,0.00247688,-0.00121847,0.00324471
2006-02-13,-0.00326505,-0.00321399,-0.00587935,-0.00956646
2006-02-14,0.01007280,0.01026211,0.00808394,0.01044003
2006-02-15,0.00382245,0.00380029,0.00665738,0.00714881
2006-02-16,0.00818582,0.00736765,0.00694130,0.00786548
2006-02-17,-0.00146487,-0.00174498,-0.00105495,-0.00581812
2006-02-21,-0.00346676,-0.00322048,-0.00499604,-0.00909255
2006-02-22,0.00910092,0.00753074,0.00615459,0.00947547
2006-02-23,-0.00256495,-0.00338995,-0.00055088,-0.00122520
2006-02-24,0.00122853,0.00135967,0.00401746,0.00281100
2006-02-27,0.00380384,0.00383796,0.00483036,0.00919204
2006-02-28,-0.01105487,-0.01048041,-0.00804085,-0.01120170
2006-03-01,0.00896612,0.00840365,0.01055285,0.01426593
2006-03-02,-0.00176030,-0.00164168,-0.00105373,-0.00192890
2006-03-03,-0.00239240,-0.00145274,-0.00224791,-0.00412036
2006-03-06,-0.00912712,-0.00712650,-0.00564764,-0.00783206
2006-03-07,-0.00377384,-0.00169445,-0.00936379,-0.00700659
2006-03-08,0.00139760,0.00228135,-0.00000104,-0.00016797
2006-03-09,-0.00402666,-0.00492805,-0.00304452,-0.00843724
2006-03-10,0.00814024,0.00740803,0.00612153,0.00576634
2006-03-13,0.00239377,0.00228468,0.00211640,0.00209616
2006-03-14,0.01155191,0.01034018,0.00643970,0.01299786
2006-03-15,0.00537573,0.00426509,0.00630488,0.00666022
2006-03-16,0.00241294,0.00206146,0.00007287,-0.00502739
2006-03-17,0.00226696,0.00141073,0.00054205,0.00293499
2006-03-20,-0.00294542,-0.00129604,0.00191697,0.00313125
2006-03-21,-0.00629223,-0.00593114,-0.00757463,-0.00873722
2006-03-22,0.00571679,0.00592832,0.00754341,0.00435394
2006-03-23,-0.00105475,-0.00250467,0.00270188,-0.00204080
2006-03-24,0.00182933,0.00083830,0.00725995,0.00542235
2006-03-27,-0.00085621,-0.00110247,0.00159928,0.00135561
2006-03-28,-0.00473109,-0.00650037,-0.00282982,-0.00458437
2006-03-29,0.00917680,0.00760837,0.01215832,0.01495491
2006-03-30,-0.00274307,-0.00195474,0.00026631,0.00120256
2006-03-31,-0.00361701,-0.00411480,0.00562526,-0.00034861
2006-04-03,0.00133331,0.00228546,-0.00581004,-0.00154495
2006-04-04,0.00576817,0.00639613,0.00070851,0.00414773
2006-04-05,0.00541913,0.00431759,0.00271940,0.00620985
2006-04-06,-0.00137219,-0.00182800,0.00026622,0.00038193
2006-04-07,-0.01006217,-0.01036129,-0.00734013,-0.00912620
2006-04-10,0.00008872,0.00094284,-0.00212443,-0.00176610
2006-04-11,-0.00909973,-0.00750270,-0.01020152,-0.00917253
2006-04-12,0.00158766,0.00139459,0.00481884,0.00219087
2006-04-13,0.00131434,0.00058483,0.00495243,0.00419254
2006-04-17,-0.00177187,-0.00282580,-0.00218138,-0.00623480
2006-04-18,0.01797736,0.01714996,0.01617169,0.01931961
2006-04-19,0.00343351,0.00194907,0.00912484,0.00635067
2006-04-20,0.00181956,0.00114089,-0.00188580,-0.00360790
2006-04-21,-0.00130845,-0.00021145,-0.00182975,-0.00833621
2006-04-24,-0.00245637,-0.00224306,-0.00501058,-0.00405591
2006-04-25,-0.00419379,-0.00480241,0.00041850,-0.00149825
2006-04-26,0.00222982,0.00298368,0.00127755,0.00145972
2006-04-27,0.00056172,0.00347940,-0.00151337,0.00577215
2006-04-28,0.00079240,0.00015010,0.00311576,-0.01020549
2006-05-01,-0.00401291,-0.00396862,-0.00479185,-0.00863539
2006-05-02,0.00583841,0.00608767,0.00365016,0.00207693
2006-05-03,-0.00199616,-0.00383840,0.00241193,-0.00263364
2006-05-04,0.00412443,0.00326920,0.00625444,0.00872625
2006-05-05,0.00996356,0.01037728,0.00636359,0.00815357
2006-05-08,0.00071305,-0.00080069,0.00013318,0.00087428
2006-05-09,-0.00113476,0.00043208,-0.00252212,-0.00284964
2006-05-10,-0.00025539,-0.00123020,-0.00475593,-0.00608701
2006-05-11,-0.01250335,-0.01264194,-0.01672594,-0.02105637
2006-05-12,-0.01186396,-0.01117348,-0.01324888,-0.01262655
2006-05-15,0.00082697,0.00276482,-0.00668260,-0.00007536
2006-05-16,-0.00365735,-0.00156977,0.00080954,-0.00432478
2006-05-17,-0.01606003,-0.01657666,-0.01101222,-0.01464347
2006-05-18,-0.00604297,-0.00631054,-0.00551377,-0.00640966
2006-05-19,0.00551620,0.00406870,0.00226948,0.00544879
2006-05-22,-0.00541051,-0.00381446,-0.00840823,-0.00799151
2006-05-23,-0.00496816,-0.00416506,-0.00269178,-0.00684252
2006-05-24,0.00049439,0.00177729,-0.00085510,0.00558665
2006-05-25,0.01109138,0.01167671,0.01205608,0.01347083
2006-05-26,0.00669631,0.00568772,0.00601186,0.00511717
2006-05-30,-0.01479788,-0.01588532,-0.01547545,-0.02108878
2006-05-31,0.01019208,0.00831571,0.00894004,0.00617625
2006-06-01,0.01266762,0.01216365,0.01554373,0.01983897
2006-06-02,0.00042009,0.00179636,0.00220263,-0.00057842
2006-06-05,-0.01928542,-0.01780578,-0.01896242,-0.02255862
2006-06-06,-0.00304446,-0.00116927,-0.00463207,-0.00266643
2006-06-07,-0.00505806,-0.00584511,-0.00138327,-0.00451314
2006-06-08,0.00061515,0.00166288,-0.00334358,-0.00162131
2006-06-09,-0.00270729,-0.00449895,-0.00339899,-0.00516802
2006-06-12,-0.01515599,-0.01258453,-0.01803875,-0.01984387
2006-06-13,-0.01109182,-0.01004321,-0.01286392,-0.00762543
2006-06-14,0.00490666,0.00538508,0.00157299,0.00592801
2006-06-15,0.02416913,0.02127654,0.02405344,0.02743211
2006-06-16,-0.00419306,-0.00366743,-0.00749684,-0.00648324
2006-06-19,-0.01004040,-0.00896593,-0.01129897,-0.00875549
2006-06-20,-0.00133641,0.00002383,-0.00201064,-0.00186460
2006-06-21,0.01129373,0.00977988,0.01161140,0.01688072
2006-06-22,-0.00517086,-0.00502954,-0.00221058,-0.00870972
2006-06-23,0.00042546,-0.00088766,0.00104910,-0.00118222
2006-06-26,0.00434085,0.00480445,0.00739772,0.00598235
2006-06-27,-0.01103455,-0.00900265,-0.01185478,-0.01459688
2006-06-28,0.00442716,0.00567482,0.00158075,0.00575906
2006-06-29,0.02287886,0.02138664,0.02559392,0.02976176
2006-06-30,0.00102044,-0.00202466,0.00667808,-0.00112812
2006-07-03,0.00552706,0.00773305,0.00531818,0.00876399
2006-07-05,-0.01011322,-0.00716061,-0.00961383,-0.01696672
2006-07-06,0.00130807,0.00268950,0.00139264,0.00053097
2006-07-07,-0.00760007,-0.00679098,-0.01138337,-0.01162350
2006-07-10,0.00061126,0.00161031,-0.00288625,-0.00557063
2006-07-11,0.00421652,0.00412493,0.00557344,0.00564514
2006-07-12,-0.01125267,-0.01106778,-0.01252366,-0.01863820
2006-07-13,-0.01410233,-0.01293571,-0.01627132,-0.01680090
2006-07-14,-0.00673044,-0.00495703,-0.00794698,-0.00812953
2006-07-17,-0.00121351,-0.00137501,-0.00584038,0.00058706
2006-07-18,0.00000455,0.00191141,0.00171366,0.00304240
2006-07-19,0.01897057,0.01852186,0.02169278,0.01799675
2006-07-20,-0.01155395,-0.00840667,-0.01705293,-0.01987124
2006-07-21,-0.00991105,-0.00674635,-0.01275579,-0.00826010
2006-07-24,0.01727286,0.01653051,0.01849366,0.02021376
2006-07-25,0.00789929,0.00656484,0.00665847,0.00582423
2006-07-26,-0.00112695,-0.00045924,-0.00226318,-0.00273714
2006-07-27,-0.00671921,-0.00413509,-0.00690160,-0.00769303
2006-07-28,0.01281951,0.01223830,0.01435111,0.01996865
2006-07-31,-0.00069307,-0.00137904,0.00243719,-0.00186620
2006-08-01,-0.00597618,-0.00447422,-0.01182105,-0.01420272
2006-08-02,0.00745481,0.00631970,0.00686289,0.00821029
2006-08-03,0.00477131,0.00166479,0.00615361,0.00678706
2006-08-04,-0.00103526,-0.00068998,-0.00340945,-0.00354423
2006-08-07,-0.00288497,-0.00267802,-0.00588771,-0.00596490
2006-08-08,-0.00457725,-0.00309555,-0.00819066,-0.00612901
2006-08-09,-0.00625676,-0.00425645,-0.00776246,-0.00004915
2006-08-10,0.00658040,0.00497460,0.00461049,0.00561984
2006-08-11,-0.00547684,-0.00382965,-0.00700340,-0.00691482
2006-08-14,0.00205339,0.00132870,0.00246272,0.00616561
2006-08-15,0.01631272,0.01357146,0.01614411,0.02278583
2006-08-16,0.01236358,0.00764437,0.01083209,0.01541253
2006-08-17,0.00232004,0.00170794,0.00593314,0.00425745
2006-08-18,0.00145023,0.00371960,0.00162960,0.00322311
2006-08-21,-0.00591779,-0.00365126,-0.00719107,-0.00761400
2006-08-22,0.00087673,0.00081101,0.00306097,0.00073394
2006-08-23,-0.00582721,-0.00445437,-0.00748326,-0.00731006
2006-08-24,0.00052501,0.00229455,0.00096235,0.00089210
2006-08-25,-0.00085564,-0.00064377,0.00147764,0.00128714
2006-08-28,0.00674268,0.00518891,0.00806973,0.00993702
2006-08-29,0.00436306,0.00216966,0.00907934,0.00567080
2006-08-30,0.00110054,0.00039085,0.00694585,0.00577441
2006-08-31,0.00219981,-0.00013466,0.00232569,-0.00054258
2006-09-01,0.00481302,0.00555589,0.00191745,0.00431796
2006-09-05,0.00231932,0.00177989,0.00609567,0.00566871
2006-09-06,-0.01115191,-0.00962505,-0.01421554,-0.01687770
2006-09-07,-0.00510598,-0.00470368,-0.00486944,-0.00560572
2006-09-08,0.00577212,0.00392245,0.00253331,0.00508405
2006-09-11,0.00108318,0.00055019,-0.00053236,0.00399971
2006-09-12,0.01395919,0.01034898,0.01686787,0.01950196
2006-09-13,0.00529050,0.00416748,0.00721483,0.00571801
2006-09-14,-0.00174675,-0.00110846,-0.00137257,0.00017540
2006-09-15,0.00323193,0.00266477,0.00127058,0.00328268
2006-09-18,0.00019610,0.00106222,0.00076430,-0.00016685
2006-09-19,-0.00294323,-0.00217572,-0.00383871,-0.00568963
2006-09-20,0.00577435,0.00541046,0.00849144,0.01428639
2006-09-21,-0.00667087,-0.00522685,-0.00550296,-0.00656907
2006-09-22,-0.00383597,-0.00260522,-0.00878993,-0.00874487
2006-09-25,0.01050397,0.00876878,0.00715536,0.01401904
2006-09-26,0.00653984,0.00760787,0.00260367,0.00594259
2006-09-27,0.00018037,0.00036586,0.00336288,0.00053650
2006-09-28,0.00189647,0.00202286,0.00203934,0.00317399
2006-09-29,-0.00382336,-0.00257449,-0.00423521,-0.00615966
2006-10-02,-0.00312421,-0.00349419,-0.00774801,-0.00925686
2006-10-03,0.00004079,0.00200108,-0.00181647,0.00341230
2006-10-04,0.01292822,0.01217069,0.01533477,0.02123379
2006-10-05,0.00461568,0.00246815,0.01033483,0.00685803
2006-10-06,-0.00333915,-0.00258751,-0.00168786,-0.00260524
2006-10-09,0.00252289,0.00082845,0.00571788,0.00525495
2006-10-10,0.00271087,0.00209722,0.00287698,0.00148003
2006-10-11,-0.00219863,-0.00248785,-0.00257801,-0.00334325
2006-10-12,0.01065396,0.00954569,0.01563532,0.01700709
2006-10-13,0.00175898,0.00194083,0.00633866,0.00474137
2006-10-16,0.00553041,0.00256241,0.00767731,0.00299522
2006-10-17,-0.00512749,-0.00371247,-0.00482265,-0.00833833
2006-10-18,-0.00011477,0.00147437,-0.00150644,-0.00296706
2006-10-19,0.00022654,0.00067768,0.00431452,0.00142622
2006-10-20,-0.00176305,0.00141686,-0.00427349,0.00106715
2006-10-23,0.00621122,0.00648003,0.00030778,0.00597768
2006-10-24,0.00157367,0.00029069,-0.00212940,-0.00444845
2006-10-25,0.00269842,0.00323076,0.00399209,0.00418845
2006-10-26,0.00612880,0.00507614,0.00922828,0.00975039
2006-10-27,-0.00831436,-0.00843187,-0.00796167,-0.01230797
2006-10-30,0.00277509,0.00032639,0.00282553,0.00609936
2006-10-31,-0.00034586,-0.00001147,-0.00085592,0.00121191
2006-11-01,-0.00822009,-0.00716201,-0.01382481,-0.01354441
2006-11-02,0.00010273,-0.00006055,-0.00313632,-0.00017463
2006-11-03,-0.00275645,-0.00218938,0.00394869,-0.00153300
2006-11-06,0.01174227,0.01121903,0.01017322,0.01498303
2006-11-07,0.00232229,0.00229203,0.00318820,0.00434418
2006-11-08,0.00275203,0.00226665,0.00449547,0.00379807
2006-11-09,-0.00486920,-0.00525439,-0.00719813,-0.00367858
2006-11-10,0.00368671,0.00177678,0.00604696,0.00599826
2006-11-13,0.00353496,0.00276936,0.00493534,0.00683093
2006-11-14,0.00713947,0.00648556,0.01070577,0.01053339
2006-11-15,0.00400853,0.00273113,0.00710518,0.00527327
2006-11-16,0.00303759,0.00219339,0.00002187,0.00229018
2006-11-17,-0.00052596,0.00106032,-0.00223284,-0.00110812
2006-11-20,-0.00056330,-0.00067148,0.00153275,0.00262246
2006-11-21,0.00272441,0.00158021,0.00095585,0.00036859
2006-11-22,0.00444236,0.00264959,0.00145518,0.00433530
2006-11-24,-0.00270739,-0.00367696,-0.00037256,-0.00272921
2006-11-27,-0.01557984,-0.01369816,-0.01829833,-0.02221725
2006-11-28,0.00231620,0.00365320,0.00216312,0.00308612
2006-11-29,0.01018121,0.00961020,0.00905726,0.00805450
2006-11-30,0.00248674,0.00071534,0.00293133,-0.00071510
2006-12-01,-0.00376274,-0.00292787,-0.00379694,-0.00785788
2006-12-04,0.01209054,0.00898390,0.01298976,0.01514080
2006-12-05,0.00441410,0.00408795,0.00221636,0.00163537
2006-12-06,-0.00016536,-0.00104262,0.00027726,-0.00292896
2006-12-07,-0.00430684,-0.00392722,-0.00291345,-0.00747087
2006-12-08,0.00100170,0.00185648,0.00054402,0.00433690
2006-12-11,0.00075970,0.00228082,0.00102852,0.00278527
2006-12-12,-0.00177228,-0.00106008,-0.00403197,-0.00444808
2006-12-13,0.00064071,0.00144778,0.00046960,0.00035740
2006-12-14,0.00851664,0.00885086,0.00521615,0.00884942
2006-12-15,-0.00073970,0.00115234,-0.00019960,0.00129105
2006-12-18,-0.00533910,-0.00334639,-0.00926625,-0.00895904
2006-12-19,0.00123758,0.00218326,-0.00101166,-0.00252679
2006-12-20,0.00010443,-0.00140686,0.00379018,-0.00087917
2006-12-21,-0.00400658,-0.00345444,-0.00143270,-0.00488063
2006-12-22,-0.00387924,-0.00513972,-0.00067685,-0.00636491
2006-12-26,0.00381018,0.00438287,0.00611052,0.00573842
2006-12-27,0.00694534,0.00718159,0.00964557,0.00744818
2006-12-28,-0.00205215,-0.00146324,-0.00143452,-0.00253381
2006-12-29,-0.00472688,-0.00448880,-0.00370971,-0.00443322
2007-01-03,-0.00098560,-0.00069822,-0.00071228,0.00301739
2007-01-04,0.00095791,0.00125017,0.00366187,0.01292734
2007-01-05,-0.00710835,-0.00604337,-0.01151482,-0.00788105
2007-01-08,0.00269778,0.00257217,0.00055651,0.00142930
2007-01-09,0.00108125,-0.00047492,0.00074484,0.00342680
2007-01-10,0.00319560,0.00199296,0.00239621,0.00610137
2007-01-11,0.00750245,0.00648294,0.00772348,0.01105058
2007-01-12,0.00368005,0.00478266,0.00622004,0.00706184
2007-01-16,0.00082915,0.00070824,-0.00042582,-0.00196205
2007-01-17,-0.00057158,-0.00087172,-0.00232112,-0.00803775
2007-01-18,-0.00406046,-0.00299812,-0.01134144,-0.01481888
2007-01-19,0.00469288,0.00282245,0.00488613,0.00307986
2007-01-22,-0.00507092,-0.00515609,-0.00631177,-0.00840138
2007-01-23,0.00558798,0.00340432,0.00522756,-0.00097116
2007-01-24,0.00741865,0.00842470,0.00838294,0.01490269
2007-01-25,-0.01049282,-0.01117701,-0.00896129,-0.01313333
2007-01-26,0.00039318,-0.00121270,0.00388183,0.00046429
2007-01-29,-0.00018438,-0.00103003,0.00587575,0.00218798
2007-01-30,0.00616646,0.00572192,0.00458551,0.00326535
2007-01-31,0.00740377,0.00683927,0.00331274,0.00656449
2007-02-01,0.00790564,0.00559760,0.00714134,0.00161457
2007-02-02,0.00285999,0.00170902,0.00295500,0.00283447
2007-02-05,-0.00106441,-0.00079032,-0.00131797,-0.00212558
2007-02-06,0.00277848,0.00067556,0.00254654,0.00021066
2007-02-07,0.00337681,0.00172686,0.00563133,0.00791782
2007-02-08,-0.00000419,-0.00107657,0.00099565,-0.00091457
2007-02-09,-0.00722170,-0.00691672,-0.00697967,-0.01156343
2007-02-12,-0.00341494,-0.00320666,-0.00102254,-0.00387209
2007-02-13,0.00827827,0.00761682,0.00425264,0.00399700
2007-02-14,0.00850583,0.00780243,0.00371197,0.01081574
2007-02-15,0.00301165,0.00126779,0.00132725,0.00373911
2007-02-16,-0.00025142,-0.00078001,0.00338452,-0.00050883
2007-02-20,0.00435482,0.00307455,0.00902991,0.00654872
2007-02-21,-0.00016107,-0.00132641,0.00184568,0.00219173
2007-02-22,0.00056346,-0.00060700,0.00340081,0.00298601
2007-02-23,-0.00182998,-0.00340980,-0.00147436,-0.00446386
2007-02-26,-0.00129070,-0.00099210,-0.00317964,-0.00458848
2007-02-27,-0.03301445,-0.03447950,-0.03124434,-0.03827447
2007-02-28,0.00447137,0.00551909,0.00239171,0.00361972
2007-03-01,-0.00377768,-0.00237474,-0.00494124,-0.00473504
2007-03-02,-0.01291982,-0.01133751,-0.01286771,-0.01485982
2007-03-05,-0.01138854,-0.00921178,-0.01469639,-0.01061584
2007-03-06,0.01547741,0.01539406,0.01790408,0.01865709
2007-03-07,-0.00150575,-0.00217709,-0.00186847,-0.00470186
2007-03-08,0.00835491,0.00704371,0.00426477,0.00518472
2007-03-09,0.00205669,0.00059827,0.00246742,0.00030048
2007-03-12,0.00300925,0.00270693,0.00412462,0.00589951
2007-03-13,-0.02076476,-0.02011695,-0.01844446,-0.02135424
2007-03-14,0.00636851,0.00669320,0.00312529,0.00968499
2007-03-15,0.00552236,0.00375865,0.00662983,0.00285674
2007-03-16,-0.00361051,-0.00375036,-0.00305249,-0.00264882
2007-03-19,0.01027388,0.01091468,0.00754471,0.00960216
2007-03-20,0.00641450,0.00642072,0.00689516,0.00574944
2007-03-21,0.01600522,0.01710854,0.01295648,0.02012094
2007-03-22,-0.00121490,-0.00027502,0.00230512,-0.00184567
2007-03-23,0.00286026,0.00104014,0.00231901,-0.00155369
2007-03-26,-0.00017144,0.00096643,0.00033573,0.00278436
2007-03-27,-0.00609630,-0.00612559,-0.00565698,-0.00727932
2007-03-28,-0.00761508,-0.00776220,-0.00531303,-0.00823926
2007-03-29,0.00212023,0.00374164,0.00085820,0.00044208
2007-03-30,-0.00016341,-0.00117879,0.00187429,0.00131162
2007-04-02,0.00409021,0.00260649,0.00113632,0.00013022
2007-04-03,0.00936311,0.00960274,0.00832496,0.01181088
2007-04-04,0.00009171,0.00116656,-0.00130609,0.00327250
2007-04-05,0.00348778,0.00329150,0.00271769,0.00500084
2007-04-09,0.00108600,0.00065712,-0.00082533,-0.00081088
2007-04-10,0.00190765,0.00252141,0.00206899,0.00339269
2007-04-11,-0.00599821,-0.00658127,-0.00455569,-0.00738354
2007-04-12,0.00687621,0.00620263,0.00636701,0.00947665
2007-04-13,0.00228996,0.00335813,0.00593833,0.00477555
2007-04-16,0.01093401,0.01095172,0.01045168,0.01069537
2007-04-17,0.00171576,0.00207432,-0.00230875,-0.00039178
2007-04-18,0.00158146,0.00069042,-0.00384079,-0.00287839
2007-04-19,-0.00174038,-0.00127864,-0.00430988,-0.00163508
2007-04-20,0.00830540,0.00938329,0.00806293,0.00873466
2007-04-23,0.00086552,-0.00242126,-0.00133061,-0.00092063
2007-04-24,0.00068433,-0.00038770,-0.00110815,0.00043706
2007-04-25,0.01003185,0.01021544,0.00501649,0.00918997
2007-04-26,-0.00003773,-0.00052519,0.00240880,0.00260467
2007-04-27,-0.00156463,-0.00002985,-0.00365123,0.00111796
2007-04-30,-0.01066204,-0.00779696,-0.01159583,-0.01253167
2007-05-01,0.00311309,0.00270993,0.00014350,0.00256542
2007-05-02,0.00825928,0.00649853,0.01088985,0.01093822
2007-05-03,0.00332998,0.00464246,0.00101120,0.00308875
2007-05-04,0.00154667,0.00216212,0.00273890,0.00246291
2007-05-07,0.00206598,0.00262824,-0.00023137,-0.00061320
2007-05-08,-0.00158353,-0.00108626,-0.00196396,0.00032869
2007-05-09,0.00527070,0.00332807,0.00284121,0.00109364
2007-05-10,-0.01419720,-0.01376832,-0.01470344,-0.01664508
2007-05-11,0.00915631,0.00961782,0.00867942,0.01104042
2007-05-14,-0.00255214,-0.00170180,-0.00640059,-0.00613390
2007-05-15,-0.00243704,-0.00120007,-0.00835752,-0.00829462
2007-05-16,0.00665982,0.00887306,0.00424734,0.00927923
2007-05-17,-0.00098102,-0.00077332,-0.00249762,-0.00329626
2007-05-18,0.00667686,0.00661056,0.00675286,0.00787231
2007-05-21,0.00229413,0.00144141,0.00949631,0.00805358
2007-05-22,0.00011880,-0.00071210,0.00672295,0.00346533
2007-05-23,-0.00215948,-0.00118192,-0.00156743,-0.00439934
2007-05-24,-0.01146953,-0.00953085,-0.01104392,-0.01551941
2007-05-25,0.00536039,0.00540638,0.00559580,0.00733636
2007-05-29,0.00253199,0.00148279,0.00630225,0.00592389
2007-05-30,0.00851701,0.00826623,0.00424221,0.00839294
2007-05-31,0.00239061,0.00034641,0.00414632,0.00464838
2007-06-01,0.00459892,0.00392491,0.00577842,0.00333182
2007-06-04,0.00226455,0.00210339,0.00218477,0.00180843
2007-06-05,-0.00607235,-0.00541125,-0.00409031,-0.00269747
2007-06-06,-0.00960343,-0.00855078,-0.00589389,-0.00882287
2007-06-07,-0.01862845,-0.01746935,-0.01196396,-0.01768503
2007-06-08,0.01213733,0.01139361,0.00739975,0.01272896
2007-06-11,0.00073128,0.00097959,-0.00031429,-0.00111019
2007-06-12,-0.01070287,-0.01070576,-0.00980321,-0.00870765
2007-06-13,0.01567655,0.01538384,0.00869439,0.01295710
2007-06-14,0.00400869,0.00479998,0.00470930,0.00682924
2007-06-15,0.00630559,0.00647355,0.00849864,0.01049162
2007-06-18,-0.00171676,-0.00113485,0.00089086,-0.00043001
2007-06-19,0.00092079,0.00167944,0.00243955,0.00004795
2007-06-20,-0.01233948,-0.01351463,-0.00895542,-0.01019315
2007-06-21,0.00706427,0.00637342,0.00179938,0.00637660
2007-06-22,-0.01078848,-0.01285790,-0.00605371,-0.01124273
2007-06-25,-0.00509041,-0.00313605,-0.00544035,-0.00438386
2007-06-26,-0.00422719,-0.00321827,-0.00016314,-0.00073640
2007-06-27,0.00985076,0.00919924,0.01091821,0.01239209
2007-06-28,-0.00018970,-0.00039002,0.00120658,0.00117870
2007-06-29,-0.00148045,-0.00158850,-0.00222867,-0.00422574
2007-07-02,0.01161552,0.01083000,0.00821711,0.01034043
2007-07-03,0.00230518,0.00390679,0.00282075,0.00540651
2007-07-05,0.00165338,0.00029508,0.00178179,0.00413582
2007-07-06,0.00468354,0.00371212,0.00297744,0.00341693
2007-07-09,-0.00013383,0.00096795,0.00132363,0.00105990
2007-07-10,-0.01507765,-0.01425503,-0.01167007,-0.01179500
2007-07-11,0.00491132,0.00589382,0.00197630,0.00466374
2007-07-12,0.01664180,0.01908797,0.01125625,0.01881812
2007-07-13,0.00295025,0.00309795,-0.00007939,0.00163218
2007-07-16,-0.00418670,-0.00189985,-0.00510622,-0.00329004
2007-07-17,-0.00010454,-0.00008420,0.00187206,0.00592667
2007-07-18,-0.00203273,-0.00210788,-0.00467871,-0.00509845
2007-07-19,0.00567328,0.00461772,0.00626240,0.00733325
2007-07-20,-0.01386179,-0.01225259,-0.01046210,-0.01194937
2007-07-23,0.00212094,0.00489430,-0.00038061,0.00114714
2007-07-24,-0.02083565,-0.01956874,-0.02044897,-0.01823645
2007-07-25,0.00117434,0.00460873,-0.00099429,0.00330380
2007-07-26,-0.02458032,-0.02333113,-0.01984525,-0.01788650
2007-07-27,-0.01617399,-0.01587471,-0.01162836,-0.01401606
2007-07-30,0.01155716,0.01012334,0.00351382,0.00762581
2007-07-31,-0.01201328,-0.01262219,-0.00415703,-0.01500913
2007-08-01,0.00468491,0.00734606,-0.00327192,0.00338891
2007-08-02,0.00501364,0.00471483,0.00485931,0.00875783
2007-08-03,-0.02966249,-0.02637893,-0.02459269,-0.02459018
2007-08-06,0.02153945,0.02412979,0.00369498,0.01658929
2007-08-07,0.00518979,0.00605923,0.00772186,0.00516269
2007-08-08,0.01234507,0.01446310,0.02184515,0.02040413
2007-08-09,-0.02854595,-0.02930251,-0.01089540,-0.01988959
2007-08-10,0.00298244,0.00021123,-0.00272322,-0.00523686
2007-08-13,0.00156756,-0.00020018,-0.00562293,-0.00182540
2007-08-14,-0.02137764,-0.01815739,-0.01550480,-0.01619524
2007-08-15,-0.01692977,-0.01354038,-0.01057741,-0.01522771
2007-08-16,0.00273733,0.00319524,0.00899666,-0.00109861
2007-08-17,0.02374073,0.02442784,0.01672614,0.02106718
2007-08-20,0.00126090,-0.00034606,0.00140369,-0.00016276
2007-08-21,0.00305227,0.00103147,0.00257387,0.00454503
2007-08-22,0.01339297,0.01181598,0.01055213,0.01202714
2007-08-23,-0.00307997,-0.00119857,-0.00685003,-0.00447671
2007-08-24,0.01153636,0.01182757,0.00916053,0.01402468
2007-08-27,-0.01134790,-0.00844686,-0.00529010,-0.00617808
2007-08-28,-0.02462355,-0.02334763,-0.01716364,-0.02331246
2007-08-29,0.02297176,0.02220165,0.01645265,0.02469931
2007-08-30,-0.00476403,-0.00422646,-0.00272657,0.00080221
2007-08-31,0.01198685,0.01117818,0.00898770,0.01161000
2007-09-04,0.00998769,0.01041696,0.00791719,0.01310401
2007-09-05,-0.01271846,-0.01104989,-0.00694147,-0.00947435
2007-09-06,0.00445414,0.00435852,0.00415606,0.00304392
2007-09-07,-0.01850282,-0.01681314,-0.01497565,-0.01883186
2007-09-10,-0.00502824,-0.00127688,-0.00664514,-0.00225280
2007-09-11,0.01242242,0.01366286,0.01105451,0.01526223
2007-09-12,-0.00110579,0.00031451,-0.00255619,-0.00258264
2007-09-13,0.00714234,0.00842635,0.00170361,0.00388091
2007-09-14,0.00236469,0.00034965,0.00244572,0.00040063
2007-09-17,-0.00573399,-0.00515932,-0.00705281,-0.00781233
2007-09-18,0.03139457,0.02913234,0.02659153,0.02694992
2007-09-19,0.00758599,0.00619210,0.01104222,0.00547554
2007-09-20,-0.01005758,-0.00652806,-0.00474892,-0.00458153
2007-09-21,0.00303881,0.00467032,0.00301150,0.00606646
2007-09-24,-0.00675308,-0.00531500,-0.00545071,-0.00178629
2007-09-25,-0.00158236,-0.00031629,-0.00156399,0.00560602
2007-09-26,0.00626185,0.00549782,0.00625975,0.00574374
2007-09-27,0.00458234,0.00395889,0.00515362,0.00338170
2007-09-28,-0.00263366,-0.00294782,-0.00473777,-0.00319693
2007-10-01,0.01429695,0.01323042,0.01606304,0.01546159
2007-10-02,0.00211673,-0.00017172,0.00648789,0.00298700
2007-10-03,-0.00287424,-0.00432059,-0.00492532,-0.00618905
2007-10-04,0.00074420,0.00214277,0.00329605,0.00058197
2007-10-05,0.01299609,0.00978272,0.01303194,0.01496428
2007-10-08,-0.00433156,-0.00304316,-0.00201790,0.00203603
2007-10-09,0.00729594,0.00805646,0.00445633,0.00598086
2007-10-10,-0.00189251,-0.00151995,0.00041246,0.00221320
2007-10-11,-0.00652549,-0.00502352,-0.01016495,-0.01375684
2007-10-12,0.00443632,0.00478819,0.00642096,0.01152407
2007-10-15,-0.00956609,-0.00839236,-0.00946654,-0.00884943
2007-10-16,-0.00826293,-0.00654140,-0.00548524,-0.00523475
2007-10-17,0.00021943,0.00187278,0.00141205,0.01005890
2007-10-18,-0.00117281,-0.00071470,0.00007785,0.00153417
2007-10-19,-0.02545396,-0.02556014,-0.02388479,-0.02646020
2007-10-22,0.00699065,0.00389826,0.00829719,0.01170874
2007-10-23,0.00660228,0.00871209,0.00783553,0.01470882
2007-10-24,-0.00311685,-0.00246295,-0.00839069,-0.00887564
2007-10-25,-0.00074907,-0.00074039,-0.00395326,-0.00829098
2007-10-26,0.01175445,0.01400934,0.01072240,0.02014630
2007-10-29,0.00319804,0.00394850,0.00141044,0.00336210
2007-10-30,-0.00503951,-0.00632225,-0.00507576,0.00125660
2007-10-31,0.01140377,0.01200780,0.00941611,0.01588566
2007-11-01,-0.02715632,-0.02602395,-0.02848220,-0.02249065
2007-11-02,0.00059597,0.00098989,0.00020883,0.00472490
2007-11-05,-0.00591675,-0.00495183,-0.00804626,-0.00437970
2007-11-06,0.01057455,0.01205615,0.00606907,0.01050666
2007-11-07,-0.02911588,-0.02861612,-0.02395510,-0.02787551
2007-11-08,0.00358079,-0.00084329,0.00065663,-0.01943138
2007-11-09,-0.01193620,-0.01435153,-0.00984350,-0.02459502
2007-11-12,-0.00932421,-0.00972672,-0.00459925,-0.01327976
2007-11-13,0.02857902,0.02964091,0.01954417,0.03431594
2007-11-14,-0.00877170,-0.00672634,-0.00545648,-0.01124943
2007-11-15,-0.01345473,-0.01303907,-0.01103472,-0.00825175
2007-11-16,0.00128878,0.00524468,-0.00209244,0.00594009
2007-11-19,-0.01967708,-0.01726729,-0.01832313,-0.01583548
2007-11-20,0.00135098,0.00469472,-0.00292648,0.00188239
2007-11-21,-0.01464455,-0.01575948,-0.00954525,-0.01343255
2007-11-23,0.01854543,0.01692454,0.01456722,0.01336430
2007-11-26,-0.02258788,-0.02275071,-0.01818663,-0.02271837
2007-11-27,0.01350160,0.01460224,0.00574807,0.01575575
2007-11-28,0.03066178,0.02883160,0.02753139,0.03192839
2007-11-29,-0.00191840,0.00050504,-0.00114891,0.00184712
2007-11-30,0.00954357,0.00771669,0.00301533,-0.00232039
2007-12-03,-0.00507513,-0.00584833,-0.00799116,-0.00803990
2007-12-04,-0.00635966,-0.00626484,-0.00706305,-0.00596816
2007-12-05,0.01431554,0.01601237,0.01178826,0.01874014
2007-12-06,0.01778314,0.01499904,0.01921511,0.01665250
2007-12-07,0.00012178,-0.00178539,0.00058782,-0.00156425
2007-12-10,0.00932602,0.00748371,0.00508228,0.00531574
2007-12-11,-0.03231197,-0.02509783,-0.02106740,-0.02397249
2007-12-12,0.00478087,0.00616089,0.00250403,0.00725363
2007-12-13,-0.00092990,0.00140916,-0.00179800,-0.00097172
2007-12-14,-0.01597482,-0.01364058,-0.01386658,-0.01252147
2007-12-17,-0.01382506,-0.01488362,-0.01861070,-0.02203416
2007-12-18,0.00660348,0.00630018,0.01065066,0.00856065
2007-12-19,-0.00191238,-0.00130626,0.00184079,0.00174689
2007-12-20,0.00451413,0.00527079,0.01038783,0.01562879
2007-12-21,0.01560394,0.01681418,0.01644639,0.01785554
2007-12-24,0.00870384,0.00802269,0.00873689,0.00829868
2007-12-26,-0.00142622,0.00077496,0.00535359,0.00345173
2007-12-27,-0.01444619,-0.01389934,-0.01920574,-0.01780889
2007-12-28,-0.00031782,0.00150850,-0.00300203,-0.00069793
2007-12-31,-0.00371878,-0.00697758,-0.00154372,-0.00829779
2008-01-02,-0.01700454,-0.01407786,-0.01310028,-0.01711461
2008-01-03,-0.00554374,0.00021240,-0.00988868,-0.00319642
2008-01-04,-0.02811647,-0.02440183,-0.02648911,-0.03664406
2008-01-07,0.00286678,0.00328055,-0.00018178,-0.00074478
2008-01-08,-0.02146033,-0.01757979,-0.01670377,-0.02451523
2008-01-09,0.00958578,0.01338466,0.00135300,0.01576614
2008-01-10,0.01208492,0.00793985,0.00885989,0.00542447
2008-01-11,-0.01351121,-0.01369641,-0.01590836,-0.01861237
2008-01-14,0.00961798,0.01075282,0.00828160,0.01601930
2008-01-15,-0.02576581,-0.02484308,-0.01532170,-0.02299779
2008-01-16,0.00148280,-0.00542951,0.00566203,-0.00888781
2008-01-17,-0.02986948,-0.02855624,-0.01993300,-0.01934458
2008-01-18,-0.00416470,-0.00603159,-0.00756108,-0.00402659
2008-01-22,-0.00363952,-0.01106466,-0.00816491,-0.02028127
2008-01-23,0.03060911,0.02090165,0.02250138,0.01104956
2008-01-24,0.00682797,0.00999965,0.00385358,0.01750173
2008-01-25,-0.01220056,-0.01585264,-0.00278769,-0.01483812
2008-01-28,0.02091617,0.01736625,0.01319760,0.01009349
2008-01-29,0.00969897,0.00613024,0.00440467,0.00307155
2008-01-30,-0.00626712,-0.00487547,-0.00421077,-0.00493580
2008-01-31,0.01961672,0.01548171,0.01871646,0.01751857
2008-02-01,0.02216463,0.01357684,0.01630497,0.01010890
2008-02-04,-0.01140025,-0.01034921,-0.00546365,-0.01390943
2008-02-05,-0.03210764,-0.03167850,-0.02133079,-0.02921388
2008-02-06,-0.00699958,-0.00731341,-0.00892170,-0.01309648
2008-02-07,0.00965245,0.00818750,0.00756617,0.00655468
2008-02-08,-0.00493692,-0.00416752,-0.00314273,0.00446970
2008-02-11,0.00800416,0.00611570,0.00186875,0.00604275
2008-02-12,0.00506592,0.00720697,0.00407686,0.00039843
2008-02-13,0.01376264,0.01388764,0.01770756,0.02277479
2008-02-14,-0.01492625,-0.01350754,-0.01601517,-0.01781880
2008-02-15,0.00067088,0.00077777,-0.00638278,-0.00440171
2008-02-19,-0.00118399,-0.00098568,-0.00068890,-0.00750569
2008-02-20,0.01128212,0.00839005,0.00473324,0.00929702
2008-02-21,-0.01519582,-0.01239725,-0.01187363,-0.01420604
2008-02-22,0.00952837,0.00778701,-0.00281516,0.00110507
2008-02-25,0.01650825,0.01373216,0.01313279,0.01021125
2008-02-26,0.00899876,0.00713352,0.00910474,0.00815321
2008-02-27,-0.00264167,-0.00072736,0.00041799,0.00351393
2008-02-28,-0.01317748,-0.00874403,-0.01099563,-0.00921791
2008-02-29,-0.03017877,-0.02696798,-0.01878123,-0.02541863
2008-03-03,-0.00009462,0.00044242,-0.00719928,-0.00506611
2008-03-04,-0.00190741,-0.00331269,-0.00407951,0.00140749
2008-03-05,0.00513330,0.00561632,0.00148304,0.00575318
2008-03-06,-0.02626699,-0.02160968,-0.02274046,-0.02289252
2008-03-07,-0.00676424,-0.00826164,-0.00594581,-0.00232673
2008-03-10,-0.01853695,-0.01529638,-0.02031913,-0.01754651
2008-03-11,0.03881346,0.03706574,0.03012968,0.04006891
2008-03-12,-0.00980258,-0.00842957,-0.00449776,-0.00538924
2008-03-13,0.00699933,0.00515569,0.01083109,0.00900965
2008-03-14,-0.02142560,-0.02050118,-0.01800945,-0.02234132
2008-03-17,-0.01591234,-0.00863604,-0.01624250,-0.01382842
2008-03-18,0.04332846,0.04219779,0.03167355,0.04175840
2008-03-19,-0.02259814,-0.02400888,-0.01565104,-0.02421825
2008-03-20,0.02469137,0.02415103,0.01949861,0.02260536
2008-03-24,0.02100934,0.01501528,0.02368142,0.02867063
2008-03-25,0.00340054,0.00235125,0.00873460,0.00576710
2008-03-26,-0.01273165,-0.00862669,-0.00158378,-0.00822183
2008-03-27,-0.01176897,-0.01130513,-0.00976167,-0.01899906
2008-03-28,-0.01111699,-0.00791094,-0.00956650,-0.00938927
2008-03-31,0.00757432,0.00576092,0.00626739,0.00967239
2008-04-01,0.03958771,0.03605439,0.02370091,0.03739108
2008-04-02,0.00198751,-0.00163357,0.00281832,-0.00066147
2008-04-03,0.00272971,0.00123898,-0.00066960,-0.00028174
2008-04-04,0.00017095,0.00090017,0.00060634,0.00346811
2008-04-07,0.00029696,0.00147060,-0.00017859,-0.00245694
2008-04-08,-0.00645920,-0.00464267,-0.00164015,-0.00717692
2008-04-09,-0.01250721,-0.00779949,-0.01405668,-0.01043613
2008-04-10,0.00438192,0.00455167,0.00774469,0.01356821
2008-04-11,-0.01768044,-0.02019792,-0.01981369,-0.02650618
2008-04-14,-0.00473616,-0.00315984,-0.00609617,-0.00635903
2008-04-15,0.00418891,0.00482648,0.00340168,0.00487455
2008-04-16,0.02475520,0.02251563,0.02118641,0.02729813
2008-04-17,0.00232096,0.00063720,-0.00519716,-0.00256027
2008-04-18,0.01804219,0.01795479,0.01522155,0.02628491
2008-04-21,-0.00340638,-0.00136281,-0.00196836,0.00201090
2008-04-22,-0.01466065,-0.00866732,-0.01718219,-0.01335035
2008-04-23,0.00363733,0.00311798,0.00419413,0.01217190
2008-04-24,0.01005190,0.00639031,0.01233549,0.01060543
2008-04-25,0.01017150,0.00611775,0.00499163,-0.00351839
2008-04-28,0.00086396,-0.00117507,0.00487598,0.00030251
2008-04-29,-0.00267172,-0.00369661,-0.00362543,0.00067423
2008-04-30,-0.00719895,-0.00403260,-0.00038555,-0.00513085
2008-05-01,0.02252780,0.01721560,0.01649339,0.02847168
2008-05-02,0.00239481,0.00301259,-0.00393308,-0.00226841
2008-05-05,-0.00617444,-0.00446159,-0.00339717,-0.00578910
2008-05-06,0.00954569,0.00759165,0.00678018,0.00789730
2008-05-07,-0.01778940,-0.01743071,-0.01519993,-0.01787289
2008-05-08,0.00187240,0.00367060,0.00173927,0.00495101
2008-05-09,-0.00422050,-0.00632679,-0.00041763,-0.00248962
2008-05-12,0.01475869,0.01113921,0.01441688,0.01694644
2008-05-13,0.00157688,-0.00029218,0.00431802,0.00313610
2008-05-14,0.00670700,0.00427482,-0.00043972,0.00099071
2008-05-15,0.01211549,0.01063622,0.00692034,0.01465288
2008-05-16,-0.00088180,0.00123423,-0.00245388,-0.00313501
2008-05-19,-0.00082651,0.00087451,-0.00196046,-0.00441468
2008-05-20,-0.00940146,-0.00926032,-0.00515209,-0.01010906
2008-05-21,-0.01684242,-0.01594219,-0.00825928,-0.01767497
2008-05-22,0.00312921,0.00294750,0.00734479,0.00801214
2008-05-23,-0.01391534,-0.01302769,-0.00909249,-0.00844700
2008-05-27,0.00891761,0.00688891,0.01164318,0.01592435
2008-05-28,0.00534259,0.00407705,0.00270888,0.00156447
2008-05-29,0.00693882,0.00543170,0.00836198,0.00990305
2008-05-30,0.00137079,0.00148063,0.00343851,0.00483915
2008-06-02,-0.01087536,-0.01046861,-0.01085269,-0.01268715
2008-06-03,-0.00363497,-0.00558397,-0.00134364,-0.00429577
2008-06-04,0.00122632,0.00018613,0.00633021,0.00997602
2008-06-05,0.01609835,0.01966404,0.01671515,0.01873159
2008-06-06,-0.03314052,-0.03056457,-0.02356997,-0.02974960
2008-06-09,-0.00232010,0.00114496,-0.00932434,-0.00602940
2008-06-10,-0.00286909,-0.00227352,-0.00129960,-0.00285032
2008-06-11,-0.02186911,-0.01671678,-0.01712812,-0.02257786
2008-06-12,0.00666016,0.00356062,0.00380014,0.00566682
2008-06-13,0.01725819,0.01498138,0.01376038,0.02082635
2008-06-16,0.00233379,0.00008404,0.00774149,0.00640566
2008-06-17,-0.01014229,-0.00665341,-0.00756869,-0.00779647
2008-06-18,-0.01216838,-0.00964367,-0.01087970,-0.01194154
2008-06-19,0.00777628,0.00391622,0.00720041,0.01369788
2008-06-20,-0.01966261,-0.01847821,-0.01232853,-0.02268281
2008-06-23,-0.00564906,0.00024897,-0.01260638,-0.00850687
2008-06-24,-0.00287851,-0.00272527,-0.01276509,-0.00655778
2008-06-25,0.00842014,0.00598961,0.00862279,0.01409986
2008-06-26,-0.03020454,-0.02884121,-0.02043738,-0.03162102
2008-06-27,-0.00371753,-0.00364594,-0.00591931,-0.00240138
2008-06-30,-0.00284159,0.00114252,-0.01119794,-0.00965036
2008-07-01,0.00282964,0.00422060,-0.00256906,0.00546640
2008-07-02,-0.02007836,-0.01795958,-0.02002163,-0.02208308
2008-07-03,-0.00348346,0.00104218,-0.00588873,-0.00205676
2008-07-07,-0.01037730,-0.00813811,-0.01181087,0.00069109
2008-07-08,0.02404416,0.01732563,0.02887250,0.02270744
2008-07-09,-0.02630451,-0.02243667,-0.01952490,-0.02668212
2008-07-10,0.00148799,0.00726310,0.00548153,0.01119365
2008-07-11,-0.01237163,-0.01101548,0.00355921,-0.00624371
2008-07-14,-0.01275885,-0.00846407,-0.01624496,-0.01227131
2008-07-15,-0.00681225,-0.01061413,-0.00397418,0.00260404
2008-07-16,0.03318530,0.02465793,0.03436235,0.03143319
2008-07-17,0.02105006,0.01158809,0.01971158,0.01278755
2008-07-18,0.00081803,-0.00008794,-0.00237758,-0.01452303
2008-07-21,-0.00239881,-0.00063272,0.00385919,-0.00295498
2008-07-22,0.01857410,0.01341073,0.02229040,0.01227222
2008-07-23,0.00926678,0.00401075,0.00875340,0.00891816
2008-07-24,-0.03111627,-0.02257030,-0.01518475,-0.01925503
2008-07-25,0.00177317,0.00420623,0.00988146,0.01396134
2008-07-28,-0.01835180,-0.01825312,-0.01819454,-0.01987328
2008-07-29,0.02880877,0.02322557,0.02011823,0.02579569
2008-07-30,0.01165375,0.01672659,0.00391654,0.00470186
2008-07-31,-0.00904194,-0.01285374,-0.00053935,-0.00239057
2008-08-01,-0.00537726,-0.00559395,0.00383840,-0.00619206
2008-08-04,-0.00900968,-0.00874084,-0.01139263,-0.00950750
2008-08-05,0.03196399,0.02862073,0.01736312,0.02935972
2008-08-06,0.00342672,0.00416539,0.00819619,0.01126596
2008-08-07,-0.01958582,-0.01789142,-0.01222836,-0.00893364
2008-08-08,0.02841956,0.02381055,0.02367301,0.02606493
2008-08-11,0.01196156,0.00708853,0.02078513,0.01193242
2008-08-12,-0.01450726,-0.01140567,-0.00489259,-0.00321222
2008-08-13,-0.00414946,-0.00254140,0.00395554,-0.00106756
2008-08-14,0.01157112,0.00538516,0.00725560,0.00956752
2008-08-15,0.00738492,0.00427409,-0.00126376,0.00037099
2008-08-18,-0.01753490,-0.01462687,-0.01204638,-0.01496740
2008-08-19,-0.01358197,-0.00904830,-0.01387991,-0.01347692
2008-08-20,0.00388173,0.00653671,0.00069044,0.00103598
2008-08-21,0.00193873,0.00261223,-0.00636930,-0.00390015
2008-08-22,0.01326653,0.01144529,0.01284980,0.01578096
2008-08-25,-0.02007349,-0.01937202,-0.01897932,-0.02054126
2008-08-26,0.00296166,0.00362848,0.00202877,-0.00164235
2008-08-27,0.01088977,0.00804981,0.00892589,0.00856971
2008-08-28,0.01968594,0.01471896,0.01570584,0.01297179
2008-08-29,-0.01065368,-0.01374383,-0.00705072,-0.01877706
2008-09-02,-0.00072006,-0.00412914,0.00098380,-0.00688027
2008-09-03,-0.00108494,-0.00178732,0.00446448,-0.00554016
2008-09-04,-0.03143055,-0.02950220,-0.02354264,-0.03160346
2008-09-05,0.00796801,0.00447479,-0.00013471,-0.00125608
2008-09-08,0.02241492,0.02114650,0.01443457,0.00821551
2008-09-09,-0.03759984,-0.03347737,-0.02238955,-0.02408215
2008-09-10,0.00593301,0.00629526,0.00671725,0.00766149
2008-09-11,0.01306696,0.01443790,0.00100621,0.01451419
2008-09-12,0.00477884,0.00183835,-0.00036051,0.00056185
2008-09-15,-0.04462205,-0.04424934,-0.03135414,-0.03335536
2008-09-16,0.01445392,0.01727262,0.01881644,0.01305821
2008-09-17,-0.04809414,-0.04655490,-0.03705695,-0.04952795
2008-09-18,0.05046099,0.04228977,0.05434541,0.04750507
2008-09-19,0.04002258,0.03978533,0.03917965,0.03284064
2008-09-22,-0.04772165,-0.03768080,-0.03384365,-0.04219518
2008-09-23,-0.01550340,-0.01526735,-0.01087797,-0.01120832
2008-09-24,-0.00217646,-0.00112563,-0.01251855,0.00163294
2008-09-25,0.01678634,0.01986770,0.00777810,0.01525532
2008-09-26,0.00070451,0.00379533,-0.00035512,0.00523525
2008-09-29,-0.08729798,-0.08498273,-0.05306875,-0.09212741
2008-09-30,0.04744872,0.05332137,0.02158843,0.05592286
2008-10-01,-0.00796822,-0.00469091,-0.00637969,-0.01069932
2008-10-02,-0.05081607,-0.03977491,-0.03558832,-0.04385066
2008-10-03,-0.01686588,-0.01224631,-0.01954969,-0.01394369
2008-10-06,-0.03978458,-0.03763705,-0.04116257,-0.03811712
2008-10-07,-0.05927416,-0.05774452,-0.04460103,-0.06166080
2008-10-08,-0.01227241,-0.01060538,-0.01812789,-0.00737368
2008-10-09,-0.07748459,-0.07461536,-0.06350020,-0.05499416
2008-10-10,-0.01002702,-0.01159101,0.02392090,0.00621251
2008-10-13,0.11444902,0.11544237,0.07928680,0.11647644
2008-10-14,-0.00402183,-0.00575599,-0.01369763,-0.03554561
2008-10-15,-0.09683108,-0.08969123,-0.06484466,-0.08413262
2008-10-16,0.04003782,0.04361302,0.04925642,0.05732279
2008-10-17,-0.00305806,-0.00622099,-0.00905247,-0.00404938
2008-10-20,0.04433713,0.04711352,0.02881859,0.03522822
2008-10-21,-0.03231533,-0.03053819,-0.02038639,-0.04090321
2008-10-22,-0.06481668,-0.05885270,-0.04008331,-0.04370569
2008-10-23,-0.00622308,0.01133352,-0.01780847,-0.00728858
2008-10-24,-0.03462188,-0.03365914,-0.02819207,-0.03210586
2008-10-27,-0.03383622,-0.03149960,-0.03008397,-0.02806357
2008-10-28,0.10557463,0.10699376,0.05132079,0.09834334
2008-10-29,-0.00396336,-0.01135999,0.01249639,-0.00124157
2008-10-30,0.03145746,0.02674671,0.03415536,0.03030806
2008-10-31,0.02085106,0.01541129,0.03730305,0.01183368
2008-11-03,-0.00002918,-0.00283044,0.00771732,0.00193744
2008-11-04,0.04349240,0.04010862,0.01244545,0.03076183
2008-11-05,-0.05296474,-0.05151144,-0.04128366,-0.05517487
2008-11-06,-0.05530503,-0.04923717,-0.02876811,-0.04158435
2008-11-07,0.02799490,0.02921872,0.01266108,0.02419297
2008-11-10,-0.02095218,-0.01176135,-0.01747056,-0.01820108
2008-11-11,-0.02926271,-0.02157394,-0.01795187,-0.01961091
2008-11-12,-0.05641816,-0.05052187,-0.04406725,-0.05001401
2008-11-13,0.07488652,0.06859166,0.05785237,0.06714003
2008-11-14,-0.04727150,-0.04141338,-0.04706946,-0.04928381
2008-11-17,-0.02989541,-0.02563616,-0.01064974,-0.02318515
2008-11-18,0.00236491,0.01042230,-0.00715204,0.00213387
2008-11-19,-0.06914261,-0.05957818,-0.05511583,-0.06389564
2008-11-20,-0.07194019,-0.06446237,-0.04938634,-0.04810233
2008-11-21,0.06470662,0.06430454,0.02890754,0.05313345
2008-11-24,0.08018863,0.06375871,0.05741758,0.06379351
2008-11-25,0.01243693,0.00630933,0.00886425,-0.00428872
2008-11-26,0.04768497,0.03514639,0.04878164,0.04444795
2008-11-28,0.01018238,0.00878300,0.00985535,0.00142308
2008-12-01,-0.09704569,-0.08781568,-0.08321640,-0.08917355
2008-12-02,0.04051794,0.03872797,0.03652086,0.03776717
2008-12-03,0.02693919,0.02627761,0.02322940,0.03105356
2008-12-04,-0.02996375,-0.02853900,-0.02392126,-0.03104886
2008-12-05,0.04719477,0.03680159,0.03579902,0.04527718
2008-12-08,0.04021887,0.03761281,0.03470025,0.04130697
2008-12-09,-0.01932380,-0.02280525,-0.02231175,-0.01513003
2008-12-10,0.02180765,0.01180349,0.01532796,0.01050555
2008-12-11,-0.03633083,-0.02764165,-0.03524121,-0.03731752
2008-12-12,0.01140025,0.00671016,0.02492618,0.02179741
2008-12-15,-0.01921822,-0.01245832,-0.02320993,-0.02064505
2008-12-16,0.06245606,0.05058471,0.04722858,0.05401470
2008-12-17,0.00004638,-0.00949130,0.00743306,-0.00821854
2008-12-18,-0.02298648,-0.02045807,-0.00934349,-0.01659185
2008-12-19,0.00725224,0.00259363,0.00355223,0.00710570
2008-12-22,-0.02709999,-0.01717880,-0.01612112,-0.01941750
2008-12-23,-0.01175747,-0.00939875,-0.00671387,-0.00692014
2008-12-24,0.00620918,0.00616605,0.00356214,0.00309478
2008-12-26,0.00661538,0.00503093,0.00851497,0.00299159
2008-12-29,-0.00795768,-0.00355297,-0.01660928,-0.01180670
2008-12-30,0.03182853,0.02419551,0.02255917,0.02735279
2008-12-31,0.01982556,0.01402608,0.02853190,0.01533855
2009-01-02,0.03882907,0.03163112,0.02282544,0.03473670
2009-01-05,0.00367335,-0.00462947,-0.00129742,-0.00450524
2009-01-06,0.01850475,0.00707611,0.01589837,0.01256530
2009-01-07,-0.03482085,-0.02926707,-0.02706076,-0.03304911
2009-01-08,0.00780824,0.00259092,0.00955357,0.01090190
2009-01-09,-0.02496854,-0.02076320,-0.03312694,-0.02929748
2009-01-12,-0.02979220,-0.02199357,-0.02172288,-0.01875834
2009-01-13,0.00160306,0.00208812,0.00712582,0.00525749
2009-01-14,-0.03797206,-0.03192365,-0.03237726,-0.03679786
2009-01-15,0.00932122,0.00203213,0.01679488,0.01463532
2009-01-16,0.01249733,0.00790339,0.00302418,0.01189192
2009-01-20,-0.05874914,-0.05118236,-0.05330942,-0.05756348
2009-01-21,0.04385721,0.04177238,0.03905767,0.04600647
2009-01-22,-0.01916413,-0.01447093,-0.02354051,-0.02635829
2009-01-23,0.00893041,0.00460760,-0.00301706,0.00834404
2009-01-26,0.00645769,0.00596610,0.01060181,0.00862589
2009-01-27,0.01330957,0.01069643,0.01101282,0.00936692
2009-01-28,0.03924471,0.03219004,0.03088927,0.03520872
2009-01-29,-0.03823316,-0.03183565,-0.03180768,-0.03228133
2009-01-30,-0.02867421,-0.02215457,-0.01213491,-0.02094782
2009-02-02,-0.00352067,-0.00051768,0.01262712,0.01378246
2009-02-03,0.01791034,0.01665327,0.00683131,0.01523906
2009-02-04,-0.00384764,-0.00623202,-0.00674645,-0.00036695
2009-02-05,0.02077383,0.01694555,0.01604924,0.02170572
2009-02-06,0.03111382,0.02666494,0.02659047,0.02954722
2009-02-09,-0.00008258,0.00103305,-0.00412780,-0.00032205
2009-02-10,-0.05364871,-0.04776223,-0.03751210,-0.04207883
2009-02-11,0.00897064,0.00806137,0.00480354,0.00595393
2009-02-12,0.00263637,0.00223366,0.00188627,0.00728259
2009-02-13,-0.00822397,-0.00983903,0.00233401,-0.00480110
2009-02-17,-0.05161094,-0.04354317,-0.03823317,-0.04107431
2009-02-18,-0.00432061,0.00035091,-0.00854324,0.00018197
2009-02-19,-0.01571296,-0.01021971,-0.01273025,-0.01685835
2009-02-20,-0.00786606,-0.01056774,-0.01241498,0.00170892
2009-02-23,-0.03917083,-0.03510088,-0.02994470,-0.03713737
2009-02-24,0.04639966,0.03800272,0.03586570,0.03895179
2009-02-25,-0.01257132,-0.01056994,-0.01673574,-0.01117684
2009-02-26,-0.01627562,-0.01578309,-0.01329016,-0.02509041
2009-02-27,-0.01881187,-0.02058979,-0.00554314,-0.01054259
2009-03-02,-0.05649906,-0.04539314,-0.04507137,-0.03671032
2009-03-03,-0.00803243,-0.00631519,-0.01216319,-0.00076206
2009-03-04,0.03161547,0.02381295,0.02001493,0.02322310
2009-03-05,-0.04846625,-0.04053305,-0.04625457,-0.03894792
2009-03-06,-0.00168827,0.00167335,0.00226802,-0.00472168
2009-03-09,-0.00939819,-0.01067442,-0.01819702,-0.01853898
2009-03-10,0.07155437,0.06064095,0.06242306,0.07017717
2009-03-11,0.00586382,0.00262536,0.00178875,0.01190534
2009-03-12,0.04370749,0.04016853,0.05706027,0.03862023
2009-03-13,0.00765654,0.00725282,0.00887348,0.00304339
2009-03-16,-0.00599328,-0.00391295,-0.01232570,-0.02029132
2009-03-17,0.03423134,0.03160032,0.03844082,0.04157501
2009-03-18,0.02963053,0.01958606,0.02759686,0.01977883
2009-03-19,-0.01064687,-0.01201089,-0.00601799,-0.00570403
2009-03-20,-0.02608275,-0.01872167,-0.02203524,-0.01702632
2009-03-23,0.07852560,0.06952656,0.06817526,0.06792945
2009-03-24,-0.01835191,-0.01830567,-0.03170283,-0.02579133
2009-03-25,0.00788265,0.00810116,0.01896003,0.00777169
2009-03-26,0.03257736,0.02322743,0.03799849,0.03828394
2009-03-27,-0.02154960,-0.01881720,-0.03208758,-0.02623052
2009-03-30,-0.04408712,-0.03438457,-0.02443324,-0.02725396
2009-03-31,0.01422028,0.01289055,0.01561040,0.01767939
2009-04-01,0.01647398,0.01620026,0.01346669,0.01396149
2009-04-02,0.04175645,0.02805713,0.04121144,0.03215215
2009-04-03,0.01701032,0.00936226,0.00950197,0.00980570
2009-04-06,-0.01193701,-0.00832518,-0.01621632,-0.01040667
2009-04-07,-0.02916464,-0.02292020,-0.02652219,-0.02761152
2009-04-08,0.02003912,0.01179890,0.02067538,0.01795274
2009-04-09,0.05294639,0.03636007,0.04828271,0.03860586
2009-04-13,0.00277693,0.00205819,0.00048547,-0.00021670
2009-04-14,-0.02380534,-0.01977786,-0.02294114,-0.01688203
2009-04-15,0.01580644,0.01188439,0.00976653,-0.00060614
2009-04-16,0.02190090,0.01537876,0.02455549,0.02702426
2009-04-17,0.01270074,0.00510482,0.00958390,0.00028075
2009-04-20,-0.05263588,-0.04105349,-0.04645725,-0.03724828
2009-04-21,0.02831575,0.02030454,0.03098834,0.02177487
2009-04-22,0.00202046,-0.00759244,0.00394765,0.00127077
2009-04-23,0.01006315,0.00990290,-0.00969158,0.00389309
2009-04-24,0.02573434,0.01668272,0.02248313,0.02619145
2009-04-27,-0.01753126,-0.00927941,-0.01395184,-0.00838602
2009-04-28,-0.00528266,-0.00289455,0.00625751,-0.00354635
2009-04-29,0.02893923,0.02144849,0.03272360,0.02360247
2009-04-30,0.00475046,-0.00092763,-0.00165897,0.00319760
2009-05-01,0.00619604,0.00505332,0.00162452,-0.00069858
2009-05-04,0.04184366,0.03252572,0.03168166,0.02280817
2009-05-05,-0.00381951,-0.00362812,-0.00443637,-0.00394607
2009-05-06,0.01685376,0.01672577,0.00415647,0.00209008
2009-05-07,-0.02029500,-0.01298464,-0.01706430,-0.02386593
2009-05-08,0.03120452,0.02349481,0.03113127,0.01259038
2009-05-11,-0.02709000,-0.02034019,-0.00993183,-0.00458430
2009-05-12,-0.00820406,-0.00039338,-0.01069970,-0.00853266
2009-05-13,-0.03732362,-0.02565320,-0.03530731,-0.02874486
2009-05-14,0.01425334,0.00972453,0.01588841,0.01414368
2009-05-15,-0.01187469,-0.01091931,-0.00536240,-0.00569187
2009-05-18,0.03674053,0.03002361,0.03326939,0.03085794
2009-05-19,0.00104521,-0.00159638,-0.00013727,0.00112909
2009-05-20,-0.00606457,-0.00487831,-0.00298382,-0.00476400
2009-05-21,-0.01987947,-0.01635970,-0.01449269,-0.01866591
2009-05-22,-0.00017473,-0.00103141,-0.00235236,-0.00240861
2009-05-26,0.03154344,0.02608868,0.03676273,0.03489685
2009-05-27,-0.01960699,-0.01869288,-0.01460714,-0.01184149
2009-05-28,0.01443108,0.01543981,0.00367257,0.01165280
2009-05-29,0.01692555,0.01352285,0.01626103,0.01333345
2009-06-01,0.03620731,0.02603941,0.03172465,0.03010856
2009-06-02,0.00188148,0.00218599,0.00749344,0.00479184
2009-06-03,-0.01908636,-0.01286856,-0.00636778,-0.00447089
2009-06-04,0.01418670,0.01116539,0.01639626,0.01181218
2009-06-05,-0.00249813,-0.00216193,-0.00053645,-0.00037720
2009-06-08,-0.00294553,-0.00073153,-0.00582156,-0.00332582
2009-06-09,0.00736063,0.00355765,0.00643755,0.00896764
2009-06-10,-0.00287652,-0.00335428,-0.00741027,-0.00416402
2009-06-11,0.00510639,0.00599903,0.00956042,0.00379086
2009-06-12,-0.00086931,0.00139270,0.00031877,-0.00084642
2009-06-15,-0.02758736,-0.02349430,-0.02454351,-0.02194595
2009-06-16,-0.01555111,-0.01245782,-0.01257835,-0.01101392
2009-06-17,-0.00237280,-0.00081010,0.00844867,0.00883918
2009-06-18,0.00632114,0.00827136,0.00467041,0.00034664
2009-06-19,0.00425908,0.00306434,0.00709429,0.01201554
2009-06-22,-0.03493034,-0.02945408,-0.03204626,-0.03214805
2009-06-23,0.00079711,0.00207981,-0.00482541,-0.00105395
2009-06-24,0.01030080,0.00676755,0.00845974,0.01509337
2009-06-25,0.02489102,0.02146240,0.02469607,0.02134445
2009-06-26,-0.00112272,-0.00176397,0.02373007,0.00353651
2009-06-29,0.00878569,0.00906303,-0.00629106,0.00409384
2009-06-30,-0.00787282,-0.00829926,-0.00498965,-0.00533139
2009-07-01,0.00567739,0.00415817,0.01443024,0.00528510
2009-07-02,-0.03413227,-0.02871878,-0.02905840,-0.02744086
2009-07-06,0.00061533,0.00252806,-0.00551137,-0.00415127
2009-07-07,-0.02321751,-0.01937976,-0.01398540,-0.02337220
2009-07-08,-0.00273008,-0.00057365,-0.00674658,0.00258819
2009-07-09,0.00672956,0.00309596,-0.00041194,0.00236295
2009-07-10,-0.00236120,-0.00386743,0.00367631,0.00219508
2009-07-13,0.02430155,0.02465607,0.01917973,0.02197291
2009-07-14,0.00835378,0.00515607,0.00394318,0.00326781
2009-07-15,0.03113575,0.02918257,0.03131123,0.03503072
2009-07-16,0.01172383,0.00875589,0.00973179,0.01177223
2009-07-17,-0.00162800,-0.00023366,-0.00427967,0.00089364
2009-07-20,0.01721490,0.01140473,0.01126258,0.01130081
2009-07-21,0.00023504,0.00395497,-0.00387793,0.00400699
2009-07-22,0.00271694,-0.00045261,0.00746690,0.00514489
2009-07-23,0.02907726,0.02305503,0.02339076,0.02458670
2009-07-24,0.00663749,0.00278225,0.00295543,-0.00482641
2009-07-27,0.00510062,0.00266545,0.00296946,-0.00011593
2009-07-28,-0.00323940,-0.00263758,0.00439070,0.00410633
2009-07-29,-0.00685863,-0.00408245,-0.00481541,-0.00314547
2009-07-30,0.01519669,0.01185332,0.01464036,0.00896247
2009-07-31,0.00200860,0.00062260,-0.00022468,-0.00379694
2009-08-03,0.01949056,0.01516197,0.01433478,0.01478924
2009-08-04,0.00558815,0.00277900,0.00583801,0.00084503
2009-08-05,-0.00174748,-0.00301098,-0.01069089,-0.00977137
2009-08-06,-0.00579998,-0.00574919,-0.01277358,-0.00901878
2009-08-07,0.02232310,0.01304730,0.02139691,0.01398374
2009-08-10,-0.00558964,-0.00331487,0.00120685,-0.00313601
2009-08-11,-0.01223066,-0.01168860,-0.01346443,-0.01100843
2009-08-12,0.01424932,0.01156745,0.01687053,0.01555202
2009-08-13,0.00859245,0.00691698,0.00351864,0.00535045
2009-08-14,-0.01278631,-0.00838503,-0.01861957,-0.01193353
2009-08-17,-0.02761538,-0.02380814,-0.02154117,-0.02723738
2009-08-18,0.01250671,0.01007816,0.01338212,0.01240902
2009-08-19,0.00659314,0.00717126,0.00942316,0.00717496
2009-08-20,0.01211912,0.01026292,0.00836391,0.00985414
2009-08-21,0.02166788,0.01833835,0.01819473,0.01602631
2009-08-24,-0.00293948,-0.00061234,-0.00160729,-0.00158356
2009-08-25,0.00416817,0.00243619,0.00336860,0.00315096
2009-08-26,0.00065324,0.00032794,0.00192900,0.00040726
2009-08-27,0.00476755,0.00258112,-0.00018741,0.00167424
2009-08-28,0.00112471,-0.00205053,-0.00758883,0.00021178
2009-08-31,-0.01168321,-0.00777184,-0.01157870,-0.00956238
2009-09-01,-0.02409148,-0.02117493,-0.01937694,-0.02012837
2009-09-02,-0.00380500,-0.00302526,0.00029470,-0.00087576
2009-09-03,0.01110518,0.00843342,0.00924988,0.00732979
2009-09-04,0.01375035,0.01292649,0.01412390,0.01767080
2009-09-08,0.01121065,0.00908553,0.00654542,0.00859515
2009-09-09,0.01128001,0.00771321,0.01391909,0.01115707
2009-09-10,0.01284707,0.01015553,0.01107404,0.01132900
2009-09-11,-0.00005956,-0.00104321,-0.00395255,-0.00165224
2009-09-14,0.00911769,0.00623928,0.00763779,0.00512035
2009-09-15,0.00768548,0.00349672,0.00580322,0.00444236
2009-09-16,0.01857105,0.01507294,0.01506080,0.01425627
2009-09-17,-0.00602041,-0.00304527,0.00038005,-0.00220529
2009-09-18,0.00325294,0.00274230,0.00307293,0.00228427
2009-09-21,-0.00458252,-0.00342231,-0.00118954,0.00291919
2009-09-22,0.00764003,0.00620872,0.00501160,0.00337232
2009-09-23,-0.01250858,-0.00987076,-0.00613521,-0.00754399
2009-09-24,-0.01480416,-0.00903768,-0.01288882,-0.00955246
2009-09-25,-0.00697105,-0.00620097,-0.00252222,-0.00557177
2009-09-28,0.02053480,0.01753599,0.01909854,0.02023603
2009-09-29,0.00008661,-0.00238607,-0.00309301,-0.00366113
2009-09-30,-0.00342841,-0.00357343,-0.00803516,-0.00142396
2009-10-01,-0.02969054,-0.02482603,-0.02629353,-0.02955869
2009-10-02,-0.00819594,-0.00446219,-0.00465300,-0.00468184
2009-10-05,0.01909480,0.01444555,0.01369539,0.00913957
2009-10-06,0.01339474,0.01398349,0.01527069,0.01711284
2009-10-07,0.00217490,0.00331417,0.00164212,0.00344900
2009-10-08,0.01202818,0.00752275,0.00434642,0.00625219
2009-10-09,0.00612913,0.00574162,0.01150521,0.00721644
2009-10-12,0.00365959,0.00411119,-0.00248289,-0.00014732
2009-10-13,-0.00265197,-0.00249431,-0.00120380,0.00057326
2009-10-14,0.01896322,0.01727153,0.01612740,0.01521032
2009-10-15,0.00456376,0.00466636,-0.00162039,0.00113598
2009-10-16,-0.00877652,-0.00757531,-0.00823539,-0.00686270
2009-10-19,0.01213047,0.00962452,0.00801787,0.00892654
2009-10-20,-0.00845988,-0.00597892,-0.01161120,-0.00536339
2009-10-21,-0.00956835,-0.00871552,-0.00901165,-0.00556468
2009-10-22,0.01333120,0.01046901,0.00912825,0.00674376
2009-10-23,-0.01590054,-0.01156926,-0.01565079,-0.00403267
2009-10-26,-0.01228318,-0.01112193,-0.01072162,-0.00518925
2009-10-27,-0.00884890,-0.00349903,-0.00932768,-0.01119577
2009-10-28,-0.02723988,-0.01909821,-0.02692061,-0.02511008
2009-10-29,0.02675422,0.02192988,0.01547313,0.01757789
2009-10-30,-0.02953770,-0.02762783,-0.02373787,-0.02478047
2009-11-02,0.00575236,0.00680743,-0.00040580,0.00306284
2009-11-03,0.00793298,0.00227203,0.00946949,0.00230729
2009-11-04,-0.00087611,0.00160185,-0.01084396,0.00000083
2009-11-05,0.02168926,0.01941830,0.02647217,0.02445147
2009-11-06,0.00112310,0.00268982,-0.00010685,0.00364873
2009-11-09,0.02518268,0.02196873,0.01386093,0.01949131
2009-11-10,-0.00254573,0.00035871,-0.00714712,-0.00129225
2009-11-11,0.00598179,0.00511941,0.00791746,0.00748907
2009-11-12,-0.01261033,-0.00972689,-0.01675988,-0.00779214
2009-11-13,0.00700521,0.00576459,0.00833333,0.00879052
2009-11-16,0.01742027,0.01417364,0.02377948,0.01377041
2009-11-17,-0.00167973,0.00112210,0.00052412,0.00333239
2009-11-18,-0.00333794,-0.00051075,-0.00469260,-0.00476315
2009-11-19,-0.01658674,-0.01310323,-0.01784715,-0.01620388
2009-11-20,-0.00426442,-0.00322014,-0.00058530,-0.00542348
2009-11-23,0.01216835,0.01359133,0.01528827,0.01422519
2009-11-24,-0.00113064,-0.00030971,-0.00238455,-0.00308934
2009-11-25,0.00795299,0.00466157,-0.00167465,0.00276794
2009-11-27,-0.01949286,-0.01678292,-0.01967633,-0.01718838
2009-11-30,0.00310674,0.00378576,0.00385344,0.00343257
2009-12-01,0.01381437,0.01208653,0.01424179,0.01363099
2009-12-02,0.00431290,0.00040850,0.00928035,0.00370216
2009-12-03,-0.01009566,-0.00825412,-0.00992189,-0.00487748
2009-12-04,0.01042863,0.00527752,0.01964076,0.01009555
2009-12-07,-0.00065305,-0.00245569,0.00290906,-0.00262704
2009-12-08,-0.00889286,-0.00996035,-0.00748557,-0.00728863
2009-12-09,0.00254116,0.00380604,0.00190565,0.00456750
2009-12-10,0.00671832,0.00609589,-0.00552312,0.00355656
2009-12-11,0.00578109,0.00360097,0.00536559,0.00016067
2009-12-14,0.01297855,0.00727949,0.01182499,0.00983669
2009-12-15,-0.00473849,-0.00535910,-0.00432506,-0.00509160
2009-12-16,0.00465853,0.00119503,0.00402468,0.00199753
2009-12-17,-0.01131442,-0.01138260,-0.00918414,-0.01167816
2009-12-18,0.00554655,0.00594476,0.00892848,0.01469802
2009-12-21,0.01222179,0.01037216,0.01040165,0.01195002
2009-12-22,0.00617838,0.00371847,0.00599489,0.00722639
2009-12-23,0.00531638,0.00284565,0.00939545,0.00756532
2009-12-24,0.00603394,0.00513676,0.00539002,0.00747608
2009-12-28,-0.00095544,0.00137082,0.00046805,0.00230877
2009-12-29,-0.00160767,-0.00114138,0.00147787,-0.00078405
2009-12-30,0.00017094,0.00035643,0.00319373,0.00134513
2009-12-31,-0.01088248,-0.01014588,-0.00703011,-0.01072658
2010-01-04,0.01564127,0.01588655,0.02050982,0.01676748
2010-01-05,0.00440609,0.00270364,-0.00406574,0.00017851
2010-01-06,0.00446040,0.00069169,-0.00183121,-0.00388911
2010-01-07,0.00517407,0.00385953,0.00563652,-0.00033479
2010-01-08,0.00340801,0.00295949,0.00745470,0.00735380
2010-01-11,0.00149503,0.00159294,0.00060299,-0.00269935
2010-01-12,-0.01170682,-0.00888168,-0.01027972,-0.01253553
2010-01-13,0.01015087,0.00840292,0.00886249,0.01053427
2010-01-14,0.00169292,0.00241784,0.00566741,0.00373519
2010-01-15,-0.01186490,-0.01063879,-0.01218548,-0.01242040
2010-01-19,0.01347695,0.01229944,0.01509580,0.01492487
2010-01-20,-0.01005969,-0.01032019,-0.01183651,-0.01263251
2010-01-21,-0.01731211,-0.01848810,-0.01397966,-0.01091014
2010-01-22,-0.02228741,-0.02196006,-0.01339403,-0.02681969
2010-01-25,0.00462230,0.00458869,0.00001511,0.00265040
2010-01-26,-0.00391391,-0.00384054,-0.00654836,-0.00312829
2010-01-27,0.00364097,0.00464453,0.01009857,0.00849045
2010-01-28,-0.01198795,-0.01199440,-0.01284821,-0.02029719
2010-01-29,-0.01101296,-0.00984213,-0.00675763,-0.01421105
2010-02-01,0.01732921,0.01402281,0.00778041,0.01041321
2010-02-02,0.01451272,0.01258660,0.00484034,0.00782115
2010-02-03,-0.00661644,-0.00481282,-0.00201584,0.00088725
2010-02-04,-0.03390443,-0.03070186,-0.02678223,-0.02978225
2010-02-05,0.00327757,0.00287589,0.00588997,0.00810152
2010-02-08,-0.00763277,-0.00841290,-0.00708700,-0.00703967
2010-02-09,0.01457345,0.01301869,0.01165075,0.01196109
2010-02-10,-0.00247427,-0.00205679,0.00221196,-0.00223844
2010-02-11,0.01201767,0.00984089,0.01552928,0.01309474
2010-02-12,-0.00115087,-0.00247273,0.00520710,0.00246580
2010-02-16,0.02033539,0.01802392,0.01288770,0.01464426
2010-02-17,0.00468571,0.00427684,0.00610389,0.00563591
2010-02-18,0.00651243,0.00653725,0.00436111,0.00713019
2010-02-19,0.00450199,0.00194566,0.00420165,0.00060166
2010-02-22,-0.00077721,-0.00113164,0.00208210,-0.00087948
2010-02-23,-0.01393573,-0.01193905,-0.00654202,-0.01257421
2010-02-24,0.00996970,0.00965566,0.00662754,0.01103202
2010-02-25,0.00066605,-0.00158274,-0.00123507,-0.00086089
2010-02-26,0.00180764,0.00129822,-0.00094269,0.00150454
2010-03-01,0.01430954,0.01015630,0.01777405,0.01656927
2010-03-02,0.00383234,0.00239027,0.00872803,0.00265020
2010-03-03,0.00111809,0.00041395,0.00194835,0.00021484
2010-03-04,0.00357458,0.00383845,0.00602983,0.00526142
2010-03-05,0.01640732,0.01383499,0.01846244,0.01504279
2010-03-08,0.00054465,-0.00006836,0.00166951,0.00232493
2010-03-09,0.00089554,0.00115024,0.00229088,0.00375277
2010-03-10,0.00600667,0.00444575,0.00731065,0.00811059
2010-03-11,0.00355698,0.00401084,0.00362955,0.00382771
2010-03-12,0.00038096,0.00022717,-0.00157818,0.00010349
2010-03-15,-0.00104830,0.00087441,-0.00252896,-0.00224247
2010-03-16,0.00988751,0.00762718,0.00558814,0.00697877
2010-03-17,0.00770868,0.00579407,0.00476994,0.00517510
2010-03-18,-0.00269643,-0.00031895,-0.00099007,0.00094586
2010-03-19,-0.00677981,-0.00499361,-0.00609668,-0.00688022
2010-03-22,0.00772544,0.00501620,0.01065979,0.00894970
2010-03-23,0.00728209,0.00716415,0.00865048,0.00787666
2010-03-24,-0.00665694,-0.00565251,-0.00897821,-0.00679072
2010-03-25,-0.00464323,-0.00174560,-0.00382363,0.00017038
2010-03-26,0.00174448,0.00066884,-0.00082937,-0.00114624
2010-03-29,0.00792412,0.00608943,0.00431697,0.00331414
2010-03-30,0.00081102,0.00039311,0.00307333,0.00335975
2010-03-31,-0.00376306,-0.00317730,-0.00557257,-0.00536746
2010-04-01,0.00921002,0.00701791,0.00248455,0.00190170
2010-04-05,0.01200648,0.00784169,0.01634266,0.01153097
2010-04-06,0.00253532,0.00166937,0.00480599,0.00252248
2010-04-07,-0.00630133,-0.00538831,-0.00125132,-0.00217381
2010-04-08,0.00167613,0.00330585,0.00124629,0.00257610
2010-04-09,0.00695910,0.00640014,0.00258876,0.00715206
2010-04-12,0.00204229,0.00165930,0.00329964,0.00170267
2010-04-13,0.00108607,0.00071033,0.00199851,0.00370490
2010-04-14,0.01254453,0.01069124,0.01939836,0.01569956
2010-04-15,0.00039723,0.00105646,0.00456023,0.00434151
2010-04-16,-0.01593360,-0.01561982,-0.00942310,-0.01336787
2010-04-19,0.00117447,0.00393343,-0.00354954,0.00033390
2010-04-20,0.01253964,0.00794522,0.01329533,0.00741568
2010-04-21,0.00171943,-0.00089179,0.00276590,0.00221185
2010-04-22,0.00826517,0.00247653,0.00920039,0.00642836
2010-04-23,0.00876885,0.00693791,0.00726064,0.00381799
2010-04-26,-0.00380721,-0.00397736,-0.00048259,-0.00319844
2010-04-27,-0.02690724,-0.02277759,-0.01734134,-0.02016514
2010-04-28,0.00543581,0.00622453,0.00174724,0.00054779
2010-04-29,0.01399442,0.01262842,0.01702803,0.01664472
2010-04-30,-0.01914821,-0.01628754,-0.02112135,-0.02052789
2010-05-03,0.01440850,0.01286884,0.01554619,0.01545567
2010-05-04,-0.02650940,-0.02356022,-0.02433074,-0.02983514
2010-05-05,-0.00670357,-0.00591450,-0.01337739,-0.00788963
2010-05-06,-0.03222170,-0.03215540,-0.03060855,-0.03417967
2010-05-07,-0.01926755,-0.01536769,-0.02299917,-0.02340527
2010-05-10,0.04850633,0.04330326,0.04347699,0.04783285
2010-05-11,-0.00288675,-0.00302278,0.00904653,0.00065586
2010-05-12,0.01786405,0.01419029,0.02499348,0.02081625
2010-05-13,-0.01243126,-0.01201132,-0.00634158,-0.01252791
2010-05-14,-0.02097388,-0.01866778,-0.01863403,-0.01984390
2010-05-17,0.00253028,0.00153077,0.00290152,0.00415553
2010-05-18,-0.01527346,-0.01375823,-0.01358828,-0.01533128
2010-05-19,-0.00663344,-0.00537942,-0.01096650,-0.00752379
2010-05-20,-0.04049875,-0.03839685,-0.03977624,-0.04014721
2010-05-21,0.01764062,0.01443320,0.00752729,0.00968643
2010-05-24,-0.01296654,-0.01295372,-0.00803259,-0.00658676
2010-05-25,0.00156527,0.00023353,-0.00556988,-0.00038861
2010-05-26,-0.00197445,-0.00577223,0.00456390,-0.00693788
2010-05-27,0.03601534,0.03291658,0.03504786,0.03660977
2010-05-28,-0.01225012,-0.01208461,-0.01022647,-0.00936449
2010-06-01,-0.02412015,-0.01674160,-0.02329805,-0.01435479
2010-06-02,0.02833383,0.02585765,0.02542917,0.02652378
2010-06-03,0.00650911,0.00425530,0.00742908,0.00993106
2010-06-04,-0.03927348,-0.03453759,-0.03900124,-0.03711393
2010-06-07,-0.01606825,-0.01292563,-0.01961552,-0.01939607
2010-06-08,0.01014787,0.01086396,-0.00553490,-0.00136390
2010-06-09,-0.00228204,-0.00625497,0.00010422,-0.00584288
2010-06-10,0.03420936,0.02934428,0.02644119,0.02748710
2010-06-11,0.00628219,0.00480380,0.01326721,0.01135642
2010-06-14,0.00037946,-0.00175557,0.00248768,0.00005033
2010-06-15,0.02592909,0.02324887,0.02119877,0.02730185
2010-06-16,-0.00204529,-0.00057856,-0.00246462,0.00038591
2010-06-17,0.00024880,0.00148307,0.00031672,0.00077595
2010-06-18,0.00012771,0.00122717,0.00264889,0.00127141
2010-06-21,-0.00465083,-0.00398267,-0.00788252,-0.00919665
2010-06-22,-0.01995907,-0.01563797,-0.01476123,-0.01161763
2010-06-23,-0.00155179,-0.00299929,-0.00027926,-0.00419963
2010-06-24,-0.01852669,-0.01667355,-0.01173073,-0.01638043
2010-06-25,0.00722014,0.00249181,0.01711611,0.00423036
2010-06-28,-0.00310107,-0.00231319,-0.00400959,-0.00179837
2010-06-29,-0.03532522,-0.03060804,-0.03256006,-0.03814137
2010-06-30,-0.01064129,-0.01021857,-0.00634879,-0.01288079
2010-07-01,-0.00193348,-0.00305770,-0.00764122,-0.00385004
2010-07-02,-0.00604653,-0.00446199,-0.00588738,-0.00466638
2010-07-06,0.00281758,0.00558915,-0.01138398,0.00187412
2010-07-07,0.03403992,0.03146366,0.02549441,0.03143053
2010-07-08,0.01006382,0.00944784,0.01052363,0.00796112
2010-07-09,0.00913256,0.00707262,0.01228151,0.00879868
2010-07-12,-0.00233677,0.00068486,-0.00986668,0.00165278
2010-07-13,0.01866331,0.01507521,0.02914247,0.01915677
2010-07-14,-0.00152486,0.00016896,-0.00238256,0.00371861
2010-07-15,0.00133022,0.00122141,-0.00798431,-0.00049047
2010-07-16,-0.03109607,-0.02821051,-0.03009755,-0.03133298
2010-07-19,0.00784912,0.00576910,0.00474335,0.00905335
2010-07-20,0.01450418,0.01166355,0.01295731,0.01151493
2010-07-21,-0.01459893,-0.01263820,-0.01610975,-0.01616719
2010-07-22,0.02534992,0.02206506,0.02913416,0.02745732
2010-07-23,0.01155284,0.00851739,0.02057299,0.01154575
2010-07-26,0.01379361,0.01076352,0.01739973,0.01170543
2010-07-27,-0.00580811,-0.00099288,-0.00427126,-0.00278564
2010-07-28,-0.00914783,-0.00677183,-0.01274502,-0.01036843
2010-07-29,-0.00409212,-0.00405501,0.00039098,-0.00581532
2010-07-30,0.00092532,0.00011177,0.00335837,-0.00010967
2010-08-02,0.02210705,0.02176450,0.01172052,0.01842271
2010-08-03,-0.00813364,-0.00461560,-0.00532082,-0.00489686
2010-08-04,0.00851755,0.00642075,0.00899920,0.00995816
2010-08-05,-0.00153524,-0.00117582,-0.00808710,-0.00486786
2010-08-06,-0.00418407,-0.00334822,-0.00410145,-0.00246766
2010-08-09,0.00709598,0.00547410,0.00988743,0.00758307
2010-08-10,-0.00818433,-0.00574443,-0.01602716,-0.01252290
2010-08-11,-0.03080072,-0.02728231,-0.03314453,-0.02958604
2010-08-12,-0.00569288,-0.00558488,-0.00381944,-0.00908739
2010-08-13,-0.00350214,-0.00399318,-0.00878768,-0.00776230
2010-08-16,-0.00023372,0.00028515,0.00725322,0.00399792
2010-08-17,0.01593201,0.01261806,0.01454864,0.01360139
2010-08-18,0.00220549,0.00143022,0.00038201,0.00275364
2010-08-19,-0.01718429,-0.01681602,-0.02097242,-0.01712854
2010-08-20,-0.00235094,-0.00344084,0.00036745,0.00079599
2010-08-23,-0.00533265,-0.00379594,-0.01175835,-0.00932277
2010-08-24,-0.01521975,-0.01440905,-0.00998325,-0.01724580
2010-08-25,0.00474674,0.00359135,0.01056381,0.00887984
2010-08-26,-0.00740135,-0.00783073,-0.00796286,-0.01084819
2010-08-27,0.01943988,0.01644206,0.02316344,0.01631525
2010-08-30,-0.01669586,-0.01442534,-0.01901263,-0.01577205
2010-08-31,-0.00095493,-0.00027785,-0.00042537,-0.00344668
2010-09-01,0.03291883,0.02971861,0.03046008,0.03085314
2010-09-02,0.01314597,0.00919258,0.00804638,0.01100838
2010-09-03,0.01445089,0.01326298,0.01401360,0.01580314
2010-09-07,-0.01421708,-0.01101000,-0.01793759,-0.01088226
2010-09-08,0.00703066,0.00658172,0.00731832,0.00894008
2010-09-09,0.00373968,0.00468452,0.00153849,0.00329824
2010-09-10,0.00509596,0.00493366,0.00207377,0.00325210
2010-09-13,0.01348687,0.01145415,0.02052110,0.01965338
2010-09-14,-0.00020587,-0.00035042,-0.00165223,0.00185376
2010-09-15,0.00311474,0.00367250,0.00479522,0.00557290
2010-09-16,-0.00238975,-0.00021600,-0.00549607,0.00110497
2010-09-17,0.00194190,0.00106499,0.00492041,0.00559945
2010-09-20,0.01723596,0.01512074,0.02313132,0.01734459
2010-09-21,-0.00483553,-0.00259626,-0.00565358,-0.00361139
2010-09-22,-0.00695456,-0.00423814,-0.00918321,-0.00599236
2010-09-23,-0.00798736,-0.00806434,-0.00728322,-0.00333036
2010-09-24,0.02522907,0.02079599,0.02669077,0.02343095
2010-09-27,-0.00573669,-0.00554472,-0.00516026,-0.00510816
2010-09-28,0.00817994,0.00503927,0.00988003,0.00420732
2010-09-29,-0.00113598,-0.00254997,0.00295737,-0.00182772
2010-09-30,-0.00212998,-0.00311974,0.00106999,-0.00365918
2010-10-01,0.00371261,0.00398142,0.00419368,0.00046126
2010-10-04,-0.00885537,-0.00786382,-0.01129772,-0.01095098
2010-10-05,0.02198312,0.02043767,0.02497184,0.02363943
2010-10-06,-0.00336766,0.00017220,-0.00508332,-0.00714205
2010-10-07,-0.00129802,-0.00186772,-0.00139755,0.00146936
2010-10-08,0.00863628,0.00620794,0.01182103,0.00768351
2010-10-11,0.00160848,0.00025625,0.00046273,-0.00030691
2010-10-12,0.00348674,0.00358803,0.00445761,0.00659852
2010-10-13,0.00832405,0.00734605,0.01316339,0.00879825
2010-10-14,-0.00514218,-0.00334262,-0.00237420,-0.00238134
2010-10-15,0.00198665,0.00248628,0.00029050,0.01481151
2010-10-18,0.00463474,0.00684276,0.00886472,0.00510282
2010-10-19,-0.01640941,-0.01575476,-0.01889572,-0.01673375
2010-10-20,0.01059077,0.01037066,0.00919933,0.00793413
2010-10-21,0.00070382,0.00210130,-0.00519082,0.00164551
2010-10-22,0.00348896,0.00217625,0.00794056,0.00758672
2010-10-25,0.00326856,0.00205359,0.00606946,0.00426075
2010-10-26,-0.00188430,0.00026152,0.00135721,0.00187838
2010-10-27,-0.00186123,-0.00241445,-0.00173410,0.00312213
2010-10-28,-0.00085742,0.00135016,-0.00267142,0.00151340
2010-10-29,0.00302887,-0.00013558,0.00303444,-0.00026995
2010-11-01,-0.00067768,0.00078040,-0.00652395,-0.00053486
2010-11-02,0.00929051,0.00781401,0.01672587,0.01171355
2010-11-03,0.00241005,0.00388612,0.00367885,0.00351480
2010-11-04,0.02026067,0.01916974,0.02023464,0.01517345
2010-11-05,0.00515493,0.00361119,0.00359354,0.00076699
2010-11-08,-0.00159225,-0.00183885,0.00126208,0.00018869
2010-11-09,-0.00981208,-0.00721906,-0.00921784,-0.00603141
2010-11-10,0.00505157,0.00409545,0.00934362,0.00567532
2010-11-11,-0.00130291,-0.00398767,-0.00467641,-0.01000149
2010-11-12,-0.01300307,-0.01179056,-0.01367231,-0.01476306
2010-11-15,-0.00134801,-0.00138116,0.00262169,-0.00170481
2010-11-16,-0.01681084,-0.01556433,-0.01452564,-0.01584389
2010-11-17,0.00236463,0.00030787,0.00054733,0.00233747
2010-11-18,0.01435414,0.01517492,0.01541760,0.01562778
2010-11-19,0.00411922,0.00266029,0.00203489,0.00090565
2010-11-22,0.00141317,-0.00113821,0.00432060,0.00645314
2010-11-23,-0.01391516,-0.01419903,-0.00941815,-0.01436261
2010-11-24,0.01724128,0.01492065,0.01825216,0.01973056
2010-11-26,-0.00684366,-0.00721715,-0.00251914,-0.00339614
2010-11-29,-0.00197709,-0.00112331,-0.00034934,-0.00341687
2010-11-30,-0.00451804,-0.00604602,-0.00678425,-0.01061277
2010-12-01,0.02222977,0.02162399,0.01632547,0.02099672
2010-12-02,0.01470302,0.01262650,0.00806496,0.01206258
2010-12-03,0.00351788,0.00263781,0.00611819,0.00446191
2010-12-06,-0.00099187,-0.00122771,0.00492889,0.00107144
2010-12-07,0.00053071,0.00019476,0.00452431,0.00214336
2010-12-08,0.00258850,0.00393513,0.00175587,0.00497210
2010-12-09,0.00421478,0.00393171,0.00433916,0.00185795
2010-12-10,0.00609687,0.00600315,0.01029068,0.00813289
2010-12-13,-0.00122110,0.00012125,-0.00411744,-0.00464294
2010-12-14,0.00046249,0.00140960,0.00068518,0.00161001
2010-12-15,-0.00537123,-0.00471436,-0.00163018,-0.00296440
2010-12-16,0.00806797,0.00626369,0.01011544,0.00839006
2010-12-17,0.00299873,0.00083319,0.00269027,0.00243226
2010-12-20,0.00314371,0.00224884,0.00221948,0.00241429
2010-12-21,0.00658081,0.00602990,0.01039138,0.00662984
2010-12-22,0.00311104,0.00343873,0.00251858,0.00127336
2010-12-23,-0.00250653,-0.00145907,-0.00157637,-0.00274166
2010-12-27,0.00081536,0.00055199,0.00466292,0.00098465
2010-12-28,-0.00037610,0.00076458,-0.00277003,-0.00175886
2010-12-29,0.00170198,0.00124657,0.00127228,0.00145525
2010-12-30,-0.00068584,-0.00144532,-0.00042869,-0.00176266
2010-12-31,-0.00101428,-0.00021411,-0.00343858,-0.00436995
2011-01-03,0.01119952,0.01093156,0.01620148,0.01487954
2011-01-04,-0.00536174,-0.00117800,-0.01192340,-0.00397740
2011-01-05,0.00558107,0.00504283,0.01201801,0.00733965
2011-01-06,-0.00176869,-0.00165984,-0.00199458,0.00275314
2011-01-07,-0.00128693,-0.00175289,-0.00443040,-0.00276309
2011-01-10,-0.00050036,-0.00143240,0.00275790,0.00189057
2011-01-11,0.00406369,0.00388219,0.00546424,0.00247167
2011-01-12,0.00903208,0.00896347,0.00753120,0.00773217
2011-01-13,-0.00114418,-0.00172137,-0.00143933,-0.00083473
2011-01-14,0.00703372,0.00717958,0.00790314,0.00759269
2011-01-18,0.00326083,0.00225216,0.00025327,0.00340688
2011-01-19,-0.01314429,-0.00992593,-0.02222011,-0.01405207
2011-01-20,-0.00207827,-0.00118192,-0.01055533,-0.00676658
2011-01-21,0.00088328,0.00200089,-0.00400497,-0.00575523
2011-01-24,0.00631405,0.00580364,0.00797289,0.01044568
2011-01-25,-0.00057393,0.00045598,0.00007404,0.00079663
2011-01-26,0.00661259,0.00432357,0.01479902,0.00671379
2011-01-27,0.00466337,0.00236783,0.00289780,0.00635079
2011-01-28,-0.01907530,-0.01778627,-0.02270603,-0.02493325
2011-01-31,0.00854442,0.00729964,0.00532286,0.00507472
2011-02-01,0.01522474,0.01662460,0.01934813,0.01836945
2011-02-02,-0.00232494,-0.00236508,-0.00151221,-0.00055112
2011-02-03,0.00512250,0.00252116,0.00279828,0.00181721
2011-02-04,0.00561340,0.00279752,0.00208152,0.00596195
2011-02-07,0.00597132,0.00641946,0.00771747,0.00531466
2011-02-08,0.00436046,0.00471379,0.00498861,0.00529402
2011-02-09,-0.00249828,-0.00271094,-0.00321894,-0.00266315
2011-02-10,0.00372621,0.00081018,0.00327447,-0.00023567
2011-02-11,0.00677848,0.00545389,0.00899663,0.00713358
2011-02-14,0.00164365,0.00242963,0.00314999,0.00286768
2011-02-15,-0.00351129,-0.00318383,-0.00516445,-0.00420746
2011-02-16,0.00847884,0.00644286,0.00711079,0.00728640
2011-02-17,0.00469040,0.00325586,0.00575779,0.00193110
2011-02-18,0.00166025,0.00192955,0.00250761,0.00063727
2011-02-22,-0.02355739,-0.02030872,-0.02270865,-0.02704498
2011-02-23,-0.00939636,-0.00620674,-0.01416757,-0.01145002
2011-02-24,0.00086453,-0.00076062,0.00696606,0.00541935
2011-02-25,0.01403488,0.01033197,0.01668563,0.01544757
2011-02-28,0.00413641,0.00513958,-0.00013166,0.00032056
2011-03-01,-0.01719519,-0.01546708,-0.01316024,-0.01673367
2011-03-02,0.00307404,0.00196887,0.00320627,0.00432409
2011-03-03,0.01783649,0.01703335,0.01650991,0.01845502
2011-03-04,-0.00660142,-0.00698509,-0.00370806,-0.00478853
2011-03-07,-0.00978202,-0.00838014,-0.01300778,-0.01386852
2011-03-08,0.01017871,0.00881732,0.01326503,0.00745495
2011-03-09,-0.00158975,-0.00119134,-0.00293665,-0.00519857
2011-03-10,-0.01854556,-0.01877497,-0.02089226,-0.01791942
2011-03-11,0.00924516,0.00741934,0.00166070,0.00510731
2011-03-14,-0.00645764,-0.00587658,-0.00595256,-0.00495383
2011-03-15,-0.00991714,-0.01095436,-0.00837006,-0.01219506
2011-03-16,-0.01610103,-0.01950953,-0.00940611,-0.01899650
2011-03-17,0.01096459,0.01300808,0.00446774,0.00656069
2011-03-18,0.00544749,0.00412620,0.00991308,0.00267286
2011-03-21,0.01539237,0.01555885,0.01799652,0.01828387
2011-03-22,-0.00441174,-0.00328406,-0.00238768,-0.00351684
2011-03-23,0.00356198,0.00305947,0.00322181,0.00502713
2011-03-24,0.01046446,0.00941276,0.00618926,0.01400216
2011-03-25,0.00382263,0.00313088,0.00531900,0.00356482
2011-03-28,-0.00411110,-0.00274261,-0.00094784,-0.00465352
2011-03-29,0.00803833,0.00734360,0.00811744,0.00975053
2011-03-30,0.00843458,0.00674608,0.01028268,0.00738679
2011-03-31,-0.00109823,-0.00173348,0.00478372,0.00189953
2011-04-01,0.00614310,0.00491071,0.00272302,0.00253243
2011-04-04,-0.00002470,0.00045849,0.00235480,-0.00040362
2011-04-05,0.00232546,0.00000047,0.00249446,0.00042595
2011-04-06,0.00196647,0.00232107,0.00345345,0.00322233
2011-04-07,-0.00214167,-0.00142382,-0.00320578,-0.00148355
2011-04-08,-0.00566395,-0.00402916,-0.00844119,-0.00640488
2011-04-11,-0.00360823,-0.00277919,-0.00686247,-0.00333060
2011-04-12,-0.00733054,-0.00780254,-0.01092462,-0.00883144
2011-04-13,0.00174337,0.00061060,0.00074931,0.00562392
2011-04-14,0.00067599,0.00013901,0.00433883,-0.00069186
2011-04-15,0.00640744,0.00386978,0.00707026,0.00103569
2011-04-18,-0.01188542,-0.01112902,-0.01267599,-0.01092852
2011-04-19,0.00538882,0.00537961,0.00047992,0.00345578
2011-04-20,0.01517332,0.01369377,0.01596687,0.02180112
2011-04-21,0.00559691,0.00522817,0.00552279,0.00766818
2011-04-25,-0.00183121,-0.00167753,-0.00046087,0.00179662
2011-04-26,0.00848669,0.00910522,0.00877637,0.00805504
2011-04-27,0.00559843,0.00658984,0.00589233,0.00832527
2011-04-28,0.00285552,0.00337796,0.00359067,0.00108287
2011-04-29,0.00180642,0.00235997,0.00370127,0.00158401
2011-05-02,-0.00149111,-0.00153375,-0.00913083,-0.00305597
2011-05-03,-0.00578391,-0.00346995,-0.00923101,-0.00645739
2011-05-04,-0.00709719,-0.00659928,-0.00931518,-0.00420321
2011-05-05,-0.00549125,-0.00914466,-0.00281704,-0.00452532
2011-05-06,0.00442014,0.00395369,0.00437115,0.00444854
2011-05-09,0.00557012,0.00443818,0.00796673,0.00533542
2011-05-10,0.01039300,0.00799351,0.01317789,0.01034009
2011-05-11,-0.01030530,-0.01031284,-0.01200165,-0.00902387
2011-05-12,0.00646979,0.00516940,0.00910194,0.00698285
2011-05-13,-0.00803930,-0.00804609,-0.01104948,-0.01168598
2011-05-16,-0.00568614,-0.00614434,-0.01440419,-0.01646290
2011-05-17,-0.00187234,-0.00019013,-0.00275870,0.00053692
2011-05-18,0.01103449,0.00883180,0.01158943,0.01146169
2011-05-19,0.00208059,0.00233626,0.00080576,0.00266525
2011-05-20,-0.00740152,-0.00771003,-0.00514837,-0.00758136
2011-05-23,-0.01292790,-0.01189777,-0.01377065,-0.01512861
2011-05-24,-0.00186853,-0.00093644,-0.00354573,-0.00532558
2011-05-25,0.00330984,0.00300822,0.00934468,0.00603167
2011-05-26,0.00562122,0.00425238,0.00972689,0.00772356
2011-05-27,0.00488302,0.00433562,0.00529496,0.00415692
2011-05-31,0.00916600,0.01050573,0.01146729,0.01462518
2011-06-01,-0.02453248,-0.02256273,-0.02470280,-0.02331973
2011-06-02,-0.00038033,-0.00119446,-0.00026924,0.00111119
2011-06-03,-0.01235343,-0.00978498,-0.01339640,-0.01485700
2011-06-06,-0.01222318,-0.01063562,-0.01118620,-0.01010407
2011-06-07,0.00155135,-0.00086380,0.00274853,-0.00028179
2011-06-08,-0.00714425,-0.00400794,-0.00906888,-0.00834374
2011-06-09,0.00794578,0.00749318,0.00503304,0.00319427
2011-06-10,-0.01478548,-0.01375003,-0.01103108,-0.01505215
2011-06-13,-0.00073084,0.00102657,-0.00374635,-0.00084899
2011-06-14,0.01571839,0.01259584,0.01448847,0.01437511
2011-06-15,-0.01797234,-0.01755176,-0.01357772,-0.01741712
2011-06-16,0.00083569,0.00195700,0.00454158,-0.00200368
2011-06-17,0.00428812,0.00303431,0.00062023,-0.00145717
2011-06-20,0.00676437,0.00549331,0.00368527,0.00601206
2011-06-21,0.01532039,0.01351395,0.01834285,0.02079701
2011-06-22,-0.00630487,-0.00641546,-0.00723384,-0.00706091
2011-06-23,-0.00182218,-0.00270445,0.00316586,0.00645418
2011-06-24,-0.01114421,-0.01194450,-0.00180467,-0.01328694
2011-06-27,0.00770677,0.00924822,0.01037366,0.01433722
2011-06-28,0.01427423,0.01318071,0.01281598,0.01565589
2011-06-29,0.00812135,0.00841864,0.00016233,0.00325853
2011-06-30,0.00938347,0.01011729,0.00954660,0.01217358
2011-07-01,0.01580940,0.01444130,0.01155453,0.01556422
2011-07-05,-0.00309148,-0.00120591,0.00187126,0.00394083
2011-07-06,0.00098503,0.00151413,0.00423699,0.00335754
2011-07-07,0.01175705,0.01068631,0.01404720,0.01372008
2011-07-08,-0.00908921,-0.00683462,-0.00517496,-0.00468210
2011-07-11,-0.02100317,-0.01801586,-0.01635602,-0.01949500
2011-07-12,-0.00418480,-0.00442855,-0.00428990,-0.00714551
2011-07-13,0.00272186,0.00321640,0.00924363,0.00498403
2011-07-14,-0.00994619,-0.00679275,-0.01250488,-0.01240503
2011-07-15,0.00574220,0.00559174,0.00338331,0.01002714
2011-07-18,-0.01159238,-0.00814098,-0.01244957,-0.00879162
2011-07-19,0.01714925,0.01631480,0.01859551,0.02305550
2011-07-20,-0.00080743,-0.00059458,-0.00486563,-0.00482503
2011-07-21,0.01332542,0.01347771,0.00872091,0.00792797
2011-07-22,0.00102091,0.00092225,0.00051021,0.00852956
2011-07-25,-0.00634634,-0.00557774,-0.01101651,-0.00493332
2011-07-26,-0.00470226,-0.00392384,-0.00760454,-0.00165908
2011-07-27,-0.02297499,-0.02021621,-0.02387460,-0.02665741
2011-07-28,-0.00456073,-0.00290333,0.00156772,0.00080108
2011-07-29,-0.00488770,-0.00636339,-0.00247582,-0.00366590
2011-08-01,-0.00795623,-0.00419516,-0.00197542,-0.00382647
2011-08-02,-0.02982415,-0.02548863,-0.02437425,-0.02737413
2011-08-03,0.00604954,0.00543604,0.01035622,0.01012953
2011-08-04,-0.05255451,-0.04772432,-0.04597508,-0.05002902
2011-08-05,-0.00355227,-0.00063464,-0.01256168,-0.00842204
2011-08-08,-0.07405076,-0.06637231,-0.07115650,-0.06714913
2011-08-09,0.05112015,0.04727489,0.05163128,0.05146534
2011-08-10,-0.04173325,-0.04368191,-0.04562129,-0.04218832
2011-08-11,0.05029137,0.04618954,0.03953208,0.04726619
2011-08-12,0.00552137,0.00520436,-0.00030047,0.00602103
2011-08-15,0.02362995,0.02158291,0.02294584,0.01791380
2011-08-16,-0.01127842,-0.00916994,-0.01538150,-0.01082565
2011-08-17,-0.00204937,0.00099326,-0.00100132,-0.00532197
2011-08-18,-0.04925003,-0.04429241,-0.04535140,-0.05247219
2011-08-19,-0.01443252,-0.01485168,-0.01089518,-0.01699880
2011-08-22,0.00123253,0.00039807,-0.00056524,0.00215662
2011-08-23,0.03647792,0.03440777,0.04032966,0.04389485
2011-08-24,0.01469928,0.01317822,0.01116350,0.00939405
2011-08-25,-0.01873679,-0.01548068,-0.02315715,-0.01931052
2011-08-26,0.01889230,0.01528977,0.01948351,0.02551310
2011-08-29,0.03374871,0.02828299,0.03731466,0.03322274
2011-08-30,0.00441847,0.00260965,0.00210760,0.00519916
2011-08-31,0.00616171,0.00502637,-0.00155956,0.00143257
2011-09-01,-0.01464564,-0.01183448,-0.01937045,-0.01329397
2011-09-02,-0.02871913,-0.02505846,-0.02892816,-0.02554168
2011-09-06,-0.00802143,-0.00721283,-0.00493971,-0.00176731
2011-09-07,0.03445990,0.02887703,0.03340757,0.03035763
2011-09-08,-0.01365530,-0.01063606,-0.01580833,-0.00786436
2011-09-09,-0.02742292,-0.02659965,-0.02340035,-0.02393673
2011-09-12,0.00652337,0.00705555,0.00710785,0.01233937
2011-09-13,0.01272780,0.00957832,0.01538522,0.01539677
2011-09-14,0.01594302,0.01363854,0.01693418,0.01597607
2011-09-15,0.01673353,0.01735896,0.00832025,0.01408449
2011-09-16,0.00392430,0.00584138,0.00211802,0.00750367
2011-09-19,-0.01247472,-0.00960340,-0.01559151,-0.00260193
2011-09-20,-0.00487282,-0.00187016,-0.01384085,-0.00760109
2011-09-21,-0.03380611,-0.02907629,-0.02492557,-0.01971833
2011-09-22,-0.03390768,-0.03197514,-0.02615837,-0.03072710
2011-09-23,0.00823324,0.00628142,0.01402798,0.01150236
2011-09-26,0.02436573,0.02321680,0.01382747,0.01418289
2011-09-27,0.01271847,0.01060753,0.01762352,0.01081626
2011-09-28,-0.02647044,-0.02025982,-0.03034640,-0.02025028
2011-09-29,0.00749350,0.00781335,0.01203602,-0.00386881
2011-09-30,-0.02814633,-0.02476019,-0.02029467,-0.02684557
2011-10-03,-0.03479137,-0.02811108,-0.04279606,-0.03182268
2011-10-04,0.03038914,0.02239964,0.05074660,0.03014868
2011-10-05,0.02216403,0.01829857,0.01384075,0.02263053
2011-10-06,0.02324578,0.01837800,0.01709265,0.01773004
2011-10-07,-0.01237117,-0.00771397,-0.02012759,-0.01021129
2011-10-10,0.03618252,0.03409741,0.03268456,0.03522449
2011-10-11,0.00105198,0.00060474,0.00701660,0.00630438
2011-10-12,0.01177350,0.00987523,0.01548329,0.00800497
2011-10-13,-0.00333467,-0.00297751,0.00003874,0.00580059
2011-10-14,0.01728996,0.01732376,0.01594638,0.01865827
2011-10-17,-0.02294959,-0.01924422,-0.02874460,-0.01960636
2011-10-18,0.02479102,0.02040661,0.02425355,0.01678239
2011-10-19,-0.01383290,-0.01250226,-0.01834663,-0.02007804
2011-10-20,0.00615220,0.00449493,0.00126592,-0.00202837
2011-10-21,0.02396836,0.01869189,0.01843482,0.01470909
2011-10-24,0.01932757,0.01301673,0.02485654,0.02296913
2011-10-25,-0.02459286,-0.02002744,-0.02622621,-0.02296650
2011-10-26,0.01206726,0.01028598,0.01770686,0.00376947
2011-10-27,0.04123583,0.03434287,0.04438942,0.03303967
2011-10-28,0.00150513,0.00045343,-0.00434665,-0.00099747
2011-10-31,-0.02786546,-0.02483204,-0.02187972,-0.01866173
2011-11-01,-0.03028855,-0.02778724,-0.03096423,-0.02851763
2011-11-02,0.01879918,0.01616213,0.02048104,0.01206954
2011-11-03,0.02071553,0.01889024,0.02190273,0.02283147
2011-11-04,-0.00394956,-0.00623952,-0.00562656,-0.00450924
2011-11-07,0.00405128,0.00637483,-0.00103581,0.00394453
2011-11-08,0.01160655,0.01240730,0.01341504,0.01249803
2011-11-09,-0.04098589,-0.03659209,-0.04019024,-0.03870800
2011-11-10,0.00926280,0.00864463,0.00689026,0.00135421
2011-11-11,0.02225035,0.01958836,0.02150561,0.02069717
2011-11-14,-0.01091819,-0.00930286,-0.01232964,-0.00780869
2011-11-15,0.00530465,0.00473148,0.01289130,0.01218869
2011-11-16,-0.01648879,-0.01640690,-0.01350460,-0.01760997
2011-11-17,-0.02022423,-0.01674957,-0.01183740,-0.01952978
2011-11-18,0.00000022,-0.00046127,-0.00008403,-0.00588845
2011-11-21,-0.01822065,-0.01865655,-0.01855066,-0.01819203
2011-11-22,-0.00624736,-0.00400282,-0.00664546,-0.00048121
2011-11-23,-0.02446988,-0.02188308,-0.02451121,-0.02393881
2011-11-25,-0.00154558,-0.00248504,-0.00935175,-0.00738249
2011-11-28,0.03160576,0.02923249,0.03592833,0.03550931
2011-11-29,0.00199667,0.00264507,-0.00304861,-0.00515734
2011-11-30,0.04641039,0.04324848,0.04997414,0.04197454
2011-12-01,-0.00220439,-0.00177480,-0.00633974,0.00185688
2011-12-02,-0.00113907,-0.00033105,0.00652843,0.00057371
2011-12-05,0.01290042,0.01044477,0.01190901,0.01148246
2011-12-06,-0.00094144,0.00117392,-0.00067814,-0.00217106
2011-12-07,0.00069113,0.00225611,0.00036816,0.00014695
2011-12-08,-0.02512597,-0.02111281,-0.02534512,-0.01964110
2011-12-09,0.01883266,0.01694942,0.02686593,0.01967010
2011-12-12,-0.01582894,-0.01486821,-0.01270080,-0.01307690
2011-12-13,-0.01361755,-0.00865683,-0.01470991,-0.01213925
2011-12-14,-0.01280993,-0.01121731,-0.00635694,-0.01543875
2011-12-15,0.00494103,0.00329906,0.00710409,0.00084327
2011-12-16,0.00353888,0.00324198,0.00433739,0.00608315
2011-12-19,-0.01477450,-0.01162926,-0.01427722,-0.01202775
2011-12-20,0.03378844,0.02988243,0.03280069,0.03189140
2011-12-21,0.00302073,0.00168399,0.00038598,-0.00991537
2011-12-22,0.01092519,0.00840797,0.00812346,0.00798148
2011-12-23,0.00782670,0.00906180,0.00144405,0.00757455
2011-12-27,-0.00025594,-0.00006542,0.00224346,0.00301050
2011-12-28,-0.01409795,-0.01218305,-0.01650392,-0.01319969
2011-12-29,0.01163108,0.01063353,0.01110760,0.00955674
2011-12-30,-0.00412106,-0.00424013,-0.00140516,-0.00393861
2012-01-03,0.01524527,0.01545445,0.01349280,0.01543341
2012-01-04,-0.00067353,0.00044119,-0.00631757,0.00083801
2012-01-05,0.00405426,0.00288541,0.00660300,0.00817009
2012-01-06,-0.00151169,-0.00215403,-0.00030855,0.00221860
2012-01-09,0.00347869,0.00233067,0.00517646,0.00043924
2012-01-10,0.01271582,0.00891156,0.01251702,0.00910810
2012-01-11,0.00109383,0.00033281,0.00589822,0.00311506
2012-01-12,0.00428111,0.00242618,0.00624843,0.00508247
2012-01-13,-0.00686176,-0.00487635,-0.00649415,-0.00464928
2012-01-17,0.00358716,0.00373125,0.00191672,0.00618704
2012-01-18,0.01483008,0.01134933,0.01620197,0.01563857
2012-01-19,0.00753144,0.00507546,0.00486709,0.00701585
2012-01-20,-0.00115704,0.00081955,0.00481365,-0.00106167
2012-01-23,0.00095799,0.00042019,-0.00213997,-0.00090076
2012-01-24,0.00149493,-0.00092028,0.00611679,0.00100253
2012-01-25,0.00940295,0.00853641,0.00803528,0.01165090
2012-01-26,-0.00648304,-0.00564984,-0.00248846,-0.00461035
2012-01-27,0.00004954,-0.00151290,0.00716974,0.00346728
2012-01-30,-0.00523686,-0.00231314,-0.00572998,-0.00099531
2012-01-31,-0.00053021,-0.00042097,0.00113322,0.00085558
2012-02-01,0.01238197,0.00920182,0.01874579,0.01146326
2012-02-02,0.00201706,0.00123560,0.00579719,0.00356925
2012-02-03,0.01734350,0.01464620,0.01935940,0.01666110
2012-02-06,-0.00181676,-0.00051328,-0.00272545,-0.00068053
2012-02-07,0.00139131,0.00201368,-0.00119319,0.00116144
2012-02-08,0.00294922,0.00257624,0.00324471,0.00433868
2012-02-09,0.00232621,0.00172654,-0.00283014,0.00417464
2012-02-10,-0.00834850,-0.00692769,-0.01047520,-0.00765483
2012-02-13,0.00615176,0.00695127,0.01172336,0.00963943
2012-02-14,-0.00106201,-0.00067801,-0.00399466,0.00072130
2012-02-15,-0.00251439,-0.00511979,-0.00512474,-0.00623886
2012-02-16,0.01251518,0.01126600,0.01707456,0.01528671
2012-02-17,0.00214794,0.00235255,0.00140380,-0.00246176
2012-02-21,-0.00275583,0.00047897,-0.00701507,-0.00038323
2012-02-22,-0.00439600,-0.00339262,-0.00729681,-0.00555385
2012-02-23,0.00606149,0.00442242,0.01345330,0.00812189
2012-02-24,0.00167465,0.00197063,-0.00155383,0.00215076
2012-02-27,0.00086436,0.00145081,-0.00113323,0.00116914
2012-02-28,0.00051478,0.00369707,-0.00085919,0.00690622
2012-02-29,-0.00590284,-0.00444561,-0.01332584,-0.00591550
2012-03-01,0.00623130,0.00616743,0.00418762,0.00747337
2012-03-02,-0.00505107,-0.00306568,-0.01354177,-0.00456770
2012-03-05,-0.00539300,-0.00372387,0.00026623,-0.00826254
2012-03-06,-0.01757292,-0.01534161,-0.01650486,-0.01283537
2012-03-07,0.00816142,0.00731443,0.01122265,0.00864396
2012-03-08,0.01202769,0.00974774,0.01100612,0.01174855
2012-03-09,0.00600754,0.00352572,0.01266825,0.00608941
2012-03-12,-0.00223243,0.00021948,-0.00058766,-0.00106870
2012-03-13,0.01840005,0.01831435,0.01812449,0.01975356
2012-03-14,-0.00342464,-0.00116747,-0.00688106,0.00158491
2012-03-15,0.00853796,0.00602201,0.00886313,0.00542578
2012-03-16,0.00109844,0.00102680,-0.00081027,-0.00073370
2012-03-19,0.00239660,0.00377909,0.00933617,0.00788135
2012-03-20,-0.00524958,-0.00283843,-0.00712009,-0.00118990
2012-03-21,-0.00041954,-0.00185715,0.00233210,0.00026950
2012-03-22,-0.00893264,-0.00710435,-0.00650086,-0.00389567
2012-03-23,0.00349576,0.00312486,0.00871766,0.00124827
2012-03-26,0.01363450,0.01389526,0.01685716,0.01796204
2012-03-27,-0.00268148,-0.00258820,-0.00498761,-0.00045260
2012-03-28,-0.00758037,-0.00472267,-0.00536378,-0.00449347
2012-03-29,-0.00139638,-0.00167291,-0.00152192,-0.00316643
2012-03-30,0.00331908,0.00372983,-0.00119936,-0.00168529
2012-04-02,0.00797700,0.00744859,0.01000413,0.00920843
2012-04-03,-0.00494893,-0.00379953,-0.00786903,-0.00107635
2012-04-04,-0.01097955,-0.00998419,-0.01467706,-0.01438073
2012-04-05,-0.00226815,-0.00009430,-0.00026372,0.00443226
2012-04-09,-0.01362963,-0.01137994,-0.01522852,-0.01098606
2012-04-10,-0.01875863,-0.01705158,-0.01826227,-0.01807327
2012-04-11,0.01006626,0.00754840,0.01581566,0.00828895
2012-04-12,0.01649307,0.01381793,0.01180912,0.01249980
2012-04-13,-0.01193313,-0.01244265,-0.01327749,-0.01486933
2012-04-16,-0.00048048,-0.00048612,0.00232803,-0.00831422
2012-04-17,0.01483185,0.01551927,0.01463305,0.01920427
2012-04-18,-0.00488720,-0.00394017,-0.00758352,-0.00375945
2012-04-19,-0.00342138,-0.00584608,-0.00393547,-0.00910825
2012-04-20,0.00110923,0.00140444,0.00401923,-0.00218556
2012-04-23,-0.00993143,-0.00877044,-0.01232370,-0.00949138
2012-04-24,0.00268418,0.00324221,0.00745496,-0.00332247
2012-04-25,0.01316285,0.01373770,0.01304143,0.02432246
2012-04-26,0.00768791,0.00707294,0.00553591,0.00708300
2012-04-27,0.00330520,0.00269511,0.00790210,0.00633190
2012-04-30,-0.00275378,-0.00386462,-0.00783719,-0.00829103
2012-05-01,0.00647336,0.00558628,0.00097653,0.00148194
2012-05-02,-0.00324280,-0.00231469,0.00318718,0.00331127
2012-05-03,-0.00994437,-0.00754887,-0.01169601,-0.01081808
2012-05-04,-0.01632194,-0.01623263,-0.01637418,-0.02286534
2012-05-07,-0.00046671,0.00015665,0.00410537,0.00095748
2012-05-08,-0.00593899,-0.00414015,0.00069651,-0.00354643
2012-05-09,-0.00449966,-0.00625877,-0.00400856,-0.00316406
2012-05-10,0.00131217,0.00268263,0.00325631,-0.00039349
2012-05-11,-0.00224242,-0.00325663,-0.00268840,0.00042267
2012-05-14,-0.01136169,-0.01105390,-0.00960404,-0.01002910
2012-05-15,-0.00781859,-0.00546045,0.00069378,-0.00235281
2012-05-16,-0.00699898,-0.00422700,-0.00584610,-0.00653546
2012-05-17,-0.01883832,-0.01466814,-0.01566185,-0.02067542
2012-05-18,-0.00884260,-0.00723566,-0.00798178,-0.01198223
2012-05-21,0.01957537,0.01608310,0.01554338,0.02534504
2012-05-22,0.00058613,0.00054818,-0.00769822,-0.00255736
2012-05-23,0.00369347,0.00182059,0.00287400,0.00389787
2012-05-24,0.00067110,0.00148801,0.00102279,-0.00351588
2012-05-25,0.00089493,-0.00209549,0.00161433,-0.00085553
2012-05-29,0.01285621,0.01129363,0.00933335,0.01197944
2012-05-30,-0.01864571,-0.01403721,-0.01355352,-0.01055120
2012-05-31,-0.00359868,-0.00215236,0.00072408,-0.00344324
2012-06-01,-0.02810964,-0.02468620,-0.02452392,-0.02833319
2012-06-04,-0.00171836,0.00031892,0.00262394,0.00504960
2012-06-05,0.01011824,0.00581060,0.00855362,0.00592838
2012-06-06,0.02431456,0.02305579,0.02119299,0.02369677
2012-06-07,-0.00202378,0.00001884,-0.00429961,-0.00468341
2012-06-08,0.00766694,0.00826715,0.00980251,0.01008651
2012-06-11,-0.01626325,-0.01270390,-0.01758870,-0.01725749
2012-06-12,0.01261832,0.01162126,0.01109791,0.01236994
2012-06-13,-0.01042685,-0.00669303,-0.00838557,-0.00862051
2012-06-14,0.01030367,0.01065425,0.01176974,0.00674004
2012-06-15,0.01245073,0.01044922,0.01219974,0.01323713
2012-06-18,0.00212312,0.00149168,0.00097353,0.00807159
2012-06-19,0.01228843,0.00986271,0.01455179,0.01175528
2012-06-20,-0.00159590,-0.00144180,-0.00074893,0.00051015
2012-06-21,-0.02567321,-0.02212904,-0.01952151,-0.02415471
2012-06-22,0.00730268,0.00713320,0.01483091,0.01181274
2012-06-25,-0.01777874,-0.01557462,-0.01398205,-0.01918912
2012-06-26,0.00522132,0.00475644,0.00472385,0.00595285
2012-06-27,0.01067471,0.00903986,0.01076242,0.00701673
2012-06-28,0.00018172,-0.00224801,-0.00541943,-0.00891669
2012-06-29,0.02795914,0.02519126,0.02643522,0.03044090
2012-07-02,0.00167104,0.00234595,0.01035593,0.00580185
2012-07-03,0.00921679,0.00672046,0.01064584,0.00812379
2012-07-05,-0.00432465,-0.00451917,-0.00124021,-0.00010297
2012-07-06,-0.01107965,-0.00907411,-0.01005013,-0.01329942
2012-07-09,-0.00533173,-0.00160247,-0.00300688,-0.00130457
2012-07-10,-0.01013925,-0.00796548,-0.00899253,-0.00960219
2012-07-11,-0.00001850,-0.00004447,-0.00117895,-0.00525132
2012-07-12,-0.00585271,-0.00502793,-0.00259557,-0.00761843
2012-07-13,0.01629019,0.01661686,0.01193392,0.01513223
2012-07-16,-0.00391516,-0.00236386,-0.00607509,-0.00393238
2012-07-17,0.00758774,0.00733801,0.00252148,0.00512750
2012-07-18,0.00862649,0.00684100,0.00625436,0.01110094
2012-07-19,0.00372724,0.00273669,-0.00364282,0.00774068
2012-07-20,-0.01204662,-0.00977143,-0.01162579,-0.01351061
2012-07-23,-0.01054473,-0.00901562,-0.01395692,-0.01182509
2012-07-24,-0.01155813,-0.00900914,-0.01084771,-0.01027813
2012-07-25,0.00001896,-0.00033953,0.00486937,-0.00335332
2012-07-26,0.01820155,0.01662043,0.00897711,0.01302434
2012-07-27,0.02159854,0.01920399,0.02072396,0.02255385
2012-07-30,-0.00194650,-0.00035794,-0.00779061,-0.00358695
2012-07-31,-0.00613172,-0.00441409,-0.00409747,-0.00172025
2012-08-01,-0.00421893,-0.00309522,-0.01642715,-0.00709056
2012-08-02,-0.00868447,-0.00716629,-0.00205612,-0.00316438
2012-08-03,0.02206444,0.01907164,0.02168856,0.02041560
2012-08-06,0.00422027,0.00237527,0.00717260,0.00714654
2012-08-07,0.01047124,0.00524427,0.00763189,0.00848247
2012-08-08,0.00238061,0.00096874,-0.00136993,-0.00149159
2012-08-09,0.00174613,0.00073981,0.00287759,0.00293648
2012-08-10,0.00177766,0.00212613,-0.00251399,0.00055094
2012-08-13,-0.00217970,-0.00103262,-0.00190387,0.00103117
2012-08-14,-0.00164774,0.00026119,-0.00470121,-0.00122735
2012-08-15,0.00352639,0.00166288,0.00885396,0.00470931
2012-08-16,0.00894687,0.00696205,0.00845793,0.01054879
2012-08-17,0.00259002,0.00184924,0.00722440,0.00495519
2012-08-20,-0.00113673,-0.00002225,-0.00319067,0.00035322
2012-08-21,-0.00158087,-0.00366929,-0.00122751,-0.00266588
2012-08-22,-0.00109721,0.00030738,-0.00336055,0.00258483
2012-08-23,-0.00935280,-0.00791382,-0.00681455,-0.00626249
2012-08-24,0.00557028,0.00672331,0.00426463,0.00530733
2012-08-27,-0.00184756,-0.00042957,0.00128896,0.00155875
2012-08-28,-0.00061722,-0.00075474,0.00430592,0.00109966
2012-08-29,0.00231814,0.00113039,0.00418967,0.00179884
2012-08-30,-0.00825483,-0.00767491,-0.01026566,-0.01035390
2012-08-31,0.00557820,0.00523796,0.00463937,0.00614260
2012-09-04,-0.00142298,-0.00094080,0.00707178,0.00278028
2012-09-05,-0.00093285,-0.00088602,-0.00079267,-0.00175010
2012-09-06,0.02228995,0.02041030,0.01666900,0.02210271
2012-09-07,0.00705286,0.00399739,0.00294560,0.00032844
2012-09-10,-0.00522200,-0.00612272,-0.00317285,-0.01037496
2012-09-11,0.00532658,0.00314257,0.00291251,-0.00050065
2012-09-12,0.00326665,0.00233568,0.00329806,0.00348667
2012-09-13,0.01495490,0.01628745,0.01150259,0.01307195
2012-09-14,0.00813231,0.00403056,0.00757209,0.00894165
2012-09-17,-0.00736225,-0.00316717,-0.00447139,-0.00115590
2012-09-18,-0.00351592,-0.00125699,0.00061470,-0.00023380
2012-09-19,0.00221797,0.00122550,-0.00149990,0.00161834
2012-09-20,-0.00306737,-0.00040161,-0.00352145,-0.00189996
2012-09-21,-0.00050192,-0.00017719,0.00643579,0.00068746
2012-09-24,-0.00345535,-0.00201864,-0.00194864,-0.00556333
2012-09-25,-0.01362479,-0.01053247,-0.01041937,-0.01400961
2012-09-26,-0.00587764,-0.00556054,-0.00378729,-0.00774657
2012-09-27,0.01009332,0.00961782,0.01044940,0.01354952
2012-09-28,-0.00387396,-0.00448867,-0.00515520,-0.00701168
2012-10-01,0.00221903,0.00285081,0.00389283,-0.00051723
2012-10-02,0.00160145,0.00095682,0.00136772,0.00248514
2012-10-03,0.00194595,0.00395112,-0.00046526,0.00527712
2012-10-04,0.00902377,0.00727463,0.00548924,0.00440093
2012-10-05,0.00068199,-0.00003166,-0.00157812,-0.00470525
2012-10-08,-0.00201871,-0.00329594,-0.00488392,-0.00781483
2012-10-09,-0.00934710,-0.00991966,-0.01286226,-0.01492643
2012-10-10,-0.00677060,-0.00595838,-0.00062370,-0.00407386
2012-10-11,0.00448624,0.00041556,0.00347974,-0.00141269
2012-10-12,-0.00455165,-0.00275633,-0.00597669,-0.00158943
2012-10-15,0.00797146,0.00810200,0.00488296,0.00660567
2012-10-16,0.01175859,0.01015527,0.00624213,0.01230635
2012-10-17,0.00570305,0.00413451,0.00467597,0.00124986
2012-10-18,0.00046761,-0.00252224,-0.00896813,-0.01044650
2012-10-19,-0.01604483,-0.01651522,-0.01798220,-0.02237320
2012-10-22,-0.00005023,0.00042820,-0.00045092,0.00400911
2012-10-23,-0.01222193,-0.01432553,-0.00343110,-0.00888900
2012-10-24,-0.00557895,-0.00304390,-0.00213589,-0.00271528
2012-10-25,0.00388677,0.00273125,0.00449996,0.00028499
2012-10-26,-0.00085286,-0.00040627,-0.00150697,0.00177739
2012-10-31,0.00185723,0.00035687,0.00538055,-0.00310001
2012-11-01,0.01409741,0.01054935,0.01015484,0.01391497
2012-11-02,-0.00941957,-0.00926255,-0.01216902,-0.01198934
2012-11-05,0.00352635,0.00226302,0.00503958,0.00610549
2012-11-06,0.00983881,0.00802786,0.00685724,0.00379821
2012-11-07,-0.02153112,-0.02270347,-0.02328033,-0.02403864
2012-11-08,-0.01261686,-0.01223003,-0.01192575,-0.01475706
2012-11-09,0.00070818,0.00157304,0.00202993,0.00367225
2012-11-12,0.00078986,0.00015671,0.00044600,-0.00007910
2012-11-13,-0.00284365,-0.00371767,-0.00491066,-0.00550121
2012-11-14,-0.01324669,-0.01345058,-0.01617228,-0.01211409
2012-11-15,-0.00011066,-0.00181471,-0.00415946,-0.00330486
2012-11-16,0.00577936,0.00496805,0.00526037,0.00635437
2012-11-19,0.01807099,0.01968730,0.01759166,0.02219459
2012-11-20,0.00005491,0.00078283,-0.00006112,0.00046395
2012-11-21,0.00262346,0.00240002,0.00594119,0.00319974
2012-11-23,0.01270278,0.01320728,0.00963101,0.01359901
2012-11-26,-0.00285428,-0.00198573,0.00298002,0.00372212
2012-11-27,-0.00402357,-0.00512039,-0.00020879,-0.00261824
2012-11-28,0.00840321,0.00830995,0.00651318,0.00829439
2012-11-29,0.00402463,0.00440481,0.01014033,0.00677713
2012-11-30,0.00062382,0.00032637,0.00013233,-0.00057301
2012-12-03,-0.00494955,-0.00484545,-0.00151740,-0.00263518
2012-12-04,0.00031535,-0.00148397,0.00007485,-0.00118492
2012-12-05,0.00400320,0.00195110,-0.00240184,-0.00798089
2012-12-06,0.00336524,0.00340495,0.00107279,0.00543153
2012-12-07,0.00406412,0.00307802,-0.00029590,-0.00402809
2012-12-10,0.00227589,0.00038433,0.00402968,0.00305431
2012-12-11,0.00586591,0.00648921,0.01060503,0.01220176
2012-12-12,0.00073577,0.00006716,-0.00480230,-0.00310744
2012-12-13,-0.00526909,-0.00598189,-0.00376103,-0.00734582
2012-12-14,-0.00158491,-0.00399020,-0.00063418,-0.00763340
2012-12-17,0.01132680,0.01171437,0.01239381,0.01380526
2012-12-18,0.01344292,0.01147276,0.01321461,0.01503101
2012-12-19,-0.00502667,-0.00733902,0.00071617,-0.00374729
2012-12-20,0.00633832,0.00559006,0.00457624,0.00156461
2012-12-21,-0.00913608,-0.00923541,-0.00618647,-0.00911795
2012-12-24,-0.00230304,-0.00230302,-0.00307936,-0.00228187
2012-12-26,-0.00583398,-0.00487149,-0.00540685,-0.00806330
2012-12-27,-0.00111142,-0.00102992,-0.00138838,-0.00109135
2012-12-28,-0.01009776,-0.01091479,-0.00382449,-0.00871411
2012-12-31,0.01792458,0.01657075,0.01780310,0.01964450
2013-01-02,0.02407907,0.02565322,0.02744019,0.03136238
2013-01-03,-0.00031123,-0.00217245,-0.00026951,-0.00396997
2013-01-04,0.00791050,0.00500240,0.00487676,-0.00034545
2013-01-07,-0.00395395,-0.00311101,-0.00294429,-0.00091677
2013-01-08,-0.00446842,-0.00289702,-0.00107729,-0.00222369
2013-01-09,0.00386008,0.00272799,0.00570561,0.00427925
2013-01-10,0.00673107,0.00744205,0.00204580,0.00458820
2013-01-11,-0.00051263,0.00018074,-0.00047953,0.00106594
2013-01-14,0.00078187,-0.00097761,0.00015810,-0.00327165
2013-01-15,0.00419093,0.00127662,0.00257337,-0.00228430
2013-01-16,-0.00133485,0.00026346,-0.00179183,0.00249810
2013-01-17,0.00871296,0.00562417,0.00744759,0.00598817
2013-01-18,0.00404124,0.00350346,0.00145640,-0.00084363
2013-01-22,0.00651984,0.00441424,0.00540266,0.00219256
2013-01-23,-0.00133993,0.00141815,-0.00170138,0.00390556
2013-01-24,0.00446735,0.00026620,0.00374665,-0.00823178
2013-01-25,0.00723954,0.00540894,0.00488534,0.00641507
2013-01-28,-0.00276633,-0.00182869,0.00447827,0.00165304
2013-01-29,0.00373432,0.00499780,0.00126359,-0.00085121
2013-01-30,-0.00316905,-0.00330529,-0.00825501,-0.00244735
2013-01-31,-0.00037694,-0.00243441,0.00598367,-0.00016032
2013-02-01,0.00927381,0.01004530,0.01101350,0.01162096
2013-02-04,-0.01080179,-0.01154833,-0.01155762,-0.01573412
2013-02-05,0.00996335,0.01054146,0.00983523,0.01448828
2013-02-06,0.00248260,0.00071630,0.00302273,-0.00129971
2013-02-07,-0.00168516,-0.00136591,-0.00246142,-0.00028678
2013-02-08,0.00572138,0.00558657,0.00517962,0.00930904
2013-02-11,-0.00072399,-0.00058530,0.00069164,-0.00056935
2013-02-12,0.00305064,0.00155662,0.00463044,-0.00193864
2013-02-13,0.00088178,0.00113418,0.00249842,0.00345418
2013-02-14,0.00206720,0.00070311,0.00277200,0.00049721
2013-02-15,-0.00077305,-0.00116193,0.00024195,-0.00167805
2013-02-19,0.00694045,0.00737420,0.00877438,0.00807795
2013-02-20,-0.01565055,-0.01222506,-0.01311264,-0.01477863
2013-02-21,-0.00784246,-0.00593307,-0.00741952,-0.01032364
2013-02-22,0.00995899,0.00894685,0.00973292,0.00998836
2013-02-25,-0.02010214,-0.01821605,-0.01635512,-0.01454154
2013-02-26,0.00599205,0.00628075,0.00434986,0.00432954
2013-02-27,0.01455352,0.01290909,0.00816728,0.01068455
2013-02-28,0.00005262,-0.00091073,0.00017911,-0.00021525
2013-03-01,0.00233172,0.00246479,0.00445237,0.00325563
2013-03-04,0.00405303,0.00487141,0.00402757,0.00437798
2013-03-05,0.00983523,0.00950950,0.00927767,0.01346709
2013-03-06,0.00168856,0.00136205,0.00276334,-0.00055140
2013-03-07,0.00227018,0.00193357,0.00477717,0.00318343
2013-03-08,0.00671874,0.00449754,0.00748547,0.00354814
2013-03-11,0.00339465,0.00330679,0.00125875,0.00246135
2013-03-12,-0.00108715,-0.00218538,-0.00200760,-0.00326076
2013-03-13,0.00341461,0.00164962,0.00370489,0.00112855
2013-03-14,0.00578087,0.00549697,0.00745012,0.00422016
2013-03-15,-0.00185837,-0.00162219,-0.00164248,-0.00298444
2013-03-18,-0.00585480,-0.00541643,-0.00374157,-0.00298417
2013-03-19,-0.00411545,-0.00231006,-0.00126888,-0.00234703
2013-03-20,0.00862244,0.00678942,0.00889283,0.00786030
2013-03-21,-0.00925294,-0.00850136,-0.00507069,-0.01032379
2013-03-22,0.00541494,0.00716237,0.00299263,0.00752361
2013-03-25,-0.00289401,-0.00331372,0.00048101,-0.00298550
2013-03-26,0.00785848,0.00809765,0.00307366,0.00576705
2013-03-27,0.00017597,-0.00045756,-0.00009789,0.00114439
2013-03-28,0.00623629,0.00398987,0.00327299,0.00330492
2013-04-01,-0.00716987,-0.00428133,-0.01034552,-0.00869032
2013-04-02,0.00135598,0.00502648,-0.00109109,0.00503958
2013-04-03,-0.01192728,-0.01037859,-0.01260712,-0.01069768
2013-04-04,0.00538876,0.00408657,0.00605754,0.00217507
2013-04-05,-0.00328203,-0.00426159,-0.00373572,-0.00670551
2013-04-08,0.00819777,0.00667019,0.00459594,0.00560419
2013-04-09,0.00378714,0.00381146,-0.00102006,0.00455887
2013-04-10,0.01241708,0.01214458,0.01590413,0.01868036
2013-04-11,0.00477894,0.00353710,0.00010339,0.00078701
2013-04-12,-0.00417648,-0.00273882,-0.00198071,-0.00126915
2013-04-15,-0.02741852,-0.02274003,-0.02888361,-0.02331202
2013-04-16,0.01530075,0.01421255,0.01438887,0.01497428
2013-04-17,-0.01551010,-0.01420128,-0.01457600,-0.01866147
2013-04-18,-0.00550560,-0.00670155,-0.00403974,-0.01240968
2013-04-19,0.00937014,0.00885308,0.00934875,0.01299603
2013-04-22,0.00371735,0.00468287,0.00084421,0.00912201
2013-04-23,0.01077659,0.01044623,0.01499066,0.01070309
2013-04-24,0.00378279,0.00012676,0.00193401,-0.00059129
2013-04-25,0.00645143,0.00417602,0.00642049,0.00556006
2013-04-26,-0.00424523,-0.00185788,-0.00337917,-0.00274191
2013-04-29,0.00697074,0.00708283,0.00653120,0.00869324
2013-04-30,0.00327987,0.00252259,0.00463999,0.00643677
2013-05-01,-0.01034260,-0.00921609,-0.01877937,-0.00879266
2013-05-02,0.01030573,0.00948408,0.01322884,0.01355101
2013-05-03,0.01306307,0.01072301,0.01731837,0.01223028
2013-05-06,0.00232115,0.00178205,0.00265733,0.00393278
2013-05-07,0.00641379,0.00525030,0.00476050,0.00101331
2013-05-08,0.00526210,0.00444887,0.00282478,0.00473904
2013-05-09,-0.00286359,-0.00324692,-0.00196492,-0.00056011
2013-05-10,0.00656825,0.00443226,0.00906824,0.00813092
2013-05-13,-0.00203650,0.00012512,-0.00009049,0.00118310
2013-05-14,0.01222514,0.01043998,0.01050538,0.00752485
2013-05-15,0.00583597,0.00553588,0.00361627,0.00237538
2013-05-16,-0.00622070,-0.00495533,-0.00122454,-0.00170256
2013-05-17,0.01224880,0.01030909,0.00791834,0.00992706
2013-05-20,0.00009566,-0.00070692,0.00159787,-0.00163715
2013-05-21,0.00122028,0.00171845,0.00072004,0.00158049
2013-05-22,-0.01180922,-0.00820755,-0.01192056,-0.01062302
2013-05-23,-0.00203649,-0.00289555,0.00240614,-0.00104709
2013-05-24,-0.00255864,-0.00040901,0.00221600,-0.00023461
2013-05-28,0.00711882,0.00646083,0.01263544,0.00896035
2013-05-29,-0.00739819,-0.00703368,-0.00696872,-0.00619800
2013-05-30,0.00521612,0.00370263,0.00847379,0.00665263
2013-05-31,-0.01365812,-0.01414797,-0.00741615,-0.00959938
2013-06-03,0.00293357,0.00604403,0.00750816,0.00301631
2013-06-04,-0.00586069,-0.00543213,-0.00657726,-0.00609290
2013-06-05,-0.01387917,-0.01345799,-0.01060906,-0.01257221
2013-06-06,0.00969001,0.00855046,0.00852615,0.00604891
2013-06-07,0.01360525,0.01293698,0.00724106,0.01328922
2013-06-10,-0.00070644,-0.00028749,0.00696056,0.00167456
2013-06-11,-0.01112309,-0.01021815,-0.00784010,-0.01070526
2013-06-12,-0.00905453,-0.00818399,-0.00585651,-0.01024856
2013-06-13,0.01791661,0.01476455,0.01237159,0.01321895
2013-06-14,-0.00549944,-0.00589721,-0.00799736,-0.00649591
2013-06-17,0.00817248,0.00764902,0.00683991,0.00875157
2013-06-18,0.00797846,0.00780583,0.00987465,0.00882099
2013-06-19,-0.01449414,-0.01387175,-0.00734157,-0.01091851
2013-06-20,-0.02574321,-0.02485300,-0.01827271,-0.02254241
2013-06-21,0.00247974,0.00228803,0.00550346,-0.00224252
2013-06-24,-0.01256135,-0.01190789,-0.00999985,-0.00999340
2013-06-25,0.01132187,0.00940867,0.00875882,0.00736320
2013-06-26,0.00933692,0.00985184,0.00233458,0.00821097
2013-06-27,0.00915024,0.00635801,0.01383107,0.00732631
2013-06-28,-0.00326534,-0.00437973,0.00182810,0.00078207
2013-07-01,0.00657553,0.00551736,0.01219175,0.00966164
2013-07-02,-0.00166294,-0.00044717,-0.00010978,0.00038959
2013-07-03,-0.00072913,0.00084719,0.00227004,0.00351875
2013-07-05,0.01081275,0.01013911,0.01464602,0.01088428
2013-07-08,0.00510242,0.00571921,0.00386185,0.00155801
2013-07-09,0.00797604,0.00726619,0.00490286,0.00555335
2013-07-10,0.00180675,0.00023186,0.00447413,0.00474872
2013-07-11,0.01449935,0.01364745,0.00922342,0.01629661
2013-07-12,0.00341398,0.00304413,0.00365793,0.00623575
2013-07-15,0.00171252,0.00151261,0.00729943,0.00173894
2013-07-16,-0.00513868,-0.00376871,-0.00171732,-0.00270663
2013-07-17,0.00284764,0.00283579,0.00272493,0.00268360
2013-07-18,0.00726907,0.00498134,0.00488719,-0.00006987
2013-07-19,0.00242062,0.00154622,-0.00041809,-0.00740941
2013-07-22,0.00168553,0.00204377,0.00370824,0.00380557
2013-07-23,-0.00204941,-0.00174585,-0.00044115,-0.00604705
2013-07-24,-0.00696118,-0.00370067,-0.00440554,0.00029390
2013-07-25,0.00504757,0.00250516,0.00928580,0.00651102
2013-07-26,-0.00019871,0.00077641,-0.00474139,0.00229019
2013-07-29,-0.00383511,-0.00363882,-0.00651807,-0.00390419
2013-07-30,0.00223868,0.00053837,0.00174663,0.00502742
2013-07-31,0.00171653,-0.00005005,0.00286870,0.00258032
2013-08-01,0.01546410,0.01254136,0.01253637,0.01333837
2013-08-02,0.00131193,0.00169310,-0.00062864,0.00388959
2013-08-05,-0.00132823,-0.00142364,0.00504934,0.00151053
2013-08-06,-0.00618500,-0.00570915,-0.00685494,-0.00768520
2013-08-07,-0.00515930,-0.00354537,-0.00584873,-0.00315445
2013-08-08,0.00643045,0.00406686,0.00280246,0.00484961
2013-08-09,-0.00087636,-0.00329938,-0.00231608,-0.00271036
2013-08-12,-0.00127483,-0.00110981,0.00365438,0.00284554
2013-08-13,0.00145590,0.00290590,0.00181040,0.00413560
2013-08-14,-0.00536588,-0.00500574,-0.00264523,-0.00407311
2013-08-15,-0.01463348,-0.01427942,-0.01559042,-0.01748283
2013-08-16,-0.00364760,-0.00329335,-0.00132342,-0.00076096
2013-08-19,-0.00784975,-0.00584854,-0.00775441,-0.00339837
2013-08-20,0.00804826,0.00383329,0.01125286,0.00669671
2013-08-21,-0.00712893,-0.00564643,-0.00471581,-0.00403119
2013-08-22,0.01076606,0.00856700,0.01278810,0.01093368
2013-08-23,0.00322164,0.00415331,0.00229619,0.00540861
2013-08-26,-0.00364309,-0.00404740,0.00049845,0.00006679
2013-08-27,-0.01766411,-0.01577965,-0.02151713,-0.02129753
2013-08-28,0.00195001,0.00275198,0.00403163,0.00371862
2013-08-29,0.00291397,0.00223528,0.00958958,0.00685973
2013-08-30,-0.00419179,-0.00293140,-0.01218577,-0.00806205
2013-09-03,0.00484197,0.00414561,0.00724452,0.00620660
2013-09-04,0.00947487,0.00829494,0.00744802,0.01060460
2013-09-05,0.00253093,0.00127421,0.00426411,0.00254433
2013-09-06,0.00078183,0.00014428,-0.00061082,0.00047668
2013-09-09,0.01194662,0.01009902,0.01309376,0.01283966
2013-09-10,0.00799351,0.00743702,0.00870556,0.00600549
2013-09-11,0.00366968,0.00311462,-0.00085693,-0.00161197
2013-09-12,-0.00458457,-0.00304662,-0.00374884,-0.00202697
2013-09-13,0.00298160,0.00282550,0.00481443,0.00219864
2013-09-16,0.00716400,0.00573990,0.00171325,-0.00175573
2013-09-17,0.00469181,0.00435109,0.00812998,0.00759184
2013-09-18,0.01230756,0.01224445,0.00628032,0.01029873
2013-09-19,-0.00209549,-0.00166603,-0.00028843,0.00164816
2013-09-20,-0.00835581,-0.00714101,0.00041345,-0.00294117
2013-09-23,-0.00544888,-0.00471574,-0.00099831,-0.00286276
2013-09-24,0.00019726,-0.00237941,0.00297537,0.00043429
2013-09-25,-0.00212799,-0.00277712,-0.00041299,-0.00258178
2013-09-26,0.00314599,0.00363885,0.00627894,0.00725343
2013-09-27,-0.00472848,-0.00406455,-0.00217841,-0.00155472
2013-09-30,-0.00428974,-0.00598326,-0.00183075,-0.00277857
2013-10-01,0.00842799,0.00795033,0.01002768,0.01188461
2013-10-02,-0.00020316,-0.00043638,-0.00369039,-0.00104225
2013-10-03,-0.00903409,-0.00897207,-0.00577975,-0.01064613
2013-10-04,0.00820782,0.00700593,0.00480079,0.00869395
2013-10-07,-0.00936869,-0.00868324,-0.00948395,-0.01008907
2013-10-08,-0.01281016,-0.01182992,-0.01587614,-0.01962887
2013-10-09,0.00049450,0.00067118,-0.00376672,-0.00434277
2013-10-10,0.02194517,0.02199872,0.02070318,0.02246536
2013-10-11,0.00653946,0.00624211,0.01127696,0.00857784
2013-10-14,0.00334780,0.00405119,0.00525676,0.00648234
2013-10-15,-0.00872003,-0.00706187,-0.00715337,-0.00562146
2013-10-16,0.01369005,0.01392225,0.00929628,0.01228984
2013-10-17,0.00867937,0.00671351,0.00570985,0.00544458
2013-10-18,0.00541206,0.00664144,0.00892539,0.01349886
2013-10-21,-0.00057402,0.00003022,-0.00074006,0.00143485
2013-10-22,0.00673513,0.00578451,0.00174898,0.00245336
2013-10-23,-0.00568140,-0.00477017,-0.00393638,-0.00549052
2013-10-24,0.00291998,0.00339713,0.00594367,0.00521121
2013-10-25,0.00506514,0.00451533,-0.00081687,0.00476723
2013-10-28,0.00043085,0.00142289,0.00026204,-0.00015890
2013-10-29,0.00629863,0.00567165,0.00638528,0.00349530
2013-10-30,-0.00634040,-0.00470921,-0.01190453,-0.00566242
2013-10-31,-0.00279016,-0.00361305,-0.00437699,-0.00210934
2013-11-01,0.00300453,0.00278216,-0.00362744,0.00016273
2013-11-04,0.00539294,0.00359486,0.00864804,0.00384493
2013-11-05,-0.00397003,-0.00264385,-0.00031042,0.00133401
2013-11-06,0.00239842,0.00491061,-0.00276912,-0.00124852
2013-11-07,-0.01445223,-0.01304761,-0.01438771,-0.01897700
2013-11-08,0.01334943,0.01343074,0.01781321,0.01640317
2013-11-11,0.00153916,0.00087383,0.00084361,-0.00005753
2013-11-12,-0.00235856,-0.00218896,0.00013529,0.00061792
2013-11-13,0.00922091,0.00841274,0.00803620,0.01170746
2013-11-14,0.00505397,0.00501796,-0.00191592,0.00150418
2013-11-15,0.00420897,0.00418712,0.00464139,0.00263693
2013-11-18,-0.00548645,-0.00361028,-0.00641122,-0.00945118
2013-11-19,-0.00384723,-0.00194034,-0.00326130,-0.00322195
2013-11-20,-0.00333643,-0.00357933,-0.00110964,-0.00204887
2013-11-21,0.00896145,0.00815336,0.01428903,0.01254315
2013-11-22,0.00433297,0.00509008,0.00472124,0.00558375
2013-11-25,-0.00211220,-0.00112374,0.00245575,0.00109692
2013-11-26,0.00077612,0.00032295,0.00769106,0.00555199
2013-11-27,0.00274666,0.00276199,0.00781380,0.00691360
2013-11-29,-0.00162756,-0.00067914,0.00330538,0.00339901
2013-12-02,-0.00245789,-0.00253341,-0.01041234,-0.00380613
2013-12-03,-0.00326927,-0.00321674,-0.00252031,-0.00179533
2013-12-04,-0.00104871,-0.00109216,-0.00186503,0.00032489
2013-12-05,-0.00391589,-0.00442998,0.00003846,-0.00118741
2013-12-06,0.01133373,0.01133507,0.00808797,0.00717996
2013-12-09,0.00119016,0.00186453,-0.00265918,0.00159576
2013-12-10,-0.00269736,-0.00332488,-0.00323324,-0.00220885
2013-12-11,-0.01279738,-0.01109908,-0.01380455,-0.01312169
2013-12-12,-0.00235345,-0.00357355,0.00167871,-0.00136320
2013-12-13,0.00126042,-0.00008995,0.00382680,0.00036903
2013-12-16,0.00751289,0.00634766,0.01057688,0.00736703
2013-12-17,-0.00144649,-0.00312361,-0.00030509,-0.00178237
2013-12-18,0.01481486,0.01661468,0.00969627,0.01193644
2013-12-19,-0.00081435,-0.00050704,-0.00378561,-0.00334035
2013-12-20,0.00664829,0.00502354,0.01633182,0.01144569
2013-12-23,0.00501732,0.00534146,0.01194887,0.01072907
2013-12-24,0.00394797,0.00300859,0.00367769,0.00150296
2013-12-26,0.00329522,0.00479221,0.00106743,0.00305614
2013-12-27,0.00046628,-0.00023444,-0.00036403,-0.00315274
2013-12-30,0.00123374,-0.00012313,0.00051216,-0.00038678
2013-12-31,0.00335515,0.00401443,0.00230544,0.00494807
2014-01-02,-0.00968726,-0.00861710,-0.00651341,-0.00816423
2014-01-03,0.00039582,-0.00029914,0.00515838,-0.00283698
2014-01-06,-0.00382746,-0.00249029,-0.00564137,-0.00511036
2014-01-07,0.00625692,0.00608976,0.01069653,0.00971722
2014-01-08,0.00094421,0.00005495,0.00178648,0.00278017
2014-01-09,0.00118688,0.00034852,0.00367199,-0.00165166
2014-01-10,0.00434511,0.00230132,0.00701836,0.00442655
2014-01-13,-0.01387186,-0.01256138,-0.01220661,-0.01510517
2014-01-14,0.01122851,0.01088809,0.01260425,0.01752391
2014-01-15,0.00336861,0.00506750,0.00746235,0.00785974
2014-01-16,-0.00112820,-0.00137682,0.00209176,0.00119696
2014-01-17,-0.00316513,-0.00379715,-0.00233706,-0.00519402
2014-01-21,0.00323835,0.00279829,0.00706712,0.00706405
2014-01-22,0.00246678,0.00063557,0.00534928,0.00365753
2014-01-23,-0.01023988,-0.00892246,-0.00604526,-0.00495772
2014-01-24,-0.02262593,-0.02088887,-0.02094634,-0.02094618
2014-01-27,-0.00426890,-0.00497085,-0.01324189,-0.01066194
2014-01-28,0.00881938,0.00624355,0.00658932,0.00316865
2014-01-29,-0.00920070,-0.01016287,-0.01012622,-0.01110233
2014-01-30,0.01177113,0.01148826,0.01213980,0.01866013
2014-01-31,-0.00559184,-0.00664037,-0.00848563,-0.00442828
2014-02-03,-0.02433418,-0.02298534,-0.02665677,-0.02610830
2014-02-04,0.00872326,0.00767738,0.00609025,0.00878532
2014-02-05,-0.00211920,-0.00171120,-0.00758668,-0.00462531
2014-02-06,0.01418327,0.01285858,0.00662850,0.01176182
2014-02-07,0.01261020,0.01334394,0.01048131,0.01691230
2014-02-10,0.00172036,0.00163008,0.00585013,0.00571099
2014-02-11,0.01017209,0.01115653,0.00881093,0.01041605
2014-02-12,0.00120757,0.00017708,0.00306071,0.00241882
2014-02-13,0.00658420,0.00607799,0.01116866,0.00955762
2014-02-14,0.00476450,0.00481022,0.00048011,0.00070083
2014-02-18,0.00357400,0.00132805,0.00989394,0.00637876
2014-02-19,-0.00453993,-0.00634753,-0.00895427,-0.00829443
2014-02-20,0.00730253,0.00615807,0.01034754,0.00692310
2014-02-21,0.00002969,-0.00175669,0.00234359,-0.00085215
2014-02-24,0.00626652,0.00629290,0.00683255,0.00721098
2014-02-25,-0.00125176,-0.00132213,-0.00097983,-0.00086531
2014-02-26,0.00122382,0.00038647,0.00485649,0.00106904
2014-02-27,0.00423857,0.00498831,0.00744781,0.00610608
2014-02-28,0.00299825,0.00275183,-0.00479596,-0.00206233
2014-03-03,-0.00680470,-0.00736017,-0.00320112,-0.00698516
2014-03-04,0.01483647,0.01530698,0.02337416,0.01750474
2014-03-05,-0.00038211,0.00017201,0.00087153,0.00164731
2014-03-06,0.00221277,0.00175111,-0.00010147,-0.00194450
2014-03-07,0.00056136,0.00054881,0.00080161,-0.00307118
2014-03-10,-0.00228765,-0.00046077,0.00129335,0.00030871
2014-03-11,-0.00545068,-0.00506248,-0.00998163,-0.00586789
2014-03-12,0.00055289,0.00059995,0.00284107,0.00409604
2014-03-13,-0.01160732,-0.01159921,-0.01067097,-0.01424777
2014-03-14,-0.00012177,-0.00278961,0.00220557,-0.00375428
2014-03-17,0.00825611,0.00961971,0.00486268,0.00843034
2014-03-18,0.00712140,0.00727940,0.01271335,0.01268218
2014-03-19,-0.00553596,-0.00616028,-0.00450733,-0.00593045
2014-03-20,0.00471695,0.00600004,0.00235380,0.00316284
2014-03-21,-0.00131046,-0.00298227,-0.00579290,-0.01055992
2014-03-24,-0.00651672,-0.00475037,-0.01249702,-0.01105677
2014-03-25,0.00276368,0.00447831,-0.00044338,0.00180174
2014-03-26,-0.00767716,-0.00700623,-0.01636378,-0.01444677
2014-03-27,-0.00150149,-0.00171278,-0.00394626,-0.00538201
2014-03-28,0.00641714,0.00467473,-0.00142060,0.00105412
2014-03-31,0.00928734,0.00797389,0.01593312,0.01030209
2014-04-01,0.00807807,0.00715646,0.01343091,0.01687805
2014-04-02,0.00404420,0.00302064,0.00286642,0.00194312
2014-04-03,-0.00120078,-0.00125491,-0.01125477,-0.00894571
2014-04-04,-0.01176065,-0.01225761,-0.02268105,-0.02553682
2014-04-07,-0.01332343,-0.01071469,-0.01258716,-0.01080005
2014-04-08,0.00536826,0.00428958,0.00606364,0.00776178
2014-04-09,0.00988227,0.01106817,0.01365951,0.01714669
2014-04-10,-0.02091089,-0.02103526,-0.02514793,-0.03147304
2014-04-11,-0.01125424,-0.00943746,-0.01106352,-0.01337297
2014-04-14,0.00867628,0.00832744,-0.00191807,0.00612303
2014-04-15,0.00622031,0.00672290,-0.00077800,0.00348188
2014-04-16,0.01049420,0.01055743,0.00988003,0.01300227
2014-04-17,0.00189819,0.00133885,0.00596601,0.00142586
2014-04-21,0.00263909,0.00374041,0.00638865,0.00589946
2014-04-22,0.00480942,0.00407028,0.01124477,0.00959040
2014-04-23,-0.00129353,-0.00215103,-0.00774349,-0.00809202
2014-04-24,0.00135834,0.00162936,-0.00300803,0.00554722
2014-04-25,-0.00935517,-0.00831905,-0.01865607,-0.01767536
2014-04-28,0.00004111,0.00319914,-0.00495042,0.00092153
2014-04-29,0.00408482,0.00484693,0.00236678,0.00724652
2014-04-30,0.00522721,0.00313293,0.00319491,0.00266427
2014-05-01,0.00046531,-0.00004485,0.00073017,0.00291723
2014-05-02,-0.00019653,-0.00140195,-0.00065186,-0.00120793
2014-05-05,0.00109744,0.00188083,-0.00105499,0.00386034
2014-05-06,-0.00820826,-0.00902602,-0.01459421,-0.01450653
2014-05-07,0.00571986,0.00594313,-0.00399750,-0.00242486
2014-05-08,-0.00147157,-0.00110811,-0.00953499,-0.00320830
2014-05-09,0.00162312,0.00180874,0.00877968,0.00519479
2014-05-12,0.01165882,0.00989965,0.02102173,0.01777512
2014-05-13,-0.00044301,0.00073725,-0.00841503,-0.00256063
2014-05-14,-0.00566020,-0.00456571,-0.01324374,-0.00737139
2014-05-15,-0.00922503,-0.00937833,-0.00606771,-0.00755752
2014-05-16,0.00429617,0.00374018,0.00468188,0.00563774
2014-05-19,0.00406030,0.00388954,0.00993043,0.00867744
2014-05-20,-0.00834516,-0.00655233,-0.01086305,-0.00676985
2014-05-21,0.00689788,0.00827939,0.00392088,0.00839219
2014-05-22,0.00323488,0.00245899,0.00894999,0.00550669
2014-05-23,0.00512753,0.00431724,0.00931105,0.00738282
2014-05-27,0.00614508,0.00601028,0.01441771,0.01271790
2014-05-28,-0.00043029,-0.00100445,-0.00366267,-0.00279847
2014-05-29,0.00535905,0.00550083,0.00362710,0.00557323
2014-05-30,0.00129424,0.00187567,-0.00354290,-0.00101800
2014-06-02,0.00175253,0.00082446,-0.00460700,-0.00127541
2014-06-03,-0.00010433,-0.00038752,-0.00381996,-0.00057261
2014-06-04,0.00314387,0.00212355,0.00636345,0.00445262
2014-06-05,0.00685539,0.00662636,0.01515631,0.01083689
2014-06-06,0.00579126,0.00485719,0.01103701,0.00561332
2014-06-09,0.00114643,0.00098972,0.00894308,0.00339808
2014-06-10,-0.00199209,-0.00022932,0.00020857,0.00037124
2014-06-11,-0.00355122,-0.00345944,-0.00206674,-0.00128799
2014-06-12,-0.00588572,-0.00681887,-0.00443025,-0.00832316
2014-06-13,0.00372290,0.00315004,0.00199309,0.00338570
2014-06-16,0.00165812,0.00085618,0.00401652,0.00225854
2014-06-17,0.00429931,0.00223526,0.00852754,0.00336000
2014-06-18,0.00774061,0.00786588,0.00494978,0.00623702
2014-06-19,0.00118525,0.00128292,0.00125519,-0.00076755
2014-06-20,0.00281755,0.00168203,0.00048856,0.00149903
2014-06-23,-0.00066278,-0.00002345,-0.00109712,0.00006518
2014-06-24,-0.00632678,-0.00634165,-0.00755141,-0.00407275
2014-06-25,0.00412869,0.00483193,0.00611822,0.00695298
2014-06-26,-0.00029498,-0.00114541,-0.00019404,-0.00025861
2014-06-27,0.00232147,0.00204800,0.00966631,0.00452261
2014-06-30,0.00093291,-0.00028522,0.00015241,0.00193326
2014-07-01,0.00573604,0.00688690,0.01193241,0.01165858
2014-07-02,-0.00090281,0.00065354,-0.00213955,-0.00022999
2014-07-03,0.00587764,0.00541555,0.00649019,0.00657862
2014-07-07,-0.00581639,-0.00384566,-0.01669590,-0.00715846
2014-07-08,-0.00620510,-0.00673945,-0.01497570,-0.01307370
2014-07-09,0.00449954,0.00468029,0.00217872,0.00669751
2014-07-10,-0.00493067,-0.00414162,-0.00976883,-0.00501571
2014-07-11,0.00076848,0.00159881,0.00041745,0.00450651
2014-07-14,0.00306945,0.00486405,0.00443882,0.00555579
2014-07-15,-0.00244547,-0.00193850,-0.00988275,-0.00538143
2014-07-16,0.00350509,0.00435256,-0.00233849,0.00210263
2014-07-17,-0.01210363,-0.01161009,-0.01402556,-0.01425832
2014-07-18,0.01026053,0.01023929,0.01429883,0.01612310
2014-07-21,-0.00256232,-0.00225149,-0.00366583,-0.00184043
2014-07-22,0.00493836,0.00495424,0.00666028,0.00721547
2014-07-23,0.00022566,0.00176262,0.00049516,0.00436372
2014-07-24,0.00195114,0.00042865,-0.00182985,-0.00054434
2014-07-25,-0.00431948,-0.00490550,-0.00628085,-0.00616391
2014-07-28,0.00017673,0.00021900,-0.00433723,-0.00093764
2014-07-29,-0.00467595,-0.00448600,0.00261331,-0.00014153
2014-07-30,0.00007030,0.00016491,0.00579436,0.00471975
2014-07-31,-0.01886029,-0.01994446,-0.01776950,-0.02122611
2014-08-01,-0.00201075,-0.00298002,-0.00563053,-0.00353449
2014-08-04,0.00679952,0.00714877,0.00640082,0.00725075
2014-08-05,-0.00830162,-0.00950017,-0.00153698,-0.00648654
2014-08-06,-0.00020149,0.00037170,0.00402380,0.00030444
2014-08-07,-0.00568247,-0.00532573,-0.00509403,-0.00377095
2014-08-08,0.01333167,0.01154504,0.00848485,0.00834092
2014-08-11,0.00303533,0.00288957,0.00921310,0.00681768
2014-08-12,-0.00216472,-0.00167301,-0.00591364,-0.00242458
2014-08-13,0.00599672,0.00692696,0.00692232,0.01032941
2014-08-14,0.00494533,0.00436899,0.00298368,0.00423792
2014-08-15,-0.00012705,0.00009807,-0.00095410,0.00283053
2014-08-18,0.00893464,0.00861214,0.01187079,0.00998983
2014-08-19,0.00540997,0.00531195,0.00202228,0.00492098
2014-08-20,0.00339830,0.00251626,-0.00406309,-0.00036394
2014-08-21,0.00197651,0.00299237,0.00193710,0.00138337
2014-08-22,-0.00164187,-0.00174398,0.00261985,0.00168570
2014-08-25,0.00445916,0.00481222,0.00481607,0.00435116
2014-08-26,0.00063900,0.00108878,0.00764338,0.00291261
2014-08-27,0.00010202,0.00013369,-0.00109781,-0.00044633
2014-08-28,-0.00071857,-0.00156950,-0.00473933,-0.00249436
2014-08-29,0.00383483,0.00334548,0.00696729,0.00496149
2014-09-02,-0.00045253,-0.00044728,0.00687305,0.00358669
2014-09-03,0.00015270,-0.00057778,-0.00566349,-0.00613099
2014-09-04,-0.00137826,-0.00141182,-0.00313270,-0.00191880
2014-09-05,0.00479338,0.00504120,0.00207145,0.00441584
2014-09-08,-0.00324226,-0.00299433,0.00588847,0.00242667
2014-09-09,-0.00732791,-0.00654162,-0.00951099,-0.00887526
2014-09-10,0.00212420,0.00374996,0.00641938,0.00813351
2014-09-11,0.00193483,0.00112183,0.00368992,0.00110991
2014-09-12,-0.00723149,-0.00585769,-0.00499074,-0.00528545
2014-09-15,-0.00181085,-0.00081445,-0.01174670,-0.01009625
2014-09-16,0.00681353,0.00754653,0.00201372,0.00757013
2014-09-17,0.00059009,0.00126109,0.00348031,0.00204209
2014-09-18,0.00360609,0.00504804,0.00468191,0.00685960
2014-09-19,-0.00218498,-0.00046921,-0.00836108,-0.00245617
2014-09-22,-0.00954190,-0.00804602,-0.01269243,-0.01062903
2014-09-23,-0.00681414,-0.00575228,-0.00664114,-0.00410192
2014-09-24,0.00753813,0.00802959,0.00869816,0.01026154
2014-09-25,-0.01466897,-0.01615411,-0.01224908,-0.01949662
2014-09-26,0.00771112,0.00873337,0.00757716,0.01055841
2014-09-29,-0.00178237,-0.00249981,0.00123602,-0.00101444
2014-09-30,-0.00434524,-0.00264624,-0.00842308,-0.00208063
2014-10-01,-0.01338435,-0.01310187,-0.01286944,-0.01550183
2014-10-02,0.00106813,0.00016348,0.00982051,0.00220072
2014-10-03,0.00999931,0.01116359,0.00771792,0.01053593
2014-10-06,-0.00220835,-0.00150001,-0.00759220,-0.00442423
2014-10-07,-0.01584665,-0.01505221,-0.01474415,-0.01560739
2014-10-08,0.01705651,0.01769727,0.01392423,0.01967338
2014-10-09,-0.02265682,-0.02060008,-0.02152907,-0.01947784
2014-10-10,-0.01256619,-0.01135445,-0.01214958,-0.02264145
2014-10-13,-0.01724379,-0.01647501,-0.00041294,-0.01435435
2014-10-14,0.00569277,0.00156613,0.00750693,0.00308681
2014-10-15,-0.00458865,-0.00811504,0.00688877,-0.00328878
2014-10-16,0.00368782,0.00007448,0.01013806,-0.00128391
2014-10-17,0.01111580,0.01277493,-0.00299502,0.01006274
2014-10-20,0.01034810,0.00914149,0.00825250,0.01365070
2014-10-21,0.02139159,0.01946883,0.01287112,0.02433946
2014-10-22,-0.00907926,-0.00710889,-0.01040450,-0.00772444
2014-10-23,0.01299789,0.01220717,0.01477162,0.01642026
2014-10-24,0.00696137,0.00687700,0.00357235,0.00674926
2014-10-27,-0.00231454,-0.00147733,-0.00073571,0.00097263
2014-10-28,0.01324052,0.01184839,0.02366941,0.01719992
2014-10-29,-0.00213081,-0.00130063,-0.00097071,-0.00270743
2014-10-30,0.00694191,0.00637204,0.00884440,0.00330635
2014-10-31,0.01234696,0.01168236,0.01158391,0.01419237
2014-11-03,-0.00031975,-0.00020194,-0.00036093,0.00214080
2014-11-04,-0.00518846,-0.00276496,-0.00131224,-0.00316518
2014-11-05,0.00779117,0.00593503,0.00007384,-0.00043085
2014-11-06,0.00475331,0.00413647,0.00460886,0.00471767
2014-11-07,0.00118791,0.00070429,-0.00057067,-0.00137402
2014-11-10,0.00240950,0.00326913,0.00617653,0.00388444
2014-11-11,0.00037413,0.00068555,-0.00054488,0.00179487
2014-11-12,0.00005105,-0.00041556,0.00634694,0.00317128
2014-11-13,-0.00206288,0.00088047,-0.00627879,0.00192295
2014-11-14,0.00050226,0.00042524,-0.00067376,0.00125521
2014-11-17,0.00119618,0.00080370,-0.00652764,-0.00373346
2014-11-18,0.00565655,0.00527790,0.00556398,0.00738171
2014-11-19,-0.00137638,-0.00123710,-0.01014916,-0.00547665
2014-11-20,0.00355531,0.00187637,0.00806901,0.00564670
2014-11-21,0.00623966,0.00531617,0.00122587,0.00183102
2014-11-24,0.00341773,0.00289249,0.01240059,0.00929545
2014-11-25,-0.00110287,-0.00115110,-0.00018633,0.00102996
2014-11-26,0.00079600,0.00303090,0.00516518,0.00638341
2014-11-28,-0.00415888,-0.00220424,-0.00854863,0.00163902
2014-12-01,-0.00845914,-0.00697212,-0.01528271,-0.01237183
2014-12-02,0.00583949,0.00634605,0.01305195,0.00632511
2014-12-03,0.00696619,0.00386299,0.00502295,0.00379437
2014-12-04,-0.00248081,-0.00113090,-0.00351960,-0.00083679
2014-12-05,0.00146353,0.00159924,0.00918710,0.00247121
2014-12-08,-0.00914459,-0.00705860,-0.01018508,-0.00750351
2014-12-09,0.00229532,-0.00021144,0.01599165,0.00566746
2014-12-10,-0.01782903,-0.01630446,-0.01811043,-0.01703301
2014-12-11,0.00497933,0.00486852,0.00510203,0.00527495
2014-12-12,-0.01625405,-0.01607428,-0.00843450,-0.01123935
2014-12-15,-0.00492399,-0.00614981,-0.00890076,-0.00963973
2014-12-16,-0.00594822,-0.00863882,-0.00145252,-0.01308020
2014-12-17,0.02181253,0.02028440,0.02523477,0.02087924
2014-12-18,0.02211230,0.02436284,0.01502009,0.02292909
2014-12-19,0.00686226,0.00448964,0.00216265,0.00334892
2014-12-22,0.00319882,0.00405757,0.00524914,0.00342130
2014-12-23,0.00376042,0.00189917,-0.00180911,-0.00330725
2014-12-24,-0.00011966,-0.00013326,0.00462203,0.00194358
2014-12-26,0.00256881,0.00329630,0.00646864,0.00717432
2014-12-29,0.00261620,0.00094044,0.00156864,0.00045165
2014-12-30,-0.00524633,-0.00472608,-0.00299937,-0.00649423
2014-12-31,-0.00967892,-0.01024479,-0.00101544,-0.00901327
2015-01-02,-0.00013683,-0.00022138,-0.00402759,-0.00209049
2015-01-05,-0.02020399,-0.01819350,-0.01037045,-0.01554314
2015-01-06,-0.01022741,-0.00893751,-0.01574416,-0.01325809
2015-01-07,0.01158849,0.01210746,0.01056287,0.01281515
2015-01-08,0.01789773,0.01786215,0.01347793,0.01827829
2015-01-09,-0.00835570,-0.00843449,-0.00641514,-0.00723463
2015-01-12,-0.00960714,-0.00803865,-0.00323703,-0.00835710
2015-01-13,-0.00300479,-0.00254159,-0.00029691,-0.00036785
2015-01-14,-0.00512848,-0.00593943,-0.00495394,-0.00513133
2015-01-15,-0.00930592,-0.00920046,-0.01792230,-0.01490780
2015-01-16,0.01430316,0.01334555,0.01502154,0.01388934
2015-01-20,-0.00046507,0.00173285,-0.00310839,0.00481883
2015-01-21,0.00751282,0.00490066,-0.00646587,0.00204469
2015-01-22,0.01393425,0.01528981,0.01536840,0.01899249
2015-01-23,-0.00533218,-0.00539434,0.00067541,0.00156748
2015-01-26,0.00487254,0.00248413,0.00754479,0.00288130
2015-01-27,-0.00817484,-0.01332541,-0.00315695,-0.02016058
2015-01-28,-0.01479586,-0.01333983,-0.01281859,-0.00882581
2015-01-29,0.00925665,0.00969230,0.01104432,0.01043727
2015-01-30,-0.01247757,-0.01280017,-0.01675754,-0.01019145
2015-02-02,0.01359427,0.01292248,0.00696720,0.00924147
2015-02-03,0.01780117,0.01433054,0.01266275,0.01061034
2015-02-04,-0.00548920,-0.00383643,-0.00358804,-0.00208960
2015-02-05,0.01119049,0.01053054,0.01326772,0.01050497
2015-02-06,-0.00328228,-0.00305489,-0.00004775,-0.00401701
2015-02-09,-0.00336592,-0.00429404,-0.00536404,-0.00386308
2015-02-10,0.01007875,0.01084956,0.00559436,0.01354678
2015-02-11,-0.00121638,0.00018661,-0.00026099,0.00316020
2015-02-12,0.01086273,0.00980630,0.00975284,0.01214998
2015-02-13,0.00474354,0.00415522,0.00639583,0.00712748
2015-02-17,0.00228502,0.00169577,0.00363895,0.00153696
2015-02-18,0.00021289,-0.00027062,0.00247777,0.00162420
2015-02-19,-0.00030540,-0.00087539,0.00258419,0.00406777
2015-02-20,0.00558917,0.00618454,0.00052659,0.00650087
2015-02-23,-0.00133657,-0.00028846,-0.00150875,0.00133652
2015-02-24,0.00207622,0.00275104,0.00295715,0.00164740
2015-02-25,-0.00002897,-0.00057873,0.00483784,-0.00013421
2015-02-26,-0.00383404,-0.00123056,0.00347800,0.00394498
2015-02-27,-0.00183217,-0.00290314,-0.00506779,-0.00502875
2015-03-02,0.00532590,0.00623725,0.00812110,0.00906862
2015-03-03,-0.00430748,-0.00457740,-0.00539960,-0.00573497
2015-03-04,-0.00490269,-0.00416815,-0.00183773,-0.00268546
2015-03-05,0.00197902,0.00134799,0.00414143,0.00253648
2015-03-06,-0.01503565,-0.01412604,-0.00718070,-0.01087943
2015-03-09,0.00271177,0.00401379,0.00330447,0.00352910
2015-03-10,-0.01561614,-0.01683333,-0.01055416,-0.01693987
2015-03-11,0.00003794,-0.00181863,0.00369840,-0.00195049
2015-03-12,0.01294804,0.01294668,0.01350730,0.00912976
2015-03-13,-0.00677334,-0.00599355,-0.00182092,-0.00432706
2015-03-16,0.01335482,0.01360516,0.00419952,0.01223588
2015-03-17,-0.00339508,-0.00333884,0.00218891,0.00165061
2015-03-18,0.01378057,0.01210279,0.00478165,0.00854219
2015-03-19,-0.00554478,-0.00485785,0.00448425,0.00221477
2015-03-20,0.01016945,0.00905432,0.00334495,0.00638246
2015-03-23,-0.00159374,-0.00168640,0.00033303,-0.00338170
2015-03-24,-0.00553961,-0.00592682,-0.00009309,-0.00317625
2015-03-25,-0.01317654,-0.01462003,-0.02213080,-0.02383750
2015-03-26,-0.00235544,-0.00228583,-0.00158059,-0.00253341
2015-03-27,0.00374933,0.00240099,0.00594109,0.00585952
2015-03-30,0.01218353,0.01228394,0.01029660,0.01179719
2015-03-31,-0.00678547,-0.00857944,-0.00319007,-0.00923673
2015-04-01,-0.00307025,-0.00394589,-0.00030920,-0.00470838
2015-04-02,0.00490003,0.00349209,0.00330094,0.00132624
2015-04-06,0.00739359,0.00661051,0.00140646,0.00642709
2015-04-07,-0.00341635,-0.00206451,-0.00149569,-0.00197953
2015-04-08,0.00359437,0.00320135,0.00715702,0.00712762
2015-04-09,0.00385470,0.00452375,-0.00029627,0.00465490
2015-04-10,0.00278928,0.00507714,0.00457500,0.00463482
2015-04-13,-0.00470774,-0.00446943,0.00250252,-0.00136281
2015-04-14,0.00201723,0.00160911,0.00007703,-0.00231684
2015-04-15,0.00665474,0.00513943,0.00747691,0.00685942
2015-04-16,-0.00198251,-0.00083299,-0.00015788,-0.00044799
2015-04-17,-0.01098140,-0.01143028,-0.01433939,-0.01565639
2015-04-20,0.00780481,0.00924027,0.00793822,0.01346411
2015-04-21,-0.00154282,-0.00139729,0.00029148,0.00353502
2015-04-22,0.00389488,0.00513316,0.00125832,0.00432114
2015-04-23,0.00293304,0.00249284,0.00519981,0.00427436
2015-04-24,-0.00106948,0.00243094,-0.00249907,0.00782681
2015-04-27,-0.00569410,-0.00414553,-0.01280715,-0.00613016
2015-04-28,0.00267787,0.00277475,0.00432120,-0.00078679
2015-04-29,-0.00354554,-0.00371516,-0.00667614,-0.00634885
2015-04-30,-0.00775161,-0.01003303,-0.01805133,-0.01634689
2015-05-01,0.01083471,0.01082770,0.00692195,0.01307896
2015-05-04,0.00329799,0.00288971,0.00416543,0.00247727
2015-05-05,-0.01219315,-0.01165311,-0.01152197,-0.01524164
2015-05-06,-0.00374476,-0.00402844,0.00132744,-0.00371966
2015-05-07,0.00304029,0.00402785,0.00509425,0.00568480
2015-05-08,0.01187582,0.01334615,0.00606609,0.01226075
2015-05-11,-0.00348077,-0.00478846,0.00280428,-0.00210547
2015-05-12,-0.00303419,-0.00281701,-0.00189864,-0.00333857
2015-05-13,-0.00032186,-0.00006603,0.00063180,0.00114160
2015-05-14,0.00881224,0.01084518,0.00730502,0.01390507
2015-05-15,0.00157126,0.00079371,-0.00007924,-0.00094360
2015-05-18,0.00400612,0.00313214,0.00847709,0.00642861
2015-05-19,-0.00188644,-0.00078992,-0.00199731,-0.00128303
2015-05-20,-0.00010942,-0.00083715,0.00090906,0.00010098
2015-05-21,0.00247250,0.00254472,-0.00050655,0.00349011
2015-05-22,-0.00166253,-0.00223688,-0.00120520,-0.00087276
2015-05-26,-0.01101376,-0.01031816,-0.00768532,-0.01119363
2015-05-27,0.00829942,0.00932394,0.01051019,0.01512572
2015-05-28,-0.00186656,-0.00109712,-0.00020164,-0.00179892
2015-05-29,-0.00578488,-0.00621984,-0.00206965,-0.00593227
2015-06-01,0.00157343,0.00215907,0.00123409,0.00253769
2015-06-02,0.00028788,-0.00092052,0.00401631,-0.00142089
2015-06-03,0.00148916,0.00237234,0.01109061,0.00495545
2015-06-04,-0.00893803,-0.00862396,-0.00689493,-0.00785961
2015-06-05,0.00022588,-0.00140602,0.00832803,0.00152569
2015-06-08,-0.00656587,-0.00637845,-0.00399955,-0.00911253
2015-06-09,-0.00039287,0.00052244,-0.00214850,-0.00137198
2015-06-10,0.01113819,0.01211485,0.01143912,0.01307654
2015-06-11,0.00199102,0.00197007,0.00083132,0.00103279
2015-06-12,-0.00619001,-0.00691395,-0.00114256,-0.00662767
2015-06-15,-0.00502526,-0.00463054,-0.00001961,-0.00400002
2015-06-16,0.00552662,0.00578653,0.00434351,0.00566932
2015-06-17,0.00260582,0.00200452,-0.00067875,0.00194915
2015-06-18,0.00919407,0.00981142,0.01072861,0.01380144
2015-06-19,-0.00430835,-0.00533776,-0.00301813,-0.00301318
2015-06-22,0.00532916,0.00606685,0.00873851,0.00762225
2015-06-23,-0.00038208,0.00079233,0.00244612,0.00134918
2015-06-24,-0.00786876,-0.00732636,-0.00862473,-0.00704750
2015-06-25,-0.00351266,-0.00293474,-0.00049571,-0.00162773
2015-06-26,0.00086923,-0.00020457,-0.00241727,-0.00544644
2015-06-29,-0.02167891,-0.02072577,-0.02245814,-0.02373310
2015-06-30,0.00289771,0.00270958,0.00690497,0.00578266
2015-07-01,0.00626286,0.00710075,0.00193297,0.00574146
2015-07-02,-0.00003567,-0.00030665,-0.00549761,-0.00063416
2015-07-06,-0.00546302,-0.00380733,-0.00002342,-0.00238380
2015-07-07,0.00803373,0.00612959,-0.00122537,0.00165971
2015-07-08,-0.01780553,-0.01628906,-0.01538532,-0.01700500
2015-07-09,0.00265117,0.00229823,0.00496928,0.00174000
2015-07-10,0.01056427,0.01235682,0.01459017,0.01557755
2015-07-13,0.01023654,0.01127436,0.00945596,0.01539059
2015-07-14,0.00353310,0.00446770,0.00590884,0.00634377
2015-07-15,-0.00405054,-0.00091059,-0.00565224,-0.00017594
2015-07-16,0.00635879,0.00809915,0.00717947,0.01312244
2015-07-17,-0.00499473,0.00131727,-0.00118516,0.00987293
2015-07-20,-0.00205971,0.00074616,-0.00745595,0.00239032
2015-07-21,-0.00417556,-0.00420235,-0.00208013,-0.00248537
2015-07-22,0.00017872,-0.00224388,0.00206559,-0.00743996
2015-07-23,-0.00453607,-0.00567421,-0.00866632,-0.00526939
2015-07-24,-0.01100977,-0.01045924,-0.01127104,-0.01089940
2015-07-27,-0.00649447,-0.00576601,-0.01036660,-0.00830906
2015-07-28,0.01288281,0.01232721,0.00654981,0.01055089
2015-07-29,0.00876582,0.00746721,0.00187404,0.00416057
2015-07-30,0.00031515,0.00019249,0.00288327,0.00348372
2015-07-31,-0.00030968,-0.00226704,0.00563067,0.00011727
2015-08-03,-0.00432101,-0.00266086,-0.00389794,-0.00205823
2015-08-04,-0.00111266,-0.00209970,0.00081863,-0.00178432
2015-08-05,0.00273959,0.00372374,0.00488573,0.00701775
2015-08-06,-0.00588314,-0.00753565,-0.01237112,-0.01590549
2015-08-07,-0.00221843,-0.00303273,-0.00676358,-0.00276218
2015-08-10,0.01554557,0.01269775,0.00950452,0.01160215
2015-08-11,-0.00914267,-0.00920812,-0.00997494,-0.01204338
2015-08-12,0.00198506,0.00115783,-0.00095179,0.00232091
2015-08-13,-0.00268665,-0.00124514,-0.00286662,-0.00186013
2015-08-14,0.00422450,0.00397733,0.00532210,0.00317888
2015-08-17,0.00547184,0.00527254,0.00839686,0.00888301
2015-08-18,-0.00240126,-0.00260752,-0.00732793,-0.00572979
2015-08-19,-0.00833973,-0.00815640,-0.00779873,-0.00737555
2015-08-20,-0.02087692,-0.02094595,-0.02240150,-0.02784094
2015-08-21,-0.02745858,-0.03167347,-0.00978321,-0.03624356
2015-08-24,-0.03939052,-0.03933658,-0.03038413,-0.03764988
2015-08-25,-0.01443173,-0.01338858,-0.00482059,-0.00532186
2015-08-26,0.03287879,0.03920568,0.02124050,0.04428394
2015-08-27,0.02668110,0.02427191,0.01777888,0.02356155
2015-08-28,0.00264785,0.00066091,0.00684413,0.00296156
2015-08-31,-0.00634062,-0.00828593,-0.00121775,-0.01049440
2015-09-01,-0.02890826,-0.02943515,-0.02013213,-0.02974785
2015-09-02,0.01551611,0.01846267,0.01475559,0.02567073
2015-09-03,0.00394147,0.00131252,-0.00224339,-0.00383014
2015-09-04,-0.01519546,-0.01520176,-0.00332008,-0.01023605
2015-09-08,0.02555462,0.02544410,0.01902424,0.02760716
2015-09-09,-0.01315219,-0.01383526,-0.00836131,-0.01181276
2015-09-10,0.00349193,0.00522661,0.00403973,0.00902768
2015-09-11,0.00336966,0.00486793,0.00374672,0.00610771
2015-09-14,-0.00429794,-0.00402265,-0.00261626,-0.00318305
2015-09-15,0.01201659,0.01269541,0.00821610,0.01153386
2015-09-16,0.01102386,0.00878270,0.00593918,0.00491503
2015-09-17,-0.00221470,-0.00238710,0.00597647,0.00092722
2015-09-18,-0.01750638,-0.01609732,-0.00749251,-0.01375436
2015-09-21,0.00344405,0.00458550,-0.00509304,0.00110556
2015-09-22,-0.01478982,-0.01224228,-0.01383186,-0.01419894
2015-09-23,-0.00425775,-0.00210635,-0.00239394,-0.00009102
2015-09-24,-0.00343482,-0.00339497,-0.00205094,-0.00367122
2015-09-25,0.00035889,-0.00053336,-0.01685738,-0.01006320
2015-09-28,-0.02748990,-0.02545678,-0.02715290,-0.02917253
2015-09-29,0.00116362,0.00114580,-0.00730967,-0.00553313
2015-09-30,0.01921724,0.01917588,0.01376946,0.02241080
2015-10-01,-0.00026511,0.00209505,-0.00398332,0.00186297
2015-10-02,0.01737906,0.01455361,0.01374674,0.01633283
2015-10-05,0.02067079,0.01834538,0.02052784,0.01600094
2015-10-06,-0.00257458,-0.00357817,-0.00744629,-0.00696915
2015-10-07,0.01038125,0.00840947,0.01551671,0.00947384
2015-10-08,0.01236560,0.00874965,0.00750117,0.00426304
2015-10-09,-0.00054479,0.00083185,0.00197709,0.00401749
2015-10-12,-0.00140817,0.00123656,0.00035316,0.00208549
2015-10-13,-0.00867422,-0.00668697,-0.01449025,-0.00851036
2015-10-14,-0.00281421,-0.00518246,-0.00651446,-0.00333403
2015-10-15,0.01252513,0.01467219,0.02418175,0.01836620
2015-10-16,0.00145771,0.00462865,-0.00227478,0.00324936
2015-10-19,-0.00168455,0.00012832,0.00169162,0.00433990
2015-10-20,0.00143541,-0.00147523,-0.00111153,-0.00479035
2015-10-21,-0.00783490,-0.00568986,-0.01495981,-0.00753667
2015-10-22,0.01479051,0.01657546,0.00667301,0.01717017
2015-10-23,0.00484429,0.01094623,0.01163290,0.02337674
2015-10-26,-0.00395515,-0.00183551,-0.00528699,0.00049141
2015-10-27,-0.00569988,-0.00251302,-0.00958775,-0.00124443
2015-10-28,0.01331357,0.01184409,0.02425542,0.01299006
2015-10-29,-0.00098716,-0.00034082,-0.00838683,-0.00303481
2015-10-30,-0.00035142,-0.00470739,-0.00372269,-0.00539206
2015-11-02,0.01300531,0.01170647,0.02108223,0.01412767
2015-11-03,0.00294778,0.00278567,0.00615469,0.00363152
2015-11-04,-0.00392999,-0.00307297,0.00091358,-0.00025893
2015-11-05,-0.00090689,-0.00074241,-0.00150708,-0.00168946
2015-11-06,-0.00150459,-0.00024638,0.01013770,0.00330513
2015-11-09,-0.00999717,-0.00961355,-0.00719411,-0.00981478
2015-11-10,0.00217845,0.00183529,-0.00243193,-0.00204589
2015-11-11,-0.00584748,-0.00330499,-0.00760309,-0.00309991
2015-11-12,-0.01551446,-0.01373254,-0.01666117,-0.01204040
2015-11-13,-0.01014934,-0.01129449,-0.00459254,-0.01609965
2015-11-16,0.01576195,0.01521175,0.00426561,0.01165270
2015-11-17,-0.00218430,-0.00093642,-0.00150840,0.00092574
2015-11-18,0.01602035,0.01629040,0.01305025,0.01835956
2015-11-19,-0.00165403,-0.00114264,-0.00325274,-0.00047487
2015-11-20,0.00326104,0.00392860,0.00710297,0.00630692
2015-11-23,0.00029371,-0.00102340,0.00560048,-0.00038854
2015-11-24,0.00321618,0.00125363,0.00545187,-0.00009824
2015-11-25,0.00103686,0.00007920,0.00978802,0.00256690
2015-11-27,-0.00027477,0.00073877,0.00476556,0.00220646
2015-11-30,-0.00254686,-0.00474260,-0.00184930,-0.00500902
2015-12-01,0.00980013,0.01071135,0.00440725,0.00971590
2015-12-02,-0.01301072,-0.01070374,-0.00540383,-0.00629687
2015-12-03,-0.01418100,-0.01417063,-0.01541823,-0.01737618
2015-12-04,0.01576494,0.02036690,0.00962381,0.02181757
2015-12-07,-0.00816845,-0.00679984,-0.01373021,-0.00750893
2015-12-08,-0.00755401,-0.00628809,-0.00139169,-0.00025073
2015-12-09,-0.00662771,-0.00770502,-0.01021393,-0.01512061
2015-12-10,0.00184211,0.00233996,0.00371774,0.00436388
2015-12-11,-0.01975776,-0.01932895,-0.01846810,-0.02202864
2015-12-14,-0.00048935,0.00495605,-0.00514831,0.00497400
2015-12-15,0.01148729,0.01042822,0.01302788,0.00829980
2015-12-16,0.01408852,0.01469020,0.01444502,0.01510834
2015-12-17,-0.01664269,-0.01495776,-0.00691626,-0.01340787
2015-12-18,-0.01528633,-0.01767100,-0.00572754,-0.01691965
2015-12-21,0.00802912,0.00787303,0.00581174,0.00930118
2015-12-22,0.01084892,0.00897011,0.00536048,0.00663886
2015-12-23,0.01595344,0.01243879,0.01062141,0.00876504
2015-12-24,-0.00118371,-0.00164743,0.00237675,0.00046106
2015-12-28,-0.00380429,-0.00209304,-0.00670619,-0.00096689
2015-12-29,0.00991186,0.01088596,0.01004295,0.01393147
2015-12-30,-0.00794821,-0.00707252,-0.00631944,-0.00818013
2015-12-31,-0.00727564,-0.00944598,-0.00753425,-0.01225963
2016-01-04,-0.01214323,-0.01522019,-0.02027466,-0.02061449
2016-01-05,0.00173597,0.00211103,-0.00008386,-0.00263340
2016-01-06,-0.01831583,-0.01259274,-0.01205554,-0.01082398
2016-01-07,-0.02214174,-0.02348147,-0.02638497,-0.02985931
2016-01-08,-0.01162486,-0.01088297,-0.01335584,-0.00947127
2016-01-11,-0.00331282,0.00107540,-0.00784055,0.00034690
2016-01-12,0.00516467,0.00778627,0.00341462,0.01076592
2016-01-13,-0.02512021,-0.02501975,-0.02979410,-0.03437642
2016-01-14,0.01399454,0.01671205,0.01289109,0.01979340
2016-01-15,-0.01919902,-0.02167597,-0.01772378,-0.02684145
2016-01-19,-0.00292471,0.00064644,-0.01118566,-0.00191343
2016-01-20,-0.00976376,-0.01152771,0.00523166,-0.00122636
2016-01-21,0.00841112,0.00534664,0.00077395,-0.00009524
2016-01-22,0.02003135,0.02037041,0.01926101,0.02691516
2016-01-25,-0.01912915,-0.01536715,-0.01706960,-0.01615528
2016-01-26,0.01830146,0.01404218,0.01446760,0.01081052
2016-01-27,-0.00768615,-0.01072960,-0.01472505,-0.02182495
2016-01-28,0.00159805,0.00596730,-0.00098361,0.01019157
2016-01-29,0.02777360,0.02453013,0.02498886,0.02294954
2016-02-01,0.00064383,-0.00037741,-0.00049012,0.00109889
2016-02-02,-0.02192718,-0.01853538,-0.01895376,-0.02176187
2016-02-03,0.00938695,0.00482361,-0.00083871,-0.00310420
2016-02-04,0.00564906,0.00167394,0.00415050,0.00025901
2016-02-05,-0.01772219,-0.01834673,-0.02518058,-0.03224679
2016-02-08,-0.02129065,-0.01413072,-0.01683456,-0.01620478
2016-02-09,-0.00293198,-0.00057415,-0.00622966,-0.00307631
2016-02-10,0.00118229,0.00025762,0.00058671,0.00347454
2016-02-11,-0.01455515,-0.01194836,-0.00724982,-0.00209785
2016-02-12,0.02256922,0.01945263,0.01762632,0.01554345
2016-02-16,0.02052657,0.01682428,0.02130508,0.02209440
2016-02-17,0.01925035,0.01666526,0.01690749,0.02129388
2016-02-18,-0.00348421,-0.00485164,-0.00655414,-0.01025980
2016-02-19,-0.00216892,0.00023316,0.00499039,0.00388763
2016-02-22,0.01778314,0.01447207,0.01164188,0.01456722
2016-02-23,-0.01257741,-0.01218782,-0.01309919,-0.01472872
2016-02-24,0.00568334,0.00452702,0.00869032,0.00898293
2016-02-25,0.01133260,0.01165976,0.00475093,0.00949888
2016-02-26,0.00227026,-0.00176009,0.00946717,0.00067184
2016-02-29,-0.00698768,-0.00811825,-0.00312553,-0.00688148
2016-03-01,0.02279459,0.02373722,0.02047911,0.02958336
2016-03-02,0.00772192,0.00414381,0.01027444,0.00271681
2016-03-03,0.00976024,0.00356267,0.00623987,0.00086583
2016-03-04,0.00550678,0.00327664,0.00306006,0.00136148
2016-03-07,0.00533893,0.00093602,0.01533117,-0.00245018
2016-03-08,-0.01832653,-0.01089849,-0.02261313,-0.01144482
2016-03-09,0.00557680,0.00513572,0.00327372,0.00523678
2016-03-10,0.00106113,0.00023435,-0.00945885,-0.00255769
2016-03-11,0.02095312,0.01651951,0.01854448,0.01785837
2016-03-14,-0.00193684,-0.00107354,0.00185838,0.00057186
2016-03-15,-0.00619217,-0.00184882,-0.01789898,-0.00309032
2016-03-16,0.00966535,0.00572330,0.00298176,0.00697042
2016-03-17,0.00928402,0.00635903,0.01056522,0.00207563
2016-03-18,0.00545452,0.00434252,0.01085650,0.00406687
2016-03-21,-0.00031592,0.00104073,0.00177466,0.00273819
2016-03-22,-0.00077439,-0.00072754,0.00045834,0.00235571
2016-03-23,-0.01087738,-0.00629547,-0.01924550,-0.01008550
2016-03-24,-0.00088177,-0.00035865,0.00281882,0.00102219
2016-03-28,0.00160652,0.00054590,-0.00019963,-0.00108377
2016-03-29,0.00958308,0.00895765,0.02007849,0.01685981
2016-03-30,0.00321034,0.00444428,0.00390123,0.00444325
2016-03-31,0.00036845,-0.00206554,0.00227454,-0.00009182
2016-04-01,0.00385492,0.00642050,0.00645501,0.00978142
2016-04-04,-0.00578012,-0.00306710,-0.00148216,-0.00443148
2016-04-05,-0.01143253,-0.01012494,-0.00889344,-0.00946238
2016-04-06,0.01065667,0.01087210,0.01468311,0.01581043
2016-04-07,-0.01249534,-0.01198456,-0.01256428,-0.01503775
2016-04-08,0.00433101,0.00274836,0.00090107,-0.00013783
2016-04-11,-0.00178585,-0.00277204,-0.00325512,-0.00395100
2016-04-12,0.01027156,0.00977290,0.00763532,0.00810951
2016-04-13,0.01293486,0.01017079,0.02098012,0.01506076
2016-04-14,-0.00176265,0.00026734,0.00043327,0.00007600
2016-04-15,-0.00001319,-0.00090088,0.00136887,-0.00106811
2016-04-18,0.00694806,0.00666870,0.00664610,0.00549214
2016-04-19,0.00481678,0.00292277,0.00019612,-0.00428340
2016-04-20,0.00151484,0.00081123,0.00067767,0.00161261
2016-04-21,-0.00597327,-0.00520096,0.00095929,-0.00014876
2016-04-22,0.00624753,0.00000601,0.00687126,-0.00907254
2016-04-25,-0.00476684,-0.00171049,-0.00588722,-0.00128838
2016-04-26,0.00692345,0.00179163,0.00494568,-0.00205067
2016-04-27,0.00618971,0.00177100,0.00366173,-0.00576652
2016-04-28,-0.01124582,-0.00915323,-0.01096018,-0.01198120
2016-04-29,-0.00692074,-0.00495673,-0.00662747,-0.00617054
2016-05-02,0.00672022,0.00793167,0.00619068,0.01000908
2016-05-03,-0.01057715,-0.00868666,-0.01340956,-0.01086500
2016-05-04,-0.00681801,-0.00564742,-0.00908490,-0.00756701
2016-05-05,-0.00016414,0.00010675,-0.00525799,-0.00117727
2016-05-06,0.00276441,0.00348244,0.00079065,0.00514342
2016-05-09,-0.00000748,0.00089628,0.00561391,0.00366930
2016-05-10,0.01245660,0.01251855,0.00715707,0.01326072
2016-05-11,-0.01052945,-0.00908187,-0.01140604,-0.00990900
2016-05-12,-0.00137594,0.00002151,-0.00938416,-0.00431029
2016-05-13,-0.00855225,-0.00848224,-0.00222968,-0.00438476
2016-05-16,0.00981747,0.00990929,0.01017484,0.01158169
2016-05-17,-0.00661458,-0.00932970,-0.01353828,-0.01302507
2016-05-18,-0.00199122,0.00007383,0.00878420,0.00527000
2016-05-19,-0.00338430,-0.00312365,-0.00606679,-0.00522654
2016-05-20,0.00804346,0.00616261,0.01570016,0.01186840
2016-05-23,-0.00164717,-0.00205999,0.00339583,-0.00086312
2016-05-24,0.01383121,0.01367132,0.01859602,0.02007220
2016-05-25,0.00738984,0.00700660,0.00557588,0.00718280
2016-05-26,-0.00060212,0.00002877,-0.00038615,0.00148187
2016-05-27,0.00551192,0.00439571,0.01109741,0.00645311
2016-05-31,0.00109895,-0.00081468,0.00193059,0.00275873
2016-06-01,0.00202700,0.00131371,0.00951704,0.00093851
2016-06-02,0.00458700,0.00290446,0.00411124,0.00389885
2016-06-03,-0.00331481,-0.00278679,-0.00714893,-0.00639150
2016-06-06,0.00665928,0.00491119,0.01100546,0.00505613
2016-06-07,0.00329344,0.00122406,-0.00019549,-0.00145891
2016-06-08,0.00322893,0.00350366,0.00511780,0.00329715
2016-06-09,-0.00275314,-0.00172755,-0.00755326,-0.00297758
2016-06-10,-0.01336048,-0.00912623,-0.01254404,-0.01177611
2016-06-13,-0.00847581,-0.00775847,-0.01052229,-0.00913814
2016-06-14,-0.00330880,-0.00167895,-0.00317005,-0.00041288
2016-06-15,0.00014085,-0.00177880,0.00273292,-0.00199639
2016-06-16,0.00104865,0.00324576,-0.00039171,0.00207923
2016-06-17,0.00130041,-0.00325316,-0.00510079,-0.00956149
2016-06-20,0.00800654,0.00586854,0.01066031,0.00720217
2016-06-21,0.00178001,0.00272976,-0.00352217,0.00149251
2016-06-22,-0.00162130,-0.00166356,-0.00276876,-0.00227820
2016-06-23,0.01485954,0.01335400,0.01751658,0.01577220
2016-06-24,-0.04096619,-0.03572580,-0.03252091,-0.04055235
2016-06-27,-0.02593951,-0.01801171,-0.02835846,-0.02283133
2016-06-28,0.02009627,0.01781441,0.01713435,0.02053656
2016-06-29,0.01916311,0.01727416,0.01793630,0.01837496
2016-06-30,0.01550847,0.01356704,0.01383362,0.01353599
2016-07-01,0.00318374,0.00214489,0.00647949,0.00421401
2016-07-05,-0.01256428,-0.00664498,-0.01225572,-0.00728392
2016-07-06,0.00617556,0.00580072,0.00722288,0.00800405
2016-07-07,0.00050365,-0.00077438,0.00326550,0.00367556
2016-07-08,0.01879886,0.01518389,0.01971060,0.01649265
2016-07-11,0.00413387,0.00342529,0.00870277,0.00588240
2016-07-12,0.01195786,0.00677244,0.01198895,0.00651434
2016-07-13,-0.00048000,0.00026129,-0.00457623,-0.00336793
2016-07-14,0.00472607,0.00528317,0.00058389,0.00577618
2016-07-15,-0.00089611,-0.00091842,0.00260453,-0.00060865
2016-07-18,0.00221671,0.00242081,0.00149949,0.00469403
2016-07-19,-0.00302535,-0.00142351,-0.00646402,-0.00351561
2016-07-20,0.00506094,0.00437663,0.00835339,0.01082651
2016-07-21,-0.00347231,-0.00359864,-0.00451577,-0.00303373
2016-07-22,0.00582118,0.00448430,0.00666839,0.00539769
2016-07-25,-0.00192661,-0.00291000,-0.00196898,-0.00039424
2016-07-26,0.00458936,0.00021700,0.00469231,0.00170227
2016-07-27,-0.00525509,-0.00126763,0.00521955,0.00593007
2016-07-28,0.00210797,0.00170451,-0.00178715,0.00318723
2016-07-29,0.00095221,0.00169633,-0.00063885,0.00182286
2016-08-01,-0.00463198,-0.00119956,0.00025263,0.00428330
2016-08-02,-0.00923034,-0.00632403,-0.01067432,-0.00859789
2016-08-03,0.00653170,0.00339895,0.00754380,0.00411765
2016-08-04,-0.00057909,0.00048352,0.00215221,0.00157203
2016-08-05,0.00955315,0.00864578,0.01210773,0.01108655
2016-08-08,-0.00009177,-0.00082917,-0.00089443,-0.00159658
2016-08-09,-0.00111882,0.00041918,0.00185196,0.00196499
2016-08-10,-0.00273348,-0.00231197,-0.00745998,-0.00400544
2016-08-11,0.00742846,0.00488645,0.00567684,0.00445394
2016-08-12,-0.00082649,-0.00071773,0.00143898,0.00066515
2016-08-15,0.00513754,0.00284483,0.00835836,0.00487935
2016-08-16,-0.00603735,-0.00534111,-0.00579776,-0.00623757
2016-08-17,0.00131472,0.00204090,-0.00216971,0.00056704
2016-08-18,0.00530489,0.00236171,0.00537679,0.00205985
2016-08-19,0.00024909,-0.00137834,0.00015873,-0.00028186
2016-08-22,-0.00103147,-0.00054314,0.00404186,0.00161759
2016-08-23,0.00407294,0.00189040,0.00576991,0.00295274
2016-08-24,-0.00689474,-0.00520140,-0.00743519,-0.00722780
2016-08-25,-0.00078679,-0.00144034,0.00088228,-0.00104729
2016-08-26,-0.00254460,-0.00147719,0.00047183,0.00105408
2016-08-29,0.00576948,0.00531428,0.00482226,0.00265975
2016-08-30,-0.00176321,-0.00185913,0.00159527,-0.00194633
2016-08-31,-0.00382095,-0.00213827,-0.00397171,-0.00163905
2016-09-01,-0.00097631,0.00005582,0.00298081,0.00235089
2016-09-02,0.00544575,0.00423475,0.00584445,0.00438947
2016-09-06,0.00158952,0.00305508,0.00424976,0.00465103
2016-09-07,0.00236600,0.00003698,0.00576099,0.00182301
2016-09-08,-0.00132549,-0.00217154,0.00114688,-0.00493762
2016-09-09,-0.02761436,-0.02462382,-0.02343330,-0.02484371
2016-09-12,0.01552493,0.01483122,0.01249764,0.01678074
2016-09-13,-0.01715036,-0.01448489,-0.01372902,-0.01052497
2016-09-14,-0.00214262,-0.00058392,0.00223744,0.00383611
2016-09-15,0.01032101,0.01028686,0.01071195,0.01474334
2016-09-16,-0.00417354,-0.00371956,0.00253013,-0.00026728
2016-09-19,0.00195168,-0.00011779,0.00379663,-0.00240100
2016-09-20,-0.00220030,0.00033742,0.00538074,0.00146029
2016-09-21,0.01352921,0.01086868,0.00942654,0.00981692
2016-09-22,0.00758766,0.00652922,0.01192336,0.00856698
2016-09-23,-0.00549567,-0.00565655,-0.00506606,-0.00658530
2016-09-26,-0.00756107,-0.00858787,-0.01004695,-0.00910519
2016-09-27,0.00478350,0.00659266,0.00832300,0.00945082
2016-09-28,0.00751781,0.00540988,0.00280210,0.00264705
2016-09-29,-0.00881840,-0.00930852,-0.01266470,-0.00974337
2016-09-30,0.00854236,0.00805550,0.01152946,0.00834690
2016-10-03,-0.00357512,-0.00308176,0.00098109,-0.00195827
2016-10-04,-0.00635058,-0.00485667,-0.00597611,-0.00223300
2016-10-05,0.00609835,0.00473134,0.00826435,0.00517515
2016-10-06,0.00046327,0.00028122,-0.00353283,-0.00140871
2016-10-07,-0.00558384,-0.00325570,-0.00422768,-0.00237401
2016-10-10,0.00466895,0.00459650,0.00972780,0.00657076
2016-10-11,-0.01491441,-0.01248224,-0.01617379,-0.01502060
2016-10-12,0.00148083,0.00120548,-0.00292144,-0.00137633
2016-10-13,-0.00366373,-0.00296772,-0.00933928,-0.00489380
2016-10-14,-0.00065266,0.00026304,-0.00180850,0.00039527
2016-10-17,-0.00364752,-0.00304256,-0.00087797,-0.00260809
2016-10-18,0.00704826,0.00619302,0.00292229,0.00811852
2016-10-19,0.00479505,0.00228856,0.00233710,0.00044212
2016-10-20,-0.00118788,-0.00126570,-0.00007994,-0.00129769
2016-10-21,-0.00090693,0.00018664,-0.00002532,0.00333081
2016-10-24,0.00317359,0.00498416,0.00430165,0.01040235
2016-10-25,-0.00659913,-0.00373287,-0.00824702,-0.00489897
2016-10-26,-0.00040408,-0.00180994,-0.00727422,-0.00620669
2016-10-27,-0.00573997,-0.00292598,-0.00697530,-0.00590949
2016-10-28,-0.00000193,-0.00309132,-0.00307547,-0.00526771
2016-10-31,0.00150897,-0.00005211,0.00092412,0.00007941
2016-11-01,-0.00814797,-0.00681447,-0.00677346,-0.00647562
2016-11-02,-0.00732427,-0.00641722,-0.01090347,-0.00915323
2016-11-03,-0.00292568,-0.00407399,-0.00721771,-0.00835389
2016-11-04,0.00001770,-0.00179004,0.00523356,-0.00228899
2016-11-07,0.02198842,0.02222277,0.02117137,0.02414875
2016-11-08,0.00336211,0.00424735,0.00542088,0.00558986
2016-11-09,0.01271174,0.01101466,0.02866671,0.01164567
2016-11-10,0.00734746,0.00169308,0.01773152,-0.00759179
2016-11-11,-0.00035522,-0.00141908,0.02540844,0.00568216
2016-11-14,0.00835012,-0.00016078,0.01074191,-0.00369185
2016-11-15,0.00736348,0.00790608,0.00266849,0.01143861
2016-11-16,-0.00427359,-0.00128264,0.00010610,0.00370313
2016-11-17,0.00527337,0.00461071,0.00654944,0.00784209
2016-11-18,-0.00286691,-0.00235168,0.00415546,-0.00232027
2016-11-21,0.00812461,0.00758601,0.00420474,0.00929945
2016-11-22,0.00272088,0.00227033,0.00598826,0.00323435
2016-11-23,0.00295566,0.00081094,0.00678255,-0.00105087
2016-11-25,0.00317674,0.00394676,0.00376160,0.00334514
2016-11-28,-0.00653876,-0.00512504,-0.01085693,-0.00553586
2016-11-29,0.00019214,0.00152937,-0.00111594,0.00215692
2016-11-30,0.00037198,-0.00261154,-0.00637051,-0.01059590
2016-12-01,-0.00375542,-0.00361942,-0.00712925,-0.01280605
2016-12-02,0.00069915,0.00037692,0.00196559,0.00094084
2016-12-05,0.00785701,0.00588880,0.01589858,0.01026882
2016-12-06,0.00432643,0.00338990,0.00980469,0.00468490
2016-12-07,0.01441013,0.01337420,0.00590009,0.01180036
2016-12-08,0.00454150,0.00225010,0.01176514,0.00438919
2016-12-09,0.00255508,0.00588293,0.00310942,0.00496106
2016-12-12,-0.00466422,-0.00109289,-0.00929923,-0.00568114
2016-12-13,0.00437914,0.00671317,0.00144503,0.00980342
2016-12-14,-0.01098996,-0.00803740,-0.00864266,-0.00426710
2016-12-15,0.00307156,0.00383723,0.00799732,0.00441455
2016-12-16,-0.00216982,-0.00178361,0.00041198,-0.00402895
2016-12-19,0.00144365,0.00200492,0.00755392,0.00426629
2016-12-20,0.00356663,0.00376442,0.00500841,0.00474631
2016-12-21,-0.00210117,-0.00239909,-0.00510882,-0.00235188
2016-12-22,-0.00405182,-0.00192157,-0.00682963,-0.00424238
2016-12-23,0.00203314,0.00134123,0.00763635,0.00233809
2016-12-27,0.00326471,0.00231051,0.00281306,0.00466026
2016-12-28,-0.01027422,-0.00814880,-0.00854708,-0.00874642
2016-12-29,0.00043111,-0.00027145,-0.00105137,-0.00142517
2016-12-30,-0.00388980,-0.00468919,-0.00309732,-0.00944035
2017-01-03,0.00884621,0.00855250,0.00617577,0.00818989
2017-01-04,0.01032316,0.00597686,0.01421733,0.00844329
2017-01-05,-0.00318396,-0.00074993,-0.00776598,0.00141774
2017-01-06,0.00269401,0.00373791,-0.00157830,0.00675824
2017-01-09,-0.00564318,-0.00344696,-0.00288303,0.00210386
2017-01-10,0.00136857,0.00000065,0.01273256,0.00327200
2017-01-11,0.00308566,0.00301161,-0.00481724,0.00255115
2017-01-12,-0.00184246,-0.00204530,-0.00804548,-0.00298378
2017-01-13,0.00195574,0.00180714,0.00891721,0.00489919
2017-01-17,-0.00222987,-0.00276488,-0.01438556,-0.00685355
2017-01-18,0.00270161,0.00188581,0.00342751,0.00300075
2017-01-19,-0.00494192,-0.00353050,-0.00677336,-0.00292639
2017-01-20,0.00381537,0.00339741,0.00323438,0.00259968
2017-01-23,-0.00300737,-0.00261919,-0.00470585,-0.00054669
2017-01-24,0.01002452,0.00663305,0.01166566,0.00850062
2017-01-25,0.00764451,0.00791968,0.00947205,0.00986347
2017-01-26,-0.00280526,-0.00071524,-0.00414273,-0.00021380
2017-01-27,-0.00253989,-0.00094425,-0.00005547,0.00101306
2017-01-30,-0.00588680,-0.00591129,-0.01224484,-0.00845279
2017-01-31,0.00076414,-0.00081699,0.00743774,-0.00008002
2017-02-01,-0.00225377,0.00046019,-0.00032857,0.00513123
2017-02-02,0.00189606,0.00068631,-0.00171522,-0.00160570
2017-02-03,0.00750801,0.00723753,0.01296031,0.00549624
2017-02-06,-0.00300725,-0.00215210,-0.00443632,-0.00044935
2017-02-07,-0.00144397,0.00033700,-0.00294173,0.00201789
2017-02-08,0.00225271,0.00106303,-0.00219555,0.00108045
2017-02-09,0.00716096,0.00598144,0.01250174,0.00669053
2017-02-10,0.00518828,0.00356787,0.00676491,0.00334735
2017-02-13,0.00415938,0.00539906,0.00395224,0.00532728
2017-02-14,0.00325644,0.00430053,0.00303970,0.00393335
2017-02-15,0.00493169,0.00517716,0.00650658,0.00624624
2017-02-16,-0.00265775,-0.00091521,-0.00221417,-0.00140472
2017-02-17,0.00229980,0.00203595,0.00390091,0.00421147
2017-02-21,0.00686499,0.00611178,0.00293095,0.00464916
2017-02-22,-0.00275126,-0.00099533,-0.00293681,-0.00089787
2017-02-23,-0.00176858,0.00036534,-0.00580641,-0.00407551
2017-02-24,0.00276130,0.00175212,0.00032637,0.00208700
2017-02-27,0.00190776,0.00102572,0.01018269,0.00295894
2017-02-28,-0.00476935,-0.00265748,-0.01462499,-0.00607283
2017-03-01,0.01250315,0.01366800,0.01707953,0.01390489
2017-03-02,-0.00663675,-0.00568200,-0.00862849,-0.00743877
2017-03-03,-0.00040606,0.00049506,-0.00105358,0.00156927
2017-03-06,-0.00460905,-0.00324732,-0.00672908,-0.00339230
2017-03-07,-0.00477925,-0.00285239,-0.00484867,-0.00266392
2017-03-08,-0.00228197,-0.00184450,-0.00140696,0.00089464
2017-03-09,-0.00079389,0.00084094,-0.00056498,0.00038846
2017-03-10,0.00393906,0.00327599,0.00297260,0.00360035
2017-03-13,0.00165574,0.00066488,0.00600148,0.00236519
2017-03-14,-0.00448381,-0.00322337,-0.00608277,-0.00284841
2017-03-15,0.01116854,0.00833556,0.01017312,0.00726321
2017-03-16,-0.00233744,-0.00137235,0.00486470,-0.00006277
2017-03-17,-0.00020929,-0.00136213,0.00476837,-0.00001758
2017-03-20,-0.00323668,-0.00201264,-0.00271870,-0.00004118
2017-03-21,-0.01356309,-0.01229257,-0.02545036,-0.01807523
2017-03-22,0.00222464,0.00192798,-0.00310484,0.00518302
2017-03-23,0.00020195,-0.00106900,0.00649492,-0.00113885
2017-03-24,-0.00029235,-0.00080103,0.00299914,0.00186622
2017-03-27,-0.00080587,-0.00092791,0.00514569,0.00193763
2017-03-28,0.00829422,0.00727146,0.00591691,0.00636408
2017-03-29,0.00334817,0.00146899,0.00397594,0.00405349
2017-03-30,0.00213548,0.00296011,0.00588551,0.00313754
2017-03-31,-0.00098224,-0.00214393,0.00234288,-0.00012020
2017-04-03,-0.00410406,-0.00160728,-0.00991599,-0.00293432
2017-04-04,-0.00085715,0.00073836,-0.00264542,0.00110343
2017-04-05,-0.00308705,-0.00294088,-0.01054249,-0.00586002
2017-04-06,0.00527436,0.00211580,0.00828318,0.00227684
2017-04-07,-0.00115793,-0.00071902,0.00106215,-0.00019392
2017-04-10,0.00247077,0.00077689,-0.00044842,0.00046660
2017-04-11,-0.00010190,-0.00125413,0.00418596,-0.00233305
2017-04-12,-0.00622558,-0.00369527,-0.00841633,-0.00516405
2017-04-13,-0.00700158,-0.00677329,-0.00690639,-0.00548598
2017-04-17,0.00848194,0.00856296,0.00892062,0.00916274
2017-04-18,-0.00302272,-0.00277116,-0.00044486,-0.00108165
2017-04-19,0.00019259,-0.00159088,0.00499917,0.00236533
2017-04-20,0.00842820,0.00758574,0.01171788,0.00931883
2017-04-21,-0.00351704,-0.00301648,-0.00201976,-0.00094257
2017-04-24,0.01039125,0.01083113,0.01256333,0.01272502
2017-04-25,0.00529685,0.00598011,0.00755652,0.00664261
2017-04-26,0.00027115,-0.00045011,0.00650279,0.00015302
2017-04-27,-0.00017822,0.00073038,-0.00150234,0.00396158
2017-04-28,-0.00489443,-0.00177255,-0.00696648,0.00032814
2017-05-01,-0.00064930,0.00172723,0.00352358,0.00759198
2017-05-02,0.00123704,0.00115653,-0.00347901,0.00054845
2017-05-03,-0.00328302,-0.00113481,-0.00590864,-0.00328269
2017-05-04,0.00053911,0.00075820,0.00046513,0.00054766
2017-05-05,0.00641455,0.00402173,0.00276849,0.00380247
2017-05-08,-0.00184898,0.00015349,-0.00211844,0.00055177
2017-05-09,-0.00045507,-0.00085062,0.00402664,0.00295604
2017-05-10,0.00343986,0.00156209,0.00259311,0.00113773
2017-05-11,-0.00418391,-0.00186834,-0.00355744,-0.00181805
2017-05-12,-0.00449513,-0.00147195,-0.00242029,0.00071820
2017-05-15,0.00619387,0.00491583,0.00585468,0.00442336
2017-05-16,-0.00274406,-0.00051909,0.00105702,0.00333686
2017-05-17,-0.01615226,-0.01779117,-0.02480660,-0.02617046
2017-05-18,0.00267973,0.00384992,0.00554737,0.00768173
2017-05-19,0.00810243,0.00680048,0.00295708,0.00436124
2017-05-22,0.00550847,0.00520949,0.00698410,0.00805546
2017-05-23,0.00000727,0.00188602,0.00140803,0.00128625
2017-05-24,0.00194927,0.00260429,0.00147963,0.00426845
2017-05-25,0.00382369,0.00464278,0.00183141,0.00694163
2017-05-26,0.00002923,0.00043459,-0.00073633,0.00115305
2017-05-30,-0.00196717,-0.00108194,-0.00613284,-0.00058913
2017-05-31,0.00071916,-0.00024801,0.00050433,-0.00042798
2017-06-01,0.01107271,0.00777997,0.01565517,0.00785134
2017-06-02,0.00090564,0.00372096,0.00841585,0.00913687
2017-06-05,-0.00256634,-0.00112656,-0.00673874,-0.00132095
2017-06-06,-0.00363914,-0.00288580,-0.00421049,-0.00351880
2017-06-07,0.00069242,0.00180330,0.00198372,0.00353617
2017-06-08,0.00107166,0.00024447,0.01241826,0.00409721
2017-06-09,0.00445298,-0.00108956,0.00389859,-0.01801430
2017-06-12,0.00179688,-0.00092589,-0.00444887,-0.00521365
2017-06-13,0.00563293,0.00479418,0.00554425,0.00764298
2017-06-14,-0.00237849,-0.00088099,-0.00287964,-0.00372476
2017-06-15,-0.00214287,-0.00217070,-0.00400212,-0.00455730
2017-06-16,0.00011072,-0.00000621,-0.00168787,-0.00253500
2017-06-19,0.00664035,0.00839745,0.00795833,0.01420449
2017-06-20,-0.00867955,-0.00662247,-0.00658923,-0.00847566
2017-06-21,-0.00263404,-0.00030353,0.00027314,0.00714161
2017-06-22,0.00050867,-0.00027632,0.00440030,0.00008015
2017-06-23,0.00258421,0.00152983,0.00950062,0.00438624
2017-06-26,0.00298524,0.00036518,0.00311116,-0.00299305
2017-06-27,-0.00670636,-0.00807151,-0.00987325,-0.01601396
2017-06-28,0.00829253,0.00899982,0.01488748,0.01469609
2017-06-29,-0.00704308,-0.00865209,-0.00436294,-0.01437685
2017-06-30,0.00293483,0.00145033,-0.00154255,-0.00073318
2017-07-03,0.00460964,0.00215004,0.00598227,-0.00528288
2017-07-05,-0.00202789,0.00173305,-0.00124284,0.00726104
2017-07-06,-0.01101938,-0.00894171,-0.01045666,-0.01022399
2017-07-07,0.00658551,0.00642150,0.00965374,0.01072322
2017-07-10,0.00010183,0.00085245,-0.00437879,0.00378472
2017-07-11,-0.00097656,-0.00070198,0.00178143,0.00271714
2017-07-12,0.00733135,0.00744567,0.00741129,0.01063354
2017-07-13,0.00257176,0.00194282,0.00023281,0.00220134
2017-07-14,0.00484407,0.00479080,0.00114012,0.00603621
2017-07-17,0.00114174,-0.00010549,0.00134716,0.00052473
2017-07-18,-0.00210225,0.00064484,-0.00157956,0.00496256
2017-07-19,0.00700981,0.00537076,0.00591321,0.00644957
2017-07-20,-0.00086168,-0.00000539,0.00072269,0.00098175
2017-07-21,0.00075533,-0.00030104,-0.00237122,-0.00049884
2017-07-24,-0.00172423,-0.00092101,0.00260572,0.00366489
2017-07-25,0.00430142,0.00298460,0.00406367,0.00035895
2017-07-26,-0.00182173,0.00035654,-0.00192551,0.00102566
2017-07-27,-0.00079396,-0.00088128,-0.00805698,-0.00594381
2017-07-28,-0.00101613,-0.00141982,-0.00194688,-0.00190304
2017-07-31,-0.00086264,-0.00086966,-0.00159555,-0.00450573
2017-08-01,0.00103793,0.00237236,0.00048725,0.00218915
2017-08-02,-0.00291690,0.00048924,-0.00966954,0.00058805
2017-08-03,-0.00243465,-0.00201603,-0.00393265,-0.00344200
2017-08-04,0.00150085,0.00180344,0.00472020,0.00193180
2017-08-07,0.00119112,0.00176677,0.00138444,0.00516278
2017-08-08,-0.00271714,-0.00227004,-0.00232358,-0.00184680
2017-08-09,-0.00148197,-0.00030907,-0.00918235,-0.00274235
2017-08-10,-0.01467899,-0.01416974,-0.01630299,-0.02065153
2017-08-11,0.00077913,0.00144038,0.00243862,0.00695303
2017-08-14,0.00935633,0.01008150,0.01444043,0.01387049
2017-08-15,-0.00233917,-0.00028571,-0.00580196,-0.00065772
2017-08-16,0.00274316,0.00171546,0.00071039,0.00187634
2017-08-17,-0.01520337,-0.01543746,-0.01474305,-0.01972532
2017-08-18,-0.00220948,-0.00184003,0.00007005,-0.00091192
2017-08-21,0.00079543,0.00118324,-0.00040578,-0.00092826
2017-08-22,0.00945982,0.00999402,0.00971414,0.01407615
2017-08-23,-0.00304384,-0.00339423,-0.00130373,-0.00338967
2017-08-24,-0.00136538,-0.00220404,0.00559732,-0.00122517
2017-08-25,0.00340368,0.00169332,0.00313328,-0.00066890
2017-08-28,-0.00089815,0.00045146,0.00412652,0.00349123
2017-08-29,-0.00089185,0.00105698,0.00296537,0.00339030
2017-08-30,0.00476973,0.00488727,0.00619752,0.01082812
2017-08-31,0.00575828,0.00566819,0.00760923,0.00920845
2017-09-01,0.00393178,0.00203782,0.00576235,0.00090438
2017-09-05,-0.00703195,-0.00715780,-0.00615352,-0.00927533
2017-09-06,0.00363441,0.00312769,0.00278192,0.00271111
2017-09-07,-0.00073235,0.00019185,-0.00168522,0.00054992
2017-09-08,0.00077395,-0.00155101,0.00141617,-0.00610535
2017-09-11,0.01045002,0.01073262,0.01287865,0.01137943
2017-09-12,0.00397158,0.00349269,0.00250221,0.00331503
2017-09-13,0.00043635,0.00083515,0.00272930,0.00106091
2017-09-14,-0.00051134,-0.00087644,-0.00132120,-0.00499212
2017-09-15,0.00232905,0.00176618,0.00354313,0.00320211
2017-09-18,0.00113402,0.00139683,0.00644571,0.00071068
2017-09-19,-0.00119995,0.00104469,0.00114703,0.00145213
2017-09-20,0.00154748,0.00068971,0.00332209,-0.00039515
2017-09-21,-0.00212660,-0.00304174,-0.00036605,-0.00530723
2017-09-22,0.00222752,0.00062314,0.00535805,0.00072577
2017-09-25,0.00129288,-0.00225458,-0.00132146,-0.00875992
2017-09-26,0.00073225,0.00017354,0.00443647,0.00215822
2017-09-27,0.00398752,0.00415817,0.01780436,0.01190758
2017-09-28,0.00072250,0.00137997,0.00359419,0.00015790
2017-09-29,0.00361025,0.00367477,0.00378753,0.00669345
2017-10-02,0.00410492,0.00387270,0.01195276,0.00280530
2017-10-03,0.00169473,0.00227420,0.00096045,0.00244115
2017-10-04,0.00265475,0.00124998,-0.00053270,0.00034480
2017-10-05,0.00343921,0.00587688,0.00373298,0.00805149
2017-10-06,-0.00183926,-0.00075592,-0.00058894,0.00073415
2017-10-09,-0.00358096,-0.00178308,-0.00442703,-0.00177802
2017-10-10,0.00252876,0.00256076,0.00481880,0.00083425
2017-10-11,0.00025346,0.00195399,-0.00021201,0.00232645
2017-10-12,0.00021442,-0.00151187,-0.00425176,-0.00156656
2017-10-13,0.00104474,0.00086399,-0.00180601,0.00206930
2017-10-16,0.00029008,0.00170123,-0.00125606,0.00260776
2017-10-17,-0.00019511,0.00066093,-0.00355761,0.00048445
2017-10-18,0.00096555,0.00084285,0.00317046,0.00006535
2017-10-19,0.00175888,0.00041623,-0.00149417,-0.00259208
2017-10-20,0.00685773,0.00521781,0.00473521,0.00390866
2017-10-23,-0.00381726,-0.00392719,-0.00607122,-0.00669278
2017-10-24,0.00101081,0.00167408,-0.00032002,0.00184645
2017-10-25,-0.00663895,-0.00461016,-0.00520566,-0.00484021
2017-10-26,0.00221299,0.00123411,0.00115030,-0.00065082
2017-10-27,0.00091282,0.00837533,0.00671902,0.02449041
2017-10-30,-0.00439849,-0.00318957,-0.00974018,-0.00057079
2017-10-31,0.00116888,0.00103151,0.00769560,0.00377491
2017-11-01,0.00001004,0.00163734,-0.00812275,-0.00142157
2017-11-02,-0.00080870,0.00033119,0.00340689,-0.00008398
2017-11-03,0.00129354,0.00326669,0.00275134,0.00737456
2017-11-06,0.00387518,0.00125710,0.00009838,0.00243227
2017-11-07,-0.00151566,-0.00011808,-0.01585926,-0.00214213
2017-11-08,0.00155329,0.00164626,0.00030248,0.00332475
2017-11-09,-0.00219345,-0.00357521,-0.00326539,-0.00551887
2017-11-10,0.00053953,-0.00039038,0.00304267,0.00087156
2017-11-13,0.00176426,0.00097792,0.00093685,0.00119312
2017-11-14,-0.00057264,-0.00200331,-0.00232209,-0.00253850
2017-11-15,-0.00516613,-0.00535041,-0.00154041,-0.00497196
2017-11-16,0.00874088,0.00925528,0.01462231,0.01314435
2017-11-17,0.00207950,-0.00268694,0.00426661,-0.00237915
2017-11-20,0.00131683,0.00128419,0.00659334,0.00134452
2017-11-21,0.00343506,0.00642166,0.00852035,0.01061997
2017-11-22,-0.00030865,-0.00063332,0.00062391,0.00058871
2017-11-24,0.00075230,0.00222629,0.00243989,0.00319811
2017-11-27,-0.00097217,-0.00024199,-0.00330267,-0.00097443
2017-11-28,0.01150781,0.00971935,0.01130679,0.00581327
2017-11-29,0.00548428,-0.00027142,0.00276345,-0.01267849
2017-11-30,0.00751049,0.00844917,0.00245448,0.00779019
2017-12-01,-0.00196348,-0.00203084,-0.00388998,-0.00390351
2017-12-04,0.00245650,-0.00113278,-0.00456405,-0.01008386
2017-12-05,-0.00657796,-0.00354030,-0.00760517,-0.00185327
2017-12-06,-0.00199236,-0.00000345,-0.00496983,0.00272720
2017-12-07,0.00450518,0.00315463,0.00762341,0.00548646
2017-12-08,0.00653954,0.00555356,0.00051788,0.00419483
2017-12-11,0.00113137,0.00318337,-0.00082270,0.00518987
2017-12-12,-0.00017130,0.00154134,-0.00149788,-0.00181726
2017-12-13,-0.00091025,-0.00032889,0.00622501,0.00143912
2017-12-14,-0.00546285,-0.00383780,-0.00826776,-0.00261328
2017-12-15,0.00964293,0.00887996,0.01279278,0.01218579
2017-12-18,0.00716760,0.00540518,0.00978374,0.00824497
2017-12-19,-0.00292756,-0.00313220,-0.00399001,-0.00458394
2017-12-20,-0.00008976,-0.00075466,0.00192702,-0.00039946
2017-12-21,0.00260999,0.00196106,0.00457550,0.00075475
2017-12-22,0.00072510,-0.00041355,-0.00231126,-0.00098987
2017-12-26,0.00131876,-0.00086101,0.00033936,-0.00364474
2017-12-27,-0.00000552,0.00078344,0.00114566,0.00034983
2017-12-28,0.00248873,0.00201286,0.00387659,0.00182593
2017-12-29,-0.00512996,-0.00516845,-0.00768610,-0.00696134
2018-01-02,0.00804510,0.00830228,0.01098421,0.01459890
2018-01-03,0.00569986,0.00645802,0.00328963,0.00865865
2018-01-04,0.00329572,0.00430843,0.00298338,0.00198783
2018-01-05,0.00546647,0.00708203,0.00335316,0.00857866
2018-01-08,0.00312259,0.00181790,-0.00112796,0.00288172
2018-01-09,-0.00021100,0.00156004,-0.00058312,0.00111711
2018-01-10,-0.00245751,-0.00120736,0.00289513,-0.00069529
2018-01-11,0.00928785,0.00711118,0.01490636,0.00832990
2018-01-12,0.00632945,0.00684511,0.00543899,0.00711780
2018-01-16,-0.00659154,-0.00345410,-0.01338474,-0.00553069
2018-01-17,0.00832486,0.00945250,0.00760689,0.01067043
2018-01-18,-0.00245478,-0.00142500,-0.00343211,-0.00027651
2018-01-19,0.00650220,0.00451547,0.01141357,0.00564896
2018-01-22,0.00699655,0.00809005,0.00475072,0.01055023
2018-01-23,0.00314921,0.00233066,0.00308815,0.00732314
2018-01-24,0.00004907,-0.00054893,-0.00715232,-0.00619470
2018-01-25,-0.00064228,0.00076956,0.00191576,-0.00018166
2018-01-26,0.00973744,0.01185104,0.00551933,0.01288578
2018-01-29,-0.00728116,-0.00649317,-0.00509124,-0.00473424
2018-01-30,-0.01121405,-0.01074964,-0.00860152,-0.00796074
2018-01-31,-0.00007683,0.00045710,-0.00601343,0.00095206
2018-02-01,-0.00221786,-0.00075586,0.00248350,-0.00311660
2018-02-02,-0.02018359,-0.02084853,-0.01709962,-0.01982693
2018-02-05,-0.03690582,-0.04090043,-0.02997513,-0.03834495
2018-02-06,0.01342836,0.01753245,0.00972013,0.02229038
2018-02-07,-0.00255895,-0.00483417,0.00208431,-0.00898401
2018-02-08,-0.03455830,-0.03734771,-0.02491974,-0.03971237
2018-02-09,0.01311177,0.01495356,0.00690422,0.01523753
2018-02-12,0.01290002,0.01397271,0.00623291,0.01538541
2018-02-13,0.00265098,0.00288465,0.00432963,0.00429278
2018-02-14,0.01484552,0.01381052,0.01504116,0.01892885
2018-02-15,0.01042938,0.01222728,0.01073536,0.01622569
2018-02-16,0.00051579,0.00043458,0.00232238,-0.00229244
2018-02-20,-0.00646396,-0.00637806,-0.00814217,-0.00063823
2018-02-21,-0.00593322,-0.00544097,0.00432050,-0.00210939
2018-02-22,0.00004733,0.00107788,-0.00351092,-0.00104215
2018-02-23,0.01563605,0.01597182,0.01146758,0.01815699
2018-02-26,0.00747603,0.01164879,0.00786878,0.01239460
2018-02-27,-0.01317263,-0.01261715,-0.01209995,-0.01196756
2018-02-28,-0.01056167,-0.01092684,-0.01091244,-0.00762709
2018-03-01,-0.01066540,-0.01320379,-0.00265857,-0.01303705
2018-03-02,0.00626226,0.00518603,0.01599641,0.01106070
2018-03-05,0.01206577,0.01110263,0.01030126,0.01026634
2018-03-06,0.00434443,0.00264485,0.00670355,0.00537647
2018-03-07,-0.00110034,-0.00042027,0.00778293,0.00341539
2018-03-08,0.00332525,0.00478379,0.00197572,0.00444990
2018-03-09,0.01575786,0.01730236,0.01422419,0.01846528
2018-03-12,-0.00155459,-0.00121144,0.00501981,0.00332445
2018-03-13,-0.00413060,-0.00627027,-0.00509568,-0.01014119
2018-03-14,-0.00611616,-0.00541940,-0.00411558,-0.00193839
2018-03-15,-0.00244128,-0.00083943,-0.00485836,-0.00248761
2018-03-16,0.00453068,0.00177953,0.00735634,0.00028469
2018-03-19,-0.01153301,-0.01420751,-0.00848470,-0.01876502
2018-03-20,0.00053922,0.00136178,-0.00132554,0.00295119
2018-03-21,0.00056301,-0.00176077,0.00467827,-0.00302802
2018-03-22,-0.02244704,-0.02510872,-0.01730227,-0.02467089
2018-03-23,-0.01854700,-0.02095728,-0.01732194,-0.02502149
2018-03-26,0.02282682,0.02717880,0.01629182,0.03411943
2018-03-27,-0.01204699,-0.01747647,-0.01892169,-0.03032462
2018-03-28,-0.00126337,-0.00286230,-0.00289930,-0.00806692
2018-03-29,0.01274100,0.01387462,0.00864419,0.01734083
2018-04-02,-0.02193402,-0.02264256,-0.01793669,-0.02795339
2018-04-03,0.01215549,0.01259914,0.00885891,0.01065522
2018-04-04,0.01158994,0.01164478,0.01305970,0.01524653
2018-04-05,0.00670346,0.00714032,0.00471026,0.00504405
2018-04-06,-0.02152066,-0.02195053,-0.01612899,-0.02345312
2018-04-09,0.00198198,0.00357741,0.00045723,0.00531211
2018-04-10,0.01465185,0.01668143,0.01749834,0.02111167
2018-04-11,-0.00395366,-0.00551805,0.00161445,-0.00371465
2018-04-12,0.00563760,0.00833296,0.00755022,0.01079667
2018-04-13,-0.00252380,-0.00291751,-0.00500772,-0.00462857
2018-04-16,0.00966522,0.00817980,0.00606283,0.00723500
2018-04-17,0.00806164,0.01083857,0.00994384,0.01794382
2018-04-18,0.00271621,0.00087392,0.00120574,0.00182212
2018-04-19,-0.00690433,-0.00526871,-0.00447834,-0.00746864
2018-04-20,-0.00734875,-0.00855939,-0.00366620,-0.01303453
2018-04-23,0.00198534,-0.00005708,-0.00181435,-0.00242332
2018-04-24,-0.00996068,-0.01346224,-0.00582475,-0.01789010
2018-04-25,0.00268777,0.00184752,-0.00211051,0.00005303
2018-04-26,0.00739563,0.01051079,0.00522007,0.01703037
2018-04-27,0.00292036,0.00117018,-0.00106811,0.00012359
2018-04-30,-0.00898069,-0.00798878,-0.00661539,-0.00792440
2018-05-01,0.00072304,0.00240188,0.00573974,0.00955683
2018-05-02,-0.00859551,-0.00732939,0.00426773,-0.00432579
2018-05-03,-0.00357978,-0.00212638,-0.00558865,-0.00125712
2018-05-04,0.01187385,0.01295087,0.01278246,0.01772261
2018-05-07,0.00174125,0.00339333,0.00468755,0.00764118
2018-05-08,-0.00053948,-0.00020663,0.00449939,0.00021543
2018-05-09,0.00824220,0.00950341,0.00592645,0.01069965
2018-05-10,0.00872658,0.00954668,0.00398249,0.00876824
2018-05-11,0.00102920,0.00213427,0.00392584,0.00016461
2018-05-14,0.00026460,0.00094885,-0.00102758,0.00071713
2018-05-15,-0.00461259,-0.00672606,0.00186186,-0.00808679
2018-05-16,0.00563341,0.00445701,0.00682152,0.00667564
2018-05-17,0.00105263,-0.00065601,0.00503800,-0.00182279
2018-05-18,-0.00182805,-0.00263844,0.00128169,-0.00342633
2018-05-21,0.00630396,0.00743138,0.00172750,0.00577535
2018-05-22,-0.00383693,-0.00322124,-0.00476693,-0.00226628
2018-05-23,0.00196094,0.00339832,0.00317271,0.00689011
2018-05-24,-0.00032023,-0.00195148,0.00153857,0.00001547
2018-05-25,-0.00164508,-0.00219068,0.00151414,0.00105746
2018-05-29,-0.01113676,-0.01145990,-0.00277548,-0.00500051
2018-05-30,0.01296514,0.01288811,0.01077932,0.00914691
2018-05-31,-0.00922179,-0.00667860,-0.00359194,-0.00230556
2018-06-01,0.00893662,0.01095085,0.00964949,0.01527856
2018-06-04,0.00321100,0.00477278,0.00229446,0.00675961
2018-06-05,0.00205329,0.00081753,0.00706532,0.00383704
2018-06-06,0.00800246,0.00853603,0.00560790,0.00673188
2018-06-07,0.00074902,-0.00060505,-0.00344564,-0.00731143
2018-06-08,0.00475607,0.00315461,0.00124384,0.00100944
2018-06-11,0.00220652,0.00120282,0.00239756,0.00177031
2018-06-12,0.00287057,0.00179194,0.00328152,0.00584447
2018-06-13,-0.00521567,-0.00390579,0.00057471,-0.00052008
2018-06-14,0.00277346,0.00277780,0.00479128,0.00879278
2018-06-15,0.00040641,-0.00090505,0.00347698,-0.00175339
2018-06-18,-0.00141275,-0.00199267,0.00297900,0.00029900
2018-06-19,-0.00420243,-0.00389088,0.00083114,-0.00185982
2018-06-20,0.00273146,0.00166658,0.00632217,0.00694953
2018-06-21,-0.00568663,-0.00620194,-0.01000357,-0.00859736
2018-06-22,0.00248085,0.00183977,0.00396346,-0.00301164
2018-06-25,-0.01070850,-0.01356320,-0.01406128,-0.02072593
2018-06-26,0.00085436,0.00219206,0.00530586,0.00390023
2018-06-27,-0.00854951,-0.00861667,-0.01912053,-0.01500298
2018-06-28,0.00405013,0.00625756,0.00403424,0.00806251
2018-06-29,0.00069888,0.00080884,-0.00048513,0.00074541
2018-07-02,0.00057848,0.00302025,0.00828207,0.00826747
2018-07-03,-0.00155443,-0.00490318,0.00261783,-0.00919915
2018-07-05,0.00791026,0.00878220,0.00862098,0.01160269
2018-07-06,0.00775607,0.00851335,0.00736188,0.01347148
2018-07-09,0.00828825,0.00925606,0.00596612,0.00895632
2018-07-10,0.00247105,0.00350767,-0.00549487,0.00043639
2018-07-11,-0.00839122,-0.00699695,-0.00594342,-0.00526346
2018-07-12,0.00576409,0.00889941,0.00586979,0.01397799
2018-07-13,0.00119758,0.00120900,-0.00205006,0.00057633
2018-07-16,-0.00319000,-0.00096039,-0.00477770,-0.00233092
2018-07-17,0.00366939,0.00418203,0.00420530,0.00654381
2018-07-18,0.00259316,0.00185626,0.00191314,-0.00009144
2018-07-19,-0.00054307,-0.00390392,0.00251496,-0.00347324
2018-07-20,-0.00331347,-0.00082750,-0.00150153,-0.00058096
2018-07-23,0.00050556,0.00180459,0.00215376,0.00312093
2018-07-24,-0.00063026,0.00487926,-0.01063891,0.00045406
2018-07-25,0.00851941,0.00915423,0.00230512,0.01165031
2018-07-26,0.00382364,-0.00304776,0.00353588,-0.01052522
2018-07-27,-0.00584217,-0.00650371,-0.01794968,-0.01477194
2018-07-30,-0.00437056,-0.00579735,-0.00928581,-0.01420075
2018-07-31,0.00701963,0.00476328,0.00924908,0.00572258
2018-08-01,-0.00676535,-0.00119289,0.00155310,0.00521055
2018-08-02,0.00414420,0.00510183,0.00775294,0.01362210
2018-08-03,0.00491327,0.00484435,-0.00642202,0.00105259
2018-08-06,0.00245549,0.00349401,0.00680787,0.00665295
2018-08-07,0.00217957,0.00277621,0.00187102,0.00315768
2018-08-08,-0.00175130,-0.00020426,0.00181968,0.00109628
2018-08-09,-0.00113374,-0.00114452,0.00458858,0.00101867
2018-08-10,-0.00726310,-0.00669321,-0.00152417,-0.00624649
2018-08-13,-0.00472864,-0.00395002,-0.00448736,-0.00205248
2018-08-14,0.00844191,0.00662034,0.00647271,0.00727099
2018-08-15,-0.00735996,-0.00758195,-0.01211403,-0.01175813
2018-08-16,0.00820768,0.00862750,0.00780652,0.00410861
2018-08-17,0.00516964,0.00331740,0.00411488,0.00104817
2018-08-20,0.00478891,0.00236027,0.00157721,0.00022245
2018-08-21,0.00315403,0.00206597,0.00919455,0.00484702
2018-08-22,-0.00229809,-0.00030548,0.00509080,0.00410539
2018-08-23,-0.00258074,-0.00171857,-0.00085306,-0.00091050
2018-08-24,0.00530514,0.00614557,0.00763610,0.00874631
2018-08-27,0.00604724,0.00777644,-0.00076680,0.00876934
2018-08-28,0.00052739,0.00027974,0.00070028,0.00151250
2018-08-29,0.00400110,0.00591871,0.00673680,0.01035465
2018-08-30,-0.00653950,-0.00426536,-0.00203671,-0.00181789
2018-08-31,0.00065749,0.00025499,0.00654526,0.00253603
2018-09-04,-0.00181522,-0.00152543,0.00211207,-0.00163078
2018-09-05,0.00048412,-0.00294509,-0.00649042,-0.01166362
2018-09-06,-0.00267280,-0.00352047,-0.00802238,-0.00916921
2018-09-07,-0.00350826,-0.00219115,-0.00046830,-0.00230069
2018-09-10,0.00376915,0.00195425,0.00286385,0.00308573
2018-09-11,0.00087686,0.00387604,-0.00163046,0.00670509
2018-09-12,0.00170342,0.00037457,-0.00311999,-0.00266736
2018-09-13,0.00416263,0.00542175,0.00036014,0.00749315
2018-09-14,0.00158913,0.00034278,0.00215950,-0.00042719
2018-09-17,-0.00348992,-0.00574348,-0.00917585,-0.01448337
2018-09-18,0.00451358,0.00538749,0.00521507,0.00786297
2018-09-19,0.00035174,0.00117084,-0.00145605,-0.00144824
2018-09-20,0.00651931,0.00790584,0.00973944,0.00968195
2018-09-21,0.00113591,-0.00044720,-0.00429713,-0.00544030
2018-09-24,-0.00716698,-0.00343166,-0.00302390,0.00137587
2018-09-25,-0.00286355,-0.00107002,0.00058573,0.00193237
2018-09-26,-0.00367837,-0.00324101,-0.00582461,-0.00200426
2018-09-27,0.00033805,0.00306011,0.00104492,0.00685734
2018-09-28,0.00161854,-0.00003026,0.00271209,0.00042154
2018-10-01,0.00038195,0.00360570,-0.00997537,-0.00066327
2018-10-02,-0.00182967,-0.00049460,-0.01046269,-0.00432300
2018-10-03,0.00051574,0.00058743,0.00925547,0.00324946
2018-10-04,-0.00698117,-0.00802625,-0.01407148,-0.01786793
2018-10-05,-0.00491179,-0.00559534,-0.00966780,-0.01167369
2018-10-08,0.00112216,-0.00041940,-0.00569025,-0.00677419
2018-10-09,-0.00481974,-0.00113110,-0.00311870,0.00090615
2018-10-10,-0.02898804,-0.03287365,-0.02564939,-0.04158511
2018-10-11,-0.02159926,-0.02040105,-0.01313449,-0.01289822
2018-10-12,0.00915483,0.01450638,0.00367462,0.02331205
2018-10-15,-0.00050400,-0.00583823,0.00219945,-0.00930494
2018-10-16,0.01979719,0.02152849,0.02419436,0.02944236
2018-10-17,-0.00241476,-0.00009867,-0.00276113,0.00008998
2018-10-18,-0.01292055,-0.01443856,-0.01509406,-0.02069913
2018-10-19,-0.00250902,-0.00023846,-0.01344422,-0.00460159
2018-10-22,-0.00655559,-0.00411662,-0.00383303,0.00259616
2018-10-23,-0.00625175,-0.00538587,-0.00625651,-0.00372732
2018-10-24,-0.02690243,-0.03087650,-0.03511017,-0.04492246
2018-10-25,0.01323920,0.01887907,0.01909137,0.03061753
2018-10-26,-0.01559074,-0.01752976,-0.00978504,-0.02111192
2018-10-29,-0.00015318,-0.00681897,-0.00418650,-0.01674458
2018-10-30,0.02045932,0.01581496,0.01509659,0.01601124
2018-10-31,0.00582492,0.01091261,0.00718659,0.02023252
2018-11-01,0.01582862,0.01091066,0.02090360,0.01620883
2018-11-02,-0.00372954,-0.00630399,0.00334704,-0.01062949
2018-11-05,0.00705637,0.00527066,-0.00471001,-0.00384101
2018-11-06,0.00690775,0.00624971,0.00464664,0.00662948
2018-11-07,0.01583872,0.02140749,0.01481355,0.02760545
2018-11-08,-0.00180803,-0.00190092,-0.00031802,-0.00390318
2018-11-09,-0.00865250,-0.00891483,-0.01657058,-0.01648867
2018-11-12,-0.01623106,-0.01978944,-0.01869998,-0.02833848
2018-11-13,-0.00039490,-0.00160405,-0.00175835,-0.00007913
2018-11-14,-0.00642143,-0.00747805,-0.00916182,-0.00906989
2018-11-15,0.00902278,0.01083904,0.01531233,0.01763246
2018-11-16,0.00287207,0.00203643,0.00086041,-0.00163910
2018-11-19,-0.01378970,-0.01684557,-0.01962092,-0.03105579
2018-11-20,-0.01697118,-0.01804184,-0.01386624,-0.01675646
2018-11-21,0.00630579,0.00323274,0.01327678,0.00843475
2018-11-23,-0.00321802,-0.00628206,0.00393064,-0.00483507
2018-11-26,0.01430952,0.01570383,0.00729513,0.02138144
2018-11-27,0.00010456,0.00316337,-0.00807563,0.00068051
2018-11-28,0.01865847,0.02326656,0.02368847,0.03052606
2018-11-29,-0.00314921,-0.00200856,-0.00225287,-0.00224919
2018-11-30,0.00578848,0.00836281,0.00453193,0.00775891
2018-12-03,0.01112904,0.01118899,0.00916446,0.01505814
2018-12-04,-0.03205703,-0.03242979,-0.03658161,-0.03878624
2018-12-06,-0.00305939,-0.00123575,-0.00110881,0.00514578
2018-12-07,-0.02166647,-0.02330525,-0.01679856,-0.03140320
2018-12-10,-0.00211661,0.00185707,-0.00053588,0.00834206
2018-12-11,-0.00137723,-0.00029879,-0.00306011,0.00168658
2018-12-12,0.00563511,0.00549669,0.00988360,0.00943598
2018-12-13,-0.00487441,-0.00017146,-0.01547715,-0.00358972
2018-12-14,-0.01478792,-0.01901683,-0.01444148,-0.02318998
2018-12-17,-0.02144940,-0.02081392,-0.01998982,-0.02230464
2018-12-18,-0.00145127,0.00036083,-0.00453822,0.00507586
2018-12-19,-0.01522856,-0.01541592,-0.01838834,-0.02178544
2018-12-20,-0.01615897,-0.01587570,-0.01667309,-0.01653447
2018-12-21,-0.01845394,-0.02092347,-0.02224820,-0.03083289
2018-12-24,-0.02651703,-0.02685136,-0.01238891,-0.02267159
2018-12-26,0.04549189,0.04983703,0.04055935,0.05989573
2018-12-27,0.00848343,0.00854017,0.00114955,0.00412762
2018-12-28,-0.00212456,-0.00107206,0.01041158,0.00065159
2018-12-31,0.00811606,0.00865827,0.00869959,0.00829862
2019-01-02,0.00095419,0.00151141,0.01274864,0.00428565
2019-01-03,-0.01895455,-0.02422110,-0.01784829,-0.03093305
2019-01-04,0.03354817,0.03443775,0.03366620,0.04297870
2019-01-07,0.01049778,0.00718157,0.01614329,0.01225492
2019-01-08,0.01081871,0.00979077,0.00966973,0.01102742
2019-01-09,0.00695783,0.00439482,0.00722433,0.00837496
2019-01-10,0.00627479,0.00442096,0.00152439,0.00398263
2019-01-11,0.00116667,-0.00019024,0.00170930,-0.00192236
2019-01-14,-0.00510838,-0.00510708,-0.00978835,-0.00888972
2019-01-15,0.00720481,0.01089729,0.00914597,0.01799504
2019-01-16,0.00246279,0.00233555,0.00509810,0.00126052
2019-01-17,0.00909569,0.00767802,0.00576396,0.00686007
2019-01-18,0.01527061,0.01305179,0.00887653,0.01015678
2019-01-22,-0.01422689,-0.01418644,-0.01603209,-0.01924846
2019-01-23,-0.00029824,0.00225460,-0.00099457,0.00102006
2019-01-24,0.00559820,0.00136017,0.00654374,0.00653406
2019-01-25,0.01077873,0.00847549,0.01258492,0.01263402
2019-01-28,-0.00427825,-0.00784800,-0.00687590,-0.01166121
2019-01-29,0.00142063,-0.00160337,-0.00180219,-0.00864202
2019-01-30,0.01093533,0.01562654,0.00994893,0.02279469
2019-01-31,0.00660929,0.00905815,0.00747754,0.01398219
2019-02-01,0.00269623,0.00054038,0.00547105,-0.00278305
2019-02-04,0.00521136,0.00681559,0.00921064,0.01178623
2019-02-05,0.00414000,0.00487026,0.00233199,0.00757018
2019-02-06,-0.00124636,-0.00217485,0.00093268,-0.00339745
2019-02-07,-0.00705524,-0.00909572,-0.00845742,-0.01162082
2019-02-08,0.00190852,0.00093202,0.00268480,0.00175663
2019-02-11,0.00269774,0.00070998,0.00597450,0.00107951
2019-02-12,0.01254631,0.01310557,0.01118401,0.01477138
2019-02-13,0.00419249,0.00310242,0.00369676,0.00072371
2019-02-14,-0.00204713,-0.00229108,0.00060546,0.00091404
2019-02-15,0.01079427,0.01086774,0.01360278,0.00647344
2019-02-19,0.00204389,0.00172839,0.00429882,0.00168692
2019-02-20,0.00319134,0.00184730,0.00229390,0.00038352
2019-02-21,-0.00375751,-0.00346038,-0.00260249,-0.00358635
2019-02-22,0.00552072,0.00616539,0.00946245,0.00880521
2019-02-25,-0.00008539,0.00135290,0.00213630,0.00349582
2019-02-26,-0.00246627,-0.00077665,-0.00424417,-0.00039592
2019-02-27,0.00021755,-0.00031088,0.00299673,0.00114653
2019-02-28,-0.00218428,-0.00233997,-0.00403009,-0.00306528
2019-03-01,0.00684742,0.00693135,0.00938991,0.00837580
2019-03-04,-0.00507821,-0.00377556,-0.00626411,-0.00250245
2019-03-05,-0.00288874,-0.00107734,-0.00448553,-0.00092733
2019-03-06,-0.00873444,-0.00651777,-0.01915066,-0.00907998
2019-03-07,-0.00758854,-0.00799746,-0.00750876,-0.01110628
2019-03-08,-0.00304681,-0.00200207,-0.00083985,-0.00145868
2019-03-11,0.01321085,0.01463945,0.01598226,0.02039003
2019-03-12,0.00295157,0.00293146,0.00118122,0.00449920
2019-03-13,0.00620799,0.00700989,0.00427271,0.00723265
2019-03-14,-0.00134148,-0.00053163,-0.00207447,-0.00145183
2019-03-15,0.00340220,0.00501417,0.00489375,0.00739383
2019-03-18,0.00458390,0.00389285,0.00578348,0.00338767
2019-03-19,-0.00185475,0.00008976,-0.00392843,0.00129621
2019-03-20,-0.00671358,-0.00288160,-0.00684669,0.00128677
2019-03-21,0.01273900,0.01095615,0.00692683,0.01443420
2019-03-22,-0.02037755,-0.01901594,-0.03092062,-0.02509123
2019-03-25,0.00031666,-0.00072398,0.00228005,-0.00073010
2019-03-26,0.00870349,0.00720468,0.00878237,0.00595003
2019-03-27,-0.00314451,-0.00467043,-0.00524184,-0.00640712
2019-03-28,0.00533172,0.00373170,0.00680769,0.00348931
2019-03-29,0.00632966,0.00675990,0.00413645,0.00755477
2019-04-01,0.01268642,0.01152647,0.00976400,0.01301093
2019-04-02,-0.00089713,-0.00003160,0.00105835,0.00297055
2019-04-03,0.00287691,0.00213721,0.00437417,0.00587784
2019-04-04,0.00351233,0.00235968,0.00284115,-0.00027454
2019-04-05,0.00688247,0.00466341,0.00869400,0.00572224
2019-04-08,0.00041905,0.00113595,-0.00121787,0.00197661
2019-04-09,-0.00835938,-0.00580031,-0.01089856,-0.00545026
2019-04-10,0.00545804,0.00361896,0.00967233,0.00731092
2019-04-11,0.00133824,0.00002661,-0.00213157,-0.00184851
2019-04-12,0.00815124,0.00661487,0.00227887,0.00443462
2019-04-15,-0.00263908,-0.00054189,-0.00486648,-0.00057420
2019-04-16,0.00002523,0.00057144,0.00470794,0.00337725
2019-04-17,-0.00534471,-0.00208932,-0.00971528,0.00004568
2019-04-18,0.00201573,0.00158047,-0.00129982,0.00059731
2019-04-22,-0.00272043,0.00106699,-0.00228209,0.00254260
2019-04-23,0.00943015,0.00895037,0.01397303,0.01357212
2019-04-24,-0.00013984,-0.00215420,0.00013748,-0.00226771
2019-04-25,-0.00563800,-0.00043574,-0.00431387,0.00268533
2019-04-26,0.00619115,0.00475149,0.00919041,0.00333042
2019-04-29,0.00030124,0.00109320,0.00510696,0.00186832
2019-04-30,0.00293155,0.00085290,-0.00591441,-0.00741668
2019-05-01,-0.01012387,-0.00762522,-0.00682569,-0.00556514
2019-05-02,-0.00004925,-0.00201641,0.00254485,-0.00191154
2019-05-03,0.00904170,0.00986102,0.01770643,0.01619778
2019-05-06,-0.00483412,-0.00422671,0.00134585,-0.00454059
2019-05-07,-0.01592918,-0.01647513,-0.01506432,-0.01918343
2019-05-08,-0.00184559,-0.00159788,-0.00106611,-0.00283723
2019-05-09,-0.00096598,-0.00267309,-0.00150528,-0.00406092
2019-05-10,0.00381883,0.00406640,0.00286336,0.00109550
2019-05-13,-0.02436627,-0.02427112,-0.02683196,-0.03418381
2019-05-14,0.00938681,0.00820263,0.01198162,0.01114778
2019-05-15,0.00298249,0.00612111,0.00307072,0.01191079
2019-05-16,0.00666507,0.00925460,0.00358515,0.01006225
2019-05-17,-0.00628801,-0.00583931,-0.00946464,-0.00937375
2019-05-20,-0.00591945,-0.00665734,-0.00584146,-0.01415309
2019-05-21,0.01089951,0.00845929,0.01129500,0.01039642
2019-05-22,-0.00495621,-0.00271656,-0.00737287,-0.00433814
2019-05-23,-0.01236212,-0.01192997,-0.01709000,-0.01564233
2019-05-24,0.00164361,0.00154343,0.00767455,0.00121821
2019-05-28,-0.01038766,-0.00825757,-0.00525702,-0.00340622
2019-05-29,-0.00732523,-0.00689723,-0.00764552,-0.00794480
2019-05-30,0.00127333,0.00215100,-0.00180701,0.00286339
2019-05-31,-0.01105103,-0.01308629,-0.01392718,-0.01549775
2019-06-03,0.00555156,-0.00378745,-0.00022337,-0.01733468
2019-06-04,0.02288230,0.02145158,0.02085557,0.02698061
2019-06-05,0.00709807,0.00829992,-0.00359859,0.00718630
2019-06-06,0.00428737,0.00642232,-0.00387741,0.00586996
2019-06-07,0.00677998,0.01072860,0.00840010,0.01722625
2019-06-10,0.00377066,0.00490105,0.00615422,0.01059106
2019-06-11,-0.00063086,-0.00030984,-0.00321784,-0.00021163
2019-06-12,-0.00191899,-0.00194180,0.00103026,-0.00376244
2019-06-13,0.00691330,0.00438453,0.01133879,0.00597054
2019-06-14,-0.00343034,-0.00150382,-0.00796944,-0.00481078
2019-06-17,-0.00083072,0.00096126,0.00588035,0.00638180
2019-06-18,0.01019962,0.00970329,0.01087926,0.01382442
2019-06-19,0.00370440,0.00298498,0.00478576,0.00398488
2019-06-20,0.00936498,0.00972238,0.00314781,0.00813325
2019-06-21,-0.00212505,-0.00111079,-0.00436415,-0.00213659
2019-06-24,-0.00447549,-0.00173641,-0.01131118,-0.00301011
2019-06-25,-0.00639822,-0.00951876,-0.00545641,-0.01519458
2019-06-26,-0.00163597,-0.00110783,-0.00050355,0.00309408
2019-06-27,0.00662716,0.00389655,0.01726011,0.00702309
2019-06-28,0.00932958,0.00576810,0.01639241,0.00459701
2019-07-01,0.00644642,0.00771752,0.00314542,0.01069749
2019-07-02,-0.00023197,0.00297464,-0.00662372,0.00217265
2019-07-03,0.00893201,0.00793118,0.00603830,0.00796297
2019-07-05,-0.00118782,-0.00165872,0.00098566,-0.00091159
2019-07-08,-0.00552311,-0.00479020,-0.00897373,-0.00771210
2019-07-09,-0.00025795,0.00161196,0.00196232,0.00538861
2019-07-10,0.00114048,0.00458824,0.00147469,0.00786643
2019-07-11,0.00195773,0.00228629,-0.00259642,-0.00055647
2019-07-12,0.00730605,0.00474522,0.00459907,0.00621542
2019-07-15,-0.00108389,0.00024143,-0.00286443,0.00168919
2019-07-16,-0.00149850,-0.00334397,-0.00111996,-0.00422768
2019-07-17,-0.00857059,-0.00640629,-0.00469306,-0.00455687
2019-07-18,0.00412017,0.00361656,0.00130852,0.00264173
2019-07-19,-0.00461456,-0.00610252,-0.00463809,-0.00755528
2019-07-22,0.00003501,0.00286887,-0.00055842,0.00751759
2019-07-23,0.00885204,0.00683297,0.00299238,0.00546580
2019-07-24,0.00655657,0.00469942,0.01355877,0.00844684
2019-07-25,-0.00665920,-0.00535361,-0.01054669,-0.00991635
2019-07-26,0.00523562,0.00747037,0.01072826,0.01149789
2019-07-29,-0.00243613,-0.00184395,-0.00529866,-0.00477406
2019-07-30,-0.00009878,-0.00250957,0.00933098,-0.00262989
2019-07-31,-0.00964646,-0.01094177,-0.00878838,-0.01206359
2019-08-01,-0.01312304,-0.00891305,-0.01145806,-0.00772384
2019-08-02,-0.00781001,-0.00729696,-0.01082777,-0.01341591
2019-08-05,-0.02854078,-0.02983447,-0.02845117,-0.03470920
2019-08-06,0.01095468,0.01307262,0.00830314,0.01426932
2019-08-07,0.00158920,0.00089955,-0.00047533,0.00375322
2019-08-08,0.01810113,0.01894261,0.01643430,0.02254082
2019-08-09,-0.00887673,-0.00658894,-0.00749783,-0.00966128
2019-08-12,-0.01333074,-0.01199821,-0.00868717,-0.01190209
2019-08-13,0.01255487,0.01500473,0.01135414,0.01950494
2019-08-14,-0.03066824,-0.02903028,-0.02552191,-0.03021804
2019-08-15,0.00058351,0.00299482,-0.00408594,-0.00094057
2019-08-16,0.01559313,0.01452277,0.01846024,0.01641297
2019-08-19,0.01214152,0.01213388,0.00942387,0.01348596
2019-08-20,-0.00850600,-0.00790559,-0.00462555,-0.00684208
2019-08-21,0.00823689,0.00826389,0.00769487,0.00929970
2019-08-22,0.00073529,-0.00051985,-0.00377448,-0.00342607
2019-08-23,-0.02724010,-0.02596874,-0.02610952,-0.03053044
2019-08-26,0.00896118,0.01111515,0.01148526,0.01358743
2019-08-27,-0.00516396,-0.00314608,-0.01374889,-0.00330904
2019-08-28,0.00842353,0.00653806,0.00970723,0.00392258
2019-08-29,0.01346093,0.01283752,0.01380865,0.01513180
2019-08-30,0.00167337,0.00076137,-0.00138664,-0.00152751
2019-09-03,-0.00745985,-0.00672416,-0.01421131,-0.01144605
2019-09-04,0.01169870,0.01092967,0.00720191,0.01322436
2019-09-05,0.01543579,0.01323861,0.01704322,0.01809378
2019-09-06,0.00241052,0.00085341,-0.00321398,-0.00203731
2019-09-09,0.00674915,0.00008841,0.00914996,-0.00222614
2019-09-10,0.00654154,0.00027620,0.01309547,-0.00037986
2019-09-11,0.00805614,0.00727206,0.01896167,0.01041977
2019-09-12,0.00035796,0.00302623,0.00129607,0.00339282
2019-09-13,0.00120871,-0.00045719,0.00244523,-0.00234459
2019-09-16,0.00105180,-0.00318155,0.00256141,-0.00306602
2019-09-17,-0.00126093,0.00259961,-0.00235899,0.00425308
2019-09-18,-0.00146194,0.00035116,-0.00508547,-0.00087730
2019-09-19,-0.00285972,0.00014533,-0.00290520,0.00080067
2019-09-20,-0.00393225,-0.00488617,0.00179346,-0.00808572
2019-09-23,0.00061396,-0.00005774,-0.00269919,-0.00053451
2019-09-24,-0.00843236,-0.00838744,-0.01668584,-0.01438314
2019-09-25,0.00576953,0.00620203,0.00695703,0.01071258
2019-09-26,-0.00250564,-0.00238885,-0.01196197,-0.00590366
2019-09-27,-0.00336503,-0.00515035,-0.00834214,-0.01074416
2019-09-30,0.00478960,0.00514801,0.00215547,0.00768026
2019-10-01,-0.01568036,-0.01224112,-0.01740382,-0.01096804
2019-10-02,-0.01892400,-0.01797475,-0.00955503,-0.01614350
2019-10-03,0.00714701,0.00811209,0.00527816,0.01119617
2019-10-04,0.01152354,0.01425763,0.00836362,0.01437504
2019-10-07,-0.00507379,-0.00449757,-0.00257130,-0.00326202
2019-10-08,-0.01783446,-0.01538644,-0.01546532,-0.01625915
2019-10-09,0.00870261,0.00943680,0.00315860,0.01048307
2019-10-10,0.00740419,0.00646511,0.00334944,0.00601434
2019-10-11,0.01468333,0.01112340,0.01392670,0.01339408
2019-10-14,-0.00247903,-0.00142922,-0.00409508,-0.00100137
2019-10-15,0.00895978,0.00992245,0.01248516,0.01250552
2019-10-16,-0.00185443,-0.00185675,0.00033168,-0.00304427
2019-10-17,0.00362265,0.00289859,0.00860621,0.00404205
2019-10-18,-0.00122578,-0.00397362,-0.00541474,-0.00825946
2019-10-21,0.00756061,0.00692618,0.01201173,0.00903359
2019-10-22,0.00064391,-0.00353417,-0.00121567,-0.00710961
2019-10-23,0.00287673,0.00284581,0.00026534,0.00204601
2019-10-24,0.00036015,0.00199757,-0.00094883,0.00824548
2019-10-25,0.00339880,0.00395994,0.00740065,0.00735439
2019-10-28,0.00346293,0.00566224,0.00807145,0.01018491
2019-10-29,0.00212304,-0.00097557,0.00144297,-0.00638376
2019-10-30,-0.00028854,0.00334928,0.00027916,0.00327105
2019-10-31,-0.00537395,-0.00288702,-0.00448229,-0.00093512
2019-11-01,0.01285408,0.00969165,0.01511673,0.01089380
2019-11-04,0.00582613,0.00371504,0.00577194,0.00526653
2019-11-05,-0.00000975,-0.00113165,0.00663994,0.00073039
2019-11-06,-0.00088321,0.00082642,-0.00718492,-0.00266215
2019-11-07,0.00272169,0.00323860,0.00490738,0.00317833
2019-11-08,0.00212400,0.00270102,0.00463883,0.00482435
2019-11-11,-0.00246012,-0.00201960,-0.00156530,-0.00125917
2019-11-12,0.00045416,0.00157751,0.00325001,0.00279529
2019-11-13,-0.00134550,0.00075817,-0.00376499,-0.00041867
2019-11-14,0.00220183,0.00101796,-0.00134093,0.00015550
2019-11-15,0.00754150,0.00766269,0.00549483,0.00733854
2019-11-18,-0.00106935,0.00058934,0.00123096,0.00135469
2019-11-19,-0.00100923,-0.00050874,0.00870332,0.00251174
2019-11-20,-0.00380488,-0.00358929,-0.00278493,-0.00463284
2019-11-21,-0.00235220,-0.00152795,-0.00399837,-0.00243550
2019-11-22,0.00374154,0.00219471,0.00316875,0.00133567
2019-11-25,0.00876116,0.00765955,0.01816301,0.01334781
2019-11-26,0.00159148,0.00226571,0.00029375,0.00177938
2019-11-27,0.00424269,0.00427329,0.00556317,0.00664284
2019-11-29,-0.00491025,-0.00380029,-0.00030980,-0.00466780
2019-12-02,-0.00825976,-0.00856988,-0.00812862,-0.01115639
2019-12-03,-0.00833972,-0.00658251,-0.00173934,-0.00554039
2019-12-04,0.00778287,0.00634118,0.00632591,0.00561596
2019-12-05,0.00165333,0.00172888,-0.00160400,0.00054435
2019-12-06,0.00919015,0.00911639,0.01099722,0.01025575
2019-12-09,-0.00255946,-0.00307881,0.00186575,-0.00394588
2019-12-10,-0.00116565,-0.00110256,0.00342156,-0.00079859
2019-12-11,0.00276171,0.00296308,0.00148344,0.00446715
2019-12-12,0.01088741,0.00866233,0.00968153,0.00751591
2019-12-13,-0.00282851,0.00021170,-0.00068935,0.00183394
2019-12-16,0.00659175,0.00705399,0.00694984,0.00931003
2019-12-17,0.00050805,0.00042190,0.00490711,0.00127856
2019-12-18,0.00149916,-0.00034693,0.00191571,0.00021929
2019-12-19,0.00343782,0.00453566,0.00435889,0.00665998
2019-12-20,0.00566846,0.00484327,0.00431567,0.00432506
2019-12-23,0.00043852,0.00089066,0.00651341,0.00228595
2019-12-24,0.00024493,-0.00013863,0.00381337,0.00075458
2019-12-26,0.00231906,0.00538590,0.00084527,0.00821949
2019-12-27,-0.00095940,0.00002330,-0.00587972,-0.00172347
2019-12-30,-0.00404478,-0.00563808,-0.00378845,-0.00675050
2019-12-31,0.00400700,0.00294451,0.00361481,0.00287887
2020-01-02,0.00286745,0.00862290,0.00148387,0.01322481
2020-01-03,-0.00566800,-0.00697262,-0.00647688,-0.00798707
2020-01-06,0.00133766,0.00359810,0.00275128,0.00597001
2020-01-07,-0.00092511,-0.00265211,-0.00070870,-0.00040160
2020-01-08,0.00282622,0.00484014,0.00427874,0.00705097
2020-01-09,0.00465113,0.00695278,0.00193124,0.00811932
2020-01-10,-0.00293478,-0.00285924,-0.00318149,-0.00296636
2020-01-13,0.00639995,0.00695305,0.00555393,0.01050696
2020-01-14,0.00171606,-0.00139670,0.00386711,-0.00257503
2020-01-15,0.00163577,0.00176402,0.00378036,0.00070819
2020-01-16,0.00945931,0.00845697,0.01280232,0.01066039
2020-01-17,0.00218494,0.00374818,-0.00272135,0.00365043
2020-01-21,-0.00469342,-0.00262439,-0.00545425,-0.00162171
2020-01-22,-0.00105787,0.00034696,-0.00076877,0.00165615
2020-01-23,0.00233257,0.00118122,-0.00042462,0.00232530
2020-01-24,-0.01047527,-0.00905451,-0.01269959,-0.00909226
2020-01-27,-0.01575448,-0.01562576,-0.01035691,-0.01893839
2020-01-28,0.00885722,0.01011350,0.00796201,0.01425942
2020-01-29,-0.00340999,-0.00089938,-0.00601151,0.00083932
2020-01-30,0.00226896,0.00339390,-0.00257711,0.00331846
2020-01-31,-0.01915876,-0.01722463,-0.01794751,-0.01571587
2020-02-03,0.00636918,0.00733845,0.00943380,0.01350464
2020-02-04,0.01476344,0.01500919,0.01324925,0.02135058
2020-02-05,0.01543422,0.01113254,0.01245830,0.00428708
2020-02-06,-0.00097206,0.00345863,-0.00120756,0.00705168
2020-02-07,-0.00818866,-0.00499126,-0.00950149,-0.00470860
2020-02-10,0.00423755,0.00750217,0.00522907,0.01169353
2020-02-11,0.00620789,0.00200796,0.00586971,0.00036783
2020-02-12,0.00720649,0.00655607,0.00713906,0.00903035
2020-02-13,-0.00182789,-0.00132450,-0.00025870,-0.00135341
2020-02-14,0.00046378,0.00192011,-0.00293259,0.00224136
2020-02-18,-0.00359539,-0.00265981,0.00027329,0.00054899
2020-02-19,0.00391773,0.00483885,0.00740556,0.00903441
2020-02-20,-0.00010178,-0.00388442,0.00271390,-0.00697699
2020-02-21,-0.00912538,-0.01061695,-0.00891702,-0.01830360
2020-02-24,-0.03125400,-0.03336017,-0.02696410,-0.03755809
2020-02-25,-0.03395770,-0.03026308,-0.03001623,-0.02794858
2020-02-26,-0.01031040,-0.00372229,-0.00786925,0.00211778
2020-02-27,-0.03975911,-0.04377250,-0.03108882,-0.04678602
2020-02-28,-0.01193476,-0.00821400,-0.00825606,0.00109843
2020-03-02,0.03795642,0.04600546,0.02301300,0.04556132
2020-03-03,-0.02562856,-0.02804693,-0.02021138,-0.03078815
2020-03-04,0.03785093,0.04219853,0.02571708,0.03875394
2020-03-05,-0.03687951,-0.03358223,-0.03188786,-0.03150631
2020-03-06,-0.02134523,-0.01682946,-0.01971383,-0.01790118
2020-03-09,-0.08665323,-0.07516791,-0.08317801,-0.07224756
2020-03-10,0.04698180,0.04922551,0.02144604,0.05040828
2020-03-11,-0.05510249,-0.04871200,-0.05320311,-0.04693366
2020-03-12,-0.10161121,-0.09496315,-0.10011573,-0.09400618
2020-03-13,0.08201831,0.09330537,0.06310204,0.09611956
2020-03-16,-0.12265207,-0.11881555,-0.11944848,-0.12334368
2020-03-17,0.05642810,0.06035337,0.06841874,0.06369034
2020-03-18,-0.06800532,-0.05009235,-0.08904268,-0.04388546
2020-03-19,0.00782645,0.00455062,0.06084899,0.02220717
2020-03-20,-0.04608103,-0.04322528,-0.02561123,-0.03865893
2020-03-23,-0.03679505,-0.02848407,-0.01174537,-0.00194705
2020-03-24,0.10726356,0.09261965,0.08048218,0.08055115
2020-03-25,0.02596149,0.01088560,0.01262800,-0.00649238
2020-03-26,0.06024680,0.06201342,0.05491468,0.05666631
2020-03-27,-0.03409664,-0.03359435,-0.03750112,-0.03795131
2020-03-30,0.02525581,0.03369692,0.02638683,0.03782038
2020-03-31,-0.01816299,-0.01592861,0.00096587,-0.00941567
2020-04-01,-0.05342279,-0.04347302,-0.06183196,-0.04411602
2020-04-02,0.01358167,0.02287118,0.01154970,0.01777032
2020-04-03,-0.01604334,-0.01468507,-0.02700483,-0.01507429
2020-04-06,0.08144929,0.07016977,0.07091002,0.07387827
2020-04-07,0.01162435,-0.00176994,0.00211603,-0.00348714
2020-04-08,0.04599741,0.03373085,0.03822637,0.02514947
2020-04-09,0.02513796,0.01437758,0.03819947,0.00683768
2020-04-13,-0.02449084,-0.00931413,-0.01982863,0.00617801
2020-04-14,0.02347217,0.03081019,0.01686616,0.04036025
2020-04-15,-0.03585509,-0.02151704,-0.03474008,-0.01372870
2020-04-16,-0.00553118,0.00629323,-0.00454565,0.01684628
2020-04-17,0.04342682,0.02624346,0.04146471,0.01330150
2020-04-20,-0.02254938,-0.01769557,-0.00814474,-0.01028443
2020-04-21,-0.02861338,-0.03044408,-0.02030233,-0.03540676
2020-04-22,0.01876794,0.02288358,0.01557476,0.02866056
2020-04-23,0.00350645,-0.00040555,0.00847379,0.00014400
2020-04-24,0.01416831,0.01381719,0.01637812,0.01698825
2020-04-27,0.02851838,0.01439003,0.03642716,0.01024092
2020-04-28,0.01281286,-0.00537561,0.00853176,-0.01474967
2020-04-29,0.03359013,0.02616902,0.04719006,0.03614208
2020-04-30,-0.02580586,-0.00892365,-0.03258027,-0.00171546
2020-05-01,-0.03478567,-0.02790858,-0.03047506,-0.03190878
2020-05-04,0.00104565,0.00448125,0.00660631,0.01277267
2020-05-05,0.00476460,0.00907283,0.00479542,0.01116918
2020-05-06,-0.01370551,-0.00676976,-0.00374560,0.00549620
2020-05-07,0.01684084,0.01203031,0.01603650,0.01439545
2020-05-08,0.02699434,0.01707131,0.03165017,0.01558399
2020-05-11,-0.01077372,0.00021053,-0.00233712,0.00835332
2020-05-12,-0.02568526,-0.02036210,-0.02763281,-0.02100296
2020-05-13,-0.02790078,-0.01704694,-0.02838259,-0.01537056
2020-05-14,0.01468672,0.01167029,0.00093785,0.00955151
2020-05-15,0.00163973,0.00426583,0.01497454,0.00810309
2020-05-18,0.05293584,0.03139868,0.04939803,0.02306635
2020-05-19,-0.01373563,-0.01034473,-0.01596631,-0.00532085
2020-05-20,0.01875870,0.01671505,0.02878630,0.02149546
2020-05-21,-0.00465353,-0.00792883,-0.00382870,-0.00988823
2020-05-22,0.00107508,0.00247171,0.00698183,0.00472640
2020-05-26,0.03134684,0.01204022,0.02176007,0.00035840
2020-05-27,0.02498553,0.01459168,0.02615667,0.00765825
2020-05-28,-0.00899861,-0.00181922,-0.01910388,-0.00434883
2020-05-29,-0.00161291,0.00495582,0.00124811,0.01288087
2020-06-01,0.01088178,0.00391112,0.00585168,0.00618443
2020-06-02,0.01243667,0.00809750,0.00731524,0.00554289
2020-06-03,0.02768030,0.01355907,0.02211655,0.00704549
2020-06-04,0.00510858,-0.00328450,0.00332365,-0.00695429
2020-06-05,0.03561232,0.02571042,0.03173639,0.02050614
2020-06-08,0.02403577,0.01214868,0.02224871,0.01113283
2020-06-09,-0.02548535,-0.00738586,-0.01333885,0.00368586
2020-06-10,-0.02394637,-0.00502149,-0.02236268,0.00728714
2020-06-11,-0.06926297,-0.05821842,-0.06944031,-0.05223056
2020-06-12,0.02077294,0.01296483,0.02118070,0.00946817
2020-06-15,0.01050285,0.00849906,0.02214763,0.01418236
2020-06-16,0.02028559,0.01893038,0.02112156,0.01766877
2020-06-17,-0.01046390,-0.00356808,-0.01250342,0.00119987
2020-06-18,-0.00051066,0.00083079,0.00369156,0.00351188
2020-06-19,-0.01032960,-0.00523145,0.00134034,0.00028558
2020-06-22,0.00147402,0.00657312,0.00678010,0.01165409
2020-06-23,0.00169559,0.00433168,0.00351628,0.00747931
2020-06-24,-0.03434917,-0.02553229,-0.02802601,-0.02189916
2020-06-25,0.01078877,0.01092417,0.01788875,0.01081384
2020-06-26,-0.02167910,-0.02427933,-0.02792138,-0.02639929
2020-06-29,0.02103913,0.01469737,0.01943732,0.01248650
2020-06-30,0.01385321,0.01537949,0.01424059,0.01945914
2020-07-01,-0.00266944,0.00523322,-0.00693250,0.01017089
2020-07-02,0.00641291,0.00475043,0.00222052,0.00502686
2020-07-06,0.01168773,0.01612704,0.00737142,0.02252309
2020-07-07,-0.01673020,-0.01038468,-0.01828935,-0.00846363
2020-07-08,0.00302244,0.00782112,0.00655267,0.01433278
2020-07-09,-0.01641014,-0.00488632,-0.01573009,0.00547058
2020-07-10,0.01681024,0.01056791,0.01374203,0.00736581
2020-07-13,-0.00392054,-0.00954244,-0.01515086,-0.02138277
2020-07-14,0.01638507,0.01334800,0.01249208,0.00936569
2020-07-15,0.02364316,0.00885563,0.02994188,0.00564675
2020-07-16,-0.00144753,-0.00330009,-0.00631691,-0.00712665
2020-07-17,0.00287538,0.00271672,0.00584851,0.00234529
2020-07-20,-0.00530751,0.00885968,0.00344269,0.02595223
2020-07-21,0.01080858,0.00162704,0.00897489,-0.00846123
2020-07-22,0.00716669,0.00558661,-0.00350273,0.00264055
2020-07-23,-0.00150178,-0.01241897,-0.00263285,-0.02359042
2020-07-24,-0.00715968,-0.00602521,-0.01295371,-0.00925350
2020-07-27,0.00457829,0.00747429,0.00986549,0.01668862
2020-07-28,-0.00692508,-0.00661466,-0.01041079,-0.01317708
2020-07-29,0.01738832,0.01234261,0.01491649,0.01370895
2020-07-30,-0.00809980,-0.00356287,0.00104843,0.00463100
2020-07-31,-0.00162949,0.00793020,-0.01007068,0.01578759
2020-08-03,0.00335154,0.00690013,0.01874241,0.01480040
2020-08-04,0.00491166,0.00373558,0.00631265,0.00329264
2020-08-05,0.00806141,0.00636393,0.01421952,0.00492234
2020-08-06,-0.00031134,0.00650963,0.00067247,0.01091041
2020-08-07,0.00979994,0.00079620,0.01304467,-0.00845500
2020-08-10,0.01224621,0.00280855,0.00906817,-0.00391072
2020-08-11,-0.00105728,-0.00805077,-0.00568275,-0.01736240
2020-08-12,0.00603125,0.01415200,0.00438402,0.02195930
2020-08-13,-0.00491946,-0.00162592,0.00082468,0.00309687
2020-08-14,0.00247561,-0.00007854,-0.00055313,-0.00147560
2020-08-17,-0.00076915,0.00294703,0.00547599,0.00944925
2020-08-18,-0.00496824,0.00272735,-0.00796740,0.00762857
2020-08-19,-0.00414629,-0.00433956,0.00331580,-0.00559558
2020-08-20,-0.00596600,0.00309091,-0.00532883,0.01131745
2020-08-21,-0.00146486,0.00350740,-0.00830084,0.00483808
2020-08-24,0.01680518,0.01005924,0.00551918,0.00609319
2020-08-25,-0.00000276,0.00353461,0.00433536,0.00733098
2020-08-26,-0.00155819,0.01023910,-0.00538251,0.01816500
2020-08-27,0.00586826,0.00180385,-0.00107217,-0.00330194
2020-08-28,0.00882342,0.00691773,0.01090754,0.00591046
2020-08-31,-0.00854612,-0.00197636,-0.00511975,0.00772150
2020-09-01,0.00333876,0.00797226,0.00642799,0.01444679
2020-09-02,0.01860684,0.01536308,0.00975917,0.01007641
2020-09-03,-0.02298831,-0.03504763,-0.02748782,-0.05042611
2020-09-04,-0.00212781,-0.00823457,-0.00516847,-0.01302299
2020-09-08,-0.02103023,-0.02793467,-0.01188182,-0.04229548
2020-09-09,0.01262992,0.02030905,0.01271345,0.02770899
2020-09-10,-0.01468708,-0.01757851,-0.00859125,-0.02017479
2020-09-11,0.00460886,0.00041568,-0.00490105,-0.00648943
2020-09-14,0.01733978,0.01295862,0.02525777,0.01871965
2020-09-15,0.00121284,0.00540799,-0.00000250,0.01236166
2020-09-16,0.00705939,-0.00480836,0.00869538,-0.01324637
2020-09-17,-0.00466344,-0.00845865,-0.00286501,-0.01320210
2020-09-18,-0.01159749,-0.01131372,0.00267359,-0.01116847
2020-09-21,-0.02583761,-0.01118337,-0.03143237,-0.00008758
2020-09-22,0.00501625,0.01083001,0.00124441,0.01784411
2020-09-23,-0.02145571,-0.02382298,-0.02765391,-0.03081498
2020-09-24,0.00163783,0.00316020,-0.00215776,0.00445216
2020-09-25,0.01313385,0.01601744,0.01683890,0.02323186
2020-09-28,0.01860003,0.01609661,0.02009798,0.01882192
2020-09-29,-0.00773815,-0.00469547,0.00416739,-0.00281992
2020-09-30,0.00634294,0.00827129,-0.00064447,0.00753145
2020-10-01,0.00255767,0.00566591,0.01115110,0.01460259
2020-10-02,0.00433108,-0.00981579,-0.00023464,-0.02317845
2020-10-05,0.01846655,0.01808852,0.02600475,0.02341476
2020-10-06,-0.01027832,-0.01408870,-0.00384209,-0.01656032
2020-10-07,0.01807702,0.01741502,0.02290646,0.01928347
2020-10-08,0.01437471,0.00824820,0.00716885,0.00465464
2020-10-09,0.00190240,0.00906263,0.00600299,0.01395783
2020-10-12,0.00734836,0.01675121,0.00646208,0.02693797
2020-10-13,-0.01006634,-0.00607861,-0.00338119,-0.00036039
2020-10-14,-0.00247188,-0.00674572,-0.00852153,-0.00806222
2020-10-15,0.00408475,-0.00152822,0.00713103,-0.00461342
2020-10-16,-0.00082836,-0.00006821,-0.00041303,-0.00417779
2020-10-19,-0.01334348,-0.01637920,-0.01035194,-0.01708346
2020-10-20,0.00613975,0.00480053,0.00197224,0.00314375
2020-10-21,-0.00338048,-0.00223863,-0.00651356,-0.00267463
2020-10-22,0.01273786,0.00521753,0.01258097,0.00226635
2020-10-23,0.00495494,0.00348308,0.00751711,0.00370732
2020-10-26,-0.02297201,-0.01836573,-0.01971608,-0.01655000
2020-10-27,-0.01206070,-0.00278882,-0.00577276,0.00685097
2020-10-28,-0.03145010,-0.03514868,-0.02658212,-0.03799231
2020-10-29,0.01095599,0.01196786,0.01096770,0.01676288
2020-10-30,-0.00281690,-0.01228214,-0.01407536,-0.02520419
2020-11-02,0.02273444,0.01214003,0.01376590,0.00399113
2020-11-03,0.02020578,0.01775979,0.02656183,0.01882558
2020-11-04,0.00095417,0.02231162,0.00233817,0.03888950
2020-11-05,0.01938537,0.01956725,0.02494203,0.02650497
2020-11-06,-0.00406031,0.00001385,-0.00868118,0.00036848
2020-11-09,0.04201418,0.01093584,0.03106813,-0.01582179
2020-11-10,0.00706066,-0.00140343,0.01486190,-0.01402870
2020-11-11,-0.00216291,0.00796176,0.00327097,0.02023477
2020-11-12,-0.01582915,-0.00962120,-0.01332132,-0.00693268
2020-11-13,0.02303038,0.01370473,0.01675613,0.00930682
2020-11-16,0.02085879,0.01144384,0.01999886,0.00850029
2020-11-17,-0.00271857,-0.00465991,0.00354024,-0.00189686
2020-11-18,-0.01125639,-0.01125378,-0.00828429,-0.00764933
2020-11-19,0.00466873,0.00420450,0.01049551,0.00864772
2020-11-20,-0.00557972,-0.00683069,0.00247001,-0.00491358
2020-11-23,0.01568158,0.00556251,0.01438531,0.00193569
2020-11-24,0.02171038,0.01603877,0.01629685,0.01361123
2020-11-25,-0.00705866,-0.00137863,-0.00089241,0.00534029
2020-11-27,-0.00054585,0.00256868,0.00874097,0.00875087
2020-11-30,-0.01141950,-0.00428736,-0.01139643,-0.00023262
2020-12-01,0.00985314,0.01133494,0.00525911,0.01352484
2020-12-02,0.00214068,0.00169238,0.00103322,-0.00048041
2020-12-03,0.00476731,-0.00053810,0.00642446,0.00219554
2020-12-04,0.01552535,0.00874062,0.02053023,0.00679995
2020-12-07,-0.00522429,-0.00191375,0.00161862,0.00497111
2020-12-08,0.00306885,0.00285183,0.01168290,0.00488701
2020-12-09,-0.00273404,-0.00801608,-0.00507186,-0.01975523
2020-12-10,-0.00006356,-0.00118397,0.01246017,0.00507976
2020-12-11,-0.00490146,-0.00117768,-0.00616027,-0.00188548
2020-12-14,-0.00718407,-0.00408624,0.00316764,0.00588950
2020-12-15,0.01562565,0.01291437,0.01683603,0.01230453
2020-12-16,-0.00197984,0.00195083,-0.00137668,0.00504107
2020-12-17,0.00688339,0.00573776,0.01314727,0.00807046
2020-12-18,-0.00302761,-0.00333049,-0.00268590,-0.00040120
2020-12-21,-0.00720079,-0.00401736,0.00380465,-0.00078119
2020-12-22,-0.00392414,-0.00195972,0.01209950,0.00528232
2020-12-23,0.00620082,0.00070449,0.00724715,-0.00325119
2020-12-24,0.00215405,0.00361692,-0.00248454,0.00268468
2020-12-28,0.00271498,0.00889120,-0.00202325,0.00867483
2020-12-29,-0.00497886,-0.00220649,-0.01579660,-0.00428193
2020-12-30,0.00674781,0.00146446,0.01096069,0.00013355
2020-12-31,0.00747309,0.00637427,-0.00303381,0.00174161
2021-01-04,-0.01519459,-0.01442074,-0.00615718,-0.01533651
2021-01-05,0.01013643,0.00710708,0.01386970,0.00858451
2021-01-06,0.02329267,0.00561684,0.02705550,-0.00583148
2021-01-07,0.00997162,0.01519153,0.02187171,0.02587807
2021-01-08,0.00154958,0.00593483,-0.00254721,0.00973313
2021-01-11,-0.00074784,-0.00692314,0.00099145,-0.01240693
2021-01-12,0.00804028,0.00059090,0.01569513,0.00233317
2021-01-13,-0.00344285,0.00220018,-0.00406641,0.00446279
2021-01-14,0.00389787,-0.00387503,0.01900654,-0.00244508
2021-01-15,-0.00796279,-0.00726812,-0.01002850,-0.00844069
2021-01-19,0.00510347,0.00814607,0.01568299,0.01462206
2021-01-20,0.00638125,0.01416801,0.00147300,0.02024565
2021-01-21,-0.00556012,0.00045642,-0.00616775,0.00600017
2021-01-22,-0.00406918,-0.00283517,0.01265357,0.00080207
2021-01-25,-0.00084928,0.00375492,0.00303148,0.00682907
2021-01-26,-0.00439804,-0.00127902,-0.00266903,0.00000039
2021-01-27,-0.02312328,-0.02574851,-0.02480428,-0.02588306
2021-01-28,0.00966848,0.00939488,0.00005133,0.00475603
2021-01-29,-0.01800126,-0.01938440,-0.01051488,-0.02022747
2021-02-01,0.01320673,0.01630207,0.02367853,0.02524203
2021-02-02,0.01310808,0.01411564,0.01814252,0.01508228
2021-02-03,0.00291797,0.00074780,0.01005830,-0.00062750
2021-02-04,0.01262896,0.01096912,0.01954935,0.01251745
2021-02-05,0.00573511,0.00405075,0.01031268,0.00525758
2021-02-08,0.01142495,0.00726276,0.02858094,0.00903801
2021-02-09,-0.00027152,-0.00113884,0.00702415,0.00055906
2021-02-10,0.00333007,-0.00071161,-0.00427332,-0.00339421
2021-02-11,0.00042531,0.00175307,-0.00121412,0.00428584
2021-02-12,0.00585207,0.00476889,0.00511518,0.00500415
2021-02-16,0.00081360,-0.00065766,0.00296664,-0.00407956
2021-02-17,-0.00052855,-0.00006580,-0.00696230,-0.00530198
2021-02-18,-0.00554154,-0.00463049,-0.01648866,-0.00638909
2021-02-19,0.00791900,-0.00196397,0.01697503,-0.00081471
2021-02-22,0.00164020,-0.00800336,-0.01087494,-0.02442105
2021-02-23,0.00308808,0.00117218,-0.01838336,-0.00435641
2021-02-24,0.01521435,0.01128183,0.02203561,0.01061527
2021-02-25,-0.02281490,-0.02438580,-0.03235016,-0.03541466
2021-02-26,-0.00673580,-0.00463952,-0.00540602,0.00644349
2021-03-01,0.02241802,0.02388475,0.03378268,0.03030327
2021-03-02,-0.00438429,-0.00818293,-0.01315682,-0.01727201
2021-03-03,-0.00597752,-0.01331729,-0.01225214,-0.02688969
2021-03-04,-0.01399761,-0.01315299,-0.03311075,-0.01955757
2021-03-05,0.02357585,0.01939477,0.01448637,0.01581332
2021-03-08,0.00623123,-0.00562249,0.00368985,-0.02357178
2021-03-09,0.00164064,0.01472683,0.02587483,0.03619118
2021-03-10,0.01060046,0.00613540,0.01309483,0.00001831
2021-03-11,0.00637269,0.01041886,0.02388748,0.02460883
2021-03-12,0.00706240,0.00125408,0.00467506,-0.00590598
2021-03-15,0.00928952,0.00646915,0.00548507,0.01032862
2021-03-16,-0.00856995,-0.00160460,-0.01357269,0.00104823
2021-03-17,0.00441693,0.00296591,0.00548751,0.00419746
2021-03-18,-0.00911624,-0.01501963,-0.02174235,-0.03047730
2021-03-19,-0.00102085,-0.00035221,0.01151682,0.00777718
2021-03-22,0.00105242,0.00710511,-0.00632587,0.01307212
2021-03-23,-0.01490253,-0.00749786,-0.03262349,-0.01019828
2021-03-24,-0.00198833,-0.00564169,-0.02456990,-0.01909625
2021-03-25,0.01200369,0.00534873,0.01398862,0.00131984
2021-03-26,0.01724626,0.01615096,0.00897442,0.01239283
2021-03-29,-0.00477420,-0.00077641,-0.02360110,-0.00555620
2021-03-30,0.00140049,-0.00290573,0.01131197,-0.00198407
2021-03-31,-0.00141338,0.00387489,0.01494389,0.01574671
2021-04-01,0.01085366,0.01174859,0.01557659,0.01760797
2021-04-05,0.00945882,0.01484876,0.00541199,0.01791777
2021-04-06,0.00101008,-0.00082312,-0.00255189,-0.00083271
2021-04-07,-0.00346007,0.00138389,-0.01461740,0.00036223
2021-04-08,0.00150744,0.00460501,0.00883285,0.01040534
2021-04-09,0.00589298,0.00765168,-0.00198538,0.00610586
2021-04-12,0.00159470,-0.00001540,-0.00939727,-0.00289442
2021-04-13,-0.00186551,0.00353655,-0.00098173,0.01062631
2021-04-14,0.00150953,-0.00415797,0.00397127,-0.01043722
2021-04-15,0.00784887,0.01109395,0.00110479,0.01377701
2021-04-16,0.00420849,0.00358540,-0.00340048,0.00093466
2021-04-19,-0.00494662,-0.00533777,-0.01326171,-0.01002023
2021-04-20,-0.00751704,-0.00671718,-0.01605228,-0.00894436
2021-04-21,0.01326660,0.00926735,0.02151285,0.01123069
2021-04-22,-0.00634515,-0.00922930,0.00029192,-0.01037903
2021-04-23,0.01105917,0.01096620,0.01497838,0.01417346
2021-04-26,0.00168709,0.00180359,0.01352796,0.00843477
2021-04-27,0.00152285,-0.00033321,-0.00067584,-0.00369688
2021-04-28,0.00007695,-0.00070924,0.00228276,-0.00327003
2021-04-29,0.00737244,0.00679427,-0.00265361,0.00297192
2021-04-30,-0.00818077,-0.00691189,-0.00871807,-0.00849526
2021-05-03,0.00611588,0.00257210,0.00260622,-0.00485865
2021-05-04,-0.00164837,-0.00688998,-0.01627854,-0.01891398
2021-05-05,0.00301283,0.00073475,-0.00465414,-0.00382633
2021-05-06,0.00514362,0.00825270,-0.00665944,0.00427278
2021-05-07,0.01055573,0.00740304,0.01104589,0.00885082
2021-05-10,-0.00401986,-0.01070916,-0.02223989,-0.02555334
2021-05-11,-0.01142285,-0.00856594,-0.00038462,-0.00123357
2021-05-12,-0.02236480,-0.02143123,-0.02135121,-0.02677534
2021-05-13,0.01393450,0.01221148,0.00318339,0.00824055
2021-05-14,0.01527428,0.01513706,0.02408802,0.02294429
2021-05-17,-0.00030903,-0.00250700,0.00300997,-0.00443338
2021-05-18,-0.00894661,-0.00833060,0.00233068,-0.00647028
2021-05-19,-0.00566787,-0.00285457,-0.00459753,-0.00006047
2021-05-20,0.00711278,0.01073061,0.01279193,0.01768593
2021-05-21,0.00134125,-0.00086244,0.00335500,-0.00480565
2021-05-24,0.00608625,0.01007078,0.00144519,0.01510663
2021-05-25,-0.00494416,-0.00210884,-0.01046908,-0.00048881
2021-05-26,0.00428093,0.00200604,0.01581337,0.00592236
2021-05-27,0.00535137,0.00121197,0.01032283,-0.00039741
2021-05-28,0.00073866,0.00079928,-0.00102139,0.00052780
2021-06-01,0.00376721,-0.00041206,0.00598471,-0.00178335
2021-06-02,0.00099074,0.00142429,0.00140849,0.00151982
2021-06-03,-0.00164510,-0.00360002,-0.00383968,-0.01015051
2021-06-04,0.00517476,0.00898838,0.00455107,0.01510420
2021-06-07,-0.00198417,-0.00072313,0.01305593,0.00488430
2021-06-08,0.00175378,0.00034956,0.00956383,0.00324579
2021-06-09,-0.00462423,-0.00182403,-0.00396760,-0.00098989
2021-06-10,0.00119686,0.00477791,-0.00251852,0.00793323
2021-06-11,0.00341622,0.00197250,0.00564595,0.00376778
2021-06-14,-0.00376497,0.00212117,0.00071474,0.00786590
2021-06-15,0.00052364,-0.00202631,-0.00727313,-0.00690053
2021-06-16,-0.00682238,-0.00541699,-0.00058244,-0.00213646
2021-06-17,-0.01003503,-0.00012107,-0.00398388,0.00942234
2021-06-18,-0.01651271,-0.01298394,-0.01452456,-0.00911954
2021-06-21,0.01930246,0.01391291,0.00976525,0.00838945
2021-06-22,0.00159335,0.00519669,0.00007080,0.00849106
2021-06-23,-0.00145656,-0.00098847,0.00559298,0.00108250
2021-06-24,0.00649748,0.00589664,0.01234131,0.00651389
2021-06-25,0.00725662,0.00322680,0.00228024,-0.00102456
2021-06-28,-0.00406936,0.00232712,-0.00232947,0.01024376
2021-06-29,-0.00081614,0.00028461,-0.00502583,0.00184003
2021-06-30,0.00233423,0.00144161,-0.00203135,-0.00133754
2021-07-01,0.00711109,0.00516369,0.00532349,0.00187340
2021-07-02,0.00245396,0.00777556,-0.00672958,0.00901274
2021-07-06,-0.00859139,-0.00169790,-0.01049755,0.00280441
2021-07-07,0.00227879,0.00336679,-0.01043141,-0.00004657
2021-07-08,-0.01058180,-0.00814662,-0.00691642,-0.00638135
2021-07-09,0.01597349,0.01111769,0.01715694,0.00922899
2021-07-12,0.00264208,0.00352481,0.00216434,0.00239723
2021-07-13,-0.00919218,-0.00354957,-0.01380995,-0.00365436
2021-07-14,-0.00138991,0.00128561,-0.01571248,-0.00164319
2021-07-15,-0.00262490,-0.00336973,-0.00578917,-0.00707324
2021-07-16,-0.00807636,-0.00748791,-0.00886773,-0.00780318
2021-07-19,-0.01836007,-0.01572735,-0.00925281,-0.01042756
2021-07-20,0.01929750,0.01518545,0.02101418,0.01583453
2021-07-21,0.00998693,0.00809341,0.01511201,0.00878101
2021-07-22,-0.00291575,0.00211256,-0.00985048,0.00412647
2021-07-23,0.00818616,0.01004865,0.00159286,0.01182470
2021-07-26,0.00322022,0.00252970,-0.00213169,0.00179400
2021-07-27,-0.00177862,-0.00493397,-0.01051307,-0.01184475
2021-07-28,0.00000174,-0.00016046,0.01400675,0.00529690
2021-07-29,0.00761244,0.00440061,0.00162956,0.00130527
2021-07-30,-0.00275885,-0.00561742,-0.00524042,-0.00793522
2021-08-02,-0.00184830,-0.00167244,0.00204440,0.00034150
2021-08-03,0.00818727,0.00825996,-0.00056198,0.00613725
2021-08-04,-0.00946213,-0.00452740,-0.00718480,0.00103524
2021-08-05,0.00770649,0.00609891,0.01633381,0.00790663
2021-08-06,0.00482665,0.00163878,0.00236897,-0.00367746
2021-08-09,-0.00219751,-0.00052739,0.00145602,0.00111622
2021-08-10,0.00495987,0.00096601,0.00089351,-0.00464841
2021-08-11,0.00679124,0.00228026,-0.00014275,-0.00135472
2021-08-12,-0.00045369,0.00328444,-0.00158312,0.00400946
2021-08-13,-0.00068613,0.00155858,-0.01017380,0.00097522
2021-08-16,-0.00000647,0.00238827,-0.01124809,-0.00108564
2021-08-17,-0.00812767,-0.00700163,-0.00986777,-0.00946757
2021-08-18,-0.01041362,-0.01048451,-0.00291254,-0.00921293
2021-08-19,-0.00276520,0.00109990,-0.01219258,0.00212775
2021-08-20,0.00731798,0.00818191,0.01487823,0.01180397
2021-08-23,0.00767446,0.00879252,0.01915024,0.01499824
2021-08-24,0.00468141,0.00152905,0.00782152,0.00404982
2021-08-25,0.00558130,0.00216525,0.00353386,0.00143664
2021-08-26,-0.00756001,-0.00582260,-0.00453454,-0.00660430
2021-08-27,0.01108936,0.00879758,0.02096483,0.01247395
2021-08-30,-0.00227346,0.00453514,-0.00192724,0.00948464
2021-08-31,0.00038204,-0.00109621,0.00554270,-0.00084895
2021-09-01,-0.00000432,0.00044108,0.00494966,0.00238663
2021-09-02,0.00680322,0.00288372,0.00729974,0.00133074
2021-09-03,-0.00357450,-0.00018603,-0.00393762,0.00235041
2021-09-07,-0.00862043,-0.00314584,-0.00389959,0.00062370
2021-09-08,-0.00068506,-0.00124139,-0.00966796,-0.00510153
2021-09-09,-0.00259665,-0.00451843,0.00316763,-0.00239947
2021-09-10,-0.00707204,-0.00777989,-0.00814842,-0.00879568
2021-09-13,0.00425173,0.00213053,-0.00082973,-0.00052206
2021-09-14,-0.00796986,-0.00559812,-0.01260683,-0.00410629
2021-09-15,0.00947548,0.00845156,0.00787433,0.00868029
2021-09-16,-0.00216677,-0.00141379,0.00282942,0.00120858
2021-09-17,-0.00809492,-0.00905814,0.00286357,-0.00966348
2021-09-20,-0.01557856,-0.01709090,-0.02392165,-0.02143231
2021-09-21,-0.00354201,-0.00072540,0.00587091,0.00197912
2021-09-22,0.01152287,0.00961031,0.00931528,0.00992103
2021-09-23,0.01460605,0.01213303,0.01482002,0.01051381
2021-09-24,0.00132695,0.00156087,-0.00387339,0.00049078
2021-09-27,0.00293391,-0.00270653,0.01077021,-0.00516279
2021-09-28,-0.01484663,-0.02030137,-0.02019805,-0.02828365
2021-09-29,0.00193934,0.00167139,-0.00666422,-0.00178934
2021-09-30,-0.01598990,-0.01185044,-0.00238945,-0.00472570
2021-10-01,0.01266270,0.01125654,0.00859685,0.00891798
2021-10-04,-0.00672078,-0.01294776,-0.01556950,-0.02146593
2021-10-05,0.00800605,0.01064822,0.00479069,0.01283744
2021-10-06,0.00088649,0.00405145,-0.00614480,0.00522339
2021-10-07,0.00865885,0.00856224,0.01196889,0.00976610
2021-10-08,-0.00244135,-0.00185787,-0.00601448,-0.00517751
2021-10-11,-0.00586857,-0.00679854,-0.00427442,-0.00647472
2021-10-12,0.00035425,-0.00227810,0.00633144,-0.00155543
2021-10-13,0.00176160,0.00303001,0.00469420,0.00705987
2021-10-14,0.01733901,0.01702414,0.00934443,0.01800714
2021-10-15,0.00337333,0.00762240,-0.00354047,0.00521938
2021-10-18,0.00072569,0.00361698,-0.00271603,0.00887293
2021-10-19,0.00591655,0.00740638,0.00552243,0.00673228
2021-10-20,0.00760200,0.00358007,0.00379348,-0.00081242
2021-10-21,0.00148017,0.00307402,0.00262299,0.00643577
2021-10-22,0.00289489,-0.00104620,-0.00522297,-0.00868124
2021-10-25,0.00205460,0.00509279,0.00651272,0.00923489
2021-10-26,-0.00196428,0.00177658,-0.00264142,0.00155354
2021-10-27,-0.01299160,-0.00491897,-0.01269781,0.00097884
2021-10-28,0.01062719,0.00996514,0.01711262,0.01414516
2021-10-29,-0.00193695,0.00202219,0.00148137,0.00384142
2021-11-01,0.00807761,0.00207533,0.02239538,0.00544296
2021-11-02,0.00302612,0.00357131,0.00224888,0.00388411
2021-11-03,0.00612994,0.00676328,0.01387410,0.01049196
2021-11-04,-0.00230561,0.00433612,-0.00170286,0.00929807
2021-11-05,0.00741371,0.00369799,0.00539915,0.00282981
2021-11-08,0.00127181,0.00048727,0.00419863,0.00013835
2021-11-09,0.00001341,-0.00382563,-0.00471247,-0.00609206
2021-11-10,-0.00618111,-0.00781756,-0.01228400,-0.01662012
2021-11-11,0.00240707,0.00047835,0.00670118,0.00364531
2021-11-12,0.00492524,0.00708690,0.00249615,0.01015638
2021-11-15,0.00161823,-0.00001951,-0.00471228,-0.00027045
2021-11-16,0.00146969,0.00392722,0.00024505,0.00786852
2021-11-17,-0.00540629,-0.00224676,-0.00932883,-0.00233236
2021-11-18,-0.00376815,0.00364174,-0.01168876,0.00555897
2021-11-19,-0.00614000,-0.00130231,-0.00659532,0.00456120
2021-11-22,0.00153658,-0.00305470,-0.01073754,-0.01221632
2021-11-23,0.00356797,0.00145480,-0.00599064,-0.00489319
2021-11-24,0.00015081,0.00232752,0.00496565,0.00412015
2021-11-26,-0.02494669,-0.02264099,-0.02221999,-0.02250002
2021-11-29,0.00795929,0.01327564,-0.00480472,0.01966018
2021-11-30,-0.02582199,-0.01874744,-0.01059979,-0.01529548
2021-12-01,-0.01335458,-0.01207718,-0.02164264,-0.01841968
2021-12-02,0.02410056,0.01408982,0.01631825,0.00861742
2021-12-03,-0.00445162,-0.00853123,-0.02180672,-0.01848599
2021-12-06,0.01502607,0.01164316,0.01157863,0.00975890
2021-12-07,0.01619261,0.02075450,0.02289031,0.02993643
2021-12-08,0.00329640,0.00304825,0.01039365,0.00676148
2021-12-09,-0.00720887,-0.00722741,-0.02031005,-0.01678925
2021-12-10,0.00579069,0.00977416,-0.00472978,0.00826378
2021-12-13,-0.00729351,-0.00922359,-0.01238121,-0.01395862
2021-12-14,-0.00550335,-0.00719972,-0.01066280,-0.01120016
2021-12-15,0.01123973,0.01650658,0.01472852,0.02235657
2021-12-16,-0.00096120,-0.00898195,-0.01531930,-0.02552795
2021-12-17,-0.00973611,-0.01024226,0.01052657,-0.00133674
2021-12-20,-0.01359053,-0.01159260,-0.01187784,-0.01221191
2021-12-21,0.01976218,0.01784826,0.02144660,0.02367984
2021-12-22,0.00722045,0.01036926,0.00688241,0.01220972
2021-12-23,0.00680262,0.00642409,0.01120181,0.00885817
2021-12-27,0.01257301,0.01366092,0.00256833,0.01459246
2021-12-28,0.00161704,-0.00098543,-0.00719788,-0.00539953
2021-12-29,0.00300008,0.00127567,-0.00259217,-0.00051639
2021-12-30,-0.00163769,-0.00295652,0.00603499,-0.00282512
2021-12-31,0.00035381,-0.00260579,-0.00135074,-0.00624748
2022-01-03,0.00093412,0.00704299,0.01332786,0.01290999
2022-01-04,0.00843844,-0.00090880,-0.00843324,-0.01279064
2022-01-05,-0.01588270,-0.01944615,-0.02868229,-0.03332152
2022-01-06,0.00281299,-0.00108133,0.00218754,-0.00154296
2022-01-07,-0.00146790,-0.00406487,-0.00837664,-0.01017751
2022-01-10,-0.00518712,-0.00127879,-0.00318791,0.00078512
2022-01-11,0.00936604,0.00925010,0.01043883,0.01382994
2022-01-12,0.00102362,0.00287072,-0.00842959,0.00251952
2022-01-13,-0.00484916,-0.01431540,-0.01245868,-0.02508032
2022-01-14,-0.00102229,0.00084470,0.00060514,0.00608691
2022-01-18,-0.01643613,-0.01842028,-0.02625629,-0.02607985
2022-01-19,-0.01037357,-0.00974335,-0.01009650,-0.01175011
2022-01-20,-0.01262060,-0.01097518,-0.01243166,-0.01357791
2022-01-21,-0.01477375,-0.01915001,-0.01700254,-0.02720840
2022-01-24,0.00709108,0.00278175,0.01323869,0.00667151
2022-01-25,-0.00949306,-0.01233372,-0.00964553,-0.02356541
2022-01-26,-0.00708741,-0.00151979,-0.00949338,0.00086163
2022-01-27,-0.00619208,-0.00572892,-0.01879189,-0.01360375
2022-01-28,0.01700655,0.02457247,0.01460748,0.03195933
2022-01-31,0.01604411,0.01929907,0.03162628,0.03348001
2022-02-01,0.00758435,0.00686605,0.01201034,0.00717095
2022-02-02,0.00708941,0.00918071,-0.01407885,0.00593415
2022-02-03,-0.01441270,-0.02393383,-0.01878200,-0.03796716
2022-02-04,-0.00081805,0.00597965,0.01145530,0.01641355
2022-02-07,0.00072956,-0.00375298,0.00684435,-0.00621800
2022-02-08,0.00964904,0.00849786,0.01287077,0.01290256
2022-02-09,0.01762030,0.01448961,0.01824102,0.02012609
2022-02-10,-0.01625357,-0.01797263,-0.01282904,-0.02163313
2022-02-11,-0.01447058,-0.01914317,-0.01142434,-0.02784973
2022-02-14,-0.00825432,-0.00354862,-0.00714494,0.00058042
2022-02-15,0.01574007,0.01596264,0.02687065,0.02513444
2022-02-16,0.00272151,0.00107959,-0.00129876,-0.00090014
2022-02-17,-0.01817223,-0.02102853,-0.01815581,-0.02940052
2022-02-18,-0.00454559,-0.00715511,-0.01294705,-0.01179618
2022-02-22,-0.00967959,-0.01028398,-0.01352832,-0.01183819
2022-02-23,-0.01611364,-0.01866258,-0.01637063,-0.02623741
2022-02-24,0.01052057,0.01528344,0.02278676,0.03465453
2022-02-25,0.02746097,0.02233624,0.01849786,0.01642654
2022-02-28,-0.00545878,-0.00208830,0.00244310,0.00471352
2022-03-01,-0.01848884,-0.01529006,-0.01535264,-0.01633658
2022-03-02,0.02237872,0.01846817,0.01541662,0.01666990
2022-03-03,-0.00278138,-0.00534328,-0.01379378,-0.01480329
2022-03-04,-0.00756931,-0.00781151,-0.01592437,-0.01566227
2022-03-07,-0.02962570,-0.02969547,-0.01857160,-0.03666806
2022-03-08,-0.00600145,-0.00722466,0.00468978,-0.00256062
2022-03-09,0.02210591,0.02594763,0.02720170,0.03587783
2022-03-10,-0.00285998,-0.00386443,-0.00448044,-0.00855816
2022-03-11,-0.01110188,-0.01294415,-0.01682028,-0.02125213
2022-03-14,-0.00328058,-0.00733967,-0.01963296,-0.01966346
2022-03-15,0.01680504,0.02159203,0.01244910,0.02965522
2022-03-16,0.02084542,0.02247189,0.02975650,0.03519846
2022-03-17,0.01232932,0.01247660,0.01858781,0.01355071
2022-03-18,0.00828454,0.01186495,0.01186309,0.02032069
2022-03-21,-0.00222177,-0.00048767,-0.01165867,-0.00324109
2022-03-22,0.00762007,0.01171080,0.01379656,0.01952219
2022-03-23,-0.01326092,-0.01211209,-0.01540524,-0.01324182
2022-03-24,0.01179125,0.01431211,0.01107879,0.01992775
2022-03-25,0.00713597,0.00487708,-0.00645791,-0.00098652
2022-03-28,0.00207764,0.00765698,0.00032221,0.01381473
2022-03-29,0.01574531,0.01223174,0.02260774,0.01808360
2022-03-30,-0.00707500,-0.00618810,-0.01485403,-0.01179708
2022-03-31,-0.01383217,-0.01560617,-0.00662813,-0.01512720
2022-04-01,0.00364471,0.00354707,0.00717734,0.00203618
2022-04-04,0.00232148,0.00858730,0.00906575,0.01897000
2022-04-05,-0.01071675,-0.01264073,-0.01739233,-0.02214998
2022-04-06,-0.00492177,-0.00982921,-0.01390189,-0.02257057
2022-04-07,0.00298488,0.00429452,-0.00417298,0.00123116
2022-04-08,0.00235190,-0.00287475,-0.00847223,-0.01361969
2022-04-11,-0.00968008,-0.01709362,-0.00994795,-0.02244380
2022-04-12,-0.00298857,-0.00327852,-0.00085243,-0.00270503
2022-04-13,0.01108280,0.01187571,0.01579652,0.02035866
2022-04-14,-0.00669968,-0.01227962,-0.00958308,-0.02186355
2022-04-18,-0.00214432,-0.00029141,-0.01064158,-0.00056774
2022-04-19,0.01776969,0.01623279,0.01783557,0.02195072
2022-04-20,0.00660995,-0.00093444,-0.00086690,-0.01279639
2022-04-21,-0.01442195,-0.01449259,-0.01947824,-0.02032712
2022-04-22,-0.02731925,-0.02774511,-0.01693434,-0.02598538
2022-04-25,0.00288867,0.00571520,0.00868255,0.01316801
2022-04-26,-0.02365525,-0.02858569,-0.02854324,-0.04012299
2022-04-27,0.00186613,0.00208550,-0.00442303,-0.00057693
2022-04-28,0.01798675,0.02479825,0.01380699,0.03153048
2022-04-29,-0.03031599,-0.03661978,-0.01963410,-0.04321099
2022-05-02,0.00325543,0.00581343,0.01466173,0.01684953
2022-05-03,0.00843893,0.00479327,0.00164954,0.00207408
2022-05-04,0.02849367,0.02997354,0.01993604,0.03283807
2022-05-05,-0.03111382,-0.03570770,-0.03244808,-0.05043373
2022-05-06,-0.00996460,-0.00566441,-0.01825767,-0.01320959
2022-05-09,-0.02959478,-0.03205268,-0.03653218,-0.04185949
2022-05-10,-0.00256320,0.00245477,-0.00211034,0.01023905
2022-05-11,-0.01324393,-0.01676607,-0.02462082,-0.03184896
2022-05-12,0.00465977,-0.00090409,0.01186266,-0.00016086
2022-05-13,0.02356930,0.02421834,0.03144529,0.03761990
2022-05-16,-0.00409144,-0.00424156,-0.00766476,-0.01248611
2022-05-17,0.02181758,0.01966651,0.02715549,0.02753437
2022-05-18,-0.03819663,-0.04058457,-0.02888844,-0.04824374
2022-05-19,-0.00186073,-0.00584661,0.00343009,-0.00379288
2022-05-20,0.00066546,0.00004876,0.00026074,-0.00338844
2022-05-23,0.01379819,0.01871160,0.00694528,0.01674562
2022-05-24,-0.00685304,-0.00842358,-0.01758334,-0.02346467
2022-05-25,0.01174243,0.00964233,0.01417515,0.01518982
2022-05-26,0.02156110,0.02024811,0.01731579,0.02704213
2022-05-27,0.02322877,0.02510948,0.02468286,0.03379732
2022-05-31,-0.00923058,-0.00591350,-0.00849246,-0.00348349
2022-06-01,-0.01074100,-0.00737298,-0.00790838,-0.00679988
2022-06-02,0.01866950,0.01869605,0.02218618,0.02711411
2022-06-03,-0.01207110,-0.01658551,-0.00714773,-0.02543117
2022-06-06,0.00348489,0.00332004,-0.00166682,0.00423653
2022-06-07,0.00939027,0.00930985,0.00972686,0.00899780
2022-06-08,-0.01416574,-0.01062641,-0.00444372,-0.00795501
2022-06-09,-0.02252985,-0.02368621,-0.01946185,-0.02716926
2022-06-10,-0.02746960,-0.02899087,-0.02460575,-0.03591401
2022-06-13,-0.04102496,-0.03888502,-0.03873568,-0.04623211
2022-06-14,-0.00533649,-0.00296383,-0.00107057,0.00165487
2022-06-15,0.01103627,0.01482489,0.01737849,0.02540419
2022-06-16,-0.03627622,-0.03233372,-0.03057161,-0.04077511
2022-06-17,0.00319423,0.00236425,0.01799682,0.01386902
2022-06-21,0.01793859,0.02483569,0.01279378,0.02556178
2022-06-22,-0.00072950,-0.00125847,0.00211586,-0.00132179
2022-06-23,0.00845796,0.00975699,0.01662140,0.01607386
2022-06-24,0.03197284,0.03051316,0.01845531,0.03396009
2022-06-27,-0.00068684,-0.00304598,-0.00041874,-0.00727461
2022-06-28,-0.01546853,-0.02038043,-0.01832563,-0.03037910
2022-06-29,-0.00519678,-0.00049616,-0.00667235,0.00062129
2022-06-30,-0.00667422,-0.00866337,-0.00302755,-0.01351055
2022-07-01,0.01246050,0.01075665,0.00923993,0.00884240
2022-07-05,-0.00290043,0.00216560,0.01412829,0.01834876
2022-07-06,0.00015125,0.00356255,-0.00409072,0.00470483
2022-07-07,0.01506654,0.01512808,0.02086057,0.02288659
2022-07-08,-0.00367428,-0.00064920,0.00203294,0.00132867
2022-07-11,-0.00966624,-0.01176261,-0.01855382,-0.02220898
2022-07-12,-0.00490924,-0.00918562,-0.00082134,-0.00976527
2022-07-13,-0.00530926,-0.00430215,0.00037816,-0.00194293
2022-07-14,-0.00828162,-0.00268399,-0.00879507,0.00122126
2022-07-15,0.01976947,0.01909171,0.01686001,0.01823120
2022-07-18,-0.00435025,-0.00836786,-0.00468251,-0.00854687
2022-07-19,0.03009431,0.02758016,0.02717065,0.03147263
2022-07-20,0.00650765,0.00598819,0.01633657,0.01609462
2022-07-21,0.00729760,0.01040542,0.00519757,0.01382778
2022-07-22,-0.00636382,-0.00923804,-0.01776888,-0.01853809
2022-07-25,0.00335665,0.00121655,0.00178258,-0.00473320
2022-07-26,-0.00830242,-0.01207625,-0.00731406,-0.01942314
2022-07-27,0.02024663,0.02638306,0.01999683,0.04212314
2022-07-28,0.01537539,0.01237261,0.00822656,0.01106284
2022-07-29,0.00925262,0.01488824,0.00523344,0.02005677
2022-08-01,-0.00200911,-0.00265073,0.00340263,-0.00155820
2022-08-02,-0.00686042,-0.00654239,0.00383498,-0.00187119
2022-08-03,0.00997208,0.01569132,0.01601921,0.02673489
2022-08-04,-0.00255743,-0.00075401,0.00563539,0.00412506
2022-08-05,0.00125524,-0.00181831,0.00755444,-0.00562949
2022-08-08,0.00313272,-0.00125028,0.00945441,-0.00141852
2022-08-09,-0.00568686,-0.00415866,-0.01571812,-0.01119538
2022-08-10,0.02164087,0.02130836,0.02446461,0.02941045
2022-08-11,0.00461691,-0.00060006,-0.00126460,-0.00608940
2022-08-12,0.01609501,0.01760862,0.01890251,0.02114730
2022-08-15,0.00169502,0.00410742,0.00615385,0.00635216
2022-08-16,0.00331942,0.00207794,-0.00129594,-0.00151492
2022-08-17,-0.00975180,-0.00706705,-0.01489261,-0.01179167
2022-08-18,0.00359605,0.00237068,0.00275284,0.00244470
2022-08-19,-0.01286133,-0.01283328,-0.01808676,-0.02008484
2022-08-22,-0.02146333,-0.02124697,-0.01702182,-0.02585848
2022-08-23,-0.00107920,-0.00209915,0.00191637,-0.00022933
2022-08-24,0.00487155,0.00291271,0.00753759,0.00357443
2022-08-25,0.01501446,0.01401644,0.01043381,0.01641638
2022-08-26,-0.03220214,-0.03363896,-0.02722195,-0.03984142
2022-08-29,-0.00527340,-0.00650575,-0.00822159,-0.01015198
2022-08-30,-0.01070567,-0.01088676,-0.00934623,-0.01105355
2022-08-31,-0.00741616,-0.00757408,-0.00268590,-0.00608064
2022-09-01,0.00115474,0.00330172,-0.00536521,-0.00065880
2022-09-02,-0.00769953,-0.01068393,-0.00776075,-0.01333489
2022-09-06,-0.00345205,-0.00398908,-0.00834239,-0.00682356
2022-09-07,0.02236534,0.01852771,0.01901802,0.02161965
2022-09-08,0.00873920,0.00665845,0.00934266,0.00600448
2022-09-09,0.01445752,0.01543017,0.01391761,0.02111441
2022-09-12,0.00900346,0.01068421,0.00757966,0.01278365
2022-09-13,-0.03959955,-0.04317425,-0.02991933,-0.05248506
2022-09-14,-0.00015462,0.00381426,0.00164750,0.00793769
2022-09-15,-0.00780341,-0.01114817,-0.00230728,-0.01470117
2022-09-16,-0.01077195,-0.00729579,-0.01249831,-0.00833263
2022-09-19,0.00785400,0.00695988,0.00105810,0.00810423
2022-09-20,-0.01629658,-0.01109469,-0.00953160,-0.00904991
2022-09-21,-0.01636521,-0.01700966,-0.01110655,-0.01770441
2022-09-22,-0.01492605,-0.00857662,-0.01759573,-0.01327193
2022-09-23,-0.01702241,-0.01748624,-0.01618272,-0.01768876
2022-09-26,-0.01480298,-0.00996512,-0.00769065,-0.00545379
2022-09-27,-0.00303682,-0.00205764,0.00384089,0.00239678
2022-09-28,0.02377922,0.01970516,0.02479232,0.02034501
2022-09-29,-0.01945228,-0.02114976,-0.01635162,-0.02835474
2022-09-30,-0.01136530,-0.01499402,-0.00398785,-0.01591788
2022-10-03,0.02973160,0.02554432,0.01798392,0.02283537
2022-10-04,0.03471627,0.03074163,0.02968664,0.03302325
2022-10-05,-0.00391231,-0.00199593,-0.00478735,-0.00228994
2022-10-06,-0.01133032,-0.00991342,-0.00384104,-0.00645926
2022-10-07,-0.02416789,-0.02800227,-0.02632811,-0.03846446
2022-10-10,-0.00673018,-0.00728100,-0.00624729,-0.00958902
2022-10-11,-0.00479248,-0.00649929,-0.00180070,-0.01090804
2022-10-12,-0.00528642,-0.00323194,-0.00089860,-0.00062197
2022-10-13,0.02417477,0.02569069,0.01719552,0.02286490
2022-10-14,-0.02317110,-0.02384586,-0.01924838,-0.03103583
2022-10-17,0.02302383,0.02658634,0.02328779,0.03492560
2022-10-18,0.01432059,0.01158406,0.00878429,0.00888935
2022-10-19,-0.01147224,-0.00657641,-0.01485494,-0.00712620
2022-10-20,-0.01108918,-0.00775346,-0.00596615,-0.00644949
2022-10-21,0.02289822,0.02372481,0.01533044,0.02330028
2022-10-24,0.01067910,0.01177547,0.00336569,0.01039715
2022-10-25,0.01976653,0.01619306,0.02166375,0.02201119
2022-10-26,0.00175542,-0.00724337,0.00368639,-0.02229184
2022-10-27,0.00047960,-0.00605814,-0.00149844,-0.01684736
2022-10-28,0.02134878,0.02447866,0.01986854,0.02979456
2022-10-31,-0.00484761,-0.00722553,-0.00161006,-0.01071380
2022-11-01,0.00222520,-0.00437382,0.00316551,-0.01001683
2022-11-02,-0.02472547,-0.02502599,-0.02392407,-0.03481534
2022-11-03,-0.00610692,-0.01045642,-0.00459894,-0.01877737
2022-11-04,0.01574479,0.01355715,0.00551381,0.01256132
2022-11-07,0.00809626,0.00946815,0.00459975,0.00871860
2022-11-08,0.00646586,0.00532769,0.00125047,0.00503803
2022-11-09,-0.01821830,-0.02074852,-0.01916541,-0.02450323
2022-11-10,0.05610484,0.05517650,0.05099209,0.07471400
2022-11-11,0.01083458,0.00919313,0.01242116,0.01846907
2022-11-14,-0.01192428,-0.00888691,-0.00931490,-0.01138736
2022-11-15,0.00987660,0.00903949,0.01208283,0.01403135
2022-11-16,-0.01143729,-0.00787292,-0.01671877,-0.01464698
2022-11-17,-0.00595184,-0.00288265,-0.00710465,-0.00372677
2022-11-18,0.00759953,0.00470593,0.00209386,0.00006825
2022-11-21,-0.00059314,-0.00395022,-0.00480388,-0.01092429
2022-11-22,0.01342165,0.01350144,0.00817320,0.01417706
2022-11-23,0.00450530,0.00611587,0.00518029,0.01018061
2022-11-25,0.00236255,-0.00027834,0.00253478,-0.00539649
2022-11-28,-0.01686755,-0.01518342,-0.01577979,-0.01592325
2022-11-29,0.00335887,-0.00168319,0.00062910,-0.00700668
2022-11-30,0.02504863,0.03116552,0.02335870,0.04459419
2022-12-01,0.00104885,-0.00056137,0.00289865,0.00125465
2022-12-02,-0.00065532,-0.00110159,0.00401026,-0.00245285
2022-12-05,-0.01969211,-0.01801916,-0.01951834,-0.01959135
2022-12-06,-0.01150629,-0.01443539,-0.01151662,-0.02065444
2022-12-07,-0.00156029,-0.00193330,-0.00181916,-0.00508251
2022-12-08,0.00634815,0.00751113,0.00829965,0.01095852
2022-12-09,-0.00716493,-0.00739750,-0.00933441,-0.00686005
2022-12-12,0.01483339,0.01408314,0.00926725,0.01296446
2022-12-13,0.00748448,0.00705632,0.00554291,0.01002339
2022-12-14,-0.00658087,-0.00584365,-0.00343121,-0.00795230
2022-12-15,-0.02228276,-0.02472697,-0.01937938,-0.03291874
2022-12-16,-0.01149578,-0.01106987,-0.00257992,-0.00958602
2022-12-19,-0.00898936,-0.00889213,-0.01414940,-0.01465312
2022-12-20,0.00108776,0.00097022,0.00446675,0.00004460
2022-12-21,0.01519716,0.01492227,0.01233047,0.01530843
2022-12-22,-0.01077969,-0.01454029,-0.00952082,-0.02264800
2022-12-23,0.00689730,0.00584023,-0.00092850,0.00245418
2022-12-27,0.00037378,-0.00412961,-0.00834636,-0.01417902
2022-12-28,-0.01378772,-0.01206227,-0.00605653,-0.01346716
2022-12-29,0.01774406,0.01754674,0.02660838,0.02615947
2022-12-30,-0.00421746,-0.00238359,0.00379759,-0.00101025
2023-01-03,-0.00127555,-0.00401296,-0.00132202,-0.00831159
2023-01-04,0.01594866,0.00755988,0.01118225,0.00514332
2023-01-05,-0.01051460,-0.01134052,-0.00936986,-0.01561312
2023-01-06,0.02419997,0.02290263,0.01721965,0.02653409
2023-01-09,0.00039167,-0.00047657,0.00526761,0.00639518
2023-01-10,0.00763647,0.00696827,0.01519732,0.00992451
2023-01-11,0.01193575,0.01296998,0.00980383,0.01820725
2023-01-12,0.00368821,0.00340207,0.01438579,0.00610128
2023-01-13,0.00240813,0.00416084,0.00598902,0.00703420
2023-01-17,-0.00223359,-0.00198599,-0.00039999,0.00180127
2023-01-18,-0.01528571,-0.01551486,-0.01190367,-0.01229232
2023-01-19,-0.01062588,-0.00755447,-0.00886384,-0.00982178
2023-01-20,0.01828888,0.01891641,0.01743931,0.02746507
2023-01-23,0.01274872,0.01193576,0.01031307,0.02085591
2023-01-24,-0.00231552,-0.00065904,-0.00205037,-0.00266712
2023-01-25,0.00212799,-0.00014024,0.00217246,-0.00227919
2023-01-26,0.00868309,0.01121613,0.00528402,0.01812112
2023-01-27,0.00146524,0.00278569,0.00555941,0.01010585
2023-01-30,-0.01076636,-0.01289727,-0.01171548,-0.01962937
2023-01-31,0.01701345,0.01464524,0.02538773,0.01706085
2023-02-01,0.01006288,0.01052593,0.01449295,0.02018990
2023-02-02,0.01039231,0.01454456,0.01947002,0.03443656
2023-02-03,-0.01173990,-0.01024377,-0.00686661,-0.01591438
2023-02-06,-0.00734487,-0.00613425,-0.01072168,-0.00961090
2023-02-07,0.00931518,0.01264508,0.00681519,0.01967156
2023-02-08,-0.00960560,-0.01093797,-0.01315477,-0.01724444
2023-02-09,-0.00897083,-0.00850661,-0.01144839,-0.01033647
2023-02-10,0.00333952,0.00234212,-0.00302961,-0.00568012
2023-02-13,0.01066401,0.01157813,0.00672421,0.01510897
2023-02-14,-0.00176371,0.00004359,0.00024109,0.00602993
2023-02-15,0.00469587,0.00310554,0.01093255,0.00990399
2023-02-16,-0.01122501,-0.01376699,-0.00941793,-0.01837467
2023-02-17,-0.00174312,-0.00237648,0.00342021,-0.00543321
2023-02-21,-0.02132476,-0.01991051,-0.02466720,-0.02497929
2023-02-22,-0.00140716,-0.00149345,0.00253380,0.00140791
2023-02-23,0.00388758,0.00516214,0.00533767,0.00782521
2023-02-24,-0.00854983,-0.01048762,-0.01204502,-0.01670543
2023-02-27,0.00129288,0.00316491,0.00231484,0.00638728
2023-02-28,-0.00281843,-0.00296599,0.00203643,-0.00083323
2023-03-01,-0.00245189,-0.00480188,0.00018048,-0.00703741
2023-03-02,0.00807167,0.00743110,0.00165659,0.00737719
2023-03-03,0.01360399,0.01628811,0.01157019,0.02029566
2023-03-06,-0.00475990,0.00067331,-0.01048328,-0.00042224
2023-03-07,-0.01604671,-0.01522896,-0.00752657,-0.01215262
2023-03-08,0.00216470,0.00142083,0.00152663,0.00401594
2023-03-09,-0.02138178,-0.01833035,-0.02337639,-0.01987345
2023-03-10,-0.02104935,-0.01456730,-0.02692734,-0.01715373
2023-03-13,-0.00940220,-0.00138408,-0.01319982,0.00477342
2023-03-14,0.01347245,0.01708852,0.01472631,0.02218327
2023-03-15,-0.01456272,-0.00674374,-0.01110581,0.00162292
2023-03-16,0.01332847,0.01756407,0.01510451,0.02561979
2023-03-17,-0.01648923,-0.01071711,-0.01782138,-0.00707323
2023-03-20,0.01267027,0.00889626,0.00258711,0.00423313
2023-03-21,0.01262401,0.01319790,0.01701490,0.01622783
2023-03-22,-0.02168137,-0.01631459,-0.02074000,-0.01572763
2023-03-23,-0.00273511,0.00301039,-0.00091735,0.01021244
2023-03-24,0.00792710,0.00554689,0.00399154,0.00335412
2023-03-27,0.00655665,0.00179977,0.00595947,-0.00517794
2023-03-28,0.00195817,-0.00165560,-0.00221829,-0.00482126
2023-03-29,0.01482819,0.01419666,0.01167671,0.01819625
2023-03-30,0.00488083,0.00584451,-0.00187405,0.00743069
2023-03-31,0.01500864,0.01459034,0.01544346,0.01771048
2023-04-03,0.00108781,0.00360054,0.00080695,-0.00236917
2023-04-04,-0.01044199,-0.00565677,-0.01389152,-0.00465000
2023-04-05,-0.00221814,-0.00240829,-0.00953966,-0.01073292
2023-04-06,0.00079676,0.00383940,0.00463354,0.00772900
2023-04-10,0.00648466,0.00089988,0.00771213,-0.00038067
2023-04-11,0.00641943,-0.00010894,0.00615898,-0.00495110
2023-04-12,-0.00515751,-0.00420351,-0.00845580,-0.00861333
2023-04-13,0.00817705,0.01358555,0.01227231,0.02028898
2023-04-14,-0.00473958,-0.00207924,-0.00893045,-0.00312960
2023-04-17,0.00672566,0.00327722,0.01056253,0.00247413
2023-04-18,0.00023803,0.00083499,-0.00642027,-0.00032244
2023-04-19,0.00041248,-0.00005182,0.00251114,0.00076811
2023-04-20,-0.00538057,-0.00594552,-0.00613672,-0.00794111
2023-04-21,-0.00016810,0.00108694,0.00198650,0.00120176
2023-04-24,0.00227366,0.00081382,-0.00452454,-0.00266042
2023-04-25,-0.01831154,-0.01572752,-0.02228693,-0.01971890
2023-04-26,-0.01057568,-0.00390258,-0.00452714,0.00523713
2023-04-27,0.01636795,0.01957972,0.00766213,0.02523557
2023-04-28,0.01112675,0.00805299,0.00891997,0.00655997
2023-05-01,-0.00069975,-0.00053485,0.00872740,-0.00120409
2023-05-02,-0.01546086,-0.01145929,-0.02008162,-0.01026581
2023-05-03,-0.00629577,-0.00673016,0.00863097,-0.00469469
2023-05-04,-0.00990103,-0.00695999,-0.00743031,-0.00497499
2023-05-05,0.01741961,0.01859848,0.01726461,0.02270047
2023-05-08,-0.00197611,0.00047969,-0.00131704,0.00175234
2023-05-09,-0.00427690,-0.00448680,-0.00315391,-0.00607112
2023-05-10,-0.00021698,0.00463392,0.00402804,0.01090979
2023-05-11,-0.00509523,-0.00126406,-0.00573292,0.00203413
2023-05-12,0.00042727,-0.00138395,-0.00138127,-0.00321710
2023-05-15,0.00610379,0.00296157,0.01286687,0.00594220
2023-05-16,-0.01424818,-0.00620537,-0.00658572,-0.00092554
2023-05-17,0.01350023,0.01200382,0.02083642,0.01323357
2023-05-18,0.00800801,0.00963543,0.00472643,0.01629973
2023-05-19,-0.00285330,-0.00145828,-0.00421072,-0.00262998
2023-05-22,0.00218859,0.00026539,0.01250155,0.00476513
2023-05-23,-0.01042581,-0.01119412,-0.00312710,-0.01255540
2023-05-24,-0.01140849,-0.00715026,-0.00956655,-0.00528777
2023-05-25,-0.00023763,0.00860434,-0.00895414,0.01855726
2023-05-26,0.00851450,0.01310380,0.01021533,0.02211974
2023-05-30,-0.00185005,0.00022243,0.00012598,0.00382401
2023-05-31,-0.00927361,-0.00569824,-0.00465820,-0.00651678
2023-06-01,0.00767894,0.01007000,0.01040057,0.01298196
2023-06-02,0.02266017,0.01438354,0.02566655,0.01054761
2023-06-05,-0.00375136,-0.00180882,-0.00877493,-0.00061802
2023-06-06,0.00743979,0.00236510,0.02264331,0.00309481
2023-06-07,0.00825150,-0.00405173,0.01157169,-0.01396006
2023-06-08,0.00000328,0.00661776,-0.00183355,0.01055302
2023-06-09,-0.00207532,0.00134302,-0.00647105,0.00192002
2023-06-12,0.00622924,0.00951829,0.00683768,0.01572518
2023-06-13,0.01017042,0.00691179,0.01199003,0.00808078
2023-06-14,-0.00269203,0.00120554,-0.00978779,0.00433282
2023-06-15,0.01187583,0.01231585,0.00848575,0.01168435
2023-06-16,-0.00105842,-0.00375057,-0.00468547,-0.00697569
2023-06-20,-0.00894734,-0.00466683,-0.00376030,-0.00098535
2023-06-21,-0.00122923,-0.00522015,-0.00480248,-0.01218643
2023-06-22,-0.00438352,0.00405640,-0.00589330,0.01023862
2023-06-23,-0.00844154,-0.00766746,-0.01145198,-0.00989560
2023-06-26,0.00601827,-0.00462555,-0.00352326,-0.01222202
2023-06-27,0.01228366,0.01145369,0.00998157,0.01665191
2023-06-28,-0.00201481,-0.00026602,0.00433721,0.00270655
2023-06-29,0.00800020,0.00452966,0.00557439,-0.00019306
2023-06-30,0.00909694,0.01230333,0.00241973,0.01471796
2023-07-03,0.00321084,0.00130683,0.00491950,0.00211249
2023-07-05,-0.00490229,-0.00180810,-0.00923910,-0.00156728
2023-07-06,-0.00822473,-0.00790852,-0.01260605,-0.00756307
2023-07-07,0.00257257,-0.00280740,0.01002045,-0.00192632
2023-07-10,0.00847914,0.00221101,0.01288324,0.00098720
2023-07-11,0.01132255,0.00671406,0.00696803,0.00547550
2023-07-12,0.00479128,0.00744964,0.00830293,0.01142658
2023-07-13,0.00524507,0.00868166,0.00865762,0.01575384
2023-07-14,-0.00628978,-0.00079487,-0.00802294,-0.00126061
2023-07-17,0.00211471,0.00376821,0.01066571,0.00939011
2023-07-18,0.00615933,0.00706627,0.01029438,0.00820703
2023-07-19,0.00501844,0.00240304,0.00514973,0.00030789
2023-07-20,-0.00084768,-0.00692170,-0.00828456,-0.02110455
2023-07-21,0.00155898,0.00035004,-0.00211276,-0.00251442
2023-07-24,0.00257578,0.00407718,0.00057018,0.00209407
2023-07-25,0.00105233,0.00278380,-0.00175797,0.00622943
2023-07-26,0.00205464,-0.00012015,0.00931734,-0.00161865
2023-07-27,-0.00866081,-0.00640041,-0.01148375,-0.00494931
2023-07-28,0.00524877,0.01003830,0.01349872,0.01894688
2023-07-31,0.00280702,0.00149947,0.00801332,0.00161739
2023-08-01,-0.00361434,-0.00272514,-0.00401638,-0.00418964
2023-08-02,-0.00950135,-0.01381312,-0.01144457,-0.02173137
2023-08-03,-0.00466503,-0.00244691,0.00023977,-0.00101305
2023-08-04,-0.00487570,-0.00509736,-0.00059101,-0.00440564
2023-08-07,0.00838912,0.00890466,-0.00154968,0.00653207
2023-08-08,-0.00492793,-0.00399199,-0.00440103,-0.00795027
2023-08-09,-0.00238059,-0.00687596,-0.00679697,-0.01214606
2023-08-10,-0.00126618,0.00042806,-0.00144257,0.00130518
2023-08-11,0.00030314,-0.00083765,0.00058436,-0.00515137
2023-08-14,-0.00006202,0.00577392,-0.00180050,0.01118877
2023-08-15,-0.01347092,-0.01134775,-0.01020046,-0.01118476
2023-08-16,-0.00692079,-0.00746388,-0.01151067,-0.01056635
2023-08-17,-0.00762424,-0.00768069,-0.00887692,-0.01064716
2023-08-18,0.00132715,-0.00003109,0.00297678,-0.00145498
2023-08-21,-0.00001075,0.00693105,0.00087340,0.01610389
2023-08-22,-0.00361108,-0.00266552,-0.00362713,-0.00148722
2023-08-23,0.00825605,0.01101043,0.00814226,0.01622143
2023-08-24,-0.00965030,-0.01367650,-0.01088740,-0.02026934
2023-08-25,0.00502965,0.00698440,0.00207376,0.00750685
2023-08-28,0.00729703,0.00632346,0.00533661,0.00695262
2023-08-29,0.01136403,0.01470721,0.01198652,0.02131077
2023-08-30,0.00292816,0.00394798,0.00508534,0.00597832
2023-08-31,-0.00330668,-0.00121925,-0.00274304,0.00240852
2023-09-01,0.00332536,0.00166699,0.00919860,-0.00022362
2023-09-05,-0.01181951,-0.00400399,-0.01508889,0.00023810
2023-09-06,-0.00345410,-0.00703095,-0.00684427,-0.01081631
2023-09-07,-0.00450203,-0.00287307,-0.00822417,-0.00784907
2023-09-08,0.00056586,0.00156251,-0.00260188,0.00123258
2023-09-11,0.00165257,0.00711233,0.00138415,0.01183690
2023-09-12,-0.00136481,-0.00622033,-0.00290938,-0.01098617
2023-09-13,-0.00360952,0.00147756,-0.00631843,0.00358209
2023-09-14,0.01166604,0.00867931,0.01146405,0.00822709
2023-09-15,-0.00827634,-0.01200742,-0.00781478,-0.01621599
2023-09-18,-0.00203441,0.00052514,-0.00578969,0.00044169
2023-09-19,-0.00192631,-0.00211133,-0.00340227,-0.00207617
2023-09-20,-0.00420412,-0.00927809,-0.00678000,-0.01553500
2023-09-21,-0.01676399,-0.01660352,-0.01091338,-0.01803255
2023-09-22,-0.00395579,-0.00233786,-0.00336473,-0.00122422
2023-09-25,0.00267120,0.00405215,0.00080187,0.00508731
2023-09-26,-0.01418046,-0.01477085,-0.00783465,-0.01564476
2023-09-27,0.00056296,0.00021422,0.00456689,0.00248446
2023-09-28,0.00682560,0.00602056,0.00541697,0.00817983
2023-09-29,-0.00263385,-0.00257196,0.00038021,0.00133964
2023-10-02,-0.01106907,0.00018561,-0.01235936,0.00820082
2023-10-03,-0.01204061,-0.01369757,-0.01420583,-0.01845533
2023-10-04,0.00601024,0.00836123,0.00402784,0.01416353
2023-10-05,-0.00334059,-0.00122570,0.00274399,-0.00134180
2023-10-06,0.00868556,0.01190456,0.00709218,0.01620612
2023-10-09,0.00759085,0.00631182,-0.00028127,0.00446208
2023-10-10,0.00790361,0.00530587,0.00844904,0.00525572
2023-10-11,0.00216359,0.00438426,-0.00593894,0.00748512
2023-10-12,-0.01304703,-0.00617352,-0.01734991,-0.00562593
2023-10-13,-0.00192002,-0.00505160,-0.00670158,-0.01265545
2023-10-16,0.01257098,0.01068690,0.01304123,0.01232729
2023-10-17,0.00498352,-0.00006578,0.00920504,-0.00260679
2023-10-18,-0.01589902,-0.01341452,-0.01799900,-0.01584505
2023-10-19,-0.01207852,-0.00854628,-0.01158584,-0.00919187
2023-10-20,-0.01265348,-0.01284241,-0.01112256,-0.01564647
2023-10-23,-0.00634808,-0.00155887,-0.00964169,0.00318369
2023-10-24,0.00658971,0.00736629,0.00788679,0.00939079
2023-10-25,-0.01153965,-0.01448431,-0.01348605,-0.02442391
2023-10-26,-0.00177398,-0.01186806,0.00209511,-0.01916665
2023-10-27,-0.01174009,-0.00451985,-0.01114317,0.00476534
2023-10-30,0.00771315,0.01202934,0.00957188,0.01220358
2023-10-31,0.00882967,0.00656941,0.00812617,0.00468490
2023-11-01,0.00301120,0.01059532,0.00178572,0.01700246
2023-11-02,0.02238195,0.01896833,0.02269357,0.01761146
2023-11-03,0.01689197,0.00920979,0.02661623,0.01317774
2023-11-06,-0.00563400,0.00200008,-0.00838210,0.00368989
2023-11-07,-0.00174641,0.00299165,0.00301971,0.00940868
2023-11-08,-0.00177683,0.00112618,-0.01006423,0.00110625
2023-11-09,-0.00894945,-0.00805897,-0.01551890,-0.00895804
2023-11-10,0.01192518,0.01570351,0.00835992,0.02137357
2023-11-13,-0.00183568,-0.00055104,0.00022919,-0.00239731
2023-11-14,0.02959064,0.01920224,0.04693575,0.02348492
2023-11-15,0.00522441,0.00165977,0.00390460,0.00062050
2023-11-16,-0.00344535,0.00085900,-0.01050015,0.00123051
2023-11-17,0.00487632,0.00142397,0.01187247,0.00044134
2023-11-20,0.00442865,0.00744520,0.00624372,0.01144230
2023-11-21,-0.00195053,-0.00194480,-0.01046981,-0.00576709
2023-11-22,0.00460940,0.00404072,0.00666869,0.00463751
2023-11-24,0.00326883,0.00065241,0.00867547,-0.00166678
2023-11-27,-0.00284571,-0.00196486,-0.00573117,-0.00052797
2023-11-28,-0.00066332,0.00104742,-0.00184781,0.00259437
2023-11-29,0.00419515,-0.00086393,0.00870593,-0.00193493
2023-11-30,0.00807994,0.00397764,0.00059779,-0.00264282
2023-12-01,0.01560655,0.00595384,0.02854405,0.00541357
2023-12-04,0.00016880,-0.00547452,0.01014988,-0.00864528
2023-12-05,-0.00935402,-0.00042044,-0.01000704,0.00379620
2023-12-06,0.00084375,-0.00394673,0.00173246,-0.00607512
2023-12-07,0.00523654,0.00815973,0.00864089,0.01453346
2023-12-08,0.00299599,0.00410362,0.00659147,0.00469942
2023-12-11,0.00893812,0.00383097,-0.00125323,0.00206955
2023-12-12,0.00154802,0.00417589,-0.00164711,0.00702657
2023-12-13,0.02169849,0.01373539,0.03266177,0.01402544
2023-12-14,0.01428508,0.00279307,0.02040703,0.00122710
2023-12-15,-0.00664569,0.00014610,-0.00218684,0.00416464
2023-12-18,0.00074695,0.00464317,-0.00116212,0.00670292
2023-12-19,0.00888904,0.00594386,0.01892124,0.00631057
2023-12-20,-0.01715038,-0.01455129,-0.01530252,-0.01459666
2023-12-21,0.01245599,0.01034326,0.01618216,0.01225951
2023-12-22,0.00333110,0.00170670,0.01171066,0.00190919
2023-12-26,0.00614557,0.00423137,0.01208727,0.00518256
2023-12-27,0.00124552,0.00158883,0.00439639,0.00158310
2023-12-28,0.00147296,0.00038990,-0.00029538,-0.00033814
2023-12-29,-0.00381190,-0.00279417,-0.01371618,-0.00558441
2024-01-02,-0.00001822,-0.00557927,-0.00352729,-0.01655015
2024-01-03,-0.01379617,-0.00799668,-0.02164559,-0.01177154
2024-01-04,-0.00146861,-0.00341763,0.00187174,-0.00572547
2024-01-05,0.00276965,0.00176126,-0.00157982,0.00122530
2024-01-08,0.01064343,0.01412465,0.01820851,0.02259716
2024-01-09,-0.00470075,-0.00136917,-0.00499341,0.00140021
2024-01-10,0.00157894,0.00564107,-0.00101978,0.00824372
2024-01-11,-0.00300248,-0.00061448,-0.00786554,0.00014056
2024-01-12,-0.00168847,0.00082626,-0.00146953,0.00035422
2024-01-16,-0.00673877,-0.00380454,-0.01000427,-0.00111612
2024-01-17,-0.00780686,-0.00563380,-0.00430681,-0.00563654
2024-01-18,0.00527423,0.00892181,0.00249195,0.01407176
2024-01-19,0.00789762,0.01219344,0.00879958,0.01746308
2024-01-22,0.00505786,0.00218100,0.02189383,0.00317704
2024-01-23,0.00073917,0.00293601,-0.00179900,0.00411208
2024-01-24,-0.00529883,0.00070895,-0.00542024,0.00385269
2024-01-25,0.00992946,0.00506787,0.00811061,0.00149639
2024-01-26,0.00035431,-0.00051448,0.00148769,-0.00354190
2024-01-29,0.00619334,0.00753619,0.01490832,0.01158228
2024-01-30,0.00062390,-0.00058708,-0.00814124,-0.00729191
2024-01-31,-0.01310934,-0.01609538,-0.02021544,-0.02317000
2024-02-01,0.01182670,0.01270479,0.01104765,0.01325079
2024-02-02,-0.00103790,0.01064308,-0.00462904,0.01897338
2024-02-05,-0.00880729,-0.00306683,-0.01045932,-0.00148986
2024-02-06,0.00594996,0.00230789,0.00827579,-0.00047218
2024-02-07,0.00380649,0.00817606,-0.00475935,0.01000015
2024-02-08,0.00251374,0.00068557,0.01111114,0.00225314
2024-02-09,0.00175023,0.00590061,0.01394591,0.01270261
2024-02-12,0.00650815,-0.00098535,0.01429985,-0.00356684
2024-02-13,-0.01706157,-0.01354973,-0.03656880,-0.01759922
2024-02-14,0.00983664,0.00960092,0.02463730,0.01299995
2024-02-15,0.01182661,0.00599791,0.01988035,0.00199100
2024-02-16,-0.00427817,-0.00457073,-0.00641862,-0.00857431
2024-02-20,-0.00303581,-0.00598923,-0.01165092,-0.00931875
2024-02-21,0.00298450,0.00126988,-0.00637560,-0.00327864
2024-02-22,0.00990624,0.02105762,0.00338867,0.03083430
2024-02-23,0.00230683,0.00037492,0.00276554,-0.00291589
2024-02-26,-0.00444941,-0.00353920,0.00902014,-0.00164464
2024-02-27,0.00430598,0.00167447,0.01553484,0.00351755
2024-02-28,0.00032673,-0.00158888,-0.00722547,-0.00542067
2024-02-29,0.00548883,0.00538750,0.00529750,0.00991509
2024-03-01,0.00543959,0.00803447,0.00823234,0.01145123
2024-03-04,0.00201303,-0.00125662,-0.00405307,-0.00396075
2024-03-05,-0.00515533,-0.01015300,-0.00722837,-0.01692881
2024-03-06,0.00616696,0.00505404,0.00643823,0.00572495
2024-03-07,0.00799581,0.01041160,0.00429208,0.01571843
2024-03-08,-0.00118061,-0.00654589,-0.00031199,-0.01173424
2024-03-11,0.00238632,-0.00103783,-0.00591391,-0.00437273
2024-03-12,0.00224787,0.01151951,-0.00317690,0.01595569
2024-03-13,0.00032762,-0.00197219,0.00068319,-0.00575986
2024-03-14,-0.00916641,-0.00252423,-0.01822403,-0.00234504
2024-03-15,-0.00162217,-0.00655341,0.00562998,-0.00998695
2024-03-18,0.00310954,0.00649351,-0.00768484,0.00868615
2024-03-19,0.00602919,0.00561784,0.00666232,0.00421952
2024-03-20,0.00857033,0.00900250,0.01845429,0.01264503
2024-03-21,0.00702772,0.00312670,0.00545782,0.00218634
2024-03-22,-0.00625509,-0.00133736,-0.01009850,0.00208692
2024-03-25,-0.00208292,-0.00300881,-0.00105854,-0.00257781
2024-03-26,-0.00151327,-0.00271679,-0.00111681,-0.00432547
2024-03-27,0.01622570,0.00870219,0.01926286,0.00509313
2024-03-28,0.00454841,0.00104921,0.00551641,-0.00140388
2024-04-01,-0.00608395,-0.00200463,-0.00894033,0.00119638
2024-04-02,-0.00913629,-0.00724418,-0.01649066,-0.00945240
2024-04-03,0.00114889,0.00135822,0.00274642,0.00217004
2024-04-04,-0.01054002,-0.01214449,-0.00731439,-0.01408665
2024-04-05,0.00649861,0.01101343,0.00247548,0.01276122
2024-04-08,0.00227057,-0.00030694,0.00430341,0.00038553
2024-04-09,0.00437729,0.00158093,0.00636055,0.00323269
2024-04-10,-0.01659675,-0.00928552,-0.02260717,-0.00763157
2024-04-11,-0.00096845,0.00747405,0.00640868,0.01760782
2024-04-12,-0.01596218,-0.01430444,-0.01834365,-0.01572527
2024-04-15,-0.00884476,-0.01195137,-0.01279288,-0.01814272
2024-04-16,-0.00514636,-0.00207623,-0.00500538,-0.00101242
2024-04-17,-0.00235719,-0.00576028,-0.00936398,-0.01153530
2024-04-18,-0.00059270,-0.00242771,-0.00283725,-0.00538682
2024-04-19,0.00299826,-0.00864073,0.00387869,-0.02151810
2024-04-22,0.00782054,0.00863705,0.00559347,0.01080221
2024-04-23,0.00856521,0.01185078,0.01353627,0.01595246
2024-04-24,0.00152062,0.00040293,-0.00018627,0.00115769
2024-04-25,-0.00297674,-0.00444296,-0.00769047,-0.00663346
2024-04-26,0.00142756,0.01033547,0.00932779,0.02108183
2024-04-29,0.00699181,0.00347626,0.00788277,0.00345198
2024-04-30,-0.01489433,-0.01568050,-0.01283590,-0.02091083
2024-05-01,-0.00316822,-0.00334459,0.01041562,-0.00344499
2024-05-02,0.00632974,0.00918146,0.01216306,0.01537916
2024-05-03,0.00696727,0.01245435,0.00982354,0.02069254
2024-05-06,0.00786171,0.01027532,0.00817194,0.01221396
2024-05-07,0.00299899,0.00149693,-0.00017852,-0.00099834
2024-05-08,-0.00074257,-0.00010899,-0.00376645,-0.00167563
2024-05-09,0.00832358,0.00523059,0.00743201,0.00235271
2024-05-10,0.00185342,0.00162661,-0.00605024,0.00016062
2024-05-13,-0.00034611,-0.00023950,0.00297983,0.00244687
2024-05-14,0.00446069,0.00508114,0.00966984,0.00768178
2024-05-15,0.00797205,0.01168690,0.00847137,0.01462580
2024-05-16,-0.00160844,-0.00152631,-0.00028891,-0.00264189
2024-05-17,0.00126049,0.00128200,-0.00213014,-0.00072995
2024-05-20,-0.00091668,0.00101066,0.00100978,0.00670015
2024-05-21,-0.00106765,0.00269765,-0.00296074,0.00273893
2024-05-22,-0.00307787,-0.00270455,-0.00224046,-0.00181496
2024-05-23,-0.01434893,-0.00748201,-0.01712066,-0.00357023
2024-05-24,0.00670651,0.00700120,0.00784774,0.01120713
2024-05-28,-0.00762658,0.00017144,-0.00166659,0.00645655
2024-05-29,-0.01156903,-0.00720939,-0.01285076,-0.00547248
2024-05-30,0.00430616,-0.00589484,0.00673368,-0.01178870
2024-05-31,0.01346852,0.00800834,0.00507086,-0.00037504
2024-06-03,-0.00506875,0.00120395,-0.00154989,0.00605051
2024-06-04,-0.00285684,0.00173400,-0.00931655,0.00237877
2024-06-05,0.00607951,0.01178299,0.01246611,0.01990306
2024-06-06,-0.00177512,-0.00004374,-0.00386105,-0.00081967
2024-06-07,-0.00319692,-0.00097130,-0.00895436,-0.00182324
2024-06-10,0.00226006,0.00269111,0.00113959,0.00342362
2024-06-11,-0.00368397,0.00277211,-0.00089288,0.00942491
2024-06-12,0.00534083,0.00874036,0.01171692,0.01564326
2024-06-13,-0.00266833,0.00241044,-0.00808002,0.00381993
2024-06-14,-0.00625125,-0.00021016,-0.01364867,0.00205726
2024-06-17,0.00685430,0.00800792,0.00250040,0.01003499
2024-06-18,0.00241680,0.00245389,-0.00622816,0.00043312
2024-06-20,0.00095353,-0.00252202,-0.00235909,-0.00812544
2024-06-21,0.00167245,-0.00142897,0.00396932,-0.00190896
2024-06-24,0.00484375,-0.00286622,0.00247462,-0.01144881
2024-06-25,-0.00700717,0.00376717,-0.00528108,0.01349025
2024-06-26,-0.00371349,0.00179925,0.00165914,0.00546203
2024-06-27,0.00088045,0.00109442,0.00846739,0.00307239
2024-06-28,0.00097685,-0.00406371,0.01018083,-0.00740291
2024-07-01,-0.00777423,0.00300920,-0.00553142,0.00914341
2024-07-02,0.00424729,0.00643813,-0.00163317,0.00869428
2024-07-03,0.00094501,0.00509315,0.00063742,0.00879682
2024-07-05,-0.00069569,0.00575984,-0.00499141,0.00944967
2024-07-08,0.00178107,0.00102250,0.00935317,0.00286945
2024-07-09,-0.00168337,0.00079896,-0.00145007,0.00154312
2024-07-10,0.00909253,0.01020394,0.00636829,0.01200541
2024-07-11,0.01165449,-0.00886639,0.03123240,-0.02127043
2024-07-12,0.00808820,0.00548572,0.01176973,0.00578971
2024-07-15,0.00093024,0.00284092,0.01641831,0.00450224
2024-07-16,0.01744777,0.00626900,0.03208507,0.00119191
2024-07-17,-0.00381856,-0.01397036,-0.00852817,-0.02823598
2024-07-18,-0.00876867,-0.00804170,-0.02015756,-0.00671232
2024-07-19,-0.00707193,-0.00693311,-0.00539629,-0.00806644
2024-07-22,0.00842113,0.01060530,0.01617850,0.01600739
2024-07-23,-0.00358734,-0.00122153,0.01010417,-0.00015522
2024-07-24,-0.01191823,-0.02326776,-0.01725986,-0.03710159
2024-07-25,0.00127952,-0.00518449,0.01218181,-0.01009907
2024-07-26,0.01449277,0.01091320,0.01301272,0.01001568
2024-07-29,0.00161457,0.00095867,-0.01193730,0.00086429
2024-07-30,0.00471656,-0.00499751,0.00008359,-0.01400772
2024-07-31,0.00538073,0.01602842,0.00582368,0.02728038
2024-08-01,-0.01116566,-0.01339971,-0.02842254,-0.02320648
2024-08-02,-0.01788692,-0.01878847,-0.02994366,-0.02468939
2024-08-05,-0.02379982,-0.02991303,-0.03093150,-0.03498886
2024-08-06,0.01077303,0.01013950,0.00946622,0.01018971
2024-08-07,-0.00766524,-0.00772424,-0.01306064,-0.01059592
2024-08-08,0.01915118,0.02310734,0.02377836,0.02891398
2024-08-09,0.00191820,0.00504657,-0.00364671,0.00562230
2024-08-12,-0.00468852,0.00019990,-0.00753602,0.00253266
2024-08-13,0.01182433,0.01676181,0.01783222,0.02500821
2024-08-14,0.00229315,0.00381935,-0.00488907,0.00037497
2024-08-15,0.01374506,0.01675006,0.02322530,0.02404606
2024-08-16,0.00250517,0.00216083,0.00411604,0.00201730
2024-08-19,0.00782199,0.00966497,0.01386302,0.01411881
2024-08-20,-0.00424581,-0.00176262,-0.00823790,-0.00296148
2024-08-21,0.00738533,0.00425470,0.01197972,0.00556756
2024-08-22,-0.00330282,-0.00889665,-0.00955811,-0.01725459
2024-08-23,0.01260908,0.01135661,0.02880149,0.01491083
2024-08-26,-0.00063309,-0.00309650,0.00091429,-0.00789946
2024-08-27,0.00015075,0.00150680,-0.00560938,0.00170096
2024-08-28,-0.00309027,-0.00604555,-0.00645677,-0.01115080
2024-08-29,0.00371222,0.00017241,0.00688406,-0.00287120
2024-08-30,0.00804269,0.01032986,0.00539933,0.01145308
2024-09-03,-0.01416735,-0.02081957,-0.02697454,-0.03310790
2024-09-04,-0.00111777,-0.00158833,-0.00072917,-0.00291243
2024-09-05,-0.00611500,-0.00267943,-0.00363544,0.00317712
2024-09-06,-0.01164558,-0.01729737,-0.01647914,-0.02597192
2024-09-09,0.01012920,0.01167555,0.00567903,0.01209488
2024-09-10,0.00009848,0.00503985,0.00310496,0.00888040
2024-09-11,0.00167724,0.01073197,0.00443874,0.02241787
2024-09-12,0.00552689,0.00774379,0.00940079,0.01048294
2024-09-13,0.00989988,0.00561129,0.02484933,0.00638478
2024-09-16,0.00671173,0.00153348,-0.00060513,-0.00559735
2024-09-17,0.00196116,0.00001577,0.00656190,0.00212567
2024-09-18,-0.00193091,-0.00288555,-0.00111230,-0.00298389
2024-09-19,0.01144616,0.01698754,0.01887081,0.02592978
2024-09-20,-0.00377152,-0.00169904,-0.00904972,-0.00348131
2024-09-23,0.00493650,0.00298880,-0.00866023,0.00141170
2024-09-24,0.00188106,0.00250209,0.00248197,0.00499461
2024-09-25,-0.00650076,-0.00176682,-0.00954976,0.00076356
2024-09-26,0.00878693,0.00381662,0.00809408,0.00497841
2024-09-27,0.00385556,-0.00117932,0.00453786,-0.00451969
2024-09-30,0.00149731,0.00432665,0.00228471,0.00423684
2024-10-01,-0.00567159,-0.00900496,-0.01673330,-0.01618672
2024-10-02,-0.00107716,0.00010798,-0.00130540,0.00031314
2024-10-03,-0.00445365,-0.00182538,-0.00775126,0.00013068
2024-10-04,0.00737028,0.00926044,0.01560248,0.01250371
2024-10-07,-0.00810584,-0.00966782,-0.00710717,-0.01190959
2024-10-08,0.00261215,0.00967314,0.00153007,0.01571102
2024-10-09,0.00699996,0.00717106,0.00283050,0.00621252
2024-10-10,-0.00381224,-0.00202364,-0.00366705,-0.00049158
2024-10-11,0.00990633,0.00603749,0.02124143,0.00287392
2024-10-14,0.00685391,0.00757618,0.00551638,0.00919791
2024-10-15,-0.00419584,-0.00735265,0.00249727,-0.00956074
2024-10-16,0.00649278,0.00468661,0.01605928,0.00284067
2024-10-17,-0.00159426,-0.00014604,-0.00064800,0.00055585
2024-10-18,0.00303659,0.00399543,0.00140811,0.00615740
2024-10-21,-0.00844595,-0.00196571,-0.01308058,0.00334813
2024-10-22,-0.00447095,-0.00039682,-0.00112641,0.00186782
2024-10-23,-0.00341462,-0.00906243,-0.00851125,-0.01623961
2024-10-24,0.00021222,0.00265459,0.00585664,0.00821144
2024-10-25,-0.00456712,-0.00039390,-0.00366043,0.00586569
2024-10-28,0.00525736,0.00255495,0.01816524,0.00208652
2024-10-29,-0.00311800,0.00158369,0.00032142,0.00855768
2024-10-30,-0.00170156,-0.00331491,-0.00417553,-0.00532505
2024-10-31,-0.01068777,-0.01841623,-0.01553405,-0.02796215
2024-11-01,0.00082964,0.00436837,0.00600384,0.00849257
2024-11-04,0.00123835,-0.00269769,0.00205098,-0.00347973
2024-11-05,0.01146440,0.01230789,0.01995603,0.01475037
2024-11-06,0.02200828,0.02546761,0.04708541,0.03086981
2024-11-07,0.00118570,0.00762040,-0.00460067,0.01532373
2024-11-08,0.00475754,0.00429095,0.00794090,0.00171784
2024-11-11,0.00461986,0.00127376,0.01429557,0.00070015
2024-11-12,-0.00756274,-0.00289683,-0.01369105,-0.00033262
2024-11-13,0.00037222,0.00037794,-0.00966683,-0.00248883
2024-11-14,-0.00761466,-0.00634390,-0.01400324,-0.00630852
2024-11-15,-0.00782565,-0.01312342,-0.01772929,-0.02281476
2024-11-18,0.00432467,0.00409394,-0.00094127,0.00614725
2024-11-19,-0.00273106,0.00419892,0.00762198,0.01084853
2024-11-20,0.00300460,0.00016216,0.00113130,-0.00139191
2024-11-21,0.01291177,0.00536367,0.01485770,0.00017481
2024-11-22,0.00806907,0.00368283,0.01743698,0.00156734
2024-11-25,0.00951281,0.00290566,0.01365639,0.00204892
2024-11-26,-0.00053475,0.00609040,-0.00504758,0.00691468
2024-11-27,-0.00082450,-0.00386244,0.00377873,-0.00638212
2024-11-29,0.00288254,0.00583458,0.00540644,0.00854919
2024-12-02,-0.00182129,0.00256186,0.00576409,0.01013712
2024-12-03,-0.00446298,0.00060785,-0.00961105,0.00410908
2024-12-04,-0.00068387,0.00619420,0.00697941,0.01374477
2024-12-05,-0.00523164,-0.00161462,-0.01170309,-0.00152725
2024-12-06,-0.00087391,0.00300878,0.00829468,0.00835724
2024-12-09,-0.00287347,-0.00627568,-0.00270082,-0.00684232
2024-12-10,-0.00623018,-0.00283334,-0.00261985,-0.00186399
2024-12-11,0.00023939,0.00841269,0.00302334,0.01862667
2024-12-12,-0.00359560,-0.00550043,-0.01222801,-0.00675537
2024-12-13,-0.00369755,0.00017471,-0.00655113,0.00180353
2024-12-16,-0.00382299,0.00416049,0.00774584,0.01351008
2024-12-17,-0.00705920,-0.00383857,-0.00596281,-0.00349661
2024-12-18,-0.02904555,-0.02970668,-0.03947412,-0.03594819
2024-12-19,-0.00424647,-0.00087779,-0.00455091,-0.00093018
2024-12-20,0.01364342,0.01061495,0.01255936,0.01039000
2024-12-23,0.00209103,0.00716910,0.00051621,0.01014182
2024-12-24,0.00783878,0.01134329,0.00819091,0.01384718
2024-12-26,0.00113618,-0.00039560,0.01407871,-0.00076173
2024-12-27,-0.00707915,-0.01110866,-0.01295868,-0.01519258
2024-12-30,-0.00980458,-0.01078933,-0.00897950,-0.01198583
2024-12-31,0.00142609,-0.00423658,-0.00091248,-0.00959163
2025-01-02,-0.00271860,-0.00230866,0.00252888,-0.00163050
2025-01-03,0.00947209,0.01281983,0.01839425,0.01820873
2025-01-06,-0.00003980,0.00546481,0.00054798,0.01282430
2025-01-07,-0.00321872,-0.01113933,-0.01034752,-0.01984598
2025-01-08,0.00132755,0.00176624,-0.01108485,-0.00035777
2025-01-10,-0.01497920,-0.01509189,-0.02331017,-0.01615846
2025-01-13,0.00834636,0.00154705,-0.00109642,-0.00391555
2025-01-14,0.00784617,0.00089956,0.00587224,-0.00283009
2025-01-15,0.00982984,0.01846116,0.02199801,0.02536448
2025-01-16,0.00789541,-0.00202864,0.00126710,-0.00973406
2025-01-17,0.00489789,0.00996110,0.00505995,0.01548458
2025-01-21,0.01191049,0.00918016,0.01801388,0.00625116
2025-01-22,-0.00352076,0.00631645,-0.00244108,0.01351571
2025-01-23,0.00484709,0.00528841,0.00783431,0.00222152
2025-01-24,-0.00091325,-0.00262711,-0.00134595,-0.00535183
2025-01-27,0.00007182,-0.01463723,-0.00843555,-0.03170753
2025-01-28,-0.00485754,0.00908809,0.00336341,0.02116414
2025-01-29,-0.00333495,-0.00452369,-0.00051960,-0.00542184
2025-01-30,0.01026790,0.00569909,0.00982299,0.00174904
2025-01-31,-0.00757286,-0.00482767,-0.00666552,-0.00229183
2025-02-03,-0.00636325,-0.00739155,-0.01260808,-0.01220086
2025-02-04,0.00144909,0.00729674,0.01485227,0.01373960
2025-02-05,0.00457263,0.00370540,0.01184774,0.00167195
2025-02-06,-0.00122807,0.00370641,-0.00245991,0.00519213
2025-02-07,-0.00516407,-0.00954670,-0.01366771,-0.01394565
2025-02-10,0.00359181,0.00698006,0.00334647,0.01009124
2025-02-11,-0.00020419,0.00005257,-0.00566030,-0.00354259
2025-02-12,-0.00559602,-0.00273901,-0.00545459,-0.00004151
2025-02-13,0.00868262,0.01057385,0.01439367,0.01523043
2025-02-14,-0.00053798,0.00008144,0.00201314,0.00428908
2025-02-18,0.00801894,0.00259682,0.00370758,0.00015777
2025-02-19,0.00217754,0.00241268,-0.00296700,0.00096868
2025-02-20,-0.00260721,-0.00483277,-0.00960133,-0.00459445
2025-02-21,-0.01390219,-0.01728124,-0.02478392,-0.02269509
2025-02-24,0.00081873,-0.00515358,-0.01148225,-0.01197972
2025-02-25,0.00113054,-0.00445430,-0.00648528,-0.01412127
2025-02-26,-0.00220143,0.00005670,0.00306078,0.00253591
2025-02-27,-0.00928712,-0.01583945,-0.01621446,-0.02868877
2025-02-28,0.01111812,0.01600360,0.00902677,0.01730393
2025-03-03,-0.01153061,-0.01735929,-0.02658854,-0.02704416
2025-03-04,-0.01566898,-0.01250646,-0.00733493,-0.00360983
2025-03-05,0.01031086,0.01130089,0.01262311,0.01437867
2025-03-06,-0.01064933,-0.01811600,-0.01296886,-0.02662419
2025-03-07,0.00978348,0.00532984,0.00415547,0.00724257
2025-03-10,-0.01412400,-0.02725898,-0.02995392,-0.04053123
2025-03-11,-0.01361513,-0.00757909,0.00119807,-0.00177276
2025-03-12,-0.00445988,0.00495645,0.00638281,0.01292205
2025-03-13,-0.01028519,-0.01399885,-0.01613306,-0.02025111
2025-03-14,0.01975002,0.02126727,0.02261869,0.02662552
2025-03-17,0.01332447,0.00655613,0.01353057,0.00196736
2025-03-18,-0.00541894,-0.01081358,-0.00920845,-0.01788242
2025-03-19,0.00722602,0.01093809,0.01314502,0.01468202
2025-03-20,-0.00390333,-0.00213121,-0.00349358,-0.00303283
2025-03-21,-0.00456658,0.00097964,-0.00282677,0.00600929
2025-03-24,0.01513094,0.01799035,0.02181212,0.02357596
2025-03-25,-0.00266982,0.00147077,-0.00950767,0.00530173
2025-03-26,-0.00160000,-0.01127079,-0.01090531,-0.02119097
2025-03-27,-0.00253939,-0.00325528,0.00094425,-0.00564321
2025-03-28,-0.01471842,-0.01978211,-0.02274434,-0.02748730
2025-03-31,0.00796238,0.00565548,-0.01060631,-0.00115550
2025-04-01,0.00115782,0.00397033,-0.00154864,0.00889274
2025-04-02,0.00888162,0.00694053,0.01594200,0.00864863
2025-04-03,-0.04878235,-0.04835349,-0.06039114,-0.06048772
2025-04-04,-0.05638111,-0.05963128,-0.03917622,-0.05775834
2025-04-07,-0.00776402,-0.00219831,-0.00053208,0.00207920
2025-04-08,-0.01964522,-0.01592387,-0.02555166,-0.02118816
2025-04-09,0.08071842,0.09524938,0.08000432,0.12436030
2025-04-10,-0.03350051,-0.03422723,-0.03700298,-0.04339582
2025-04-11,0.01550456,0.01797062,0.01548816,0.02062995
2025-04-14,0.01236843,0.00808731,0.01634649,0.00490421
2025-04-15,-0.00330056,-0.00164405,0.00465129,-0.00036022
2025-04-16,-0.01383318,-0.02247525,-0.00950559,-0.03182760
2025-04-17,0.00758069,0.00184486,0.00591999,-0.00179631
2025-04-21,-0.02010398,-0.02356011,-0.01712487,-0.02606590
2025-04-22,0.02522468,0.02524365,0.02948654,0.02712168
2025-04-23,0.00983620,0.01669395,0.01894094,0.02584259
2025-04-24,0.01752954,0.02041251,0.01988852,0.02808542
2025-04-25,-0.00126498,0.00710246,-0.00137670,0.01352387
2025-04-28,0.00291934,0.00071285,0.00506838,-0.00132576
2025-04-29,0.00551078,0.00588068,0.00857512,0.00556091
2025-04-30,0.00171150,0.00158598,-0.00446156,-0.00109182
2025-05-01,-0.00181218,0.00601939,0.00599260,0.01637974
2025-05-02,0.01730783,0.01478768,0.02309950,0.01469212
2025-05-05,-0.00433749,-0.00603364,-0.00906134,-0.00758508
2025-05-06,-0.00692466,-0.00770193,-0.01567385,-0.00856275
2025-05-07,0.00629721,0.00426395,0.00346633,0.00263566
2025-05-08,0.00939136,0.00575966,0.02275896,0.01116885
2025-05-09,0.00010771,-0.00056290,-0.00120481,0.00029857
2025-05-12,0.02910842,0.03267052,0.03339637,0.04448553
2025-05-13,0.00225368,0.00731655,0.00567827,0.01702261
2025-05-14,-0.00617384,0.00124585,-0.00643812,0.00781392
2025-05-15,0.00861545,0.00417895,0.00731045,-0.00192882
2025-05-16,0.00982696,0.00726329,0.01011801,0.00494741
2025-05-19,-0.00031974,0.00092275,-0.00179412,0.00003302
2025-05-20,-0.00313020,-0.00392121,0.00233575,-0.00403959
2025-05-21,-0.02193418,-0.01617164,-0.02341929,-0.01403308
2025-05-22,-0.00308620,-0.00035144,0.00143288,0.00300242
2025-05-23,-0.00410915,-0.00653270,-0.00606385,-0.01059326
2025-05-27,0.01860921,0.02065434,0.02108156,0.02549505
2025-05-28,-0.00890430,-0.00547699,-0.00868588,-0.00495993
2025-05-29,0.00331400,0.00389003,0.00351775,0.00396903
2025-05-30,-0.00047582,0.00022415,-0.00570882,-0.00313433
2025-06-02,-0.00019399,0.00418188,0.00465659,0.00686041
2025-06-03,0.00830047,0.00574473,0.01582284,0.00785396
2025-06-04,-0.00215692,0.00001473,0.00075464,0.00280049
2025-06-05,-0.00235126,-0.00533006,-0.00349672,-0.00839878
2025-06-06,0.00894369,0.01048236,0.01778867,0.01198928
2025-06-09,0.00085117,0.00115823,0.00334255,0.00316352
2025-06-10,0.00628737,0.00569327,0.00601356,0.00659100
2025-06-11,-0.00336925,-0.00290350,-0.00590317,-0.00516306
2025-06-12,0.00222591,0.00409351,-0.00476376,0.00257367
2025-06-13,-0.01255362,-0.01062378,-0.02095240,-0.01253223
2025-06-16,0.00919743,0.00922203,0.01294478,0.01450441
2025-06-17,-0.01061575,-0.00842615,-0.01423917,-0.00940149
2025-06-18,-0.00022172,-0.00045861,0.00480359,0.00161245
2025-06-20,0.00168700,-0.00239099,-0.00245995,-0.00468774
2025-06-23,0.00834779,0.00976391,0.01147151,0.00989804
2025-06-24,0.00945449,0.01099170,0.01754950,0.01393672
2025-06-25,-0.00720026,-0.00018325,-0.00742895,0.00414305
2025-06-26,0.00772685,0.00788710,0.01436859,0.01037185
2025-06-27,0.00382047,0.00538308,0.00010201,0.00556945
2025-06-30,0.00468469,0.00526236,0.00323084,0.00459943
2025-07-01,0.01224755,-0.00088279,0.01358815,-0.00863971
2025-07-02,0.00235668,0.00491260,0.01466991,0.00989661
2025-07-03,0.00501673,0.00863650,0.01084757,0.01025961
2025-07-07,-0.00901832,-0.00799040,-0.01344438,-0.00908563
2025-07-08,0.00334545,-0.00081267,0.00818761,0.00031466
2025-07-09,0.00306209,0.00589793,0.00877280,0.00967077
2025-07-10,0.00594081,0.00282166,0.00479902,0.00113455
2025-07-11,-0.00779156,-0.00328914,-0.01174352,-0.00159184
2025-07-14,0.00042657,0.00150840,0.00504043,0.00225666
2025-07-15,-0.01384473,-0.00391617,-0.01938893,0.00227631
2025-07-16,0.00389920,0.00333238,0.01005131,0.00228306
2025-07-17,0.00748369,0.00529178,0.01398014,0.00731737
2025-07-18,-0.00013647,-0.00008162,-0.00892385,0.00051438
2025-07-21,-0.00316994,0.00152119,0.00125262,0.00386855
2025-07-22,0.01346493,0.00061182,0.00963988,-0.00456738
2025-07-23,0.00775399,0.00784743,0.01667645,0.00586948
2025-07-24,-0.00353432,0.00086259,-0.01458336,0.00222206
2025-07-25,0.00501622,0.00403352,0.00263443,0.00262508
2025-07-28,-0.00583913,0.00025094,0.00354804,0.00399240
2025-07-29,-0.00098430,-0.00279506,-0.01481070,-0.00378603
2025-07-30,-0.00711341,-0.00141337,-0.00692988,0.00221570
2025-07-31,-0.00932795,-0.00359703,-0.01103679,0.00036951
2025-08-01,-0.01019078,-0.01598480,-0.01563445,-0.02293882
2025-08-04,0.01175776,0.01483404,0.02032658,0.01942909
2025-08-05,-0.00288673,-0.00452833,0.00124112,-0.00678366
2025-08-06,-0.00238068,0.00755277,-0.00221752,0.01235073
2025-08-07,-0.00077277,-0.00127807,-0.00384828,0.00354754
2025-08-08,0.00314689,0.00830887,0.00336595,0.01042125
2025-08-11,-0.00337894,-0.00219137,0.00059899,-0.00273457
2025-08-12,0.01317899,0.01115744,0.02856858,0.01373958
2025-08-13,0.01398285,0.00285814,0.02181329,0.00088003
2025-08-14,-0.00580557,0.00058961,-0.00976395,0.00067167
2025-08-15,-0.00204958,-0.00252268,-0.00511264,-0.00435215
2025-08-18,-0.00021028,-0.00001907,0.00347832,0.00016800
2025-08-19,0.00575587,-0.00586568,-0.00936826,-0.01494007
2025-08-20,-0.00057123,-0.00235140,-0.00082138,-0.00715305
2025-08-21,-0.00373226,-0.00420123,0.00232624,-0.00364533
2025-08-22,0.01944963,0.01513848,0.03658602,0.01866474
2025-08-25,-0.00788228,-0.00417220,-0.01203035,-0.00198512
2025-08-26,0.00038927,0.00414875,0.00842570,0.00453833
2025-08-27,0.00377693,0.00235684,0.00403930,0.00230849
2025-08-28,-0.00115485,0.00310919,0.00114157,0.00519752
2025-08-29,-0.00039231,-0.00638705,-0.00355344,-0.01186826
2025-09-02,-0.00716817,-0.00657218,-0.00409068,-0.00812867
2025-09-03,-0.00208452,0.00515268,-0.00181018,0.01077076
2025-09-04,0.00713003,0.00858877,0.00785991,0.01006590
2025-09-05,0.00138103,-0.00270846,0.00596365,-0.00078669
2025-09-08,-0.00069322,0.00231062,0.00335641,0.00459443
2025-09-09,-0.00350231,0.00272644,-0.00122957,0.00353609
2025-09-10,-0.00182521,0.00456696,-0.00576859,0.00023545
2025-09-11,0.01542327,0.00818171,0.01881416,0.00646299
2025-09-12,-0.00773351,-0.00058263,-0.00815896,0.00501677
2025-09-15,-0.00241660,0.00520353,0.00235077,0.00969562
2025-09-16,-0.00208853,-0.00098617,-0.00034594,-0.00064246
2025-09-17,0.00123672,-0.00090689,0.00161518,-0.00392660
2025-09-18,0.00603588,0.00438483,0.02406818,0.00947221
2025-09-19,-0.00247821,0.00497662,-0.00891217,0.00752246
2025-09-22,0.00079987,0.00477512,0.00730262,0.00694722
2025-09-23,0.00057501,-0.00591439,-0.00523753,-0.00954867
2025-09-24,-0.00197702,-0.00280109,-0.00275543,-0.00324644
2025-09-25,-0.00889107,-0.00537633,-0.01040573,-0.00454947
2025-09-26,0.01032793,0.00572582,0.01062222,0.00492391
2025-09-29,0.00241393,0.00206483,0.00215608,0.00427855
2025-09-30,0.00311793,0.00396508,0.00026406,0.00308599
2025-10-01,0.00150636,0.00380757,0.00229181,0.00418981
2025-10-02,0.00225898,0.00020762,0.00422957,0.00365971
2025-10-03,0.00376808,0.00005714,0.00733784,-0.00350289
2025-10-06,-0.00075369,0.00439274,0.01330217,0.00723294
2025-10-07,-0.00487917,-0.00422707,-0.00646781,-0.00645734
2025-10-08,0.00261889,0.00563121,0.01138229,0.01125504
2025-10-09,-0.00809892,-0.00244876,-0.00166031,-0.00036636
2025-10-10,-0.02197109,-0.02641285,-0.03281278,-0.03574044
2025-10-13,0.00977445,0.01558770,0.01804507,0.02215260
2025-10-14,0.00927177,-0.00116872,0.01786314,-0.00823038
2025-10-15,0.00140136,0.00432258,0.00463972,0.00659507
2025-10-16,-0.00857990,-0.00608092,-0.01991932,-0.00437506
2025-10-17,0.00481925,0.00497405,-0.00758110,0.00569471
2025-10-20,0.00983836,0.01034414,0.02131636,0.01377276
2025-10-21,0.00514956,0.00013046,-0.00090725,-0.00123421
2025-10-22,-0.00488388,-0.00510783,-0.01232942,-0.00920919
2025-10-23,0.00440474,0.00572957,0.00779386,0.00856518
2025-10-24,0.00185511,0.00740086,0.01182186,0.01130050
2025-10-27,0.00451752,0.01206418,0.00220396,0.01941185
2025-10-28,-0.00908385,0.00229444,-0.00497861,0.00904239
2025-10-29,-0.01236835,-0.00024954,-0.01374463,0.00611860
2025-10-30,-0.00423968,-0.00992029,-0.00653859,-0.01644968
2025-10-31,0.00159013,0.00286688,0.00736910,0.00657180
2025-11-03,-0.00348096,0.00206081,-0.00526379,0.00538225
2025-11-04,-0.00490816,-0.01153944,-0.01760771,-0.02007616
2025-11-05,0.00512879,0.00361441,0.01430127,0.00608424
2025-11-06,-0.00753016,-0.01096754,-0.01928513,-0.01923609
2025-11-07,0.01002432,0.00110945,0.00493971,-0.00239255
2025-11-10,0.00446301,0.01531091,0.01345007,0.02342134
2025-11-11,0.00652186,0.00257551,0.00634637,-0.00257861
2025-11-12,0.00253380,0.00042357,0.00097832,-0.00264488
2025-11-13,-0.01014728,-0.01650660,-0.01968186,-0.02259526
2025-11-14,-0.00332562,-0.00025204,-0.00003996,0.00191569
2025-11-17,-0.01332699,-0.00863725,-0.01771275,-0.00819946
2025-11-18,0.00033035,-0.00820192,0.00371675,-0.01266859
2025-11-19,-0.00334254,0.00393049,-0.00392370,0.00646774
2025-11-20,-0.01010022,-0.01474851,-0.01319413,-0.02104155
2025-11-21,0.02060421,0.00959274,0.02873455,0.00864766
2025-11-24,0.00307913,0.01534218,0.01379055,0.02757509
2025-11-25,0.01486439,0.00933457,0.02127114,0.00663273
2025-11-26,0.00589337,0.00670660,0.00746066,0.00813466
2025-11-28,0.00487551,0.00522985,0.00460557,0.00644499
2025-12-01,-0.00628543,-0.00516668,-0.01036141,-0.00326283
2025-12-02,-0.00062473,0.00232076,-0.00296024,0.00596114
2025-12-03,0.00789745,0.00322821,0.02496994,0.00121006
2025-12-04,0.00023072,0.00100957,0.00971184,0.00192946
2025-12-05,0.00238283,0.00223700,-0.00287100,0.00349249
2025-12-08,-0.00661404,-0.00382693,0.00247060,-0.00137796
2025-12-09,-0.00178264,-0.00076373,0.00554196,0.00167686
2025-12-10,0.01415218,0.00690093,0.01630963,0.00297526
2025-12-11,0.00895387,0.00172968,0.00684348,-0.00306546
2025-12-12,-0.00519051,-0.01014929,-0.00965674,-0.01701051
2025-12-15,0.00102565,-0.00122126,-0.00812996,-0.00546144
2025-12-16,-0.00722345,-0.00231614,-0.00102913,0.00251547
2025-12-17,-0.00197380,-0.01167871,-0.01041507,-0.01836700
2025-12-18,0.00136657,0.00778929,0.00813643,0.01423415
2025-12-19,0.00234536,0.00868537,0.00491372,0.01280232
2025-12-22,0.00759486,0.00642596,0.00886532,0.00509310
2025-12-23,-0.00273110,0.00440753,-0.00689104,0.00621854
2025-12-24,0.00390695,0.00330501,0.00518317,0.00213810
2025-12-26,0.00033324,-0.00016127,-0.00317798,-0.00069332
2025-12-29,-0.00174541,-0.00339865,-0.00634699,-0.00487179
2025-12-30,-0.00145103,-0.00126028,-0.00677602,-0.00231236
2025-12-31,-0.00834715,-0.00715314,-0.00431331,-0.00749710
