date,RQ1_SQ1,RQ1_SQ2,RQ1_SQ3,RQ1_SQ4,RQ1_SQ5,RQ2_SQ1,RQ2_SQ2,RQ2_SQ3,RQ2_SQ4,RQ2_SQ5,RQ3_SQ1,RQ3_SQ2,RQ3_SQ3,RQ3_SQ4,RQ3_SQ5,RQ4_SQ1,RQ4_SQ2,RQ4_SQ3,RQ4_SQ4,RQ4_SQ5,RQ5_SQ1,RQ5_SQ2,RQ5_SQ3,RQ5_SQ4,RQ5_SQ5
1963-07-31,-0.03696070,-0.00829117,-0.01048973,-0.00728247,-0.01621638,-0.00961002,-0.00956147,-0.00832933,-0.01554234,-0.00847417,-0.00161372,-0.01045883,0.01708509,-0.01013822,0.02000300,0.00493046,0.00434595,0.00183439,0.01496905,0.03472023,0.01076700,0.01983157,0.00378129,0.00631535,0.01795542
1963-08-31,0.04501314,0.02199220,0.06745946,0.07550452,0.05290049,0.04503554,0.04421125,0.05137848,0.06815188,0.06459016,0.05158579,0.05629188,0.04014314,0.07228716,0.11023845,0.03893028,0.04347315,0.05839806,0.06936886,0.10299185,0.05500672,0.03242750,0.06881844,0.05638276,0.14363842
1963-09-30,0.00306573,0.00423401,-0.02349689,-0.02780601,-0.01124511,-0.03816494,-0.01168657,-0.01729962,-0.00095218,-0.02667707,0.01770383,-0.01362086,0.01044875,-0.02044366,-0.02463010,-0.02161291,0.00095743,-0.01536570,-0.02853564,-0.03137586,0.00436480,-0.03782602,-0.02068391,-0.02493924,0.02184939
1963-10-31,0.03198173,-0.01057887,0.02869988,0.00997202,-0.00200574,0.00068462,0.01017621,0.02725988,0.02775644,0.04171864,0.02292270,0.01050325,0.05248443,0.00559764,-0.00366038,-0.00069523,0.02107776,0.02378714,0.03462076,0.01026813,0.00529795,0.05202838,0.03556785,0.02073589,0.14509358
1963-11-30,-0.00434334,-0.01928018,0.00032749,0.00788072,-0.01450418,0.01607527,0.00093223,-0.01729316,-0.00874886,-0.01673586,0.01324756,-0.00586849,-0.00405308,0.00504698,0.01156187,0.02549969,-0.00598374,-0.00645261,0.00236774,-0.00529120,0.00208643,-0.01093198,-0.04686969,0.01699028,-0.00801661
1963-12-31,0.00105770,0.02837730,0.02789964,0.01899659,0.01770464,-0.01985728,0.02322861,0.02766513,-0.01392559,-0.00491686,0.01087309,0.02660595,0.01462946,0.02377748,0.02170064,0.00797908,0.04101277,0.00998516,0.02450196,0.01641163,0.01354537,0.04738974,0.00627958,0.03350748,0.05021862
1964-01-31,-0.02023074,0.01361091,0.00926181,0.02953619,-0.00145851,-0.00784685,0.00978463,0.03031013,0.01043689,-0.00902197,0.04444006,0.02060469,0.02157731,0.03297191,0.01908803,0.00558120,0.04500831,0.04704999,0.03541850,0.00319762,0.01865257,0.05029073,0.02214408,0.03331319,-0.00671194
1964-02-29,-0.00340691,0.00007863,0.01190790,0.02057435,0.04861702,0.04401129,0.00545707,0.03047284,0.03612518,0.01865230,0.00710439,0.02709972,0.00886981,0.02953032,0.05403618,0.02366807,0.01170541,0.01721117,0.00737880,0.03926995,0.01816928,0.01171903,0.01691282,0.02228078,0.03247289
1964-03-31,0.03997879,0.03394265,0.01014219,0.01537077,-0.00146958,0.02305498,0.01786006,0.01636882,0.00074146,0.02297908,0.03236115,0.00300471,0.02692717,0.03645267,0.02612940,-0.00097308,0.03157827,0.01826093,0.05027707,0.02954085,0.00535441,-0.00144461,0.04534644,0.00487326,0.03085241
1964-04-30,-0.00811414,-0.00324320,0.01209660,0.01488265,-0.02356679,-0.00657685,0.00770002,0.00422289,0.01310437,-0.05282810,-0.01670216,0.05064043,0.00463914,-0.01288280,-0.03833472,-0.02292006,-0.00121809,0.00446338,-0.02476197,-0.02362258,-0.02279878,0.01842823,0.00035359,-0.02141316,-0.00569992
1964-05-31,0.00896616,-0.01372727,0.00782051,0.02453862,0.00217063,0.00036078,0.00451452,0.01895282,0.01402871,-0.01137066,0.00037329,0.02301349,0.00891211,0.01448664,0.00289712,0.01438550,0.01059992,0.03176047,0.03572908,0.01759797,-0.01228607,0.02120150,0.01981757,0.03938981,0.07612685
1964-06-30,0.02027209,0.02476495,0.00824470,0.01967458,-0.01392427,0.01931381,0.03250257,0.01516672,-0.00248371,0.00810620,0.00803697,0.02224421,0.00492411,0.02221973,0.00863753,0.01191094,0.01430980,0.00371634,0.01363494,-0.01964346,0.01714112,0.02879529,-0.00043932,0.01592072,0.01871022
1964-07-31,0.00121205,0.03239659,0.04259841,0.02572550,0.01183591,-0.00457874,0.03495829,0.03301871,0.02420014,0.00346677,0.01395479,0.04235421,0.02503090,0.03690813,0.01727782,0.03837286,0.02017192,0.01561031,0.02211963,0.03082124,0.05325766,0.01773926,-0.00099558,0.01728422,-0.02106376
1964-08-31,0.00203563,-0.01234892,-0.00968436,-0.01294933,-0.02803810,0.00973729,0.00272150,-0.00259458,-0.00919844,-0.04103083,-0.00482661,-0.01075104,-0.01020589,-0.00395828,-0.02493200,-0.00698421,-0.01413556,-0.02793674,-0.00397932,0.04033138,-0.01920096,0.00055553,-0.02915005,0.00120316,-0.03376708
1964-09-30,0.03055853,0.01514276,0.04128455,0.06238188,0.04953581,0.04185993,0.02482137,0.03331971,0.01459640,0.05148338,0.05143036,0.03113118,0.02102137,0.02290616,0.04473444,0.02117173,0.00791581,0.05225768,0.01101941,0.03646269,0.02573328,0.03378904,0.03102997,0.03742202,0.11451500
1964-10-31,-0.00028324,0.00789980,0.02104779,-0.01338164,0.01348839,0.02823024,0.02415590,-0.01325118,-0.00878646,0.00742363,0.00910946,0.00210615,-0.01561858,0.02800780,0.01035871,0.00850910,0.01146436,0.02886246,0.00478409,0.03641690,0.01287910,0.01597707,0.00140266,0.01427092,-0.03256676
1964-11-30,0.00261474,0.00140135,0.00510199,0.03295472,-0.00101546,-0.02920291,-0.01897590,-0.01010024,0.01002227,0.01020273,-0.00251816,-0.00110946,-0.01435435,0.00474260,-0.01349232,0.01992763,0.01761630,0.00188549,0.01993787,-0.03292651,-0.00239713,0.00348033,0.00178875,0.02751299,-0.00887991
1964-12-31,0.01453061,0.00685179,0.02364491,0.00035920,-0.02637461,0.02411707,0.02996236,-0.01321261,-0.01568265,-0.01912064,-0.01130478,-0.01617120,0.00376494,0.00223591,0.01250750,0.01618971,-0.00509672,0.00264810,-0.00825679,0.01652920,0.01407228,0.00891868,-0.00648957,-0.00814165,-0.01580271
1965-01-31,0.09358397,0.00537039,0.06095038,0.05127698,0.03968066,0.08866576,0.02107043,0.05655079,0.05204169,0.05465734,0.05620657,0.04091514,0.03894399,0.06021934,0.06048235,0.02405971,0.06037094,0.04008571,0.07124767,0.08274625,0.02668369,0.01982424,0.04348888,0.02649456,0.05267861
1965-02-28,0.01508800,0.00669533,0.01515455,0.02350987,0.02981016,0.03472677,0.03616027,0.00922558,0.00627227,0.09974817,0.00301703,0.01318603,0.00028254,0.03122329,0.04212775,-0.01557195,-0.01298629,0.01574247,0.03063510,0.02757359,0.00707771,-0.00902344,0.00762031,0.02814119,0.02821630
1965-03-31,-0.00592329,-0.01176694,-0.02115011,0.01588460,-0.00371281,-0.00050752,-0.01367374,-0.01591485,-0.01767583,-0.01745441,-0.01873976,-0.02193326,0.00792367,0.00975417,-0.00173224,-0.01435922,-0.03160654,0.00904509,-0.02096272,0.00605441,0.00127378,-0.00575748,-0.00109797,-0.02812558,0.02919680
1965-04-30,0.04765367,0.02521020,0.00560446,0.03436770,0.03580844,0.02143996,0.02001802,0.02247719,0.04143765,0.06615084,0.03249966,0.01464792,0.02045705,0.02786398,0.06034751,0.00390716,0.04686201,0.04451848,0.04576773,0.07469051,0.03696155,0.02170546,0.04691279,0.07434694,0.04202796
1965-05-31,-0.01330178,0.01533204,0.00195920,-0.02457391,-0.00736939,-0.02249222,-0.00609855,0.00264067,0.00155547,-0.03894396,0.00325546,0.00455982,-0.00589467,0.00356207,0.01552245,0.01059606,-0.02700762,0.01630385,0.00049069,0.03531292,-0.01538564,0.00632022,-0.00515284,-0.00934908,-0.02819491
1965-06-30,-0.02683640,-0.03685086,-0.04292077,-0.05057670,-0.06732888,-0.05034153,-0.04472060,-0.05122304,-0.07666805,-0.07626954,-0.02711263,-0.04056786,-0.07638669,-0.07797443,-0.10962252,-0.04031190,-0.05312158,-0.07952794,-0.07851643,-0.10741229,-0.04810142,-0.06286651,-0.05752068,-0.09034999,-0.11838877
1965-07-31,-0.00752813,-0.00501607,0.01568386,0.00511541,0.03296745,-0.00792907,0.01548423,0.02349221,0.00964094,0.07085934,0.01626177,0.01351616,0.01569457,0.06444118,0.07909504,0.00037174,-0.00084904,0.03822409,0.04549418,0.05049769,0.03011907,0.03684226,0.06917632,0.05729575,0.09954179
1965-08-31,0.04949497,0.00422641,0.01638928,0.02727418,0.06065949,0.03331698,0.00905443,0.01689573,0.03116834,0.07803681,0.00632579,0.02406086,0.04756623,0.03944627,0.06289745,0.03486294,0.02361856,0.06165514,0.04644257,0.10082414,0.03353319,0.07097729,0.04666873,0.08208147,0.14406000
1965-09-30,0.03668562,0.02268186,0.01145971,0.03055821,0.05627255,0.01793746,0.03303900,0.03436987,0.02398276,0.02129063,0.01365260,0.02903349,0.02054454,0.05203306,0.03816575,0.04518346,0.03122463,0.02726141,0.03275311,0.01978440,0.04101609,0.05055299,0.06287508,0.06100537,0.09852120
1965-10-31,0.01829145,0.03899025,0.03540176,0.03671491,0.01722323,0.03128932,-0.00816362,0.03608380,0.03631584,0.05723283,0.02987316,0.00683916,0.03982682,0.07491776,0.07201791,0.02477263,0.03439447,0.02177483,0.08199683,0.05663020,0.02073910,0.06193081,0.06644777,0.06324619,0.13539223
1965-11-30,-0.00047752,-0.01003490,-0.00246543,-0.00834667,-0.01444585,0.00225427,-0.01868161,-0.00950540,0.00799161,0.05804323,0.00037047,-0.03146747,0.00991529,0.03699419,0.11050956,-0.01172564,0.02600028,-0.00402652,0.05035275,0.10589528,-0.00468880,0.02479245,0.02610443,0.10462395,0.14104867
1965-12-31,0.05325071,0.03002788,0.00234348,0.00924921,0.02827452,0.02614189,0.00323765,0.00216073,0.02048949,0.03267799,0.03184506,0.00748038,0.03021497,0.07466870,0.05328125,0.01038558,-0.00254404,0.03536843,0.00754707,0.03338582,-0.02117425,0.01013117,0.04971013,0.02851608,0.02918267
1966-01-31,0.00231068,0.00934387,-0.02494529,0.01895282,0.04247792,0.02067510,-0.01436211,0.01109195,-0.01319234,0.01333857,-0.00088033,-0.00697200,0.03698357,0.07471014,0.04586760,0.01663666,0.00439568,0.07587569,0.05446757,0.08139342,0.01085134,0.02544006,0.04230134,0.08410941,0.11729539
1966-02-28,-0.01271651,-0.02332829,-0.03477767,-0.01030678,-0.00134398,-0.02194609,-0.01579519,-0.01595629,0.00194493,0.04926013,-0.02610361,-0.03575809,0.00106463,0.01479156,0.10403576,-0.00405288,-0.03564249,0.00662270,0.02097466,0.10420995,-0.03438948,0.00200054,0.00144269,0.06307713,0.10030410
1966-03-31,-0.01387382,-0.02176920,-0.03104303,-0.03321687,-0.05488079,-0.01993752,-0.01697776,-0.03551989,-0.02377766,-0.00349962,-0.03507864,-0.00851477,0.00236199,-0.02521085,-0.07027488,-0.02559468,-0.02549339,0.00060930,0.00052291,-0.04447832,-0.02034457,-0.00141804,0.02558214,0.00195555,0.01976479
1966-04-30,0.02130113,0.00119598,0.00957340,-0.01573835,0.01153533,0.01183921,0.01852345,0.01376570,0.01169734,0.01704027,0.03029312,0.04620807,0.03177335,0.06917820,0.06875918,0.01598828,0.03572054,0.04763360,0.07524368,0.04169624,0.01488488,0.04022947,0.07119799,0.06864867,0.05757534
1966-05-31,-0.01616339,-0.04117002,-0.05209770,-0.03257690,-0.03329452,-0.03258851,-0.03668480,-0.02809756,-0.08199204,-0.07261364,-0.02791750,-0.06225645,-0.03643984,-0.08678020,-0.13110812,-0.02649566,-0.07297184,-0.06254923,-0.08186510,-0.16393640,-0.04509233,-0.05771127,-0.08572504,-0.10797513,-0.14621981
1966-06-30,-0.01211905,-0.02272253,-0.02804824,-0.03301212,-0.01792509,-0.01720216,-0.02446489,-0.01227089,-0.01390936,0.01257671,-0.02665868,-0.00034724,-0.01867409,-0.00770741,0.00742227,-0.02565740,-0.00065957,0.03107509,0.02050958,0.00625181,0.00397123,-0.00134262,0.04369240,0.03903647,0.04222525
1966-07-31,-0.01008693,-0.00878560,-0.01303291,-0.00292925,-0.05984653,-0.00160884,0.00511518,-0.01407020,-0.04913561,-0.02120130,-0.00816157,-0.01567904,-0.01326035,-0.03474745,-0.05350064,0.01285725,0.00237125,-0.03651491,-0.04112684,-0.06615526,-0.01325641,-0.00456748,-0.02637196,0.02504559,-0.01984076
1966-08-31,-0.06830016,-0.06415664,-0.07386364,-0.10515142,-0.09192774,-0.04717624,-0.08654044,-0.09119809,-0.09721474,-0.10420735,-0.06730403,-0.05637527,-0.08829185,-0.08944330,-0.07487066,-0.07433924,-0.06383592,-0.07811845,-0.11945719,-0.09585078,-0.05256667,-0.08250109,-0.08745216,-0.08863626,-0.14933515
1966-09-30,0.03247646,0.02791232,-0.02185033,-0.01097320,0.00597535,-0.02803050,-0.00027444,-0.00410776,-0.03138284,-0.03853506,-0.04841151,-0.01059850,-0.00507544,-0.03239915,-0.03440144,-0.03457134,0.03646599,0.00610689,-0.06687826,-0.08515748,-0.00742819,0.00935275,-0.02260537,-0.04316019,-0.01109116
1966-10-31,0.02784975,0.05553545,0.02843311,0.05840448,-0.00292436,0.04422253,0.06349170,0.06003249,0.03034633,-0.04653195,0.07157379,0.05540356,0.05885149,0.00445200,-0.06746137,0.03729341,0.09452425,0.05890650,-0.00359757,-0.06107007,-0.00936115,0.05822425,0.08810004,0.03613332,-0.09280005
1966-11-30,0.04675324,0.08152857,0.02381825,0.05702860,0.14440053,0.05040234,0.08216596,0.02126745,0.01732653,0.13187038,0.04605465,0.03406363,0.00262900,0.00397865,0.10343098,0.05427700,0.03079887,0.01093935,-0.00419475,0.16446719,-0.01853792,-0.04365576,-0.03009814,-0.02423548,-0.01780873
1966-12-31,0.01894984,0.02608110,0.01115932,-0.00844837,0.03173094,0.02776969,0.00169003,0.01784229,-0.00705755,-0.00013710,0.01982452,0.02510024,0.01411520,0.01239614,-0.00127693,0.02769969,0.01069087,-0.03791672,-0.00357144,0.00993560,0.02830188,0.00161150,0.00347161,0.03085176,-0.02411992
1967-01-31,0.11503762,0.07764216,0.05502830,0.04832177,0.10347027,0.16337002,0.12502153,0.05635639,0.04973228,0.05541988,0.16859663,0.06870660,0.06927211,0.07332075,0.07642541,0.20627859,0.14563850,0.13520476,0.04219917,0.08942788,0.19828990,0.12980177,0.13080586,0.16554850,0.11032931
1967-02-28,-0.01297872,0.01505557,0.00406043,-0.00301653,0.02156356,0.06247835,-0.01591432,0.01674396,0.03000438,0.05861104,0.05116349,0.02452748,-0.00427387,0.00082037,0.01719691,0.01841556,-0.00264268,-0.02366909,-0.01434539,0.02597603,-0.00464347,0.02016930,-0.01311069,-0.01248751,0.01759118
1967-03-31,0.06747575,0.06643049,0.04153306,0.04165027,0.06000057,0.09958973,0.05740144,0.04049307,0.00427770,0.06138962,0.03644587,0.04148933,0.02451223,0.05294837,0.04680532,0.03959673,0.04494730,0.06348793,0.04441179,0.03902686,0.03200244,0.01620488,0.03863660,0.04226679,0.08636079
1967-04-30,0.00177700,0.05934632,0.03957820,0.04987995,0.03142300,0.00693373,0.03723739,0.01029725,0.06156303,0.07843811,0.07118022,0.01662875,0.00057054,0.03983552,0.04629937,0.03843060,0.05201859,0.01399690,0.05843044,0.05811865,0.08477466,0.05837355,0.07029654,0.07414214,0.09108111
1967-05-31,-0.01001086,-0.03700052,-0.02238760,-0.04738318,-0.04307408,-0.03059421,-0.03135845,-0.03890090,-0.03182382,-0.03659334,-0.03762437,-0.02878493,-0.03974807,-0.02468483,-0.03968768,-0.04164697,-0.04045181,-0.02527055,-0.04840843,-0.01902530,-0.03971151,-0.04783549,-0.05354373,-0.02147290,-0.02398699
1967-06-30,0.05578085,0.00208617,0.02456657,-0.01185665,0.02917163,0.00518088,0.01073042,0.03859239,0.01103255,0.05934585,-0.01045172,0.00726584,0.03436286,0.04408256,0.12490395,0.00969233,0.00156056,0.07493848,0.05614373,0.12324629,0.04117333,0.03931144,0.06301395,0.10620629,0.12939919
1967-07-31,0.10183455,0.05736536,0.05352950,0.04782002,0.07619969,0.05251609,0.07379503,0.06110096,0.08919064,0.08379207,-0.01451404,0.03927984,0.05456402,0.04758897,0.05419624,0.05059683,0.06955141,0.05516720,0.05131042,0.10843316,0.06349844,0.02700418,0.06050027,0.04488026,0.12512428
1967-08-31,-0.01358969,0.00513978,-0.01966771,0.00672768,-0.02322615,0.00644785,-0.00524756,0.00230147,-0.00418343,-0.02271744,-0.00337407,0.00507968,0.01138879,-0.04406955,-0.02155025,0.00299640,-0.00506479,0.01288718,0.00518224,-0.00482843,-0.00431057,-0.01327116,-0.02158350,-0.00786656,-0.00205187
1967-09-30,0.04741498,0.02865594,0.03476700,0.04513844,0.00945361,-0.00567104,0.03941510,0.04661100,0.04001639,0.02590787,0.00847487,0.04209506,0.01702837,0.02881536,0.02877421,0.02107663,0.01797117,0.04463047,0.05175181,0.09074219,0.05160495,0.06431887,0.03634316,0.01713213,0.06342477
1967-10-31,-0.05911754,-0.02627415,-0.04810298,-0.04174995,-0.06800704,-0.05427735,-0.03480078,-0.05068476,0.01983502,-0.06763254,-0.03409147,-0.04042410,-0.05503703,-0.07124278,-0.05410034,-0.04219470,-0.02497419,-0.05247721,0.00288015,0.02567027,0.03485979,0.00115490,-0.01376951,0.01119234,0.03304912
1967-11-30,0.01240536,0.01550190,0.00960094,-0.01052926,0.01613573,-0.00419886,-0.01053138,0.01790662,0.01179188,0.02657119,0.01396760,-0.00333465,0.00340321,0.01981966,0.01853462,-0.01147878,0.03276916,0.00618663,-0.00586559,0.01222096,0.02652563,0.03735819,0.00471518,0.01255827,0.04038641
1967-12-31,0.01571873,0.03666853,0.02351949,0.04744309,0.03154958,0.03198019,0.03346042,0.02820574,0.04043694,0.07517003,0.03191764,0.00612615,0.03414851,0.07193048,0.08294400,0.02030074,0.01696826,0.04049064,0.09739713,0.11717936,0.03091487,0.02824035,0.06344435,0.06063248,0.07421915
1968-01-31,-0.04244783,0.00826263,-0.05085958,-0.02646774,-0.00237846,-0.01074203,-0.01351877,-0.01413625,-0.10371490,-0.03299458,-0.01198614,-0.05157143,-0.05769222,0.00982021,-0.06313053,-0.03319420,-0.05843250,-0.05291306,-0.05236711,-0.06183441,-0.05458368,-0.06254468,-0.07010290,-0.10774307,-0.08413072
1968-02-29,-0.04391977,-0.01078411,-0.01573608,-0.02806615,-0.05058893,-0.03169916,-0.01138451,-0.01802063,-0.03032981,-0.08041397,-0.02748011,-0.02153880,-0.05785240,-0.01731808,-0.10482268,-0.01859773,-0.05041387,-0.05243614,-0.09413643,-0.09751253,-0.02860659,-0.04580954,-0.06573009,-0.06724153,-0.12020988
1968-03-31,-0.01770255,0.00993408,-0.00117309,0.00506730,0.00815180,-0.02540867,-0.00229826,0.00635465,0.03689083,-0.00425809,-0.01290147,0.00585844,-0.00305801,0.01278700,0.00723521,0.00072262,0.02031693,0.04220236,-0.02216722,0.06740774,0.03615686,0.03202727,0.02036993,0.05989269,0.03349629
1968-04-30,0.08781139,0.05728798,0.08403775,0.09209767,0.12991328,0.08754387,0.10013430,0.09910570,0.09948648,0.15021692,0.10427720,0.04522107,0.11778671,0.12595560,0.16779609,0.07191450,0.10603320,0.14951328,0.11556708,0.23404773,0.09022209,0.14420655,0.18825408,0.19817126,0.32096897
1968-05-31,0.03797902,0.01323528,0.00653889,0.00254106,0.06323923,0.02820614,-0.00223516,0.04246070,0.08109613,0.06339298,0.04524780,0.02077564,0.06386912,0.01427576,0.03734142,0.00633641,0.02813376,0.05403401,0.08783382,0.11116454,0.02762532,0.02644640,0.05665874,0.12086854,0.13987412
1968-06-30,-0.01280347,0.04403487,0.02169161,0.01833077,0.03145360,0.01711117,0.03464925,0.03786858,-0.00954073,-0.00725638,0.01977168,-0.00463513,-0.02574432,-0.00870475,-0.00427229,0.00717366,0.02303034,0.00245639,-0.02091016,-0.00962524,-0.00041592,0.00462171,0.05068951,0.00560021,-0.03214789
1968-07-31,-0.04598924,-0.00668947,-0.01726378,-0.01368376,-0.04540637,-0.06085000,0.00017336,-0.01885497,-0.05775120,-0.02332116,-0.03536540,-0.00237089,-0.00819641,-0.03114145,-0.01503681,-0.02266135,-0.04218278,-0.05316905,-0.08506363,-0.06707185,-0.00004918,-0.03699893,-0.04254209,-0.06294375,-0.02585700
1968-08-31,0.01132384,0.00821846,0.01851327,0.00707466,0.03832753,0.00793295,0.00468428,0.01895526,0.02877490,0.00428124,0.01354104,0.00404016,0.04831199,0.01748826,0.01115798,0.04650681,0.02127838,0.04184919,0.04068112,0.01661402,-0.00043617,0.04221205,0.05206824,0.03752119,0.08235749
1968-09-30,0.06941258,0.06205433,0.03463785,0.04133770,0.00638742,0.05715646,0.03428453,0.05005379,0.06781715,0.06111492,0.06430538,0.03847952,0.03262938,0.08302311,0.08890081,0.02028561,0.05771401,0.08807275,0.04532842,0.11719859,0.02254984,0.05381530,0.08520038,0.06520169,0.12607045
1968-10-31,0.02099914,0.00975746,0.02640026,0.01361695,0.02009435,0.00557364,0.02760891,0.00744822,0.00344562,-0.01043528,0.00923260,0.02180749,0.02022016,-0.00329074,-0.01358051,-0.01227346,0.01586376,-0.01332242,-0.01622310,-0.00325119,0.00878183,0.03765755,0.00890589,0.00402206,-0.03538065
1968-11-30,0.07873997,0.06657819,0.07480706,0.06793464,0.07223299,0.05939292,0.03332549,0.04636535,0.06066832,0.07169492,0.05953510,0.07201456,0.06354710,0.08000002,0.06201310,0.04905371,0.06291004,0.08485144,0.06985300,0.14177957,0.04672655,0.06769558,0.08176323,0.10666476,0.12338764
1968-12-31,-0.05492901,-0.04587849,-0.03118066,-0.02587107,-0.00886735,-0.02423141,-0.04435790,-0.00212267,-0.02984472,-0.01163746,-0.01822014,-0.05084513,-0.00648440,-0.00409372,-0.00348602,-0.04141256,-0.03562295,-0.01801790,-0.00078453,-0.00242008,-0.03200564,-0.05032582,-0.04615682,-0.05138703,-0.02852686
1969-01-31,-0.03272683,-0.01583407,0.00316593,0.00398225,0.00397126,-0.02779184,-0.00233628,0.00340371,0.00616423,-0.02344389,0.00508489,-0.00756451,-0.02231028,-0.01794400,-0.00247304,-0.00438144,-0.01382330,0.00422124,-0.00675022,0.01227253,0.00832073,-0.00206059,-0.02127570,-0.00563747,-0.01879511
1969-02-28,-0.08153513,-0.06131655,-0.03621935,-0.03448164,-0.09614170,-0.03322187,-0.03201645,-0.06203450,-0.05472690,-0.13574790,-0.03862177,-0.05438069,-0.07869956,-0.11032809,-0.10971763,-0.03049324,-0.05698439,-0.07069790,-0.09562234,-0.11090984,-0.05110231,-0.05714355,-0.10001519,-0.08009203,-0.11767024
1969-03-31,0.00085732,0.04256124,0.00896710,0.03712267,0.01436527,0.02100888,0.01632613,0.05280972,0.03405382,0.00823627,0.02394384,0.03978262,0.01900944,0.05313240,0.00045246,0.02198410,0.03867977,0.02429974,0.02534945,0.04491090,0.06058041,0.04358449,0.04335801,0.08038272,0.09630295
1969-04-30,0.01144755,0.03899488,0.01797244,0.01799029,-0.00170008,-0.01381559,0.02260376,-0.00347373,0.03378042,0.00247351,0.02661359,-0.00013980,0.01723103,0.02181464,0.07150123,0.03675085,0.01837450,0.00714439,0.03867672,0.00453031,0.00558373,0.02336203,0.02376961,0.02001439,0.09116834
1969-05-31,0.00541341,0.00652006,-0.00778992,0.00897246,-0.02229473,0.01785252,0.00141489,-0.00053781,-0.02117675,-0.00060462,-0.02214501,-0.00244359,0.03429544,0.01378459,-0.02170120,0.00699173,0.01566599,-0.00883450,0.03283729,0.00905867,0.01870277,0.00319865,0.00614692,0.03702198,0.07370047
1969-06-30,-0.09455886,-0.06195462,-0.05893829,-0.06447356,-0.13849117,-0.09328944,-0.03615148,-0.06712671,-0.08056962,-0.12548327,-0.12076863,0.00554546,-0.06473003,-0.11265611,-0.14206477,-0.09351040,-0.05484147,-0.07922103,-0.09682511,-0.14815736,-0.08953531,-0.08588774,-0.09527253,-0.13198974,-0.14583385
1969-07-31,-0.05544841,-0.05399499,-0.05076089,-0.08280820,-0.08687926,-0.09638674,-0.01931937,-0.05261679,-0.06023740,-0.07757424,-0.11695911,-0.07396157,-0.06093162,-0.09230631,-0.05578230,-0.12754043,-0.10697823,-0.05233122,-0.09692902,-0.08002381,-0.13929419,-0.09538121,-0.05740887,-0.07494482,-0.11619035
1969-08-31,0.06059851,0.03686707,0.03841739,0.06084805,0.11183408,0.06710033,0.06391815,0.02202203,0.05191160,0.05829382,0.08169893,0.04171739,0.04504231,0.04174520,0.03995835,0.06046585,0.06136614,0.03702831,0.07008931,0.11492636,0.13358456,0.03557244,0.06366319,0.08522386,0.11257586
1969-09-30,-0.02509693,-0.01863852,-0.01773531,-0.00971608,-0.01879896,-0.00962676,-0.01512861,-0.01290426,-0.02585512,-0.00477492,-0.01770844,-0.07908103,-0.03435033,-0.03231917,-0.03319773,-0.03944964,-0.01929602,-0.02501880,-0.01116473,-0.02698922,-0.04488167,-0.01675299,-0.04893630,-0.01593066,-0.04790520
1969-10-31,0.02780675,0.03676131,0.06125787,0.05548349,0.02450346,0.09580736,0.06667430,0.02978736,0.03655447,0.08046417,0.12155398,0.04931216,0.02094146,0.08995149,0.05230551,0.13753348,0.12461605,0.07645553,0.07406598,0.06435878,0.15283466,0.13740847,0.08068056,0.08287569,0.06342780
1969-11-30,-0.03148252,-0.02798859,-0.03320019,-0.00652162,-0.01994058,-0.06409639,-0.03145350,-0.03340940,-0.04329998,-0.01181901,-0.08397576,-0.07667077,-0.05384172,-0.05042304,-0.02496739,-0.06513835,-0.05199429,-0.04220525,-0.03485462,-0.02431173,-0.09353994,-0.06368906,-0.03399257,-0.07103368,-0.01144297
1969-12-31,-0.02227326,-0.01831614,-0.02915479,-0.02107810,-0.00019553,-0.04792320,-0.03178722,0.00455515,0.00556697,-0.04618099,-0.09235291,-0.05553967,-0.06761708,-0.04204388,-0.00483656,-0.07007105,-0.05061951,-0.02966956,-0.01685640,0.00355950,-0.10473903,-0.06860129,-0.06593064,-0.05658090,-0.01362076
1970-01-31,-0.13757710,-0.08833105,-0.07297092,-0.07378915,-0.07738473,-0.12327371,-0.09980764,-0.06608380,-0.06564269,-0.09052771,-0.08988694,-0.09855782,-0.08845654,-0.04823084,-0.07134029,-0.10134938,-0.08336956,-0.13871259,-0.07830841,-0.04930216,-0.06023687,-0.06775133,-0.03399274,-0.05834016,-0.04796036
1970-02-28,0.03764180,0.10212336,0.06748774,0.09408559,0.03480924,0.05190404,0.05789647,0.04041185,0.07256639,0.04116215,0.00849080,0.10154215,0.05926798,0.04416656,0.07360465,0.03431269,0.05312545,0.06549827,0.07014154,0.04367607,0.06426094,0.04237688,0.07782732,0.05854179,0.02874727
1970-03-31,-0.05102155,0.02026984,0.02044728,-0.00483826,-0.00437129,-0.01413715,-0.01528748,0.00808515,-0.00768190,-0.01000028,-0.06859969,-0.02966598,0.03081367,0.03500012,-0.03866301,-0.02398434,-0.03165571,-0.00984675,0.01092618,0.00369398,-0.02273035,-0.02224343,-0.00582662,0.02852993,-0.03886154
1970-04-30,-0.16002716,-0.12829624,-0.08282401,-0.10102427,-0.12441214,-0.21740444,-0.14091942,-0.08715601,-0.09368342,-0.11176228,-0.21832329,-0.18942140,-0.11703746,-0.08264889,-0.12265258,-0.17508111,-0.16668178,-0.15861766,-0.08257034,-0.10199164,-0.17004654,-0.13737828,-0.09017142,-0.05176849,-0.09938777
1970-05-31,-0.09274703,-0.09319450,-0.09895522,-0.05348602,-0.09396781,-0.05313290,-0.09111416,-0.07670702,-0.05815026,-0.09333372,-0.06334757,-0.09008435,-0.06305384,-0.08907886,-0.06260157,-0.11817826,-0.05121145,-0.05506099,-0.04133641,-0.05953546,-0.07642605,-0.03817355,-0.03062620,0.01642523,-0.04235668
1970-06-30,-0.06778380,-0.06545346,-0.02574299,-0.05613377,-0.04082794,-0.12150050,-0.09933311,-0.04431765,-0.04735516,-0.02177493,-0.14550087,-0.06641399,-0.06594956,-0.03390336,-0.01724314,-0.11575525,-0.10196483,-0.05827440,-0.05808793,-0.01856700,-0.09691808,-0.08040949,-0.08388375,-0.03076411,-0.02277473
1970-07-31,0.04477203,0.03841551,0.05077844,0.06147229,0.07456983,0.07375085,0.06917000,0.04835391,0.07906373,0.04211999,0.11337056,0.09670219,0.09589430,0.08256052,0.07742124,0.11830407,0.13893259,0.11609214,0.08827368,0.08099192,0.06075883,0.16793975,0.17938551,0.08141286,0.11921813
1970-08-31,0.03324814,0.04351936,0.01977571,0.01921842,0.03897199,0.12782575,0.03780652,0.05932431,0.03273922,-0.00136622,0.09847158,0.10205921,0.12268867,0.01170661,0.03487968,0.12936946,0.07575575,0.07863875,0.09905453,0.08142614,0.16360628,0.15106647,0.08575470,0.08491448,0.09352588
1970-09-30,0.09693524,0.04059340,0.02891867,0.01793978,0.03807032,0.13003031,0.05988508,0.03091233,0.01967864,0.01008247,0.19080789,0.05005017,0.06592099,0.02396934,0.03145810,0.23875967,0.05528932,0.10950906,0.06581066,0.06085818,0.27552194,0.13372089,0.08685161,0.13904946,0.04507192
1970-10-31,-0.00116624,-0.00472027,0.00004418,0.00484130,0.00142839,-0.06447751,-0.02444402,-0.01832292,-0.03130624,-0.01861975,-0.08775853,-0.03853507,-0.02403405,-0.01450863,0.01356367,-0.11777499,-0.06375057,-0.03451538,0.00107341,-0.01155222,-0.16495779,-0.13684075,-0.08841678,-0.05849577,-0.02146894
1970-11-30,0.03241652,0.03341675,0.08718717,0.04759411,0.07664150,0.03693663,0.06210502,0.04912179,0.07112835,0.04330362,0.04585407,0.05934959,0.05704761,0.05823270,0.06554646,-0.00771968,0.03745791,0.03327141,0.03695814,0.06401575,0.01792979,0.05662100,0.06583321,-0.00013685,0.04272202
1970-12-31,0.07163490,0.07759298,0.04155754,0.04830896,0.04250031,0.08712146,0.08540053,0.08597548,0.05885517,0.04859039,0.06618502,0.07716253,0.05629624,0.09804994,0.03100172,0.06766576,0.09875525,0.09554189,0.08154859,0.05362778,0.09011328,0.08785049,0.09061382,0.07118897,0.04727625
1971-01-31,0.08982478,0.07006819,0.06531400,0.07655173,0.04836544,0.12778792,0.03750048,0.06179802,0.05608790,0.07956510,0.10457310,0.10462765,0.00832843,0.04597835,0.07242640,0.19684341,0.11067276,0.04423892,0.02773271,0.05182608,0.08597667,0.10863833,0.08243770,0.05147875,0.02325492
1971-02-28,0.07090060,0.00457531,-0.02688257,0.00650677,0.02448121,-0.01686164,0.01790901,-0.02057705,0.01581633,0.02204676,-0.00663708,0.02279895,0.02177084,0.02762536,0.03807516,0.05908355,0.02671723,0.01769140,0.02881380,0.03514509,0.07114608,0.06497627,0.03779231,0.03109108,0.03178868
1971-03-31,0.09376149,0.04958050,0.06875876,0.02324254,0.05168920,0.10255886,0.03321186,0.02683500,0.05562346,0.09823359,0.09857613,0.03826046,0.01731713,0.01836650,0.05700210,0.06794652,0.02530717,0.03084748,0.06465479,0.08541989,0.02175011,0.05279180,0.05861299,0.08222962,0.10529953
1971-04-30,0.05084602,0.02002560,0.02421155,0.05896977,0.02652555,0.00150038,0.02945787,0.06572634,0.05741072,0.04812401,-0.00121212,0.01352977,0.06755113,0.08451842,0.09527444,0.02031901,0.06388404,0.06095840,0.07635281,0.03574756,0.03621316,0.06598562,0.04146755,0.05392647,0.05410057
1971-05-31,-0.06913947,-0.03918296,-0.03297838,-0.04371622,-0.05742847,-0.04108543,-0.02557555,-0.04254765,0.00383360,-0.06481813,-0.03392582,-0.03813776,-0.03106759,-0.03113066,-0.01702044,-0.03540843,-0.04394441,-0.03414928,-0.06131867,-0.06376984,-0.03832680,-0.02435438,-0.01449776,-0.01680593,-0.02103676
1971-06-30,-0.05779763,0.00773036,-0.01512153,0.00680334,-0.01666254,0.01255128,0.01757654,-0.01613940,0.00640857,-0.03105025,-0.01032733,0.00275692,-0.01095807,-0.02241725,-0.03695554,0.00595934,0.00512610,0.00227583,-0.02841835,0.01804210,-0.00098625,0.02866811,0.02016636,0.03550344,0.02102361
1971-07-31,-0.05464564,-0.03718114,-0.03093284,-0.05438883,-0.11124916,-0.02285062,-0.02798407,-0.06112229,-0.07553352,-0.10877981,-0.03688527,-0.04650709,-0.04308537,-0.10811879,-0.10544699,-0.02632292,-0.02334966,-0.05367804,-0.09752738,-0.09971517,-0.02604592,-0.05402957,-0.03822823,-0.05954446,-0.08006224
1971-08-31,0.01124387,0.01037925,0.00617073,0.03271671,0.04202529,0.02992227,0.03352380,0.04715039,0.05351746,0.04333552,0.02985373,0.06016608,0.08807818,0.07203849,0.09334466,0.03238953,0.05173225,0.05702934,0.09987822,0.08232237,0.05400767,0.07167609,0.03586643,0.09771589,0.11044371
1971-09-30,-0.03584555,-0.01771887,-0.00955047,0.00510442,-0.03137806,-0.01974165,-0.00839047,0.01173494,-0.00290716,-0.06326598,-0.00953428,-0.02015247,-0.03294275,0.00303292,0.02729185,0.01537826,-0.02361350,0.01952144,0.00174746,-0.00211161,0.00118956,-0.00456626,-0.00095847,-0.00613068,0.04313108
1971-10-31,-0.06223746,-0.05386517,0.00433310,-0.04245095,-0.07392379,-0.05173753,-0.00512347,-0.04819638,-0.06486203,-0.06929722,-0.04120136,-0.04252919,-0.08245605,-0.06444292,-0.05069489,-0.04036253,-0.02918637,-0.09188394,-0.05947171,-0.10037329,-0.03020800,-0.05550932,-0.05238796,-0.04926320,-0.02615371
1971-11-30,-0.00786900,0.00588656,-0.01466023,0.00486684,-0.01165666,-0.02692202,0.00836293,-0.01504870,0.00053271,-0.03730022,-0.00074362,-0.01150143,-0.00332874,-0.02643183,0.00651842,-0.01301601,-0.00193228,-0.01786089,0.03427766,-0.02101128,0.01436548,-0.00229379,0.01172157,0.00317607,0.03231181
1971-12-31,0.14864143,0.09100258,0.08265588,0.07981046,0.07236127,0.13465771,0.08376893,0.08786659,0.10154018,0.15041617,0.15638114,0.08928453,0.10820639,0.09557867,0.13262241,0.13690427,0.11936693,0.08116242,0.10284599,0.13138608,0.14185459,0.10215113,0.10546826,0.10683254,0.11163195
1972-01-31,0.08978221,-0.00548138,0.01243685,0.01885948,0.06889604,0.04478392,0.04326302,0.04958344,0.04517241,0.08953690,0.16662508,0.07132782,0.00400632,0.03637086,0.12238229,0.07707590,0.01654206,-0.02038576,0.02540953,0.06067860,0.05958646,-0.00970645,0.01684563,0.02106008,0.08481148
1972-02-29,0.02827583,0.00894554,0.01284237,-0.00104217,0.09993219,0.05461515,0.02964747,-0.00068209,0.03940281,0.04948759,0.00015640,0.04399549,0.02781143,0.02206398,0.02072528,0.05054042,0.01231979,0.03556494,0.02468050,0.03974105,0.01738026,0.05733075,0.04642323,0.08855211,0.04596721
1972-03-31,-0.01377867,-0.00531960,0.01095090,-0.02371223,0.02022115,-0.02799071,-0.00909499,-0.00844185,0.01184002,-0.01762079,0.02974194,0.00113415,-0.00373336,0.01196996,0.01663681,0.02207019,-0.02776295,0.01944830,0.00326042,-0.01604852,-0.02874874,0.01428376,0.05033125,0.02632589,0.01263025
1972-04-30,0.01238036,-0.01582232,0.00487860,-0.02174660,-0.01181457,-0.00934079,-0.00764135,0.00745092,-0.00300025,-0.00947548,-0.01059822,0.01200042,0.02340839,0.01758746,0.00725112,0.00046745,0.00052994,0.03084674,0.00142933,0.03086725,0.01228623,0.00039849,0.02865161,-0.01001319,0.00259046
1972-05-31,-0.01904796,-0.00454599,0.01912055,0.01415662,0.03367516,-0.01889678,0.00698402,-0.00634732,-0.02132051,0.00217399,-0.01995707,-0.01374027,0.02902194,0.03732556,0.00390879,-0.02403934,0.00870243,0.01453283,0.03560246,0.06440612,0.02631585,0.04391262,0.04773994,0.05558889,0.07236052
1972-06-30,-0.05723129,-0.02604105,-0.05610470,-0.01720180,-0.04690143,-0.04069851,-0.02921306,-0.00093876,-0.01220136,-0.03557815,-0.03213203,-0.01520506,-0.04787754,-0.02025055,-0.03195537,-0.05645898,-0.01394133,-0.02149115,-0.03877628,-0.03180134,-0.01073505,-0.00474643,0.00942202,-0.03257287,-0.01948445
1972-07-31,-0.06663908,-0.03061943,-0.02683574,-0.01042404,-0.04866166,-0.03327729,0.00413305,-0.01329585,-0.02479956,-0.06925631,-0.02353398,0.00289552,-0.01985198,-0.01197776,-0.04010983,-0.01244009,-0.00132969,-0.02497196,-0.02682439,-0.04794653,0.02656235,0.02781465,0.01807305,-0.02375727,-0.07555628
1972-08-31,0.06664477,0.06818754,0.04452617,0.13568557,0.06890053,0.11749556,0.06978308,0.04026036,0.05499735,0.03314519,0.05665642,0.06438922,0.02313190,0.03407308,0.01455957,0.07584597,0.05218998,0.03050962,0.01418020,0.01633591,0.00655914,0.01788531,-0.01622847,-0.02915267,-0.03504498
1972-09-30,-0.02393590,-0.01045339,-0.01262974,-0.01223913,-0.05634035,-0.01740291,0.02231046,-0.00236160,-0.00835607,-0.03593583,-0.03997197,-0.01791868,-0.03565324,-0.04951816,-0.05360993,-0.00076716,-0.01984228,-0.03148045,-0.05386319,-0.07531354,0.00760562,-0.00602031,0.02434099,0.01605784,-0.02323748
1972-10-31,0.00249919,0.02718295,-0.00771078,0.05146929,0.01683912,0.02114771,0.05471738,0.02100711,-0.00965543,-0.02645507,-0.03758881,0.01778676,0.00722085,-0.01120995,0.00181613,0.03258706,-0.00188666,-0.01122903,0.01264249,-0.06021799,0.00754081,0.00205843,0.00631918,0.03239061,-0.02741661
1972-11-30,0.07606774,0.09419475,0.09271043,0.08592610,0.08921342,0.02512282,0.09933825,0.08864183,0.03835484,0.09292340,0.08002128,0.09462687,0.05280290,0.03072169,0.04769780,0.09205084,0.07404049,0.05130940,0.03611707,0.03036145,0.10942839,0.02815592,0.01003290,0.01426174,0.03480814
1972-12-31,-0.01519409,-0.02072507,-0.00748013,-0.01526591,0.00995306,-0.05298156,-0.00913544,-0.01547736,-0.00257725,0.00537234,-0.02974143,-0.03165079,0.02287814,0.00775987,0.01939354,-0.07011011,-0.04357959,0.01972348,0.00340287,0.03541142,-0.04484075,-0.03082374,0.03344338,0.05696659,0.07101846
1973-01-31,-0.10142178,-0.07762720,-0.04418011,-0.05151703,-0.07930360,-0.08478093,-0.05117378,-0.05914361,-0.05915354,-0.04110891,-0.11096422,-0.06784696,0.00777443,-0.03429070,-0.04761356,-0.11639861,-0.07729374,-0.02323909,0.01239529,-0.05884360,-0.09895678,-0.09904864,-0.00318478,-0.01254810,-0.00341216
1973-02-28,-0.05015916,-0.05228204,-0.04984760,-0.02793537,-0.07141558,-0.07489236,-0.05213470,-0.01907394,-0.03258429,-0.06435432,-0.11663211,-0.08759055,-0.02960591,-0.01809031,-0.08093894,-0.10180744,-0.08947389,-0.04510766,-0.04188337,-0.08215682,-0.08189094,-0.08296596,-0.04329593,-0.02852408,-0.06544906
1973-03-31,-0.00549291,-0.02860090,-0.01035958,-0.04785788,-0.01480302,-0.05336955,-0.03311373,-0.01298827,-0.02338442,0.00157662,-0.03278531,0.01086905,0.00647429,-0.01087651,0.03040189,-0.06555372,-0.01561094,-0.03574635,-0.00654287,-0.00252622,-0.03330164,-0.00441975,-0.05058880,0.00108912,0.04107127
1973-04-30,-0.10010696,-0.08294381,-0.03705585,-0.03595375,-0.03687894,-0.07824120,-0.06213497,-0.05843543,-0.04682944,-0.06197698,-0.09628220,-0.07944520,-0.03473921,-0.04086880,-0.05539043,-0.09902859,-0.13937534,-0.09093059,-0.03657837,-0.04177055,-0.13366114,-0.09578404,-0.10604024,-0.03612513,-0.03397556
1973-05-31,-0.06192454,0.01808089,-0.01338868,-0.03348801,-0.03477148,-0.10921353,-0.06081164,-0.01707016,0.00876961,-0.03453242,-0.08840477,-0.05586351,-0.03608088,-0.00503021,-0.03863693,-0.10443822,-0.06831579,-0.03684565,-0.02806183,-0.00260284,-0.17557671,-0.08587165,-0.08387235,-0.04214954,0.00177566
1973-06-30,-0.00477109,-0.05431142,-0.01571854,-0.00067618,-0.02102792,-0.03682184,-0.01824838,-0.04350927,0.00122596,0.01401715,-0.03380731,-0.01238167,-0.02067003,-0.00533713,-0.00161202,-0.04409253,-0.03547230,-0.01924959,-0.01412634,0.00703914,-0.11053296,-0.07510303,-0.05349341,-0.02529765,0.01376189
1973-07-31,0.08611178,0.08188634,0.06169321,0.03887830,0.08172750,0.15203659,0.07686447,0.07518265,0.01986271,0.05629232,0.17914467,0.13497854,0.11750554,0.04940271,0.05779443,0.20572756,0.18026160,0.11843761,0.05738677,0.00504509,0.18954283,0.19734659,0.15127662,0.11807089,0.04304468
1973-08-31,-0.01514213,-0.03113294,-0.01002105,-0.00994868,-0.03255234,-0.05902557,0.00378850,-0.02807499,-0.03633628,-0.01472621,-0.08553944,-0.04738461,-0.03810888,-0.02757893,-0.01508091,-0.03997592,-0.01817749,-0.03304440,-0.01967421,-0.05292045,-0.07304669,-0.05014742,-0.05667047,-0.04298036,-0.03996012
1973-09-30,0.09260103,0.03246085,0.07870805,-0.04580923,0.08520589,0.12552037,0.11197654,0.07679350,0.03991192,0.05248472,0.11299901,0.10658391,0.10115410,0.08423679,0.05697284,0.12152464,0.18521446,0.13711152,0.15830045,0.03819847,0.11976122,0.17136686,0.13174323,0.09598225,0.06507818
1973-10-31,0.02692308,0.01112958,0.01377900,-0.02780788,0.03412770,-0.06541913,-0.01942920,-0.00144015,0.00035816,0.02018330,-0.05447853,-0.04161980,-0.03847791,-0.03381456,0.04525987,-0.05965321,-0.06263059,-0.02802899,-0.02650091,-0.00861242,-0.05670413,-0.04897071,-0.00320375,0.01169011,0.08462986
1973-11-30,-0.15929478,-0.10823161,-0.12598905,-0.09278318,-0.15002677,-0.24547029,-0.14866070,-0.09057209,-0.08741577,-0.12173305,-0.23964182,-0.14881575,-0.16440300,-0.09325255,-0.09139388,-0.24238391,-0.18053100,-0.19012310,-0.15549856,-0.09564380,-0.21540644,-0.19703287,-0.19730384,-0.16968395,-0.08683727
1973-12-31,0.04965089,0.00370026,0.04280805,0.02515513,0.02156567,-0.00537708,0.00420464,-0.02826919,0.01027718,0.07583043,-0.00578614,-0.00237055,-0.01152499,0.02642687,0.07980117,-0.01559031,-0.04060202,0.05959700,-0.02366581,0.03612296,-0.01972875,-0.02732573,-0.09497948,-0.04278758,0.05204690
1974-01-31,0.05336893,0.00474984,-0.00406902,0.04414477,0.00167784,0.04113900,0.03485566,0.03607679,-0.04595428,-0.06706681,0.10867976,0.09354880,0.05814207,-0.04164832,-0.00587833,0.09532800,0.05545330,0.02376443,-0.00009234,-0.03277642,0.14056648,0.07062816,-0.00332931,0.08898193,-0.08472296
1974-02-28,-0.00140649,0.01715346,0.01756799,-0.01035943,-0.00402320,-0.01206931,-0.00007686,-0.00290748,0.00963532,0.02082565,0.03041255,0.01872836,0.01229828,-0.00352306,0.00454783,-0.02476405,0.03444393,-0.02661961,0.00241571,0.00174410,0.00180957,0.00192989,-0.00543042,0.00745343,0.03680349
1974-03-31,0.02036118,-0.02589847,-0.01989075,-0.00450177,-0.00992370,-0.04541314,-0.03561528,-0.00799940,-0.03228227,-0.05870973,0.01505224,0.00173572,-0.01922164,-0.03209440,-0.02843237,0.00875745,-0.03581416,-0.00123638,-0.01333236,-0.04663221,-0.01931334,-0.02033511,-0.00278236,-0.03286038,-0.07182961
1974-04-30,-0.04290962,-0.01439035,-0.06981955,-0.02706273,-0.03823808,-0.04777084,-0.02278349,-0.03754006,-0.03841505,-0.02251889,-0.09273558,-0.04137051,-0.04984575,-0.03428954,-0.00468039,-0.05590297,-0.05271047,-0.03990353,-0.04833495,-0.05105511,-0.09538961,-0.05792819,-0.04425101,-0.04110617,-0.04392645
1974-05-31,-0.00876343,-0.03727504,-0.05133002,-0.07036136,-0.05273713,-0.05107691,0.00696767,-0.00627988,-0.06595537,-0.07228271,-0.03821174,-0.02470217,-0.03386864,-0.06989064,-0.09742750,-0.08581171,-0.01957285,-0.01688404,-0.08353325,-0.08854812,-0.04676176,-0.00632003,-0.05810637,-0.09879595,-0.09165244
1974-06-30,-0.05176848,-0.04174195,-0.04280906,-0.02850052,0.00610649,0.01342690,-0.06973607,-0.02251286,-0.03536326,-0.03434758,-0.04722074,-0.03425144,-0.00021936,0.00563300,-0.01332017,-0.03786087,-0.04105983,-0.01905050,0.02438070,0.02217659,-0.05570777,-0.03907210,-0.04233324,0.00338913,-0.01504222
1974-07-31,-0.03810805,-0.09678512,-0.03833765,-0.08327505,-0.04414462,-0.10094611,-0.07674659,-0.08734986,-0.03734711,0.01345394,-0.05837236,-0.03777015,-0.07803928,-0.03588469,-0.03455174,-0.06926079,-0.06163754,-0.07774804,-0.08190221,-0.01551143,-0.14577539,-0.09267698,-0.08516080,-0.09676450,-0.02114038
1974-08-31,-0.13449676,-0.05897653,-0.07023542,-0.07428090,-0.07269257,-0.11698722,-0.07585052,-0.07225972,-0.06759829,-0.07641209,-0.10612756,-0.11504737,-0.08328033,-0.09760892,-0.09040589,-0.08040236,-0.08962128,-0.07925343,-0.09254296,-0.08377742,-0.12435524,-0.10552170,-0.08775387,-0.09883824,-0.05646557
1974-09-30,-0.08283532,-0.10498015,-0.09416982,-0.10769696,-0.07759473,-0.09795895,-0.10842543,-0.12515612,-0.08401021,-0.09098734,-0.13501310,-0.11339799,-0.09646763,-0.08258066,-0.09384413,-0.08736503,-0.14037396,-0.10876693,-0.13001949,-0.11692723,-0.13489252,-0.08199790,-0.11601504,-0.12405136,-0.09574363
1974-10-31,0.09571102,0.17458951,0.05705204,0.18176927,0.12352560,0.12876526,0.18575084,0.17689556,0.14513251,0.24648580,0.19792611,0.20243148,0.12635598,0.11219407,0.12632264,0.21734248,0.23188362,0.15868062,0.18777360,0.15273356,0.23413481,0.22441756,0.21292623,0.27528021,0.18431128
1974-11-30,-0.01289202,-0.02959943,-0.03189906,-0.01935326,-0.04640808,-0.01524163,-0.01029003,-0.02983572,-0.03895291,-0.05951232,-0.03263407,-0.03277294,-0.04597202,-0.02072578,-0.06179445,-0.03778014,-0.07595227,-0.03921249,-0.04867237,-0.01039288,0.01360373,-0.03781658,-0.02959612,-0.04778637,-0.05040450
1974-12-31,-0.05092150,-0.02402397,-0.00386522,-0.02765804,-0.02022109,-0.01219989,-0.01282290,-0.00205151,0.00745444,-0.01308560,-0.04502664,-0.01045127,-0.01808159,-0.00398845,-0.06870560,-0.06515757,-0.02669586,-0.03289301,-0.03979320,-0.00707269,-0.02667271,-0.04829090,-0.04460349,-0.03750436,-0.01862057
1975-01-31,0.10157354,0.06223743,0.03771224,0.12177533,0.11880739,0.06207317,0.05449820,0.09750648,0.08652143,0.04905928,0.21620496,0.16686207,0.15171970,0.09032860,0.13532480,0.29049727,0.17177192,0.16372649,0.22392193,0.17951051,0.26967107,0.26507327,0.26383736,0.23123522,0.10493971
1975-02-28,0.02682120,0.04346855,0.06212262,0.05908471,0.00822791,0.03464447,0.06060374,0.05847736,0.03294603,0.02354924,0.09745318,0.02722211,0.04012232,0.08738506,0.03190535,0.07309119,0.06851360,0.02817565,0.09143741,0.02312607,0.11200996,0.07209369,0.10322246,0.09421790,0.10887802
1975-03-31,0.00096496,0.02302694,0.01611920,0.03440772,0.04177285,0.05044432,0.04028129,0.01868692,0.00059765,0.06324576,0.07187755,0.05656912,-0.01192775,-0.01926213,0.03063781,0.06198738,0.01753294,0.05313288,0.03970357,0.07684462,0.06389530,0.06034827,0.02713694,0.09035177,0.06152567
1975-04-30,0.03066447,0.02589922,0.04383388,0.04143099,0.02807461,0.07606893,0.00089465,0.00743963,0.08135707,0.01989254,0.12156423,0.05796191,0.07729210,0.02403158,0.05317701,0.03453239,0.04569531,0.02585393,0.02246547,0.08436260,0.12445773,0.09442214,0.03180979,0.08575427,0.12509778
1975-05-31,0.03987781,0.06821140,0.07428809,0.03802315,0.04939144,0.02223729,0.06261635,0.08372648,0.06115175,0.07735992,0.00662280,0.08255239,0.01990351,0.06542318,0.06890936,0.06221931,0.06912570,0.06648805,0.05471452,0.08409752,0.03929449,0.04826433,0.06027461,0.07796098,0.10462953
1975-06-30,0.05600943,0.02708165,0.05123812,0.02156709,0.10932902,0.05265771,0.02851220,0.04860766,0.02549511,0.08128461,0.04202520,0.07331603,0.05596641,0.05480979,0.03237652,0.04807790,0.07301073,0.06826437,0.04076841,0.07696625,0.04134910,0.06159653,0.05504425,0.05877819,0.07481412
1975-07-31,-0.09534223,-0.04891609,-0.06332436,-0.04980438,-0.06551548,-0.02902782,-0.08280762,-0.05872052,-0.09395822,-0.07004197,-0.06229220,-0.04561906,-0.06023731,-0.07680203,-0.10487708,-0.03450242,-0.06133572,-0.06461650,-0.05859571,-0.04646552,-0.05315880,-0.06448838,-0.04619959,-0.04824288,-0.05326528
1975-08-31,-0.03739319,-0.01142225,-0.02743921,-0.02796928,-0.02579668,-0.02682117,-0.00839982,0.00003504,-0.02846881,-0.03622467,-0.03652268,-0.01954696,-0.01730952,0.00349185,-0.06254345,-0.01919885,-0.03029147,-0.01770039,-0.04353844,-0.03743369,-0.00463676,0.00041974,-0.04446411,-0.01140845,-0.03570588
1975-09-30,-0.04200999,-0.04481317,-0.07632696,-0.01454618,-0.06302742,-0.03948434,-0.08336082,-0.04696168,-0.06791886,-0.06852413,-0.04104132,-0.03202769,-0.02495896,-0.02690349,-0.04216576,0.01268263,-0.03443007,-0.06767379,-0.03829613,-0.03649602,-0.00376760,-0.06329537,-0.02978741,-0.03642324,0.00269233
1975-10-31,0.04553302,0.06715039,0.05360119,0.10015955,0.05257313,0.04729265,0.03145191,0.01037693,0.05298727,0.06129994,0.06054808,0.05818045,0.07562140,0.10300817,0.09897882,0.04005571,0.06664181,0.04300862,0.09331745,0.07370434,0.03224361,0.04335867,0.03035170,0.00524185,0.03205399
1975-11-30,0.03859182,0.00959218,0.05650582,0.06160557,0.04357402,0.03281944,0.03108277,0.03761408,0.04581486,0.06008865,0.05483024,0.03090949,0.04093661,0.05526221,0.03986278,0.02247997,0.00720831,0.02481470,0.05525798,0.03796509,0.00082355,0.02607726,0.00174842,0.01784143,-0.00290651
1975-12-31,-0.00678963,-0.02675353,-0.03391667,-0.01827543,-0.00147507,-0.00575680,-0.01887983,-0.02025683,-0.04085724,-0.01202059,-0.01050679,-0.02492858,-0.02699711,-0.02494237,0.00939088,0.00714235,-0.00156071,0.01324353,-0.00909085,-0.02923161,0.01025609,0.01216692,-0.00248501,-0.01006452,-0.01491458
1976-01-31,0.13163034,0.09208292,0.11934292,0.12549352,0.14015422,0.10012391,0.09746565,0.14850767,0.16264894,0.20205122,0.14433284,0.07247769,0.15028536,0.11164541,0.19552544,0.12021713,0.14385247,0.13659039,0.15309573,0.19522980,0.06185805,0.10073108,0.14376188,0.15062943,0.19586253
1976-02-29,0.02510376,-0.02662435,-0.01112710,-0.01593389,0.03672897,-0.02740868,-0.01141801,0.02007125,-0.01709540,0.03429988,-0.00127192,0.01422800,-0.01410392,-0.00346105,-0.00735728,0.03408271,-0.02856051,0.01528164,0.03380027,0.03834402,-0.00682909,0.01357498,0.03709485,0.03685731,0.08315846
1976-03-31,-0.00141471,0.04823362,0.02483217,0.00767950,0.02105508,0.01747475,0.05870636,0.04720799,0.01835082,0.02619303,0.00807839,0.02930284,0.03480061,0.04529244,-0.03314722,0.02925188,0.01054234,0.00546539,0.02201987,-0.00456145,0.00766665,0.01230772,0.01653271,0.01889010,0.03320102
1976-04-30,-0.00825424,-0.02214280,-0.02194181,-0.00389082,-0.01308450,-0.03411890,0.00327719,-0.00051922,0.00076340,-0.00693874,-0.03664867,-0.00979215,-0.02870472,-0.01032359,-0.05038490,0.00415605,-0.01765862,-0.01066577,-0.04060220,-0.00929299,0.00164335,0.01279059,0.00327143,-0.01065495,-0.01536817
1976-05-31,0.01307472,-0.00822165,-0.00514018,-0.00010944,-0.00281183,0.01768661,-0.02925524,0.00183149,0.00453238,-0.02288735,0.00425927,-0.03065192,-0.01498684,0.01223328,-0.02765653,-0.00212856,-0.00113773,-0.01811646,-0.02005197,-0.03197103,-0.02732039,-0.00067227,-0.01010257,-0.03145952,-0.01132838
1976-06-30,0.04548878,0.06255664,0.04504675,0.05984812,0.05754787,0.06400640,0.02846903,0.05268209,0.03297630,0.06003124,0.04589976,0.03025437,0.06115072,0.05323714,0.08122060,0.05706654,0.01579566,0.07662504,0.06030974,0.03595303,0.03137817,0.04203152,0.03850798,0.07404096,0.04101804
1976-07-31,-0.02816284,-0.01074464,0.01183603,0.00217442,-0.01067567,0.00451182,-0.01541784,-0.00616571,-0.01931018,-0.03505747,0.00316871,0.00940850,-0.01822999,-0.00382809,-0.01959902,0.00613746,-0.00642559,0.01509117,-0.00997949,-0.00675517,0.01158141,-0.01653815,-0.02633115,-0.01846442,-0.01635068
1976-08-31,0.00431851,0.01264296,0.00957702,0.00748836,0.01223168,0.01492325,-0.00088649,-0.01915376,-0.01989034,-0.00826850,0.00313650,-0.01805504,-0.01255302,-0.01973670,-0.03365662,0.00653139,-0.02206625,-0.00032705,-0.02355826,-0.01141995,0.02531789,0.00140218,-0.02206613,-0.03137760,-0.02544525
1976-09-30,0.00685663,0.01552590,0.03296621,0.00514706,0.00303406,0.03037767,0.01436324,0.02889523,0.02348667,0.02960296,0.03774797,0.03020004,0.03868189,0.03343977,0.04407518,0.02751808,0.03751750,0.03651735,0.01322107,0.03771309,0.03327187,0.01375778,0.01668189,0.01795004,0.03061159
1976-10-31,-0.02707169,-0.01376115,-0.02198399,-0.02282025,-0.01349824,-0.02953988,-0.01715115,-0.01099685,-0.02778964,-0.01742637,-0.02178596,-0.02695248,-0.03707646,-0.02847479,-0.04034281,-0.00553983,-0.00919610,-0.02769792,-0.02093407,-0.04811546,-0.01511855,-0.01153400,-0.02093841,-0.03499440,-0.04537789
1976-11-30,-0.01127411,-0.02084028,-0.02985866,-0.01670825,-0.00072517,-0.00617727,0.01501823,0.01821817,0.02038303,0.02760660,-0.00627751,0.01339815,0.01100854,0.01621413,0.04833486,0.02483136,0.01295692,-0.00738796,0.03113384,0.02866951,0.01304316,0.00412577,0.02191410,0.04140488,0.05550451
1976-12-31,0.07228862,0.04189283,0.06237778,0.07698093,0.07492963,0.06454454,0.05314928,0.06738525,0.06622130,0.09803540,0.04859759,0.06101998,0.10866797,0.10500578,0.09580137,0.04808552,0.05659824,0.08103650,0.05604938,0.10405385,0.04132010,0.05514452,0.06877361,0.06205600,0.08819049
1977-01-31,-0.04615965,-0.07590867,-0.05886497,-0.05749598,-0.04235248,-0.07543160,-0.06515347,-0.06082143,-0.02482238,-0.00030207,-0.07359526,-0.05242291,-0.03184756,-0.01953189,0.00641363,-0.02665893,-0.02595956,-0.01260676,0.01088747,0.03009685,-0.03379578,-0.01809937,-0.03571875,-0.01529508,0.04665930
1977-02-28,-0.00651041,-0.00011329,-0.02754499,-0.02399796,-0.00476580,-0.03947028,-0.01785883,-0.02956087,-0.00228634,-0.02147173,-0.01445484,0.00673180,-0.01201253,-0.01660039,-0.03849605,-0.02724076,-0.02219901,-0.03489731,-0.02412145,-0.00369344,-0.01301124,-0.01778021,-0.01723265,-0.01571394,-0.04160414
1977-03-31,-0.00931279,-0.01734558,-0.00364323,0.00574894,0.00571566,-0.02185833,-0.00378502,-0.00746779,0.01202998,0.00767767,-0.01239084,-0.00871613,-0.00330048,0.02818811,0.00500452,-0.03810299,-0.00618635,-0.00573109,0.02130106,-0.00194162,-0.01273035,-0.00410470,-0.01513049,-0.00748261,-0.00460455
1977-04-30,0.00204794,0.00961536,-0.02320843,0.00393493,0.03089909,-0.01767592,-0.00624749,0.01038268,0.04188878,0.01452272,-0.03361638,0.01316364,0.05202998,0.03590012,0.05879650,0.00053443,0.01959374,0.02124749,0.03124774,0.02793644,-0.00262258,0.02432007,0.03609329,0.04574219,0.02525676
1977-05-31,-0.04984301,-0.01165110,-0.01454299,-0.03591265,-0.00937338,-0.02373394,-0.01980709,-0.01135001,0.00652986,-0.01339669,-0.01640130,0.00526208,-0.00831561,0.00460110,0.00595012,-0.01298460,0.00202694,-0.01225335,-0.00511344,0.00887655,0.00150530,0.00158590,0.00231954,0.00517493,0.01591165
1977-06-30,0.08649960,0.05709332,0.05164571,0.06314090,0.04659283,0.04031796,0.04680085,0.06321555,0.06145704,0.07662937,0.03660450,0.03693888,0.06831061,0.06852548,0.07131949,0.06588697,0.03996949,0.05882384,0.08600300,0.10967318,0.03015022,0.04867499,0.04482683,0.07634737,0.10589118
1977-07-31,-0.01700405,0.00041340,-0.04200084,-0.02027077,-0.00972035,-0.02422724,-0.00077504,-0.01212565,-0.01842010,-0.01410925,-0.00485283,-0.02271881,-0.00213676,-0.01243635,-0.01706415,-0.00954012,-0.01811705,-0.00980255,-0.02680100,-0.01912225,-0.00834287,-0.01506040,-0.02419902,-0.02885000,-0.01327740
1977-08-31,-0.00691871,-0.00113548,-0.02511603,-0.02548614,-0.01078287,-0.00667941,-0.02018465,-0.03917504,-0.01091734,-0.00547198,-0.00030894,-0.02209637,-0.03333058,-0.01298538,0.02162154,0.00056675,-0.03347439,-0.02494285,-0.01784732,-0.02593428,-0.00496371,-0.03064699,-0.02610512,-0.02905522,0.00670984
1977-09-30,0.00529262,0.00194821,0.00366020,0.01718748,0.01650886,-0.01336950,-0.00129674,0.00060084,0.01363208,0.01071278,-0.02324566,-0.00192449,0.01124041,0.01318633,0.01401582,0.00784201,0.00561055,0.00980357,0.00528162,0.00489562,0.00126754,0.01134372,0.02284512,0.02148083,0.01228635
1977-10-31,-0.03794522,-0.04661164,-0.03146853,-0.04148761,-0.04284364,-0.04155656,-0.03476507,-0.02943686,-0.04811622,-0.02865626,-0.03402482,-0.03418640,-0.03549276,-0.03916275,-0.06254568,-0.03474214,-0.04059916,-0.03941184,-0.01552572,-0.06968705,-0.05627055,-0.03388144,-0.03921657,-0.03372507,-0.04068731
1977-11-30,0.03936010,0.02010365,0.06361987,0.05184071,0.07869445,0.04851769,0.03135419,0.05943595,0.07075799,0.09025940,0.04950489,0.04978445,0.08575022,0.08375867,0.08483463,0.04569153,0.03721528,0.05573518,0.10535710,0.08834579,0.02218242,0.04690506,0.07403623,0.09772939,0.06984671
1977-12-31,-0.01128575,0.00819416,0.02177105,-0.00116842,0.01761365,0.01398391,0.00901759,0.00090954,0.01590951,0.01688148,-0.00187534,-0.00195803,0.01372507,0.01287370,-0.00783496,0.01396490,0.01127691,0.01334547,0.03092138,0.01241214,0.00639764,0.02135968,0.03252768,0.01663844,0.02258728
1978-01-31,-0.06646116,-0.05627222,-0.04435302,-0.05671961,-0.05084780,-0.05461159,-0.04412876,-0.06290295,-0.06662969,-0.04621227,-0.05780090,-0.05838582,-0.07146716,-0.04929853,-0.03055601,-0.05819906,-0.04872432,-0.06538545,-0.05785254,-0.03970892,-0.06353542,-0.05875942,-0.05689044,-0.04668078,-0.04658834
1978-02-28,-0.01173463,0.01751648,-0.02047462,-0.00990179,-0.00953395,-0.01535820,-0.01528660,-0.00941452,-0.00847181,0.00422374,-0.02175990,-0.01558015,0.00669553,0.00305266,0.05856256,-0.02713376,-0.00837077,0.00430686,0.03343057,-0.01662421,-0.04932233,0.00986562,0.01696373,0.01649027,0.01257788
1978-03-31,0.05015557,0.02816239,-0.01397257,0.02925793,0.03968299,0.04200841,0.02786500,0.03306196,0.04096986,0.05970106,0.04495018,0.02457670,0.04829282,0.06440314,0.09176964,0.04297845,0.03318992,0.05995080,0.04460895,0.07731200,0.03943115,0.04447316,0.07975780,0.04979183,0.04321236
1978-04-30,0.09151917,0.06217182,0.06853866,0.07955882,0.13247036,0.08560105,0.07725502,0.07724431,0.11241198,0.14243418,0.10839457,0.06842702,0.09231990,0.10460399,0.08867134,0.08703918,0.04053889,0.07312856,0.07075455,0.07581995,0.10845379,0.07922529,0.09264435,0.10892160,0.10427925
1978-05-31,0.02674971,-0.00254310,-0.00047822,0.02059749,0.02776591,0.02355077,0.03234312,0.02463013,0.04796558,0.07852015,0.02068207,-0.00120140,0.03166528,0.08840704,0.05417743,0.03031930,0.02683232,0.04579204,0.06462187,0.05778651,0.01028989,0.05612099,0.05285512,0.09751527,0.11895252
1978-06-30,-0.00868535,-0.00184672,-0.01225255,-0.02081380,-0.00876379,-0.03507406,-0.01289045,-0.00263234,-0.01345598,-0.01473768,-0.01444713,-0.02403271,-0.00377686,0.00971581,0.00383628,-0.01922478,-0.00242630,-0.00382788,-0.00070369,0.01112203,-0.00173636,0.00686617,0.00566134,0.04391006,0.03026394
1978-07-31,0.06880056,0.04921726,0.06083713,0.05016754,0.06284201,0.03294717,0.02212827,0.06659814,0.05271615,0.10148173,0.03617878,0.06384871,0.08304001,0.07249446,0.04976537,0.04816385,0.06988038,0.07796360,0.12083324,0.11364187,0.07493232,0.05358336,0.11084724,0.11297699,0.09676782
1978-08-31,0.05071879,0.02471939,0.05119281,0.03412591,0.04611155,0.03145685,0.03704968,0.03611713,0.04275985,0.04058717,-0.00093667,0.02681233,0.05846584,0.03008009,0.07568263,0.06143414,0.04214251,0.06089526,0.10784416,0.09770702,0.01916754,0.08043531,0.06616259,0.11495346,0.07933648
1978-09-30,0.01687108,0.00460759,0.01014989,0.01255303,-0.00640798,0.01645242,-0.01158073,-0.01785217,-0.03432879,-0.00075873,-0.00207856,-0.00409885,-0.02416625,-0.02278659,-0.03710212,-0.02136987,-0.02171130,-0.02637250,-0.03465563,-0.02253525,0.00505447,-0.01167588,-0.04395014,-0.04913406,-0.06222457
1978-10-31,-0.10631221,-0.08676938,-0.08840155,-0.09936340,-0.10774217,-0.06468365,-0.08889894,-0.11045582,-0.14387751,-0.21120524,-0.06396671,-0.12324695,-0.10498857,-0.18062584,-0.19749778,-0.08109144,-0.13046681,-0.15337235,-0.21692114,-0.22274363,-0.10922186,-0.16450694,-0.20001276,-0.21481951,-0.24597086
1978-11-30,0.03690355,0.03326441,0.03820588,0.01009400,0.02047235,0.04261501,0.02553738,0.02192806,0.03636119,0.07330196,0.00937179,0.03330511,0.03673694,0.08488003,0.07670285,0.02510450,0.02872072,0.04244654,0.09644000,0.11377277,0.03501367,0.04496939,0.10065985,0.10800768,0.17821697
1978-12-31,-0.01848904,-0.00034490,-0.01941344,-0.00627081,0.01631753,-0.01438416,0.02648005,0.02055104,0.02642123,0.00975718,0.05675207,0.02858534,0.01628171,0.03830726,-0.00309267,0.00307047,0.03045573,0.01856255,0.02209074,0.01410687,0.03079803,0.05307830,0.04092657,0.04460714,0.03724087
1979-01-31,0.10407644,0.06374068,0.05587708,0.06311564,0.07469351,0.07817961,0.04730423,0.04677447,0.05414041,0.10415212,0.04837192,0.03349188,0.06086059,0.07315714,0.10288521,0.03281484,0.04936324,0.07358287,0.07931878,0.07980780,0.02557613,0.01915469,0.05199647,0.04069893,0.06887340
1979-02-28,-0.01739722,-0.01200739,-0.02003289,-0.02174379,-0.04985951,-0.04145674,-0.01977299,-0.02750239,-0.03878696,-0.05787306,-0.01912229,-0.02185001,-0.04547418,-0.03301210,-0.04403633,-0.01226409,-0.03968150,-0.04671941,-0.07070888,-0.04756876,-0.01843030,-0.01834961,-0.02711617,-0.02025942,-0.06339941
1979-03-31,0.08859296,0.05198581,0.05927145,0.06574799,0.07987842,0.07434827,0.03841847,0.05976936,0.09000681,0.13124665,0.05877999,0.04439451,0.08560440,0.10233538,0.11715742,0.07127194,0.06229410,0.07447852,0.10803089,0.11964305,0.03635274,0.06845131,0.09623059,0.09615997,0.10870205
1979-04-30,0.02413072,0.00831098,-0.01000752,0.00835417,-0.01028443,0.00756872,0.02390931,0.00964893,0.01189481,0.02166985,0.01426008,0.00570339,0.00742911,0.01282492,0.02725382,-0.00206890,-0.00067512,-0.01270530,0.03325618,0.02046780,-0.02064197,0.01288099,0.03958096,0.01349503,0.05173340
1979-05-31,-0.02898263,0.00309777,-0.00686290,-0.01318185,-0.01960464,-0.03771667,-0.00220741,-0.00364472,-0.00896611,-0.02154538,-0.02516092,0.00218360,0.00333792,-0.00589097,-0.01160803,-0.02474417,-0.01463728,-0.03749266,-0.04538571,-0.01188622,0.00009501,-0.03367844,-0.02091830,0.02557783,0.00846575
1979-06-30,0.06513242,0.06374755,0.03947150,0.03504844,0.06254095,0.06322386,0.03786099,0.05088704,0.07480739,0.07603946,0.06646585,0.03697371,0.04779183,0.05258947,0.08352165,0.04574714,0.03322260,0.08634219,0.09470360,0.05309406,0.03252444,0.02802532,0.07627309,0.07787104,0.07848363
1979-07-31,0.01364464,0.01092260,0.01504523,0.03296858,0.04912885,0.01157737,0.01692761,0.02309968,0.03557706,0.02924916,0.02154620,0.01060616,0.02240699,0.02640007,0.02348456,0.04123088,-0.00249683,0.02723305,0.00341776,0.00771141,0.01298218,0.01627637,0.00786477,0.00955580,-0.00211352
1979-08-31,0.07194160,0.06529647,0.03804373,0.06220628,0.06849963,0.08994784,0.05706345,0.05890637,0.07143307,0.07999099,0.09003176,0.05501068,0.04892472,0.07246973,0.05791125,0.07373376,0.05318570,0.06154596,0.07806321,0.07466067,0.07285497,0.08337781,0.10245560,0.09011311,0.08254956
1979-09-30,-0.01771818,-0.03319378,-0.03773744,0.00391095,-0.01059056,-0.03947200,0.00479078,-0.00657655,0.00569713,-0.00690984,-0.02671432,-0.01459201,0.00415636,0.00602169,-0.00439977,-0.02052353,0.00425841,0.00257686,-0.01174694,0.02883787,0.04501750,0.02775407,0.03398756,0.07823129,0.03573693
1979-10-31,-0.08273129,-0.05811380,-0.07114693,-0.08641750,-0.11847724,-0.06102865,-0.08629482,-0.07750457,-0.08653680,-0.10648380,-0.08081010,-0.08607402,-0.08855036,-0.10400074,-0.10952818,-0.07358783,-0.06542447,-0.10206263,-0.08212729,-0.09886001,-0.03418277,-0.04153538,-0.06761050,-0.03177899,-0.09558770
1979-11-30,0.02872682,0.05038350,0.04427288,0.05289686,0.10086058,0.03093978,0.05903609,0.05023532,0.08411491,0.09112393,0.02220975,0.04563567,0.05988652,0.10375760,0.07811977,0.01183913,0.06890223,0.07356085,0.12279760,0.10289561,0.07189146,0.12269252,0.12330113,0.10430385,0.15522324
1979-12-31,0.02937607,0.00265394,0.01798931,0.01756001,0.04381099,-0.00875490,0.02094184,0.03665095,0.03545368,0.06490992,-0.00553438,0.02088178,0.04346711,0.03473121,0.05728533,0.01471457,0.05769973,0.05709782,0.08341826,0.08829396,-0.00200432,0.03609096,0.06591879,0.07595929,0.08417243
1980-01-31,0.04702175,0.00045408,0.02711835,0.02231518,0.04034548,0.05187035,0.00115844,0.04506140,0.06438126,0.07310943,0.02949544,0.02102063,0.04583444,0.07391363,0.05737740,0.01211993,0.05039389,0.11315441,0.10583047,0.11465644,0.10120717,0.11077335,0.13644222,0.15349969,0.13943488
1980-02-29,-0.05012081,-0.04234590,-0.05813065,-0.05324657,-0.04575459,-0.06560359,-0.03548473,-0.03763378,-0.05492437,-0.04652542,-0.05797102,-0.05766426,-0.03701723,-0.03923781,0.02624668,-0.00160275,-0.03650359,-0.00421503,-0.00074370,0.03057152,0.04052847,0.07937540,0.10698778,0.04740765,0.10134779
1980-03-31,-0.07993648,-0.06618949,-0.06345821,-0.04714080,-0.14252516,-0.08810748,-0.06252373,-0.05484732,-0.13225034,-0.19810295,-0.08679997,-0.04184595,-0.10105930,-0.15762772,-0.18150241,-0.03714976,-0.10732527,-0.16251566,-0.17786773,-0.24965627,-0.09696460,-0.14261196,-0.19060565,-0.19695537,-0.24823421
1980-04-30,0.06863797,0.05784765,0.07585100,0.05530108,0.04316425,0.04942413,0.05792758,0.03538235,0.02593645,0.06962252,0.01161774,0.06787631,0.03747445,0.04311827,0.03461200,0.08250428,0.02950948,0.01654736,0.09027612,0.02096829,0.07921546,0.03555423,0.06427706,0.09571929,0.11301256
1980-05-31,0.06636798,0.09020289,0.06444279,0.08091364,0.09309493,0.10052195,0.07162461,0.05131566,0.08266726,0.10816199,0.09126191,0.06343908,0.07198288,0.08242946,0.07764155,0.08848189,0.04842335,0.06642460,0.05619760,0.09257000,0.06921264,0.03921452,0.03987594,0.04795626,0.07270073
1980-06-30,0.01565278,0.01415314,0.02196381,0.02715469,0.04932011,0.03984637,0.03251483,0.01516411,0.03801232,0.05063329,0.02561703,0.03491491,0.02926028,0.04454528,0.07815032,0.04242955,0.03291998,0.03321140,0.04052805,0.03401694,0.01574905,0.04393121,0.06491234,0.06934519,0.08304348
1980-07-31,0.08961924,0.02282911,0.04932611,0.05944866,0.07821971,0.10443824,0.04885285,0.06011946,0.08088177,0.12068235,0.05882051,0.08774318,0.07951704,0.06930243,0.05577514,0.08520418,0.09994846,0.09791117,0.09040729,0.12043651,0.12248197,0.05083414,0.05942570,0.07292307,0.04972644
1980-08-31,0.01078151,-0.01508643,0.01374557,0.03468506,0.01191626,0.01034659,0.00655977,0.00699283,0.01259357,0.04101227,0.02598568,0.01007036,0.01601289,0.01637336,0.04736290,0.01464120,0.00892812,0.01992170,0.06010744,0.08883951,0.02441517,0.03564169,0.05066413,0.02648904,0.04390066
1980-09-30,0.04889149,-0.02187712,-0.01390598,0.00598083,0.02438957,-0.01097089,-0.02109505,0.01424508,0.01137349,0.02286311,-0.00209537,-0.00088949,0.03040582,0.03968357,0.04726364,0.00489720,0.05729156,0.05381238,0.06115130,0.06460292,0.04680974,0.05838163,0.09731759,0.03922040,0.08813705
1980-10-31,0.00674372,0.04009366,-0.02586884,0.00001557,0.00502477,-0.03367635,-0.02959817,0.00257258,-0.00043725,0.02010362,-0.02116268,-0.01549424,0.00273617,-0.00825098,0.01239704,0.01233117,0.03576273,0.05748882,0.07832528,-0.01801625,0.04994042,0.03726502,0.06676411,0.06545228,0.06211904
1980-11-30,0.03177681,0.01695903,0.04769449,0.01229040,0.05494264,0.02035269,0.03857182,0.05060762,0.08132833,0.10442422,0.01841482,0.08505976,0.11894714,0.14746761,0.09451918,0.03641611,0.15593018,0.13199076,0.15346893,0.12322321,0.12498126,0.23754338,0.14543650,0.16848579,0.16772890
1980-12-31,-0.04048169,0.00736618,0.02819343,0.02871548,0.00739931,0.02575383,-0.00602198,0.00702998,-0.03679890,-0.06927921,0.03255773,-0.00975668,-0.07104105,-0.06145981,-0.10820204,0.04597165,-0.06419178,-0.03194087,-0.07342653,-0.09317625,-0.04316693,-0.05526231,-0.07851708,-0.06901940,-0.03033812
1981-01-31,0.01527421,0.00884977,0.00584561,0.00860260,-0.01985526,0.04901394,-0.00783695,-0.05011685,0.03939101,-0.00171401,0.01002871,-0.03364694,-0.04409471,-0.04736474,-0.04345960,-0.04172333,-0.04879433,-0.07694601,-0.09818769,-0.11136066,-0.02892204,-0.09134338,-0.10061018,-0.09508112,-0.10408082
1981-02-28,-0.01052392,0.00126942,0.04798920,0.01179742,0.01830687,0.02004091,0.01111205,0.01482410,-0.01513675,0.01600706,0.02746737,0.02367031,0.01666554,0.01238163,0.00191815,0.04862715,0.02585228,0.00750704,0.01908008,0.00760302,0.02041297,0.01572229,-0.00635819,0.01908594,0.00022017
1981-03-31,0.13773849,0.09934961,0.04325226,0.08790555,0.10417733,0.04492216,0.03560927,0.05012348,0.06446873,0.08296428,0.01854666,0.04241931,0.04798261,0.04777358,0.07229524,0.02334102,0.01346808,0.03511266,0.01470959,0.07256383,0.04345591,0.03630202,0.09167345,0.05446155,0.11469135
1981-04-30,0.02680229,-0.00456801,0.04677390,-0.00885704,-0.01267954,-0.00570729,0.00425612,-0.00039115,-0.02816492,-0.03378932,-0.02576955,-0.00492759,0.00922739,-0.10242363,-0.06984044,0.02124645,-0.01997556,-0.02209669,-0.00954584,-0.06488351,-0.00871016,-0.01499983,-0.01541532,-0.00362782,0.02081930
1981-05-31,0.02876932,-0.00934957,-0.01049994,-0.01062247,0.04690552,0.06261654,0.00188092,-0.01381343,-0.06341607,-0.02315508,0.02833414,0.03693471,0.01368812,0.00713116,-0.03918156,0.00425053,0.01486195,0.02015915,0.00650111,0.09998976,0.01571934,0.02720609,0.04548977,0.06020070,0.07348233
1981-06-30,0.05886725,0.00310828,-0.00944307,0.03457200,0.02898177,0.04580055,0.00415156,0.02411177,0.00638737,-0.01676311,0.02408626,0.00273150,0.00159785,-0.00811489,-0.07547484,0.00081525,-0.03604811,-0.04236615,-0.04165627,-0.10353358,-0.02094492,-0.02509609,-0.06009004,-0.07538000,-0.10490184
1981-07-31,0.04275190,0.00678453,0.01155618,0.05633649,0.05733565,-0.01767642,-0.03273524,0.00992150,0.02936081,0.02952431,0.01447162,-0.00838887,-0.05134628,0.01282895,0.01453621,-0.01450230,-0.03374924,-0.02807104,-0.02106986,0.00590298,-0.02201465,-0.04018802,-0.02979370,-0.01809152,0.00329689
1981-08-31,-0.07957867,-0.03750902,-0.04556154,-0.05752095,-0.04679310,-0.04224494,-0.04239061,-0.06023709,-0.08702972,-0.07285890,-0.04490038,-0.04016661,-0.05602402,-0.06296408,-0.04988512,-0.01073829,-0.06408427,-0.06226906,-0.07415303,-0.09332276,-0.05847332,-0.05623834,-0.05379023,-0.08704957,-0.11964451
1981-09-30,-0.10920445,-0.08284667,-0.07230534,-0.07242228,-0.09425905,-0.10984237,-0.06323914,-0.04090698,-0.09218592,-0.14636154,-0.10678232,-0.01916652,-0.03969817,-0.02477098,-0.03403997,-0.05424780,0.00505482,-0.03789826,-0.03331038,-0.18617155,-0.04703183,-0.01184186,-0.02619458,-0.02872495,-0.07825669
1981-10-31,0.10535941,0.05342448,0.03349112,0.02797948,0.03669099,0.12882202,0.05098698,0.01145900,0.07680142,0.07000144,0.09476476,0.01626903,0.06812690,0.10989924,0.09954810,0.04990914,0.04403088,0.06490019,0.09516903,0.15152604,0.01416736,0.02541807,0.07746461,0.09354658,0.12857717
1981-11-30,0.07152194,0.11660861,0.05526060,0.03909463,0.03230042,0.05479523,0.06573686,0.03242627,0.02773095,0.03563659,0.04561292,0.04969180,0.04035100,0.04058380,0.02362083,0.05953110,0.05465837,0.04581430,0.02533998,0.00414793,0.05845384,0.06346476,0.02372131,0.04743862,0.06880829
1981-12-31,-0.01299289,-0.04172966,-0.01828948,-0.02003897,-0.01162795,-0.04264368,-0.03710271,-0.02409574,-0.00610382,-0.07696313,-0.04322787,-0.02326994,-0.02230419,-0.03779261,-0.01119770,-0.06341606,-0.02780244,-0.02918281,-0.02785977,-0.01999374,-0.01969403,-0.01388111,-0.02183659,-0.01214634,-0.03098343
1982-01-31,-0.04241673,-0.02601894,-0.04234804,-0.07082793,-0.05655997,-0.05458107,-0.00615174,-0.01934526,-0.03563814,-0.07543984,-0.04739225,-0.04738599,-0.00633900,-0.03971307,-0.06579690,-0.04196512,-0.05644125,0.03534649,-0.03965426,-0.02595049,-0.04552423,-0.00698998,0.01162714,-0.00873823,-0.03332039
1982-02-28,-0.05418094,-0.06576663,-0.07345276,-0.03904105,-0.06375739,-0.08071029,-0.09360948,-0.03694869,-0.03951850,-0.07614942,-0.08140604,-0.06265628,-0.01260606,-0.03474238,-0.05467520,-0.09432377,-0.07371716,-0.04222798,-0.02624811,-0.07173141,-0.09783290,-0.05544686,-0.02439643,0.00553681,-0.04987758
1982-03-31,-0.00818719,0.01525946,-0.02808764,0.01026294,-0.02553372,-0.02794677,-0.01621900,-0.01975562,0.00224346,-0.04635086,-0.03924636,-0.02613028,0.00150214,-0.00989166,-0.03801321,0.01224283,-0.02317995,-0.00554659,0.00590421,-0.00174954,-0.00581240,-0.04971131,0.01224627,0.02792277,-0.00782389
1982-04-30,0.02235687,0.02052662,0.05298051,0.05602061,0.04433351,0.05729627,0.05192526,0.03604717,0.05947185,0.07809123,0.02936782,0.07372776,0.05413297,0.03882333,0.05640074,0.05837556,0.04755032,0.07192876,0.02566007,0.06293534,0.02550160,0.03416134,0.02798767,0.01812645,0.02053207
1982-05-31,-0.02955381,0.00308499,-0.02924867,-0.02900588,-0.03550037,-0.02082109,-0.00371548,-0.04978692,-0.04771106,-0.04665095,-0.01695438,-0.03822916,-0.01439364,-0.03108081,-0.04674736,-0.06190300,-0.03678861,-0.01267296,-0.02285388,-0.00496346,-0.00191182,-0.03740352,-0.05742930,-0.00197247,-0.02170810
1982-06-30,-0.04735962,-0.03359227,0.00418871,-0.00630828,-0.01973561,-0.04702370,-0.03680019,-0.03039843,0.01108978,-0.00023122,0.00848846,-0.03955087,-0.02358910,-0.00760752,-0.00300408,-0.11610960,-0.06484488,-0.02571466,-0.01290980,0.00263575,-0.10209463,-0.04817553,-0.03435648,0.00379612,0.03702750
1982-07-31,-0.02938889,-0.02870702,-0.02144530,-0.00051229,-0.01765711,-0.05803104,-0.03697979,-0.01208777,-0.01661355,-0.02149088,-0.06990515,-0.03035785,-0.03640592,0.00937748,0.01734507,-0.06416039,-0.05698330,-0.02154320,0.03546125,-0.00731156,-0.04869884,-0.03970335,-0.03070499,-0.00039475,0.00171216
1982-08-31,0.12056536,0.12886859,0.12689060,0.11532777,0.10641412,0.08947736,0.13605633,0.10912200,0.12783130,0.07706129,0.14217426,0.16061200,0.12327401,0.11276398,0.09616152,0.16733540,0.14064653,0.13201610,0.10005229,0.08398113,0.13659469,0.13964146,0.13356444,0.12369907,0.07826650
1982-09-30,0.04018137,0.00116622,0.03609804,0.02066987,0.02471359,0.04383043,0.02427377,0.02494683,0.05349873,0.04210830,0.01143452,0.03597177,0.01826843,0.00865976,-0.00145198,-0.01222272,0.01193902,0.01288720,0.03532768,0.01477592,-0.03914922,-0.03050733,0.01831069,0.02539138,0.06521102
1982-10-31,0.11334433,0.07656205,0.14108276,0.13409342,0.14519983,0.11824925,0.09510818,0.12236914,0.14194684,0.19503204,0.12099273,0.15780485,0.12210140,0.13211447,0.14739867,0.14362047,0.13064394,0.11725136,0.13840704,0.13313532,0.15610455,0.09044263,0.06985581,0.12587714,0.17037264
1982-11-30,0.00297216,0.06630366,0.01291327,0.02922235,0.07598024,0.03265562,0.01178002,0.00966875,0.08580601,0.10026797,0.04754121,0.01399977,0.05421767,0.08001420,0.10269730,0.00531436,0.05032011,0.02847788,0.09222859,0.13698814,0.01395298,0.04042821,0.06848409,0.10284276,0.10308156
1982-12-31,0.01918996,0.02377179,-0.00758366,0.02000687,-0.00077317,-0.03410842,0.02463187,0.01239189,-0.01365015,0.00253382,0.06026984,0.04602671,0.00759311,-0.01179354,0.00899005,0.11758302,-0.00108486,0.02169554,0.01601205,0.01058046,0.02908777,0.04180714,0.00692562,0.00620517,-0.01164526
1983-01-31,0.05960894,0.06456516,0.05963912,0.05254787,0.07673816,0.01890463,0.03768637,0.03738641,0.06964219,0.04534277,0.13205534,0.02235948,0.04895263,0.01893421,0.04550009,0.03127843,0.00614857,0.02371729,0.05005941,0.05061484,0.01561821,0.03332358,0.02056332,0.02465417,0.02308236
1983-02-28,-0.01137941,0.01060314,-0.03084472,0.05238927,-0.01935725,-0.00177786,0.01661133,0.05113282,0.04767760,0.05500651,-0.01851576,0.04205057,0.04182119,0.06880107,0.06522228,0.02582888,0.03928392,0.03140843,0.04483684,0.03473546,0.02244400,0.03715810,0.06320077,0.07394466,0.09409241
1983-03-31,0.03192628,0.04473019,0.03712409,0.06583336,-0.01417670,0.03025198,0.05111460,0.03877913,0.05507315,0.04876861,0.02806612,0.03963249,0.04109368,0.03168980,0.01673026,0.01699013,0.04741316,0.04967312,0.04971678,0.03288982,0.01670188,0.01827482,0.03787008,0.07838542,0.06352309
1983-04-30,0.04717729,0.08136977,0.07108077,0.07709001,0.06894595,0.07650677,0.08420044,0.09959917,0.06121053,0.05998933,0.08061589,0.07982385,0.07357809,0.03645196,0.09594672,0.04917491,0.07525569,0.07184067,0.07971374,0.10601710,0.03108233,0.10353576,0.06309813,0.07904785,0.13839581
1983-05-31,0.07299491,0.05783127,0.03485957,0.05417621,0.06620730,-0.03331480,0.01310022,0.02832220,0.06826752,0.07577462,-0.01925617,0.03043448,0.00874933,0.01662528,0.04617148,-0.01052607,0.00227844,0.00019606,0.03276142,0.03581103,-0.00939322,-0.02520510,-0.00453907,0.05455502,0.05409164
1983-06-30,0.02090794,0.04247148,0.06839852,0.06377315,0.06258187,0.04009997,0.03966579,0.03091859,0.07173024,0.05027362,0.00840856,0.03548395,0.02854254,0.05794269,-0.00216564,-0.00726544,0.03608140,0.03335407,0.05229150,0.07020675,0.01697025,0.06446631,0.07219219,0.09237269,0.04871679
1983-07-31,-0.03384389,-0.01238284,-0.04556438,-0.01924417,-0.07918900,-0.02328939,-0.03314730,-0.02277814,-0.08066662,-0.06677773,0.00713247,-0.01861140,-0.04005646,-0.03956561,-0.07260661,0.00305302,-0.04624743,-0.03006613,-0.03808568,-0.10715135,-0.00431132,-0.00630917,-0.02405536,-0.04645964,-0.09485281
1983-08-31,-0.00034033,0.02811725,0.02996282,0.03741405,-0.00582813,0.02996577,0.05286531,0.01774393,-0.02985374,-0.07085622,0.01773042,0.00363415,-0.01561404,-0.01985796,-0.05184520,0.03560339,0.02089127,-0.02457762,-0.03957632,-0.04549560,-0.00595210,-0.03203407,-0.03830200,-0.02155150,-0.02314164
1983-09-30,0.02235632,0.04610823,0.02865600,0.01032859,-0.01725306,0.03191931,-0.00540108,0.00717727,0.02449176,-0.05050762,0.02980049,0.01834988,0.01496927,-0.00701492,-0.03518998,0.00799013,0.01864491,-0.00309746,0.00988796,0.02090213,0.03893125,0.01562168,0.03843288,0.04266613,0.02748968
1983-10-31,-0.03828411,-0.00829532,-0.02782302,-0.06382099,-0.10132755,-0.01089429,-0.03796476,-0.03053309,-0.06725314,-0.09662992,0.01803388,-0.02949033,-0.06431680,-0.09167219,-0.09874312,0.00545899,0.00859121,-0.06109767,-0.05597305,-0.12257080,0.01277777,-0.02930952,-0.03263225,-0.08048037,-0.10766709
1983-11-30,0.05357755,0.06045772,0.02782829,0.05754674,0.08279894,0.03056739,0.04675552,0.04040323,0.06383869,0.05197540,0.01492651,0.04310205,0.01476429,0.06436359,0.06390643,0.01325304,0.04773607,0.03761665,0.03581267,0.04915572,0.00074217,-0.00508740,0.02431542,0.04375478,0.08540196
1983-12-31,-0.00481558,-0.02603488,-0.01608737,0.00882875,-0.02872871,-0.00409678,0.00176289,0.00464055,-0.00757813,-0.02847059,-0.01788045,-0.01191916,0.01098155,-0.01909146,-0.04411660,-0.02173391,-0.00588252,0.00255180,-0.01835951,-0.02686453,0.01140115,-0.01427277,-0.01263437,-0.03167757,-0.03647015
1984-01-31,-0.01244684,0.00150860,0.02417458,-0.02582285,-0.03592814,-0.02833018,-0.01488743,-0.02808845,-0.04699133,-0.03620221,-0.03927498,0.04159962,-0.05217137,-0.02542550,-0.04825360,-0.01260288,-0.00845060,-0.03133644,-0.01306541,-0.02189141,-0.01244876,0.00217581,-0.00348914,-0.04929064,-0.09013603
1984-02-29,-0.05470234,-0.05344465,-0.04920229,-0.03292223,-0.02940064,-0.06361717,-0.04379443,-0.03674821,-0.01588312,-0.00996033,-0.06567502,-0.03870049,-0.03700255,-0.03586054,-0.03981567,-0.04807989,-0.02827859,-0.04467058,-0.06035998,-0.00784093,-0.02545412,-0.03221166,-0.04646255,-0.00329312,-0.05069649
1984-03-31,0.01718119,0.00604523,0.01402074,0.02046155,0.01625507,0.01112206,-0.00379750,0.01727240,0.02514881,0.04974374,-0.01251741,0.01229032,0.03065544,0.03969267,-0.02465935,0.00342410,0.01787832,0.00710074,0.03043823,-0.00032380,0.00074117,-0.00696561,0.01440414,0.04043797,0.06493592
1984-04-30,-0.00517497,-0.00549554,0.01101085,0.00734354,0.01617519,-0.00831752,0.00455923,0.00489596,0.00054673,-0.00714062,-0.01139200,0.00774366,-0.01025378,-0.00511869,0.01097770,0.02362516,-0.00828790,0.01109469,-0.01750234,0.01097671,-0.01472972,0.00763666,0.03509187,0.01276507,0.02372121
1984-05-31,-0.06977642,-0.04945601,-0.05724201,-0.05678242,-0.05184923,-0.04071299,-0.05194015,-0.04388529,-0.04798966,-0.08476195,-0.07256128,-0.06204807,-0.04979696,-0.04296514,-0.04519901,-0.08212952,-0.06824575,-0.05768981,-0.03068790,-0.06618018,-0.04142043,-0.09616210,-0.04267913,-0.06781700,-0.03215105
1984-06-30,0.01836459,0.01651324,0.02990049,0.00335873,0.00449350,0.02268082,0.05156374,0.02466357,0.02086131,0.00432589,0.02351858,0.04946050,0.03643248,0.01496846,0.02573278,0.02065996,0.08040618,0.01569008,0.02953266,0.03386458,-0.00619598,0.02232636,0.04769628,0.02404542,0.01382761
1984-07-31,-0.01296209,-0.00488904,-0.02249862,-0.00645689,-0.05272517,-0.04653337,-0.03391389,0.00650764,-0.04235147,-0.06404690,-0.06335758,-0.02396379,0.00023443,-0.01248149,-0.01973076,-0.08461625,-0.03685521,-0.00392477,-0.00881041,-0.02856746,-0.06692326,-0.06783800,-0.03426736,-0.04356307,0.00427974
1984-08-31,0.10805430,0.11459920,0.11098900,0.09582571,0.13425799,0.18012006,0.11552255,0.12609090,0.10779358,0.11831502,0.13336431,0.14776604,0.11024403,0.09409074,0.11803817,0.19351049,0.16907465,0.13984387,0.09842373,0.07073100,0.12289713,0.17784061,0.15587295,0.10758344,0.08896796
1984-09-30,-0.01248795,0.01204778,0.00518244,-0.00643975,-0.00212669,-0.02992499,-0.01024014,0.01587458,0.00703122,-0.01252990,-0.02836359,-0.01547188,-0.00140938,0.02457169,-0.02416200,-0.02895522,-0.01773511,-0.02427590,0.01758766,0.00622257,-0.03232340,-0.00219308,-0.01832255,0.03322080,-0.00572553
1984-10-31,0.00614706,0.00524396,0.01610396,0.01307322,-0.00291898,-0.01352884,-0.01214790,0.00160886,0.00098156,0.00028024,-0.04284102,-0.00752941,0.01597579,0.00392726,0.01021974,-0.06613734,0.00470884,0.01808235,-0.00050913,-0.00894527,0.00558543,-0.01764503,0.02702122,-0.02482555,0.00692414
1984-11-30,-0.03337265,-0.01134227,0.00159529,-0.00605397,-0.02882507,-0.02935334,-0.01608802,-0.00757510,0.00381570,-0.01647729,-0.03901657,0.00557721,0.00450091,-0.02077915,-0.00768149,-0.01012998,0.00979969,0.02088420,0.00270680,-0.02437065,-0.07043949,-0.00791067,-0.01356468,-0.01569097,-0.02514706
1984-12-31,0.03556543,0.01717035,0.03068615,0.03163307,0.03068556,0.03134944,0.00816368,0.02030926,0.02852216,0.02016124,0.02143326,0.00672566,0.01581677,0.03756572,0.03089210,0.02132414,0.02742564,0.01849095,0.02885372,0.03650073,0.05448005,0.02160762,0.03690614,0.02450122,0.02582107
1985-01-31,0.11471603,0.09364778,0.08073974,0.09417675,0.08895253,0.13042393,0.10420153,0.07064058,0.11019422,0.08817186,0.15179819,0.09744448,0.09425665,0.08176172,0.10999741,0.13488676,0.09011773,0.07634537,0.07414085,0.09505709,0.14191524,0.05129428,0.03948709,0.07892464,0.09480356
1985-02-28,-0.00652935,0.00068409,0.03967625,0.00948422,-0.00267834,0.00789246,0.01418114,0.02684989,0.01762031,0.00609323,0.01962041,0.03713965,0.01672314,0.01325947,0.02167699,0.00781385,0.00581492,0.02084874,0.01008560,0.04190779,-0.00313447,0.02753043,0.01706438,0.03404647,0.05661101
1985-03-31,0.00775992,0.01324050,-0.00565131,-0.00422702,-0.03538536,-0.01584681,0.00214127,-0.00056533,-0.00993848,-0.02684953,-0.00759064,0.00027725,0.01263498,-0.00671175,-0.06854616,-0.02248739,-0.01682646,-0.01380059,-0.01027298,-0.00970275,0.03370292,0.01243130,0.02400120,-0.01021316,-0.00158030
1985-04-30,-0.02645047,-0.03190032,0.00723455,-0.00376488,-0.03386043,-0.02260654,0.01141304,-0.01664502,-0.00486733,-0.00591196,-0.00327645,0.00023960,-0.01141163,0.00570317,-0.01735874,-0.00978976,-0.00533110,-0.01319891,0.00439426,0.01910074,0.02072683,-0.00116573,-0.00169844,0.00836196,0.02631967
1985-05-31,-0.00774703,0.07784096,0.02501661,0.01528985,0.08623882,-0.01137965,0.00894053,0.06384848,0.04754147,0.04102123,0.03991163,0.06815575,0.07085649,0.08123242,0.02729352,0.05329237,0.07118567,0.07697406,0.07365461,0.05857094,0.07054896,0.07955297,0.04761168,0.08349410,0.08747458
1985-06-30,-0.00915461,-0.00125468,0.02297285,0.02214901,0.00407702,0.01402210,0.01804218,0.00219410,0.01640784,0.00557577,0.01548658,-0.00313904,0.00640008,0.03064860,0.02733016,0.01838363,0.01353822,0.01542989,0.03695404,0.01591418,0.03405599,0.02589145,0.03919965,0.05054675,0.04095000
1985-07-31,0.06501000,0.04994164,0.03615736,0.01992454,0.04904879,0.04255416,0.01179939,0.02832120,0.03202856,0.00400648,0.01149131,0.00084254,0.00639554,0.02636739,0.01553460,0.00236574,-0.00940757,-0.00104867,-0.00951302,0.01502788,-0.03548757,-0.03542916,-0.02194913,-0.02962488,0.00178153
1985-08-31,-0.01393258,-0.01242976,-0.01826734,-0.01068749,-0.02362834,-0.01667758,-0.02017866,-0.00783639,0.00385357,-0.02001213,-0.02008386,-0.00469756,0.00126776,-0.01434539,0.00491960,0.00025837,-0.00612247,0.00154518,-0.00445199,-0.01657681,0.01454890,0.00296237,0.00996544,0.00976219,-0.01595200
1985-09-30,-0.07411357,-0.03549412,-0.03415078,-0.03594719,-0.06390315,-0.09246806,-0.03153887,-0.05092966,-0.04686826,-0.08920567,-0.03456130,-0.04234808,-0.05001436,-0.05186076,-0.06024057,-0.02128053,-0.02801566,-0.02021884,-0.02540524,-0.04872677,-0.03287022,-0.04230873,-0.03662091,-0.04420452,-0.06290341
1985-10-31,-0.01149236,0.02037246,0.00708152,0.03643712,0.00940906,-0.00923220,0.02990632,0.06096421,0.04551539,0.03370057,0.03458579,0.04456286,0.03981680,0.05740671,0.03877373,0.05720773,0.05188934,0.05408972,0.06215034,0.07351940,0.05684266,0.07355313,0.06151977,0.07580073,0.09085878
1985-11-30,0.09883491,0.08867634,0.09633131,0.08126499,0.10727174,0.04943138,0.08454256,0.06170901,0.08524788,0.08625679,0.06694167,0.06890025,0.07819893,0.06697700,0.06986639,0.05071316,0.05743254,0.07468110,0.07498321,0.05547914,0.05389975,0.07543367,0.06383912,0.06920547,0.07760122
1985-12-31,0.05234806,0.04824102,0.07455902,0.04198431,0.04315644,0.05693134,0.08462693,0.03319060,0.04124907,0.04527670,0.04063997,0.04873347,0.03942073,0.04703724,0.02487106,0.03450671,0.04897248,0.03807541,0.03298186,0.04071539,0.03436087,0.05290225,0.01907218,0.02735853,0.03747338
1986-01-31,0.01822371,0.02217681,0.02237599,-0.02316980,0.03067490,-0.00312882,-0.01635304,0.00130761,0.01200556,0.03759544,-0.05843456,-0.02597989,0.01855479,0.03729700,0.04216922,-0.01299491,0.01341983,0.03529937,0.02239384,0.04155463,0.01733735,0.03394684,0.00595847,0.05042174,0.05205075
1986-02-28,0.08250811,0.04009928,0.06220055,0.08915510,0.08965963,0.05899887,0.04413597,0.11020308,0.09298281,0.06935607,0.04054663,0.07188972,0.05624753,0.06380831,0.06750619,0.07598104,0.08861813,0.07063364,0.07689986,0.09395104,0.08070967,0.09353805,0.09259388,0.06447711,0.09968618
1986-03-31,0.02582824,0.05299977,0.06127626,0.07182329,0.03082028,0.04704874,0.05801311,0.03704731,0.05064022,0.01799128,0.05693389,0.05143487,0.01934349,0.06379130,0.04141424,0.04988839,0.06650652,0.08477131,0.05874314,0.04994833,0.08125243,0.07588089,0.07141518,0.04735620,0.07288202
1986-04-30,0.01407906,-0.00309018,-0.01558552,-0.01831978,0.00075765,0.01642103,0.00921433,-0.01119295,0.00183751,0.01865550,0.00554360,-0.04313746,-0.01414278,-0.02854078,0.00609913,0.01773555,-0.01902955,-0.01022837,-0.01505663,-0.01846774,-0.00673293,-0.01466483,-0.01211544,0.00181773,0.03170938
1986-05-31,0.03488018,0.05463835,0.06627532,0.03547360,0.02469601,0.04058184,0.02749547,0.05887429,0.03615217,0.08911877,0.06912627,0.03863101,0.05190134,0.04121927,0.04359954,0.00963743,0.05887153,0.05806760,0.06091411,0.08028236,0.05978772,0.08459610,0.07487391,0.07007164,0.06519834
1986-06-30,-0.04083293,-0.02551479,-0.00682314,-0.00881185,-0.01972653,-0.02300415,0.00563616,-0.01867889,0.00802922,0.03515002,0.01214405,0.01638128,-0.00643229,0.03259705,0.03722193,0.00968837,0.01826258,0.02988147,0.03021966,0.07212969,0.04331024,0.04047042,0.04757087,0.02836070,0.03342501
1986-07-31,-0.09873449,-0.07708326,-0.07319220,-0.07779053,-0.09231592,-0.07577697,-0.07782752,-0.07285602,-0.07981596,-0.10352266,-0.06345400,-0.04755359,-0.09381290,-0.05987662,-0.08202061,-0.01562879,-0.02384284,-0.05799465,-0.06733996,-0.09337652,-0.02216634,-0.04258349,-0.05567711,-0.07133815,-0.09412658
1986-08-31,0.16111814,0.11511181,0.08928015,0.04129753,0.06521495,0.15519785,0.07110600,0.07318123,0.11043841,0.01679054,0.09499700,0.08371758,0.06381400,0.06559059,0.03485480,0.08778187,0.05965094,0.04720050,0.04923978,0.05293166,0.06262125,0.05325472,0.03673248,0.04697131,0.03796724
1986-09-30,-0.03706043,-0.01956037,-0.05199787,-0.03118704,-0.05516106,-0.02358213,-0.03145478,-0.04321851,-0.08053366,-0.11122732,-0.03142780,-0.08711194,-0.08165617,-0.08427412,-0.08039494,-0.06668148,-0.09457525,-0.09631840,-0.08495255,-0.08234830,-0.08283371,-0.11622467,-0.10821611,-0.11693854,-0.11696032
1986-10-31,0.01088189,0.02015024,-0.03067094,0.02997276,0.03872847,0.04386642,0.06392629,0.02966525,0.07321735,0.06434654,0.04906339,0.06893652,0.06632433,0.04139604,0.08349870,0.04056108,0.05609484,0.06230975,0.08099467,0.07606501,0.05403790,0.06026290,0.07071258,0.06878451,0.07318413
1986-11-30,-0.04491908,0.02794443,0.01487611,0.02817375,-0.00417086,0.01229764,0.02164129,0.00596776,0.00798572,-0.01439430,0.04196498,0.02981071,0.03268930,0.00997920,-0.01464035,0.03286414,0.01804872,0.00096218,0.02036037,0.00988025,0.02214768,0.01735536,0.01533145,0.00471471,0.00531445
1986-12-31,-0.02864114,-0.02476431,-0.03994371,-0.02112685,-0.01792821,-0.05730614,-0.00778312,-0.02641410,-0.01958144,-0.02121791,-0.04251263,-0.02531856,-0.03259355,-0.03044218,-0.02366834,-0.02089567,-0.01626142,-0.02051557,-0.02705836,-0.02549172,-0.02437243,-0.01875464,-0.03588387,-0.00322876,-0.04053446
1987-01-31,0.12276689,0.12441303,0.09955210,0.14290562,0.09326655,0.09919376,0.11011713,0.12546571,0.11752591,0.14851525,0.15382893,0.13585800,0.14315929,0.14520073,0.15542097,0.16684173,0.09766680,0.12537608,0.13275386,0.17382087,0.11853254,0.11511631,0.14108633,0.15250010,0.16870425
1987-02-28,0.05394637,0.04401159,0.06180855,0.11096469,0.07951276,0.10186326,0.07590829,0.06508824,0.08193881,0.07535596,0.09569555,0.06476943,0.02690312,0.06642995,0.07511229,0.09950098,0.01996501,0.00542138,0.09151840,0.10672289,0.08983841,0.03044239,0.00762940,0.01028201,0.10255037
1987-03-31,0.00094532,-0.00496281,-0.00391912,0.02016229,0.01448221,0.01461255,0.01079929,0.00507083,0.02076733,0.03072724,-0.02394873,-0.00060510,0.00575254,0.02693540,0.02718438,-0.03255925,0.05191186,0.00965308,0.01333922,0.05035660,0.04081193,0.02617096,0.03338710,0.06063296,0.05739488
1987-04-30,-0.04603115,-0.05164210,0.01765941,-0.01758049,-0.03558423,-0.02570317,0.00855301,-0.02540175,0.01733874,0.00795795,-0.02804165,-0.00356468,-0.04277602,-0.00195475,-0.01767197,-0.07163583,-0.04378576,-0.02681450,-0.01466629,0.00966156,-0.04603644,-0.03269326,-0.00823720,-0.00566424,0.04671213
1987-05-31,-0.00022082,0.00182055,0.01188094,0.00085356,0.00262689,0.02081247,0.01757318,0.00851715,-0.00199049,0.01632571,0.01440543,-0.00840040,0.00432652,0.01205926,-0.03970532,-0.00007086,0.00982847,0.01132224,0.01709706,0.01498124,0.00006568,0.01313660,0.01506142,-0.00506293,0.00701912
1987-06-30,0.02994156,0.05776557,0.06089918,0.04390435,0.04784304,0.03425127,0.04764730,0.05386119,0.05545920,-0.01110990,0.02916064,0.06117278,0.02687543,0.04040047,0.02063087,0.03627241,0.06556083,0.04843169,0.04158389,0.01644726,0.05848205,0.06308833,0.03853409,0.05448471,-0.02573850
1987-07-31,-0.00087020,0.00450431,0.00444162,0.00489116,0.04347568,0.02290979,0.01711701,0.03234782,0.04245201,0.05643212,0.03210863,0.04758548,0.06456799,0.04061503,0.02299497,0.03052883,0.06032888,0.05828804,0.06292237,0.04464705,0.04475826,0.04362521,0.06564085,0.05422657,0.05083815
1987-08-31,0.04855332,0.07971294,0.05215632,0.03373342,0.02219129,0.04576739,0.04957651,0.06799067,0.08613725,0.05020668,0.03530711,0.04109647,0.02700438,0.00034470,0.05249437,0.01292094,0.03828268,0.03789611,0.04256848,0.05375122,0.05559393,0.02710238,0.03626547,0.02385477,0.08959385
1987-09-30,-0.03298543,-0.01563979,-0.00710351,-0.01323514,-0.03578062,-0.03280407,-0.00450142,-0.00012891,-0.03077595,-0.01750148,-0.01687394,-0.02058429,-0.01897518,-0.01970782,-0.02789084,-0.02115163,-0.04554333,-0.02653824,0.00213122,-0.05008575,-0.03010403,-0.03095371,-0.01213248,-0.01659704,0.04662566
1987-10-31,-0.24477044,-0.13096510,-0.13192778,-0.19850677,-0.25193341,-0.22168501,-0.09840355,-0.13954624,-0.25223092,-0.25842938,-0.16454252,-0.20830855,-0.24296986,-0.19963951,-0.25648148,-0.18979912,-0.21022956,-0.22909585,-0.27219713,-0.28071449,-0.22795379,-0.20788160,-0.23693203,-0.26256824,-0.29999005
1987-11-30,-0.06512867,-0.07182727,-0.03392600,-0.05286643,-0.06677752,-0.05755626,-0.06453185,-0.08064459,-0.11065330,-0.06680430,-0.04925363,-0.05629443,-0.08485237,-0.07113515,-0.09139108,-0.03503535,-0.05620024,-0.08312198,-0.09536321,-0.08141636,-0.01489617,-0.08836923,-0.07199122,-0.03984637,-0.02608547
1987-12-31,0.07282769,0.05380504,0.05983329,0.04726701,0.07355236,0.08708757,0.03638314,0.07673069,0.10003621,0.13035008,0.07667811,0.01557747,0.08145700,0.11415314,0.12544835,0.02791894,0.04229951,0.09382929,0.14117754,0.12151468,0.00194047,0.05377024,0.09119644,0.05026515,0.14035527
1988-01-31,0.05110828,0.05410487,0.04803022,0.03633245,0.03664446,0.10863019,0.07277361,0.05991383,0.03425004,0.01239297,0.05650284,0.07623819,0.07580466,0.01532956,0.00173893,0.07853385,0.09002066,0.11583907,0.03619850,-0.00195186,0.07687441,0.07414952,0.13895833,0.04113393,-0.03585866
1988-02-29,0.09027897,0.03375571,0.02518272,0.05346109,0.07520968,0.07151405,0.07178361,0.05147957,0.03203651,0.07403104,0.13588930,0.05758557,0.03940149,0.02613267,0.08423392,0.12043275,0.09166802,0.04524934,0.02417766,0.06479378,0.14005348,0.08779611,0.06989362,-0.00243645,0.05291324
1988-03-31,0.01124268,-0.00323627,-0.01418702,-0.02451548,-0.00841823,-0.00314314,-0.00914316,-0.03671893,-0.02725834,0.01190531,0.00599046,0.01167783,-0.01366981,-0.04085936,0.03976773,0.01996839,-0.02434100,-0.03353004,-0.05138619,-0.03299252,-0.00997741,-0.00680255,0.00520612,-0.01945875,0.01802273
1988-04-30,0.01801427,0.01825409,0.00777556,0.01114123,0.00719059,0.02536001,-0.01452596,-0.00177483,0.03126636,0.01704000,-0.00002994,0.02459092,0.01064337,0.00234694,0.03111538,0.00297841,0.00607525,0.00206766,-0.00130785,0.02978713,0.00170106,0.00347086,0.02525556,0.00431257,0.05046038
1988-05-31,-0.01817822,-0.00122474,0.00483307,-0.00648421,-0.03825836,-0.02596206,-0.00347777,0.01176274,-0.00854585,0.00348047,-0.02292967,-0.01830085,0.01833680,-0.00114762,0.00168412,-0.01661226,0.02520300,0.02127934,0.01750360,-0.01996018,0.01089099,0.00933561,0.01543996,-0.00085931,0.01327493
1988-06-30,0.07190022,0.04312666,0.05621325,0.02795649,0.05980251,0.05717271,0.05292735,0.03176538,0.04922468,0.05913175,0.09020717,0.04147178,0.03957804,0.07221154,0.03023852,0.09049659,0.07404222,0.03730053,0.02934713,0.06053307,0.12184290,0.08240883,0.03786472,0.06089370,0.06425786
1988-07-31,-0.01443527,-0.00244816,-0.01579976,-0.00353291,-0.02265172,0.00122120,-0.01199135,0.01465895,-0.02074196,-0.00944692,-0.01194187,0.01217360,-0.00283199,-0.01407124,0.00478983,-0.00220905,-0.00985408,-0.01707818,-0.01879381,-0.00580677,-0.01900614,-0.01930183,-0.02004158,-0.02221644,0.02967483
1988-08-31,-0.03282265,-0.03193232,-0.00768406,-0.02623771,-0.02339143,-0.02039157,-0.02848827,-0.00543857,-0.04334799,-0.03470360,-0.03866944,-0.00793932,-0.02621903,-0.05391736,-0.04452330,-0.02808359,-0.03205363,-0.01306851,-0.03962226,-0.03332639,-0.04929535,-0.01265635,-0.02286257,-0.05319991,-0.00889741
1988-09-30,0.04684594,0.03925631,0.04285941,0.05375473,0.03420880,0.04701054,0.04305696,0.04259146,0.04118005,0.02796068,0.06708606,0.03025233,0.01890998,0.01814037,0.02773177,0.05653591,0.00392272,0.03712295,0.04734464,0.03918778,0.01251986,0.05910243,0.05067004,0.05199983,0.02619082
1988-10-31,0.03551693,0.00162665,0.03469047,0.03975314,0.00025118,0.02637796,0.01025634,0.02343650,-0.00008747,-0.02173042,0.03094299,0.02588767,0.01932179,0.01588736,0.00986618,0.02544943,0.02595828,0.00749986,-0.00270067,-0.02320260,-0.00079571,0.00631782,0.01474167,0.04320483,-0.02621366
1988-11-30,-0.01185527,0.00579417,-0.00926748,-0.03039708,-0.02997330,-0.01080910,-0.01168846,-0.00265633,-0.02904077,-0.04770663,-0.02161400,-0.02014957,-0.02358697,-0.01785133,0.00959040,-0.00754163,-0.02373062,-0.02690226,-0.02248472,0.00686610,-0.02234982,-0.00199366,-0.01308110,-0.03397449,0.00194867
1988-12-31,0.07094759,0.02468642,0.03153937,0.02876996,0.07176835,0.04073735,0.01943987,0.00850360,0.01208319,0.05564436,0.01335313,0.01470512,0.01843944,0.06054172,0.02694485,0.01849702,0.00393156,0.03507409,0.03435595,0.04975650,-0.00026118,0.00676606,0.01498714,0.01830377,0.01779755
1989-01-31,0.05515262,0.05065175,0.05411357,0.06999760,0.08358638,0.07006489,0.05091446,0.09055334,0.06487944,0.08284312,0.06085409,0.05905377,0.08166093,0.06807461,0.04849729,0.05425289,0.07186002,0.08141486,0.06487320,0.07876856,0.05606265,0.06667272,0.06576926,0.06054303,0.07654436
1989-02-28,0.00150299,-0.01622391,-0.01101089,-0.00147896,-0.01712772,-0.02346157,-0.01119561,-0.02201423,-0.00903504,0.03801853,-0.02633779,-0.02649251,-0.03234529,-0.01647423,0.00047077,-0.01418036,-0.02432500,-0.02921268,-0.00918142,0.02659639,-0.00515755,-0.02369582,-0.00780387,0.01926475,0.01389101
1989-03-31,-0.02208497,-0.00558880,0.01154212,0.03104091,0.00654379,-0.01060968,-0.00371669,0.04645418,0.03668214,0.02040766,0.00374132,0.02315551,-0.00749821,0.03139305,0.00889928,-0.01532548,0.02624732,0.03341905,0.04525873,0.03176924,0.03795962,0.04095683,0.04353975,0.04535307,0.06785364
1989-04-30,0.07451898,0.04932113,0.02137690,0.04821106,0.03201720,0.02812791,0.04263057,0.05166481,0.03344826,0.02978918,0.05359240,0.04104751,0.04511801,0.05716999,0.03302542,0.02022423,0.05525847,0.05604885,0.06897632,0.07406800,0.06334001,0.06453080,0.04230207,0.06565277,0.05012637
1989-05-31,0.02132656,0.04587999,0.01810319,0.02097972,0.04838582,0.08907838,0.03393904,0.01841229,0.03644864,0.04771096,0.02268785,0.05347263,0.03350884,0.05006813,0.02733369,0.04111859,0.04709832,0.03485892,0.05277279,0.03868558,0.03530313,0.05137458,0.04196947,0.06328357,0.07187651
1989-06-30,-0.04893148,0.02208368,-0.00741558,0.01535458,-0.04258328,-0.03071185,0.00338848,-0.02037409,-0.01489903,-0.01611899,0.01058025,-0.00466085,-0.00401033,-0.00628248,-0.01301738,0.00966059,-0.01862530,0.01381506,0.00402087,-0.01219380,0.00743362,-0.00428888,0.00120531,-0.00158941,-0.02076710
1989-07-31,0.04543086,0.04040237,0.04656932,0.06304283,0.06449777,0.00875778,0.06222506,0.06510035,0.07144348,0.02252486,0.03537011,0.07108519,0.09614584,0.05873266,0.01026367,0.06068803,0.10406814,0.07946428,0.08299918,0.06893489,0.06350690,0.11400943,0.12744758,0.07175640,0.07876458
1989-08-31,0.03278853,0.03315321,0.02177422,0.03860566,0.05875162,0.03351111,0.02398570,0.04574932,0.04167270,0.03790718,0.02814639,0.01850554,0.02137847,0.04114666,0.01827562,0.01646467,0.02071508,0.02672210,0.04554272,0.00792925,0.02016996,-0.00212143,0.03104596,0.05033897,0.02434826
1989-09-30,-0.04940639,-0.05155652,-0.04570335,-0.00131657,-0.00919850,-0.02184211,-0.03182755,-0.00954731,-0.02275538,-0.03298561,-0.01865810,-0.01248155,-0.01941273,-0.00718507,0.00896398,-0.00884399,-0.01658160,0.00858801,0.01305984,0.01362752,0.00661881,0.01545750,0.01116832,0.01514497,0.08380116
1989-10-31,-0.06830187,-0.05963399,-0.06724207,-0.04349228,-0.07103235,-0.07952158,0.00101612,-0.04065441,-0.03043005,-0.09952868,-0.03644628,-0.03735638,-0.05070084,-0.04306723,-0.09457320,-0.01046797,-0.02431452,-0.03710718,-0.05035888,-0.05202629,0.00390429,-0.01584305,-0.01070007,-0.02428540,-0.04750229
1989-11-30,0.01664114,-0.02485699,-0.03493018,0.00333285,0.00705229,-0.03366239,-0.00517701,0.01498323,0.01606896,0.02755670,0.02353979,0.00231537,0.01997170,-0.00280860,0.01963169,0.01294474,0.02828271,0.02488152,0.00445531,0.03518871,0.03651037,0.03361486,0.02172881,0.00262312,0.02216189
1989-12-31,0.01587537,0.01213333,-0.01585878,0.01069552,-0.04299536,-0.02245887,0.00785307,0.01903467,-0.01471805,0.02838872,0.07866121,-0.00636666,0.02307636,-0.00491776,-0.00512380,0.04423534,0.03374946,0.03860712,-0.00187563,0.02387762,0.03996883,0.02885284,0.02956051,-0.00883145,-0.04398618
1990-01-31,-0.04708471,-0.05276208,-0.05267868,-0.07426385,-0.07944660,-0.05796346,-0.06413202,-0.07201586,-0.05350414,-0.09073217,-0.06320684,-0.05822668,-0.06614520,-0.08027622,-0.09672804,-0.04756779,-0.06720155,-0.04787344,-0.05660256,-0.11491049,-0.07055938,-0.06201148,-0.08325862,-0.10470948,-0.11165455
1990-02-28,0.03803800,0.00553710,0.01603527,0.01720763,0.01646492,0.03149588,0.03040938,0.02662224,0.01997491,0.01364099,0.00566231,0.01840657,0.02147728,0.01620807,0.08829337,0.05259640,0.01605207,0.03304097,0.03879773,-0.00120108,-0.00673207,0.00374118,-0.00188913,0.01388470,0.04896454
1990-03-31,0.02036809,0.02398072,0.01289741,0.01991232,0.02879565,0.01622310,0.01544179,0.00867602,0.01920001,0.02135257,0.03670131,0.02991617,0.02790150,0.05238736,0.03167220,0.03145203,-0.00030077,0.03595004,0.04773285,0.01055124,0.00409343,0.00852759,0.03238094,0.03791851,0.04024109
1990-04-30,-0.02468378,-0.04669929,-0.03082607,-0.04572592,-0.03805673,-0.02563080,-0.01371693,-0.03753943,-0.03911983,-0.02732352,-0.07109510,-0.03777391,-0.02088240,-0.03797823,-0.02340155,-0.05402257,-0.03005456,-0.02186946,-0.00929967,-0.02821442,-0.04345953,-0.03078456,-0.02140839,-0.03021812,-0.03568082
1990-05-31,0.09302525,0.08179055,0.09843936,0.08603336,0.08760864,0.12470902,0.08088615,0.09083973,0.07934711,0.11800349,0.08618408,0.08014972,0.07531332,0.08995698,0.12071829,0.10183488,0.07683379,0.08286944,0.10676512,0.11605532,0.05425362,0.09149960,0.09568907,0.13408952,0.13127390
1990-06-30,-0.01313744,-0.00512912,-0.00249450,-0.01477852,-0.00893972,-0.00373850,-0.01955670,-0.00396299,-0.01535920,0.01010435,0.00416140,-0.02257306,-0.00869017,0.00060886,0.01569185,-0.03049850,-0.03721134,-0.00001001,0.01879311,-0.02451264,-0.05102349,-0.02372389,0.01484321,-0.00038262,0.00236858
1990-07-31,-0.05565149,-0.02854500,0.00141845,-0.00406321,-0.02012446,-0.02960867,-0.02474500,0.01263619,-0.01135277,-0.06701274,-0.08606703,-0.04689709,0.00842396,-0.02504806,-0.02067363,-0.07225177,-0.04475504,0.02135506,-0.00990009,-0.04646321,-0.10419843,-0.07245138,0.04484559,0.01944215,-0.04140303
1990-08-31,-0.15374867,-0.10895100,-0.09771933,-0.09655019,-0.09362057,-0.13185457,-0.10456478,-0.06683293,-0.07683563,-0.11511632,-0.14740595,-0.09898986,-0.07459830,-0.09192669,-0.12314219,-0.13197557,-0.11831030,-0.05626155,-0.07400236,-0.12678696,-0.11813843,-0.09472933,-0.08343175,-0.10993433,-0.07930840
1990-09-30,-0.04444120,-0.03357816,-0.03515947,-0.01642844,-0.06300514,-0.08516635,-0.05902874,-0.03332858,-0.06133840,-0.03287639,-0.08763013,-0.07842710,-0.04052542,-0.03911311,-0.11494626,-0.07608913,-0.06808554,-0.02368378,-0.06814925,-0.08158998,-0.15631029,-0.12325480,-0.06263582,-0.07444474,-0.05933224
1990-10-31,-0.01474813,0.00032262,-0.00702800,-0.00064776,-0.03945465,-0.07689919,-0.01023446,0.02145841,-0.02434434,-0.02701376,-0.04824326,-0.02333349,-0.00092313,0.01608205,-0.03072747,-0.07812389,-0.05582147,0.02389940,0.01636044,-0.00048578,-0.10444310,-0.06530576,0.00046337,-0.01479566,-0.00584379
1990-11-30,0.06166866,0.05779265,0.07237940,0.05408524,0.08060815,0.05533705,0.12239529,0.04903137,0.05066824,0.13125121,0.11555791,0.09540197,0.06413126,0.06507940,0.10434954,0.12452897,0.15924107,0.03120588,0.06358528,0.12387209,0.16413226,0.14086497,0.07716000,0.01412040,0.06042872
1990-12-31,0.04909180,0.06954990,0.03515136,0.02585297,0.03812564,0.05329506,0.07362304,0.02203239,0.02335221,0.05059076,0.05856783,0.07143957,0.03949973,0.00495988,0.04146481,0.05524909,0.04246549,0.00969725,0.02089569,0.03479853,0.03710032,0.04233183,0.06201516,0.03758331,0.01711873
1991-01-31,0.10433640,0.04811240,0.04235700,0.02943880,0.07081297,0.10564379,0.07918272,0.01913970,0.00741353,0.15215416,0.14831325,0.06820347,0.05123146,0.01559412,0.04847181,0.08648731,0.12516319,0.07817318,0.00493218,0.04349159,0.13558538,0.11987168,0.12241578,0.02498238,0.07384753
1991-02-28,0.09322090,0.07041758,0.07703898,0.08685391,0.07480973,0.07923377,0.08035377,0.04820371,0.06774989,0.07358879,0.10249575,0.07121386,0.06764459,0.04814460,0.05894952,0.09282173,0.08646018,0.11002239,0.04364674,0.06893600,0.16837898,0.14035212,0.09371292,0.09614294,0.11391944
1991-03-31,0.06204741,0.02337637,0.01037225,0.01669939,0.02822952,0.04529969,0.00597815,0.01269137,0.01638701,0.07115043,0.03518762,0.03058028,-0.00152290,-0.00307287,0.07985880,0.03784290,-0.00397183,-0.00799735,0.03949034,0.08534968,0.04309435,-0.02342821,0.03183757,0.04578457,0.11124098
1991-04-30,-0.00296560,0.01565762,0.03155129,-0.00059530,0.03280147,0.01841003,0.00742555,0.00543335,0.00794718,0.01301482,0.01766703,0.04242542,-0.01261025,-0.00375792,0.00056547,0.06448037,0.01423281,-0.00471712,-0.00700362,-0.04108952,0.01719811,-0.00308558,-0.00971617,-0.01705889,-0.04005148
1991-05-31,0.05594425,0.05404236,0.06144048,0.05361243,0.05410723,0.05742105,0.02157987,0.03698059,0.09483660,0.06074522,0.09844620,0.00442618,0.04723356,0.05394921,0.07280534,0.04442262,0.02279913,0.05239901,0.03990269,0.04471408,-0.00919628,0.01178398,0.04701337,0.07932219,0.08979492
1991-06-30,-0.05266983,-0.06395197,-0.02427157,-0.05208868,-0.08851379,-0.02276227,-0.03464105,-0.04904367,-0.05898813,-0.09295784,-0.02299594,-0.05018756,-0.04836849,-0.08417065,-0.07011850,-0.03493364,-0.03950209,-0.04440924,-0.02398973,-0.07003196,-0.01471132,-0.02841133,-0.05070399,-0.06111017,-0.06921339
1991-07-31,-0.00949875,0.03288576,0.02292501,0.05547517,0.06267663,0.05599423,0.03200318,-0.00050406,0.04111258,0.07246923,0.02484556,0.03050895,0.05065952,0.05702006,0.05853012,0.02296932,0.05211854,0.06764221,0.06956909,0.07150049,0.04132017,0.07399964,0.06395142,0.08061563,0.14488994
1991-08-31,0.02760321,-0.00051861,0.01510868,-0.00089595,0.03574070,0.02994935,0.01610669,0.02846258,0.02457252,0.05553098,0.00218245,0.00530214,0.01177102,0.02226614,0.04061145,0.02940819,0.02648526,0.03406835,0.02057683,0.04641942,0.03130375,0.03837726,0.05817582,0.08216790,0.07462783
1991-09-30,-0.02154553,0.00223339,-0.00241507,-0.04723777,-0.01897705,-0.00357426,-0.02874022,-0.03150616,-0.00208013,-0.03307347,0.02370012,-0.04605781,-0.01430383,-0.02651954,0.01904070,-0.01104676,-0.04134389,-0.03189382,-0.01858160,0.00259995,-0.00071555,-0.01636468,0.00092144,0.01690786,0.01658865
1991-10-31,-0.00936145,0.01211934,0.02015569,0.06349596,0.00494812,0.00623875,-0.01695860,-0.04489487,0.04029860,0.05572317,0.01720757,0.00896447,0.04266794,0.02857150,0.03521201,0.02401297,0.01622709,0.01509286,0.02028730,0.05307706,0.04447302,0.01688991,0.01032896,0.04510672,0.05953387
1991-11-30,-0.03118510,-0.06427009,-0.04124911,-0.04182311,-0.05833930,-0.06009730,-0.04999798,-0.04974012,-0.04952242,-0.06159890,-0.03842693,-0.02391782,-0.01893504,-0.04123491,-0.09660422,-0.02737993,-0.05090431,-0.05805767,-0.05212172,-0.07156111,0.00080825,0.00869415,-0.06674247,-0.01150937,-0.03272475
1991-12-31,0.13088386,0.08143945,0.08919329,0.09312893,0.13447660,0.08717472,0.06258608,0.09139451,0.15371788,0.16465569,0.07550722,0.10723993,0.15968065,0.12848787,0.13563012,0.08041624,0.12083017,0.12265530,0.14262417,0.19842638,0.10193703,0.15262399,0.16562702,0.18422734,0.15063572
1992-01-31,0.03972433,0.00098783,0.04009581,-0.00261185,0.06343448,0.02745372,0.00755949,0.02166555,0.00070080,0.06604379,-0.01828157,-0.03277117,0.02019435,0.07521946,0.14805819,-0.02646372,-0.00162235,0.03256944,0.03747794,0.04134107,-0.04205757,-0.06277688,-0.02043760,-0.01016162,0.03571967
1992-02-29,0.07368136,0.03895164,-0.00586207,0.00722519,0.03835858,0.04746175,-0.00095128,0.02933968,0.05573548,0.05473993,0.01425394,-0.00582574,0.01270822,0.01275026,0.04469175,0.00230900,0.00411992,0.01844187,0.00927812,-0.03344975,0.00074558,0.01745625,0.02740528,0.02388183,0.00863868
1992-03-31,-0.01364043,-0.02845230,-0.02835868,-0.02002534,-0.05365441,-0.01016799,-0.01487284,-0.00388882,0.02969191,-0.06726397,-0.03586226,-0.01099517,-0.03698926,-0.02026933,-0.05124571,-0.01116096,-0.01966783,-0.03251837,-0.03191681,-0.10196418,-0.01556429,-0.02880025,-0.01676399,-0.04908083,-0.04768478
1992-04-30,0.04931704,0.03364547,0.03927246,0.00900151,0.00470584,-0.00966573,0.04701583,0.04222101,-0.00788985,0.00324090,0.05603420,0.01690644,0.00681172,-0.00845583,-0.05927831,0.03400578,0.01474373,-0.00439376,-0.01488195,-0.04462029,0.03564349,-0.00610154,-0.00655170,-0.03461406,-0.08544186
1992-05-31,0.03680912,-0.01010476,0.00345801,0.00706609,-0.03587986,0.00399184,0.00065693,-0.00303715,0.02339393,0.00484661,0.00918813,0.00511931,-0.00282189,-0.01351083,-0.02753448,0.01117093,0.02156203,0.01911137,-0.00445633,0.02174189,0.02211838,0.02321589,0.02067508,0.02713837,0.01213170
1992-06-30,-0.04277340,-0.04023088,-0.00856043,-0.01059993,-0.00424714,-0.05121876,0.01292041,0.00941389,-0.01922148,-0.00689029,-0.00000899,-0.02695692,-0.02609271,-0.03339729,-0.06917731,0.00402664,-0.01092367,-0.05472005,-0.05810867,-0.02065612,-0.01881995,-0.04252478,-0.04991444,-0.07167996,-0.03451150
1992-07-31,0.03433253,0.04149728,0.04988676,0.05896204,0.02515555,0.04415517,0.03212298,0.04662452,0.03490225,0.06609789,0.04767372,0.05204483,0.03228494,0.01405863,0.05855251,0.04993185,0.03341496,0.05664318,0.02697017,0.06538099,0.05956581,0.01169573,0.03219650,0.05399233,0.08615249
1992-08-31,-0.00723800,-0.00815007,0.00118111,-0.01421962,-0.03722976,-0.01331279,-0.00447984,-0.02088356,-0.04123332,-0.04734843,-0.04161247,-0.01016384,-0.01662705,-0.02581200,-0.08418255,-0.01229313,-0.03026033,-0.03756927,-0.08774342,-0.04844127,-0.01310757,-0.00487536,-0.02760638,-0.04353083,-0.05687374
1992-09-30,0.01958167,-0.00416629,0.01462793,-0.00389329,0.00825220,-0.01231245,-0.00220252,0.00890632,0.01901748,0.00520238,0.00550411,0.01486225,0.02100700,0.02955136,0.06003926,0.00505037,0.03416190,0.01097931,0.02936421,-0.00165038,0.01563534,0.01821499,0.02489464,0.04996308,0.10157840
1992-10-31,0.05618254,-0.02153270,-0.00222701,0.02931225,0.04781967,0.03987141,0.01150490,0.01176083,0.04750983,0.03337951,0.03406451,-0.00248122,0.00745655,0.01673207,0.07356434,0.01381107,0.00059718,0.02016216,0.02652146,0.01583178,-0.00239360,0.03048542,0.04464028,0.02254109,0.09985477
1992-11-30,0.07756648,0.03503435,0.04738191,0.04246049,0.10146596,0.08873747,0.03288003,0.03753463,0.05139094,0.05532136,0.01379057,0.01281500,0.03567751,0.06636159,0.11557843,0.02595116,0.02374531,0.04221630,0.05772313,0.10701265,0.02184398,0.05066162,0.02952160,0.05580605,0.10696198
1992-12-31,0.02315400,0.00814905,-0.00290820,0.01361398,0.00777353,-0.01315760,-0.01899097,0.01587726,0.01298053,0.05991663,-0.00612295,0.01386361,0.01611180,0.02992465,0.09198407,0.01830057,0.02374338,0.02010797,0.02900048,0.03546961,0.02658545,0.03181865,0.03745978,0.05122239,0.08371054
1993-01-31,0.02555785,0.01418310,0.00048493,-0.02373773,0.00733722,-0.00943198,0.00667132,0.00625536,0.02459554,0.03250176,0.02478237,-0.02401253,0.03133551,0.05250241,0.00689780,0.00812955,-0.00467385,0.01068711,0.05079789,0.02767965,0.00731554,-0.00354596,0.03878179,0.07964494,0.11355934
1993-02-28,-0.03869518,-0.02997456,-0.02454602,-0.00174597,-0.00244420,-0.01030168,0.00148912,0.01370552,-0.03059469,0.00065057,-0.01720716,-0.00205585,0.01181297,0.02527777,-0.03044750,0.02097983,0.04195715,0.02067117,0.00266546,-0.01146114,0.03499270,0.03151314,-0.00349360,-0.03385503,-0.01778577
1993-03-31,0.01484806,0.01378165,0.03876913,-0.00399085,-0.00103850,0.02451012,0.02511400,0.00706343,0.05013317,0.06292814,0.00079867,0.04435754,0.00858516,0.02350564,0.05279933,0.02249053,0.02052483,0.04277120,0.05292383,0.02987716,0.01894624,0.05740947,0.03528438,0.04345457,0.06436709
1993-04-30,0.00581721,-0.03157754,-0.04044907,0.00315162,-0.02247972,0.01215557,-0.00382936,0.01383452,-0.00328109,-0.06008793,-0.01661058,-0.02731776,-0.05071917,-0.05384301,-0.00854372,-0.01322442,-0.03338392,-0.00715043,-0.03303060,-0.05262112,-0.06766890,-0.03738098,-0.03835707,-0.07451705,-0.00994368
1993-05-31,0.02391185,0.01858533,0.03191340,0.04554104,0.06249016,0.03603359,0.01250893,0.02902184,0.02227207,0.05509512,0.01745133,0.02510888,0.05120668,0.05756072,0.05722760,0.01438158,0.02513914,0.06622300,0.06092855,0.07352654,0.00672609,0.03096041,0.05099741,0.07877764,0.12522259
1993-06-30,-0.05142604,-0.01931841,-0.00090796,-0.03140073,-0.00599339,-0.01061773,-0.00852834,-0.01040019,-0.00071439,-0.00129698,-0.00635417,-0.00767152,0.02131333,0.01982994,0.00759239,0.02562456,0.03077313,0.01092102,0.03262283,-0.01316671,0.01321365,0.03187947,0.05121293,0.02093517,0.08084446
1993-07-31,-0.04174558,-0.01000401,-0.01612268,0.00378621,0.02684157,-0.04935221,-0.00533162,-0.03028765,0.02319212,0.01623705,-0.02400549,-0.00212323,0.00947274,0.00257145,0.04677897,-0.00277422,0.01021940,0.01382967,0.03131748,0.02101400,0.02242912,0.02541180,0.01700264,-0.01226867,0.03031627
1993-08-31,0.03098507,0.03414855,0.02791106,0.04051523,-0.00512703,0.05071913,0.03369053,0.03028914,0.02145563,0.02922691,0.04422528,0.03481506,0.04792423,0.07607917,0.04998103,0.03787948,0.02763960,0.03198551,0.03157179,0.14345549,0.04847070,0.02319567,0.06025060,0.07020247,0.11812796
1993-09-30,-0.01321762,-0.01093951,-0.03227589,-0.00378981,0.02913301,-0.02087166,-0.01651875,0.01613265,-0.01028636,0.01778571,-0.01019409,0.01252398,0.00808295,0.01243596,0.06707024,-0.00880706,0.01732083,0.01405612,0.03296681,0.03517500,-0.00041379,-0.01701652,-0.00009897,0.05533664,0.05323666
1993-10-31,0.03043315,0.05516387,0.03621922,0.03453642,0.04587407,0.09014269,0.01500347,0.00413572,0.01896093,0.04057514,0.01847069,0.00071953,0.02010087,0.01458571,-0.03908618,0.02353222,-0.01584215,0.04762744,0.00202061,0.03985082,-0.00315995,0.02868308,0.00760755,0.01925793,0.00194053
1993-11-30,0.00742012,0.01215938,-0.01068564,0.00268896,0.00168958,0.02882553,0.00626684,-0.01008382,-0.00962083,-0.01510874,0.03020465,-0.01792460,-0.02921908,-0.03132253,-0.05117087,0.00007894,-0.02595228,-0.02808377,-0.02056057,-0.04515194,-0.04165445,-0.03133010,-0.04690565,-0.04000890,-0.09464346
1993-12-31,0.01805005,0.02655732,0.01415707,0.02975772,0.03795376,-0.01858865,0.01748773,0.02336717,0.01951925,0.00311826,-0.01601974,0.02041481,0.03146768,0.05344560,0.02605479,0.01222852,0.03821293,0.03958247,0.05339883,0.05285398,0.01144734,0.01774282,0.01624331,0.04522004,0.04067731
1994-01-31,0.05586221,0.02105466,0.02330192,0.05094384,0.02016876,0.04888083,0.01877101,0.02869785,0.03565963,0.05762842,0.02509448,0.03096690,0.01260302,0.05081560,0.03547736,0.03214192,0.03658305,0.04044439,0.03485601,0.02729834,0.01781856,0.04645440,0.03976745,0.01704461,0.08303233
1994-02-28,-0.02258119,-0.02112884,-0.02266053,-0.02770789,-0.02027629,0.01949635,-0.02102250,-0.04353172,-0.00258902,-0.00825327,-0.01885476,-0.03086920,-0.00728939,-0.02819069,-0.00234098,-0.04326814,-0.02272059,-0.03033382,-0.02511846,0.00996163,-0.02089459,-0.02393818,-0.02048865,-0.01258809,-0.02353490
1994-03-31,-0.01762683,-0.03481536,-0.02627872,-0.02730577,-0.05742858,-0.05670672,-0.03854478,-0.03964605,-0.04043953,-0.08316290,-0.04316087,-0.05297330,-0.05249054,-0.05245242,-0.04119917,-0.03842970,-0.04190693,-0.04884949,-0.02998603,-0.06346384,-0.04735314,-0.04730833,-0.05862231,-0.07573777,-0.09035684
1994-04-30,0.03299328,0.03076750,-0.00087289,0.03948554,-0.01618163,-0.02485317,0.00836579,0.02804230,-0.02827537,-0.01645375,0.02247898,0.02201024,0.03917305,-0.00484153,0.02162693,0.00843718,-0.00762412,-0.01584256,0.00478583,0.01856354,0.00750601,0.00024827,0.00576694,0.03516354,-0.01554874
1994-05-31,0.02235144,0.00391890,0.02603671,-0.00418039,0.03493078,0.02396287,0.00561631,0.00827268,0.03752042,0.02461435,0.02703751,0.02074202,0.02158029,-0.00101151,0.00664430,0.02589622,0.00487005,-0.00978615,-0.01263521,-0.04440605,0.01076892,-0.00443674,-0.01407914,-0.03191864,-0.01474027
1994-06-30,-0.03300455,-0.02831408,-0.02999916,-0.02789646,-0.01438484,-0.03821600,-0.01448852,-0.01137165,-0.02425251,-0.04994381,-0.03888222,-0.02026879,-0.01632193,-0.03939684,-0.06465939,-0.00788527,-0.01917288,-0.02011535,-0.01830332,-0.07874036,-0.02536724,-0.04396845,-0.03135458,-0.03780268,-0.10284098
1994-07-31,0.02011114,0.03102391,0.02584690,0.03625896,0.04111822,0.04248109,0.04453754,0.03744650,0.03556450,0.03975062,0.03716880,0.01432789,0.02326722,0.03544548,0.05127682,0.02072626,0.02883240,0.03004990,0.01004048,0.01628105,0.04382157,0.03047347,0.06649067,0.03961927,0.04652258
1994-08-31,0.04363025,0.01600216,0.06720042,0.02990474,0.08625498,0.06525356,0.03137201,0.04157313,0.04516726,0.05434546,0.03167818,0.02378796,0.04057616,0.03060855,0.09283323,0.05697808,0.03467849,0.05092012,0.07369923,0.09596590,0.04260030,0.04428140,0.06559805,0.07464231,0.10310361
1994-09-30,-0.02113509,-0.01249063,-0.01816088,-0.01003851,-0.02969915,-0.02574301,-0.02185554,-0.01284365,-0.00373817,0.01365265,-0.01589662,-0.03330363,-0.01979099,-0.01298447,-0.01880849,-0.01679751,-0.03350066,-0.01952888,-0.01730017,0.03011411,-0.01112246,-0.05072287,-0.01198267,-0.01303733,0.00756261
1994-10-31,-0.03128205,0.02821031,0.01370302,0.01922323,0.01470995,0.00840320,0.01342554,0.01078837,0.02636393,0.05302433,0.00951419,0.01322186,0.03112297,0.00444060,0.03811412,-0.00805156,0.02921978,0.01555822,0.01789338,0.01467461,0.00119771,0.00369023,0.02961816,0.03219306,0.03274360
1994-11-30,-0.04619473,-0.03719323,-0.01745272,-0.02300408,-0.02913307,-0.02403945,-0.03239589,-0.04891961,-0.02750010,-0.04240650,-0.02287062,-0.02791173,-0.02939423,-0.04593457,-0.03533940,-0.05037448,-0.01931894,-0.05182064,-0.05402995,-0.03277623,-0.02464861,-0.05287012,-0.05420569,-0.03877407,-0.03254004
1994-12-31,0.02587937,0.00184424,-0.01182348,0.01002842,0.02557793,-0.02050126,0.02229098,0.02661226,0.02032096,0.00707129,0.02240171,0.00722460,0.02134755,0.01341277,0.01922752,0.00933511,-0.00270683,0.00928298,0.03315591,0.02646114,0.06271414,0.01660614,0.01946460,0.00246264,0.03938877
1995-01-31,0.03073283,0.02857332,0.03112556,0.01752288,0.01594157,-0.03970586,-0.00131940,0.00824649,0.03537958,-0.03115718,0.04565407,0.03831564,0.04012979,0.03649214,0.01207066,0.02979618,0.04481257,0.00998254,-0.03132869,0.00871208,-0.01190354,0.02895335,0.03648825,-0.00958845,-0.03395763
1995-02-28,0.04819024,0.04806036,0.03931344,0.05828425,0.05326166,0.04642568,0.05199825,0.05325996,0.02364387,0.03924444,0.03319275,0.05131685,0.02513091,0.02683553,0.03493553,0.03975188,0.04407252,0.02418563,0.04749798,0.06367304,0.05807708,0.03137330,0.02538936,0.06339849,0.07123185
1995-03-31,0.02728434,0.02518280,0.03449640,0.01996130,0.02736898,0.04769954,0.02586458,0.02906561,0.02577654,0.05464663,0.02409862,0.02611466,0.00880430,0.02719873,0.04856982,-0.01072927,0.03364616,0.02541990,0.04747119,0.04305550,0.00235905,0.02613599,0.03282322,0.07318353,0.06276250
1995-04-30,0.01390298,0.02374880,0.00446656,0.01822719,0.02135284,0.00521163,0.01880019,0.01363378,0.02079437,0.07848932,0.02389448,0.02577428,-0.00273241,0.02560374,0.03297816,0.01768740,0.02525639,0.01159770,0.04862660,0.03899718,0.03021203,0.04487930,0.04171318,0.04156418,0.04838632
1995-05-31,0.03122419,0.03269047,0.04855102,0.02467943,0.03896647,0.03172773,0.03142406,0.03744884,0.03988780,0.01782841,0.03905123,0.04377795,0.04511524,0.04387213,0.03956369,0.03163334,0.04244105,0.01126659,0.03011356,0.05505204,0.02489680,0.03266909,0.02068988,0.01655333,0.02092990
1995-06-30,0.01176036,0.04561193,0.03655333,0.01144872,0.00774260,0.02857690,0.03382823,0.01545041,0.02618033,0.05912449,0.00573669,0.01837578,0.03311409,0.04503693,0.07028796,0.04678823,0.01060064,0.02126014,0.05899024,0.09683099,0.00622962,0.02354112,0.06787002,0.12018559,0.14691310
1995-07-31,0.07099787,0.02915431,0.04127302,0.01534398,0.05404422,0.03497405,0.04876897,0.03335047,0.03525212,0.05107434,0.04021995,0.02753294,0.03064261,0.04619590,0.10250686,0.02757373,0.04435521,0.03671200,0.05323251,0.09893973,0.01910731,0.02822141,0.05075990,0.06505582,0.15479340
1995-08-31,-0.02284360,0.01259391,0.04826897,0.01491895,-0.00115869,-0.00259706,0.02087956,0.00229729,0.02885136,-0.01232701,0.02229695,0.01731621,0.00676751,0.01561757,0.01720968,0.01342681,0.01890741,0.00935845,0.03556005,0.00251232,0.00479982,0.00125258,0.00790998,0.00977622,0.00990604
1995-09-30,-0.00380416,0.01815311,0.00816499,0.09182436,0.00896190,0.02143822,0.00297396,0.00969111,0.02203146,0.00183086,0.02950314,0.02413926,0.00896235,0.01015752,0.01778771,0.03552398,0.03219619,0.04435424,0.02529702,0.00238646,0.06698357,0.06873027,0.00740784,0.02973507,0.07631292
1995-10-31,-0.06124638,-0.03957994,-0.03325777,-0.06264714,-0.05655022,-0.03348998,-0.02099430,-0.04112459,-0.03307641,-0.01867591,-0.00089095,-0.02761798,-0.01522962,-0.03397732,-0.03071680,-0.00440074,-0.00971421,0.00911917,0.03321522,0.01216954,0.02201259,0.00154481,-0.03926312,0.03027432,-0.07769916
1995-11-30,0.07426116,0.05218270,0.03431598,0.06656609,0.07339085,0.07578610,0.06348302,0.04583299,0.03350444,0.03658191,0.03682432,0.05666136,0.03961192,0.06292068,0.03607100,0.04271038,0.04955229,0.03932367,-0.02251274,0.04190803,0.04820048,0.06016283,0.05846315,-0.00458811,-0.03599366
1995-12-31,0.01024313,0.00442715,-0.00584837,0.00021258,0.01876023,0.02850970,0.02597158,0.00741064,0.00314879,0.01829873,0.04185314,0.02903941,-0.02304417,-0.02885703,-0.03281440,0.04198473,0.01373552,-0.01605674,-0.01402341,-0.05880571,0.04441018,0.02556779,0.00771348,0.01032132,-0.01144596
1996-01-31,0.00221499,0.02819992,0.00683431,0.03955836,0.04568474,0.00717870,0.02521062,0.02738512,0.07621148,-0.00123363,0.01492302,0.02571032,0.04975743,0.04984413,-0.03809631,0.02250211,0.02648064,0.03325130,0.03723226,-0.02463123,0.03534942,0.02466326,0.04157155,0.01384054,0.02605623
1996-02-29,0.02308765,0.02157343,0.00506097,0.01608964,-0.01206187,0.03748811,0.03846538,0.04119289,0.04916034,0.09200627,0.00367746,0.00375047,0.00505853,0.04967046,0.04590445,-0.00319669,0.00577659,0.02034134,0.05644584,0.03475946,0.00665662,0.00294879,0.01009969,0.03743907,0.07977456
1996-03-31,0.07193162,0.04659852,0.05232387,0.02183768,-0.00781016,0.04580629,0.03171714,0.00486883,0.02664929,-0.02634306,0.01281384,0.03336882,0.01199581,0.01054498,-0.00150402,0.01142128,0.02257774,0.00016652,-0.02590293,-0.00852529,0.01051206,0.00745362,-0.00289280,0.01116630,0.02646059
1996-04-30,0.09370442,0.03530912,0.06506284,0.04128190,0.09139067,0.10634866,0.02271925,0.03758003,0.01147241,0.14623295,0.02379111,0.03255330,0.01340988,0.05078752,0.10309316,0.00271199,0.00226733,0.03929879,0.03349920,0.06349110,0.01084790,-0.00868476,-0.00071307,0.00842029,0.13743128
1996-05-31,0.00616840,0.01615463,0.02012455,0.02795508,0.01067003,0.00982258,0.04595686,0.03224891,0.01014588,0.06716801,0.03711678,0.01645825,0.01736890,0.01506768,0.05522139,0.01903669,0.01908861,0.04863634,0.02846221,0.04827168,0.01431182,0.02831913,0.01893972,0.03905833,0.07743969
1996-06-30,-0.07103261,-0.02945297,-0.01193077,-0.03232781,-0.04227906,-0.07310540,-0.00349198,-0.00187074,-0.03213054,-0.04415256,-0.00927892,0.01728482,-0.01410569,-0.04925979,-0.08976440,-0.00475025,0.00746456,0.00572812,-0.03596606,-0.09577928,0.01309900,0.02360330,0.01069845,-0.00484398,-0.06028259
1996-07-31,-0.11608963,-0.04662815,-0.05053506,-0.07555887,-0.07673293,-0.12043443,-0.03544478,-0.04864849,-0.06130004,-0.10813715,-0.02817694,-0.05550067,-0.03373792,-0.10147975,-0.09979839,-0.05218410,-0.02727739,-0.02410301,-0.03619696,-0.17966124,-0.03725119,-0.03548227,-0.06519999,-0.08399798,-0.15327541
1996-08-31,0.03195113,0.03519563,0.03155999,0.03319455,0.08167432,0.05569757,0.02173713,0.03659375,0.05582735,0.07207831,0.04030649,0.02350580,0.01976289,0.04711614,0.09577512,0.04244223,0.03658461,0.01353514,0.05241509,0.10537116,0.02370202,0.02412970,0.03634625,0.07588953,0.06201353
1996-09-30,0.01701099,0.04244189,0.05494719,0.04778686,0.07449643,0.01337093,0.05399797,0.05484244,0.05242000,0.02966156,0.03709196,0.05139056,0.03281416,0.06279943,0.03273120,0.06228563,0.04086387,0.06848410,0.09220601,0.11614828,0.04705376,0.06328171,0.07772491,0.04991477,0.11172593
1996-10-31,-0.05499875,-0.01819833,0.02283865,0.02227755,-0.03654405,-0.04208483,0.01669144,0.03219350,0.00375117,-0.04470855,-0.06016007,0.03681429,0.03200099,0.04485506,-0.02390934,0.02465477,0.03494902,0.01436879,0.01900433,-0.04970135,0.03749913,0.03580003,0.02288032,0.00951648,-0.01714677
1996-11-30,0.10983074,0.07401799,0.06006232,0.05217298,0.08231937,0.09321523,0.06052185,0.06373505,0.10105505,0.06235610,0.09405007,0.08121325,0.05809452,0.10573709,0.06334176,0.07752333,0.07666664,0.05211079,0.05677037,0.03429065,0.06399430,0.06068840,0.08508153,0.01797465,0.02674176
1996-12-31,-0.05104701,0.00987050,0.00859827,0.01019100,0.02278566,-0.00120423,-0.00426116,0.00149529,-0.03100186,0.00551764,-0.01725332,-0.00223900,-0.02692021,-0.01633037,0.01683764,0.03061631,-0.03149133,-0.02755567,-0.00943391,-0.03547375,-0.00158245,-0.02486437,-0.01139500,0.01492463,-0.01768260
1997-01-31,0.05214266,0.05694497,0.01953320,0.02591787,0.06694548,0.05108432,0.01272368,0.03742263,0.04633126,0.10040447,0.03340962,0.03452207,0.05138550,0.06216645,0.03372486,0.06936819,0.03854222,0.07545344,0.04730488,0.05346882,0.04470429,0.06461240,0.05283175,0.15946555,0.10169429
1997-02-28,-0.01462914,0.00937174,-0.01057258,-0.00032573,0.01003702,-0.03337596,0.01971145,0.03488428,0.01594504,-0.05262034,-0.02532073,0.00632718,0.03849024,-0.03161179,-0.05775994,0.00681569,0.01330644,0.02048356,-0.01501414,-0.12650974,0.01908974,0.02474293,-0.01956910,-0.03183455,-0.11638225
1997-03-31,-0.06988755,-0.03844083,-0.04633844,-0.04450410,-0.06190800,-0.03408266,-0.05038804,-0.02291760,-0.03472504,-0.07986683,-0.06346390,-0.02451934,-0.05023581,-0.04133496,-0.08585161,-0.00039461,-0.02675273,-0.04561951,-0.05491839,-0.02651749,-0.01342566,-0.04344113,-0.06251418,-0.05639527,-0.03049020
1997-04-30,-0.00495743,0.01850832,0.01943567,0.00494670,0.02596463,0.00641250,-0.02017576,0.02533945,0.01767342,0.02528385,-0.00427722,0.02714110,0.02377073,0.03307514,0.03380344,-0.02844167,0.04922960,0.05289848,0.09165844,0.05078798,0.03214535,0.09750532,0.04923037,0.12639716,0.07403038
1997-05-31,0.16001267,0.10450599,0.06253301,0.08597173,0.16590885,0.16143379,0.08498776,0.05985548,0.10730560,0.14940893,0.22818247,0.05479451,0.05862388,0.08654047,0.14822940,0.10315337,0.05687834,0.06812675,0.08880573,0.13430498,0.07047912,0.05922127,0.03676429,0.05980920,0.05865483
1997-06-30,-0.00044858,0.02396762,0.03154056,0.03680745,0.04150948,0.03584438,0.05567991,0.04309619,0.06691778,0.03355541,0.02014280,0.03888437,0.04326997,0.05962808,0.00254151,0.01934739,0.05152749,0.02389505,0.04349182,0.01075409,0.02963971,0.06205080,0.06822609,0.08807254,0.01626878
1997-07-31,0.06176202,0.05414453,0.05649606,0.03823590,0.06360371,0.03532951,0.06476031,0.05560107,0.08439799,0.11048631,0.05679996,0.08762803,0.07807709,0.03989306,0.13085882,0.04835531,0.04665459,0.11356513,0.10988464,0.19803149,0.06399143,0.04559576,0.08501743,0.11463289,0.15593693
1997-08-31,0.00937139,0.02879480,-0.01140958,0.00189317,-0.01420480,0.05433229,-0.01826936,-0.02426347,-0.00118031,-0.00670741,-0.01572755,-0.03040993,-0.03901206,-0.03156408,0.02747105,-0.01758873,-0.04539759,-0.03681584,-0.03374831,0.03188894,-0.03096114,-0.08494192,-0.07472010,-0.06921137,-0.02148341
1997-09-30,0.09147598,0.03640400,0.06581454,0.04052287,0.06816240,0.03882202,0.05009062,0.05091560,0.03686847,0.05875863,0.05501183,0.04994384,0.06061861,0.07456525,0.05293612,0.06298958,0.07091564,0.05058692,0.00913173,0.08521573,0.04764961,0.05250140,0.08108357,0.08101426,0.06339519
1997-10-31,-0.06193521,-0.05953617,-0.03275246,-0.07845671,-0.04148236,-0.03526000,-0.02752932,-0.05063287,0.01548737,-0.07042339,-0.02727578,-0.03678787,-0.03333100,-0.06625536,-0.09145535,-0.00394492,-0.03683247,-0.04177192,-0.03516259,-0.09720444,-0.02043083,-0.01720680,-0.00142303,-0.01834365,-0.15401130
1997-11-30,-0.01577181,0.00393587,0.02340471,0.00852156,-0.00020770,0.03645901,0.05186358,0.05406731,0.00881937,-0.00985262,0.05176564,0.02671641,0.03464710,0.01431469,-0.07077299,0.06743751,0.04375926,0.06478131,-0.00852602,-0.05801464,0.03298497,0.03230311,0.03320574,0.03869801,-0.00960659
1997-12-31,-0.00267050,0.02429871,0.01454526,0.00485486,-0.05127684,0.00388431,0.03200605,0.01157748,-0.01482666,-0.02317133,0.03868959,0.02710465,-0.03320141,-0.01279018,-0.01073032,0.03145278,0.04108836,-0.01274232,0.03995174,-0.00808784,0.04006674,0.06939268,0.04005463,0.00403744,-0.00421399
1998-01-31,0.00891934,-0.00648307,0.00021854,0.00029483,0.03181049,0.03250074,0.00509486,-0.00270271,0.05658092,0.09435827,-0.00079779,0.00586816,0.01841232,0.02134861,-0.01385476,-0.02843940,0.01141167,-0.00754565,0.02681983,0.01181910,-0.01771118,-0.02463341,0.01169671,-0.03022586,0.03654043
1998-02-28,0.09390818,0.11250944,0.05996687,0.06975496,0.10507420,0.06690908,0.06481194,0.10827023,0.10686597,0.08305483,0.06742722,0.07696357,0.10050058,0.06909321,0.11728457,0.04916684,0.05095818,0.07213342,0.07335884,0.12183995,0.06579465,0.07671135,0.07199312,0.07244532,0.10957002
1998-03-31,0.02280474,0.02584532,0.04270370,0.08759848,-0.03281091,0.05680795,0.04431672,0.02455621,0.06744974,-0.02763791,0.03598772,0.06797295,0.06517725,0.07738227,0.04049520,0.03155777,0.07825043,0.04209452,0.05137005,-0.01696540,0.07657307,0.06755205,0.04599066,0.10046874,0.07726809
1998-04-30,0.02135404,-0.00434193,0.00830113,0.02657358,0.00909762,0.02262863,0.03112805,0.01008675,0.04644376,0.05870918,-0.01870240,0.00187420,0.00584625,0.04695184,0.05184190,-0.00336597,0.00442642,0.03605128,0.03373720,0.05997398,-0.02629802,0.00254772,0.00690292,0.02474855,0.04290281
1998-05-31,-0.05128839,-0.04107790,-0.06842688,-0.02051046,-0.07905338,-0.09841415,-0.01471677,-0.03156754,-0.04735010,-0.05048098,-0.03383834,0.00777672,-0.02537593,-0.02415506,-0.11674297,-0.00730812,-0.02448116,-0.03372021,-0.02716057,-0.02837886,-0.01540396,0.00309610,0.00774278,-0.02765003,-0.05276081
1998-06-30,-0.02737455,-0.02098764,-0.03364312,-0.01660659,-0.00439965,-0.03633398,-0.01788904,-0.00877058,-0.00836104,0.02857265,-0.02476822,0.00189355,0.04792957,0.01288074,0.02305483,0.01793623,0.09736706,0.06978786,0.05346656,0.08078356,0.03716348,0.03096106,0.06839963,0.06790972,0.16542664
1998-07-31,-0.07599161,-0.01141006,-0.08208416,-0.07030035,-0.00723874,-0.00374223,-0.05958799,-0.02666644,-0.04020010,-0.09317267,-0.12169239,0.00276347,-0.00474473,-0.04917924,-0.02540855,-0.02883186,-0.01598677,-0.02120668,-0.02511893,0.02952352,-0.02827335,-0.00466858,-0.00138777,-0.01553371,0.01718127
1998-08-31,-0.20736339,-0.14660948,-0.11994523,-0.16099680,-0.20142706,-0.24069365,-0.12828454,-0.10497591,-0.20037530,-0.23930289,-0.22439406,-0.12338816,-0.14662609,-0.18115087,-0.19502252,-0.17040925,-0.13281067,-0.17241568,-0.19267366,-0.25541868,-0.10765028,-0.15907520,-0.10270551,-0.16466991,-0.22246010
1998-09-30,0.16908969,0.10053560,0.03477290,0.07508976,0.05815207,0.15948780,0.12592777,0.06843237,0.06482993,0.02511055,0.10554388,0.07042464,0.07872557,0.04492990,-0.00216738,0.11816831,0.08203445,0.02101635,0.04039263,0.02603548,0.00360877,0.05369416,0.05386399,0.08594854,0.13472543
1998-10-31,0.13607672,0.05772703,0.07864184,0.09782191,0.13277874,0.17272142,0.10668296,0.06936191,0.11317738,0.07493564,0.12947029,0.06251329,0.01622966,0.08049921,0.15799443,0.19547800,0.13283663,0.03615489,0.14836839,0.06677193,0.15833570,0.04434396,0.04706922,0.04738428,0.06796749
1998-11-30,0.05519377,0.08338446,0.08669659,0.05835178,0.07006534,0.06926467,0.04801665,0.03516554,0.02406726,0.08679506,0.07905321,0.02651574,0.05100529,0.07979395,0.07506161,0.00510383,0.02756320,0.05465147,0.05570225,0.05659059,0.04076117,0.00965491,0.04386582,0.07493639,0.10121782
1998-12-31,0.01356766,0.04226004,0.01989035,0.02568845,-0.00178125,-0.00987156,0.03102795,0.02018411,0.04792279,0.12298076,0.05380011,0.01725336,-0.01375789,0.04312753,0.14415443,0.00552899,-0.03923868,-0.02893547,0.05908257,0.08991761,0.00962170,-0.01875245,0.02904245,0.11140195,0.18601674
1999-01-31,0.05938209,0.00865307,0.02178135,0.04413428,0.04808228,0.05186214,0.09030566,-0.04018057,0.01597104,0.04107408,0.07855340,-0.02631375,-0.05149264,-0.03128054,0.04289972,-0.03636966,-0.01228608,-0.03411413,0.01195964,0.08228858,0.00699140,-0.02249932,-0.03797544,0.05238025,0.14172784
1999-02-28,-0.03805642,-0.01943066,-0.00770859,-0.03073993,-0.00674880,-0.07234403,-0.02028514,0.00176932,-0.02561000,-0.06961849,-0.06415161,-0.02262765,-0.02994368,0.00082109,-0.10374318,-0.06485352,-0.01491439,-0.00906021,-0.03618378,-0.07029972,-0.03847915,-0.02241087,-0.02399985,-0.02316898,-0.07187706
1999-03-31,-0.02451530,0.02046545,-0.01146159,0.03095840,0.07126930,0.00846553,0.04559938,0.03476282,0.00656928,0.02481374,0.02212159,0.07007495,-0.01677099,0.00709729,0.01690240,0.07647932,0.03550676,0.05028634,0.03960753,0.02812979,0.12104627,0.09347424,0.01151656,-0.00299998,0.13798278
1999-04-30,0.12393516,0.07135521,0.06775067,0.08488176,0.05974567,0.12086981,0.09606042,0.12116804,0.12926935,0.04410987,0.16753593,0.13901334,0.12755322,0.07443626,0.03185365,0.22345303,0.11891270,0.10393489,0.00998719,0.04594466,0.19338029,0.16335097,0.11913216,0.01017502,-0.01495495
1999-05-31,0.01502520,-0.02899998,0.00187756,-0.03030462,-0.01680417,-0.00225852,-0.03126403,-0.00157367,-0.02145974,-0.01406575,-0.00291082,0.02927378,-0.00340444,-0.03483324,-0.01083689,0.06080940,0.04846589,0.04918904,-0.01245342,0.00079616,0.08430842,0.05400357,-0.01177092,-0.02579616,-0.06846994
1999-06-30,0.02694551,-0.00238000,0.05640056,0.02789415,0.04705766,0.00471809,-0.00055971,-0.02358583,0.05176037,-0.00595263,0.04052864,-0.01196047,0.01034464,0.02433019,0.09563979,-0.00175174,0.00248860,0.03263481,0.05447922,0.09269156,0.01610561,0.05105252,0.10643374,0.10371840,0.06632109
1999-07-31,-0.03637017,-0.02500145,-0.02779420,-0.02862209,-0.03052097,-0.03753731,-0.03648037,-0.03658403,-0.05733728,0.00074533,-0.05231606,-0.02027694,-0.04833710,-0.04076739,-0.02118879,-0.05125330,-0.03896369,-0.04740414,-0.01330874,-0.02695464,-0.02493879,-0.03953663,-0.01439366,-0.02148862,-0.07423382
1999-08-31,-0.03475582,-0.00147056,-0.02844293,-0.03678556,-0.02746641,-0.02429403,0.00162415,0.01324983,0.00028014,-0.00335170,-0.04001019,-0.03963653,-0.04706806,-0.02941587,0.01363180,-0.05370939,-0.01939057,-0.02678340,0.06058031,-0.01135122,-0.02169832,0.00358464,-0.01926049,0.05306137,0.01403104
1999-09-30,-0.05679156,-0.11788332,-0.07787423,-0.06463240,-0.02955826,-0.02141855,-0.05847334,-0.01749478,-0.08847451,-0.03580842,-0.08575112,-0.07847598,-0.05956282,-0.03290611,-0.01362639,-0.03636603,-0.01473291,-0.03339638,-0.06524701,0.12044735,-0.00280476,0.00371400,-0.00508398,0.06541515,-0.02088804
1999-10-31,0.02664676,0.08499366,0.06274287,0.09092306,0.06412370,0.02818764,0.09551402,0.05000522,0.01731153,0.04284660,-0.02453070,0.08807222,0.06577198,0.05997092,0.06025785,-0.09295855,0.04059971,0.08992990,0.08063704,0.12263649,0.07925703,0.02829533,0.00935076,0.12698774,0.15723840
1999-11-30,-0.00581574,-0.01744711,0.03472204,-0.02655238,0.03392672,0.02008722,-0.04852471,-0.00270872,0.00027838,0.07456737,0.02928151,0.00498658,0.00373297,-0.02134021,0.03689648,0.01570245,0.00280822,0.01017734,0.07711401,0.20518414,-0.02466430,-0.00387619,0.13306720,0.14340202,0.22946341
1999-12-31,-0.09718052,-0.10836376,-0.01209489,-0.05496440,0.05307924,0.01070596,-0.06965417,-0.00006090,0.04861991,0.08311163,-0.03571318,-0.02896722,-0.00525993,0.08382271,0.07576701,-0.00026437,0.05234870,0.14135303,0.11390429,0.25419239,-0.06631734,0.09884648,0.21026789,0.16039233,0.37873419
2000-01-31,-0.03378965,-0.03183952,0.02129737,-0.08034566,-0.05348590,0.00156555,0.01529058,-0.01256153,-0.03119456,0.05582949,-0.07964308,-0.00544614,-0.00473382,-0.10032471,-0.03094650,-0.03905150,-0.03872546,-0.04921334,-0.05930378,-0.14204846,-0.02066117,-0.12703542,0.00613760,0.03856811,0.03812303
2000-02-29,-0.03991257,-0.08052386,-0.06496048,-0.09055444,0.03071517,-0.06433830,-0.09382252,-0.10927887,-0.09292449,0.01271830,-0.08344279,-0.09440388,-0.10555325,0.03302260,0.13590253,-0.07975884,-0.06463445,-0.08632095,0.01923548,0.24860720,-0.09039166,-0.01813010,0.17198641,0.29613948,0.40600661
2000-03-31,0.17527920,0.12211681,0.12042102,0.09479051,0.10715804,0.07704069,0.08669423,0.10947537,0.00053601,0.13417609,0.21418958,0.13054552,0.07785704,0.20286450,-0.07781355,0.10536588,0.12663821,0.13732959,0.02020021,-0.08211601,0.18940364,0.08198101,0.06829100,-0.02228583,-0.08749313
2000-04-30,0.02550567,-0.03006778,0.04102392,-0.03969956,-0.07925125,-0.03448050,0.05864698,0.04543344,-0.00185684,-0.08319467,0.02150661,0.00492889,0.01728869,-0.00330006,-0.17635590,0.01503010,0.00785455,-0.12564572,-0.03268853,-0.24058536,0.01555352,-0.02764327,-0.05944088,-0.07536555,-0.10711266
2000-05-31,-0.00537498,0.04169239,0.03872373,-0.02187549,0.02464588,0.06133577,0.06972675,0.00786699,-0.02557328,-0.09792591,0.09029429,0.04242799,0.00114563,-0.04325288,-0.06459231,0.06948421,0.02096112,0.00698416,-0.08377063,-0.16958515,0.10142472,-0.02470500,-0.09117788,-0.11670253,-0.12522322
2000-06-30,-0.03497204,0.06014151,-0.01322490,0.00079849,0.03349344,-0.09803253,-0.01027779,-0.05102341,0.03989104,0.02775008,-0.08239260,-0.01768831,0.03813562,0.07113707,0.10144655,-0.07088771,-0.04728821,-0.00339876,0.05502578,0.22012793,-0.04469736,0.00277733,0.12163485,0.18570420,0.29304767
2000-07-31,-0.04974174,-0.05927495,0.01007990,-0.02050458,0.03837117,0.02032622,-0.04331128,-0.01655702,0.01206477,-0.01094341,0.01569310,-0.03503886,0.00327821,-0.02873517,-0.08556124,0.03331784,0.01436600,0.04873824,-0.08778473,-0.02855991,0.05337074,0.04536516,0.00581642,-0.05210922,-0.07583020
2000-08-31,0.06077860,-0.01836138,0.05635115,0.03620871,0.06928601,0.04533000,-0.01186235,0.01947425,0.00431801,0.09613272,0.03916290,0.01941866,-0.00811565,0.02592658,0.06958433,0.11051176,0.04978498,0.05546163,0.11857450,0.24054085,0.04089307,0.10432292,0.12206555,0.12911676,0.22796744
2000-09-30,-0.00791545,0.06220305,-0.01034890,0.01742919,-0.00295232,-0.08362881,0.00314660,-0.02154872,-0.00301085,-0.11782392,-0.08753989,0.01865333,0.01894641,0.01497828,-0.09581234,0.02319987,0.02245694,0.01252217,-0.08139267,-0.11596474,-0.02243952,-0.02180144,-0.18807201,-0.11608360,-0.04260779
2000-10-31,0.01862743,0.00850942,0.03017714,0.06789689,-0.02822949,0.05197346,0.00322121,0.01855022,-0.03345146,-0.01280810,0.06241836,0.04471823,0.05575570,0.02136162,-0.04105310,0.05513523,-0.02319443,0.02978295,0.00227451,-0.13031811,-0.02702613,0.00092617,-0.03937429,-0.13017420,-0.12436853
2000-11-30,-0.11237891,-0.04333077,0.00339693,-0.00510903,-0.07675306,-0.16915562,0.03899116,0.02017481,-0.05358286,-0.19501583,-0.05750942,0.00648495,-0.03818373,-0.11502623,-0.27293274,-0.20473725,-0.04420011,-0.01179927,-0.03305957,-0.29682924,-0.09085783,-0.02224372,-0.11614183,-0.16100475,-0.32030129
2000-12-31,0.00349197,-0.00024805,0.06303375,-0.05139311,-0.06587767,-0.03393125,0.04574056,0.05416141,-0.01052148,-0.09831621,0.02322152,0.06501418,-0.03056903,0.09731047,0.01884743,-0.11200594,0.06341754,0.02874476,0.07807181,0.04812368,0.00002129,0.04135199,0.11026952,0.04533403,0.19848787
2001-01-31,0.10538521,0.14804946,0.03295681,0.14185832,0.03670332,0.15112452,0.14233126,-0.00187127,0.06983587,0.13333514,0.27214466,0.06756343,-0.04334116,0.01965035,0.08006291,0.32958782,0.01949060,-0.02340208,-0.01090005,0.03054865,0.23400319,-0.07096070,-0.04416851,-0.02267148,-0.03055986
2001-02-28,-0.27140340,-0.14754364,-0.05489204,-0.05661966,-0.19244358,-0.23765164,-0.12816744,-0.00251973,-0.12296745,-0.24130469,-0.24026470,-0.09862361,-0.00027479,-0.04161690,-0.26512306,-0.20793852,-0.03570422,-0.03177091,-0.08390194,-0.26196049,-0.09486574,-0.00223716,0.00170266,0.02491443,-0.03638918
2001-03-31,-0.11588697,-0.05790597,-0.03071065,-0.03266600,-0.16349056,-0.14390634,-0.09478565,-0.08955394,-0.06619101,-0.21822105,-0.17742624,-0.03921792,-0.11684813,-0.02771187,-0.13465545,-0.05244046,-0.03349905,-0.02897736,-0.02656492,-0.12910195,-0.03141486,-0.04804989,-0.02287735,-0.01936168,-0.05734897
2001-04-30,0.20889450,0.12909544,0.09903752,0.07183318,0.18645971,0.16703809,0.16113080,0.06428479,0.09090191,0.23838909,0.16388415,0.07960383,0.01467019,0.04138519,0.15711814,0.10724930,0.02243397,0.02538356,0.03691054,0.15919371,0.05865667,0.02799246,0.02587685,0.03536922,0.07282944
2001-05-31,0.00545382,0.01450539,-0.01900547,0.00214003,0.01680856,-0.06884661,0.02401625,0.04071241,0.00249676,0.01565991,-0.05323610,0.03445254,0.02465457,0.05532732,0.02326992,-0.03934378,0.01811100,0.03157242,0.01130824,0.03943558,-0.02397958,0.01416903,0.02579440,0.03943349,0.02837153
2001-06-30,0.00136628,-0.02563043,-0.00256963,-0.04457366,-0.03915273,0.02981482,-0.02241571,-0.03287556,-0.00681153,0.02219419,-0.03603274,-0.04313834,-0.00241297,-0.05580726,0.05329343,0.04338098,-0.00236265,-0.04279630,-0.02106683,0.03499015,-0.07681253,-0.03201139,-0.00493573,0.02366681,0.00084921
2001-07-31,-0.08684371,-0.01826641,0.00740954,0.02329694,-0.10964394,0.01446884,-0.04436445,-0.00725308,0.02758581,-0.04756320,-0.11357895,-0.02812062,-0.00143524,-0.00255359,-0.06020169,-0.00957225,-0.00920440,0.01023393,0.01458408,0.00115558,0.00989904,0.01331988,0.03533606,0.00614862,-0.04806073
2001-08-31,-0.10164234,-0.06337338,-0.03107354,-0.09270694,-0.05993261,-0.14148691,-0.04158283,-0.04535597,-0.08086543,-0.02306748,-0.11205434,-0.05070059,-0.03201625,-0.06590863,-0.06850179,-0.12077939,-0.00460480,-0.01399624,-0.00797959,-0.05953021,-0.07164921,-0.02705700,-0.03435228,-0.03672948,-0.05054786
2001-09-30,-0.07966229,-0.11325833,-0.03483138,-0.10996028,-0.18833593,-0.20305543,-0.10180634,-0.03937249,-0.13008329,-0.22622884,-0.11166986,-0.04047903,-0.07074609,-0.12773322,-0.22635985,-0.20305212,-0.03640350,-0.06606657,-0.03748878,-0.17200060,-0.07753841,-0.04236801,-0.05149714,-0.08235799,-0.11735553
2001-10-31,0.13380330,0.01895267,0.02015670,-0.00808845,0.07075679,0.13920265,0.00049979,0.03076456,0.11102409,0.13776442,0.09439042,-0.01347388,-0.02058447,0.02049087,0.15860812,0.11569484,-0.02134959,-0.01576345,0.03205585,0.08140907,-0.03043550,-0.00325208,0.03644462,0.02007896,0.01789954
2001-11-30,0.08803417,0.06923923,0.09116148,0.05367874,0.12892268,0.12100753,0.09648635,0.04303049,0.11928713,0.11164985,0.11167534,0.02288060,0.07533613,0.08874080,0.14622694,0.11573348,0.00570862,0.07653096,0.04421069,0.17456165,0.11282192,0.03032953,0.05797029,0.08310934,0.07777843
2001-12-31,0.02565331,0.00611158,0.01335147,0.05081112,0.02166342,-0.01708877,0.00982802,0.03349203,0.03441353,0.03194574,0.01762563,0.02049078,0.00677030,0.03369265,0.07186071,-0.00268275,0.01489823,0.05321031,0.04764026,0.04800729,-0.00290568,0.02925377,0.00427160,0.05774479,0.00734947
2002-01-31,0.02107699,-0.03680694,-0.00831783,-0.02000232,-0.00500176,-0.01569631,-0.03586764,-0.00577914,-0.03623179,-0.04421533,-0.03484361,0.00150088,-0.00378591,0.00715892,-0.00272023,-0.00426037,0.02644371,0.00722102,-0.02889907,-0.03278573,0.00549096,-0.01833452,0.03370875,-0.00610084,-0.01746677
2002-02-28,-0.04406820,-0.01359070,-0.00046271,-0.02627935,-0.13390883,-0.02169133,0.02906907,-0.01634346,-0.07135663,-0.15262659,-0.07327707,-0.00599025,0.00452945,-0.02411947,-0.10552243,-0.02253172,0.03793648,-0.00321482,0.00599109,-0.09300759,-0.02322447,0.01904303,-0.00086037,0.01592775,-0.07429900
2002-03-31,0.06296813,0.03758394,0.01869637,0.05677185,0.11979170,0.08924997,0.03224952,0.03940052,0.05482989,0.10662998,0.07024718,0.03537116,0.03107424,0.06187150,0.10481298,0.01582390,0.03258878,0.05075305,0.05581310,0.10476996,0.05538083,0.02650144,0.03978586,0.02843319,0.07020681
2002-04-30,-0.07955995,-0.08520416,-0.04359015,-0.04374764,-0.06644250,-0.07170392,-0.06497566,-0.05285794,-0.04083335,-0.08649341,-0.09402356,-0.01403877,-0.00052313,-0.03049027,-0.08522871,-0.06327882,-0.01705780,-0.00778210,0.00641215,-0.03887368,0.00274750,0.00409188,0.04633403,0.04950546,-0.01353221
2002-05-31,0.00303773,-0.01905010,0.00640172,-0.00420004,-0.04008813,-0.02498478,-0.01135272,0.00378165,-0.00873561,-0.04159045,0.01239897,0.00284928,-0.00475681,-0.02649670,-0.05538450,-0.01401937,-0.00429272,0.01222795,0.01349674,-0.05079359,-0.00232487,0.00602705,0.00691139,0.02344006,-0.03897168
2002-06-30,-0.12637006,-0.06952844,-0.03597690,-0.06741450,-0.11722345,-0.06716287,-0.03668649,-0.09060050,-0.07762971,-0.18167904,-0.09117858,-0.03323984,-0.04316817,-0.07654047,-0.08964935,-0.10064994,0.00972402,-0.03129821,-0.04267290,-0.06468003,-0.12103931,-0.01592713,-0.01741366,-0.02123558,-0.05202529
2002-07-31,-0.13604997,-0.04865969,-0.10865329,-0.11657313,-0.09177180,-0.01890187,-0.09295805,-0.03559532,-0.10281171,-0.16068409,0.02644850,-0.06998312,-0.08500029,-0.11661376,-0.11624406,-0.06398555,-0.06107927,-0.07697156,-0.09858736,-0.13911564,-0.06342619,-0.03645454,-0.08618012,-0.10239643,-0.13696595
2002-08-31,0.02142572,0.00553728,-0.01392561,-0.00635971,-0.00549937,0.01052451,0.03933328,0.02771483,0.00592366,-0.04561969,-0.02407996,0.03083379,0.02542075,-0.00074926,-0.01932388,0.01479704,0.02145064,0.01356483,0.02789917,0.00964367,-0.00099490,0.02335307,0.01699530,0.00670015,0.05569079
2002-09-30,-0.14452270,-0.10783654,-0.08104411,-0.09019512,-0.12788427,-0.16072834,-0.12406316,-0.12880920,-0.07240716,-0.07126571,-0.15398562,-0.04919539,-0.08718399,-0.07985306,-0.04869823,-0.11757235,-0.06853554,-0.05681386,-0.06136271,-0.03527223,-0.05331904,-0.00950326,-0.04608123,-0.03553151,-0.03044921
2002-10-31,0.03449815,0.03912601,0.11860787,0.05129192,0.02179942,0.11815977,0.11553342,0.03751552,0.06301052,0.01585520,0.16000320,0.04493664,0.04133577,0.02693434,0.07323040,0.21530711,0.07867068,0.03169437,-0.01736094,0.02759029,0.14939581,-0.05811551,-0.00978018,-0.00712955,-0.00936391
2002-11-30,0.12249914,0.02363397,0.04092920,0.02927308,0.08196489,0.17336588,0.05191655,0.00712551,0.01212028,0.06236860,0.15548144,0.06948874,0.00668219,0.00044126,0.05150739,0.19989633,0.13363904,-0.03004405,-0.01866353,0.00483315,0.14729338,0.03206368,-0.05627878,-0.02887132,0.01949613
2002-12-31,-0.06588266,-0.02716962,-0.02908337,-0.04012835,-0.04483521,-0.10581526,-0.02761008,-0.02474928,-0.01629079,0.00173174,-0.12516834,-0.07383975,-0.01289456,-0.00251872,-0.01659744,-0.11769708,-0.07755115,-0.04409381,-0.02548872,0.00666586,-0.18110077,-0.07404708,0.01215919,0.02352031,-0.03694279
2003-01-31,-0.02721495,-0.06786872,-0.02802229,-0.01386913,-0.03736580,0.02928275,-0.02531496,-0.04567399,-0.04305646,-0.05186327,-0.02821616,-0.03547543,-0.02265041,-0.01392564,0.02137382,0.00144572,-0.01895450,-0.01985783,-0.00114192,0.02947743,-0.02139463,-0.03320205,0.00217958,-0.01416278,-0.01353607
2003-02-28,-0.00202506,-0.02290178,-0.03712701,-0.02059792,-0.04700785,0.00102363,-0.01414167,-0.01209374,0.00231223,-0.02659793,0.00192316,-0.04808469,-0.02476004,0.00430994,-0.01366493,0.00813964,-0.03041492,-0.00611169,-0.00024060,-0.03201378,-0.02153038,0.00031379,-0.00315712,0.02824683,0.01259837
2003-03-31,0.01518672,0.05455134,0.02153986,-0.00312992,0.00934270,0.01896686,0.00040947,0.01178655,-0.00294401,-0.02401334,-0.02004977,0.01041546,0.03586344,0.02640326,0.03327660,-0.00064532,-0.02422314,-0.01056011,0.01059826,0.00024927,0.00610354,0.01595487,0.00825889,0.05425049,0.02131299
2003-04-30,0.11459436,0.03465553,0.05942862,0.06302040,0.06806247,0.14862184,0.09376752,0.06791557,0.08561076,0.06589405,0.16734532,0.15113354,0.05625395,0.05815845,0.08264307,0.14470539,0.07147394,0.08603819,0.05205751,0.07669213,0.16673211,0.11916621,0.03918900,0.02864556,0.05158458
2003-05-31,0.07755727,0.00688059,0.04131700,0.05630966,0.07930973,0.09803441,0.05750298,0.03023341,0.03327473,0.07245173,0.12439139,0.05937520,0.02355316,0.07292182,0.12184745,0.09377326,0.06033184,0.05443253,0.02551382,0.10637087,0.11322768,0.10938436,0.10399170,0.06848320,0.13033754
2003-06-30,0.00929145,0.02843511,0.02852621,0.02313597,-0.00436130,0.00495791,-0.00729152,-0.00301333,-0.00193439,0.03918834,0.04201777,0.00738458,0.02040428,0.02643057,0.01856410,0.02853292,0.02641947,-0.01081765,0.00837621,0.02697465,0.07065967,0.02748752,0.01919579,0.01311070,0.03335557
2003-07-31,0.02742733,0.04685634,0.01238535,0.02520311,-0.00208786,0.02054210,0.02482033,0.01659180,0.03668165,0.02914287,-0.00311809,0.00071820,-0.00270061,0.04066122,0.04410283,0.05582076,-0.00062797,0.01028950,0.05819794,0.06917414,0.02337754,0.00737780,-0.02692905,0.04258332,0.05087342
2003-08-31,0.02510633,0.01369220,0.02258762,0.01887403,0.05214858,0.03151551,0.00527174,0.01362626,0.02809253,0.03837111,0.03991838,0.01083856,0.01101781,0.05250716,0.09629211,0.00583353,0.00063686,0.02986068,0.04124805,0.04893023,0.03513802,0.03349617,-0.00051774,0.04834262,0.07674775
2003-09-30,-0.03114102,-0.01756190,0.00041109,-0.00208662,0.01892133,-0.00509156,-0.01360755,-0.01591208,-0.02565161,-0.03021275,-0.02002950,0.00437630,0.00023946,-0.03249168,-0.04375681,0.00139055,-0.00858544,-0.00424772,-0.03398313,-0.02086621,0.00586044,-0.00155713,0.01119710,-0.01998721,-0.01490563
2003-10-31,0.03584809,0.06005647,0.02724075,0.06270973,0.10098523,0.03695442,0.04310459,0.03244211,0.08645227,0.10280591,0.04180119,0.01590141,0.06887100,0.09605830,0.11368619,0.04287578,0.09618105,0.10324298,0.11234483,0.08049374,0.05764122,0.02997567,0.06904554,0.07852157,0.12050036
2003-11-30,-0.02260431,0.00388818,0.01571527,0.01757536,0.01770674,0.01606971,0.01904792,0.02010723,0.02440897,0.02765241,0.01219079,0.00623764,0.00523724,0.03058749,0.04988392,0.01518534,0.00383371,0.02458035,0.03562042,0.02938771,0.02070007,0.00727589,0.04421199,0.03715479,0.01734749
2003-12-31,0.07849517,0.06781919,0.07183532,0.07789475,0.08331393,0.05518154,0.05171727,0.07972906,0.03937254,0.03175090,0.03531273,0.07942538,0.04829021,0.02360765,0.00426659,0.04121625,0.03047813,0.03314630,-0.00933531,-0.00149780,0.05439656,0.02619605,0.02862664,0.01356572,-0.01472979
2004-01-31,0.03136587,0.01855315,0.01738475,0.01319951,0.04066735,-0.00209663,0.03827722,0.06781622,0.00467430,0.03504218,0.02544495,0.02316351,0.01767885,0.03026665,0.07095105,-0.00278188,0.01606883,-0.00236272,0.01417994,0.02396109,0.01181126,-0.00126096,0.03049577,-0.00032678,0.05007990
2004-02-29,0.02317956,0.03527217,0.00317597,0.03886818,0.03487210,0.00716642,0.00350870,0.04181209,0.00259469,0.02572165,0.03526577,0.03211086,0.00758031,0.04891796,0.00270910,0.03208552,0.02330914,0.01327759,0.01103261,0.00397494,0.02460556,0.01534397,-0.01346686,0.01054794,-0.00442437
2004-03-31,-0.03600656,-0.00323215,-0.04007666,-0.00159711,0.00447589,-0.01168789,-0.02654666,0.00765236,0.02892196,-0.00438533,-0.00240752,0.00931985,-0.00979772,-0.00730480,0.01375937,0.00802640,-0.00212824,-0.00976115,-0.01783861,-0.00259390,-0.00463273,-0.00380733,0.00784874,-0.01311698,-0.01111078
2004-04-30,0.01508498,0.01030992,0.00692288,-0.00013866,-0.04869164,-0.01460116,-0.00442947,-0.05540352,-0.04889600,0.00478253,0.00787813,-0.03191397,-0.02503423,-0.05670170,-0.08152433,-0.02240489,-0.01531795,-0.05751631,-0.06214505,-0.07720527,-0.04316289,-0.03613836,-0.06223231,-0.04047122,-0.11249698
2004-05-31,0.02890640,-0.00815679,0.00288941,0.00017789,0.03461721,0.01532467,-0.00434639,0.01178478,0.06892991,0.07195310,0.02477878,0.00950707,0.02560087,0.01324786,0.01263520,0.01192089,0.01975498,-0.00892433,0.05235086,0.05372378,-0.00338496,0.01760315,0.04186924,0.03745942,0.07059227
2004-06-30,0.00768118,0.02813266,-0.00225879,0.01575105,0.00061283,0.02327946,0.01453738,0.00207957,0.01284107,0.00663118,0.01843821,0.02277648,0.05454230,0.03208069,0.00932132,0.00745607,0.02774983,0.03231538,0.02148792,0.05902961,0.01751440,0.03281248,0.04326668,0.04551317,0.04411121
2004-07-31,-0.09242899,-0.01868437,-0.02099498,-0.03119546,-0.13739143,-0.01269843,-0.00927518,-0.02252706,-0.07806432,-0.10606881,-0.03775449,-0.01793192,-0.06389483,-0.06804400,-0.08613773,-0.03980525,-0.02642498,-0.01818542,-0.04565001,-0.07718258,-0.01034845,-0.03554414,-0.08094170,-0.05635771,-0.06800517
2004-08-31,-0.00757596,-0.02978916,0.01202426,-0.00136728,-0.03142702,-0.00364490,0.02959145,0.00766162,-0.02295031,-0.01500771,0.00356069,0.00895817,0.00977035,-0.00119588,-0.03984415,0.02535947,0.00227322,-0.01822027,-0.00410732,-0.02164937,0.01498402,0.00892152,-0.00144027,-0.00170476,-0.03744842
2004-09-30,0.05614034,-0.00514571,-0.02525250,0.01849581,0.00402653,0.00018538,0.00487694,-0.00275221,0.00587154,0.05482686,0.00763814,0.02774210,0.01208179,0.03858066,0.09465280,0.00320362,0.01614129,0.04872697,0.06010193,0.08134361,0.01047178,0.05041725,0.05672009,0.07619953,0.10009044
2004-10-31,0.01436740,0.01859962,0.02118102,-0.00832692,0.02549944,0.03253908,0.03319089,0.01755705,0.00938046,0.00318926,0.05561093,0.04030185,0.00711282,-0.04095704,-0.00751208,0.06460349,0.02630981,0.01739791,0.00071284,-0.00839810,0.03047435,0.00822372,-0.00317057,0.04692329,0.04769783
2004-11-30,0.00073949,0.05568557,0.00995982,0.05428395,0.07116134,0.05088505,0.03838780,0.05729319,0.05168616,0.07532411,0.06622681,0.03294800,0.03309834,0.07484721,0.10495222,0.06994867,0.02353838,0.05690189,0.05647802,0.07967783,0.03329596,0.05702805,0.07009421,0.08128454,0.11594547
2004-12-31,0.04156583,0.04587477,0.03716049,0.03802194,0.04266965,0.10014871,0.05718520,0.04027081,0.04693100,0.03115989,0.06715055,0.05906918,0.02383796,0.02415698,0.04228818,0.04822611,0.03509832,0.02661795,0.04649468,0.07810850,0.01731577,0.00611686,0.00938481,0.01280132,0.01622157
2005-01-31,-0.03974621,-0.01733416,-0.02905679,-0.01973365,-0.03731792,-0.03114979,-0.01751113,-0.02974502,-0.03807287,-0.01526138,-0.04436206,-0.01421843,-0.02165333,-0.02753102,-0.01734875,-0.07705328,-0.01761575,-0.02422133,-0.02002345,-0.04910272,-0.02750565,-0.00138188,-0.01497231,-0.07393003,0.00787728
2005-02-28,-0.00247118,-0.00732443,-0.00892642,0.00241066,0.02261573,0.02081665,-0.00416634,0.00444047,0.02656386,0.01581308,0.02609710,0.02110618,0.01897259,0.02468354,0.01761627,0.03260318,-0.01104253,0.03760473,0.03623212,0.03365405,0.05136580,0.06689265,0.06024835,0.05649855,0.08983505
2005-03-31,0.01440898,-0.02510907,-0.00356630,-0.02815200,-0.01896765,-0.03657820,-0.04972472,-0.00808047,-0.00393399,-0.01773716,-0.03729054,-0.01105005,-0.00691069,-0.01011813,-0.02945278,-0.00923706,-0.01315365,0.00188583,-0.03295889,-0.04955701,-0.00532865,-0.01764211,0.00940152,-0.01507061,-0.02298507
2005-04-30,-0.02422077,-0.03021387,-0.01877232,0.01125339,-0.04653938,-0.05059716,-0.00483744,-0.04624744,-0.03489448,-0.06161916,-0.00264381,-0.00621492,-0.02880224,-0.03237757,-0.04532357,-0.00496256,-0.03174254,-0.02629960,-0.04685522,-0.06799128,0.00086995,-0.03928091,-0.03165090,-0.07486197,-0.07091147
2005-05-31,0.08469198,0.04761163,0.00595143,0.02529027,0.11401884,0.05755595,0.02058596,0.03543633,0.03592221,0.09836380,0.03381357,0.03790743,0.04063771,0.05755865,0.09647541,0.02872012,0.03593598,0.04738171,0.05113397,0.07671779,0.01767117,0.02323382,0.03453910,0.06690081,0.06410284
2005-06-30,-0.00034796,-0.01378506,-0.00046567,0.00058091,-0.01675534,-0.01877941,-0.01762164,0.03771417,0.00575894,0.01815312,0.01062080,-0.00451896,0.02076466,-0.00939380,0.01050328,0.00715161,0.00835610,0.04905987,0.03354774,0.03787819,-0.00559196,0.03050798,0.03698100,0.06592098,0.06832918
2005-07-31,0.07166997,0.02133001,0.05407105,0.05601488,0.06468824,0.07586062,0.02723440,0.04684821,0.08416514,0.06784721,0.02679082,0.04009186,0.06142185,0.06560880,0.08367223,0.00989243,0.02494707,0.07548466,0.04798738,0.06054131,0.01727611,0.04071299,0.06633798,0.03910776,0.05965587
2005-08-31,-0.03128139,-0.04087272,-0.00024700,0.02033724,-0.02316177,-0.02856525,-0.01869852,-0.02713674,-0.04013452,-0.00854982,-0.01058236,-0.01365142,0.00537983,-0.00962278,-0.01440374,-0.01970743,-0.02792965,0.02513978,0.02219317,0.03893281,-0.01154465,0.01248998,0.03069925,0.03231307,0.03224569
2005-09-30,0.01453592,-0.01308213,-0.00088172,-0.02315543,0.02382540,0.00727715,0.01732462,-0.01833921,0.02051523,0.02249807,0.01184026,0.00236164,0.02283599,0.02789280,0.00412100,-0.01070540,0.00982520,0.04139668,0.01643415,0.04258947,-0.00077045,0.04165214,0.04050412,0.03779791,0.04201163
2005-10-31,-0.04400484,0.00653038,-0.01221708,-0.01478780,-0.00610399,-0.01801975,-0.00317366,-0.00675677,-0.00757919,-0.05513439,0.00970512,-0.01026271,-0.01001630,-0.04812078,-0.02067681,0.00850941,-0.00258902,-0.06730340,-0.01141535,-0.02427776,-0.01979916,-0.02562343,-0.06139361,-0.05195031,-0.02080565
2005-11-30,0.00888062,0.03566252,0.03713995,0.05810690,0.04046836,0.05921763,0.04329055,0.03612625,0.07266453,0.07954704,0.04123154,0.04393845,0.04047194,0.06248765,0.06909941,0.06803985,0.01580126,0.03970418,0.06740521,0.03948973,0.03695705,0.03615017,0.04441352,0.03720874,0.04131448
2005-12-31,0.04789328,-0.00882781,-0.00793553,-0.00955429,0.03458743,-0.00491797,0.01226151,-0.00185354,-0.01589628,0.00427763,0.01918704,-0.01115884,-0.01919453,0.00305787,0.02536914,-0.00496768,0.01112109,0.00540815,-0.00854116,0.02936909,-0.00627197,0.01246902,0.01393160,0.02506476,0.02376601
2006-01-31,0.03665305,0.00444103,0.00520273,0.02772429,0.05002696,0.12362842,0.02162214,0.02663035,-0.00021989,0.07435142,0.02680765,0.01263005,0.03753514,0.07551194,0.08746434,0.00980488,0.02186882,0.05538888,0.05408976,0.04272962,0.01057290,0.02807782,0.10934779,0.12580940,0.11815692
2006-02-28,0.00472611,0.00105181,0.01008012,0.01263262,0.01053223,0.00950388,0.00125862,0.00158447,0.02623852,-0.01128404,-0.01911203,0.01430700,0.00237720,-0.01046532,-0.01474871,0.03703414,0.02065141,-0.00318123,-0.01959760,-0.03561947,0.00671971,0.01631294,-0.02888927,-0.05723885,-0.07769770
2006-03-31,0.00793881,0.02862035,0.01019045,0.02865580,0.02489931,0.03030876,0.00757518,0.01907405,0.02389935,0.04524063,0.02094719,0.00500452,0.01852042,0.01241194,0.03569781,0.01028599,0.01719688,0.02319512,0.03499904,0.11199770,-0.00771456,0.00663406,0.02515355,0.06020144,0.01675828
2006-04-30,0.00996670,-0.00143638,0.00523396,0.02019775,0.00379426,0.01949817,0.03956569,0.01960077,0.01249902,-0.00103674,-0.01007206,-0.00899227,0.02447204,-0.00172767,0.03839117,0.01869071,0.02486781,-0.00226433,0.01170678,0.03971062,0.00077802,0.00746665,0.01528296,0.05307440,0.05263446
2006-05-31,-0.02729135,0.00365989,-0.04083810,-0.02572510,-0.03659809,-0.02332710,-0.00898016,-0.02201942,-0.03420715,-0.05245479,-0.01461032,-0.01084484,-0.03959833,-0.02624418,-0.08182525,-0.01975512,-0.03034707,-0.02957077,-0.03444645,-0.10668151,-0.02189176,-0.04402256,-0.03573342,-0.06195405,-0.07468571
2006-06-30,-0.01663448,0.00154244,-0.00196383,-0.00046438,-0.00242418,-0.00346324,0.00024200,0.01200269,0.01170763,0.01875396,-0.01302619,-0.01069165,-0.00961047,0.03014658,0.00448691,-0.00239462,0.01683167,-0.00271113,0.02492413,-0.02434041,-0.00865607,-0.00999147,-0.00045664,0.00784024,0.00524078
2006-07-31,0.00364994,0.01590985,-0.01746216,0.02086989,-0.02375348,-0.02895446,0.01346384,0.04265764,-0.00487476,0.00045499,-0.02298570,0.03622975,-0.02952963,-0.01612369,-0.06084490,0.00137913,0.00663698,-0.01091092,-0.05116085,-0.06746920,0.00539771,0.02120268,-0.02491329,-0.04422617,-0.05970142
2006-08-31,0.01459994,0.03444045,0.03903792,0.02975960,0.04683179,0.04790848,0.04629322,0.01087086,0.02778025,0.08147046,0.08333672,0.02344770,0.05373736,-0.00026840,0.03260811,0.04973048,0.02443429,0.02194764,0.01309920,-0.00396345,0.02713226,0.01999679,-0.00645379,-0.01888627,-0.00314606
2006-09-30,0.02050279,0.02772099,0.02643813,0.02792853,0.02799338,0.01625589,0.04195060,0.00750820,-0.00052524,0.04537124,0.00609337,0.03300397,0.00349322,0.03315025,0.00133612,0.02169420,0.01943181,0.03041164,0.03655204,0.00594664,0.02429918,0.03133001,0.02186542,-0.00854474,0.00146219
2006-10-31,0.04127086,0.04479436,0.02293899,0.03577917,0.07671419,0.02467866,0.04894192,0.02368654,0.04003152,0.03268705,0.04031329,0.03958185,0.02009578,0.02798840,0.08577826,0.03418275,0.02876305,0.02795059,0.04073091,0.05518045,0.04273421,0.03563187,0.05228804,0.06690872,0.08244950
2006-11-30,0.03366935,0.01946244,0.01563431,0.01322609,0.02479476,0.02141570,0.03655927,0.01596573,0.00740271,0.05550209,0.03076086,0.00919548,0.01348254,0.03787842,0.03577616,0.04622490,0.01137495,0.04234472,0.02411688,0.04126005,0.01662290,0.03135472,0.00859807,0.01918290,0.01160652
2006-12-31,-0.01610614,-0.01038050,0.00029304,0.00237100,-0.00108675,-0.01820008,0.00081595,0.03792559,0.00869882,-0.01174555,-0.01262179,0.02262749,0.02274779,-0.00133075,-0.01364243,-0.02162918,0.03838726,0.00794034,0.00720979,-0.02288119,0.03434602,0.01326366,0.02010478,0.00548373,0.01907072
2007-01-31,0.03068773,0.02572705,-0.00066470,0.03250271,0.01518548,0.02321053,0.05402292,0.00704671,0.00868931,0.03130615,0.01053779,0.02185775,0.01640711,0.02496692,0.04442379,0.02168998,-0.01355622,0.02974828,0.02462851,0.02616263,0.00441227,0.01233258,0.05342096,0.01637129,0.06765959
2007-02-28,-0.02801872,-0.01137498,-0.01703207,-0.00545216,0.01902317,-0.01462200,0.01554688,0.00943337,0.00221605,-0.02760365,0.02186274,0.00198484,-0.01988023,-0.02615465,-0.00842862,0.01047173,-0.01368529,-0.02186996,-0.02592855,0.00970634,-0.02801303,-0.01973775,-0.02760430,-0.02262719,-0.02676284
2007-03-31,0.00396894,0.01614368,-0.00951299,0.00750539,-0.00826911,0.02010507,0.00531775,0.00537384,0.00558863,0.03283018,0.00756276,0.00310025,0.00353903,0.01414828,0.02637859,-0.00215092,0.00760250,0.01797383,0.00913263,0.03302406,0.01211685,0.03084701,0.02435357,0.03685125,0.00893333
2007-04-30,0.02560747,0.06095134,0.05421459,0.05804795,0.03225720,0.03435627,0.01327361,0.03120554,0.05083524,0.03903208,0.06478268,0.03648284,0.06103601,0.04713949,0.07117720,0.01994694,0.04682895,0.04979312,0.03212368,0.02403377,0.03545177,0.03438177,0.04424890,0.03853528,0.03899100
2007-05-31,0.00104744,0.05598926,0.07488781,0.04896889,0.07431153,0.04231409,0.03015620,0.03854919,0.06466427,0.02346222,0.03983360,0.02209404,0.04425029,0.05620490,0.05229864,0.03504609,0.03807810,0.04627797,0.04527914,0.02310033,0.02740385,0.03289309,0.02452154,0.06995158,0.12150365
2007-06-30,-0.00123699,-0.01068846,-0.01728555,0.00011054,-0.01076940,-0.03456330,-0.02009647,-0.02383184,-0.00556088,-0.00580821,-0.02225761,-0.00169230,0.00692337,-0.00909637,0.00326357,-0.03480600,-0.02996775,-0.02022639,-0.00822294,-0.02228158,-0.01560928,-0.01477375,-0.03057764,-0.00379696,0.03891351
2007-07-31,-0.03126413,-0.02151036,-0.06651847,-0.04603952,-0.06539357,-0.04437075,-0.04098093,-0.06252964,-0.04403748,-0.04355206,-0.03859169,-0.04358102,-0.02948514,-0.01221297,-0.00138948,-0.04103859,-0.02150011,-0.03206544,0.00202291,0.00200039,-0.02272386,-0.03404159,-0.03863870,-0.01889273,0.00636987
2007-08-31,0.01284415,0.03655106,0.01843148,-0.00079923,0.02423456,0.00521060,0.03149176,-0.02177303,0.00665319,0.01056929,-0.00053768,0.02435251,0.00352496,0.02836721,0.04459396,0.00911507,0.01477146,0.00273602,0.01258596,-0.01139650,0.01556742,0.00591492,0.01529760,0.03044231,0.02588528
2007-09-30,0.00890411,0.01513571,0.01369458,0.02103770,0.01229152,-0.00295230,0.02418547,0.02647711,0.01988688,0.08213531,-0.01703586,-0.00056375,0.04566469,0.04312061,0.07210628,0.00899253,0.03763639,0.04957411,0.05903129,0.05884807,0.06376018,0.05148497,0.06470382,0.08710602,0.10573951
2007-10-31,-0.02054883,0.00905687,-0.01027289,0.05732863,0.03152290,-0.02310448,-0.03811508,0.01810044,0.03363299,0.01033915,-0.03591830,-0.02919793,0.00783209,0.06245609,0.05060230,0.00566035,0.02415948,0.03677018,0.04594188,0.06520653,0.01141462,0.02531421,0.04533638,0.07403327,0.10019368
2007-11-30,-0.10469832,-0.04970144,-0.01449240,-0.03253736,-0.09043114,-0.10834251,-0.06117479,-0.00563401,-0.07075130,-0.08923222,-0.08831361,-0.08090183,-0.01752502,-0.09104887,-0.06175868,-0.09322339,-0.01993460,-0.04276900,-0.03659878,-0.07939363,-0.06417151,-0.03159705,-0.04372455,-0.06996736,-0.04861384
2007-12-31,-0.02601968,-0.02383338,-0.01321593,-0.01890683,-0.05760910,-0.06328069,-0.00559320,-0.04860056,0.01108635,0.00367364,-0.08155391,-0.07064810,-0.01118484,-0.01028365,-0.00485822,-0.06435916,-0.05776809,-0.01501873,0.00753015,0.03221666,-0.04126961,0.02436098,0.03923547,0.03533273,0.05862581
2008-01-31,-0.08615130,-0.02375444,-0.05384391,-0.06001150,-0.03648613,-0.06809271,-0.05705094,-0.04299306,-0.03695308,-0.10583605,-0.03495782,-0.01193250,-0.00947068,-0.08173092,-0.11863388,0.03577442,0.04494796,-0.05784152,-0.04206897,-0.09866475,0.08078545,0.04231448,-0.11768313,-0.13014786,-0.16846657
2008-02-29,-0.02230307,-0.03762181,-0.02901689,-0.03506524,0.02428286,-0.01193306,-0.03095943,-0.02937491,-0.00261015,-0.00992929,-0.06958755,-0.09128438,-0.06506386,-0.05152116,0.01092298,-0.12520422,-0.07025943,-0.01462259,-0.00191173,0.02345780,-0.11347050,-0.08079728,-0.02911612,0.04040448,0.02681733
2008-03-31,-0.05712997,-0.01650209,-0.01350460,0.00792715,-0.02056875,-0.07655563,-0.00589259,0.04941780,0.03742248,-0.01857402,-0.03172450,-0.00690423,-0.01690946,-0.00215310,-0.03170176,-0.04359211,-0.03725163,0.02568640,0.00573085,0.00456405,-0.11042985,-0.06287931,-0.04902261,-0.01041798,-0.02780123
2008-04-30,0.07340444,0.04987302,-0.01743644,0.03701816,0.02641612,0.05535953,0.06651168,0.01350535,0.05245421,0.09797755,0.10918705,0.04812764,0.04156250,0.06699078,0.11970571,0.06402258,0.08039837,0.03170380,0.01537375,0.10218213,0.12632031,0.12478588,0.04649909,0.02066222,0.08208084
2008-05-31,0.01516709,0.00603243,0.05172931,0.02794452,0.01188584,0.04687119,0.02600054,0.01034463,0.04993903,0.03263489,0.01951777,0.03798917,0.03071127,0.00637720,0.04907723,0.02482187,0.03921371,-0.00194602,0.05425945,0.07012311,-0.04727893,-0.07181865,-0.04125284,-0.00323798,0.07861813
2008-06-30,-0.09418555,-0.08676662,-0.09644742,-0.07682248,-0.08886852,-0.14189410,-0.11386179,-0.08823812,-0.02360431,-0.06939441,-0.14331853,-0.14795961,-0.10764288,-0.07109955,-0.04536096,-0.14633839,-0.16780906,-0.12959771,-0.05287687,-0.01347009,-0.19265026,-0.23758609,-0.13302549,-0.05194873,0.02830874
2008-07-31,0.03716093,0.04514802,0.01076895,0.01377935,-0.00121316,-0.03100045,-0.00878685,-0.01396691,-0.01728471,-0.02143703,0.02276798,-0.00509825,0.05186215,-0.00988105,-0.04036660,0.00441672,0.11142346,0.04743528,0.02655728,-0.09899091,0.06275845,0.00194383,-0.01325778,-0.05088109,-0.13803807
2008-08-31,-0.00951745,0.00334853,0.01774143,0.03714157,0.00513797,0.02032717,0.04392762,0.00933247,0.01506767,0.00529308,0.02201947,0.04377221,0.03616671,0.01784172,-0.02905037,0.01810033,0.00900378,0.05780444,0.01274168,-0.00759496,0.06580941,-0.04241219,0.03279884,-0.01555848,-0.05388312
2008-09-30,-0.07600559,-0.00723382,-0.09702943,-0.04698416,-0.11184325,-0.13991812,-0.09768452,-0.03921698,-0.11148518,-0.15636412,-0.13583559,-0.05109580,-0.05600401,-0.09772085,-0.18349965,-0.17917775,-0.04550666,-0.05691128,-0.04465280,-0.21781998,-0.17266858,0.02168593,-0.09334758,-0.08114208,-0.24887593
2008-10-31,-0.12331038,-0.15957787,-0.12492343,-0.22397851,-0.20567853,-0.18597994,-0.15232938,-0.13022375,-0.20005102,-0.16994801,-0.15422971,-0.15265539,-0.14179255,-0.22891828,-0.21832275,-0.11161048,-0.26338223,-0.17341188,-0.17645853,-0.22065419,-0.02406778,-0.21212185,-0.21828470,-0.11957285,-0.26805635
2008-11-30,-0.08393329,-0.10029779,-0.06991306,-0.06934835,-0.10258980,-0.08281895,-0.04671614,-0.04788931,-0.13678863,-0.06983786,-0.05262897,-0.12235205,-0.00630076,-0.10461572,-0.13067695,-0.02192033,-0.13610960,-0.04171324,-0.05254820,-0.12552129,-0.14214415,-0.16554301,-0.06918217,-0.02474599,-0.10616204
2008-12-31,0.01253519,0.02736056,0.05121644,0.02438692,0.06354331,0.02106702,0.00297048,0.01032638,0.00503035,0.08786123,0.02637202,-0.00984759,0.00196247,0.02879451,0.00882984,0.11336846,0.03849385,0.02993620,0.00378648,0.05698572,0.14656802,0.11132810,0.01194451,0.00829102,0.01276311
2009-01-31,-0.10461559,-0.06899795,-0.02687841,-0.03455401,-0.21079430,-0.03827905,0.01863273,-0.07331281,-0.02652996,-0.16112670,0.02535403,-0.14526958,-0.03992370,-0.04808903,-0.04925908,-0.08106782,-0.08548246,-0.03232124,-0.11745469,-0.19969210,-0.14284534,-0.09488104,-0.11395738,-0.06642326,-0.06848513
2009-02-28,-0.06751896,-0.05686819,-0.12492020,-0.10022965,-0.06227592,-0.05215541,-0.11051795,-0.10924942,-0.09926197,-0.08514197,-0.08023049,-0.11456493,-0.06721282,-0.09058892,-0.14844748,-0.07281645,-0.06686899,-0.09949517,-0.07629500,-0.10807946,-0.05967317,-0.12198675,-0.15302729,-0.09904100,-0.10816504
2009-03-31,0.15583438,0.08618678,0.02633041,0.05121162,0.09742645,0.11945743,0.07365216,0.13875343,0.05088712,0.12786268,0.17031915,0.12037649,0.07703656,0.08387666,0.11014906,0.09560626,0.10954728,0.08970351,0.09645323,0.06589258,0.20422189,0.13459819,0.12685914,0.08084707,0.04269174
2009-04-30,0.11519969,-0.00686024,0.08616787,-0.03194599,0.00702877,0.20746466,0.04844559,0.13390400,-0.01273100,0.08062824,0.17264563,0.18014804,0.12443620,0.02905585,-0.00024781,0.22209284,0.20644836,0.16912069,0.08398466,0.01020673,0.49008430,0.31700123,0.19212158,0.14350059,0.08934463
2009-05-31,0.04302654,0.04544804,0.04854936,0.05034239,0.14507185,0.07262129,0.03669614,0.03938468,0.00079847,0.08862571,0.19136837,0.11742245,0.02352212,0.05189454,0.01762048,0.22051597,0.09665290,0.06033688,0.02688470,0.05280989,0.11119726,0.10760534,0.10592850,0.04045864,0.01316266
2009-06-30,-0.00556148,0.01883716,0.01973339,0.00692816,-0.01664000,-0.01669679,-0.02112479,0.03842426,0.02208941,-0.04962809,-0.09537286,-0.01064348,-0.00598503,0.00925492,-0.03546971,-0.04813123,-0.01455474,0.01060160,0.02839352,0.03247030,-0.04080958,-0.02741859,0.02273536,0.01681320,0.02916094
2009-07-31,0.13912114,0.06180028,0.05017391,0.04196934,0.06242881,0.12940686,0.11806073,0.08595474,0.09451119,0.14287382,0.17155799,0.10261420,0.09644685,0.06123346,0.08390846,0.13607429,0.10307350,0.06114634,0.03203466,0.08948644,0.13020431,0.04859526,0.03868705,0.01706462,0.06834621
2009-08-31,0.03510485,0.03415037,0.00789890,0.01330631,0.02838059,0.02375926,0.02534022,0.03447867,0.03027969,0.05303286,0.04626259,0.02246300,0.02093798,0.04792595,0.05543248,0.05012616,0.03577130,0.03091380,0.02030738,0.05558683,0.05130403,0.01625343,0.03134316,0.01764063,0.02842950
2009-09-30,0.06514710,0.03645373,0.02722973,0.04560856,0.04696676,0.09115682,0.04068695,0.04385540,0.06780727,0.05176240,0.10193924,0.00855915,0.01942418,0.05847342,0.06325945,0.02657290,0.00853514,0.06709706,0.01877460,0.06941266,0.00131679,0.03532095,0.08453255,0.08239285,0.08827957
2009-10-31,0.00485040,-0.00997059,0.01294346,-0.06023687,-0.03717776,-0.03115167,-0.04617540,-0.00689062,-0.03351758,-0.04139619,-0.02569839,0.02542670,-0.02782284,-0.06167362,-0.06512786,-0.01618348,-0.04067615,-0.04200791,-0.03736652,-0.07070078,-0.01458890,-0.00762113,-0.04750567,-0.06410431,-0.04748845
2009-11-30,0.05111923,0.07334797,0.05515686,0.06907713,0.04514578,0.06842134,0.07453251,0.05542800,0.07139747,0.06990506,0.06797446,0.05307335,0.08930604,0.02402898,0.07712211,0.04473736,0.03507679,0.05722426,0.04953968,0.10404472,0.03821595,0.04750199,0.08404563,0.03998806,0.05439348
2009-12-31,-0.03750173,-0.00030812,0.02829004,0.03610809,0.06605419,0.01503912,0.03974349,0.03481330,0.03292997,0.01701643,0.02642913,0.03104419,0.02178725,0.04617449,0.01563142,0.04624638,0.03053764,0.06255922,0.05110398,0.00163111,0.03222383,0.04543048,0.03532995,0.05396620,0.06118867
2010-01-31,0.00829652,-0.03305878,-0.03984667,-0.00673482,0.01008300,-0.02220097,-0.03020318,-0.04292379,0.01069867,-0.04689906,-0.00462341,-0.00853559,-0.02998893,-0.03955052,-0.00403307,-0.04063486,-0.03675061,-0.05278177,-0.04906949,-0.03639473,-0.05087287,-0.06426361,-0.08175831,-0.09638760,-0.06265358
2010-02-28,0.01013860,0.01097910,0.00079371,-0.02224229,0.02410889,0.01669089,0.03053058,0.06860882,0.02963652,0.07389476,0.02726091,0.03402808,0.03104974,0.04827781,0.03068398,0.02443869,0.03433964,0.04002570,0.03139726,0.04775365,0.03861056,0.03378228,0.05575204,0.09147572,0.07671357
2010-03-31,0.09068218,0.03945110,0.05342781,0.08931718,0.06076906,0.04900923,0.06751197,0.07906625,0.09546006,0.10920991,0.04465315,0.05650782,0.08152015,0.08703028,0.10904889,0.04611024,0.06220929,0.07319940,0.09237559,0.11094588,0.03331201,0.05241966,0.08618598,0.09087598,0.06998932
2010-04-30,-0.00790857,0.00031796,0.00082220,0.01067034,0.00869391,0.03154393,0.03012505,0.00242236,-0.00443864,0.03660678,0.00364152,0.04048704,0.00845985,0.00521246,0.07772979,0.01545319,0.02553556,0.02674474,0.02901685,0.04601200,-0.00068238,0.01169900,0.06509290,0.04709173,0.02397824
2010-05-31,-0.11873976,-0.08810613,-0.07556594,-0.05487116,-0.10778647,-0.08070777,-0.06725292,-0.07319688,-0.07684609,-0.10465870,-0.06437720,-0.09952773,-0.07086745,-0.13760782,-0.08922840,-0.06224007,-0.10726428,-0.07593484,-0.08485893,-0.08365251,-0.06001624,-0.06576542,-0.06033130,-0.07114503,-0.08097709
2010-06-30,-0.09083285,-0.04304967,-0.04601725,-0.05637717,-0.10653730,-0.04279210,-0.02193835,-0.08700798,-0.09268487,-0.09699689,-0.02925584,-0.03201569,-0.06352502,-0.09921676,-0.09802836,-0.02151072,-0.04410400,-0.08379568,-0.08022801,-0.09550469,-0.04310642,-0.05491781,-0.03567921,-0.07328032,-0.10552995
2010-07-31,0.06776578,0.09723399,0.09040955,0.06224250,0.12724543,0.10785732,0.05818638,0.04426850,0.12002118,0.14669619,0.07933893,0.02779572,0.07594278,0.09440991,0.07373022,0.04792298,0.07787509,0.08292945,0.12705656,0.14005282,0.05532811,0.06526820,0.05409632,0.10538134,0.08673370
2010-08-31,-0.07181767,-0.04262746,-0.02320820,-0.06264831,-0.04465044,-0.05012649,-0.04071640,-0.05840538,-0.06539831,-0.06487831,-0.04047262,-0.05772331,-0.05544897,-0.05905346,-0.00741752,-0.02145522,-0.03167908,-0.06886782,-0.06698576,-0.07933541,-0.01610955,-0.02155173,-0.04865803,-0.03719757,-0.05374084
2010-09-30,0.11375795,0.10034020,0.07664494,0.08227051,0.13174623,0.15318249,0.07500380,0.13188138,0.10082032,0.14555639,0.09739652,0.07059471,0.10464128,0.09922032,0.17885216,0.05742000,0.07758610,0.12306138,0.11466833,0.12563167,0.06633643,0.08632607,0.11192541,0.11130304,0.14226683
2010-10-31,0.01846141,0.05123587,0.03406456,0.04317875,0.02821321,0.01857069,0.01821656,0.02317836,0.04674441,0.02436316,0.07468539,0.05838445,0.04535138,0.05433601,0.04866101,0.04206564,0.02161982,0.05745943,0.04235391,0.05479831,0.03423666,0.03815797,0.05203037,0.06084223,0.08371969
2010-11-30,-0.03531499,-0.00259454,-0.00158386,0.01886738,0.01218463,0.00562598,-0.01353884,0.02525585,-0.01676299,0.03439117,-0.01503080,-0.01788450,0.01398133,-0.02253804,0.02723904,0.00960950,0.00581152,0.02329524,0.06535201,0.04217469,-0.00732492,0.00675920,0.02148241,0.05010724,0.08981973
2010-12-31,0.08411618,0.07816412,0.05456531,0.08255446,0.08426278,0.08983849,0.06117197,0.07753271,0.12574773,0.10235314,0.09107113,0.05614055,0.07253355,0.07956832,0.08932107,0.08623820,0.04518247,0.05682578,0.06755054,0.09751383,0.04374757,0.03961082,0.05261636,0.06044286,0.01045103
2011-01-31,0.03191992,0.03136426,0.01029939,0.05993418,-0.00257993,-0.00086448,0.01794892,0.04042880,0.01682609,0.02261869,0.04413767,0.01103092,0.03810469,0.03060211,0.03174008,0.03800957,0.00500017,0.01340021,-0.00466184,-0.01547085,0.01161135,0.00331967,0.02830104,0.00001486,0.00916334
2011-02-28,0.01375934,0.03884889,0.03233877,0.03591941,0.05754794,0.03220491,0.01590707,0.03209687,0.04274089,0.04033375,0.01429890,0.05282237,0.06284452,0.06756542,0.02568504,0.04078170,0.07223482,0.05222904,0.04886738,0.01611554,0.03895412,0.05266063,0.03819263,0.03697977,0.08562406
2011-03-31,-0.00119965,-0.00242716,-0.02088198,-0.00321152,-0.02393696,-0.02187411,0.01239016,-0.01647275,-0.00695693,0.00147296,-0.00663049,0.02692570,-0.01030750,0.01233868,0.00360111,0.01082795,0.01564667,0.00491776,0.01034800,0.00693974,0.01534162,0.02274216,0.01895995,0.03973098,0.03609058
2011-04-30,0.02249567,0.03909650,0.05379920,0.03564993,-0.01960269,0.03377154,0.03578393,0.00544272,0.02357526,-0.00004709,0.02772045,0.02522376,0.02507465,-0.00186170,0.00171463,0.04214712,0.03743681,0.03147090,0.02028430,0.01336546,0.03702348,0.03065363,0.03593407,0.01531415,0.03173502
2011-05-31,-0.03779924,0.01257529,-0.00658140,-0.01748557,-0.04544540,0.02521355,0.00244960,-0.01752881,-0.01048616,-0.00607865,-0.01938333,-0.01086344,-0.02718596,-0.00826335,-0.00018999,-0.00019636,0.00648578,-0.03017912,-0.03706688,-0.04296234,0.00957955,-0.01460725,-0.02876688,-0.02999556,-0.03999210
2011-06-30,-0.03434313,-0.03395597,0.00414659,-0.03738959,-0.00090293,-0.02960215,-0.00944939,-0.03661649,-0.00742978,-0.02933735,-0.01164025,-0.02562962,-0.02928202,-0.01731925,-0.01494795,-0.00981846,-0.01874594,-0.01569546,-0.00584130,0.00217507,-0.00654211,-0.01540758,-0.02910400,-0.01264460,-0.01052752
2011-07-31,-0.04931933,-0.01922387,-0.00282634,-0.04588704,0.02988989,-0.02559281,-0.01838587,-0.03658005,-0.05976352,-0.02338317,-0.02913167,-0.03960007,-0.03300968,-0.03922828,-0.01695954,-0.02877075,-0.00955740,-0.02868629,-0.01022830,-0.01809915,-0.00550424,-0.04223039,-0.03693492,-0.01415187,0.00270699
2011-08-31,-0.07233773,-0.04713351,-0.06526640,-0.05833430,-0.09534752,0.00444019,-0.08840492,-0.12200199,-0.11504744,-0.08810634,-0.00544703,-0.03309250,-0.04837809,-0.11061128,-0.08585427,-0.01528757,-0.05001934,-0.09184502,-0.10651037,-0.11716503,-0.02708772,-0.05183339,-0.04752276,-0.10302886,-0.10815704
2011-09-30,-0.12642501,-0.07991363,-0.07740607,-0.10562603,-0.15655375,-0.15251914,-0.10727969,-0.05971200,-0.11614188,-0.16450502,-0.12029799,-0.05484586,-0.08823462,-0.09847981,-0.16118470,-0.07800261,-0.00034010,-0.07862719,-0.15646486,-0.16434886,-0.02650001,-0.04180794,-0.07718312,-0.12688185,-0.13431332
2011-10-31,0.19189940,0.11277416,0.12495357,0.12719857,0.18164166,0.19391272,0.15551489,0.09473718,0.11117699,0.19829552,0.20832484,0.08534180,0.12060013,0.12291145,0.19123041,0.18223887,0.07002728,0.13482109,0.15283685,0.20408037,0.08114388,0.08939003,0.07098879,0.13051319,0.11047488
2011-11-30,-0.01880102,-0.00569748,-0.00748325,0.00760829,0.00475276,-0.01951219,0.00378248,0.01419642,0.00236177,0.00279901,-0.02894942,-0.03191767,0.02481591,0.02087409,0.00948500,-0.09030158,-0.03099044,-0.00248050,-0.00587489,0.00963527,-0.05884146,-0.00753273,0.00615356,-0.02378767,0.00232115
2011-12-31,-0.00197920,-0.05770483,0.00825064,0.00646227,-0.01602315,-0.02596441,0.03008701,0.01553373,0.00805152,-0.03348149,-0.01951028,-0.00612463,0.00565769,0.01080153,-0.00417186,-0.03747564,-0.01589164,0.04397629,0.00812789,-0.02350756,-0.01813734,-0.00195915,0.02859553,0.00593740,-0.02421557
2012-01-31,0.06787361,0.08679990,0.01134514,0.05675551,0.05241385,0.09700013,0.06440532,0.04761913,0.03013742,0.06420584,0.13721563,0.07876587,0.03118670,0.02198451,0.07643619,0.13160665,0.13020905,0.07983034,0.01545637,0.07393255,0.13226570,0.12396741,0.02577915,0.02643088,0.03777856
2012-02-29,0.04568129,0.05685609,0.02182116,0.03971519,0.03958168,0.05399978,0.04679132,0.02931207,0.03393161,0.02633660,0.02321327,0.03994044,0.04647067,0.02571652,0.01315399,0.00846484,0.06182890,0.02830181,0.03508556,0.03820836,0.05753890,0.07826439,0.03744793,0.06323562,0.08109395
2012-03-31,0.02549672,0.03863925,0.01229095,0.00200418,-0.00468218,0.01166071,0.02769408,0.03082215,0.03085748,0.00191637,-0.01973096,-0.01366333,0.02352161,0.03625587,0.03195000,0.00242891,0.02907125,0.03078006,0.02254648,0.03096033,0.03077253,0.04723120,0.05495795,0.01718730,0.03651562
2012-04-30,-0.06260872,-0.01033647,-0.01076709,-0.01954164,-0.00607635,-0.02558548,-0.00536069,-0.00410635,-0.01007724,-0.01685506,-0.04548812,-0.00328095,-0.00414849,-0.00247733,-0.01351370,-0.04928628,-0.00913013,0.00461053,0.00207600,0.00701768,0.02367344,0.00892333,0.00002967,0.00171095,0.01366586
2012-05-31,-0.13685687,-0.05065012,-0.08049607,-0.08024159,-0.13558144,-0.13685041,-0.09741228,-0.06320763,-0.06317386,-0.10616050,-0.10663872,-0.03186966,-0.05769546,-0.06824467,-0.10461098,-0.10731230,-0.04256482,-0.05071436,-0.06105223,-0.10284799,-0.03095309,-0.03095977,-0.07599312,-0.03158411,-0.03793211
2012-06-30,0.02620393,0.04814691,0.02942547,0.05662283,0.02917061,0.03847731,0.04958198,0.03728025,0.04285335,0.05310075,0.01957668,0.04795575,0.02677059,0.05034303,0.03127131,0.04598975,0.05756892,0.02601170,0.03215661,0.03246998,0.04257729,0.04089282,0.03485960,0.01296367,0.03833686
2012-07-31,0.00593410,0.02585125,-0.00578891,0.01808769,-0.02202121,-0.02495313,0.01670602,0.00079412,0.00738828,-0.05169725,0.01965438,0.01842706,0.00862043,-0.01300542,0.00117126,0.01445725,-0.01818386,0.02615428,-0.01253091,0.03058241,0.02663514,0.03056477,0.00581936,0.02530709,0.02638717
2012-08-31,0.03232252,0.03221754,0.03765058,0.03350268,0.05809119,0.00427030,0.03641737,0.07652447,0.04975965,0.09000520,0.01337415,0.01803898,0.02281488,0.03744684,0.06555254,0.02371201,0.02434563,0.03228521,0.04255318,0.04918851,-0.01643673,-0.00658697,0.02706893,0.07987200,0.06914040
2012-09-30,0.03213997,0.03737073,0.01392380,0.02364021,0.04482702,0.04146867,0.01677168,0.03858596,0.02596302,0.05046125,0.00066491,0.03160054,-0.00205372,0.03904365,0.05515277,0.03562652,0.01868210,0.02232182,0.03207341,0.03210169,0.02479061,0.03103485,0.02730044,0.01054114,0.02779875
2012-10-31,0.01293415,-0.00295916,-0.00148059,-0.01720719,0.03429832,-0.01517200,-0.01540853,-0.02294025,-0.01769152,-0.00282143,-0.00938082,-0.01951139,-0.01502241,0.00855179,-0.00735477,0.00232989,-0.00547313,-0.01867010,-0.01882251,-0.03377122,-0.01000797,-0.02128444,-0.00524850,-0.06567441,-0.01421841
2012-11-30,0.00257705,0.01485866,0.02874785,0.01385562,-0.00759578,-0.00799985,-0.01393800,0.00427397,0.01690469,0.00629980,-0.00360511,-0.00041801,0.00061636,0.02820295,0.05420061,-0.02371911,0.00538086,0.02824611,0.00602995,0.00653694,0.01373305,-0.00950504,0.02873536,0.01262860,0.02983851
2012-12-31,0.02448762,0.03486816,0.01986867,0.02633186,0.04055999,0.04856901,0.04719248,0.01576649,0.01332442,0.06307252,0.04101181,0.01092579,0.02056468,0.02113857,0.08652142,0.01762214,-0.00097842,-0.00858199,0.01225125,-0.04672535,0.00817125,-0.01134195,0.00775115,-0.00362468,0.00003996
2013-01-31,0.07691402,0.05967010,0.05751237,0.08185162,0.05004059,0.06700588,0.06326545,0.05395283,0.03798318,0.07157422,0.04163903,0.05208152,0.05384077,0.04635724,-0.01758735,0.08070774,0.05251338,0.06318724,0.05339217,0.08075723,0.06095563,0.05506979,0.05085632,0.07846128,0.05636916
2013-02-28,-0.03705905,-0.00081911,0.00464126,0.00974401,-0.00987605,-0.00112242,-0.01510223,0.01166892,-0.00565499,0.01829924,-0.02335379,0.00812615,0.02556809,0.00885727,-0.01355741,-0.00633081,0.00999778,0.02125244,-0.01490406,0.01636697,0.04510033,0.02027524,0.02220692,0.01592662,0.01474370
2013-03-31,0.03739087,0.04621994,0.04217743,0.01499510,0.04746865,0.01116429,0.03512481,0.03684591,0.03037647,0.00167006,0.02975786,0.03388038,0.02189644,0.04683366,0.03542377,0.05694345,0.03639474,0.01971376,0.05628542,0.05125037,0.03920843,0.06208396,0.03696633,0.04757599,0.07080755
2013-04-30,0.02603120,0.02046054,-0.02670428,0.01357438,0.01834475,-0.03988201,0.03065640,0.02688777,-0.00464061,0.01331845,0.04527064,0.01538916,0.02037422,0.00333839,0.03961136,0.04316968,0.01015139,0.01171160,0.01033302,0.00802476,0.02190486,0.01467882,0.01381706,0.00422737,-0.02766610
2013-05-31,0.03600640,0.00569851,0.01349212,0.03042684,0.05138545,0.01831225,-0.01422319,0.01042569,0.03657107,0.03706646,0.01642740,0.01423140,0.01832603,0.07239637,0.08759442,0.00153169,0.01397982,0.04583673,0.06221660,0.05594417,0.00765616,0.01209308,0.04631518,0.06403804,0.06461919
2013-06-30,-0.02481463,-0.03091669,-0.01339849,-0.01014570,0.00625323,-0.04707545,-0.00749350,0.00439842,0.00752805,-0.01381997,-0.03929663,0.00070970,-0.01140926,-0.03712973,0.03617147,-0.00662153,-0.01440608,-0.00041704,-0.00691209,-0.03860286,-0.00103202,-0.01527210,-0.02192262,-0.04178656,-0.05832024
2013-07-31,0.07565865,-0.01993257,0.02924643,0.04265046,-0.00845199,0.04529809,0.03452054,0.06293231,0.07143759,0.11944688,0.04637099,0.05959981,0.04084635,0.07609346,0.07099948,0.06635253,0.04960461,0.04885910,0.07036635,0.08107911,0.05962302,0.04273490,0.07736830,0.08812904,0.12198684
2013-08-31,-0.00678291,-0.00934340,-0.03493505,-0.02645939,-0.04210459,-0.02913645,-0.03329316,0.00989956,-0.01769361,0.00781175,-0.04114723,-0.02917692,-0.02603228,-0.02631287,-0.01541708,0.00447318,-0.03961673,-0.03303381,-0.02643916,-0.00880294,-0.03832345,-0.03268696,-0.02813054,-0.03454031,-0.02316746
2013-09-30,0.03255675,0.03156892,0.02834094,0.03831179,0.06851895,0.03357910,0.02459764,0.01859916,0.05621188,0.06841250,0.00905358,0.04527722,0.03945560,0.05179996,0.05268289,0.02410312,0.04154267,0.04808806,0.07230120,0.08933320,0.02605644,0.05533515,0.05421998,0.06393158,0.08139583
2013-10-31,0.03031097,0.00768349,0.03999426,0.02501962,0.02817717,0.04666343,0.02967853,0.06821873,0.05049077,0.03551287,0.04784533,0.05200498,0.03025462,0.00861036,0.01693021,0.05857059,0.05708441,0.02784945,0.05269630,0.01685950,0.04587743,0.04579669,0.04392884,0.04004402,0.01004237
2013-11-30,-0.00720878,0.01399953,0.02810494,-0.00435374,0.03575402,0.01891350,0.02167118,0.01007295,0.01267574,-0.00702226,0.03124802,0.00980589,0.03584543,0.02697993,0.06471717,0.02225028,0.04295409,0.03986057,0.05636198,0.02001985,0.02831609,0.01846954,0.05145745,0.03083974,0.02200630
2013-12-31,0.04362750,0.03880561,0.02958978,0.02571065,0.05359162,0.01189304,0.00808591,0.01742355,0.04241244,0.06119450,0.00511582,0.02667026,0.02547146,0.03875976,0.03563396,0.03027379,0.01973190,0.04234270,0.00979633,0.01116892,0.03098365,0.03443134,0.01892918,0.03248754,0.04382481
2014-01-31,-0.01286417,-0.01854504,-0.02475451,-0.03502568,-0.03571990,-0.04901641,-0.05214101,-0.03927602,-0.02481675,-0.01002755,-0.03832791,-0.04164477,-0.04342328,-0.01599837,0.07483470,-0.04475885,0.00696981,-0.02434342,-0.01666987,-0.00616779,-0.04820569,-0.05180033,-0.05219754,-0.00461226,0.00842024
2014-02-28,0.03245741,0.02574785,0.03571992,0.03810642,0.03744221,0.04960815,0.03857693,0.05421565,0.03893612,0.09563154,0.04762845,0.03780403,0.06989126,0.04331665,0.08222335,0.04068967,0.04177489,0.05848408,0.06067226,0.09039947,0.04394991,0.05217692,0.06299588,0.06113024,0.06803705
2014-03-31,-0.01194321,0.03235131,0.01026961,0.02353666,-0.02220915,0.01138346,0.02204345,0.00876665,0.00990881,-0.00171022,0.02080772,0.02361345,-0.00400788,0.00489201,-0.01559788,0.03647434,0.01970444,0.00079487,-0.01356242,-0.07613856,0.00412802,-0.00896366,-0.03087714,-0.04600175,-0.08672564
2014-04-30,0.00098127,0.03237600,0.03279338,0.00874834,0.02167073,0.01213626,0.02838217,-0.00219721,0.00755564,-0.02768378,0.01988180,0.00245227,-0.01329290,-0.00768031,-0.03401752,0.00098691,0.00893628,-0.01437196,-0.00745077,-0.04748416,-0.01979318,-0.01905882,-0.01817343,-0.02208824,-0.03919648
2014-05-31,-0.00247034,0.01525759,-0.00022553,-0.00085693,0.00142181,0.02638436,0.00484812,0.02218390,0.00810425,0.02698504,0.01033076,0.01842272,0.02414195,0.01822227,0.02955897,0.01673814,0.03330544,0.03408868,0.03932228,0.02884180,0.02414916,0.03290225,0.01609287,0.02953225,0.05728673
2014-06-30,0.07623456,0.01697518,0.02837271,0.02633431,0.04255827,0.04865790,0.00475713,0.02847439,0.01221851,0.07575257,0.01400720,0.03196422,0.03530205,0.02387730,0.08473852,0.01893627,0.02693593,0.01392870,0.04273371,0.05232632,0.02830047,0.03190556,0.02887957,0.00979325,0.05472810
2014-07-31,-0.03166127,0.00470679,-0.00169143,-0.00310449,-0.07614478,-0.04695191,-0.01756356,-0.02166058,0.01947058,-0.07467704,-0.01927064,-0.01209296,-0.02761531,-0.00906625,-0.03446118,-0.02334842,-0.03577658,-0.02455554,-0.00830800,-0.01643898,-0.03084170,-0.01510829,-0.00790378,-0.02355718,-0.04035992
2014-08-31,0.04048317,0.05543151,0.04511188,0.05006905,0.02820118,0.02378141,0.02695262,0.02352920,0.04260050,0.05581376,0.06532919,0.04146459,0.02681481,0.03395735,0.00564498,0.05600154,0.03079671,0.03356245,0.04675628,0.05917607,0.03984533,0.04082324,0.04680212,0.04871284,0.07785482
2014-09-30,-0.05035139,-0.01775844,-0.02128893,-0.02546041,-0.06984750,-0.07556504,-0.01068733,-0.01415889,-0.03805849,-0.03037780,-0.05876160,-0.01196073,-0.03568032,-0.03149618,-0.03962669,-0.04945638,-0.02502271,-0.02920636,-0.02957133,-0.06939052,-0.00869303,-0.01991022,-0.02140433,-0.02319584,-0.02513579
2014-10-31,0.01746383,0.03376020,0.01586416,0.05464436,0.00660876,0.00681092,0.03878156,0.04113917,0.04922047,0.02610485,0.01080221,-0.01043162,0.03140553,0.01791400,0.00473295,-0.00698242,0.02760490,0.02142145,0.01032565,-0.00214598,0.02115161,0.04412190,0.01785752,0.02515770,-0.00385902
2014-11-30,-0.02460365,0.03891981,0.04651517,0.02166619,0.02138425,0.00777204,0.03393212,0.00546290,0.00706759,-0.05205926,-0.02143907,0.02532153,0.01941235,-0.01273208,-0.06310236,-0.01246550,0.03315017,0.03263511,0.02701262,-0.01331101,0.02949344,0.03959147,0.04173197,0.04701568,0.04502446
2014-12-31,-0.01701178,0.00043617,-0.01972527,-0.01010331,0.01684901,0.00870120,0.00191912,0.01959192,0.00403928,-0.00423533,-0.06877859,0.02211635,0.00543541,0.01069199,0.02269711,-0.00592523,-0.01446968,0.01419265,0.00505067,-0.01671622,-0.01597014,-0.00533456,0.01286525,-0.02336449,-0.01368499
2015-01-31,-0.00167932,-0.03734444,-0.03881728,-0.04574280,-0.02693535,-0.05465388,0.00149187,-0.05752765,-0.05845208,0.00688688,-0.04992650,-0.04612117,-0.05121373,-0.03896161,-0.03281699,-0.06894780,-0.04144990,-0.02937998,-0.02750343,-0.01187809,-0.05829728,-0.03052859,-0.02539734,-0.00512497,0.01726528
2015-02-28,0.09382910,0.07999104,0.05672339,0.07774500,0.09851298,0.06575169,0.06663659,0.05289411,0.07547126,0.05522677,0.08262236,0.07371378,0.07205214,0.06011132,0.07666997,0.07129323,0.04498974,0.03311427,0.05405393,0.02690019,0.07490399,0.03763145,0.04437656,0.05459870,0.06716673
2015-03-31,-0.02101347,-0.02734950,-0.01987209,0.00609275,-0.01312034,-0.02683590,-0.02137186,-0.02231932,0.02004879,-0.00218909,-0.01783728,-0.01658490,-0.00750082,-0.00162035,0.03267050,-0.04567059,-0.02114783,-0.01001876,-0.00219805,-0.00865104,-0.01524348,-0.01010853,-0.01039527,0.00132201,-0.01168428
2015-04-30,0.05188037,0.02652763,0.04366028,-0.00679126,0.01560130,0.06474269,0.03210883,0.04096473,-0.00603925,0.03437293,0.10007774,0.01716247,0.00542656,-0.01573394,-0.02165130,0.09392586,0.00409472,0.00054004,-0.01614169,-0.00171350,0.02592568,-0.01546027,-0.02442739,-0.02579261,-0.05222112
2015-05-31,-0.01092084,-0.00807504,0.01739760,0.01389640,0.02434961,-0.03620651,-0.00716907,0.00271058,0.00155388,0.02130993,-0.06099490,-0.00242413,0.00945592,0.03902598,0.02281753,-0.05201044,0.01384016,0.01514592,0.02941704,0.05540706,-0.01219431,0.02273525,0.02832967,0.05204103,0.07484417
2015-06-30,-0.01246198,-0.01207649,-0.00824113,-0.02108487,-0.02254660,-0.05727106,-0.01912297,-0.01966209,-0.04090745,-0.01328703,-0.04833427,-0.03271972,-0.03378315,-0.00344030,-0.01319745,-0.03565863,-0.00608413,-0.00680545,-0.02765427,-0.00210930,-0.01926116,-0.01197828,-0.01056883,0.00053860,-0.00787360
2015-07-31,-0.05151133,-0.01652608,0.00681256,0.01640609,-0.00188211,-0.09898315,0.05944778,0.02884537,-0.00520207,0.01266130,-0.08938355,0.01775479,0.00996646,0.03131490,0.06870059,-0.07021030,0.02972252,0.03649822,0.06340849,0.01247468,0.00913927,0.04583998,0.01496563,0.01035979,0.03806880
2015-08-31,-0.09170015,-0.06012297,-0.05106047,-0.06761311,-0.04506277,-0.01074147,-0.06053492,-0.05193791,-0.05514239,-0.04766983,-0.05631035,-0.04896381,-0.07395757,-0.05913508,-0.03084511,-0.05206312,-0.06898849,-0.03747695,-0.06651453,-0.07760481,-0.06483058,-0.06833360,-0.08070404,-0.04526376,-0.09435830
2015-09-30,-0.05206712,-0.03821205,-0.03536964,-0.01097082,-0.04166870,-0.11084031,-0.03770415,-0.00374594,-0.02709481,-0.05003225,-0.08636876,-0.01365458,-0.02371552,-0.03864602,-0.05243430,-0.06665391,-0.01653351,-0.02031837,-0.02863898,-0.07866561,-0.04643381,-0.00748692,-0.01693593,-0.02156960,-0.09977278
2015-10-31,0.12182816,0.07356654,0.06174917,0.11188432,0.08609908,0.11413001,0.09023521,0.06242077,0.10269177,0.05094040,0.11462142,0.05783192,0.07454642,0.08767713,0.04298622,0.11926960,0.06913325,0.06427273,0.09716120,0.02930393,0.06316806,0.05044877,0.03667005,0.07412978,-0.01092577
2015-11-30,-0.00124606,-0.00928534,0.00187962,0.00827654,-0.00280767,0.01714581,-0.00551305,0.01081774,0.01347838,0.02134448,0.00605078,-0.00884969,-0.00348344,0.00789797,0.03690374,-0.01012031,0.00574450,-0.00578913,0.01776857,0.02722614,0.02234321,-0.01183328,0.01661367,-0.01487369,0.04455926
2015-12-31,-0.04491174,-0.03368019,-0.01177703,-0.05092173,-0.01274974,-0.03599494,-0.04530437,-0.00677921,-0.01253951,-0.00749018,-0.10062885,-0.04725559,-0.02128961,-0.01508440,-0.01934718,-0.13582538,-0.02812438,-0.00644805,0.00161435,-0.00909182,-0.02047534,-0.00398732,-0.00605290,-0.00730554,-0.00638758
2016-01-31,-0.11601952,-0.04886914,-0.05961718,-0.04989754,-0.09647140,-0.12951113,-0.07058361,-0.03777603,-0.10440788,-0.14874624,-0.09898762,-0.02762530,-0.03717320,-0.06924342,-0.06671135,-0.06871131,-0.06561808,-0.02700968,-0.05666230,-0.06952339,-0.08457848,-0.03147829,-0.02403906,-0.00092484,-0.10976770
2016-02-29,-0.02312385,0.00945878,-0.01179247,0.00740629,0.01763489,0.00070483,0.01380067,0.00661672,-0.02816118,0.00866794,0.05325705,0.02666625,0.00908172,0.00314181,-0.01260201,-0.03923290,-0.00368723,0.02279196,-0.00362529,-0.04743496,0.08789978,0.08844786,0.02097287,-0.01603532,-0.04945491
2016-03-31,0.07922724,0.05455345,0.05720901,0.06064605,0.07140160,0.08849847,0.08190311,0.05602645,0.07322504,0.04809036,0.08353030,0.09215352,0.06685949,0.04737965,0.05560152,0.05371655,0.09078632,0.11115917,0.07300431,0.07875093,0.09899809,0.10347655,0.07062537,0.05128100,0.06032823
2016-04-30,0.01781347,0.02101363,-0.00842916,0.01418433,0.01709453,0.06266097,0.04796011,0.01612015,-0.00574007,0.02423995,0.05770550,0.01375669,0.02036861,-0.00818944,-0.01659357,0.07887200,0.04305553,-0.03513651,-0.01833066,-0.03790652,0.10607491,0.01411505,0.05088509,-0.00182668,-0.01489314
2016-05-31,-0.01484136,0.00334446,0.00131273,0.02798678,0.03986799,0.00184403,0.01359321,0.01657112,0.01799767,0.02240664,0.02582825,0.01298696,0.00790326,0.01695542,0.01072887,-0.01353572,-0.00410644,0.04310948,0.02236400,0.04760849,0.00658244,-0.01330544,-0.00003759,0.02167162,0.01831354
2016-06-30,-0.00311938,-0.00343666,-0.01054548,-0.00467215,-0.00124827,-0.01940115,-0.03088319,-0.00295797,-0.00458720,0.01213231,0.00313229,-0.05971082,0.00531442,0.01819903,0.01955460,0.00397778,-0.06589311,-0.02166213,0.02191806,-0.01850788,-0.04435472,-0.02113342,0.04895560,0.02406886,0.04591157
2016-07-31,0.06193677,0.02404116,0.03814571,0.04105266,0.04860420,0.04205546,0.09118736,0.00959033,0.04661521,0.03048649,0.04575950,0.09354483,0.02802166,0.04446473,0.04040686,0.10955434,0.06334870,0.02803276,0.05294230,0.04827924,0.10173732,0.02310766,0.00716950,0.03459892,0.06627360
2016-08-31,0.02563173,0.00521363,-0.00198182,0.01300814,-0.00317517,0.02432811,0.01524864,0.02055758,0.01708684,0.00448742,0.02633809,0.02528703,0.01461021,0.00600451,-0.00312235,0.02219756,0.01102508,-0.01317485,0.00196333,0.00116280,0.02059956,-0.01069823,-0.02278594,-0.02678336,-0.03844246
2016-09-30,0.01499499,-0.00404117,-0.01273221,0.00718046,0.01730074,0.01227618,-0.00734772,-0.01645653,0.02107283,0.01983536,0.02548531,-0.00335023,0.00380400,0.02620201,0.03667815,-0.00220614,-0.01100420,0.00003822,0.04417866,0.04671960,-0.00144360,-0.00952007,0.00798942,0.01094767,0.04526023
2016-10-31,0.02823696,-0.00982395,-0.02748837,-0.00557406,-0.03933163,-0.06573344,0.01360002,-0.00869944,-0.02477197,-0.07631739,-0.02665547,-0.00035810,-0.02584412,-0.02391137,-0.04372106,-0.02504814,-0.02600631,-0.01717238,-0.04273524,-0.06154920,-0.01844693,-0.02633394,-0.03627333,-0.03981507,-0.04724352
2016-11-30,0.05680292,0.09233570,0.03691280,0.09023066,0.10970589,0.11091442,0.02498854,0.09574671,0.08577998,0.08936152,0.07398983,0.02574733,0.06689115,0.06659780,0.12446718,0.04726893,0.03627101,0.04547954,0.00875085,0.09771627,-0.01276223,0.00895850,0.04144167,0.04379376,0.09553423
2016-12-31,-0.00223829,0.02013974,0.02409018,0.02608100,0.01260317,0.03680080,0.03479879,0.01740568,0.02610692,0.04186540,0.01008250,0.03293228,0.04122139,0.00061700,0.00186753,0.02212341,0.02018097,0.01050040,-0.00277697,-0.03164151,0.01132883,0.01156811,-0.01203564,-0.01335332,-0.00304145
2017-01-31,-0.02629046,0.02364936,0.01774911,0.02821945,0.01136144,-0.00572354,0.01379159,0.02078196,0.02197849,0.04548671,0.00718856,0.03025008,0.00063342,0.03797492,0.07078527,0.03596033,0.01087017,0.02532186,0.05084703,0.02206243,0.02056828,0.02835998,0.02565464,0.03221800,0.04742039
2017-02-28,0.05063299,0.04231837,0.03520048,0.05001686,0.01406929,0.03827740,0.03526791,0.02902743,0.04225088,0.01292418,0.03525120,0.08737546,0.01203908,0.01709552,-0.02300795,0.02565112,0.03484387,0.03096871,0.02210293,0.01385217,0.02494448,0.03328142,0.01892005,0.03663801,-0.01818977
2017-03-31,-0.02112509,0.00602142,0.01523983,-0.00084538,-0.00308908,-0.01346335,0.00501080,-0.00007164,0.00446878,-0.02414170,0.00491246,0.01115782,0.02900919,-0.01627930,0.00206266,-0.01204691,0.01762505,0.00494557,-0.01252948,-0.01778200,0.00991802,-0.00662540,-0.00631720,-0.03199519,0.02778255
2017-04-30,0.01371807,-0.00376189,0.01457543,0.00482072,0.01828175,-0.00499185,0.00865681,0.03710345,-0.00001214,0.02758706,0.00801017,0.02402530,-0.00126615,-0.01240624,0.01449140,0.01063527,0.00473336,0.00435632,-0.00923175,-0.01646392,0.02793813,0.01285747,0.00638042,0.01780417,-0.00840731
2017-05-31,-0.00195533,-0.01079281,0.00679874,0.00200282,-0.00069001,-0.01396972,0.01706842,-0.00422192,-0.02678314,-0.02494793,0.01274375,0.01926204,-0.02176990,-0.00570442,-0.03915600,0.01697169,0.00708652,-0.01394269,-0.00586096,-0.02286301,0.02740010,0.04367383,-0.00306404,0.02439207,0.02475336
2017-06-30,0.03098209,0.00603548,0.01025776,0.00962126,0.03739185,-0.00257229,0.00812374,0.00543736,-0.00314824,0.03308876,0.00440332,0.00902265,0.05033132,0.04275216,0.03433006,0.00931726,-0.01264929,0.03515045,0.05193421,0.02108721,0.01133153,0.02397878,-0.03767487,0.00328476,0.00087678
2017-07-31,0.00545414,0.01585304,0.00293697,0.00563292,0.01274262,0.04185101,0.01793255,0.03519219,0.01011809,0.05672100,0.01291513,0.01527877,0.00008810,0.02330819,0.03703349,0.03177253,0.03130352,0.00407128,0.01696355,0.01736376,0.02197774,0.03088487,0.04447450,0.02444232,0.05123160
2017-08-31,-0.05695361,-0.02720814,0.00117047,-0.02880728,0.02248944,-0.02927306,-0.00257685,-0.00018393,-0.01683376,-0.02662018,-0.01841221,-0.00011067,-0.00652768,-0.00283235,0.00470786,0.00042924,0.01223295,-0.00150914,-0.01489918,0.00607822,0.01325661,0.01018200,0.05422771,-0.00469559,0.06380738
2017-09-30,0.06333388,0.04767974,0.03389619,0.05034418,0.04087531,0.08088624,0.03464814,0.02585160,0.06369521,0.06052158,0.03920411,0.01583637,0.05051374,0.01830346,0.07569695,0.01068594,0.03333033,0.01997097,0.02726048,0.03674442,0.01180464,0.00999021,-0.01951079,0.03007893,0.05369198
2017-10-31,0.01136578,-0.04815347,-0.00926066,-0.00170204,0.01012123,-0.03433594,0.02345072,-0.00830011,-0.01859262,0.00401741,-0.01067523,-0.00805089,0.01203881,0.02773664,0.02377436,-0.01791671,0.02601114,-0.00262483,0.01882446,0.00427361,0.03326356,0.06438195,0.05909659,0.04327266,0.06716162
2017-11-30,0.02403300,0.04577911,0.04638972,0.03072034,0.02446892,0.04408700,0.03094624,0.04494284,0.02103297,0.03645123,0.10038079,0.04216241,0.02849865,0.00393667,0.05748251,0.03123704,0.03319724,-0.00245214,-0.00612573,0.01806373,0.04084723,0.02670764,0.02743080,0.01577988,-0.00486128
2017-12-31,0.00408628,0.02333949,0.04384632,0.02700257,0.01806218,0.05120085,0.01902002,0.02220652,0.04366487,0.03580123,0.05435139,0.02090466,0.01008428,0.00335887,0.01296908,0.02413248,0.01690120,0.01155210,0.00501562,0.04367276,0.00079646,-0.00466785,0.00155170,0.00141305,-0.02106425
2018-01-31,0.01299089,0.02763429,0.02542567,0.02015195,0.05275602,0.02865943,0.03144835,0.04919362,0.04499168,0.05799948,0.02406191,0.01446153,0.04895722,0.04921070,0.06778321,0.04373049,0.05426756,0.06731894,0.02815487,0.07815950,0.03088618,0.07665621,0.06636561,0.08046709,0.15663044
2018-02-28,-0.07671086,-0.05720030,-0.05253668,-0.04967775,-0.05513669,-0.07963156,-0.07622683,-0.06781538,-0.04866848,-0.05247724,-0.05561009,-0.04815878,-0.04093474,-0.02023168,-0.02667213,-0.04780018,-0.04924364,-0.03137700,-0.00732342,-0.04259319,-0.04117638,-0.00764590,-0.03604547,0.00164312,-0.00938282
2018-03-31,0.00545924,-0.00161047,-0.00216100,0.01697052,-0.00887763,0.00962387,-0.00679969,-0.00132053,-0.04306975,-0.01903052,-0.01227826,-0.02089015,-0.01131129,-0.02578286,-0.01050389,-0.00935058,-0.01425562,-0.02787285,-0.01915645,0.00246121,-0.03425699,-0.03272800,0.00390115,-0.01695229,-0.04173375
2018-04-30,-0.03727882,-0.01307559,-0.01052035,0.00225098,0.01368967,0.00512221,-0.01735509,0.00773529,0.01516763,0.03369684,0.02330736,0.00692079,0.03747644,-0.02233753,0.03487629,-0.00935509,0.01717169,0.01220314,0.00758820,0.01203070,-0.01971391,0.00876965,0.00250471,0.04037282,-0.00088236
2018-05-31,0.01496371,0.00269820,0.01524555,0.01003883,0.01493616,0.01183048,0.00017234,-0.01531195,0.05173622,0.04975780,-0.00883652,0.00889135,0.02718225,0.04770691,0.05858931,-0.00295879,0.05759414,0.00629253,0.02728592,0.05743351,0.00522025,0.02357122,0.03759889,0.05867103,0.11925451
2018-06-30,0.04180468,0.00520779,0.00516725,-0.00747288,0.00437517,0.04644034,0.04789681,0.00012941,0.01227955,0.02602434,0.02461337,0.00376117,0.01160659,0.00884715,0.00003450,0.03014946,-0.00735543,0.01347888,0.02182905,-0.04194713,0.01027109,-0.01340414,-0.00065758,-0.01313695,0.01734786
2018-07-31,0.02043633,0.06070997,0.06265071,0.02595716,-0.01761390,0.04825444,0.04285183,0.04967807,0.03300778,0.01957800,0.03874221,0.04949207,-0.00500722,0.01928613,0.02959971,0.04755888,0.04402222,0.03601902,0.01342746,-0.00638220,0.03384568,0.02512175,0.02754852,0.03253625,-0.05285286
2018-08-31,0.01682108,0.00849031,0.00314158,-0.00159005,0.00641086,0.01952755,0.00617036,0.02374177,0.00841604,0.03179089,0.02965631,0.02218467,0.00481911,0.01214957,0.08767696,0.00756671,0.05072792,0.03699961,0.02500011,0.05309959,0.03046874,0.05141200,0.06199280,0.09953048,0.09932849
2018-09-30,0.00261890,-0.00112428,0.00426527,0.00771591,-0.01442632,-0.01236800,0.01498893,-0.00891721,0.01793013,0.01065904,-0.00817518,-0.01377129,-0.00411330,0.01927175,-0.01118594,-0.01290297,-0.01694058,-0.00981147,-0.01549166,-0.02456355,0.00286693,0.02012514,0.02725742,-0.00090109,-0.00330123
2018-10-31,-0.06063302,-0.04838834,-0.04655662,-0.04224217,-0.09164334,-0.06852327,-0.05420201,-0.06290474,-0.09085098,-0.07969424,-0.08386133,-0.04877231,-0.05828032,-0.08309302,-0.10442799,-0.05712719,-0.05927419,-0.10511907,-0.08623480,-0.13406308,-0.07026785,-0.05030850,-0.11206577,-0.17281122,-0.16695609
2018-11-30,0.03543525,0.05161689,0.02225687,0.01146565,0.04891367,-0.00985198,0.02612071,0.03882898,0.01989706,0.01993081,0.02266516,0.04018816,0.04078163,0.00290601,-0.01374707,0.00078525,0.03495135,0.01624751,-0.01851565,0.01594554,0.05717097,-0.01684314,-0.01255732,0.04464289,-0.01872306
2018-12-31,-0.11566955,-0.08508157,-0.10299651,-0.08094565,-0.09362699,-0.10392980,-0.10068364,-0.08570727,-0.09267322,-0.10711818,-0.12687402,-0.07320329,-0.06076737,-0.08605358,-0.12312269,-0.12188514,-0.09063503,-0.08947162,-0.06625449,-0.12294037,-0.11757227,-0.08267992,-0.09418275,-0.12703130,-0.10760846
2019-01-31,0.13646876,0.11508781,0.08995404,0.09381865,0.06319511,0.11021533,0.10262536,0.06120275,0.07817561,0.07218752,0.15769420,0.13843294,0.07326356,0.05369243,0.18578264,0.19502475,0.11983660,0.04989630,0.10935865,0.12165329,0.17533767,0.12075086,0.04027362,0.04375982,0.17810524
2019-02-28,0.02928531,0.03980313,0.05533541,0.02918201,0.04359601,0.03783346,0.04255810,0.02386008,0.04656386,-0.00596252,0.03369938,0.02279058,0.03226280,0.01124559,0.05237469,0.04605475,0.01710293,0.02953059,0.03628170,0.06923608,0.05988447,0.02919690,0.05044778,0.03876419,0.06299533
2019-03-31,0.01534525,0.00899640,0.00207240,0.05615746,0.02165754,0.02187184,-0.01133350,0.00213193,0.04460600,0.01845289,0.03686047,-0.01312996,-0.01063007,0.01030113,-0.02973201,-0.01582568,-0.00065174,0.00277328,0.01935171,-0.00907054,-0.01938010,-0.02133633,0.03236079,0.01673685,0.01322705
2019-04-30,0.03059711,0.06232015,0.02855486,0.03752657,0.04698575,0.04889462,0.09606248,0.05410653,0.04738800,0.00823822,0.02882663,0.05902077,0.04566395,0.00854251,0.02882802,0.06762912,0.05017553,0.06949586,0.05070483,0.04728317,0.02993592,0.06708386,0.02059075,-0.01048338,-0.00458099
2019-05-31,-0.08711367,-0.09133752,-0.06421125,-0.06512875,-0.07451152,-0.13311117,-0.08758877,-0.03940720,-0.07419632,-0.08794223,-0.17839488,-0.12816896,-0.08160550,-0.05230533,-0.05087262,-0.15286231,-0.10703230,-0.06923940,-0.03592062,-0.06011031,-0.17283778,-0.14256390,-0.01062764,-0.01582676,-0.03252510
2019-06-30,0.08590235,0.10556042,0.07961870,0.05096074,0.07664857,0.10290394,0.07302707,0.05549232,0.07686050,0.07783112,0.12674130,0.09200694,0.05637225,0.06686770,0.08020316,0.12707141,0.05758948,0.02482474,0.06809006,0.08375513,0.10669476,0.08971224,0.05351409,0.05243014,0.07358981
2019-07-31,0.01629497,0.01915428,0.05173440,0.03200506,0.01600966,0.00124271,0.01231110,-0.00051477,0.00263543,0.00804257,0.02958051,0.01306701,-0.01708057,0.01114489,0.03310730,-0.03658702,0.01750107,0.00426335,0.02805360,0.01620231,0.01085401,-0.00081299,-0.00303726,0.01065144,0.04201745
2019-08-31,-0.03067454,-0.04098813,-0.03948322,-0.06292571,-0.04045316,-0.07456925,-0.06104966,-0.02238041,-0.02294145,-0.02395367,-0.04833429,-0.07511674,-0.01996597,-0.01449969,-0.03254921,-0.08755839,-0.06905521,0.01080583,-0.02278580,0.01378290,-0.13324937,-0.02959743,0.01769340,0.02134744,-0.01808706
2019-09-30,0.05739993,0.02176484,0.02940070,0.05071872,0.05182790,0.01227646,0.05675941,0.02825708,0.04131605,0.00580785,0.05388408,0.05176684,0.03041099,0.02918365,0.01323661,0.05209201,0.06138664,0.01027341,0.00192572,-0.03593671,0.06473793,0.03565577,-0.00238251,-0.02330876,-0.10710310
2019-10-31,0.04551369,0.00523429,0.03851342,0.03779082,0.03307255,0.02008942,0.03621212,0.01420593,0.04469644,0.08362875,0.04957240,0.03883457,0.02595915,0.00896985,0.03710070,0.01140456,0.02220416,0.01114967,0.03153324,0.01394176,0.04154248,-0.00674719,0.00325333,0.01394888,0.01930480
2019-11-30,0.06152684,0.04295290,0.03955525,0.04540933,0.03417602,0.10749982,0.07274444,0.04719787,0.04596470,0.05159674,0.09993578,0.03324170,0.05253140,0.02458653,0.08009182,0.05258025,0.02596041,0.04952156,0.03979424,0.08554847,-0.01124169,0.00612504,0.02059202,0.03156088,0.07759822
2019-12-31,0.05220425,0.04790957,0.03235884,0.02574356,0.00862401,0.03615827,0.02283727,0.03558447,0.02797338,0.00486254,0.04492240,0.02332919,0.02015059,0.01984498,0.04083909,0.07956711,0.01729298,0.02636035,0.02254470,0.03192193,0.01163460,0.02360326,0.02050490,0.05470988,0.03709219
2020-01-31,-0.05908614,-0.03365681,-0.04554756,-0.01678012,-0.01020490,-0.08558433,-0.03541070,0.01197434,-0.02631387,0.04240794,-0.09357326,-0.02685819,-0.01967457,-0.04351022,0.01961045,-0.04098861,0.01713518,-0.01565434,0.00343680,-0.00191087,-0.03723662,0.00621245,0.04681661,0.03964087,-0.00773281
2020-02-29,-0.06445948,-0.10981350,-0.07935209,-0.08686784,-0.05877819,-0.06279728,-0.08924637,-0.07111763,-0.08486825,-0.02390996,-0.11870095,-0.10196520,-0.08850423,-0.09173725,-0.10112842,-0.08849047,-0.08213905,-0.08516287,-0.07313780,-0.00845460,-0.09627505,-0.08064119,-0.07281366,-0.09585466,-0.04628769
2020-03-31,-0.17009846,-0.21602289,-0.20507357,-0.14857749,-0.18148564,-0.24412165,-0.16170853,-0.05786649,-0.16025036,-0.18131266,-0.27872860,-0.13162610,-0.16831940,-0.12087123,-0.14763001,-0.21967894,-0.14152183,-0.16492902,-0.09268182,-0.13977650,-0.19191932,-0.10588781,-0.07823593,-0.13432490,-0.08214786
2020-04-30,0.16914309,0.09690052,0.08689662,0.13027558,0.14564822,0.19017203,0.17185565,0.18137859,0.10263909,0.12849811,0.18455437,0.20926254,0.15959672,0.05902485,0.19590179,0.29586775,0.15838087,0.10560138,0.15983901,0.12655658,0.32474422,0.13953528,0.08710314,0.13738862,0.22940432
2020-05-31,0.05041659,0.03581162,0.04505303,0.06560661,0.10973792,0.02495815,0.05701366,0.04688727,0.05056982,0.09097453,0.04190583,0.04572301,0.03708897,0.03235705,0.07585059,0.04203187,0.06942957,0.04475539,0.06692169,0.10572244,0.06113847,0.05600777,0.03646291,0.05951584,0.14165570
2020-06-30,0.01487964,0.00141247,0.00114635,-0.00923786,-0.00537982,0.03193332,-0.02022049,-0.03230170,0.02660497,0.08465374,0.04149828,0.01382415,0.00635813,-0.00573363,0.02761364,0.04509825,0.02787373,-0.00772689,0.04128738,0.07871020,0.12484099,0.01851687,0.03442126,0.07842639,0.10242308
2020-07-31,0.01972930,0.05341400,0.04811755,0.05390915,0.07457932,-0.00877639,0.03277826,0.07570329,0.05784128,0.06837571,-0.02879290,0.02830699,0.02356756,0.06276629,0.07871708,-0.02729825,0.00632169,0.04165525,0.07519430,0.03442955,-0.04761932,0.07567518,0.08387883,0.05323851,0.14530115
2020-08-31,0.06172178,0.05845919,0.01558182,0.03899313,0.05505110,0.06319414,0.06812538,0.06143142,0.05290792,0.07896447,0.08173788,0.05779225,0.03847502,0.06306196,0.07658088,0.03245692,0.04150159,0.05416723,0.08386330,0.04089077,0.04313881,0.05572205,0.10787558,0.04643226,0.28401257
2020-09-30,-0.04404777,-0.00523541,-0.01200349,-0.03641151,0.00842520,-0.05770545,-0.05297841,-0.01563759,0.00228422,0.00297167,-0.05833704,-0.04012682,-0.01216492,-0.00035343,-0.00623837,-0.09484130,-0.02944851,-0.05623048,-0.05136322,0.00928258,-0.04681893,-0.00997538,-0.06741086,-0.01617600,-0.00479990
2020-10-31,0.01973904,-0.01834533,-0.02626666,-0.06595429,0.00481151,0.02052789,0.01210495,-0.00573778,0.00384160,-0.00561236,0.01721037,0.01198729,-0.04497661,0.01236398,0.03289917,-0.01528768,-0.00638833,-0.02050437,-0.00358907,-0.02701863,-0.00891384,-0.03197691,-0.03867812,-0.02281072,-0.06455227
2020-11-30,0.22349779,0.12545403,0.14739520,0.14012629,0.17579876,0.25585260,0.19200295,0.10785351,0.15893497,0.19458638,0.30976884,0.19870148,0.11506537,0.14639077,0.17063794,0.25154249,0.08409487,0.12401959,0.11161302,0.14607102,0.09301738,0.07300557,0.07850388,0.11838974,0.30216208
2020-12-31,0.05834916,0.03727513,0.03706319,0.05588461,0.07305686,0.07253996,0.05487030,0.02317529,0.06414577,0.07350152,0.06717030,0.03735111,0.05287088,0.07244729,0.07921553,0.05924844,0.02072781,0.04415169,0.03668151,0.05166270,0.00693038,0.02434542,0.07486667,0.02293441,0.09615071
2021-01-31,0.06393878,0.01200096,-0.02365382,-0.03835289,-0.00392443,0.03969184,-0.01077476,-0.01895274,-0.00358265,0.01466472,0.00504240,-0.01827360,-0.02703665,0.03258829,0.05326318,-0.05915568,-0.01851160,0.00940564,0.02447611,0.08311840,-0.00399817,-0.03923187,0.01700623,0.01881516,0.10493771
2021-02-28,0.09051319,-0.00291876,0.05089881,0.13438644,0.13921000,-0.00375062,0.03699129,0.12384633,0.12839883,0.15365786,0.00474658,0.04244309,0.12459318,0.11699139,0.11171514,0.03954764,0.02699210,0.06080232,0.05805670,0.09698704,-0.01227527,-0.02345950,0.04755985,0.06787699,-0.04968808
2021-03-31,0.07492823,0.08504635,0.08159504,0.03424610,-0.00135336,0.08057651,0.05425510,0.10624774,0.06127827,-0.01758036,0.05514539,0.06775140,0.03422059,0.07124522,-0.02986030,0.04267298,0.03977354,0.01077656,0.00408266,-0.05050853,0.02716699,0.01740136,-0.00774470,-0.04473799,-0.05730768
2021-04-30,0.02480373,0.01139479,0.03572997,0.01477453,0.03436826,0.04071541,0.09698580,0.03524739,0.04446329,-0.00059627,0.04519347,0.08320648,0.02470626,0.06325810,0.02126136,0.05956680,0.04568811,0.08472959,0.03139150,0.07062878,0.06278169,0.03989581,0.03611420,0.08093178,0.05302667
2021-05-31,0.01486050,0.00157255,0.00633613,0.00728406,0.02331931,0.01519363,-0.01722773,-0.03887248,0.03924610,0.02409728,-0.00269599,0.01649216,-0.00300846,0.01993617,-0.01382750,0.00560943,0.02960486,0.00378548,0.01503457,-0.02369515,0.02546389,0.03834180,0.03938356,-0.00114053,-0.04612920
2021-06-30,0.01043720,0.01750447,-0.00044645,0.06385370,0.11199557,0.01104575,0.06334955,0.07108021,-0.00704371,0.12380148,0.00251775,0.03517158,-0.00157093,0.03215519,0.09585540,0.03043222,0.02296745,-0.02119407,0.01045756,0.08679150,0.00271280,-0.03329409,-0.00864878,-0.01977010,-0.01971484
2021-07-31,-0.02864359,0.02352209,0.04619870,0.00532656,-0.03725856,0.00664905,0.05481367,0.01416669,-0.07439585,-0.05969143,0.03262426,-0.00775491,-0.00224648,-0.04321688,-0.07585196,0.03721914,-0.00672313,0.00095285,-0.00678741,0.01645058,0.05338646,-0.01070919,0.00573817,-0.02673696,-0.01224133
2021-08-31,-0.01682802,0.00920243,0.01995654,0.02839608,0.04010003,0.03765600,0.02774093,0.03129959,-0.00574043,0.05303783,0.01234961,0.04830042,0.04100454,0.01925821,-0.03419984,0.03098208,0.01801383,0.01974979,0.01318963,0.06228123,0.02316770,0.05216891,0.05051583,0.03261660,0.02672288
2021-09-30,-0.05011931,-0.02535913,-0.02979968,-0.05080390,-0.03040746,-0.04908453,-0.03793301,-0.03683936,-0.02429240,0.01785031,-0.04681558,-0.08351115,-0.01239829,-0.00564824,-0.00268807,-0.06259285,-0.05392412,-0.03656562,0.00632864,0.00023461,-0.05448455,-0.05906257,-0.04612702,-0.03556858,0.02049068
2021-10-31,0.08055973,0.00910144,0.03237726,0.03068876,0.05504766,0.02859861,0.04057483,0.05001251,-0.00931609,0.31808090,0.06484940,0.07485837,0.04929522,0.04482212,0.10299013,0.04068649,0.04644670,0.04896885,0.09522122,0.06036314,0.08687263,0.08211380,0.08244435,0.11275485,0.02837585
2021-11-30,-0.18383611,-0.01200430,-0.06217454,-0.04832090,-0.00301346,-0.10043866,-0.03209501,-0.04980338,-0.06148821,-0.00458606,-0.01976210,-0.03190473,-0.03225281,-0.04787367,0.01757685,-0.00523875,0.03462443,-0.00724810,-0.02569546,-0.02632578,-0.01099880,-0.02441599,-0.04151996,0.03985636,-0.03700893
2021-12-31,0.02052829,0.05097147,0.08209370,0.02405701,-0.02276816,-0.01780437,0.09010088,0.08006923,0.05090444,-0.08916464,0.00751362,0.04024482,0.00604497,0.00932848,-0.05235174,0.05876012,0.06823166,0.05552777,0.00859766,0.01025678,0.07608105,0.05003988,0.05313128,-0.03098379,-0.08104809
2022-01-31,-0.11481105,-0.04360599,0.02137982,-0.00683740,-0.09930811,-0.10908954,-0.02517016,-0.00885407,-0.03252373,-0.15969799,-0.11636628,-0.01630779,-0.06865073,-0.10697968,-0.10764209,-0.04585105,-0.00677447,-0.05932396,-0.07502075,-0.13937657,-0.02726913,-0.04354734,-0.08595287,-0.07381354,-0.16144431
2022-02-28,-0.01930774,-0.01447234,0.00171223,-0.00187342,0.02785532,-0.17372731,0.02159770,-0.01810225,-0.03427664,-0.04248816,-0.02183881,-0.03076910,0.00319347,-0.12299080,-0.03166955,-0.01196532,0.00745257,0.01326106,0.00156668,-0.06158457,0.05354764,-0.03705386,-0.04057872,-0.02690227,0.03781971
2022-03-31,-0.01058209,0.01856240,0.01078410,0.05256589,0.00604710,0.02873798,0.02544984,0.06777649,0.01727681,0.02628898,0.02808862,-0.01658959,0.02512544,0.00096716,0.03099702,-0.00072292,0.02827246,0.04433275,0.05231187,0.04338560,-0.06760694,-0.00452155,0.03406491,0.05535444,0.07945111
2022-04-30,-0.15014297,-0.04803305,-0.06889769,-0.05255667,-0.10375471,-0.18227694,-0.10388632,-0.03135131,-0.07060104,-0.12377180,-0.11356460,-0.07231832,-0.04816375,-0.07825957,-0.11329352,-0.17494197,-0.07819312,-0.05813417,-0.10566126,-0.07957378,-0.19758139,-0.11625801,-0.02516927,-0.08030017,-0.20296400
2022-05-31,0.01715986,0.00344007,0.03689863,0.00287406,-0.05341319,0.03328905,-0.04853536,-0.03412397,0.02099237,-0.00563286,-0.05972571,0.09501566,-0.01146006,-0.01582648,-0.06612836,-0.09306295,0.01575818,0.01630332,0.00594497,0.05993938,-0.01121217,0.02698526,0.01541147,-0.03377738,-0.08016043
2022-06-30,-0.07932848,-0.06546586,-0.07343475,-0.06701144,-0.11524142,-0.08198736,-0.08604162,-0.05163913,-0.05968957,-0.12185077,-0.09248713,-0.08824202,-0.03118763,-0.07104764,-0.09562825,-0.13712743,-0.13457040,-0.08833778,-0.06143217,-0.05768398,-0.12471189,-0.08778321,-0.11297143,-0.03582669,-0.13384757
2022-07-31,0.13292288,0.06529931,0.07464145,0.09603555,0.15286215,0.10064713,0.09152237,0.02669335,0.09478879,0.14819258,0.14285459,0.12778468,0.09579375,0.03593776,0.04440902,0.18018364,0.18571611,0.08838145,0.03430408,0.03529784,0.11907320,0.08844775,0.10055205,0.03179138,0.06239142
2022-08-31,-0.04365038,-0.04278782,-0.03702073,-0.03500262,-0.04071194,-0.04648852,-0.05991307,-0.04187664,-0.02856762,-0.02381699,-0.00699252,-0.05535975,-0.04964330,-0.03589268,-0.01649172,0.01808541,-0.04683347,-0.05675094,-0.01611832,-0.01092632,-0.02908182,-0.01839775,-0.06011766,-0.03201247,0.01040716
2022-09-30,-0.10309303,-0.09523588,-0.10164933,-0.11627506,-0.05055066,-0.15088703,-0.08140463,-0.06561927,-0.07547931,-0.08991694,-0.11403834,-0.08022110,-0.09344501,-0.06835499,-0.07229999,-0.09594808,-0.11690966,-0.11228299,-0.06311522,-0.10798981,-0.09414965,-0.16079942,-0.13369374,-0.04545372,-0.04835903
2022-10-31,0.09314702,0.08871921,-0.01567502,0.10570021,0.10977415,0.10737271,0.09717492,0.07886158,0.08461326,0.09429690,0.05638612,0.00303161,0.09209254,0.09707936,0.10018142,0.06142944,0.12142782,0.05744770,0.08556804,0.17399178,-0.06941151,0.09293766,0.07367302,0.05815067,0.16332187
2022-11-30,0.05493428,0.02737713,0.06990153,0.05542565,0.06220921,0.13617617,-0.02124635,0.07140525,0.04641515,0.04592446,0.01977605,-0.00140962,0.08747220,0.06810084,0.03031503,0.02025694,0.09580636,0.08623809,0.02155186,0.01540426,0.14347218,0.12399295,0.08974260,0.01694760,0.01421543
2022-12-31,-0.05263088,-0.04013644,-0.04544998,-0.03494849,-0.04825332,-0.17910604,-0.05931130,-0.07322984,-0.03070831,-0.02984391,-0.10821503,-0.03858930,-0.02252995,-0.04245989,-0.04944747,-0.11696805,-0.06866263,-0.06439646,-0.03794143,-0.05698143,-0.05080413,-0.05169890,-0.09805929,0.00465129,-0.04100093
2023-01-31,0.09612671,0.05859415,0.04858969,0.02289385,0.07123435,0.15915393,0.08704007,0.00892306,0.02725545,0.10832948,0.25133818,0.10298026,0.03638591,-0.00212654,0.03673138,0.26684756,0.17577433,0.05644784,-0.01151295,0.04616925,0.18817853,0.13309467,0.00956460,0.01501393,-0.00251063
2023-02-28,-0.02642047,-0.02779300,-0.04145334,-0.02216106,-0.04263624,-0.05217499,-0.00333681,-0.01390929,-0.00892093,-0.01631406,0.10220239,-0.03112705,-0.03910877,-0.01942210,-0.04132746,0.05232214,-0.07078391,-0.00619792,-0.02893723,-0.05832544,-0.07464133,-0.06993227,-0.00858415,-0.02053967,-0.02643556
2023-03-31,0.05441378,0.01953717,-0.00655292,0.01843403,-0.00106350,-0.01038808,0.04986755,0.02077525,-0.04003966,0.01691046,0.06810366,0.06914562,0.00761806,-0.00618252,-0.01062951,0.03986718,0.06221813,0.01810583,0.00223432,-0.00417418,0.01341590,0.00265725,0.00923408,0.02124349,0.02063251
2023-04-30,-0.01524601,0.02893779,0.02707123,-0.00245392,0.03923854,-0.02434543,0.03431349,0.02399359,-0.00188902,-0.00902682,-0.04656215,-0.00273089,0.01043503,0.01174951,-0.03113384,-0.01318148,0.03249396,0.01175796,-0.01860392,-0.02135450,0.03305477,0.00098461,0.02171657,0.03516681,0.00794999
2023-05-31,-0.02499756,-0.04412473,-0.02900745,0.02646386,0.01326054,0.16606118,0.05808698,-0.01345902,-0.01261626,-0.00223434,-0.01078808,-0.04800777,-0.03898773,0.02910515,0.16189369,-0.04142168,-0.02547379,-0.00998006,0.01227627,0.00315391,-0.08129364,0.00589981,-0.03682540,-0.04807703,0.03305229
2023-06-30,0.08998598,0.01565260,0.05966622,0.06253863,0.08700616,0.19246454,0.07411685,0.05320955,0.06083250,0.05804161,0.05440830,0.04399714,0.06259336,0.08827081,0.09383761,0.06459427,0.05969584,0.08009016,0.09349884,0.11129278,0.07604007,0.00346624,0.06184036,0.09303812,0.07165068
2023-07-31,0.02733555,0.00924347,0.05268487,0.04720280,0.08743607,0.10566347,0.07697098,0.04169296,0.05624882,0.06382394,0.12415875,0.04049260,0.00879637,0.01106062,0.09443931,0.11494820,0.01443109,0.02364879,0.02623174,0.09639128,0.08658224,-0.00417229,-0.00789559,0.01261353,0.04024642
2023-08-31,-0.01502120,-0.03718004,-0.06276606,-0.01259974,-0.02631714,-0.06867607,-0.03010903,-0.03051098,-0.04297703,-0.01622011,-0.08770873,-0.04750690,-0.00609474,-0.04898692,-0.01446858,-0.09009258,-0.00923572,0.01545924,0.00723282,-0.03823171,-0.08572026,0.00289824,0.00336798,-0.00908142,0.01420224
2023-09-30,-0.02556108,-0.02752554,-0.02411943,-0.02702405,-0.03285551,-0.06361262,-0.01887952,-0.05106761,-0.02770972,-0.06378303,-0.06653796,-0.06032419,-0.03401396,-0.03318382,-0.04862652,-0.05354647,-0.04607942,-0.05564893,-0.05446837,-0.06043041,0.02965009,0.01300540,-0.04056594,-0.07135445,-0.07434341
2023-10-31,-0.06292514,-0.04549695,-0.02322091,-0.05050257,-0.01596774,-0.08395732,-0.02012709,-0.02689677,-0.05281056,-0.05299524,-0.05724009,-0.02806280,-0.02232480,-0.05523018,-0.11292044,-0.05248203,-0.00354295,-0.04825495,-0.03214617,-0.11510331,-0.10807386,0.00022590,-0.01844654,0.03260707,-0.03746141
2023-11-30,0.07146686,0.06781966,0.06418162,0.06531333,0.06328571,0.12929680,0.10121744,0.05507016,0.07737709,0.10451098,0.15150248,0.10713922,0.07382232,0.10997760,0.10374405,0.10471069,0.08052589,0.07187603,0.12584196,0.21132762,0.05376830,0.00500137,0.06117822,0.11185888,0.13868216
2023-12-31,0.10262272,0.06565132,0.07451816,0.08008058,0.09914026,0.17012788,0.07820397,0.02774427,0.05272541,0.13603950,0.13497361,0.08325165,0.05556867,0.08049363,0.13215785,0.17858893,0.06684382,0.03911415,0.03018775,0.07374105,0.06048678,-0.01197674,0.02767070,0.02816918,0.06494292
2024-01-31,-0.03274817,0.00235303,0.00337437,-0.00676114,-0.02225224,-0.04466131,-0.04397118,0.00412928,-0.03304518,-0.05365614,-0.07665960,-0.02388619,0.01935127,0.00031257,-0.01060889,-0.05979685,-0.01624509,-0.00860805,0.00882311,-0.09577818,-0.04860408,0.00402583,0.03197175,0.01666105,0.11621956
2024-02-29,0.03404835,0.02233481,0.00258444,0.03544006,0.05581480,0.03339225,0.00046994,0.03315143,0.03087359,0.05609219,0.03284121,0.02677485,0.03226656,0.03410628,0.05398681,0.01647036,0.03204980,0.01897847,0.04931184,0.08769325,0.03466843,0.02111679,0.05502974,0.07375250,0.19569192
2024-03-31,0.04818949,0.04458001,0.05354076,0.02980507,0.01142892,0.05194811,0.02283644,0.04205814,0.05611797,-0.05190951,0.06261471,0.03068095,0.00182933,0.07478020,0.03109689,0.07051285,0.02872216,0.04005207,0.02591830,-0.02061072,0.04380162,0.02954707,0.04103329,0.01385785,0.06639799
2024-04-30,0.02833071,-0.02307949,-0.03368125,-0.04981814,-0.06947009,-0.05598440,-0.01817436,-0.05381221,-0.06054005,-0.08993958,-0.07125365,-0.03070271,-0.07076774,-0.03811495,-0.06193568,-0.01923174,-0.04217492,-0.03674589,-0.06961487,-0.09962336,-0.08855169,-0.03415364,-0.03971687,-0.05433893,-0.06146645
2024-05-31,0.00810034,0.01071807,0.08027671,0.02012825,0.00959063,0.06454632,0.01535978,0.01648263,0.03802628,-0.03381390,0.03355120,0.00673441,0.02339240,0.01010559,0.05048376,0.02358886,0.03203246,0.05081436,-0.00860120,0.05106658,0.08380623,0.05010511,0.04347696,0.04999423,0.15217541
2024-06-30,-0.00622269,-0.02326372,0.09484155,-0.02270137,0.03046878,-0.01196241,-0.00410150,0.02933549,-0.00417199,-0.02390715,0.05345806,-0.01523959,0.00755380,0.01723267,0.00846701,-0.01017511,0.00772637,-0.01282544,0.01631822,0.02204487,-0.02406280,0.04081163,0.03807925,0.05513882,0.09666807
2024-07-31,0.05199235,0.04452461,0.08967881,0.04969353,0.04966392,0.03629776,0.06728020,0.04264422,0.07733404,-0.02793537,0.03619585,0.05515131,0.06181320,0.05008242,0.00600474,0.11419494,0.04391867,0.05763577,0.03826956,-0.02759098,0.13162026,-0.00728112,-0.00675304,-0.04516716,-0.04212127
2024-08-31,-0.06854248,0.01560814,0.02500642,0.00394321,0.01603049,-0.05643718,0.04436005,0.02185381,0.01049253,0.03036371,0.01740505,0.02624671,0.00462388,0.02641944,-0.02551718,0.03845987,0.02928432,0.01734328,0.04058621,0.02228513,0.01842008,0.02114048,0.01211609,0.07025892,0.01343143
2024-09-30,0.10458968,-0.00161852,0.02141198,-0.01588641,-0.00277135,0.00338270,0.01874579,-0.00120781,0.02826324,0.05594366,0.01864190,0.01611199,0.01178161,0.01766134,0.04949266,0.01325600,0.03154450,0.02267275,0.02270650,0.05511584,-0.01794059,0.01208551,0.01854861,0.00990835,0.04707072
2024-10-31,-0.02151836,-0.00699764,0.00554438,-0.02375504,-0.04822156,-0.01028603,-0.01907287,-0.02106865,0.01492830,-0.07433854,-0.03440036,-0.04259051,-0.02767265,-0.02375266,-0.01300669,-0.03154000,-0.00751680,0.01572532,-0.02133109,-0.00588000,-0.03640721,0.00888545,0.00657810,-0.01332091,0.07617139
2024-11-30,0.07807932,0.04422539,0.05060534,0.06260527,0.27345918,0.08901851,0.04220501,0.08823362,0.04646579,0.10690713,0.06474281,0.05316008,0.04790130,0.07398888,0.04801428,0.05676194,0.04655273,0.07964376,0.09325025,0.04302531,0.05903195,0.07502381,0.09213031,0.01048854,0.07876593
2024-12-31,-0.07164131,-0.06902117,-0.05262958,-0.06833237,-0.03547727,-0.08063359,-0.04480419,-0.08781180,-0.06289058,0.14679516,-0.08782207,-0.02847803,0.04476165,-0.08016784,-0.11771737,-0.02139934,-0.03143104,0.00011015,-0.02012910,-0.08538292,-0.06005900,-0.06688285,-0.06082096,0.02680544,-0.04316693
2025-01-31,0.01577062,0.04831781,0.01835735,0.05805167,0.07105407,0.05540466,-0.02495194,0.05912194,0.05324108,0.06036169,0.02937721,0.03334877,0.05837672,0.06501623,-0.00150426,0.01481599,0.06277967,0.00404616,0.10436933,0.17579460,0.03317086,0.04243720,0.07201258,0.03802805,-0.05169242
2025-02-28,-0.03101744,-0.05094955,0.01948867,-0.00928276,-0.06027888,-0.02721020,-0.02613879,0.05822409,-0.04755269,-0.09727064,-0.03015948,0.03812213,-0.08919927,-0.02476175,-0.03682995,0.00516139,-0.04971817,-0.01085458,-0.07584158,-0.23040960,0.05574148,0.01723748,0.01111302,-0.07848667,0.01190604
2025-03-31,-0.06651692,-0.02415111,-0.03235573,-0.02679502,-0.05243520,-0.05306106,-0.02515461,-0.03058695,-0.01613005,-0.08719847,-0.00464626,-0.01145988,-0.05885165,-0.05450131,-0.11808848,-0.03640139,-0.06079429,-0.06946104,-0.11851459,-0.15042846,-0.00995499,-0.07694532,-0.06721924,-0.11037579,-0.09625082
2025-04-30,-0.02493689,0.01657508,-0.01187068,-0.05417596,0.05753490,-0.03877289,-0.03381324,-0.03697259,0.02026135,0.05735599,-0.01661405,-0.02879995,-0.01652511,-0.00305059,0.01031418,-0.05769786,0.00131209,-0.02636079,-0.00141517,0.07976101,-0.07554016,-0.01086854,0.01858579,0.08796320,0.13840365
2025-05-31,0.05926723,0.03565969,-0.05761794,0.06861028,0.08276665,0.07265359,0.11654399,0.02094473,-0.01656903,0.20303824,0.06740354,0.02060101,0.07032575,0.08016986,0.10663938,0.04995965,0.02206291,0.11847627,0.07088316,0.20539279,-0.01800428,0.01377075,0.04242346,0.06094372,0.16737325
2025-06-30,0.06306296,0.06907687,0.02186833,0.02783066,0.01916190,0.09131563,0.03819559,0.02105773,0.13088580,0.16217789,0.07120662,0.02521204,0.04459360,0.06526248,0.01618880,0.14113236,0.01827053,0.07192600,0.06605458,0.05226778,0.04964403,-0.01502779,0.01959662,0.06045089,0.08035133
2025-07-31,0.02906392,-0.05865780,-0.00533297,0.05729412,0.08347048,0.00362828,0.00485379,0.01382170,-0.00745144,0.05444218,0.12657158,-0.02319317,0.02407375,0.09793205,0.04577025,-0.08999910,-0.01566385,-0.01599021,0.03938348,0.05323581,0.03032688,-0.01535900,0.00500006,-0.05866690,0.07032349
2025-08-31,-0.00873359,0.05037929,0.04395365,0.03735854,0.00203974,0.00850945,0.08539685,0.04245837,0.09037971,0.04456959,0.07359797,0.06055335,-0.00949556,-0.00059646,-0.01097334,0.13112374,0.05056770,0.03733589,0.00207275,0.04584716,0.07270025,0.02945211,0.00958396,0.02217269,0.01080933
2025-09-30,-0.01921525,-0.01184324,0.04169614,-0.02648091,-0.01238575,0.00047536,-0.00291118,0.05066916,0.04149005,0.03818869,-0.01849895,-0.01967458,0.04837221,-0.00195560,0.14238412,-0.00727961,-0.01267539,0.00723591,0.03450116,0.08091618,0.02146700,-0.00359363,0.01990644,0.06289718,0.13503293
2025-10-31,0.04475604,-0.04261761,0.03973099,0.00074725,0.01855919,0.03714292,-0.01827396,-0.00772387,0.05415701,0.15782718,0.06199477,-0.03228835,0.01517166,0.10850784,0.04323876,-0.07996738,-0.00909167,-0.00713687,0.04345386,0.02540810,0.00669692,-0.01823453,-0.00982384,0.03214827,0.04261697
2025-11-30,0.01200574,-0.01370971,0.02153984,0.07798397,0.03384845,0.02899426,0.03493837,0.03438876,-0.03062681,-0.01278290,-0.01624861,0.03962770,0.01257679,0.09400615,-0.08200215,-0.04013848,0.03767458,-0.01697686,-0.07463928,-0.09232968,0.00518882,0.05644559,0.00662201,0.03589434,-0.09155277
2025-12-31,0.01529969,0.00599404,-0.00231185,0.00578662,0.01992704,0.02367811,0.02118420,0.00035285,-0.00175454,-0.00188512,0.01725245,0.01951065,0.00151726,0.03829464,0.00721494,0.09123879,0.01061637,0.00215349,0.02318140,-0.01407983,0.03924539,-0.00740719,0.00703530,-0.03824810,0.05556253
